[2025-07-08T09:05:49.005+0000] {processor.py:161} INFO - Started process (PID=170) to work on /home/airflow/.local/lib/python3.8/site-packages/airflow/example_dags/example_task_group.py
[2025-07-08T09:05:49.007+0000] {processor.py:830} INFO - Processing file /home/airflow/.local/lib/python3.8/site-packages/airflow/example_dags/example_task_group.py for tasks to queue
[2025-07-08T09:05:49.022+0000] {logging_mixin.py:188} INFO - [2025-07-08T09:05:49.021+0000] {dagbag.py:538} INFO - Filling up the DagBag from /home/airflow/.local/lib/python3.8/site-packages/airflow/example_dags/example_task_group.py
[2025-07-08T09:05:49.040+0000] {processor.py:840} INFO - DAG(s) 'example_task_group' retrieved from /home/airflow/.local/lib/python3.8/site-packages/airflow/example_dags/example_task_group.py
[2025-07-08T09:05:49.459+0000] {logging_mixin.py:188} INFO - [2025-07-08T09:05:49.458+0000] {dag.py:3036} INFO - Sync 1 DAGs
[2025-07-08T09:05:49.550+0000] {logging_mixin.py:188} INFO - [2025-07-08T09:05:49.549+0000] {dag.py:3823} INFO - Setting next_dagrun for example_task_group to 2025-07-07 00:00:00+00:00, run_after=2025-07-08 00:00:00+00:00
[2025-07-08T09:05:49.618+0000] {processor.py:183} INFO - Processing /home/airflow/.local/lib/python3.8/site-packages/airflow/example_dags/example_task_group.py took 0.638 seconds
[2025-07-08T09:06:19.743+0000] {processor.py:161} INFO - Started process (PID=235) to work on /home/airflow/.local/lib/python3.8/site-packages/airflow/example_dags/example_task_group.py
[2025-07-08T09:06:19.745+0000] {processor.py:830} INFO - Processing file /home/airflow/.local/lib/python3.8/site-packages/airflow/example_dags/example_task_group.py for tasks to queue
[2025-07-08T09:06:19.749+0000] {logging_mixin.py:188} INFO - [2025-07-08T09:06:19.749+0000] {dagbag.py:538} INFO - Filling up the DagBag from /home/airflow/.local/lib/python3.8/site-packages/airflow/example_dags/example_task_group.py
[2025-07-08T09:06:19.764+0000] {processor.py:840} INFO - DAG(s) 'example_task_group' retrieved from /home/airflow/.local/lib/python3.8/site-packages/airflow/example_dags/example_task_group.py
[2025-07-08T09:06:19.805+0000] {logging_mixin.py:188} INFO - [2025-07-08T09:06:19.805+0000] {dag.py:3036} INFO - Sync 1 DAGs
[2025-07-08T09:06:19.862+0000] {logging_mixin.py:188} INFO - [2025-07-08T09:06:19.862+0000] {dag.py:3823} INFO - Setting next_dagrun for example_task_group to 2025-07-07 00:00:00+00:00, run_after=2025-07-08 00:00:00+00:00
[2025-07-08T09:06:19.905+0000] {processor.py:183} INFO - Processing /home/airflow/.local/lib/python3.8/site-packages/airflow/example_dags/example_task_group.py took 0.175 seconds
[2025-07-08T09:06:50.266+0000] {processor.py:161} INFO - Started process (PID=291) to work on /home/airflow/.local/lib/python3.8/site-packages/airflow/example_dags/example_task_group.py
[2025-07-08T09:06:50.267+0000] {processor.py:830} INFO - Processing file /home/airflow/.local/lib/python3.8/site-packages/airflow/example_dags/example_task_group.py for tasks to queue
[2025-07-08T09:06:50.270+0000] {logging_mixin.py:188} INFO - [2025-07-08T09:06:50.270+0000] {dagbag.py:538} INFO - Filling up the DagBag from /home/airflow/.local/lib/python3.8/site-packages/airflow/example_dags/example_task_group.py
[2025-07-08T09:06:50.282+0000] {processor.py:840} INFO - DAG(s) 'example_task_group' retrieved from /home/airflow/.local/lib/python3.8/site-packages/airflow/example_dags/example_task_group.py
[2025-07-08T09:06:50.327+0000] {logging_mixin.py:188} INFO - [2025-07-08T09:06:50.326+0000] {dag.py:3036} INFO - Sync 1 DAGs
[2025-07-08T09:06:50.370+0000] {logging_mixin.py:188} INFO - [2025-07-08T09:06:50.370+0000] {dag.py:3823} INFO - Setting next_dagrun for example_task_group to 2025-07-07 00:00:00+00:00, run_after=2025-07-08 00:00:00+00:00
[2025-07-08T09:06:50.406+0000] {processor.py:183} INFO - Processing /home/airflow/.local/lib/python3.8/site-packages/airflow/example_dags/example_task_group.py took 0.146 seconds
[2025-07-08T09:07:21.080+0000] {processor.py:161} INFO - Started process (PID=354) to work on /home/airflow/.local/lib/python3.8/site-packages/airflow/example_dags/example_task_group.py
[2025-07-08T09:07:21.084+0000] {processor.py:830} INFO - Processing file /home/airflow/.local/lib/python3.8/site-packages/airflow/example_dags/example_task_group.py for tasks to queue
[2025-07-08T09:07:21.087+0000] {logging_mixin.py:188} INFO - [2025-07-08T09:07:21.086+0000] {dagbag.py:538} INFO - Filling up the DagBag from /home/airflow/.local/lib/python3.8/site-packages/airflow/example_dags/example_task_group.py
[2025-07-08T09:07:21.104+0000] {processor.py:840} INFO - DAG(s) 'example_task_group' retrieved from /home/airflow/.local/lib/python3.8/site-packages/airflow/example_dags/example_task_group.py
[2025-07-08T09:07:21.141+0000] {logging_mixin.py:188} INFO - [2025-07-08T09:07:21.140+0000] {dag.py:3036} INFO - Sync 1 DAGs
[2025-07-08T09:07:21.179+0000] {logging_mixin.py:188} INFO - [2025-07-08T09:07:21.179+0000] {dag.py:3823} INFO - Setting next_dagrun for example_task_group to 2025-07-07 00:00:00+00:00, run_after=2025-07-08 00:00:00+00:00
[2025-07-08T09:07:21.208+0000] {processor.py:183} INFO - Processing /home/airflow/.local/lib/python3.8/site-packages/airflow/example_dags/example_task_group.py took 0.134 seconds
[2025-07-08T09:07:51.751+0000] {processor.py:161} INFO - Started process (PID=420) to work on /home/airflow/.local/lib/python3.8/site-packages/airflow/example_dags/example_task_group.py
[2025-07-08T09:07:51.753+0000] {processor.py:830} INFO - Processing file /home/airflow/.local/lib/python3.8/site-packages/airflow/example_dags/example_task_group.py for tasks to queue
[2025-07-08T09:07:51.757+0000] {logging_mixin.py:188} INFO - [2025-07-08T09:07:51.756+0000] {dagbag.py:538} INFO - Filling up the DagBag from /home/airflow/.local/lib/python3.8/site-packages/airflow/example_dags/example_task_group.py
[2025-07-08T09:07:51.779+0000] {processor.py:840} INFO - DAG(s) 'example_task_group' retrieved from /home/airflow/.local/lib/python3.8/site-packages/airflow/example_dags/example_task_group.py
[2025-07-08T09:07:51.832+0000] {logging_mixin.py:188} INFO - [2025-07-08T09:07:51.831+0000] {dag.py:3036} INFO - Sync 1 DAGs
[2025-07-08T09:07:51.867+0000] {logging_mixin.py:188} INFO - [2025-07-08T09:07:51.866+0000] {dag.py:3823} INFO - Setting next_dagrun for example_task_group to 2025-07-07 00:00:00+00:00, run_after=2025-07-08 00:00:00+00:00
[2025-07-08T09:07:51.894+0000] {processor.py:183} INFO - Processing /home/airflow/.local/lib/python3.8/site-packages/airflow/example_dags/example_task_group.py took 0.150 seconds
[2025-07-08T09:08:22.941+0000] {processor.py:161} INFO - Started process (PID=485) to work on /home/airflow/.local/lib/python3.8/site-packages/airflow/example_dags/example_task_group.py
[2025-07-08T09:08:22.943+0000] {processor.py:830} INFO - Processing file /home/airflow/.local/lib/python3.8/site-packages/airflow/example_dags/example_task_group.py for tasks to queue
[2025-07-08T09:08:22.946+0000] {logging_mixin.py:188} INFO - [2025-07-08T09:08:22.945+0000] {dagbag.py:538} INFO - Filling up the DagBag from /home/airflow/.local/lib/python3.8/site-packages/airflow/example_dags/example_task_group.py
[2025-07-08T09:08:22.958+0000] {processor.py:840} INFO - DAG(s) 'example_task_group' retrieved from /home/airflow/.local/lib/python3.8/site-packages/airflow/example_dags/example_task_group.py
[2025-07-08T09:08:22.995+0000] {logging_mixin.py:188} INFO - [2025-07-08T09:08:22.994+0000] {dag.py:3036} INFO - Sync 1 DAGs
[2025-07-08T09:08:23.032+0000] {logging_mixin.py:188} INFO - [2025-07-08T09:08:23.032+0000] {dag.py:3823} INFO - Setting next_dagrun for example_task_group to 2025-07-07 00:00:00+00:00, run_after=2025-07-08 00:00:00+00:00
[2025-07-08T09:08:23.062+0000] {processor.py:183} INFO - Processing /home/airflow/.local/lib/python3.8/site-packages/airflow/example_dags/example_task_group.py took 0.127 seconds
[2025-07-08T09:08:54.683+0000] {processor.py:161} INFO - Started process (PID=550) to work on /home/airflow/.local/lib/python3.8/site-packages/airflow/example_dags/example_task_group.py
[2025-07-08T09:08:54.697+0000] {processor.py:830} INFO - Processing file /home/airflow/.local/lib/python3.8/site-packages/airflow/example_dags/example_task_group.py for tasks to queue
[2025-07-08T09:08:54.718+0000] {logging_mixin.py:188} INFO - [2025-07-08T09:08:54.701+0000] {dagbag.py:538} INFO - Filling up the DagBag from /home/airflow/.local/lib/python3.8/site-packages/airflow/example_dags/example_task_group.py
[2025-07-08T09:08:54.752+0000] {processor.py:840} INFO - DAG(s) 'example_task_group' retrieved from /home/airflow/.local/lib/python3.8/site-packages/airflow/example_dags/example_task_group.py
[2025-07-08T09:08:54.916+0000] {logging_mixin.py:188} INFO - [2025-07-08T09:08:54.915+0000] {dag.py:3036} INFO - Sync 1 DAGs
[2025-07-08T09:08:55.010+0000] {logging_mixin.py:188} INFO - [2025-07-08T09:08:55.010+0000] {dag.py:3823} INFO - Setting next_dagrun for example_task_group to 2025-07-07 00:00:00+00:00, run_after=2025-07-08 00:00:00+00:00
[2025-07-08T09:08:55.075+0000] {processor.py:183} INFO - Processing /home/airflow/.local/lib/python3.8/site-packages/airflow/example_dags/example_task_group.py took 0.428 seconds
[2025-07-08T09:09:25.967+0000] {processor.py:161} INFO - Started process (PID=613) to work on /home/airflow/.local/lib/python3.8/site-packages/airflow/example_dags/example_task_group.py
[2025-07-08T09:09:25.989+0000] {processor.py:830} INFO - Processing file /home/airflow/.local/lib/python3.8/site-packages/airflow/example_dags/example_task_group.py for tasks to queue
[2025-07-08T09:09:25.996+0000] {logging_mixin.py:188} INFO - [2025-07-08T09:09:25.991+0000] {dagbag.py:538} INFO - Filling up the DagBag from /home/airflow/.local/lib/python3.8/site-packages/airflow/example_dags/example_task_group.py
[2025-07-08T09:09:26.059+0000] {processor.py:840} INFO - DAG(s) 'example_task_group' retrieved from /home/airflow/.local/lib/python3.8/site-packages/airflow/example_dags/example_task_group.py
[2025-07-08T09:09:26.141+0000] {logging_mixin.py:188} INFO - [2025-07-08T09:09:26.141+0000] {dag.py:3036} INFO - Sync 1 DAGs
[2025-07-08T09:09:26.255+0000] {logging_mixin.py:188} INFO - [2025-07-08T09:09:26.255+0000] {dag.py:3823} INFO - Setting next_dagrun for example_task_group to 2025-07-07 00:00:00+00:00, run_after=2025-07-08 00:00:00+00:00
[2025-07-08T09:09:26.344+0000] {processor.py:183} INFO - Processing /home/airflow/.local/lib/python3.8/site-packages/airflow/example_dags/example_task_group.py took 0.387 seconds
[2025-07-08T09:09:56.634+0000] {processor.py:161} INFO - Started process (PID=671) to work on /home/airflow/.local/lib/python3.8/site-packages/airflow/example_dags/example_task_group.py
[2025-07-08T09:09:56.635+0000] {processor.py:830} INFO - Processing file /home/airflow/.local/lib/python3.8/site-packages/airflow/example_dags/example_task_group.py for tasks to queue
[2025-07-08T09:09:56.638+0000] {logging_mixin.py:188} INFO - [2025-07-08T09:09:56.638+0000] {dagbag.py:538} INFO - Filling up the DagBag from /home/airflow/.local/lib/python3.8/site-packages/airflow/example_dags/example_task_group.py
[2025-07-08T09:09:56.653+0000] {processor.py:840} INFO - DAG(s) 'example_task_group' retrieved from /home/airflow/.local/lib/python3.8/site-packages/airflow/example_dags/example_task_group.py
[2025-07-08T09:09:56.695+0000] {logging_mixin.py:188} INFO - [2025-07-08T09:09:56.694+0000] {dag.py:3036} INFO - Sync 1 DAGs
[2025-07-08T09:09:56.741+0000] {logging_mixin.py:188} INFO - [2025-07-08T09:09:56.741+0000] {dag.py:3823} INFO - Setting next_dagrun for example_task_group to 2025-07-07 00:00:00+00:00, run_after=2025-07-08 00:00:00+00:00
[2025-07-08T09:09:56.783+0000] {processor.py:183} INFO - Processing /home/airflow/.local/lib/python3.8/site-packages/airflow/example_dags/example_task_group.py took 0.156 seconds
[2025-07-08T09:10:27.240+0000] {processor.py:161} INFO - Started process (PID=735) to work on /home/airflow/.local/lib/python3.8/site-packages/airflow/example_dags/example_task_group.py
[2025-07-08T09:10:27.242+0000] {processor.py:830} INFO - Processing file /home/airflow/.local/lib/python3.8/site-packages/airflow/example_dags/example_task_group.py for tasks to queue
[2025-07-08T09:10:27.245+0000] {logging_mixin.py:188} INFO - [2025-07-08T09:10:27.244+0000] {dagbag.py:538} INFO - Filling up the DagBag from /home/airflow/.local/lib/python3.8/site-packages/airflow/example_dags/example_task_group.py
[2025-07-08T09:10:27.294+0000] {processor.py:840} INFO - DAG(s) 'example_task_group' retrieved from /home/airflow/.local/lib/python3.8/site-packages/airflow/example_dags/example_task_group.py
[2025-07-08T09:10:27.378+0000] {logging_mixin.py:188} INFO - [2025-07-08T09:10:27.378+0000] {dag.py:3036} INFO - Sync 1 DAGs
[2025-07-08T09:10:27.421+0000] {logging_mixin.py:188} INFO - [2025-07-08T09:10:27.420+0000] {dag.py:3823} INFO - Setting next_dagrun for example_task_group to 2025-07-07 00:00:00+00:00, run_after=2025-07-08 00:00:00+00:00
[2025-07-08T09:10:27.473+0000] {processor.py:183} INFO - Processing /home/airflow/.local/lib/python3.8/site-packages/airflow/example_dags/example_task_group.py took 0.261 seconds
[2025-07-08T09:10:57.738+0000] {processor.py:161} INFO - Started process (PID=800) to work on /home/airflow/.local/lib/python3.8/site-packages/airflow/example_dags/example_task_group.py
[2025-07-08T09:10:57.756+0000] {processor.py:830} INFO - Processing file /home/airflow/.local/lib/python3.8/site-packages/airflow/example_dags/example_task_group.py for tasks to queue
[2025-07-08T09:10:57.760+0000] {logging_mixin.py:188} INFO - [2025-07-08T09:10:57.760+0000] {dagbag.py:538} INFO - Filling up the DagBag from /home/airflow/.local/lib/python3.8/site-packages/airflow/example_dags/example_task_group.py
[2025-07-08T09:10:57.852+0000] {processor.py:840} INFO - DAG(s) 'example_task_group' retrieved from /home/airflow/.local/lib/python3.8/site-packages/airflow/example_dags/example_task_group.py
[2025-07-08T09:10:58.015+0000] {logging_mixin.py:188} INFO - [2025-07-08T09:10:58.015+0000] {dag.py:3036} INFO - Sync 1 DAGs
[2025-07-08T09:10:58.150+0000] {logging_mixin.py:188} INFO - [2025-07-08T09:10:58.149+0000] {dag.py:3823} INFO - Setting next_dagrun for example_task_group to 2025-07-07 00:00:00+00:00, run_after=2025-07-08 00:00:00+00:00
[2025-07-08T09:10:58.227+0000] {processor.py:183} INFO - Processing /home/airflow/.local/lib/python3.8/site-packages/airflow/example_dags/example_task_group.py took 0.495 seconds
[2025-07-08T09:11:28.778+0000] {processor.py:161} INFO - Started process (PID=867) to work on /home/airflow/.local/lib/python3.8/site-packages/airflow/example_dags/example_task_group.py
[2025-07-08T09:11:28.796+0000] {processor.py:830} INFO - Processing file /home/airflow/.local/lib/python3.8/site-packages/airflow/example_dags/example_task_group.py for tasks to queue
[2025-07-08T09:11:28.800+0000] {logging_mixin.py:188} INFO - [2025-07-08T09:11:28.799+0000] {dagbag.py:538} INFO - Filling up the DagBag from /home/airflow/.local/lib/python3.8/site-packages/airflow/example_dags/example_task_group.py
[2025-07-08T09:11:28.830+0000] {processor.py:840} INFO - DAG(s) 'example_task_group' retrieved from /home/airflow/.local/lib/python3.8/site-packages/airflow/example_dags/example_task_group.py
[2025-07-08T09:11:28.925+0000] {logging_mixin.py:188} INFO - [2025-07-08T09:11:28.925+0000] {dag.py:3036} INFO - Sync 1 DAGs
[2025-07-08T09:11:29.057+0000] {logging_mixin.py:188} INFO - [2025-07-08T09:11:29.056+0000] {dag.py:3823} INFO - Setting next_dagrun for example_task_group to 2025-07-07 00:00:00+00:00, run_after=2025-07-08 00:00:00+00:00
[2025-07-08T09:11:29.162+0000] {processor.py:183} INFO - Processing /home/airflow/.local/lib/python3.8/site-packages/airflow/example_dags/example_task_group.py took 0.391 seconds
[2025-07-08T09:12:00.059+0000] {processor.py:161} INFO - Started process (PID=933) to work on /home/airflow/.local/lib/python3.8/site-packages/airflow/example_dags/example_task_group.py
[2025-07-08T09:12:00.072+0000] {processor.py:830} INFO - Processing file /home/airflow/.local/lib/python3.8/site-packages/airflow/example_dags/example_task_group.py for tasks to queue
[2025-07-08T09:12:00.080+0000] {logging_mixin.py:188} INFO - [2025-07-08T09:12:00.075+0000] {dagbag.py:538} INFO - Filling up the DagBag from /home/airflow/.local/lib/python3.8/site-packages/airflow/example_dags/example_task_group.py
[2025-07-08T09:12:00.108+0000] {processor.py:840} INFO - DAG(s) 'example_task_group' retrieved from /home/airflow/.local/lib/python3.8/site-packages/airflow/example_dags/example_task_group.py
[2025-07-08T09:12:00.207+0000] {logging_mixin.py:188} INFO - [2025-07-08T09:12:00.207+0000] {dag.py:3036} INFO - Sync 1 DAGs
[2025-07-08T09:12:00.259+0000] {logging_mixin.py:188} INFO - [2025-07-08T09:12:00.258+0000] {dag.py:3823} INFO - Setting next_dagrun for example_task_group to 2025-07-07 00:00:00+00:00, run_after=2025-07-08 00:00:00+00:00
[2025-07-08T09:12:00.318+0000] {processor.py:183} INFO - Processing /home/airflow/.local/lib/python3.8/site-packages/airflow/example_dags/example_task_group.py took 0.265 seconds
[2025-07-08T09:12:30.849+0000] {processor.py:161} INFO - Started process (PID=1000) to work on /home/airflow/.local/lib/python3.8/site-packages/airflow/example_dags/example_task_group.py
[2025-07-08T09:12:30.850+0000] {processor.py:830} INFO - Processing file /home/airflow/.local/lib/python3.8/site-packages/airflow/example_dags/example_task_group.py for tasks to queue
[2025-07-08T09:12:30.853+0000] {logging_mixin.py:188} INFO - [2025-07-08T09:12:30.853+0000] {dagbag.py:538} INFO - Filling up the DagBag from /home/airflow/.local/lib/python3.8/site-packages/airflow/example_dags/example_task_group.py
[2025-07-08T09:12:30.868+0000] {processor.py:840} INFO - DAG(s) 'example_task_group' retrieved from /home/airflow/.local/lib/python3.8/site-packages/airflow/example_dags/example_task_group.py
[2025-07-08T09:12:30.922+0000] {logging_mixin.py:188} INFO - [2025-07-08T09:12:30.922+0000] {dag.py:3036} INFO - Sync 1 DAGs
[2025-07-08T09:12:30.967+0000] {logging_mixin.py:188} INFO - [2025-07-08T09:12:30.967+0000] {dag.py:3823} INFO - Setting next_dagrun for example_task_group to 2025-07-07 00:00:00+00:00, run_after=2025-07-08 00:00:00+00:00
[2025-07-08T09:12:31.013+0000] {processor.py:183} INFO - Processing /home/airflow/.local/lib/python3.8/site-packages/airflow/example_dags/example_task_group.py took 0.170 seconds
[2025-07-08T09:13:01.706+0000] {processor.py:161} INFO - Started process (PID=1068) to work on /home/airflow/.local/lib/python3.8/site-packages/airflow/example_dags/example_task_group.py
[2025-07-08T09:13:01.719+0000] {processor.py:830} INFO - Processing file /home/airflow/.local/lib/python3.8/site-packages/airflow/example_dags/example_task_group.py for tasks to queue
[2025-07-08T09:13:01.737+0000] {logging_mixin.py:188} INFO - [2025-07-08T09:13:01.737+0000] {dagbag.py:538} INFO - Filling up the DagBag from /home/airflow/.local/lib/python3.8/site-packages/airflow/example_dags/example_task_group.py
[2025-07-08T09:13:01.774+0000] {processor.py:840} INFO - DAG(s) 'example_task_group' retrieved from /home/airflow/.local/lib/python3.8/site-packages/airflow/example_dags/example_task_group.py
[2025-07-08T09:13:01.981+0000] {logging_mixin.py:188} INFO - [2025-07-08T09:13:01.980+0000] {dag.py:3036} INFO - Sync 1 DAGs
[2025-07-08T09:13:02.126+0000] {logging_mixin.py:188} INFO - [2025-07-08T09:13:02.126+0000] {dag.py:3823} INFO - Setting next_dagrun for example_task_group to 2025-07-07 00:00:00+00:00, run_after=2025-07-08 00:00:00+00:00
[2025-07-08T09:13:02.242+0000] {processor.py:183} INFO - Processing /home/airflow/.local/lib/python3.8/site-packages/airflow/example_dags/example_task_group.py took 0.570 seconds
[2025-07-08T09:13:33.243+0000] {processor.py:161} INFO - Started process (PID=1135) to work on /home/airflow/.local/lib/python3.8/site-packages/airflow/example_dags/example_task_group.py
[2025-07-08T09:13:33.244+0000] {processor.py:830} INFO - Processing file /home/airflow/.local/lib/python3.8/site-packages/airflow/example_dags/example_task_group.py for tasks to queue
[2025-07-08T09:13:33.257+0000] {logging_mixin.py:188} INFO - [2025-07-08T09:13:33.257+0000] {dagbag.py:538} INFO - Filling up the DagBag from /home/airflow/.local/lib/python3.8/site-packages/airflow/example_dags/example_task_group.py
[2025-07-08T09:13:33.308+0000] {processor.py:840} INFO - DAG(s) 'example_task_group' retrieved from /home/airflow/.local/lib/python3.8/site-packages/airflow/example_dags/example_task_group.py
[2025-07-08T09:13:33.496+0000] {logging_mixin.py:188} INFO - [2025-07-08T09:13:33.496+0000] {dag.py:3036} INFO - Sync 1 DAGs
[2025-07-08T09:13:33.649+0000] {logging_mixin.py:188} INFO - [2025-07-08T09:13:33.649+0000] {dag.py:3823} INFO - Setting next_dagrun for example_task_group to 2025-07-07 00:00:00+00:00, run_after=2025-07-08 00:00:00+00:00
[2025-07-08T09:13:33.777+0000] {processor.py:183} INFO - Processing /home/airflow/.local/lib/python3.8/site-packages/airflow/example_dags/example_task_group.py took 0.566 seconds
[2025-07-08T09:14:03.911+0000] {processor.py:161} INFO - Started process (PID=1192) to work on /home/airflow/.local/lib/python3.8/site-packages/airflow/example_dags/example_task_group.py
[2025-07-08T09:14:03.913+0000] {processor.py:830} INFO - Processing file /home/airflow/.local/lib/python3.8/site-packages/airflow/example_dags/example_task_group.py for tasks to queue
[2025-07-08T09:14:03.916+0000] {logging_mixin.py:188} INFO - [2025-07-08T09:14:03.916+0000] {dagbag.py:538} INFO - Filling up the DagBag from /home/airflow/.local/lib/python3.8/site-packages/airflow/example_dags/example_task_group.py
[2025-07-08T09:14:03.931+0000] {processor.py:840} INFO - DAG(s) 'example_task_group' retrieved from /home/airflow/.local/lib/python3.8/site-packages/airflow/example_dags/example_task_group.py
[2025-07-08T09:14:03.971+0000] {logging_mixin.py:188} INFO - [2025-07-08T09:14:03.970+0000] {dag.py:3036} INFO - Sync 1 DAGs
[2025-07-08T09:14:04.008+0000] {logging_mixin.py:188} INFO - [2025-07-08T09:14:04.008+0000] {dag.py:3823} INFO - Setting next_dagrun for example_task_group to 2025-07-07 00:00:00+00:00, run_after=2025-07-08 00:00:00+00:00
[2025-07-08T09:14:04.059+0000] {processor.py:183} INFO - Processing /home/airflow/.local/lib/python3.8/site-packages/airflow/example_dags/example_task_group.py took 0.154 seconds
[2025-07-08T09:14:34.465+0000] {processor.py:161} INFO - Started process (PID=1259) to work on /home/airflow/.local/lib/python3.8/site-packages/airflow/example_dags/example_task_group.py
[2025-07-08T09:14:34.467+0000] {processor.py:830} INFO - Processing file /home/airflow/.local/lib/python3.8/site-packages/airflow/example_dags/example_task_group.py for tasks to queue
[2025-07-08T09:14:34.472+0000] {logging_mixin.py:188} INFO - [2025-07-08T09:14:34.471+0000] {dagbag.py:538} INFO - Filling up the DagBag from /home/airflow/.local/lib/python3.8/site-packages/airflow/example_dags/example_task_group.py
[2025-07-08T09:14:34.491+0000] {processor.py:840} INFO - DAG(s) 'example_task_group' retrieved from /home/airflow/.local/lib/python3.8/site-packages/airflow/example_dags/example_task_group.py
[2025-07-08T09:14:34.553+0000] {logging_mixin.py:188} INFO - [2025-07-08T09:14:34.550+0000] {dag.py:3036} INFO - Sync 1 DAGs
[2025-07-08T09:14:34.622+0000] {logging_mixin.py:188} INFO - [2025-07-08T09:14:34.621+0000] {dag.py:3823} INFO - Setting next_dagrun for example_task_group to 2025-07-07 00:00:00+00:00, run_after=2025-07-08 00:00:00+00:00
[2025-07-08T09:14:34.668+0000] {processor.py:183} INFO - Processing /home/airflow/.local/lib/python3.8/site-packages/airflow/example_dags/example_task_group.py took 0.210 seconds
[2025-07-08T09:15:05.085+0000] {processor.py:161} INFO - Started process (PID=1324) to work on /home/airflow/.local/lib/python3.8/site-packages/airflow/example_dags/example_task_group.py
[2025-07-08T09:15:05.087+0000] {processor.py:830} INFO - Processing file /home/airflow/.local/lib/python3.8/site-packages/airflow/example_dags/example_task_group.py for tasks to queue
[2025-07-08T09:15:05.091+0000] {logging_mixin.py:188} INFO - [2025-07-08T09:15:05.090+0000] {dagbag.py:538} INFO - Filling up the DagBag from /home/airflow/.local/lib/python3.8/site-packages/airflow/example_dags/example_task_group.py
[2025-07-08T09:15:05.108+0000] {processor.py:840} INFO - DAG(s) 'example_task_group' retrieved from /home/airflow/.local/lib/python3.8/site-packages/airflow/example_dags/example_task_group.py
[2025-07-08T09:15:05.155+0000] {logging_mixin.py:188} INFO - [2025-07-08T09:15:05.154+0000] {dag.py:3036} INFO - Sync 1 DAGs
[2025-07-08T09:15:05.207+0000] {logging_mixin.py:188} INFO - [2025-07-08T09:15:05.207+0000] {dag.py:3823} INFO - Setting next_dagrun for example_task_group to 2025-07-07 00:00:00+00:00, run_after=2025-07-08 00:00:00+00:00
[2025-07-08T09:15:05.246+0000] {processor.py:183} INFO - Processing /home/airflow/.local/lib/python3.8/site-packages/airflow/example_dags/example_task_group.py took 0.176 seconds
[2025-07-08T09:15:35.573+0000] {processor.py:161} INFO - Started process (PID=1392) to work on /home/airflow/.local/lib/python3.8/site-packages/airflow/example_dags/example_task_group.py
[2025-07-08T09:15:35.575+0000] {processor.py:830} INFO - Processing file /home/airflow/.local/lib/python3.8/site-packages/airflow/example_dags/example_task_group.py for tasks to queue
[2025-07-08T09:15:35.578+0000] {logging_mixin.py:188} INFO - [2025-07-08T09:15:35.577+0000] {dagbag.py:538} INFO - Filling up the DagBag from /home/airflow/.local/lib/python3.8/site-packages/airflow/example_dags/example_task_group.py
[2025-07-08T09:15:35.593+0000] {processor.py:840} INFO - DAG(s) 'example_task_group' retrieved from /home/airflow/.local/lib/python3.8/site-packages/airflow/example_dags/example_task_group.py
[2025-07-08T09:15:35.685+0000] {logging_mixin.py:188} INFO - [2025-07-08T09:15:35.685+0000] {dag.py:3036} INFO - Sync 1 DAGs
[2025-07-08T09:15:35.802+0000] {logging_mixin.py:188} INFO - [2025-07-08T09:15:35.802+0000] {dag.py:3823} INFO - Setting next_dagrun for example_task_group to 2025-07-07 00:00:00+00:00, run_after=2025-07-08 00:00:00+00:00
[2025-07-08T09:15:35.894+0000] {processor.py:183} INFO - Processing /home/airflow/.local/lib/python3.8/site-packages/airflow/example_dags/example_task_group.py took 0.327 seconds
[2025-07-08T09:16:06.138+0000] {processor.py:161} INFO - Started process (PID=1458) to work on /home/airflow/.local/lib/python3.8/site-packages/airflow/example_dags/example_task_group.py
[2025-07-08T09:16:06.140+0000] {processor.py:830} INFO - Processing file /home/airflow/.local/lib/python3.8/site-packages/airflow/example_dags/example_task_group.py for tasks to queue
[2025-07-08T09:16:06.143+0000] {logging_mixin.py:188} INFO - [2025-07-08T09:16:06.142+0000] {dagbag.py:538} INFO - Filling up the DagBag from /home/airflow/.local/lib/python3.8/site-packages/airflow/example_dags/example_task_group.py
[2025-07-08T09:16:06.156+0000] {processor.py:840} INFO - DAG(s) 'example_task_group' retrieved from /home/airflow/.local/lib/python3.8/site-packages/airflow/example_dags/example_task_group.py
[2025-07-08T09:16:06.197+0000] {logging_mixin.py:188} INFO - [2025-07-08T09:16:06.196+0000] {dag.py:3036} INFO - Sync 1 DAGs
[2025-07-08T09:16:06.246+0000] {logging_mixin.py:188} INFO - [2025-07-08T09:16:06.246+0000] {dag.py:3823} INFO - Setting next_dagrun for example_task_group to 2025-07-07 00:00:00+00:00, run_after=2025-07-08 00:00:00+00:00
[2025-07-08T09:16:06.297+0000] {processor.py:183} INFO - Processing /home/airflow/.local/lib/python3.8/site-packages/airflow/example_dags/example_task_group.py took 0.166 seconds
[2025-07-08T09:16:36.434+0000] {processor.py:161} INFO - Started process (PID=1523) to work on /home/airflow/.local/lib/python3.8/site-packages/airflow/example_dags/example_task_group.py
[2025-07-08T09:16:36.435+0000] {processor.py:830} INFO - Processing file /home/airflow/.local/lib/python3.8/site-packages/airflow/example_dags/example_task_group.py for tasks to queue
[2025-07-08T09:16:36.438+0000] {logging_mixin.py:188} INFO - [2025-07-08T09:16:36.438+0000] {dagbag.py:538} INFO - Filling up the DagBag from /home/airflow/.local/lib/python3.8/site-packages/airflow/example_dags/example_task_group.py
[2025-07-08T09:16:36.459+0000] {processor.py:840} INFO - DAG(s) 'example_task_group' retrieved from /home/airflow/.local/lib/python3.8/site-packages/airflow/example_dags/example_task_group.py
[2025-07-08T09:16:36.562+0000] {logging_mixin.py:188} INFO - [2025-07-08T09:16:36.561+0000] {dag.py:3036} INFO - Sync 1 DAGs
[2025-07-08T09:16:36.639+0000] {logging_mixin.py:188} INFO - [2025-07-08T09:16:36.639+0000] {dag.py:3823} INFO - Setting next_dagrun for example_task_group to 2025-07-07 00:00:00+00:00, run_after=2025-07-08 00:00:00+00:00
[2025-07-08T09:16:36.707+0000] {processor.py:183} INFO - Processing /home/airflow/.local/lib/python3.8/site-packages/airflow/example_dags/example_task_group.py took 0.286 seconds
[2025-07-08T09:17:07.199+0000] {processor.py:161} INFO - Started process (PID=1590) to work on /home/airflow/.local/lib/python3.8/site-packages/airflow/example_dags/example_task_group.py
[2025-07-08T09:17:07.203+0000] {processor.py:830} INFO - Processing file /home/airflow/.local/lib/python3.8/site-packages/airflow/example_dags/example_task_group.py for tasks to queue
[2025-07-08T09:17:07.207+0000] {logging_mixin.py:188} INFO - [2025-07-08T09:17:07.207+0000] {dagbag.py:538} INFO - Filling up the DagBag from /home/airflow/.local/lib/python3.8/site-packages/airflow/example_dags/example_task_group.py
[2025-07-08T09:17:07.249+0000] {processor.py:840} INFO - DAG(s) 'example_task_group' retrieved from /home/airflow/.local/lib/python3.8/site-packages/airflow/example_dags/example_task_group.py
[2025-07-08T09:17:07.361+0000] {logging_mixin.py:188} INFO - [2025-07-08T09:17:07.360+0000] {dag.py:3036} INFO - Sync 1 DAGs
[2025-07-08T09:17:07.436+0000] {logging_mixin.py:188} INFO - [2025-07-08T09:17:07.435+0000] {dag.py:3823} INFO - Setting next_dagrun for example_task_group to 2025-07-07 00:00:00+00:00, run_after=2025-07-08 00:00:00+00:00
[2025-07-08T09:17:07.494+0000] {processor.py:183} INFO - Processing /home/airflow/.local/lib/python3.8/site-packages/airflow/example_dags/example_task_group.py took 0.306 seconds
[2025-07-08T09:17:38.404+0000] {processor.py:161} INFO - Started process (PID=1649) to work on /home/airflow/.local/lib/python3.8/site-packages/airflow/example_dags/example_task_group.py
[2025-07-08T09:17:38.405+0000] {processor.py:830} INFO - Processing file /home/airflow/.local/lib/python3.8/site-packages/airflow/example_dags/example_task_group.py for tasks to queue
[2025-07-08T09:17:38.409+0000] {logging_mixin.py:188} INFO - [2025-07-08T09:17:38.408+0000] {dagbag.py:538} INFO - Filling up the DagBag from /home/airflow/.local/lib/python3.8/site-packages/airflow/example_dags/example_task_group.py
[2025-07-08T09:17:38.424+0000] {processor.py:840} INFO - DAG(s) 'example_task_group' retrieved from /home/airflow/.local/lib/python3.8/site-packages/airflow/example_dags/example_task_group.py
[2025-07-08T09:17:38.469+0000] {logging_mixin.py:188} INFO - [2025-07-08T09:17:38.469+0000] {dag.py:3036} INFO - Sync 1 DAGs
[2025-07-08T09:17:38.526+0000] {logging_mixin.py:188} INFO - [2025-07-08T09:17:38.525+0000] {dag.py:3823} INFO - Setting next_dagrun for example_task_group to 2025-07-07 00:00:00+00:00, run_after=2025-07-08 00:00:00+00:00
[2025-07-08T09:17:38.562+0000] {processor.py:183} INFO - Processing /home/airflow/.local/lib/python3.8/site-packages/airflow/example_dags/example_task_group.py took 0.165 seconds
[2025-07-08T09:18:09.047+0000] {processor.py:161} INFO - Started process (PID=1714) to work on /home/airflow/.local/lib/python3.8/site-packages/airflow/example_dags/example_task_group.py
[2025-07-08T09:18:09.049+0000] {processor.py:830} INFO - Processing file /home/airflow/.local/lib/python3.8/site-packages/airflow/example_dags/example_task_group.py for tasks to queue
[2025-07-08T09:18:09.052+0000] {logging_mixin.py:188} INFO - [2025-07-08T09:18:09.052+0000] {dagbag.py:538} INFO - Filling up the DagBag from /home/airflow/.local/lib/python3.8/site-packages/airflow/example_dags/example_task_group.py
[2025-07-08T09:18:09.066+0000] {processor.py:840} INFO - DAG(s) 'example_task_group' retrieved from /home/airflow/.local/lib/python3.8/site-packages/airflow/example_dags/example_task_group.py
[2025-07-08T09:18:09.108+0000] {logging_mixin.py:188} INFO - [2025-07-08T09:18:09.107+0000] {dag.py:3036} INFO - Sync 1 DAGs
[2025-07-08T09:18:09.160+0000] {logging_mixin.py:188} INFO - [2025-07-08T09:18:09.160+0000] {dag.py:3823} INFO - Setting next_dagrun for example_task_group to 2025-07-07 00:00:00+00:00, run_after=2025-07-08 00:00:00+00:00
[2025-07-08T09:18:09.195+0000] {processor.py:183} INFO - Processing /home/airflow/.local/lib/python3.8/site-packages/airflow/example_dags/example_task_group.py took 0.154 seconds
[2025-07-08T09:18:40.658+0000] {processor.py:161} INFO - Started process (PID=1779) to work on /home/airflow/.local/lib/python3.8/site-packages/airflow/example_dags/example_task_group.py
[2025-07-08T09:18:40.659+0000] {processor.py:830} INFO - Processing file /home/airflow/.local/lib/python3.8/site-packages/airflow/example_dags/example_task_group.py for tasks to queue
[2025-07-08T09:18:40.675+0000] {logging_mixin.py:188} INFO - [2025-07-08T09:18:40.674+0000] {dagbag.py:538} INFO - Filling up the DagBag from /home/airflow/.local/lib/python3.8/site-packages/airflow/example_dags/example_task_group.py
[2025-07-08T09:18:40.698+0000] {processor.py:840} INFO - DAG(s) 'example_task_group' retrieved from /home/airflow/.local/lib/python3.8/site-packages/airflow/example_dags/example_task_group.py
[2025-07-08T09:18:40.756+0000] {logging_mixin.py:188} INFO - [2025-07-08T09:18:40.756+0000] {dag.py:3036} INFO - Sync 1 DAGs
[2025-07-08T09:18:40.830+0000] {logging_mixin.py:188} INFO - [2025-07-08T09:18:40.830+0000] {dag.py:3823} INFO - Setting next_dagrun for example_task_group to 2025-07-07 00:00:00+00:00, run_after=2025-07-08 00:00:00+00:00
[2025-07-08T09:18:40.895+0000] {processor.py:183} INFO - Processing /home/airflow/.local/lib/python3.8/site-packages/airflow/example_dags/example_task_group.py took 0.257 seconds
[2025-07-08T09:19:11.596+0000] {processor.py:161} INFO - Started process (PID=1844) to work on /home/airflow/.local/lib/python3.8/site-packages/airflow/example_dags/example_task_group.py
[2025-07-08T09:19:11.598+0000] {processor.py:830} INFO - Processing file /home/airflow/.local/lib/python3.8/site-packages/airflow/example_dags/example_task_group.py for tasks to queue
[2025-07-08T09:19:11.601+0000] {logging_mixin.py:188} INFO - [2025-07-08T09:19:11.600+0000] {dagbag.py:538} INFO - Filling up the DagBag from /home/airflow/.local/lib/python3.8/site-packages/airflow/example_dags/example_task_group.py
[2025-07-08T09:19:11.629+0000] {processor.py:840} INFO - DAG(s) 'example_task_group' retrieved from /home/airflow/.local/lib/python3.8/site-packages/airflow/example_dags/example_task_group.py
[2025-07-08T09:19:11.700+0000] {logging_mixin.py:188} INFO - [2025-07-08T09:19:11.699+0000] {dag.py:3036} INFO - Sync 1 DAGs
[2025-07-08T09:19:11.786+0000] {logging_mixin.py:188} INFO - [2025-07-08T09:19:11.785+0000] {dag.py:3823} INFO - Setting next_dagrun for example_task_group to 2025-07-07 00:00:00+00:00, run_after=2025-07-08 00:00:00+00:00
[2025-07-08T09:19:11.848+0000] {processor.py:183} INFO - Processing /home/airflow/.local/lib/python3.8/site-packages/airflow/example_dags/example_task_group.py took 0.258 seconds
[2025-07-08T09:19:41.964+0000] {processor.py:161} INFO - Started process (PID=1908) to work on /home/airflow/.local/lib/python3.8/site-packages/airflow/example_dags/example_task_group.py
[2025-07-08T09:19:41.966+0000] {processor.py:830} INFO - Processing file /home/airflow/.local/lib/python3.8/site-packages/airflow/example_dags/example_task_group.py for tasks to queue
[2025-07-08T09:19:41.968+0000] {logging_mixin.py:188} INFO - [2025-07-08T09:19:41.968+0000] {dagbag.py:538} INFO - Filling up the DagBag from /home/airflow/.local/lib/python3.8/site-packages/airflow/example_dags/example_task_group.py
[2025-07-08T09:19:41.982+0000] {processor.py:840} INFO - DAG(s) 'example_task_group' retrieved from /home/airflow/.local/lib/python3.8/site-packages/airflow/example_dags/example_task_group.py
[2025-07-08T09:19:42.024+0000] {logging_mixin.py:188} INFO - [2025-07-08T09:19:42.023+0000] {dag.py:3036} INFO - Sync 1 DAGs
[2025-07-08T09:19:42.068+0000] {logging_mixin.py:188} INFO - [2025-07-08T09:19:42.067+0000] {dag.py:3823} INFO - Setting next_dagrun for example_task_group to 2025-07-07 00:00:00+00:00, run_after=2025-07-08 00:00:00+00:00
[2025-07-08T09:19:42.111+0000] {processor.py:183} INFO - Processing /home/airflow/.local/lib/python3.8/site-packages/airflow/example_dags/example_task_group.py took 0.152 seconds
[2025-07-08T09:20:12.444+0000] {processor.py:161} INFO - Started process (PID=1968) to work on /home/airflow/.local/lib/python3.8/site-packages/airflow/example_dags/example_task_group.py
[2025-07-08T09:20:12.446+0000] {processor.py:830} INFO - Processing file /home/airflow/.local/lib/python3.8/site-packages/airflow/example_dags/example_task_group.py for tasks to queue
[2025-07-08T09:20:12.450+0000] {logging_mixin.py:188} INFO - [2025-07-08T09:20:12.449+0000] {dagbag.py:538} INFO - Filling up the DagBag from /home/airflow/.local/lib/python3.8/site-packages/airflow/example_dags/example_task_group.py
[2025-07-08T09:20:12.468+0000] {processor.py:840} INFO - DAG(s) 'example_task_group' retrieved from /home/airflow/.local/lib/python3.8/site-packages/airflow/example_dags/example_task_group.py
[2025-07-08T09:20:12.512+0000] {logging_mixin.py:188} INFO - [2025-07-08T09:20:12.512+0000] {dag.py:3036} INFO - Sync 1 DAGs
[2025-07-08T09:20:12.553+0000] {logging_mixin.py:188} INFO - [2025-07-08T09:20:12.553+0000] {dag.py:3823} INFO - Setting next_dagrun for example_task_group to 2025-07-07 00:00:00+00:00, run_after=2025-07-08 00:00:00+00:00
[2025-07-08T09:20:12.584+0000] {processor.py:183} INFO - Processing /home/airflow/.local/lib/python3.8/site-packages/airflow/example_dags/example_task_group.py took 0.146 seconds
[2025-07-08T09:20:43.408+0000] {processor.py:161} INFO - Started process (PID=2035) to work on /home/airflow/.local/lib/python3.8/site-packages/airflow/example_dags/example_task_group.py
[2025-07-08T09:20:43.410+0000] {processor.py:830} INFO - Processing file /home/airflow/.local/lib/python3.8/site-packages/airflow/example_dags/example_task_group.py for tasks to queue
[2025-07-08T09:20:43.413+0000] {logging_mixin.py:188} INFO - [2025-07-08T09:20:43.412+0000] {dagbag.py:538} INFO - Filling up the DagBag from /home/airflow/.local/lib/python3.8/site-packages/airflow/example_dags/example_task_group.py
[2025-07-08T09:20:43.426+0000] {processor.py:840} INFO - DAG(s) 'example_task_group' retrieved from /home/airflow/.local/lib/python3.8/site-packages/airflow/example_dags/example_task_group.py
[2025-07-08T09:20:43.476+0000] {logging_mixin.py:188} INFO - [2025-07-08T09:20:43.475+0000] {dag.py:3036} INFO - Sync 1 DAGs
[2025-07-08T09:20:43.519+0000] {logging_mixin.py:188} INFO - [2025-07-08T09:20:43.519+0000] {dag.py:3823} INFO - Setting next_dagrun for example_task_group to 2025-07-07 00:00:00+00:00, run_after=2025-07-08 00:00:00+00:00
[2025-07-08T09:20:43.566+0000] {processor.py:183} INFO - Processing /home/airflow/.local/lib/python3.8/site-packages/airflow/example_dags/example_task_group.py took 0.164 seconds
[2025-07-08T09:21:13.960+0000] {processor.py:161} INFO - Started process (PID=2101) to work on /home/airflow/.local/lib/python3.8/site-packages/airflow/example_dags/example_task_group.py
[2025-07-08T09:21:13.962+0000] {processor.py:830} INFO - Processing file /home/airflow/.local/lib/python3.8/site-packages/airflow/example_dags/example_task_group.py for tasks to queue
[2025-07-08T09:21:13.964+0000] {logging_mixin.py:188} INFO - [2025-07-08T09:21:13.963+0000] {dagbag.py:538} INFO - Filling up the DagBag from /home/airflow/.local/lib/python3.8/site-packages/airflow/example_dags/example_task_group.py
[2025-07-08T09:21:13.975+0000] {processor.py:840} INFO - DAG(s) 'example_task_group' retrieved from /home/airflow/.local/lib/python3.8/site-packages/airflow/example_dags/example_task_group.py
[2025-07-08T09:21:14.012+0000] {logging_mixin.py:188} INFO - [2025-07-08T09:21:14.011+0000] {dag.py:3036} INFO - Sync 1 DAGs
[2025-07-08T09:21:14.048+0000] {logging_mixin.py:188} INFO - [2025-07-08T09:21:14.048+0000] {dag.py:3823} INFO - Setting next_dagrun for example_task_group to 2025-07-07 00:00:00+00:00, run_after=2025-07-08 00:00:00+00:00
[2025-07-08T09:21:14.077+0000] {processor.py:183} INFO - Processing /home/airflow/.local/lib/python3.8/site-packages/airflow/example_dags/example_task_group.py took 0.122 seconds
[2025-07-08T09:21:44.951+0000] {processor.py:161} INFO - Started process (PID=2167) to work on /home/airflow/.local/lib/python3.8/site-packages/airflow/example_dags/example_task_group.py
[2025-07-08T09:21:44.961+0000] {processor.py:830} INFO - Processing file /home/airflow/.local/lib/python3.8/site-packages/airflow/example_dags/example_task_group.py for tasks to queue
[2025-07-08T09:21:44.974+0000] {logging_mixin.py:188} INFO - [2025-07-08T09:21:44.974+0000] {dagbag.py:538} INFO - Filling up the DagBag from /home/airflow/.local/lib/python3.8/site-packages/airflow/example_dags/example_task_group.py
[2025-07-08T09:21:45.017+0000] {processor.py:840} INFO - DAG(s) 'example_task_group' retrieved from /home/airflow/.local/lib/python3.8/site-packages/airflow/example_dags/example_task_group.py
[2025-07-08T09:21:45.097+0000] {logging_mixin.py:188} INFO - [2025-07-08T09:21:45.096+0000] {dag.py:3036} INFO - Sync 1 DAGs
[2025-07-08T09:21:45.168+0000] {logging_mixin.py:188} INFO - [2025-07-08T09:21:45.157+0000] {dag.py:3823} INFO - Setting next_dagrun for example_task_group to 2025-07-07 00:00:00+00:00, run_after=2025-07-08 00:00:00+00:00
[2025-07-08T09:21:45.272+0000] {processor.py:183} INFO - Processing /home/airflow/.local/lib/python3.8/site-packages/airflow/example_dags/example_task_group.py took 0.340 seconds
[2025-07-08T09:22:16.705+0000] {processor.py:161} INFO - Started process (PID=2233) to work on /home/airflow/.local/lib/python3.8/site-packages/airflow/example_dags/example_task_group.py
[2025-07-08T09:22:16.711+0000] {processor.py:830} INFO - Processing file /home/airflow/.local/lib/python3.8/site-packages/airflow/example_dags/example_task_group.py for tasks to queue
[2025-07-08T09:22:16.714+0000] {logging_mixin.py:188} INFO - [2025-07-08T09:22:16.713+0000] {dagbag.py:538} INFO - Filling up the DagBag from /home/airflow/.local/lib/python3.8/site-packages/airflow/example_dags/example_task_group.py
[2025-07-08T09:22:16.769+0000] {processor.py:840} INFO - DAG(s) 'example_task_group' retrieved from /home/airflow/.local/lib/python3.8/site-packages/airflow/example_dags/example_task_group.py
[2025-07-08T09:22:16.906+0000] {logging_mixin.py:188} INFO - [2025-07-08T09:22:16.906+0000] {dag.py:3036} INFO - Sync 1 DAGs
[2025-07-08T09:22:17.051+0000] {logging_mixin.py:188} INFO - [2025-07-08T09:22:17.051+0000] {dag.py:3823} INFO - Setting next_dagrun for example_task_group to 2025-07-07 00:00:00+00:00, run_after=2025-07-08 00:00:00+00:00
[2025-07-08T09:22:17.122+0000] {processor.py:183} INFO - Processing /home/airflow/.local/lib/python3.8/site-packages/airflow/example_dags/example_task_group.py took 0.446 seconds
[2025-07-08T09:22:47.315+0000] {processor.py:161} INFO - Started process (PID=2291) to work on /home/airflow/.local/lib/python3.8/site-packages/airflow/example_dags/example_task_group.py
[2025-07-08T09:22:47.316+0000] {processor.py:830} INFO - Processing file /home/airflow/.local/lib/python3.8/site-packages/airflow/example_dags/example_task_group.py for tasks to queue
[2025-07-08T09:22:47.319+0000] {logging_mixin.py:188} INFO - [2025-07-08T09:22:47.319+0000] {dagbag.py:538} INFO - Filling up the DagBag from /home/airflow/.local/lib/python3.8/site-packages/airflow/example_dags/example_task_group.py
[2025-07-08T09:22:47.359+0000] {processor.py:840} INFO - DAG(s) 'example_task_group' retrieved from /home/airflow/.local/lib/python3.8/site-packages/airflow/example_dags/example_task_group.py
[2025-07-08T09:22:47.418+0000] {logging_mixin.py:188} INFO - [2025-07-08T09:22:47.417+0000] {dag.py:3036} INFO - Sync 1 DAGs
[2025-07-08T09:22:47.464+0000] {logging_mixin.py:188} INFO - [2025-07-08T09:22:47.463+0000] {dag.py:3823} INFO - Setting next_dagrun for example_task_group to 2025-07-07 00:00:00+00:00, run_after=2025-07-08 00:00:00+00:00
[2025-07-08T09:22:47.518+0000] {processor.py:183} INFO - Processing /home/airflow/.local/lib/python3.8/site-packages/airflow/example_dags/example_task_group.py took 0.217 seconds
[2025-07-08T09:23:17.921+0000] {processor.py:161} INFO - Started process (PID=2358) to work on /home/airflow/.local/lib/python3.8/site-packages/airflow/example_dags/example_task_group.py
[2025-07-08T09:23:17.924+0000] {processor.py:830} INFO - Processing file /home/airflow/.local/lib/python3.8/site-packages/airflow/example_dags/example_task_group.py for tasks to queue
[2025-07-08T09:23:17.928+0000] {logging_mixin.py:188} INFO - [2025-07-08T09:23:17.927+0000] {dagbag.py:538} INFO - Filling up the DagBag from /home/airflow/.local/lib/python3.8/site-packages/airflow/example_dags/example_task_group.py
[2025-07-08T09:23:17.944+0000] {processor.py:840} INFO - DAG(s) 'example_task_group' retrieved from /home/airflow/.local/lib/python3.8/site-packages/airflow/example_dags/example_task_group.py
[2025-07-08T09:23:17.987+0000] {logging_mixin.py:188} INFO - [2025-07-08T09:23:17.987+0000] {dag.py:3036} INFO - Sync 1 DAGs
[2025-07-08T09:23:18.036+0000] {logging_mixin.py:188} INFO - [2025-07-08T09:23:18.035+0000] {dag.py:3823} INFO - Setting next_dagrun for example_task_group to 2025-07-07 00:00:00+00:00, run_after=2025-07-08 00:00:00+00:00
[2025-07-08T09:23:18.114+0000] {processor.py:183} INFO - Processing /home/airflow/.local/lib/python3.8/site-packages/airflow/example_dags/example_task_group.py took 0.200 seconds
[2025-07-08T09:23:48.415+0000] {processor.py:161} INFO - Started process (PID=2424) to work on /home/airflow/.local/lib/python3.8/site-packages/airflow/example_dags/example_task_group.py
[2025-07-08T09:23:48.420+0000] {processor.py:830} INFO - Processing file /home/airflow/.local/lib/python3.8/site-packages/airflow/example_dags/example_task_group.py for tasks to queue
[2025-07-08T09:23:48.423+0000] {logging_mixin.py:188} INFO - [2025-07-08T09:23:48.423+0000] {dagbag.py:538} INFO - Filling up the DagBag from /home/airflow/.local/lib/python3.8/site-packages/airflow/example_dags/example_task_group.py
[2025-07-08T09:23:48.487+0000] {processor.py:840} INFO - DAG(s) 'example_task_group' retrieved from /home/airflow/.local/lib/python3.8/site-packages/airflow/example_dags/example_task_group.py
[2025-07-08T09:23:48.612+0000] {logging_mixin.py:188} INFO - [2025-07-08T09:23:48.612+0000] {dag.py:3036} INFO - Sync 1 DAGs
[2025-07-08T09:23:48.786+0000] {logging_mixin.py:188} INFO - [2025-07-08T09:23:48.785+0000] {dag.py:3823} INFO - Setting next_dagrun for example_task_group to 2025-07-07 00:00:00+00:00, run_after=2025-07-08 00:00:00+00:00
[2025-07-08T09:23:48.930+0000] {processor.py:183} INFO - Processing /home/airflow/.local/lib/python3.8/site-packages/airflow/example_dags/example_task_group.py took 0.535 seconds
[2025-07-08T09:24:19.119+0000] {processor.py:161} INFO - Started process (PID=2490) to work on /home/airflow/.local/lib/python3.8/site-packages/airflow/example_dags/example_task_group.py
[2025-07-08T09:24:19.122+0000] {processor.py:830} INFO - Processing file /home/airflow/.local/lib/python3.8/site-packages/airflow/example_dags/example_task_group.py for tasks to queue
[2025-07-08T09:24:19.125+0000] {logging_mixin.py:188} INFO - [2025-07-08T09:24:19.124+0000] {dagbag.py:538} INFO - Filling up the DagBag from /home/airflow/.local/lib/python3.8/site-packages/airflow/example_dags/example_task_group.py
[2025-07-08T09:24:19.140+0000] {processor.py:840} INFO - DAG(s) 'example_task_group' retrieved from /home/airflow/.local/lib/python3.8/site-packages/airflow/example_dags/example_task_group.py
[2025-07-08T09:24:19.198+0000] {logging_mixin.py:188} INFO - [2025-07-08T09:24:19.198+0000] {dag.py:3036} INFO - Sync 1 DAGs
[2025-07-08T09:24:19.265+0000] {logging_mixin.py:188} INFO - [2025-07-08T09:24:19.264+0000] {dag.py:3823} INFO - Setting next_dagrun for example_task_group to 2025-07-07 00:00:00+00:00, run_after=2025-07-08 00:00:00+00:00
[2025-07-08T09:24:19.300+0000] {processor.py:183} INFO - Processing /home/airflow/.local/lib/python3.8/site-packages/airflow/example_dags/example_task_group.py took 0.187 seconds
[2025-07-08T09:24:49.982+0000] {processor.py:161} INFO - Started process (PID=2557) to work on /home/airflow/.local/lib/python3.8/site-packages/airflow/example_dags/example_task_group.py
[2025-07-08T09:24:49.984+0000] {processor.py:830} INFO - Processing file /home/airflow/.local/lib/python3.8/site-packages/airflow/example_dags/example_task_group.py for tasks to queue
[2025-07-08T09:24:49.987+0000] {logging_mixin.py:188} INFO - [2025-07-08T09:24:49.986+0000] {dagbag.py:538} INFO - Filling up the DagBag from /home/airflow/.local/lib/python3.8/site-packages/airflow/example_dags/example_task_group.py
[2025-07-08T09:24:50.001+0000] {processor.py:840} INFO - DAG(s) 'example_task_group' retrieved from /home/airflow/.local/lib/python3.8/site-packages/airflow/example_dags/example_task_group.py
[2025-07-08T09:24:50.106+0000] {logging_mixin.py:188} INFO - [2025-07-08T09:24:50.106+0000] {dag.py:3036} INFO - Sync 1 DAGs
[2025-07-08T09:24:50.252+0000] {logging_mixin.py:188} INFO - [2025-07-08T09:24:50.251+0000] {dag.py:3823} INFO - Setting next_dagrun for example_task_group to 2025-07-07 00:00:00+00:00, run_after=2025-07-08 00:00:00+00:00
[2025-07-08T09:24:50.803+0000] {processor.py:183} INFO - Processing /home/airflow/.local/lib/python3.8/site-packages/airflow/example_dags/example_task_group.py took 0.842 seconds
[2025-07-08T09:25:21.417+0000] {processor.py:161} INFO - Started process (PID=2625) to work on /home/airflow/.local/lib/python3.8/site-packages/airflow/example_dags/example_task_group.py
[2025-07-08T09:25:21.420+0000] {processor.py:830} INFO - Processing file /home/airflow/.local/lib/python3.8/site-packages/airflow/example_dags/example_task_group.py for tasks to queue
[2025-07-08T09:25:21.429+0000] {logging_mixin.py:188} INFO - [2025-07-08T09:25:21.428+0000] {dagbag.py:538} INFO - Filling up the DagBag from /home/airflow/.local/lib/python3.8/site-packages/airflow/example_dags/example_task_group.py
[2025-07-08T09:25:21.454+0000] {processor.py:840} INFO - DAG(s) 'example_task_group' retrieved from /home/airflow/.local/lib/python3.8/site-packages/airflow/example_dags/example_task_group.py
[2025-07-08T09:25:21.549+0000] {logging_mixin.py:188} INFO - [2025-07-08T09:25:21.549+0000] {dag.py:3036} INFO - Sync 1 DAGs
[2025-07-08T09:25:21.635+0000] {logging_mixin.py:188} INFO - [2025-07-08T09:25:21.634+0000] {dag.py:3823} INFO - Setting next_dagrun for example_task_group to 2025-07-07 00:00:00+00:00, run_after=2025-07-08 00:00:00+00:00
[2025-07-08T09:25:22.138+0000] {processor.py:183} INFO - Processing /home/airflow/.local/lib/python3.8/site-packages/airflow/example_dags/example_task_group.py took 0.729 seconds
[2025-07-08T09:25:52.384+0000] {processor.py:161} INFO - Started process (PID=2690) to work on /home/airflow/.local/lib/python3.8/site-packages/airflow/example_dags/example_task_group.py
[2025-07-08T09:25:52.401+0000] {processor.py:830} INFO - Processing file /home/airflow/.local/lib/python3.8/site-packages/airflow/example_dags/example_task_group.py for tasks to queue
[2025-07-08T09:25:52.404+0000] {logging_mixin.py:188} INFO - [2025-07-08T09:25:52.404+0000] {dagbag.py:538} INFO - Filling up the DagBag from /home/airflow/.local/lib/python3.8/site-packages/airflow/example_dags/example_task_group.py
[2025-07-08T09:25:52.431+0000] {processor.py:840} INFO - DAG(s) 'example_task_group' retrieved from /home/airflow/.local/lib/python3.8/site-packages/airflow/example_dags/example_task_group.py
[2025-07-08T09:25:52.507+0000] {logging_mixin.py:188} INFO - [2025-07-08T09:25:52.506+0000] {dag.py:3036} INFO - Sync 1 DAGs
[2025-07-08T09:25:53.054+0000] {logging_mixin.py:188} INFO - [2025-07-08T09:25:53.053+0000] {dag.py:3823} INFO - Setting next_dagrun for example_task_group to 2025-07-07 00:00:00+00:00, run_after=2025-07-08 00:00:00+00:00
[2025-07-08T09:25:53.131+0000] {processor.py:183} INFO - Processing /home/airflow/.local/lib/python3.8/site-packages/airflow/example_dags/example_task_group.py took 0.753 seconds
[2025-07-08T09:26:23.630+0000] {processor.py:161} INFO - Started process (PID=2756) to work on /home/airflow/.local/lib/python3.8/site-packages/airflow/example_dags/example_task_group.py
[2025-07-08T09:26:23.638+0000] {processor.py:830} INFO - Processing file /home/airflow/.local/lib/python3.8/site-packages/airflow/example_dags/example_task_group.py for tasks to queue
[2025-07-08T09:26:23.649+0000] {logging_mixin.py:188} INFO - [2025-07-08T09:26:23.649+0000] {dagbag.py:538} INFO - Filling up the DagBag from /home/airflow/.local/lib/python3.8/site-packages/airflow/example_dags/example_task_group.py
[2025-07-08T09:26:23.688+0000] {processor.py:840} INFO - DAG(s) 'example_task_group' retrieved from /home/airflow/.local/lib/python3.8/site-packages/airflow/example_dags/example_task_group.py
[2025-07-08T09:26:23.841+0000] {logging_mixin.py:188} INFO - [2025-07-08T09:26:23.841+0000] {dag.py:3036} INFO - Sync 1 DAGs
[2025-07-08T09:26:24.749+0000] {logging_mixin.py:188} INFO - [2025-07-08T09:26:24.749+0000] {dag.py:3823} INFO - Setting next_dagrun for example_task_group to 2025-07-07 00:00:00+00:00, run_after=2025-07-08 00:00:00+00:00
[2025-07-08T09:26:24.884+0000] {processor.py:183} INFO - Processing /home/airflow/.local/lib/python3.8/site-packages/airflow/example_dags/example_task_group.py took 1.289 seconds
[2025-07-08T09:26:55.074+0000] {processor.py:161} INFO - Started process (PID=2816) to work on /home/airflow/.local/lib/python3.8/site-packages/airflow/example_dags/example_task_group.py
[2025-07-08T09:26:55.075+0000] {processor.py:830} INFO - Processing file /home/airflow/.local/lib/python3.8/site-packages/airflow/example_dags/example_task_group.py for tasks to queue
[2025-07-08T09:26:55.078+0000] {logging_mixin.py:188} INFO - [2025-07-08T09:26:55.077+0000] {dagbag.py:538} INFO - Filling up the DagBag from /home/airflow/.local/lib/python3.8/site-packages/airflow/example_dags/example_task_group.py
[2025-07-08T09:26:55.090+0000] {processor.py:840} INFO - DAG(s) 'example_task_group' retrieved from /home/airflow/.local/lib/python3.8/site-packages/airflow/example_dags/example_task_group.py
[2025-07-08T09:26:55.322+0000] {logging_mixin.py:188} INFO - [2025-07-08T09:26:55.322+0000] {dag.py:3036} INFO - Sync 1 DAGs
[2025-07-08T09:26:55.357+0000] {logging_mixin.py:188} INFO - [2025-07-08T09:26:55.357+0000] {dag.py:3823} INFO - Setting next_dagrun for example_task_group to 2025-07-07 00:00:00+00:00, run_after=2025-07-08 00:00:00+00:00
[2025-07-08T09:26:55.387+0000] {processor.py:183} INFO - Processing /home/airflow/.local/lib/python3.8/site-packages/airflow/example_dags/example_task_group.py took 0.319 seconds
[2025-07-08T09:27:25.713+0000] {processor.py:161} INFO - Started process (PID=2881) to work on /home/airflow/.local/lib/python3.8/site-packages/airflow/example_dags/example_task_group.py
[2025-07-08T09:27:25.715+0000] {processor.py:830} INFO - Processing file /home/airflow/.local/lib/python3.8/site-packages/airflow/example_dags/example_task_group.py for tasks to queue
[2025-07-08T09:27:25.718+0000] {logging_mixin.py:188} INFO - [2025-07-08T09:27:25.717+0000] {dagbag.py:538} INFO - Filling up the DagBag from /home/airflow/.local/lib/python3.8/site-packages/airflow/example_dags/example_task_group.py
[2025-07-08T09:27:25.732+0000] {processor.py:840} INFO - DAG(s) 'example_task_group' retrieved from /home/airflow/.local/lib/python3.8/site-packages/airflow/example_dags/example_task_group.py
[2025-07-08T09:27:25.775+0000] {logging_mixin.py:188} INFO - [2025-07-08T09:27:25.775+0000] {dag.py:3036} INFO - Sync 1 DAGs
[2025-07-08T09:27:26.019+0000] {logging_mixin.py:188} INFO - [2025-07-08T09:27:26.018+0000] {dag.py:3823} INFO - Setting next_dagrun for example_task_group to 2025-07-07 00:00:00+00:00, run_after=2025-07-08 00:00:00+00:00
[2025-07-08T09:27:26.051+0000] {processor.py:183} INFO - Processing /home/airflow/.local/lib/python3.8/site-packages/airflow/example_dags/example_task_group.py took 0.344 seconds
[2025-07-08T09:27:56.621+0000] {processor.py:161} INFO - Started process (PID=2947) to work on /home/airflow/.local/lib/python3.8/site-packages/airflow/example_dags/example_task_group.py
[2025-07-08T09:27:56.623+0000] {processor.py:830} INFO - Processing file /home/airflow/.local/lib/python3.8/site-packages/airflow/example_dags/example_task_group.py for tasks to queue
[2025-07-08T09:27:56.626+0000] {logging_mixin.py:188} INFO - [2025-07-08T09:27:56.626+0000] {dagbag.py:538} INFO - Filling up the DagBag from /home/airflow/.local/lib/python3.8/site-packages/airflow/example_dags/example_task_group.py
[2025-07-08T09:27:56.643+0000] {processor.py:840} INFO - DAG(s) 'example_task_group' retrieved from /home/airflow/.local/lib/python3.8/site-packages/airflow/example_dags/example_task_group.py
[2025-07-08T09:27:56.688+0000] {logging_mixin.py:188} INFO - [2025-07-08T09:27:56.688+0000] {dag.py:3036} INFO - Sync 1 DAGs
[2025-07-08T09:27:56.734+0000] {logging_mixin.py:188} INFO - [2025-07-08T09:27:56.733+0000] {dag.py:3823} INFO - Setting next_dagrun for example_task_group to 2025-07-07 00:00:00+00:00, run_after=2025-07-08 00:00:00+00:00
[2025-07-08T09:27:56.783+0000] {processor.py:183} INFO - Processing /home/airflow/.local/lib/python3.8/site-packages/airflow/example_dags/example_task_group.py took 0.168 seconds
[2025-07-08T09:28:27.509+0000] {processor.py:161} INFO - Started process (PID=3012) to work on /home/airflow/.local/lib/python3.8/site-packages/airflow/example_dags/example_task_group.py
[2025-07-08T09:28:27.511+0000] {processor.py:830} INFO - Processing file /home/airflow/.local/lib/python3.8/site-packages/airflow/example_dags/example_task_group.py for tasks to queue
[2025-07-08T09:28:27.514+0000] {logging_mixin.py:188} INFO - [2025-07-08T09:28:27.514+0000] {dagbag.py:538} INFO - Filling up the DagBag from /home/airflow/.local/lib/python3.8/site-packages/airflow/example_dags/example_task_group.py
[2025-07-08T09:28:27.560+0000] {processor.py:840} INFO - DAG(s) 'example_task_group' retrieved from /home/airflow/.local/lib/python3.8/site-packages/airflow/example_dags/example_task_group.py
[2025-07-08T09:28:27.677+0000] {logging_mixin.py:188} INFO - [2025-07-08T09:28:27.676+0000] {dag.py:3036} INFO - Sync 1 DAGs
[2025-07-08T09:28:27.737+0000] {logging_mixin.py:188} INFO - [2025-07-08T09:28:27.737+0000] {dag.py:3823} INFO - Setting next_dagrun for example_task_group to 2025-07-07 00:00:00+00:00, run_after=2025-07-08 00:00:00+00:00
[2025-07-08T09:28:27.781+0000] {processor.py:183} INFO - Processing /home/airflow/.local/lib/python3.8/site-packages/airflow/example_dags/example_task_group.py took 0.283 seconds
[2025-07-08T09:28:57.968+0000] {processor.py:161} INFO - Started process (PID=3077) to work on /home/airflow/.local/lib/python3.8/site-packages/airflow/example_dags/example_task_group.py
[2025-07-08T09:28:57.976+0000] {processor.py:830} INFO - Processing file /home/airflow/.local/lib/python3.8/site-packages/airflow/example_dags/example_task_group.py for tasks to queue
[2025-07-08T09:28:57.979+0000] {logging_mixin.py:188} INFO - [2025-07-08T09:28:57.979+0000] {dagbag.py:538} INFO - Filling up the DagBag from /home/airflow/.local/lib/python3.8/site-packages/airflow/example_dags/example_task_group.py
[2025-07-08T09:28:58.005+0000] {processor.py:840} INFO - DAG(s) 'example_task_group' retrieved from /home/airflow/.local/lib/python3.8/site-packages/airflow/example_dags/example_task_group.py
[2025-07-08T09:28:58.087+0000] {logging_mixin.py:188} INFO - [2025-07-08T09:28:58.086+0000] {dag.py:3036} INFO - Sync 1 DAGs
[2025-07-08T09:28:58.270+0000] {logging_mixin.py:188} INFO - [2025-07-08T09:28:58.269+0000] {dag.py:3823} INFO - Setting next_dagrun for example_task_group to 2025-07-07 00:00:00+00:00, run_after=2025-07-08 00:00:00+00:00
[2025-07-08T09:28:58.330+0000] {processor.py:183} INFO - Processing /home/airflow/.local/lib/python3.8/site-packages/airflow/example_dags/example_task_group.py took 0.368 seconds
[2025-07-08T09:29:28.462+0000] {processor.py:161} INFO - Started process (PID=3136) to work on /home/airflow/.local/lib/python3.8/site-packages/airflow/example_dags/example_task_group.py
[2025-07-08T09:29:28.464+0000] {processor.py:830} INFO - Processing file /home/airflow/.local/lib/python3.8/site-packages/airflow/example_dags/example_task_group.py for tasks to queue
[2025-07-08T09:29:28.468+0000] {logging_mixin.py:188} INFO - [2025-07-08T09:29:28.467+0000] {dagbag.py:538} INFO - Filling up the DagBag from /home/airflow/.local/lib/python3.8/site-packages/airflow/example_dags/example_task_group.py
[2025-07-08T09:29:28.485+0000] {processor.py:840} INFO - DAG(s) 'example_task_group' retrieved from /home/airflow/.local/lib/python3.8/site-packages/airflow/example_dags/example_task_group.py
[2025-07-08T09:29:28.531+0000] {logging_mixin.py:188} INFO - [2025-07-08T09:29:28.531+0000] {dag.py:3036} INFO - Sync 1 DAGs
[2025-07-08T09:29:28.577+0000] {logging_mixin.py:188} INFO - [2025-07-08T09:29:28.576+0000] {dag.py:3823} INFO - Setting next_dagrun for example_task_group to 2025-07-07 00:00:00+00:00, run_after=2025-07-08 00:00:00+00:00
[2025-07-08T09:29:28.615+0000] {processor.py:183} INFO - Processing /home/airflow/.local/lib/python3.8/site-packages/airflow/example_dags/example_task_group.py took 0.158 seconds
[2025-07-08T09:29:59.098+0000] {processor.py:161} INFO - Started process (PID=3202) to work on /home/airflow/.local/lib/python3.8/site-packages/airflow/example_dags/example_task_group.py
[2025-07-08T09:29:59.100+0000] {processor.py:830} INFO - Processing file /home/airflow/.local/lib/python3.8/site-packages/airflow/example_dags/example_task_group.py for tasks to queue
[2025-07-08T09:29:59.103+0000] {logging_mixin.py:188} INFO - [2025-07-08T09:29:59.103+0000] {dagbag.py:538} INFO - Filling up the DagBag from /home/airflow/.local/lib/python3.8/site-packages/airflow/example_dags/example_task_group.py
[2025-07-08T09:29:59.118+0000] {processor.py:840} INFO - DAG(s) 'example_task_group' retrieved from /home/airflow/.local/lib/python3.8/site-packages/airflow/example_dags/example_task_group.py
[2025-07-08T09:29:59.161+0000] {logging_mixin.py:188} INFO - [2025-07-08T09:29:59.161+0000] {dag.py:3036} INFO - Sync 1 DAGs
[2025-07-08T09:29:59.206+0000] {logging_mixin.py:188} INFO - [2025-07-08T09:29:59.205+0000] {dag.py:3823} INFO - Setting next_dagrun for example_task_group to 2025-07-07 00:00:00+00:00, run_after=2025-07-08 00:00:00+00:00
[2025-07-08T09:29:59.238+0000] {processor.py:183} INFO - Processing /home/airflow/.local/lib/python3.8/site-packages/airflow/example_dags/example_task_group.py took 0.146 seconds
[2025-07-08T09:30:30.237+0000] {processor.py:161} INFO - Started process (PID=3268) to work on /home/airflow/.local/lib/python3.8/site-packages/airflow/example_dags/example_task_group.py
[2025-07-08T09:30:30.239+0000] {processor.py:830} INFO - Processing file /home/airflow/.local/lib/python3.8/site-packages/airflow/example_dags/example_task_group.py for tasks to queue
[2025-07-08T09:30:30.241+0000] {logging_mixin.py:188} INFO - [2025-07-08T09:30:30.241+0000] {dagbag.py:538} INFO - Filling up the DagBag from /home/airflow/.local/lib/python3.8/site-packages/airflow/example_dags/example_task_group.py
[2025-07-08T09:30:30.255+0000] {processor.py:840} INFO - DAG(s) 'example_task_group' retrieved from /home/airflow/.local/lib/python3.8/site-packages/airflow/example_dags/example_task_group.py
[2025-07-08T09:30:30.298+0000] {logging_mixin.py:188} INFO - [2025-07-08T09:30:30.297+0000] {dag.py:3036} INFO - Sync 1 DAGs
[2025-07-08T09:30:30.336+0000] {logging_mixin.py:188} INFO - [2025-07-08T09:30:30.336+0000] {dag.py:3823} INFO - Setting next_dagrun for example_task_group to 2025-07-07 00:00:00+00:00, run_after=2025-07-08 00:00:00+00:00
[2025-07-08T09:30:30.372+0000] {processor.py:183} INFO - Processing /home/airflow/.local/lib/python3.8/site-packages/airflow/example_dags/example_task_group.py took 0.142 seconds
[2025-07-08T09:31:00.551+0000] {processor.py:161} INFO - Started process (PID=3334) to work on /home/airflow/.local/lib/python3.8/site-packages/airflow/example_dags/example_task_group.py
[2025-07-08T09:31:00.553+0000] {processor.py:830} INFO - Processing file /home/airflow/.local/lib/python3.8/site-packages/airflow/example_dags/example_task_group.py for tasks to queue
[2025-07-08T09:31:00.556+0000] {logging_mixin.py:188} INFO - [2025-07-08T09:31:00.556+0000] {dagbag.py:538} INFO - Filling up the DagBag from /home/airflow/.local/lib/python3.8/site-packages/airflow/example_dags/example_task_group.py
[2025-07-08T09:31:00.570+0000] {processor.py:840} INFO - DAG(s) 'example_task_group' retrieved from /home/airflow/.local/lib/python3.8/site-packages/airflow/example_dags/example_task_group.py
[2025-07-08T09:31:00.728+0000] {logging_mixin.py:188} INFO - [2025-07-08T09:31:00.727+0000] {dag.py:3036} INFO - Sync 1 DAGs
[2025-07-08T09:31:00.804+0000] {logging_mixin.py:188} INFO - [2025-07-08T09:31:00.804+0000] {dag.py:3823} INFO - Setting next_dagrun for example_task_group to 2025-07-07 00:00:00+00:00, run_after=2025-07-08 00:00:00+00:00
[2025-07-08T09:31:00.838+0000] {processor.py:183} INFO - Processing /home/airflow/.local/lib/python3.8/site-packages/airflow/example_dags/example_task_group.py took 0.293 seconds
[2025-07-08T09:31:31.300+0000] {processor.py:161} INFO - Started process (PID=3399) to work on /home/airflow/.local/lib/python3.8/site-packages/airflow/example_dags/example_task_group.py
[2025-07-08T09:31:31.302+0000] {processor.py:830} INFO - Processing file /home/airflow/.local/lib/python3.8/site-packages/airflow/example_dags/example_task_group.py for tasks to queue
[2025-07-08T09:31:31.306+0000] {logging_mixin.py:188} INFO - [2025-07-08T09:31:31.305+0000] {dagbag.py:538} INFO - Filling up the DagBag from /home/airflow/.local/lib/python3.8/site-packages/airflow/example_dags/example_task_group.py
[2025-07-08T09:31:31.323+0000] {processor.py:840} INFO - DAG(s) 'example_task_group' retrieved from /home/airflow/.local/lib/python3.8/site-packages/airflow/example_dags/example_task_group.py
[2025-07-08T09:31:31.393+0000] {logging_mixin.py:188} INFO - [2025-07-08T09:31:31.392+0000] {dag.py:3036} INFO - Sync 1 DAGs
[2025-07-08T09:31:31.437+0000] {logging_mixin.py:188} INFO - [2025-07-08T09:31:31.436+0000] {dag.py:3823} INFO - Setting next_dagrun for example_task_group to 2025-07-07 00:00:00+00:00, run_after=2025-07-08 00:00:00+00:00
[2025-07-08T09:31:31.470+0000] {processor.py:183} INFO - Processing /home/airflow/.local/lib/python3.8/site-packages/airflow/example_dags/example_task_group.py took 0.177 seconds
[2025-07-08T09:32:02.077+0000] {processor.py:161} INFO - Started process (PID=3465) to work on /home/airflow/.local/lib/python3.8/site-packages/airflow/example_dags/example_task_group.py
[2025-07-08T09:32:02.084+0000] {processor.py:830} INFO - Processing file /home/airflow/.local/lib/python3.8/site-packages/airflow/example_dags/example_task_group.py for tasks to queue
[2025-07-08T09:32:02.087+0000] {logging_mixin.py:188} INFO - [2025-07-08T09:32:02.087+0000] {dagbag.py:538} INFO - Filling up the DagBag from /home/airflow/.local/lib/python3.8/site-packages/airflow/example_dags/example_task_group.py
[2025-07-08T09:32:02.115+0000] {processor.py:840} INFO - DAG(s) 'example_task_group' retrieved from /home/airflow/.local/lib/python3.8/site-packages/airflow/example_dags/example_task_group.py
[2025-07-08T09:32:02.176+0000] {logging_mixin.py:188} INFO - [2025-07-08T09:32:02.176+0000] {dag.py:3036} INFO - Sync 1 DAGs
[2025-07-08T09:32:02.223+0000] {logging_mixin.py:188} INFO - [2025-07-08T09:32:02.222+0000] {dag.py:3823} INFO - Setting next_dagrun for example_task_group to 2025-07-07 00:00:00+00:00, run_after=2025-07-08 00:00:00+00:00
[2025-07-08T09:32:02.260+0000] {processor.py:183} INFO - Processing /home/airflow/.local/lib/python3.8/site-packages/airflow/example_dags/example_task_group.py took 0.197 seconds
[2025-07-08T09:32:32.991+0000] {processor.py:161} INFO - Started process (PID=3531) to work on /home/airflow/.local/lib/python3.8/site-packages/airflow/example_dags/example_task_group.py
[2025-07-08T09:32:32.992+0000] {processor.py:830} INFO - Processing file /home/airflow/.local/lib/python3.8/site-packages/airflow/example_dags/example_task_group.py for tasks to queue
[2025-07-08T09:32:32.995+0000] {logging_mixin.py:188} INFO - [2025-07-08T09:32:32.994+0000] {dagbag.py:538} INFO - Filling up the DagBag from /home/airflow/.local/lib/python3.8/site-packages/airflow/example_dags/example_task_group.py
[2025-07-08T09:32:33.009+0000] {processor.py:840} INFO - DAG(s) 'example_task_group' retrieved from /home/airflow/.local/lib/python3.8/site-packages/airflow/example_dags/example_task_group.py
[2025-07-08T09:32:33.068+0000] {logging_mixin.py:188} INFO - [2025-07-08T09:32:33.067+0000] {dag.py:3036} INFO - Sync 1 DAGs
[2025-07-08T09:32:33.111+0000] {logging_mixin.py:188} INFO - [2025-07-08T09:32:33.110+0000] {dag.py:3823} INFO - Setting next_dagrun for example_task_group to 2025-07-07 00:00:00+00:00, run_after=2025-07-08 00:00:00+00:00
[2025-07-08T09:32:33.144+0000] {processor.py:183} INFO - Processing /home/airflow/.local/lib/python3.8/site-packages/airflow/example_dags/example_task_group.py took 0.159 seconds
[2025-07-08T09:33:03.646+0000] {processor.py:161} INFO - Started process (PID=3597) to work on /home/airflow/.local/lib/python3.8/site-packages/airflow/example_dags/example_task_group.py
[2025-07-08T09:33:03.654+0000] {processor.py:830} INFO - Processing file /home/airflow/.local/lib/python3.8/site-packages/airflow/example_dags/example_task_group.py for tasks to queue
[2025-07-08T09:33:03.677+0000] {logging_mixin.py:188} INFO - [2025-07-08T09:33:03.676+0000] {dagbag.py:538} INFO - Filling up the DagBag from /home/airflow/.local/lib/python3.8/site-packages/airflow/example_dags/example_task_group.py
[2025-07-08T09:33:03.768+0000] {processor.py:840} INFO - DAG(s) 'example_task_group' retrieved from /home/airflow/.local/lib/python3.8/site-packages/airflow/example_dags/example_task_group.py
[2025-07-08T09:33:03.893+0000] {logging_mixin.py:188} INFO - [2025-07-08T09:33:03.893+0000] {dag.py:3036} INFO - Sync 1 DAGs
[2025-07-08T09:33:04.067+0000] {logging_mixin.py:188} INFO - [2025-07-08T09:33:04.067+0000] {dag.py:3823} INFO - Setting next_dagrun for example_task_group to 2025-07-07 00:00:00+00:00, run_after=2025-07-08 00:00:00+00:00
[2025-07-08T09:33:04.159+0000] {processor.py:183} INFO - Processing /home/airflow/.local/lib/python3.8/site-packages/airflow/example_dags/example_task_group.py took 0.528 seconds
[2025-07-08T09:33:34.800+0000] {processor.py:161} INFO - Started process (PID=3662) to work on /home/airflow/.local/lib/python3.8/site-packages/airflow/example_dags/example_task_group.py
[2025-07-08T09:33:34.801+0000] {processor.py:830} INFO - Processing file /home/airflow/.local/lib/python3.8/site-packages/airflow/example_dags/example_task_group.py for tasks to queue
[2025-07-08T09:33:34.805+0000] {logging_mixin.py:188} INFO - [2025-07-08T09:33:34.804+0000] {dagbag.py:538} INFO - Filling up the DagBag from /home/airflow/.local/lib/python3.8/site-packages/airflow/example_dags/example_task_group.py
[2025-07-08T09:33:34.820+0000] {processor.py:840} INFO - DAG(s) 'example_task_group' retrieved from /home/airflow/.local/lib/python3.8/site-packages/airflow/example_dags/example_task_group.py
[2025-07-08T09:33:34.861+0000] {logging_mixin.py:188} INFO - [2025-07-08T09:33:34.860+0000] {dag.py:3036} INFO - Sync 1 DAGs
[2025-07-08T09:33:34.910+0000] {logging_mixin.py:188} INFO - [2025-07-08T09:33:34.909+0000] {dag.py:3823} INFO - Setting next_dagrun for example_task_group to 2025-07-07 00:00:00+00:00, run_after=2025-07-08 00:00:00+00:00
[2025-07-08T09:33:34.947+0000] {processor.py:183} INFO - Processing /home/airflow/.local/lib/python3.8/site-packages/airflow/example_dags/example_task_group.py took 0.156 seconds
[2025-07-08T09:34:05.921+0000] {processor.py:161} INFO - Started process (PID=3728) to work on /home/airflow/.local/lib/python3.8/site-packages/airflow/example_dags/example_task_group.py
[2025-07-08T09:34:05.924+0000] {processor.py:830} INFO - Processing file /home/airflow/.local/lib/python3.8/site-packages/airflow/example_dags/example_task_group.py for tasks to queue
[2025-07-08T09:34:05.931+0000] {logging_mixin.py:188} INFO - [2025-07-08T09:34:05.931+0000] {dagbag.py:538} INFO - Filling up the DagBag from /home/airflow/.local/lib/python3.8/site-packages/airflow/example_dags/example_task_group.py
[2025-07-08T09:34:05.965+0000] {processor.py:840} INFO - DAG(s) 'example_task_group' retrieved from /home/airflow/.local/lib/python3.8/site-packages/airflow/example_dags/example_task_group.py
[2025-07-08T09:34:06.108+0000] {logging_mixin.py:188} INFO - [2025-07-08T09:34:06.107+0000] {dag.py:3036} INFO - Sync 1 DAGs
[2025-07-08T09:34:06.181+0000] {logging_mixin.py:188} INFO - [2025-07-08T09:34:06.180+0000] {dag.py:3823} INFO - Setting next_dagrun for example_task_group to 2025-07-07 00:00:00+00:00, run_after=2025-07-08 00:00:00+00:00
[2025-07-08T09:34:06.215+0000] {processor.py:183} INFO - Processing /home/airflow/.local/lib/python3.8/site-packages/airflow/example_dags/example_task_group.py took 0.301 seconds
[2025-07-08T09:34:37.187+0000] {processor.py:161} INFO - Started process (PID=3794) to work on /home/airflow/.local/lib/python3.8/site-packages/airflow/example_dags/example_task_group.py
[2025-07-08T09:34:37.193+0000] {processor.py:830} INFO - Processing file /home/airflow/.local/lib/python3.8/site-packages/airflow/example_dags/example_task_group.py for tasks to queue
[2025-07-08T09:34:37.196+0000] {logging_mixin.py:188} INFO - [2025-07-08T09:34:37.195+0000] {dagbag.py:538} INFO - Filling up the DagBag from /home/airflow/.local/lib/python3.8/site-packages/airflow/example_dags/example_task_group.py
[2025-07-08T09:34:37.226+0000] {processor.py:840} INFO - DAG(s) 'example_task_group' retrieved from /home/airflow/.local/lib/python3.8/site-packages/airflow/example_dags/example_task_group.py
[2025-07-08T09:34:37.345+0000] {logging_mixin.py:188} INFO - [2025-07-08T09:34:37.345+0000] {dag.py:3036} INFO - Sync 1 DAGs
[2025-07-08T09:34:37.438+0000] {logging_mixin.py:188} INFO - [2025-07-08T09:34:37.437+0000] {dag.py:3823} INFO - Setting next_dagrun for example_task_group to 2025-07-07 00:00:00+00:00, run_after=2025-07-08 00:00:00+00:00
[2025-07-08T09:34:37.559+0000] {processor.py:183} INFO - Processing /home/airflow/.local/lib/python3.8/site-packages/airflow/example_dags/example_task_group.py took 0.382 seconds
[2025-07-08T09:35:08.288+0000] {processor.py:161} INFO - Started process (PID=3861) to work on /home/airflow/.local/lib/python3.8/site-packages/airflow/example_dags/example_task_group.py
[2025-07-08T09:35:08.300+0000] {processor.py:830} INFO - Processing file /home/airflow/.local/lib/python3.8/site-packages/airflow/example_dags/example_task_group.py for tasks to queue
[2025-07-08T09:35:08.304+0000] {logging_mixin.py:188} INFO - [2025-07-08T09:35:08.303+0000] {dagbag.py:538} INFO - Filling up the DagBag from /home/airflow/.local/lib/python3.8/site-packages/airflow/example_dags/example_task_group.py
[2025-07-08T09:35:08.334+0000] {processor.py:840} INFO - DAG(s) 'example_task_group' retrieved from /home/airflow/.local/lib/python3.8/site-packages/airflow/example_dags/example_task_group.py
[2025-07-08T09:35:08.421+0000] {logging_mixin.py:188} INFO - [2025-07-08T09:35:08.421+0000] {dag.py:3036} INFO - Sync 1 DAGs
[2025-07-08T09:35:08.506+0000] {logging_mixin.py:188} INFO - [2025-07-08T09:35:08.505+0000] {dag.py:3823} INFO - Setting next_dagrun for example_task_group to 2025-07-07 00:00:00+00:00, run_after=2025-07-08 00:00:00+00:00
[2025-07-08T09:35:08.573+0000] {processor.py:183} INFO - Processing /home/airflow/.local/lib/python3.8/site-packages/airflow/example_dags/example_task_group.py took 0.315 seconds
[2025-07-08T09:35:39.093+0000] {processor.py:161} INFO - Started process (PID=3919) to work on /home/airflow/.local/lib/python3.8/site-packages/airflow/example_dags/example_task_group.py
[2025-07-08T09:35:39.094+0000] {processor.py:830} INFO - Processing file /home/airflow/.local/lib/python3.8/site-packages/airflow/example_dags/example_task_group.py for tasks to queue
[2025-07-08T09:35:39.097+0000] {logging_mixin.py:188} INFO - [2025-07-08T09:35:39.096+0000] {dagbag.py:538} INFO - Filling up the DagBag from /home/airflow/.local/lib/python3.8/site-packages/airflow/example_dags/example_task_group.py
[2025-07-08T09:35:39.111+0000] {processor.py:840} INFO - DAG(s) 'example_task_group' retrieved from /home/airflow/.local/lib/python3.8/site-packages/airflow/example_dags/example_task_group.py
[2025-07-08T09:35:39.159+0000] {logging_mixin.py:188} INFO - [2025-07-08T09:35:39.159+0000] {dag.py:3036} INFO - Sync 1 DAGs
[2025-07-08T09:35:39.212+0000] {logging_mixin.py:188} INFO - [2025-07-08T09:35:39.212+0000] {dag.py:3823} INFO - Setting next_dagrun for example_task_group to 2025-07-07 00:00:00+00:00, run_after=2025-07-08 00:00:00+00:00
[2025-07-08T09:35:39.251+0000] {processor.py:183} INFO - Processing /home/airflow/.local/lib/python3.8/site-packages/airflow/example_dags/example_task_group.py took 0.164 seconds
[2025-07-08T09:36:09.512+0000] {processor.py:161} INFO - Started process (PID=3983) to work on /home/airflow/.local/lib/python3.8/site-packages/airflow/example_dags/example_task_group.py
[2025-07-08T09:36:09.514+0000] {processor.py:830} INFO - Processing file /home/airflow/.local/lib/python3.8/site-packages/airflow/example_dags/example_task_group.py for tasks to queue
[2025-07-08T09:36:09.517+0000] {logging_mixin.py:188} INFO - [2025-07-08T09:36:09.517+0000] {dagbag.py:538} INFO - Filling up the DagBag from /home/airflow/.local/lib/python3.8/site-packages/airflow/example_dags/example_task_group.py
[2025-07-08T09:36:09.545+0000] {processor.py:840} INFO - DAG(s) 'example_task_group' retrieved from /home/airflow/.local/lib/python3.8/site-packages/airflow/example_dags/example_task_group.py
[2025-07-08T09:36:09.700+0000] {logging_mixin.py:188} INFO - [2025-07-08T09:36:09.696+0000] {dag.py:3036} INFO - Sync 1 DAGs
[2025-07-08T09:36:09.762+0000] {logging_mixin.py:188} INFO - [2025-07-08T09:36:09.761+0000] {dag.py:3823} INFO - Setting next_dagrun for example_task_group to 2025-07-07 00:00:00+00:00, run_after=2025-07-08 00:00:00+00:00
[2025-07-08T09:36:09.805+0000] {processor.py:183} INFO - Processing /home/airflow/.local/lib/python3.8/site-packages/airflow/example_dags/example_task_group.py took 0.299 seconds
[2025-07-08T09:36:40.463+0000] {processor.py:161} INFO - Started process (PID=4052) to work on /home/airflow/.local/lib/python3.8/site-packages/airflow/example_dags/example_task_group.py
[2025-07-08T09:36:40.480+0000] {processor.py:830} INFO - Processing file /home/airflow/.local/lib/python3.8/site-packages/airflow/example_dags/example_task_group.py for tasks to queue
[2025-07-08T09:36:40.483+0000] {logging_mixin.py:188} INFO - [2025-07-08T09:36:40.483+0000] {dagbag.py:538} INFO - Filling up the DagBag from /home/airflow/.local/lib/python3.8/site-packages/airflow/example_dags/example_task_group.py
[2025-07-08T09:36:40.499+0000] {processor.py:840} INFO - DAG(s) 'example_task_group' retrieved from /home/airflow/.local/lib/python3.8/site-packages/airflow/example_dags/example_task_group.py
[2025-07-08T09:36:40.542+0000] {logging_mixin.py:188} INFO - [2025-07-08T09:36:40.542+0000] {dag.py:3036} INFO - Sync 1 DAGs
[2025-07-08T09:36:40.588+0000] {logging_mixin.py:188} INFO - [2025-07-08T09:36:40.588+0000] {dag.py:3823} INFO - Setting next_dagrun for example_task_group to 2025-07-07 00:00:00+00:00, run_after=2025-07-08 00:00:00+00:00
[2025-07-08T09:36:40.622+0000] {processor.py:183} INFO - Processing /home/airflow/.local/lib/python3.8/site-packages/airflow/example_dags/example_task_group.py took 0.191 seconds
[2025-07-08T09:37:11.368+0000] {processor.py:161} INFO - Started process (PID=4118) to work on /home/airflow/.local/lib/python3.8/site-packages/airflow/example_dags/example_task_group.py
[2025-07-08T09:37:11.370+0000] {processor.py:830} INFO - Processing file /home/airflow/.local/lib/python3.8/site-packages/airflow/example_dags/example_task_group.py for tasks to queue
[2025-07-08T09:37:11.373+0000] {logging_mixin.py:188} INFO - [2025-07-08T09:37:11.373+0000] {dagbag.py:538} INFO - Filling up the DagBag from /home/airflow/.local/lib/python3.8/site-packages/airflow/example_dags/example_task_group.py
[2025-07-08T09:37:11.386+0000] {processor.py:840} INFO - DAG(s) 'example_task_group' retrieved from /home/airflow/.local/lib/python3.8/site-packages/airflow/example_dags/example_task_group.py
[2025-07-08T09:37:11.457+0000] {logging_mixin.py:188} INFO - [2025-07-08T09:37:11.457+0000] {dag.py:3036} INFO - Sync 1 DAGs
[2025-07-08T09:37:11.543+0000] {logging_mixin.py:188} INFO - [2025-07-08T09:37:11.543+0000] {dag.py:3823} INFO - Setting next_dagrun for example_task_group to 2025-07-07 00:00:00+00:00, run_after=2025-07-08 00:00:00+00:00
[2025-07-08T09:37:11.580+0000] {processor.py:183} INFO - Processing /home/airflow/.local/lib/python3.8/site-packages/airflow/example_dags/example_task_group.py took 0.218 seconds
[2025-07-08T09:37:42.067+0000] {processor.py:161} INFO - Started process (PID=4187) to work on /home/airflow/.local/lib/python3.8/site-packages/airflow/example_dags/example_task_group.py
[2025-07-08T09:37:42.068+0000] {processor.py:830} INFO - Processing file /home/airflow/.local/lib/python3.8/site-packages/airflow/example_dags/example_task_group.py for tasks to queue
[2025-07-08T09:37:42.071+0000] {logging_mixin.py:188} INFO - [2025-07-08T09:37:42.071+0000] {dagbag.py:538} INFO - Filling up the DagBag from /home/airflow/.local/lib/python3.8/site-packages/airflow/example_dags/example_task_group.py
[2025-07-08T09:37:42.102+0000] {processor.py:840} INFO - DAG(s) 'example_task_group' retrieved from /home/airflow/.local/lib/python3.8/site-packages/airflow/example_dags/example_task_group.py
[2025-07-08T09:37:42.143+0000] {logging_mixin.py:188} INFO - [2025-07-08T09:37:42.143+0000] {dag.py:3036} INFO - Sync 1 DAGs
[2025-07-08T09:37:42.208+0000] {logging_mixin.py:188} INFO - [2025-07-08T09:37:42.207+0000] {dag.py:3823} INFO - Setting next_dagrun for example_task_group to 2025-07-07 00:00:00+00:00, run_after=2025-07-08 00:00:00+00:00
[2025-07-08T09:37:42.298+0000] {processor.py:183} INFO - Processing /home/airflow/.local/lib/python3.8/site-packages/airflow/example_dags/example_task_group.py took 0.238 seconds
[2025-07-08T09:38:12.705+0000] {processor.py:161} INFO - Started process (PID=4253) to work on /home/airflow/.local/lib/python3.8/site-packages/airflow/example_dags/example_task_group.py
[2025-07-08T09:38:12.706+0000] {processor.py:830} INFO - Processing file /home/airflow/.local/lib/python3.8/site-packages/airflow/example_dags/example_task_group.py for tasks to queue
[2025-07-08T09:38:12.709+0000] {logging_mixin.py:188} INFO - [2025-07-08T09:38:12.709+0000] {dagbag.py:538} INFO - Filling up the DagBag from /home/airflow/.local/lib/python3.8/site-packages/airflow/example_dags/example_task_group.py
[2025-07-08T09:38:12.724+0000] {processor.py:840} INFO - DAG(s) 'example_task_group' retrieved from /home/airflow/.local/lib/python3.8/site-packages/airflow/example_dags/example_task_group.py
[2025-07-08T09:38:12.777+0000] {logging_mixin.py:188} INFO - [2025-07-08T09:38:12.776+0000] {dag.py:3036} INFO - Sync 1 DAGs
[2025-07-08T09:38:12.821+0000] {logging_mixin.py:188} INFO - [2025-07-08T09:38:12.821+0000] {dag.py:3823} INFO - Setting next_dagrun for example_task_group to 2025-07-07 00:00:00+00:00, run_after=2025-07-08 00:00:00+00:00
[2025-07-08T09:38:12.854+0000] {processor.py:183} INFO - Processing /home/airflow/.local/lib/python3.8/site-packages/airflow/example_dags/example_task_group.py took 0.156 seconds
[2025-07-08T09:38:43.135+0000] {processor.py:161} INFO - Started process (PID=4320) to work on /home/airflow/.local/lib/python3.8/site-packages/airflow/example_dags/example_task_group.py
[2025-07-08T09:38:43.138+0000] {processor.py:830} INFO - Processing file /home/airflow/.local/lib/python3.8/site-packages/airflow/example_dags/example_task_group.py for tasks to queue
[2025-07-08T09:38:43.141+0000] {logging_mixin.py:188} INFO - [2025-07-08T09:38:43.140+0000] {dagbag.py:538} INFO - Filling up the DagBag from /home/airflow/.local/lib/python3.8/site-packages/airflow/example_dags/example_task_group.py
[2025-07-08T09:38:43.156+0000] {processor.py:840} INFO - DAG(s) 'example_task_group' retrieved from /home/airflow/.local/lib/python3.8/site-packages/airflow/example_dags/example_task_group.py
[2025-07-08T09:38:43.215+0000] {logging_mixin.py:188} INFO - [2025-07-08T09:38:43.215+0000] {dag.py:3036} INFO - Sync 1 DAGs
[2025-07-08T09:38:43.271+0000] {logging_mixin.py:188} INFO - [2025-07-08T09:38:43.271+0000] {dag.py:3823} INFO - Setting next_dagrun for example_task_group to 2025-07-07 00:00:00+00:00, run_after=2025-07-08 00:00:00+00:00
[2025-07-08T09:38:43.315+0000] {processor.py:183} INFO - Processing /home/airflow/.local/lib/python3.8/site-packages/airflow/example_dags/example_task_group.py took 0.187 seconds
[2025-07-08T09:39:13.701+0000] {processor.py:161} INFO - Started process (PID=4387) to work on /home/airflow/.local/lib/python3.8/site-packages/airflow/example_dags/example_task_group.py
[2025-07-08T09:39:13.702+0000] {processor.py:830} INFO - Processing file /home/airflow/.local/lib/python3.8/site-packages/airflow/example_dags/example_task_group.py for tasks to queue
[2025-07-08T09:39:13.705+0000] {logging_mixin.py:188} INFO - [2025-07-08T09:39:13.705+0000] {dagbag.py:538} INFO - Filling up the DagBag from /home/airflow/.local/lib/python3.8/site-packages/airflow/example_dags/example_task_group.py
[2025-07-08T09:39:13.720+0000] {processor.py:840} INFO - DAG(s) 'example_task_group' retrieved from /home/airflow/.local/lib/python3.8/site-packages/airflow/example_dags/example_task_group.py
[2025-07-08T09:39:13.761+0000] {logging_mixin.py:188} INFO - [2025-07-08T09:39:13.760+0000] {dag.py:3036} INFO - Sync 1 DAGs
[2025-07-08T09:39:13.807+0000] {logging_mixin.py:188} INFO - [2025-07-08T09:39:13.807+0000] {dag.py:3823} INFO - Setting next_dagrun for example_task_group to 2025-07-07 00:00:00+00:00, run_after=2025-07-08 00:00:00+00:00
[2025-07-08T09:39:13.841+0000] {processor.py:183} INFO - Processing /home/airflow/.local/lib/python3.8/site-packages/airflow/example_dags/example_task_group.py took 0.146 seconds
[2025-07-08T09:39:44.553+0000] {processor.py:161} INFO - Started process (PID=4453) to work on /home/airflow/.local/lib/python3.8/site-packages/airflow/example_dags/example_task_group.py
[2025-07-08T09:39:44.571+0000] {processor.py:830} INFO - Processing file /home/airflow/.local/lib/python3.8/site-packages/airflow/example_dags/example_task_group.py for tasks to queue
[2025-07-08T09:39:44.584+0000] {logging_mixin.py:188} INFO - [2025-07-08T09:39:44.584+0000] {dagbag.py:538} INFO - Filling up the DagBag from /home/airflow/.local/lib/python3.8/site-packages/airflow/example_dags/example_task_group.py
[2025-07-08T09:39:44.598+0000] {processor.py:840} INFO - DAG(s) 'example_task_group' retrieved from /home/airflow/.local/lib/python3.8/site-packages/airflow/example_dags/example_task_group.py
[2025-07-08T09:39:44.643+0000] {logging_mixin.py:188} INFO - [2025-07-08T09:39:44.643+0000] {dag.py:3036} INFO - Sync 1 DAGs
[2025-07-08T09:39:44.720+0000] {logging_mixin.py:188} INFO - [2025-07-08T09:39:44.719+0000] {dag.py:3823} INFO - Setting next_dagrun for example_task_group to 2025-07-07 00:00:00+00:00, run_after=2025-07-08 00:00:00+00:00
[2025-07-08T09:39:44.756+0000] {processor.py:183} INFO - Processing /home/airflow/.local/lib/python3.8/site-packages/airflow/example_dags/example_task_group.py took 0.230 seconds
[2025-07-08T09:40:15.195+0000] {processor.py:161} INFO - Started process (PID=4520) to work on /home/airflow/.local/lib/python3.8/site-packages/airflow/example_dags/example_task_group.py
[2025-07-08T09:40:15.197+0000] {processor.py:830} INFO - Processing file /home/airflow/.local/lib/python3.8/site-packages/airflow/example_dags/example_task_group.py for tasks to queue
[2025-07-08T09:40:15.207+0000] {logging_mixin.py:188} INFO - [2025-07-08T09:40:15.206+0000] {dagbag.py:538} INFO - Filling up the DagBag from /home/airflow/.local/lib/python3.8/site-packages/airflow/example_dags/example_task_group.py
[2025-07-08T09:40:15.237+0000] {processor.py:840} INFO - DAG(s) 'example_task_group' retrieved from /home/airflow/.local/lib/python3.8/site-packages/airflow/example_dags/example_task_group.py
[2025-07-08T09:40:15.340+0000] {logging_mixin.py:188} INFO - [2025-07-08T09:40:15.339+0000] {dag.py:3036} INFO - Sync 1 DAGs
[2025-07-08T09:40:15.470+0000] {logging_mixin.py:188} INFO - [2025-07-08T09:40:15.470+0000] {dag.py:3823} INFO - Setting next_dagrun for example_task_group to 2025-07-07 00:00:00+00:00, run_after=2025-07-08 00:00:00+00:00
[2025-07-08T09:40:15.527+0000] {processor.py:183} INFO - Processing /home/airflow/.local/lib/python3.8/site-packages/airflow/example_dags/example_task_group.py took 0.342 seconds
[2025-07-08T09:40:46.320+0000] {processor.py:161} INFO - Started process (PID=4587) to work on /home/airflow/.local/lib/python3.8/site-packages/airflow/example_dags/example_task_group.py
[2025-07-08T09:40:46.336+0000] {processor.py:830} INFO - Processing file /home/airflow/.local/lib/python3.8/site-packages/airflow/example_dags/example_task_group.py for tasks to queue
[2025-07-08T09:40:46.339+0000] {logging_mixin.py:188} INFO - [2025-07-08T09:40:46.338+0000] {dagbag.py:538} INFO - Filling up the DagBag from /home/airflow/.local/lib/python3.8/site-packages/airflow/example_dags/example_task_group.py
[2025-07-08T09:40:46.375+0000] {processor.py:840} INFO - DAG(s) 'example_task_group' retrieved from /home/airflow/.local/lib/python3.8/site-packages/airflow/example_dags/example_task_group.py
[2025-07-08T09:40:46.461+0000] {logging_mixin.py:188} INFO - [2025-07-08T09:40:46.461+0000] {dag.py:3036} INFO - Sync 1 DAGs
[2025-07-08T09:40:46.563+0000] {logging_mixin.py:188} INFO - [2025-07-08T09:40:46.560+0000] {dag.py:3823} INFO - Setting next_dagrun for example_task_group to 2025-07-07 00:00:00+00:00, run_after=2025-07-08 00:00:00+00:00
[2025-07-08T09:40:46.644+0000] {processor.py:183} INFO - Processing /home/airflow/.local/lib/python3.8/site-packages/airflow/example_dags/example_task_group.py took 0.331 seconds
[2025-07-08T09:41:17.478+0000] {processor.py:161} INFO - Started process (PID=4645) to work on /home/airflow/.local/lib/python3.8/site-packages/airflow/example_dags/example_task_group.py
[2025-07-08T09:41:17.479+0000] {processor.py:830} INFO - Processing file /home/airflow/.local/lib/python3.8/site-packages/airflow/example_dags/example_task_group.py for tasks to queue
[2025-07-08T09:41:17.483+0000] {logging_mixin.py:188} INFO - [2025-07-08T09:41:17.482+0000] {dagbag.py:538} INFO - Filling up the DagBag from /home/airflow/.local/lib/python3.8/site-packages/airflow/example_dags/example_task_group.py
[2025-07-08T09:41:17.497+0000] {processor.py:840} INFO - DAG(s) 'example_task_group' retrieved from /home/airflow/.local/lib/python3.8/site-packages/airflow/example_dags/example_task_group.py
[2025-07-08T09:41:17.539+0000] {logging_mixin.py:188} INFO - [2025-07-08T09:41:17.538+0000] {dag.py:3036} INFO - Sync 1 DAGs
[2025-07-08T09:41:17.583+0000] {logging_mixin.py:188} INFO - [2025-07-08T09:41:17.583+0000] {dag.py:3823} INFO - Setting next_dagrun for example_task_group to 2025-07-07 00:00:00+00:00, run_after=2025-07-08 00:00:00+00:00
[2025-07-08T09:41:17.615+0000] {processor.py:183} INFO - Processing /home/airflow/.local/lib/python3.8/site-packages/airflow/example_dags/example_task_group.py took 0.148 seconds
[2025-07-08T09:41:47.804+0000] {processor.py:161} INFO - Started process (PID=4711) to work on /home/airflow/.local/lib/python3.8/site-packages/airflow/example_dags/example_task_group.py
[2025-07-08T09:41:47.806+0000] {processor.py:830} INFO - Processing file /home/airflow/.local/lib/python3.8/site-packages/airflow/example_dags/example_task_group.py for tasks to queue
[2025-07-08T09:41:47.819+0000] {logging_mixin.py:188} INFO - [2025-07-08T09:41:47.818+0000] {dagbag.py:538} INFO - Filling up the DagBag from /home/airflow/.local/lib/python3.8/site-packages/airflow/example_dags/example_task_group.py
[2025-07-08T09:41:47.833+0000] {processor.py:840} INFO - DAG(s) 'example_task_group' retrieved from /home/airflow/.local/lib/python3.8/site-packages/airflow/example_dags/example_task_group.py
[2025-07-08T09:41:47.878+0000] {logging_mixin.py:188} INFO - [2025-07-08T09:41:47.878+0000] {dag.py:3036} INFO - Sync 1 DAGs
[2025-07-08T09:41:47.929+0000] {logging_mixin.py:188} INFO - [2025-07-08T09:41:47.928+0000] {dag.py:3823} INFO - Setting next_dagrun for example_task_group to 2025-07-07 00:00:00+00:00, run_after=2025-07-08 00:00:00+00:00
[2025-07-08T09:41:47.965+0000] {processor.py:183} INFO - Processing /home/airflow/.local/lib/python3.8/site-packages/airflow/example_dags/example_task_group.py took 0.167 seconds
[2025-07-08T09:42:18.290+0000] {processor.py:161} INFO - Started process (PID=4777) to work on /home/airflow/.local/lib/python3.8/site-packages/airflow/example_dags/example_task_group.py
[2025-07-08T09:42:18.296+0000] {processor.py:830} INFO - Processing file /home/airflow/.local/lib/python3.8/site-packages/airflow/example_dags/example_task_group.py for tasks to queue
[2025-07-08T09:42:18.300+0000] {logging_mixin.py:188} INFO - [2025-07-08T09:42:18.299+0000] {dagbag.py:538} INFO - Filling up the DagBag from /home/airflow/.local/lib/python3.8/site-packages/airflow/example_dags/example_task_group.py
[2025-07-08T09:42:18.326+0000] {processor.py:840} INFO - DAG(s) 'example_task_group' retrieved from /home/airflow/.local/lib/python3.8/site-packages/airflow/example_dags/example_task_group.py
[2025-07-08T09:42:18.432+0000] {logging_mixin.py:188} INFO - [2025-07-08T09:42:18.425+0000] {dag.py:3036} INFO - Sync 1 DAGs
[2025-07-08T09:42:18.514+0000] {logging_mixin.py:188} INFO - [2025-07-08T09:42:18.514+0000] {dag.py:3823} INFO - Setting next_dagrun for example_task_group to 2025-07-07 00:00:00+00:00, run_after=2025-07-08 00:00:00+00:00
[2025-07-08T09:42:18.582+0000] {processor.py:183} INFO - Processing /home/airflow/.local/lib/python3.8/site-packages/airflow/example_dags/example_task_group.py took 0.336 seconds
[2025-07-08T09:42:48.856+0000] {processor.py:161} INFO - Started process (PID=4843) to work on /home/airflow/.local/lib/python3.8/site-packages/airflow/example_dags/example_task_group.py
[2025-07-08T09:42:48.857+0000] {processor.py:830} INFO - Processing file /home/airflow/.local/lib/python3.8/site-packages/airflow/example_dags/example_task_group.py for tasks to queue
[2025-07-08T09:42:48.860+0000] {logging_mixin.py:188} INFO - [2025-07-08T09:42:48.860+0000] {dagbag.py:538} INFO - Filling up the DagBag from /home/airflow/.local/lib/python3.8/site-packages/airflow/example_dags/example_task_group.py
[2025-07-08T09:42:48.883+0000] {processor.py:840} INFO - DAG(s) 'example_task_group' retrieved from /home/airflow/.local/lib/python3.8/site-packages/airflow/example_dags/example_task_group.py
[2025-07-08T09:42:48.989+0000] {logging_mixin.py:188} INFO - [2025-07-08T09:42:48.988+0000] {dag.py:3036} INFO - Sync 1 DAGs
[2025-07-08T09:42:49.082+0000] {logging_mixin.py:188} INFO - [2025-07-08T09:42:49.082+0000] {dag.py:3823} INFO - Setting next_dagrun for example_task_group to 2025-07-07 00:00:00+00:00, run_after=2025-07-08 00:00:00+00:00
[2025-07-08T09:42:49.149+0000] {processor.py:183} INFO - Processing /home/airflow/.local/lib/python3.8/site-packages/airflow/example_dags/example_task_group.py took 0.299 seconds
[2025-07-08T09:43:19.628+0000] {processor.py:161} INFO - Started process (PID=4908) to work on /home/airflow/.local/lib/python3.8/site-packages/airflow/example_dags/example_task_group.py
[2025-07-08T09:43:19.636+0000] {processor.py:830} INFO - Processing file /home/airflow/.local/lib/python3.8/site-packages/airflow/example_dags/example_task_group.py for tasks to queue
[2025-07-08T09:43:19.639+0000] {logging_mixin.py:188} INFO - [2025-07-08T09:43:19.639+0000] {dagbag.py:538} INFO - Filling up the DagBag from /home/airflow/.local/lib/python3.8/site-packages/airflow/example_dags/example_task_group.py
[2025-07-08T09:43:19.669+0000] {processor.py:840} INFO - DAG(s) 'example_task_group' retrieved from /home/airflow/.local/lib/python3.8/site-packages/airflow/example_dags/example_task_group.py
[2025-07-08T09:43:19.753+0000] {logging_mixin.py:188} INFO - [2025-07-08T09:43:19.753+0000] {dag.py:3036} INFO - Sync 1 DAGs
[2025-07-08T09:43:19.802+0000] {logging_mixin.py:188} INFO - [2025-07-08T09:43:19.801+0000] {dag.py:3823} INFO - Setting next_dagrun for example_task_group to 2025-07-07 00:00:00+00:00, run_after=2025-07-08 00:00:00+00:00
[2025-07-08T09:43:19.854+0000] {processor.py:183} INFO - Processing /home/airflow/.local/lib/python3.8/site-packages/airflow/example_dags/example_task_group.py took 0.240 seconds
[2025-07-08T09:43:50.219+0000] {processor.py:161} INFO - Started process (PID=4966) to work on /home/airflow/.local/lib/python3.8/site-packages/airflow/example_dags/example_task_group.py
[2025-07-08T09:43:50.220+0000] {processor.py:830} INFO - Processing file /home/airflow/.local/lib/python3.8/site-packages/airflow/example_dags/example_task_group.py for tasks to queue
[2025-07-08T09:43:50.223+0000] {logging_mixin.py:188} INFO - [2025-07-08T09:43:50.223+0000] {dagbag.py:538} INFO - Filling up the DagBag from /home/airflow/.local/lib/python3.8/site-packages/airflow/example_dags/example_task_group.py
[2025-07-08T09:43:50.237+0000] {processor.py:840} INFO - DAG(s) 'example_task_group' retrieved from /home/airflow/.local/lib/python3.8/site-packages/airflow/example_dags/example_task_group.py
[2025-07-08T09:43:50.283+0000] {logging_mixin.py:188} INFO - [2025-07-08T09:43:50.283+0000] {dag.py:3036} INFO - Sync 1 DAGs
[2025-07-08T09:43:50.351+0000] {logging_mixin.py:188} INFO - [2025-07-08T09:43:50.350+0000] {dag.py:3823} INFO - Setting next_dagrun for example_task_group to 2025-07-07 00:00:00+00:00, run_after=2025-07-08 00:00:00+00:00
[2025-07-08T09:43:50.386+0000] {processor.py:183} INFO - Processing /home/airflow/.local/lib/python3.8/site-packages/airflow/example_dags/example_task_group.py took 0.173 seconds
[2025-07-08T09:44:20.654+0000] {processor.py:161} INFO - Started process (PID=5032) to work on /home/airflow/.local/lib/python3.8/site-packages/airflow/example_dags/example_task_group.py
[2025-07-08T09:44:20.657+0000] {processor.py:830} INFO - Processing file /home/airflow/.local/lib/python3.8/site-packages/airflow/example_dags/example_task_group.py for tasks to queue
[2025-07-08T09:44:20.659+0000] {logging_mixin.py:188} INFO - [2025-07-08T09:44:20.659+0000] {dagbag.py:538} INFO - Filling up the DagBag from /home/airflow/.local/lib/python3.8/site-packages/airflow/example_dags/example_task_group.py
[2025-07-08T09:44:20.674+0000] {processor.py:840} INFO - DAG(s) 'example_task_group' retrieved from /home/airflow/.local/lib/python3.8/site-packages/airflow/example_dags/example_task_group.py
[2025-07-08T09:44:20.727+0000] {logging_mixin.py:188} INFO - [2025-07-08T09:44:20.726+0000] {dag.py:3036} INFO - Sync 1 DAGs
[2025-07-08T09:44:20.777+0000] {logging_mixin.py:188} INFO - [2025-07-08T09:44:20.777+0000] {dag.py:3823} INFO - Setting next_dagrun for example_task_group to 2025-07-07 00:00:00+00:00, run_after=2025-07-08 00:00:00+00:00
[2025-07-08T09:44:20.816+0000] {processor.py:183} INFO - Processing /home/airflow/.local/lib/python3.8/site-packages/airflow/example_dags/example_task_group.py took 0.169 seconds
[2025-07-08T09:44:51.075+0000] {processor.py:161} INFO - Started process (PID=5097) to work on /home/airflow/.local/lib/python3.8/site-packages/airflow/example_dags/example_task_group.py
[2025-07-08T09:44:51.085+0000] {processor.py:830} INFO - Processing file /home/airflow/.local/lib/python3.8/site-packages/airflow/example_dags/example_task_group.py for tasks to queue
[2025-07-08T09:44:51.100+0000] {logging_mixin.py:188} INFO - [2025-07-08T09:44:51.088+0000] {dagbag.py:538} INFO - Filling up the DagBag from /home/airflow/.local/lib/python3.8/site-packages/airflow/example_dags/example_task_group.py
[2025-07-08T09:44:51.115+0000] {processor.py:840} INFO - DAG(s) 'example_task_group' retrieved from /home/airflow/.local/lib/python3.8/site-packages/airflow/example_dags/example_task_group.py
[2025-07-08T09:44:51.189+0000] {logging_mixin.py:188} INFO - [2025-07-08T09:44:51.189+0000] {dag.py:3036} INFO - Sync 1 DAGs
[2025-07-08T09:44:51.328+0000] {logging_mixin.py:188} INFO - [2025-07-08T09:44:51.328+0000] {dag.py:3823} INFO - Setting next_dagrun for example_task_group to 2025-07-07 00:00:00+00:00, run_after=2025-07-08 00:00:00+00:00
[2025-07-08T09:44:51.416+0000] {processor.py:183} INFO - Processing /home/airflow/.local/lib/python3.8/site-packages/airflow/example_dags/example_task_group.py took 0.364 seconds
[2025-07-08T09:45:22.184+0000] {processor.py:161} INFO - Started process (PID=5155) to work on /home/airflow/.local/lib/python3.8/site-packages/airflow/example_dags/example_task_group.py
[2025-07-08T09:45:22.186+0000] {processor.py:830} INFO - Processing file /home/airflow/.local/lib/python3.8/site-packages/airflow/example_dags/example_task_group.py for tasks to queue
[2025-07-08T09:45:22.189+0000] {logging_mixin.py:188} INFO - [2025-07-08T09:45:22.189+0000] {dagbag.py:538} INFO - Filling up the DagBag from /home/airflow/.local/lib/python3.8/site-packages/airflow/example_dags/example_task_group.py
[2025-07-08T09:45:22.203+0000] {processor.py:840} INFO - DAG(s) 'example_task_group' retrieved from /home/airflow/.local/lib/python3.8/site-packages/airflow/example_dags/example_task_group.py
[2025-07-08T09:45:22.244+0000] {logging_mixin.py:188} INFO - [2025-07-08T09:45:22.244+0000] {dag.py:3036} INFO - Sync 1 DAGs
[2025-07-08T09:45:22.295+0000] {logging_mixin.py:188} INFO - [2025-07-08T09:45:22.295+0000] {dag.py:3823} INFO - Setting next_dagrun for example_task_group to 2025-07-07 00:00:00+00:00, run_after=2025-07-08 00:00:00+00:00
[2025-07-08T09:45:22.372+0000] {processor.py:183} INFO - Processing /home/airflow/.local/lib/python3.8/site-packages/airflow/example_dags/example_task_group.py took 0.194 seconds
[2025-07-08T09:45:52.556+0000] {processor.py:161} INFO - Started process (PID=5221) to work on /home/airflow/.local/lib/python3.8/site-packages/airflow/example_dags/example_task_group.py
[2025-07-08T09:45:52.558+0000] {processor.py:830} INFO - Processing file /home/airflow/.local/lib/python3.8/site-packages/airflow/example_dags/example_task_group.py for tasks to queue
[2025-07-08T09:45:52.561+0000] {logging_mixin.py:188} INFO - [2025-07-08T09:45:52.560+0000] {dagbag.py:538} INFO - Filling up the DagBag from /home/airflow/.local/lib/python3.8/site-packages/airflow/example_dags/example_task_group.py
[2025-07-08T09:45:52.574+0000] {processor.py:840} INFO - DAG(s) 'example_task_group' retrieved from /home/airflow/.local/lib/python3.8/site-packages/airflow/example_dags/example_task_group.py
[2025-07-08T09:45:52.617+0000] {logging_mixin.py:188} INFO - [2025-07-08T09:45:52.616+0000] {dag.py:3036} INFO - Sync 1 DAGs
[2025-07-08T09:45:52.661+0000] {logging_mixin.py:188} INFO - [2025-07-08T09:45:52.661+0000] {dag.py:3823} INFO - Setting next_dagrun for example_task_group to 2025-07-07 00:00:00+00:00, run_after=2025-07-08 00:00:00+00:00
[2025-07-08T09:45:52.700+0000] {processor.py:183} INFO - Processing /home/airflow/.local/lib/python3.8/site-packages/airflow/example_dags/example_task_group.py took 0.151 seconds
[2025-07-08T09:46:23.270+0000] {processor.py:161} INFO - Started process (PID=5285) to work on /home/airflow/.local/lib/python3.8/site-packages/airflow/example_dags/example_task_group.py
[2025-07-08T09:46:23.276+0000] {processor.py:830} INFO - Processing file /home/airflow/.local/lib/python3.8/site-packages/airflow/example_dags/example_task_group.py for tasks to queue
[2025-07-08T09:46:23.279+0000] {logging_mixin.py:188} INFO - [2025-07-08T09:46:23.279+0000] {dagbag.py:538} INFO - Filling up the DagBag from /home/airflow/.local/lib/python3.8/site-packages/airflow/example_dags/example_task_group.py
[2025-07-08T09:46:23.297+0000] {processor.py:840} INFO - DAG(s) 'example_task_group' retrieved from /home/airflow/.local/lib/python3.8/site-packages/airflow/example_dags/example_task_group.py
[2025-07-08T09:46:23.364+0000] {logging_mixin.py:188} INFO - [2025-07-08T09:46:23.364+0000] {dag.py:3036} INFO - Sync 1 DAGs
[2025-07-08T09:46:23.427+0000] {logging_mixin.py:188} INFO - [2025-07-08T09:46:23.427+0000] {dag.py:3823} INFO - Setting next_dagrun for example_task_group to 2025-07-07 00:00:00+00:00, run_after=2025-07-08 00:00:00+00:00
[2025-07-08T09:46:23.461+0000] {processor.py:183} INFO - Processing /home/airflow/.local/lib/python3.8/site-packages/airflow/example_dags/example_task_group.py took 0.212 seconds
[2025-07-08T09:46:53.751+0000] {processor.py:161} INFO - Started process (PID=5351) to work on /home/airflow/.local/lib/python3.8/site-packages/airflow/example_dags/example_task_group.py
[2025-07-08T09:46:53.753+0000] {processor.py:830} INFO - Processing file /home/airflow/.local/lib/python3.8/site-packages/airflow/example_dags/example_task_group.py for tasks to queue
[2025-07-08T09:46:53.756+0000] {logging_mixin.py:188} INFO - [2025-07-08T09:46:53.756+0000] {dagbag.py:538} INFO - Filling up the DagBag from /home/airflow/.local/lib/python3.8/site-packages/airflow/example_dags/example_task_group.py
[2025-07-08T09:46:53.771+0000] {processor.py:840} INFO - DAG(s) 'example_task_group' retrieved from /home/airflow/.local/lib/python3.8/site-packages/airflow/example_dags/example_task_group.py
[2025-07-08T09:46:53.814+0000] {logging_mixin.py:188} INFO - [2025-07-08T09:46:53.813+0000] {dag.py:3036} INFO - Sync 1 DAGs
[2025-07-08T09:46:53.857+0000] {logging_mixin.py:188} INFO - [2025-07-08T09:46:53.857+0000] {dag.py:3823} INFO - Setting next_dagrun for example_task_group to 2025-07-07 00:00:00+00:00, run_after=2025-07-08 00:00:00+00:00
[2025-07-08T09:46:53.893+0000] {processor.py:183} INFO - Processing /home/airflow/.local/lib/python3.8/site-packages/airflow/example_dags/example_task_group.py took 0.149 seconds
[2025-07-08T09:47:24.336+0000] {processor.py:161} INFO - Started process (PID=5415) to work on /home/airflow/.local/lib/python3.8/site-packages/airflow/example_dags/example_task_group.py
[2025-07-08T09:47:24.339+0000] {processor.py:830} INFO - Processing file /home/airflow/.local/lib/python3.8/site-packages/airflow/example_dags/example_task_group.py for tasks to queue
[2025-07-08T09:47:24.342+0000] {logging_mixin.py:188} INFO - [2025-07-08T09:47:24.341+0000] {dagbag.py:538} INFO - Filling up the DagBag from /home/airflow/.local/lib/python3.8/site-packages/airflow/example_dags/example_task_group.py
[2025-07-08T09:47:24.357+0000] {processor.py:840} INFO - DAG(s) 'example_task_group' retrieved from /home/airflow/.local/lib/python3.8/site-packages/airflow/example_dags/example_task_group.py
[2025-07-08T09:47:24.399+0000] {logging_mixin.py:188} INFO - [2025-07-08T09:47:24.399+0000] {dag.py:3036} INFO - Sync 1 DAGs
[2025-07-08T09:47:24.445+0000] {logging_mixin.py:188} INFO - [2025-07-08T09:47:24.445+0000] {dag.py:3823} INFO - Setting next_dagrun for example_task_group to 2025-07-07 00:00:00+00:00, run_after=2025-07-08 00:00:00+00:00
[2025-07-08T09:47:24.478+0000] {processor.py:183} INFO - Processing /home/airflow/.local/lib/python3.8/site-packages/airflow/example_dags/example_task_group.py took 0.148 seconds
[2025-07-08T09:47:54.907+0000] {processor.py:161} INFO - Started process (PID=5481) to work on /home/airflow/.local/lib/python3.8/site-packages/airflow/example_dags/example_task_group.py
[2025-07-08T09:47:54.908+0000] {processor.py:830} INFO - Processing file /home/airflow/.local/lib/python3.8/site-packages/airflow/example_dags/example_task_group.py for tasks to queue
[2025-07-08T09:47:54.911+0000] {logging_mixin.py:188} INFO - [2025-07-08T09:47:54.911+0000] {dagbag.py:538} INFO - Filling up the DagBag from /home/airflow/.local/lib/python3.8/site-packages/airflow/example_dags/example_task_group.py
[2025-07-08T09:47:54.925+0000] {processor.py:840} INFO - DAG(s) 'example_task_group' retrieved from /home/airflow/.local/lib/python3.8/site-packages/airflow/example_dags/example_task_group.py
[2025-07-08T09:47:54.968+0000] {logging_mixin.py:188} INFO - [2025-07-08T09:47:54.967+0000] {dag.py:3036} INFO - Sync 1 DAGs
[2025-07-08T09:47:55.029+0000] {logging_mixin.py:188} INFO - [2025-07-08T09:47:55.029+0000] {dag.py:3823} INFO - Setting next_dagrun for example_task_group to 2025-07-07 00:00:00+00:00, run_after=2025-07-08 00:00:00+00:00
[2025-07-08T09:47:55.073+0000] {processor.py:183} INFO - Processing /home/airflow/.local/lib/python3.8/site-packages/airflow/example_dags/example_task_group.py took 0.172 seconds
[2025-07-08T09:48:25.677+0000] {processor.py:161} INFO - Started process (PID=5547) to work on /home/airflow/.local/lib/python3.8/site-packages/airflow/example_dags/example_task_group.py
[2025-07-08T09:48:25.679+0000] {processor.py:830} INFO - Processing file /home/airflow/.local/lib/python3.8/site-packages/airflow/example_dags/example_task_group.py for tasks to queue
[2025-07-08T09:48:25.682+0000] {logging_mixin.py:188} INFO - [2025-07-08T09:48:25.681+0000] {dagbag.py:538} INFO - Filling up the DagBag from /home/airflow/.local/lib/python3.8/site-packages/airflow/example_dags/example_task_group.py
[2025-07-08T09:48:25.696+0000] {processor.py:840} INFO - DAG(s) 'example_task_group' retrieved from /home/airflow/.local/lib/python3.8/site-packages/airflow/example_dags/example_task_group.py
[2025-07-08T09:48:25.742+0000] {logging_mixin.py:188} INFO - [2025-07-08T09:48:25.742+0000] {dag.py:3036} INFO - Sync 1 DAGs
[2025-07-08T09:48:25.788+0000] {logging_mixin.py:188} INFO - [2025-07-08T09:48:25.788+0000] {dag.py:3823} INFO - Setting next_dagrun for example_task_group to 2025-07-07 00:00:00+00:00, run_after=2025-07-08 00:00:00+00:00
[2025-07-08T09:48:25.823+0000] {processor.py:183} INFO - Processing /home/airflow/.local/lib/python3.8/site-packages/airflow/example_dags/example_task_group.py took 0.153 seconds
[2025-07-08T09:48:56.821+0000] {processor.py:161} INFO - Started process (PID=5612) to work on /home/airflow/.local/lib/python3.8/site-packages/airflow/example_dags/example_task_group.py
[2025-07-08T09:48:56.822+0000] {processor.py:830} INFO - Processing file /home/airflow/.local/lib/python3.8/site-packages/airflow/example_dags/example_task_group.py for tasks to queue
[2025-07-08T09:48:56.826+0000] {logging_mixin.py:188} INFO - [2025-07-08T09:48:56.825+0000] {dagbag.py:538} INFO - Filling up the DagBag from /home/airflow/.local/lib/python3.8/site-packages/airflow/example_dags/example_task_group.py
[2025-07-08T09:48:56.865+0000] {processor.py:840} INFO - DAG(s) 'example_task_group' retrieved from /home/airflow/.local/lib/python3.8/site-packages/airflow/example_dags/example_task_group.py
[2025-07-08T09:48:56.973+0000] {logging_mixin.py:188} INFO - [2025-07-08T09:48:56.973+0000] {dag.py:3036} INFO - Sync 1 DAGs
[2025-07-08T09:48:57.109+0000] {logging_mixin.py:188} INFO - [2025-07-08T09:48:57.108+0000] {dag.py:3823} INFO - Setting next_dagrun for example_task_group to 2025-07-07 00:00:00+00:00, run_after=2025-07-08 00:00:00+00:00
[2025-07-08T09:48:57.229+0000] {processor.py:183} INFO - Processing /home/airflow/.local/lib/python3.8/site-packages/airflow/example_dags/example_task_group.py took 0.438 seconds
[2025-07-08T09:49:27.476+0000] {processor.py:161} INFO - Started process (PID=5670) to work on /home/airflow/.local/lib/python3.8/site-packages/airflow/example_dags/example_task_group.py
[2025-07-08T09:49:27.479+0000] {processor.py:830} INFO - Processing file /home/airflow/.local/lib/python3.8/site-packages/airflow/example_dags/example_task_group.py for tasks to queue
[2025-07-08T09:49:27.482+0000] {logging_mixin.py:188} INFO - [2025-07-08T09:49:27.481+0000] {dagbag.py:538} INFO - Filling up the DagBag from /home/airflow/.local/lib/python3.8/site-packages/airflow/example_dags/example_task_group.py
[2025-07-08T09:49:27.514+0000] {processor.py:840} INFO - DAG(s) 'example_task_group' retrieved from /home/airflow/.local/lib/python3.8/site-packages/airflow/example_dags/example_task_group.py
[2025-07-08T09:49:27.615+0000] {logging_mixin.py:188} INFO - [2025-07-08T09:49:27.615+0000] {dag.py:3036} INFO - Sync 1 DAGs
[2025-07-08T09:49:27.680+0000] {logging_mixin.py:188} INFO - [2025-07-08T09:49:27.680+0000] {dag.py:3823} INFO - Setting next_dagrun for example_task_group to 2025-07-07 00:00:00+00:00, run_after=2025-07-08 00:00:00+00:00
[2025-07-08T09:49:27.742+0000] {processor.py:183} INFO - Processing /home/airflow/.local/lib/python3.8/site-packages/airflow/example_dags/example_task_group.py took 0.284 seconds
[2025-07-08T09:49:57.945+0000] {processor.py:161} INFO - Started process (PID=5736) to work on /home/airflow/.local/lib/python3.8/site-packages/airflow/example_dags/example_task_group.py
[2025-07-08T09:49:57.949+0000] {processor.py:830} INFO - Processing file /home/airflow/.local/lib/python3.8/site-packages/airflow/example_dags/example_task_group.py for tasks to queue
[2025-07-08T09:49:57.952+0000] {logging_mixin.py:188} INFO - [2025-07-08T09:49:57.951+0000] {dagbag.py:538} INFO - Filling up the DagBag from /home/airflow/.local/lib/python3.8/site-packages/airflow/example_dags/example_task_group.py
[2025-07-08T09:49:58.011+0000] {processor.py:840} INFO - DAG(s) 'example_task_group' retrieved from /home/airflow/.local/lib/python3.8/site-packages/airflow/example_dags/example_task_group.py
[2025-07-08T09:49:58.148+0000] {logging_mixin.py:188} INFO - [2025-07-08T09:49:58.145+0000] {dag.py:3036} INFO - Sync 1 DAGs
[2025-07-08T09:49:58.275+0000] {logging_mixin.py:188} INFO - [2025-07-08T09:49:58.274+0000] {dag.py:3823} INFO - Setting next_dagrun for example_task_group to 2025-07-07 00:00:00+00:00, run_after=2025-07-08 00:00:00+00:00
[2025-07-08T09:49:58.380+0000] {processor.py:183} INFO - Processing /home/airflow/.local/lib/python3.8/site-packages/airflow/example_dags/example_task_group.py took 0.460 seconds
[2025-07-08T09:50:28.985+0000] {processor.py:161} INFO - Started process (PID=5802) to work on /home/airflow/.local/lib/python3.8/site-packages/airflow/example_dags/example_task_group.py
[2025-07-08T09:50:28.988+0000] {processor.py:830} INFO - Processing file /home/airflow/.local/lib/python3.8/site-packages/airflow/example_dags/example_task_group.py for tasks to queue
[2025-07-08T09:50:28.991+0000] {logging_mixin.py:188} INFO - [2025-07-08T09:50:28.990+0000] {dagbag.py:538} INFO - Filling up the DagBag from /home/airflow/.local/lib/python3.8/site-packages/airflow/example_dags/example_task_group.py
[2025-07-08T09:50:29.005+0000] {processor.py:840} INFO - DAG(s) 'example_task_group' retrieved from /home/airflow/.local/lib/python3.8/site-packages/airflow/example_dags/example_task_group.py
[2025-07-08T09:50:29.048+0000] {logging_mixin.py:188} INFO - [2025-07-08T09:50:29.048+0000] {dag.py:3036} INFO - Sync 1 DAGs
[2025-07-08T09:50:29.094+0000] {logging_mixin.py:188} INFO - [2025-07-08T09:50:29.094+0000] {dag.py:3823} INFO - Setting next_dagrun for example_task_group to 2025-07-07 00:00:00+00:00, run_after=2025-07-08 00:00:00+00:00
[2025-07-08T09:50:29.133+0000] {processor.py:183} INFO - Processing /home/airflow/.local/lib/python3.8/site-packages/airflow/example_dags/example_task_group.py took 0.166 seconds
[2025-07-08T09:51:00.089+0000] {processor.py:161} INFO - Started process (PID=5868) to work on /home/airflow/.local/lib/python3.8/site-packages/airflow/example_dags/example_task_group.py
[2025-07-08T09:51:00.090+0000] {processor.py:830} INFO - Processing file /home/airflow/.local/lib/python3.8/site-packages/airflow/example_dags/example_task_group.py for tasks to queue
[2025-07-08T09:51:00.096+0000] {logging_mixin.py:188} INFO - [2025-07-08T09:51:00.095+0000] {dagbag.py:538} INFO - Filling up the DagBag from /home/airflow/.local/lib/python3.8/site-packages/airflow/example_dags/example_task_group.py
[2025-07-08T09:51:00.110+0000] {processor.py:840} INFO - DAG(s) 'example_task_group' retrieved from /home/airflow/.local/lib/python3.8/site-packages/airflow/example_dags/example_task_group.py
[2025-07-08T09:51:00.157+0000] {logging_mixin.py:188} INFO - [2025-07-08T09:51:00.156+0000] {dag.py:3036} INFO - Sync 1 DAGs
[2025-07-08T09:51:00.210+0000] {logging_mixin.py:188} INFO - [2025-07-08T09:51:00.210+0000] {dag.py:3823} INFO - Setting next_dagrun for example_task_group to 2025-07-07 00:00:00+00:00, run_after=2025-07-08 00:00:00+00:00
[2025-07-08T09:51:00.252+0000] {processor.py:183} INFO - Processing /home/airflow/.local/lib/python3.8/site-packages/airflow/example_dags/example_task_group.py took 0.173 seconds
[2025-07-08T09:51:30.549+0000] {processor.py:161} INFO - Started process (PID=5934) to work on /home/airflow/.local/lib/python3.8/site-packages/airflow/example_dags/example_task_group.py
[2025-07-08T09:51:30.552+0000] {processor.py:830} INFO - Processing file /home/airflow/.local/lib/python3.8/site-packages/airflow/example_dags/example_task_group.py for tasks to queue
[2025-07-08T09:51:30.555+0000] {logging_mixin.py:188} INFO - [2025-07-08T09:51:30.554+0000] {dagbag.py:538} INFO - Filling up the DagBag from /home/airflow/.local/lib/python3.8/site-packages/airflow/example_dags/example_task_group.py
[2025-07-08T09:51:30.574+0000] {processor.py:840} INFO - DAG(s) 'example_task_group' retrieved from /home/airflow/.local/lib/python3.8/site-packages/airflow/example_dags/example_task_group.py
[2025-07-08T09:51:30.615+0000] {logging_mixin.py:188} INFO - [2025-07-08T09:51:30.614+0000] {dag.py:3036} INFO - Sync 1 DAGs
[2025-07-08T09:51:30.659+0000] {logging_mixin.py:188} INFO - [2025-07-08T09:51:30.658+0000] {dag.py:3823} INFO - Setting next_dagrun for example_task_group to 2025-07-07 00:00:00+00:00, run_after=2025-07-08 00:00:00+00:00
[2025-07-08T09:51:30.693+0000] {processor.py:183} INFO - Processing /home/airflow/.local/lib/python3.8/site-packages/airflow/example_dags/example_task_group.py took 0.150 seconds
[2025-07-08T09:52:01.020+0000] {processor.py:161} INFO - Started process (PID=6001) to work on /home/airflow/.local/lib/python3.8/site-packages/airflow/example_dags/example_task_group.py
[2025-07-08T09:52:01.032+0000] {processor.py:830} INFO - Processing file /home/airflow/.local/lib/python3.8/site-packages/airflow/example_dags/example_task_group.py for tasks to queue
[2025-07-08T09:52:01.035+0000] {logging_mixin.py:188} INFO - [2025-07-08T09:52:01.035+0000] {dagbag.py:538} INFO - Filling up the DagBag from /home/airflow/.local/lib/python3.8/site-packages/airflow/example_dags/example_task_group.py
[2025-07-08T09:52:01.085+0000] {processor.py:840} INFO - DAG(s) 'example_task_group' retrieved from /home/airflow/.local/lib/python3.8/site-packages/airflow/example_dags/example_task_group.py
[2025-07-08T09:52:01.201+0000] {logging_mixin.py:188} INFO - [2025-07-08T09:52:01.201+0000] {dag.py:3036} INFO - Sync 1 DAGs
[2025-07-08T09:52:01.342+0000] {logging_mixin.py:188} INFO - [2025-07-08T09:52:01.342+0000] {dag.py:3823} INFO - Setting next_dagrun for example_task_group to 2025-07-07 00:00:00+00:00, run_after=2025-07-08 00:00:00+00:00
[2025-07-08T09:52:01.448+0000] {processor.py:183} INFO - Processing /home/airflow/.local/lib/python3.8/site-packages/airflow/example_dags/example_task_group.py took 0.450 seconds
[2025-07-08T09:52:31.979+0000] {processor.py:161} INFO - Started process (PID=6058) to work on /home/airflow/.local/lib/python3.8/site-packages/airflow/example_dags/example_task_group.py
[2025-07-08T09:52:31.980+0000] {processor.py:830} INFO - Processing file /home/airflow/.local/lib/python3.8/site-packages/airflow/example_dags/example_task_group.py for tasks to queue
[2025-07-08T09:52:31.983+0000] {logging_mixin.py:188} INFO - [2025-07-08T09:52:31.982+0000] {dagbag.py:538} INFO - Filling up the DagBag from /home/airflow/.local/lib/python3.8/site-packages/airflow/example_dags/example_task_group.py
[2025-07-08T09:52:32.007+0000] {processor.py:840} INFO - DAG(s) 'example_task_group' retrieved from /home/airflow/.local/lib/python3.8/site-packages/airflow/example_dags/example_task_group.py
[2025-07-08T09:52:32.062+0000] {logging_mixin.py:188} INFO - [2025-07-08T09:52:32.062+0000] {dag.py:3036} INFO - Sync 1 DAGs
[2025-07-08T09:52:32.107+0000] {logging_mixin.py:188} INFO - [2025-07-08T09:52:32.107+0000] {dag.py:3823} INFO - Setting next_dagrun for example_task_group to 2025-07-07 00:00:00+00:00, run_after=2025-07-08 00:00:00+00:00
[2025-07-08T09:52:32.140+0000] {processor.py:183} INFO - Processing /home/airflow/.local/lib/python3.8/site-packages/airflow/example_dags/example_task_group.py took 0.175 seconds
[2025-07-08T09:53:02.333+0000] {processor.py:161} INFO - Started process (PID=6127) to work on /home/airflow/.local/lib/python3.8/site-packages/airflow/example_dags/example_task_group.py
[2025-07-08T09:53:02.337+0000] {processor.py:830} INFO - Processing file /home/airflow/.local/lib/python3.8/site-packages/airflow/example_dags/example_task_group.py for tasks to queue
[2025-07-08T09:53:02.343+0000] {logging_mixin.py:188} INFO - [2025-07-08T09:53:02.342+0000] {dagbag.py:538} INFO - Filling up the DagBag from /home/airflow/.local/lib/python3.8/site-packages/airflow/example_dags/example_task_group.py
[2025-07-08T09:53:02.385+0000] {processor.py:840} INFO - DAG(s) 'example_task_group' retrieved from /home/airflow/.local/lib/python3.8/site-packages/airflow/example_dags/example_task_group.py
[2025-07-08T09:53:02.433+0000] {logging_mixin.py:188} INFO - [2025-07-08T09:53:02.433+0000] {dag.py:3036} INFO - Sync 1 DAGs
[2025-07-08T09:53:02.481+0000] {logging_mixin.py:188} INFO - [2025-07-08T09:53:02.481+0000] {dag.py:3823} INFO - Setting next_dagrun for example_task_group to 2025-07-07 00:00:00+00:00, run_after=2025-07-08 00:00:00+00:00
[2025-07-08T09:53:02.517+0000] {processor.py:183} INFO - Processing /home/airflow/.local/lib/python3.8/site-packages/airflow/example_dags/example_task_group.py took 0.192 seconds
[2025-07-08T09:53:32.695+0000] {processor.py:161} INFO - Started process (PID=6195) to work on /home/airflow/.local/lib/python3.8/site-packages/airflow/example_dags/example_task_group.py
[2025-07-08T09:53:32.703+0000] {processor.py:830} INFO - Processing file /home/airflow/.local/lib/python3.8/site-packages/airflow/example_dags/example_task_group.py for tasks to queue
[2025-07-08T09:53:32.706+0000] {logging_mixin.py:188} INFO - [2025-07-08T09:53:32.706+0000] {dagbag.py:538} INFO - Filling up the DagBag from /home/airflow/.local/lib/python3.8/site-packages/airflow/example_dags/example_task_group.py
[2025-07-08T09:53:32.720+0000] {processor.py:840} INFO - DAG(s) 'example_task_group' retrieved from /home/airflow/.local/lib/python3.8/site-packages/airflow/example_dags/example_task_group.py
[2025-07-08T09:53:32.757+0000] {logging_mixin.py:188} INFO - [2025-07-08T09:53:32.756+0000] {dag.py:3036} INFO - Sync 1 DAGs
[2025-07-08T09:53:32.802+0000] {logging_mixin.py:188} INFO - [2025-07-08T09:53:32.801+0000] {dag.py:3823} INFO - Setting next_dagrun for example_task_group to 2025-07-07 00:00:00+00:00, run_after=2025-07-08 00:00:00+00:00
[2025-07-08T09:53:32.832+0000] {processor.py:183} INFO - Processing /home/airflow/.local/lib/python3.8/site-packages/airflow/example_dags/example_task_group.py took 0.153 seconds
[2025-07-08T09:54:03.402+0000] {processor.py:161} INFO - Started process (PID=6264) to work on /home/airflow/.local/lib/python3.8/site-packages/airflow/example_dags/example_task_group.py
[2025-07-08T09:54:03.405+0000] {processor.py:830} INFO - Processing file /home/airflow/.local/lib/python3.8/site-packages/airflow/example_dags/example_task_group.py for tasks to queue
[2025-07-08T09:54:03.410+0000] {logging_mixin.py:188} INFO - [2025-07-08T09:54:03.409+0000] {dagbag.py:538} INFO - Filling up the DagBag from /home/airflow/.local/lib/python3.8/site-packages/airflow/example_dags/example_task_group.py
[2025-07-08T09:54:03.435+0000] {processor.py:840} INFO - DAG(s) 'example_task_group' retrieved from /home/airflow/.local/lib/python3.8/site-packages/airflow/example_dags/example_task_group.py
[2025-07-08T09:54:03.570+0000] {logging_mixin.py:188} INFO - [2025-07-08T09:54:03.570+0000] {dag.py:3036} INFO - Sync 1 DAGs
[2025-07-08T09:54:03.636+0000] {logging_mixin.py:188} INFO - [2025-07-08T09:54:03.635+0000] {dag.py:3823} INFO - Setting next_dagrun for example_task_group to 2025-07-07 00:00:00+00:00, run_after=2025-07-08 00:00:00+00:00
[2025-07-08T09:54:03.728+0000] {processor.py:183} INFO - Processing /home/airflow/.local/lib/python3.8/site-packages/airflow/example_dags/example_task_group.py took 0.333 seconds
[2025-07-08T09:54:34.640+0000] {processor.py:161} INFO - Started process (PID=6332) to work on /home/airflow/.local/lib/python3.8/site-packages/airflow/example_dags/example_task_group.py
[2025-07-08T09:54:34.641+0000] {processor.py:830} INFO - Processing file /home/airflow/.local/lib/python3.8/site-packages/airflow/example_dags/example_task_group.py for tasks to queue
[2025-07-08T09:54:34.659+0000] {logging_mixin.py:188} INFO - [2025-07-08T09:54:34.654+0000] {dagbag.py:538} INFO - Filling up the DagBag from /home/airflow/.local/lib/python3.8/site-packages/airflow/example_dags/example_task_group.py
[2025-07-08T09:54:34.714+0000] {processor.py:840} INFO - DAG(s) 'example_task_group' retrieved from /home/airflow/.local/lib/python3.8/site-packages/airflow/example_dags/example_task_group.py
[2025-07-08T09:54:35.045+0000] {logging_mixin.py:188} INFO - [2025-07-08T09:54:35.044+0000] {dag.py:3036} INFO - Sync 1 DAGs
[2025-07-08T09:54:35.253+0000] {logging_mixin.py:188} INFO - [2025-07-08T09:54:35.252+0000] {dag.py:3823} INFO - Setting next_dagrun for example_task_group to 2025-07-07 00:00:00+00:00, run_after=2025-07-08 00:00:00+00:00
[2025-07-08T09:54:35.362+0000] {processor.py:183} INFO - Processing /home/airflow/.local/lib/python3.8/site-packages/airflow/example_dags/example_task_group.py took 0.734 seconds
[2025-07-08T09:55:06.111+0000] {processor.py:161} INFO - Started process (PID=6399) to work on /home/airflow/.local/lib/python3.8/site-packages/airflow/example_dags/example_task_group.py
[2025-07-08T09:55:06.113+0000] {processor.py:830} INFO - Processing file /home/airflow/.local/lib/python3.8/site-packages/airflow/example_dags/example_task_group.py for tasks to queue
[2025-07-08T09:55:06.116+0000] {logging_mixin.py:188} INFO - [2025-07-08T09:55:06.115+0000] {dagbag.py:538} INFO - Filling up the DagBag from /home/airflow/.local/lib/python3.8/site-packages/airflow/example_dags/example_task_group.py
[2025-07-08T09:55:06.130+0000] {processor.py:840} INFO - DAG(s) 'example_task_group' retrieved from /home/airflow/.local/lib/python3.8/site-packages/airflow/example_dags/example_task_group.py
[2025-07-08T09:55:06.188+0000] {logging_mixin.py:188} INFO - [2025-07-08T09:55:06.188+0000] {dag.py:3036} INFO - Sync 1 DAGs
[2025-07-08T09:55:06.259+0000] {logging_mixin.py:188} INFO - [2025-07-08T09:55:06.258+0000] {dag.py:3823} INFO - Setting next_dagrun for example_task_group to 2025-07-07 00:00:00+00:00, run_after=2025-07-08 00:00:00+00:00
[2025-07-08T09:55:06.332+0000] {processor.py:183} INFO - Processing /home/airflow/.local/lib/python3.8/site-packages/airflow/example_dags/example_task_group.py took 0.236 seconds
[2025-07-08T09:55:36.716+0000] {processor.py:161} INFO - Started process (PID=6459) to work on /home/airflow/.local/lib/python3.8/site-packages/airflow/example_dags/example_task_group.py
[2025-07-08T09:55:36.718+0000] {processor.py:830} INFO - Processing file /home/airflow/.local/lib/python3.8/site-packages/airflow/example_dags/example_task_group.py for tasks to queue
[2025-07-08T09:55:36.721+0000] {logging_mixin.py:188} INFO - [2025-07-08T09:55:36.720+0000] {dagbag.py:538} INFO - Filling up the DagBag from /home/airflow/.local/lib/python3.8/site-packages/airflow/example_dags/example_task_group.py
[2025-07-08T09:55:36.734+0000] {processor.py:840} INFO - DAG(s) 'example_task_group' retrieved from /home/airflow/.local/lib/python3.8/site-packages/airflow/example_dags/example_task_group.py
[2025-07-08T09:55:36.790+0000] {logging_mixin.py:188} INFO - [2025-07-08T09:55:36.789+0000] {dag.py:3036} INFO - Sync 1 DAGs
[2025-07-08T09:55:36.894+0000] {logging_mixin.py:188} INFO - [2025-07-08T09:55:36.893+0000] {dag.py:3823} INFO - Setting next_dagrun for example_task_group to 2025-07-07 00:00:00+00:00, run_after=2025-07-08 00:00:00+00:00
[2025-07-08T09:55:36.929+0000] {processor.py:183} INFO - Processing /home/airflow/.local/lib/python3.8/site-packages/airflow/example_dags/example_task_group.py took 0.219 seconds
[2025-07-08T09:56:07.312+0000] {processor.py:161} INFO - Started process (PID=6527) to work on /home/airflow/.local/lib/python3.8/site-packages/airflow/example_dags/example_task_group.py
[2025-07-08T09:56:07.320+0000] {processor.py:830} INFO - Processing file /home/airflow/.local/lib/python3.8/site-packages/airflow/example_dags/example_task_group.py for tasks to queue
[2025-07-08T09:56:07.323+0000] {logging_mixin.py:188} INFO - [2025-07-08T09:56:07.323+0000] {dagbag.py:538} INFO - Filling up the DagBag from /home/airflow/.local/lib/python3.8/site-packages/airflow/example_dags/example_task_group.py
[2025-07-08T09:56:07.369+0000] {processor.py:840} INFO - DAG(s) 'example_task_group' retrieved from /home/airflow/.local/lib/python3.8/site-packages/airflow/example_dags/example_task_group.py
[2025-07-08T09:56:07.513+0000] {logging_mixin.py:188} INFO - [2025-07-08T09:56:07.513+0000] {dag.py:3036} INFO - Sync 1 DAGs
[2025-07-08T09:56:07.602+0000] {logging_mixin.py:188} INFO - [2025-07-08T09:56:07.602+0000] {dag.py:3823} INFO - Setting next_dagrun for example_task_group to 2025-07-07 00:00:00+00:00, run_after=2025-07-08 00:00:00+00:00
[2025-07-08T09:56:07.677+0000] {processor.py:183} INFO - Processing /home/airflow/.local/lib/python3.8/site-packages/airflow/example_dags/example_task_group.py took 0.399 seconds
[2025-07-08T09:56:37.908+0000] {processor.py:161} INFO - Started process (PID=6594) to work on /home/airflow/.local/lib/python3.8/site-packages/airflow/example_dags/example_task_group.py
[2025-07-08T09:56:37.909+0000] {processor.py:830} INFO - Processing file /home/airflow/.local/lib/python3.8/site-packages/airflow/example_dags/example_task_group.py for tasks to queue
[2025-07-08T09:56:37.915+0000] {logging_mixin.py:188} INFO - [2025-07-08T09:56:37.914+0000] {dagbag.py:538} INFO - Filling up the DagBag from /home/airflow/.local/lib/python3.8/site-packages/airflow/example_dags/example_task_group.py
[2025-07-08T09:56:37.936+0000] {processor.py:840} INFO - DAG(s) 'example_task_group' retrieved from /home/airflow/.local/lib/python3.8/site-packages/airflow/example_dags/example_task_group.py
[2025-07-08T09:56:38.017+0000] {logging_mixin.py:188} INFO - [2025-07-08T09:56:38.016+0000] {dag.py:3036} INFO - Sync 1 DAGs
[2025-07-08T09:56:38.125+0000] {logging_mixin.py:188} INFO - [2025-07-08T09:56:38.125+0000] {dag.py:3823} INFO - Setting next_dagrun for example_task_group to 2025-07-07 00:00:00+00:00, run_after=2025-07-08 00:00:00+00:00
[2025-07-08T09:56:38.201+0000] {processor.py:183} INFO - Processing /home/airflow/.local/lib/python3.8/site-packages/airflow/example_dags/example_task_group.py took 0.307 seconds
[2025-07-08T09:57:09.048+0000] {processor.py:161} INFO - Started process (PID=6652) to work on /home/airflow/.local/lib/python3.8/site-packages/airflow/example_dags/example_task_group.py
[2025-07-08T09:57:09.051+0000] {processor.py:830} INFO - Processing file /home/airflow/.local/lib/python3.8/site-packages/airflow/example_dags/example_task_group.py for tasks to queue
[2025-07-08T09:57:09.054+0000] {logging_mixin.py:188} INFO - [2025-07-08T09:57:09.053+0000] {dagbag.py:538} INFO - Filling up the DagBag from /home/airflow/.local/lib/python3.8/site-packages/airflow/example_dags/example_task_group.py
[2025-07-08T09:57:09.069+0000] {processor.py:840} INFO - DAG(s) 'example_task_group' retrieved from /home/airflow/.local/lib/python3.8/site-packages/airflow/example_dags/example_task_group.py
[2025-07-08T09:57:09.113+0000] {logging_mixin.py:188} INFO - [2025-07-08T09:57:09.112+0000] {dag.py:3036} INFO - Sync 1 DAGs
[2025-07-08T09:57:09.159+0000] {logging_mixin.py:188} INFO - [2025-07-08T09:57:09.158+0000] {dag.py:3823} INFO - Setting next_dagrun for example_task_group to 2025-07-07 00:00:00+00:00, run_after=2025-07-08 00:00:00+00:00
[2025-07-08T09:57:09.194+0000] {processor.py:183} INFO - Processing /home/airflow/.local/lib/python3.8/site-packages/airflow/example_dags/example_task_group.py took 0.153 seconds
[2025-07-08T09:57:39.622+0000] {processor.py:161} INFO - Started process (PID=6718) to work on /home/airflow/.local/lib/python3.8/site-packages/airflow/example_dags/example_task_group.py
[2025-07-08T09:57:39.633+0000] {processor.py:830} INFO - Processing file /home/airflow/.local/lib/python3.8/site-packages/airflow/example_dags/example_task_group.py for tasks to queue
[2025-07-08T09:57:39.649+0000] {logging_mixin.py:188} INFO - [2025-07-08T09:57:39.648+0000] {dagbag.py:538} INFO - Filling up the DagBag from /home/airflow/.local/lib/python3.8/site-packages/airflow/example_dags/example_task_group.py
[2025-07-08T09:57:39.700+0000] {processor.py:840} INFO - DAG(s) 'example_task_group' retrieved from /home/airflow/.local/lib/python3.8/site-packages/airflow/example_dags/example_task_group.py
[2025-07-08T09:57:39.841+0000] {logging_mixin.py:188} INFO - [2025-07-08T09:57:39.841+0000] {dag.py:3036} INFO - Sync 1 DAGs
[2025-07-08T09:57:39.919+0000] {logging_mixin.py:188} INFO - [2025-07-08T09:57:39.918+0000] {dag.py:3823} INFO - Setting next_dagrun for example_task_group to 2025-07-07 00:00:00+00:00, run_after=2025-07-08 00:00:00+00:00
[2025-07-08T09:57:40.082+0000] {processor.py:183} INFO - Processing /home/airflow/.local/lib/python3.8/site-packages/airflow/example_dags/example_task_group.py took 0.517 seconds
[2025-07-08T09:58:10.499+0000] {processor.py:161} INFO - Started process (PID=6787) to work on /home/airflow/.local/lib/python3.8/site-packages/airflow/example_dags/example_task_group.py
[2025-07-08T09:58:10.508+0000] {processor.py:830} INFO - Processing file /home/airflow/.local/lib/python3.8/site-packages/airflow/example_dags/example_task_group.py for tasks to queue
[2025-07-08T09:58:10.511+0000] {logging_mixin.py:188} INFO - [2025-07-08T09:58:10.511+0000] {dagbag.py:538} INFO - Filling up the DagBag from /home/airflow/.local/lib/python3.8/site-packages/airflow/example_dags/example_task_group.py
[2025-07-08T09:58:10.543+0000] {processor.py:840} INFO - DAG(s) 'example_task_group' retrieved from /home/airflow/.local/lib/python3.8/site-packages/airflow/example_dags/example_task_group.py
[2025-07-08T09:58:10.643+0000] {logging_mixin.py:188} INFO - [2025-07-08T09:58:10.643+0000] {dag.py:3036} INFO - Sync 1 DAGs
[2025-07-08T09:58:10.712+0000] {logging_mixin.py:188} INFO - [2025-07-08T09:58:10.712+0000] {dag.py:3823} INFO - Setting next_dagrun for example_task_group to 2025-07-07 00:00:00+00:00, run_after=2025-07-08 00:00:00+00:00
[2025-07-08T09:58:10.769+0000] {processor.py:183} INFO - Processing /home/airflow/.local/lib/python3.8/site-packages/airflow/example_dags/example_task_group.py took 0.299 seconds
[2025-07-08T09:58:41.064+0000] {processor.py:161} INFO - Started process (PID=6853) to work on /home/airflow/.local/lib/python3.8/site-packages/airflow/example_dags/example_task_group.py
[2025-07-08T09:58:41.073+0000] {processor.py:830} INFO - Processing file /home/airflow/.local/lib/python3.8/site-packages/airflow/example_dags/example_task_group.py for tasks to queue
[2025-07-08T09:58:41.076+0000] {logging_mixin.py:188} INFO - [2025-07-08T09:58:41.076+0000] {dagbag.py:538} INFO - Filling up the DagBag from /home/airflow/.local/lib/python3.8/site-packages/airflow/example_dags/example_task_group.py
[2025-07-08T09:58:41.102+0000] {processor.py:840} INFO - DAG(s) 'example_task_group' retrieved from /home/airflow/.local/lib/python3.8/site-packages/airflow/example_dags/example_task_group.py
[2025-07-08T09:58:41.216+0000] {logging_mixin.py:188} INFO - [2025-07-08T09:58:41.216+0000] {dag.py:3036} INFO - Sync 1 DAGs
[2025-07-08T09:58:41.314+0000] {logging_mixin.py:188} INFO - [2025-07-08T09:58:41.313+0000] {dag.py:3823} INFO - Setting next_dagrun for example_task_group to 2025-07-07 00:00:00+00:00, run_after=2025-07-08 00:00:00+00:00
[2025-07-08T09:58:41.351+0000] {processor.py:183} INFO - Processing /home/airflow/.local/lib/python3.8/site-packages/airflow/example_dags/example_task_group.py took 0.305 seconds
[2025-07-08T09:59:11.622+0000] {processor.py:161} INFO - Started process (PID=6919) to work on /home/airflow/.local/lib/python3.8/site-packages/airflow/example_dags/example_task_group.py
[2025-07-08T09:59:11.625+0000] {processor.py:830} INFO - Processing file /home/airflow/.local/lib/python3.8/site-packages/airflow/example_dags/example_task_group.py for tasks to queue
[2025-07-08T09:59:11.628+0000] {logging_mixin.py:188} INFO - [2025-07-08T09:59:11.627+0000] {dagbag.py:538} INFO - Filling up the DagBag from /home/airflow/.local/lib/python3.8/site-packages/airflow/example_dags/example_task_group.py
[2025-07-08T09:59:11.645+0000] {processor.py:840} INFO - DAG(s) 'example_task_group' retrieved from /home/airflow/.local/lib/python3.8/site-packages/airflow/example_dags/example_task_group.py
[2025-07-08T09:59:11.696+0000] {logging_mixin.py:188} INFO - [2025-07-08T09:59:11.695+0000] {dag.py:3036} INFO - Sync 1 DAGs
[2025-07-08T09:59:11.741+0000] {logging_mixin.py:188} INFO - [2025-07-08T09:59:11.741+0000] {dag.py:3823} INFO - Setting next_dagrun for example_task_group to 2025-07-07 00:00:00+00:00, run_after=2025-07-08 00:00:00+00:00
[2025-07-08T09:59:11.776+0000] {processor.py:183} INFO - Processing /home/airflow/.local/lib/python3.8/site-packages/airflow/example_dags/example_task_group.py took 0.161 seconds
[2025-07-08T09:59:42.555+0000] {processor.py:161} INFO - Started process (PID=6986) to work on /home/airflow/.local/lib/python3.8/site-packages/airflow/example_dags/example_task_group.py
[2025-07-08T09:59:42.556+0000] {processor.py:830} INFO - Processing file /home/airflow/.local/lib/python3.8/site-packages/airflow/example_dags/example_task_group.py for tasks to queue
[2025-07-08T09:59:42.559+0000] {logging_mixin.py:188} INFO - [2025-07-08T09:59:42.559+0000] {dagbag.py:538} INFO - Filling up the DagBag from /home/airflow/.local/lib/python3.8/site-packages/airflow/example_dags/example_task_group.py
[2025-07-08T09:59:42.582+0000] {processor.py:840} INFO - DAG(s) 'example_task_group' retrieved from /home/airflow/.local/lib/python3.8/site-packages/airflow/example_dags/example_task_group.py
[2025-07-08T09:59:42.629+0000] {logging_mixin.py:188} INFO - [2025-07-08T09:59:42.628+0000] {dag.py:3036} INFO - Sync 1 DAGs
[2025-07-08T09:59:42.677+0000] {logging_mixin.py:188} INFO - [2025-07-08T09:59:42.676+0000] {dag.py:3823} INFO - Setting next_dagrun for example_task_group to 2025-07-07 00:00:00+00:00, run_after=2025-07-08 00:00:00+00:00
[2025-07-08T09:59:42.717+0000] {processor.py:183} INFO - Processing /home/airflow/.local/lib/python3.8/site-packages/airflow/example_dags/example_task_group.py took 0.175 seconds
[2025-07-08T10:00:13.024+0000] {processor.py:161} INFO - Started process (PID=7053) to work on /home/airflow/.local/lib/python3.8/site-packages/airflow/example_dags/example_task_group.py
[2025-07-08T10:00:13.032+0000] {processor.py:830} INFO - Processing file /home/airflow/.local/lib/python3.8/site-packages/airflow/example_dags/example_task_group.py for tasks to queue
[2025-07-08T10:00:13.036+0000] {logging_mixin.py:188} INFO - [2025-07-08T10:00:13.035+0000] {dagbag.py:538} INFO - Filling up the DagBag from /home/airflow/.local/lib/python3.8/site-packages/airflow/example_dags/example_task_group.py
[2025-07-08T10:00:13.065+0000] {processor.py:840} INFO - DAG(s) 'example_task_group' retrieved from /home/airflow/.local/lib/python3.8/site-packages/airflow/example_dags/example_task_group.py
[2025-07-08T10:00:13.181+0000] {logging_mixin.py:188} INFO - [2025-07-08T10:00:13.181+0000] {dag.py:3036} INFO - Sync 1 DAGs
[2025-07-08T10:00:13.244+0000] {logging_mixin.py:188} INFO - [2025-07-08T10:00:13.244+0000] {dag.py:3823} INFO - Setting next_dagrun for example_task_group to 2025-07-07 00:00:00+00:00, run_after=2025-07-08 00:00:00+00:00
[2025-07-08T10:00:13.317+0000] {processor.py:183} INFO - Processing /home/airflow/.local/lib/python3.8/site-packages/airflow/example_dags/example_task_group.py took 0.328 seconds
[2025-07-08T10:00:43.943+0000] {processor.py:161} INFO - Started process (PID=7121) to work on /home/airflow/.local/lib/python3.8/site-packages/airflow/example_dags/example_task_group.py
[2025-07-08T10:00:43.945+0000] {processor.py:830} INFO - Processing file /home/airflow/.local/lib/python3.8/site-packages/airflow/example_dags/example_task_group.py for tasks to queue
[2025-07-08T10:00:43.949+0000] {logging_mixin.py:188} INFO - [2025-07-08T10:00:43.948+0000] {dagbag.py:538} INFO - Filling up the DagBag from /home/airflow/.local/lib/python3.8/site-packages/airflow/example_dags/example_task_group.py
[2025-07-08T10:00:43.965+0000] {processor.py:840} INFO - DAG(s) 'example_task_group' retrieved from /home/airflow/.local/lib/python3.8/site-packages/airflow/example_dags/example_task_group.py
[2025-07-08T10:00:44.016+0000] {logging_mixin.py:188} INFO - [2025-07-08T10:00:44.015+0000] {dag.py:3036} INFO - Sync 1 DAGs
[2025-07-08T10:00:44.086+0000] {logging_mixin.py:188} INFO - [2025-07-08T10:00:44.086+0000] {dag.py:3823} INFO - Setting next_dagrun for example_task_group to 2025-07-07 00:00:00+00:00, run_after=2025-07-08 00:00:00+00:00
[2025-07-08T10:00:44.150+0000] {processor.py:183} INFO - Processing /home/airflow/.local/lib/python3.8/site-packages/airflow/example_dags/example_task_group.py took 0.216 seconds
[2025-07-08T10:01:14.230+0000] {processor.py:161} INFO - Started process (PID=7180) to work on /home/airflow/.local/lib/python3.8/site-packages/airflow/example_dags/example_task_group.py
[2025-07-08T10:01:14.240+0000] {processor.py:830} INFO - Processing file /home/airflow/.local/lib/python3.8/site-packages/airflow/example_dags/example_task_group.py for tasks to queue
[2025-07-08T10:01:14.243+0000] {logging_mixin.py:188} INFO - [2025-07-08T10:01:14.243+0000] {dagbag.py:538} INFO - Filling up the DagBag from /home/airflow/.local/lib/python3.8/site-packages/airflow/example_dags/example_task_group.py
[2025-07-08T10:01:14.258+0000] {processor.py:840} INFO - DAG(s) 'example_task_group' retrieved from /home/airflow/.local/lib/python3.8/site-packages/airflow/example_dags/example_task_group.py
[2025-07-08T10:01:14.302+0000] {logging_mixin.py:188} INFO - [2025-07-08T10:01:14.301+0000] {dag.py:3036} INFO - Sync 1 DAGs
[2025-07-08T10:01:14.350+0000] {logging_mixin.py:188} INFO - [2025-07-08T10:01:14.347+0000] {dag.py:3823} INFO - Setting next_dagrun for example_task_group to 2025-07-07 00:00:00+00:00, run_after=2025-07-08 00:00:00+00:00
[2025-07-08T10:01:14.425+0000] {processor.py:183} INFO - Processing /home/airflow/.local/lib/python3.8/site-packages/airflow/example_dags/example_task_group.py took 0.200 seconds
[2025-07-08T10:01:44.505+0000] {processor.py:161} INFO - Started process (PID=7247) to work on /home/airflow/.local/lib/python3.8/site-packages/airflow/example_dags/example_task_group.py
[2025-07-08T10:01:44.507+0000] {processor.py:830} INFO - Processing file /home/airflow/.local/lib/python3.8/site-packages/airflow/example_dags/example_task_group.py for tasks to queue
[2025-07-08T10:01:44.510+0000] {logging_mixin.py:188} INFO - [2025-07-08T10:01:44.509+0000] {dagbag.py:538} INFO - Filling up the DagBag from /home/airflow/.local/lib/python3.8/site-packages/airflow/example_dags/example_task_group.py
[2025-07-08T10:01:44.526+0000] {processor.py:840} INFO - DAG(s) 'example_task_group' retrieved from /home/airflow/.local/lib/python3.8/site-packages/airflow/example_dags/example_task_group.py
[2025-07-08T10:01:44.568+0000] {logging_mixin.py:188} INFO - [2025-07-08T10:01:44.567+0000] {dag.py:3036} INFO - Sync 1 DAGs
[2025-07-08T10:01:44.612+0000] {logging_mixin.py:188} INFO - [2025-07-08T10:01:44.612+0000] {dag.py:3823} INFO - Setting next_dagrun for example_task_group to 2025-07-07 00:00:00+00:00, run_after=2025-07-08 00:00:00+00:00
[2025-07-08T10:01:44.654+0000] {processor.py:183} INFO - Processing /home/airflow/.local/lib/python3.8/site-packages/airflow/example_dags/example_task_group.py took 0.155 seconds
[2025-07-08T10:02:14.960+0000] {processor.py:161} INFO - Started process (PID=7315) to work on /home/airflow/.local/lib/python3.8/site-packages/airflow/example_dags/example_task_group.py
[2025-07-08T10:02:14.975+0000] {processor.py:830} INFO - Processing file /home/airflow/.local/lib/python3.8/site-packages/airflow/example_dags/example_task_group.py for tasks to queue
[2025-07-08T10:02:14.985+0000] {logging_mixin.py:188} INFO - [2025-07-08T10:02:14.984+0000] {dagbag.py:538} INFO - Filling up the DagBag from /home/airflow/.local/lib/python3.8/site-packages/airflow/example_dags/example_task_group.py
[2025-07-08T10:02:15.003+0000] {processor.py:840} INFO - DAG(s) 'example_task_group' retrieved from /home/airflow/.local/lib/python3.8/site-packages/airflow/example_dags/example_task_group.py
[2025-07-08T10:02:15.053+0000] {logging_mixin.py:188} INFO - [2025-07-08T10:02:15.053+0000] {dag.py:3036} INFO - Sync 1 DAGs
[2025-07-08T10:02:15.106+0000] {logging_mixin.py:188} INFO - [2025-07-08T10:02:15.106+0000] {dag.py:3823} INFO - Setting next_dagrun for example_task_group to 2025-07-07 00:00:00+00:00, run_after=2025-07-08 00:00:00+00:00
[2025-07-08T10:02:15.164+0000] {processor.py:183} INFO - Processing /home/airflow/.local/lib/python3.8/site-packages/airflow/example_dags/example_task_group.py took 0.229 seconds
[2025-07-08T10:02:46.373+0000] {processor.py:161} INFO - Started process (PID=7382) to work on /home/airflow/.local/lib/python3.8/site-packages/airflow/example_dags/example_task_group.py
[2025-07-08T10:02:46.374+0000] {processor.py:830} INFO - Processing file /home/airflow/.local/lib/python3.8/site-packages/airflow/example_dags/example_task_group.py for tasks to queue
[2025-07-08T10:02:46.394+0000] {logging_mixin.py:188} INFO - [2025-07-08T10:02:46.393+0000] {dagbag.py:538} INFO - Filling up the DagBag from /home/airflow/.local/lib/python3.8/site-packages/airflow/example_dags/example_task_group.py
[2025-07-08T10:02:46.467+0000] {processor.py:840} INFO - DAG(s) 'example_task_group' retrieved from /home/airflow/.local/lib/python3.8/site-packages/airflow/example_dags/example_task_group.py
[2025-07-08T10:02:46.621+0000] {logging_mixin.py:188} INFO - [2025-07-08T10:02:46.621+0000] {dag.py:3036} INFO - Sync 1 DAGs
[2025-07-08T10:02:46.834+0000] {logging_mixin.py:188} INFO - [2025-07-08T10:02:46.834+0000] {dag.py:3823} INFO - Setting next_dagrun for example_task_group to 2025-07-07 00:00:00+00:00, run_after=2025-07-08 00:00:00+00:00
[2025-07-08T10:02:47.142+0000] {processor.py:183} INFO - Processing /home/airflow/.local/lib/python3.8/site-packages/airflow/example_dags/example_task_group.py took 0.799 seconds
[2025-07-08T10:03:18.012+0000] {processor.py:161} INFO - Started process (PID=7448) to work on /home/airflow/.local/lib/python3.8/site-packages/airflow/example_dags/example_task_group.py
[2025-07-08T10:03:18.020+0000] {processor.py:830} INFO - Processing file /home/airflow/.local/lib/python3.8/site-packages/airflow/example_dags/example_task_group.py for tasks to queue
[2025-07-08T10:03:18.023+0000] {logging_mixin.py:188} INFO - [2025-07-08T10:03:18.023+0000] {dagbag.py:538} INFO - Filling up the DagBag from /home/airflow/.local/lib/python3.8/site-packages/airflow/example_dags/example_task_group.py
[2025-07-08T10:03:18.082+0000] {processor.py:840} INFO - DAG(s) 'example_task_group' retrieved from /home/airflow/.local/lib/python3.8/site-packages/airflow/example_dags/example_task_group.py
[2025-07-08T10:03:18.213+0000] {logging_mixin.py:188} INFO - [2025-07-08T10:03:18.213+0000] {dag.py:3036} INFO - Sync 1 DAGs
[2025-07-08T10:03:18.346+0000] {logging_mixin.py:188} INFO - [2025-07-08T10:03:18.346+0000] {dag.py:3823} INFO - Setting next_dagrun for example_task_group to 2025-07-07 00:00:00+00:00, run_after=2025-07-08 00:00:00+00:00
[2025-07-08T10:03:18.483+0000] {processor.py:183} INFO - Processing /home/airflow/.local/lib/python3.8/site-packages/airflow/example_dags/example_task_group.py took 0.504 seconds
[2025-07-08T10:03:49.530+0000] {processor.py:161} INFO - Started process (PID=7509) to work on /home/airflow/.local/lib/python3.8/site-packages/airflow/example_dags/example_task_group.py
[2025-07-08T10:03:49.531+0000] {processor.py:830} INFO - Processing file /home/airflow/.local/lib/python3.8/site-packages/airflow/example_dags/example_task_group.py for tasks to queue
[2025-07-08T10:03:49.534+0000] {logging_mixin.py:188} INFO - [2025-07-08T10:03:49.534+0000] {dagbag.py:538} INFO - Filling up the DagBag from /home/airflow/.local/lib/python3.8/site-packages/airflow/example_dags/example_task_group.py
[2025-07-08T10:03:49.551+0000] {processor.py:840} INFO - DAG(s) 'example_task_group' retrieved from /home/airflow/.local/lib/python3.8/site-packages/airflow/example_dags/example_task_group.py
[2025-07-08T10:03:49.599+0000] {logging_mixin.py:188} INFO - [2025-07-08T10:03:49.595+0000] {dag.py:3036} INFO - Sync 1 DAGs
[2025-07-08T10:03:49.649+0000] {logging_mixin.py:188} INFO - [2025-07-08T10:03:49.648+0000] {dag.py:3823} INFO - Setting next_dagrun for example_task_group to 2025-07-07 00:00:00+00:00, run_after=2025-07-08 00:00:00+00:00
[2025-07-08T10:03:49.770+0000] {processor.py:183} INFO - Processing /home/airflow/.local/lib/python3.8/site-packages/airflow/example_dags/example_task_group.py took 0.246 seconds
[2025-07-08T10:04:20.705+0000] {processor.py:161} INFO - Started process (PID=7575) to work on /home/airflow/.local/lib/python3.8/site-packages/airflow/example_dags/example_task_group.py
[2025-07-08T10:04:20.708+0000] {processor.py:830} INFO - Processing file /home/airflow/.local/lib/python3.8/site-packages/airflow/example_dags/example_task_group.py for tasks to queue
[2025-07-08T10:04:20.711+0000] {logging_mixin.py:188} INFO - [2025-07-08T10:04:20.710+0000] {dagbag.py:538} INFO - Filling up the DagBag from /home/airflow/.local/lib/python3.8/site-packages/airflow/example_dags/example_task_group.py
[2025-07-08T10:04:20.729+0000] {processor.py:840} INFO - DAG(s) 'example_task_group' retrieved from /home/airflow/.local/lib/python3.8/site-packages/airflow/example_dags/example_task_group.py
[2025-07-08T10:04:20.786+0000] {logging_mixin.py:188} INFO - [2025-07-08T10:04:20.785+0000] {dag.py:3036} INFO - Sync 1 DAGs
[2025-07-08T10:04:20.847+0000] {logging_mixin.py:188} INFO - [2025-07-08T10:04:20.847+0000] {dag.py:3823} INFO - Setting next_dagrun for example_task_group to 2025-07-07 00:00:00+00:00, run_after=2025-07-08 00:00:00+00:00
[2025-07-08T10:04:20.885+0000] {processor.py:183} INFO - Processing /home/airflow/.local/lib/python3.8/site-packages/airflow/example_dags/example_task_group.py took 0.187 seconds
[2025-07-08T10:04:51.081+0000] {processor.py:161} INFO - Started process (PID=7643) to work on /home/airflow/.local/lib/python3.8/site-packages/airflow/example_dags/example_task_group.py
[2025-07-08T10:04:51.083+0000] {processor.py:830} INFO - Processing file /home/airflow/.local/lib/python3.8/site-packages/airflow/example_dags/example_task_group.py for tasks to queue
[2025-07-08T10:04:51.101+0000] {logging_mixin.py:188} INFO - [2025-07-08T10:04:51.101+0000] {dagbag.py:538} INFO - Filling up the DagBag from /home/airflow/.local/lib/python3.8/site-packages/airflow/example_dags/example_task_group.py
[2025-07-08T10:04:51.133+0000] {processor.py:840} INFO - DAG(s) 'example_task_group' retrieved from /home/airflow/.local/lib/python3.8/site-packages/airflow/example_dags/example_task_group.py
[2025-07-08T10:04:51.185+0000] {logging_mixin.py:188} INFO - [2025-07-08T10:04:51.184+0000] {dag.py:3036} INFO - Sync 1 DAGs
[2025-07-08T10:04:51.224+0000] {logging_mixin.py:188} INFO - [2025-07-08T10:04:51.223+0000] {dag.py:3823} INFO - Setting next_dagrun for example_task_group to 2025-07-07 00:00:00+00:00, run_after=2025-07-08 00:00:00+00:00
[2025-07-08T10:04:51.257+0000] {processor.py:183} INFO - Processing /home/airflow/.local/lib/python3.8/site-packages/airflow/example_dags/example_task_group.py took 0.191 seconds
[2025-07-08T10:05:22.274+0000] {processor.py:161} INFO - Started process (PID=7710) to work on /home/airflow/.local/lib/python3.8/site-packages/airflow/example_dags/example_task_group.py
[2025-07-08T10:05:22.284+0000] {processor.py:830} INFO - Processing file /home/airflow/.local/lib/python3.8/site-packages/airflow/example_dags/example_task_group.py for tasks to queue
[2025-07-08T10:05:22.287+0000] {logging_mixin.py:188} INFO - [2025-07-08T10:05:22.287+0000] {dagbag.py:538} INFO - Filling up the DagBag from /home/airflow/.local/lib/python3.8/site-packages/airflow/example_dags/example_task_group.py
[2025-07-08T10:05:22.352+0000] {processor.py:840} INFO - DAG(s) 'example_task_group' retrieved from /home/airflow/.local/lib/python3.8/site-packages/airflow/example_dags/example_task_group.py
[2025-07-08T10:05:22.437+0000] {logging_mixin.py:188} INFO - [2025-07-08T10:05:22.437+0000] {dag.py:3036} INFO - Sync 1 DAGs
[2025-07-08T10:05:22.540+0000] {logging_mixin.py:188} INFO - [2025-07-08T10:05:22.539+0000] {dag.py:3823} INFO - Setting next_dagrun for example_task_group to 2025-07-07 00:00:00+00:00, run_after=2025-07-08 00:00:00+00:00
[2025-07-08T10:05:22.602+0000] {processor.py:183} INFO - Processing /home/airflow/.local/lib/python3.8/site-packages/airflow/example_dags/example_task_group.py took 0.343 seconds
[2025-07-08T10:05:52.709+0000] {processor.py:161} INFO - Started process (PID=7777) to work on /home/airflow/.local/lib/python3.8/site-packages/airflow/example_dags/example_task_group.py
[2025-07-08T10:05:52.710+0000] {processor.py:830} INFO - Processing file /home/airflow/.local/lib/python3.8/site-packages/airflow/example_dags/example_task_group.py for tasks to queue
[2025-07-08T10:05:52.713+0000] {logging_mixin.py:188} INFO - [2025-07-08T10:05:52.713+0000] {dagbag.py:538} INFO - Filling up the DagBag from /home/airflow/.local/lib/python3.8/site-packages/airflow/example_dags/example_task_group.py
[2025-07-08T10:05:52.728+0000] {processor.py:840} INFO - DAG(s) 'example_task_group' retrieved from /home/airflow/.local/lib/python3.8/site-packages/airflow/example_dags/example_task_group.py
[2025-07-08T10:05:52.798+0000] {logging_mixin.py:188} INFO - [2025-07-08T10:05:52.798+0000] {dag.py:3036} INFO - Sync 1 DAGs
[2025-07-08T10:05:52.884+0000] {logging_mixin.py:188} INFO - [2025-07-08T10:05:52.884+0000] {dag.py:3823} INFO - Setting next_dagrun for example_task_group to 2025-07-07 00:00:00+00:00, run_after=2025-07-08 00:00:00+00:00
[2025-07-08T10:05:52.950+0000] {processor.py:183} INFO - Processing /home/airflow/.local/lib/python3.8/site-packages/airflow/example_dags/example_task_group.py took 0.247 seconds
[2025-07-08T10:06:23.661+0000] {processor.py:161} INFO - Started process (PID=7836) to work on /home/airflow/.local/lib/python3.8/site-packages/airflow/example_dags/example_task_group.py
[2025-07-08T10:06:23.663+0000] {processor.py:830} INFO - Processing file /home/airflow/.local/lib/python3.8/site-packages/airflow/example_dags/example_task_group.py for tasks to queue
[2025-07-08T10:06:23.665+0000] {logging_mixin.py:188} INFO - [2025-07-08T10:06:23.665+0000] {dagbag.py:538} INFO - Filling up the DagBag from /home/airflow/.local/lib/python3.8/site-packages/airflow/example_dags/example_task_group.py
[2025-07-08T10:06:23.682+0000] {processor.py:840} INFO - DAG(s) 'example_task_group' retrieved from /home/airflow/.local/lib/python3.8/site-packages/airflow/example_dags/example_task_group.py
[2025-07-08T10:06:23.725+0000] {logging_mixin.py:188} INFO - [2025-07-08T10:06:23.724+0000] {dag.py:3036} INFO - Sync 1 DAGs
[2025-07-08T10:06:23.771+0000] {logging_mixin.py:188} INFO - [2025-07-08T10:06:23.771+0000] {dag.py:3823} INFO - Setting next_dagrun for example_task_group to 2025-07-07 00:00:00+00:00, run_after=2025-07-08 00:00:00+00:00
[2025-07-08T10:06:23.805+0000] {processor.py:183} INFO - Processing /home/airflow/.local/lib/python3.8/site-packages/airflow/example_dags/example_task_group.py took 0.149 seconds
[2025-07-08T10:06:54.506+0000] {processor.py:161} INFO - Started process (PID=7904) to work on /home/airflow/.local/lib/python3.8/site-packages/airflow/example_dags/example_task_group.py
[2025-07-08T10:06:54.507+0000] {processor.py:830} INFO - Processing file /home/airflow/.local/lib/python3.8/site-packages/airflow/example_dags/example_task_group.py for tasks to queue
[2025-07-08T10:06:54.509+0000] {logging_mixin.py:188} INFO - [2025-07-08T10:06:54.509+0000] {dagbag.py:538} INFO - Filling up the DagBag from /home/airflow/.local/lib/python3.8/site-packages/airflow/example_dags/example_task_group.py
[2025-07-08T10:06:54.521+0000] {processor.py:840} INFO - DAG(s) 'example_task_group' retrieved from /home/airflow/.local/lib/python3.8/site-packages/airflow/example_dags/example_task_group.py
[2025-07-08T10:06:54.557+0000] {logging_mixin.py:188} INFO - [2025-07-08T10:06:54.557+0000] {dag.py:3036} INFO - Sync 1 DAGs
[2025-07-08T10:06:54.592+0000] {logging_mixin.py:188} INFO - [2025-07-08T10:06:54.592+0000] {dag.py:3823} INFO - Setting next_dagrun for example_task_group to 2025-07-07 00:00:00+00:00, run_after=2025-07-08 00:00:00+00:00
[2025-07-08T10:06:54.625+0000] {processor.py:183} INFO - Processing /home/airflow/.local/lib/python3.8/site-packages/airflow/example_dags/example_task_group.py took 0.124 seconds
[2025-07-08T10:07:25.673+0000] {processor.py:161} INFO - Started process (PID=7971) to work on /home/airflow/.local/lib/python3.8/site-packages/airflow/example_dags/example_task_group.py
[2025-07-08T10:07:25.684+0000] {processor.py:830} INFO - Processing file /home/airflow/.local/lib/python3.8/site-packages/airflow/example_dags/example_task_group.py for tasks to queue
[2025-07-08T10:07:25.688+0000] {logging_mixin.py:188} INFO - [2025-07-08T10:07:25.687+0000] {dagbag.py:538} INFO - Filling up the DagBag from /home/airflow/.local/lib/python3.8/site-packages/airflow/example_dags/example_task_group.py
[2025-07-08T10:07:25.767+0000] {processor.py:840} INFO - DAG(s) 'example_task_group' retrieved from /home/airflow/.local/lib/python3.8/site-packages/airflow/example_dags/example_task_group.py
[2025-07-08T10:07:25.889+0000] {logging_mixin.py:188} INFO - [2025-07-08T10:07:25.889+0000] {dag.py:3036} INFO - Sync 1 DAGs
[2025-07-08T10:07:26.090+0000] {logging_mixin.py:188} INFO - [2025-07-08T10:07:26.090+0000] {dag.py:3823} INFO - Setting next_dagrun for example_task_group to 2025-07-07 00:00:00+00:00, run_after=2025-07-08 00:00:00+00:00
[2025-07-08T10:07:26.198+0000] {processor.py:183} INFO - Processing /home/airflow/.local/lib/python3.8/site-packages/airflow/example_dags/example_task_group.py took 0.548 seconds
[2025-07-08T10:07:56.918+0000] {processor.py:161} INFO - Started process (PID=8031) to work on /home/airflow/.local/lib/python3.8/site-packages/airflow/example_dags/example_task_group.py
[2025-07-08T10:07:56.928+0000] {processor.py:830} INFO - Processing file /home/airflow/.local/lib/python3.8/site-packages/airflow/example_dags/example_task_group.py for tasks to queue
[2025-07-08T10:07:56.931+0000] {logging_mixin.py:188} INFO - [2025-07-08T10:07:56.931+0000] {dagbag.py:538} INFO - Filling up the DagBag from /home/airflow/.local/lib/python3.8/site-packages/airflow/example_dags/example_task_group.py
[2025-07-08T10:07:56.965+0000] {processor.py:840} INFO - DAG(s) 'example_task_group' retrieved from /home/airflow/.local/lib/python3.8/site-packages/airflow/example_dags/example_task_group.py
[2025-07-08T10:07:57.030+0000] {logging_mixin.py:188} INFO - [2025-07-08T10:07:57.029+0000] {dag.py:3036} INFO - Sync 1 DAGs
[2025-07-08T10:07:57.109+0000] {logging_mixin.py:188} INFO - [2025-07-08T10:07:57.109+0000] {dag.py:3823} INFO - Setting next_dagrun for example_task_group to 2025-07-07 00:00:00+00:00, run_after=2025-07-08 00:00:00+00:00
[2025-07-08T10:07:57.194+0000] {processor.py:183} INFO - Processing /home/airflow/.local/lib/python3.8/site-packages/airflow/example_dags/example_task_group.py took 0.282 seconds
[2025-07-08T10:08:27.975+0000] {processor.py:161} INFO - Started process (PID=8098) to work on /home/airflow/.local/lib/python3.8/site-packages/airflow/example_dags/example_task_group.py
[2025-07-08T10:08:27.977+0000] {processor.py:830} INFO - Processing file /home/airflow/.local/lib/python3.8/site-packages/airflow/example_dags/example_task_group.py for tasks to queue
[2025-07-08T10:08:27.981+0000] {logging_mixin.py:188} INFO - [2025-07-08T10:08:27.980+0000] {dagbag.py:538} INFO - Filling up the DagBag from /home/airflow/.local/lib/python3.8/site-packages/airflow/example_dags/example_task_group.py
[2025-07-08T10:08:28.015+0000] {processor.py:840} INFO - DAG(s) 'example_task_group' retrieved from /home/airflow/.local/lib/python3.8/site-packages/airflow/example_dags/example_task_group.py
[2025-07-08T10:08:28.094+0000] {logging_mixin.py:188} INFO - [2025-07-08T10:08:28.094+0000] {dag.py:3036} INFO - Sync 1 DAGs
[2025-07-08T10:08:28.186+0000] {logging_mixin.py:188} INFO - [2025-07-08T10:08:28.186+0000] {dag.py:3823} INFO - Setting next_dagrun for example_task_group to 2025-07-07 00:00:00+00:00, run_after=2025-07-08 00:00:00+00:00
[2025-07-08T10:08:28.241+0000] {processor.py:183} INFO - Processing /home/airflow/.local/lib/python3.8/site-packages/airflow/example_dags/example_task_group.py took 0.271 seconds
[2025-07-08T10:08:58.490+0000] {processor.py:161} INFO - Started process (PID=8165) to work on /home/airflow/.local/lib/python3.8/site-packages/airflow/example_dags/example_task_group.py
[2025-07-08T10:08:58.492+0000] {processor.py:830} INFO - Processing file /home/airflow/.local/lib/python3.8/site-packages/airflow/example_dags/example_task_group.py for tasks to queue
[2025-07-08T10:08:58.495+0000] {logging_mixin.py:188} INFO - [2025-07-08T10:08:58.494+0000] {dagbag.py:538} INFO - Filling up the DagBag from /home/airflow/.local/lib/python3.8/site-packages/airflow/example_dags/example_task_group.py
[2025-07-08T10:08:58.507+0000] {processor.py:840} INFO - DAG(s) 'example_task_group' retrieved from /home/airflow/.local/lib/python3.8/site-packages/airflow/example_dags/example_task_group.py
[2025-07-08T10:08:58.551+0000] {logging_mixin.py:188} INFO - [2025-07-08T10:08:58.550+0000] {dag.py:3036} INFO - Sync 1 DAGs
[2025-07-08T10:08:58.599+0000] {logging_mixin.py:188} INFO - [2025-07-08T10:08:58.598+0000] {dag.py:3823} INFO - Setting next_dagrun for example_task_group to 2025-07-07 00:00:00+00:00, run_after=2025-07-08 00:00:00+00:00
[2025-07-08T10:08:58.631+0000] {processor.py:183} INFO - Processing /home/airflow/.local/lib/python3.8/site-packages/airflow/example_dags/example_task_group.py took 0.146 seconds
[2025-07-08T10:09:28.927+0000] {processor.py:161} INFO - Started process (PID=8232) to work on /home/airflow/.local/lib/python3.8/site-packages/airflow/example_dags/example_task_group.py
[2025-07-08T10:09:28.928+0000] {processor.py:830} INFO - Processing file /home/airflow/.local/lib/python3.8/site-packages/airflow/example_dags/example_task_group.py for tasks to queue
[2025-07-08T10:09:28.932+0000] {logging_mixin.py:188} INFO - [2025-07-08T10:09:28.931+0000] {dagbag.py:538} INFO - Filling up the DagBag from /home/airflow/.local/lib/python3.8/site-packages/airflow/example_dags/example_task_group.py
[2025-07-08T10:09:28.946+0000] {processor.py:840} INFO - DAG(s) 'example_task_group' retrieved from /home/airflow/.local/lib/python3.8/site-packages/airflow/example_dags/example_task_group.py
[2025-07-08T10:09:29.010+0000] {logging_mixin.py:188} INFO - [2025-07-08T10:09:29.010+0000] {dag.py:3036} INFO - Sync 1 DAGs
[2025-07-08T10:09:29.056+0000] {logging_mixin.py:188} INFO - [2025-07-08T10:09:29.055+0000] {dag.py:3823} INFO - Setting next_dagrun for example_task_group to 2025-07-07 00:00:00+00:00, run_after=2025-07-08 00:00:00+00:00
[2025-07-08T10:09:29.088+0000] {processor.py:183} INFO - Processing /home/airflow/.local/lib/python3.8/site-packages/airflow/example_dags/example_task_group.py took 0.167 seconds
[2025-07-08T10:09:59.842+0000] {processor.py:161} INFO - Started process (PID=8300) to work on /home/airflow/.local/lib/python3.8/site-packages/airflow/example_dags/example_task_group.py
[2025-07-08T10:09:59.844+0000] {processor.py:830} INFO - Processing file /home/airflow/.local/lib/python3.8/site-packages/airflow/example_dags/example_task_group.py for tasks to queue
[2025-07-08T10:09:59.847+0000] {logging_mixin.py:188} INFO - [2025-07-08T10:09:59.846+0000] {dagbag.py:538} INFO - Filling up the DagBag from /home/airflow/.local/lib/python3.8/site-packages/airflow/example_dags/example_task_group.py
[2025-07-08T10:09:59.877+0000] {processor.py:840} INFO - DAG(s) 'example_task_group' retrieved from /home/airflow/.local/lib/python3.8/site-packages/airflow/example_dags/example_task_group.py
[2025-07-08T10:09:59.959+0000] {logging_mixin.py:188} INFO - [2025-07-08T10:09:59.958+0000] {dag.py:3036} INFO - Sync 1 DAGs
[2025-07-08T10:10:00.045+0000] {logging_mixin.py:188} INFO - [2025-07-08T10:10:00.045+0000] {dag.py:3823} INFO - Setting next_dagrun for example_task_group to 2025-07-07 00:00:00+00:00, run_after=2025-07-08 00:00:00+00:00
[2025-07-08T10:10:00.120+0000] {processor.py:183} INFO - Processing /home/airflow/.local/lib/python3.8/site-packages/airflow/example_dags/example_task_group.py took 0.285 seconds
[2025-07-08T10:10:30.460+0000] {processor.py:161} INFO - Started process (PID=8369) to work on /home/airflow/.local/lib/python3.8/site-packages/airflow/example_dags/example_task_group.py
[2025-07-08T10:10:30.464+0000] {processor.py:830} INFO - Processing file /home/airflow/.local/lib/python3.8/site-packages/airflow/example_dags/example_task_group.py for tasks to queue
[2025-07-08T10:10:30.467+0000] {logging_mixin.py:188} INFO - [2025-07-08T10:10:30.467+0000] {dagbag.py:538} INFO - Filling up the DagBag from /home/airflow/.local/lib/python3.8/site-packages/airflow/example_dags/example_task_group.py
[2025-07-08T10:10:30.489+0000] {processor.py:840} INFO - DAG(s) 'example_task_group' retrieved from /home/airflow/.local/lib/python3.8/site-packages/airflow/example_dags/example_task_group.py
[2025-07-08T10:10:30.533+0000] {logging_mixin.py:188} INFO - [2025-07-08T10:10:30.533+0000] {dag.py:3036} INFO - Sync 1 DAGs
[2025-07-08T10:10:30.578+0000] {logging_mixin.py:188} INFO - [2025-07-08T10:10:30.578+0000] {dag.py:3823} INFO - Setting next_dagrun for example_task_group to 2025-07-07 00:00:00+00:00, run_after=2025-07-08 00:00:00+00:00
[2025-07-08T10:10:30.623+0000] {processor.py:183} INFO - Processing /home/airflow/.local/lib/python3.8/site-packages/airflow/example_dags/example_task_group.py took 0.178 seconds
[2025-07-08T10:11:01.611+0000] {processor.py:161} INFO - Started process (PID=8436) to work on /home/airflow/.local/lib/python3.8/site-packages/airflow/example_dags/example_task_group.py
[2025-07-08T10:11:01.613+0000] {processor.py:830} INFO - Processing file /home/airflow/.local/lib/python3.8/site-packages/airflow/example_dags/example_task_group.py for tasks to queue
[2025-07-08T10:11:01.616+0000] {logging_mixin.py:188} INFO - [2025-07-08T10:11:01.616+0000] {dagbag.py:538} INFO - Filling up the DagBag from /home/airflow/.local/lib/python3.8/site-packages/airflow/example_dags/example_task_group.py
[2025-07-08T10:11:01.630+0000] {processor.py:840} INFO - DAG(s) 'example_task_group' retrieved from /home/airflow/.local/lib/python3.8/site-packages/airflow/example_dags/example_task_group.py
[2025-07-08T10:11:01.710+0000] {logging_mixin.py:188} INFO - [2025-07-08T10:11:01.710+0000] {dag.py:3036} INFO - Sync 1 DAGs
[2025-07-08T10:11:01.779+0000] {logging_mixin.py:188} INFO - [2025-07-08T10:11:01.779+0000] {dag.py:3823} INFO - Setting next_dagrun for example_task_group to 2025-07-07 00:00:00+00:00, run_after=2025-07-08 00:00:00+00:00
[2025-07-08T10:11:01.918+0000] {processor.py:183} INFO - Processing /home/airflow/.local/lib/python3.8/site-packages/airflow/example_dags/example_task_group.py took 0.324 seconds
[2025-07-08T10:11:32.552+0000] {processor.py:161} INFO - Started process (PID=8495) to work on /home/airflow/.local/lib/python3.8/site-packages/airflow/example_dags/example_task_group.py
[2025-07-08T10:11:32.554+0000] {processor.py:830} INFO - Processing file /home/airflow/.local/lib/python3.8/site-packages/airflow/example_dags/example_task_group.py for tasks to queue
[2025-07-08T10:11:32.557+0000] {logging_mixin.py:188} INFO - [2025-07-08T10:11:32.556+0000] {dagbag.py:538} INFO - Filling up the DagBag from /home/airflow/.local/lib/python3.8/site-packages/airflow/example_dags/example_task_group.py
[2025-07-08T10:11:32.571+0000] {processor.py:840} INFO - DAG(s) 'example_task_group' retrieved from /home/airflow/.local/lib/python3.8/site-packages/airflow/example_dags/example_task_group.py
[2025-07-08T10:11:32.612+0000] {logging_mixin.py:188} INFO - [2025-07-08T10:11:32.612+0000] {dag.py:3036} INFO - Sync 1 DAGs
[2025-07-08T10:11:32.657+0000] {logging_mixin.py:188} INFO - [2025-07-08T10:11:32.657+0000] {dag.py:3823} INFO - Setting next_dagrun for example_task_group to 2025-07-07 00:00:00+00:00, run_after=2025-07-08 00:00:00+00:00
[2025-07-08T10:11:32.692+0000] {processor.py:183} INFO - Processing /home/airflow/.local/lib/python3.8/site-packages/airflow/example_dags/example_task_group.py took 0.147 seconds
[2025-07-08T10:12:02.889+0000] {processor.py:161} INFO - Started process (PID=8562) to work on /home/airflow/.local/lib/python3.8/site-packages/airflow/example_dags/example_task_group.py
[2025-07-08T10:12:02.890+0000] {processor.py:830} INFO - Processing file /home/airflow/.local/lib/python3.8/site-packages/airflow/example_dags/example_task_group.py for tasks to queue
[2025-07-08T10:12:02.893+0000] {logging_mixin.py:188} INFO - [2025-07-08T10:12:02.893+0000] {dagbag.py:538} INFO - Filling up the DagBag from /home/airflow/.local/lib/python3.8/site-packages/airflow/example_dags/example_task_group.py
[2025-07-08T10:12:02.909+0000] {processor.py:840} INFO - DAG(s) 'example_task_group' retrieved from /home/airflow/.local/lib/python3.8/site-packages/airflow/example_dags/example_task_group.py
[2025-07-08T10:12:02.954+0000] {logging_mixin.py:188} INFO - [2025-07-08T10:12:02.954+0000] {dag.py:3036} INFO - Sync 1 DAGs
[2025-07-08T10:12:03.003+0000] {logging_mixin.py:188} INFO - [2025-07-08T10:12:03.002+0000] {dag.py:3823} INFO - Setting next_dagrun for example_task_group to 2025-07-07 00:00:00+00:00, run_after=2025-07-08 00:00:00+00:00
[2025-07-08T10:12:03.041+0000] {processor.py:183} INFO - Processing /home/airflow/.local/lib/python3.8/site-packages/airflow/example_dags/example_task_group.py took 0.158 seconds
[2025-07-08T10:12:33.976+0000] {processor.py:161} INFO - Started process (PID=8629) to work on /home/airflow/.local/lib/python3.8/site-packages/airflow/example_dags/example_task_group.py
[2025-07-08T10:12:33.978+0000] {processor.py:830} INFO - Processing file /home/airflow/.local/lib/python3.8/site-packages/airflow/example_dags/example_task_group.py for tasks to queue
[2025-07-08T10:12:33.983+0000] {logging_mixin.py:188} INFO - [2025-07-08T10:12:33.983+0000] {dagbag.py:538} INFO - Filling up the DagBag from /home/airflow/.local/lib/python3.8/site-packages/airflow/example_dags/example_task_group.py
[2025-07-08T10:12:34.031+0000] {processor.py:840} INFO - DAG(s) 'example_task_group' retrieved from /home/airflow/.local/lib/python3.8/site-packages/airflow/example_dags/example_task_group.py
[2025-07-08T10:12:34.075+0000] {logging_mixin.py:188} INFO - [2025-07-08T10:12:34.075+0000] {dag.py:3036} INFO - Sync 1 DAGs
[2025-07-08T10:12:34.146+0000] {logging_mixin.py:188} INFO - [2025-07-08T10:12:34.146+0000] {dag.py:3823} INFO - Setting next_dagrun for example_task_group to 2025-07-07 00:00:00+00:00, run_after=2025-07-08 00:00:00+00:00
[2025-07-08T10:12:34.214+0000] {processor.py:183} INFO - Processing /home/airflow/.local/lib/python3.8/site-packages/airflow/example_dags/example_task_group.py took 0.245 seconds
[2025-07-08T10:13:05.021+0000] {processor.py:161} INFO - Started process (PID=8688) to work on /home/airflow/.local/lib/python3.8/site-packages/airflow/example_dags/example_task_group.py
[2025-07-08T10:13:05.023+0000] {processor.py:830} INFO - Processing file /home/airflow/.local/lib/python3.8/site-packages/airflow/example_dags/example_task_group.py for tasks to queue
[2025-07-08T10:13:05.026+0000] {logging_mixin.py:188} INFO - [2025-07-08T10:13:05.026+0000] {dagbag.py:538} INFO - Filling up the DagBag from /home/airflow/.local/lib/python3.8/site-packages/airflow/example_dags/example_task_group.py
[2025-07-08T10:13:05.063+0000] {processor.py:840} INFO - DAG(s) 'example_task_group' retrieved from /home/airflow/.local/lib/python3.8/site-packages/airflow/example_dags/example_task_group.py
[2025-07-08T10:13:05.261+0000] {logging_mixin.py:188} INFO - [2025-07-08T10:13:05.261+0000] {dag.py:3036} INFO - Sync 1 DAGs
[2025-07-08T10:13:05.390+0000] {logging_mixin.py:188} INFO - [2025-07-08T10:13:05.390+0000] {dag.py:3823} INFO - Setting next_dagrun for example_task_group to 2025-07-07 00:00:00+00:00, run_after=2025-07-08 00:00:00+00:00
[2025-07-08T10:13:05.528+0000] {processor.py:183} INFO - Processing /home/airflow/.local/lib/python3.8/site-packages/airflow/example_dags/example_task_group.py took 0.521 seconds
[2025-07-08T10:13:35.752+0000] {processor.py:161} INFO - Started process (PID=8757) to work on /home/airflow/.local/lib/python3.8/site-packages/airflow/example_dags/example_task_group.py
[2025-07-08T10:13:35.754+0000] {processor.py:830} INFO - Processing file /home/airflow/.local/lib/python3.8/site-packages/airflow/example_dags/example_task_group.py for tasks to queue
[2025-07-08T10:13:35.758+0000] {logging_mixin.py:188} INFO - [2025-07-08T10:13:35.757+0000] {dagbag.py:538} INFO - Filling up the DagBag from /home/airflow/.local/lib/python3.8/site-packages/airflow/example_dags/example_task_group.py
[2025-07-08T10:13:35.773+0000] {processor.py:840} INFO - DAG(s) 'example_task_group' retrieved from /home/airflow/.local/lib/python3.8/site-packages/airflow/example_dags/example_task_group.py
[2025-07-08T10:13:35.817+0000] {logging_mixin.py:188} INFO - [2025-07-08T10:13:35.816+0000] {dag.py:3036} INFO - Sync 1 DAGs
[2025-07-08T10:13:35.862+0000] {logging_mixin.py:188} INFO - [2025-07-08T10:13:35.862+0000] {dag.py:3823} INFO - Setting next_dagrun for example_task_group to 2025-07-07 00:00:00+00:00, run_after=2025-07-08 00:00:00+00:00
[2025-07-08T10:13:35.897+0000] {processor.py:183} INFO - Processing /home/airflow/.local/lib/python3.8/site-packages/airflow/example_dags/example_task_group.py took 0.151 seconds
[2025-07-08T10:14:06.622+0000] {processor.py:161} INFO - Started process (PID=8826) to work on /home/airflow/.local/lib/python3.8/site-packages/airflow/example_dags/example_task_group.py
[2025-07-08T10:14:06.624+0000] {processor.py:830} INFO - Processing file /home/airflow/.local/lib/python3.8/site-packages/airflow/example_dags/example_task_group.py for tasks to queue
[2025-07-08T10:14:06.627+0000] {logging_mixin.py:188} INFO - [2025-07-08T10:14:06.627+0000] {dagbag.py:538} INFO - Filling up the DagBag from /home/airflow/.local/lib/python3.8/site-packages/airflow/example_dags/example_task_group.py
[2025-07-08T10:14:06.642+0000] {processor.py:840} INFO - DAG(s) 'example_task_group' retrieved from /home/airflow/.local/lib/python3.8/site-packages/airflow/example_dags/example_task_group.py
[2025-07-08T10:14:06.733+0000] {logging_mixin.py:188} INFO - [2025-07-08T10:14:06.733+0000] {dag.py:3036} INFO - Sync 1 DAGs
[2025-07-08T10:14:06.808+0000] {logging_mixin.py:188} INFO - [2025-07-08T10:14:06.807+0000] {dag.py:3823} INFO - Setting next_dagrun for example_task_group to 2025-07-07 00:00:00+00:00, run_after=2025-07-08 00:00:00+00:00
[2025-07-08T10:14:06.887+0000] {processor.py:183} INFO - Processing /home/airflow/.local/lib/python3.8/site-packages/airflow/example_dags/example_task_group.py took 0.271 seconds
[2025-07-08T10:14:37.522+0000] {processor.py:161} INFO - Started process (PID=8893) to work on /home/airflow/.local/lib/python3.8/site-packages/airflow/example_dags/example_task_group.py
[2025-07-08T10:14:37.528+0000] {processor.py:830} INFO - Processing file /home/airflow/.local/lib/python3.8/site-packages/airflow/example_dags/example_task_group.py for tasks to queue
[2025-07-08T10:14:37.539+0000] {logging_mixin.py:188} INFO - [2025-07-08T10:14:37.531+0000] {dagbag.py:538} INFO - Filling up the DagBag from /home/airflow/.local/lib/python3.8/site-packages/airflow/example_dags/example_task_group.py
[2025-07-08T10:14:37.568+0000] {processor.py:840} INFO - DAG(s) 'example_task_group' retrieved from /home/airflow/.local/lib/python3.8/site-packages/airflow/example_dags/example_task_group.py
[2025-07-08T10:14:37.785+0000] {logging_mixin.py:188} INFO - [2025-07-08T10:14:37.785+0000] {dag.py:3036} INFO - Sync 1 DAGs
[2025-07-08T10:14:38.482+0000] {logging_mixin.py:188} INFO - [2025-07-08T10:14:38.482+0000] {dag.py:3823} INFO - Setting next_dagrun for example_task_group to 2025-07-07 00:00:00+00:00, run_after=2025-07-08 00:00:00+00:00
[2025-07-08T10:14:38.610+0000] {processor.py:183} INFO - Processing /home/airflow/.local/lib/python3.8/site-packages/airflow/example_dags/example_task_group.py took 1.102 seconds
[2025-07-08T10:15:08.948+0000] {processor.py:161} INFO - Started process (PID=8962) to work on /home/airflow/.local/lib/python3.8/site-packages/airflow/example_dags/example_task_group.py
[2025-07-08T10:15:08.950+0000] {processor.py:830} INFO - Processing file /home/airflow/.local/lib/python3.8/site-packages/airflow/example_dags/example_task_group.py for tasks to queue
[2025-07-08T10:15:08.953+0000] {logging_mixin.py:188} INFO - [2025-07-08T10:15:08.952+0000] {dagbag.py:538} INFO - Filling up the DagBag from /home/airflow/.local/lib/python3.8/site-packages/airflow/example_dags/example_task_group.py
[2025-07-08T10:15:08.989+0000] {processor.py:840} INFO - DAG(s) 'example_task_group' retrieved from /home/airflow/.local/lib/python3.8/site-packages/airflow/example_dags/example_task_group.py
[2025-07-08T10:15:09.126+0000] {logging_mixin.py:188} INFO - [2025-07-08T10:15:09.126+0000] {dag.py:3036} INFO - Sync 1 DAGs
[2025-07-08T10:15:09.626+0000] {logging_mixin.py:188} INFO - [2025-07-08T10:15:09.625+0000] {dag.py:3823} INFO - Setting next_dagrun for example_task_group to 2025-07-07 00:00:00+00:00, run_after=2025-07-08 00:00:00+00:00
[2025-07-08T10:15:09.687+0000] {processor.py:183} INFO - Processing /home/airflow/.local/lib/python3.8/site-packages/airflow/example_dags/example_task_group.py took 0.754 seconds
[2025-07-08T10:15:39.844+0000] {processor.py:161} INFO - Started process (PID=9023) to work on /home/airflow/.local/lib/python3.8/site-packages/airflow/example_dags/example_task_group.py
[2025-07-08T10:15:39.849+0000] {processor.py:830} INFO - Processing file /home/airflow/.local/lib/python3.8/site-packages/airflow/example_dags/example_task_group.py for tasks to queue
[2025-07-08T10:15:39.855+0000] {logging_mixin.py:188} INFO - [2025-07-08T10:15:39.854+0000] {dagbag.py:538} INFO - Filling up the DagBag from /home/airflow/.local/lib/python3.8/site-packages/airflow/example_dags/example_task_group.py
[2025-07-08T10:15:39.876+0000] {processor.py:840} INFO - DAG(s) 'example_task_group' retrieved from /home/airflow/.local/lib/python3.8/site-packages/airflow/example_dags/example_task_group.py
[2025-07-08T10:15:39.964+0000] {logging_mixin.py:188} INFO - [2025-07-08T10:15:39.963+0000] {dag.py:3036} INFO - Sync 1 DAGs
[2025-07-08T10:15:40.288+0000] {logging_mixin.py:188} INFO - [2025-07-08T10:15:40.287+0000] {dag.py:3823} INFO - Setting next_dagrun for example_task_group to 2025-07-07 00:00:00+00:00, run_after=2025-07-08 00:00:00+00:00
[2025-07-08T10:15:40.322+0000] {processor.py:183} INFO - Processing /home/airflow/.local/lib/python3.8/site-packages/airflow/example_dags/example_task_group.py took 0.491 seconds
[2025-07-08T10:16:13.339+0000] {processor.py:161} INFO - Started process (PID=9090) to work on /home/airflow/.local/lib/python3.8/site-packages/airflow/example_dags/example_task_group.py
[2025-07-08T10:16:13.345+0000] {processor.py:830} INFO - Processing file /home/airflow/.local/lib/python3.8/site-packages/airflow/example_dags/example_task_group.py for tasks to queue
[2025-07-08T10:16:13.361+0000] {logging_mixin.py:188} INFO - [2025-07-08T10:16:13.351+0000] {dagbag.py:538} INFO - Filling up the DagBag from /home/airflow/.local/lib/python3.8/site-packages/airflow/example_dags/example_task_group.py
[2025-07-08T10:16:13.402+0000] {processor.py:840} INFO - DAG(s) 'example_task_group' retrieved from /home/airflow/.local/lib/python3.8/site-packages/airflow/example_dags/example_task_group.py
[2025-07-08T10:16:13.508+0000] {logging_mixin.py:188} INFO - [2025-07-08T10:16:13.508+0000] {dag.py:3036} INFO - Sync 1 DAGs
[2025-07-08T10:16:14.132+0000] {logging_mixin.py:188} INFO - [2025-07-08T10:16:14.131+0000] {dag.py:3823} INFO - Setting next_dagrun for example_task_group to 2025-07-07 00:00:00+00:00, run_after=2025-07-08 00:00:00+00:00
[2025-07-08T10:16:14.240+0000] {processor.py:183} INFO - Processing /home/airflow/.local/lib/python3.8/site-packages/airflow/example_dags/example_task_group.py took 0.909 seconds
[2025-07-08T10:16:44.516+0000] {processor.py:161} INFO - Started process (PID=9157) to work on /home/airflow/.local/lib/python3.8/site-packages/airflow/example_dags/example_task_group.py
[2025-07-08T10:16:44.526+0000] {processor.py:830} INFO - Processing file /home/airflow/.local/lib/python3.8/site-packages/airflow/example_dags/example_task_group.py for tasks to queue
[2025-07-08T10:16:44.529+0000] {logging_mixin.py:188} INFO - [2025-07-08T10:16:44.529+0000] {dagbag.py:538} INFO - Filling up the DagBag from /home/airflow/.local/lib/python3.8/site-packages/airflow/example_dags/example_task_group.py
[2025-07-08T10:16:44.573+0000] {processor.py:840} INFO - DAG(s) 'example_task_group' retrieved from /home/airflow/.local/lib/python3.8/site-packages/airflow/example_dags/example_task_group.py
[2025-07-08T10:16:44.617+0000] {logging_mixin.py:188} INFO - [2025-07-08T10:16:44.616+0000] {dag.py:3036} INFO - Sync 1 DAGs
[2025-07-08T10:16:45.148+0000] {logging_mixin.py:188} INFO - [2025-07-08T10:16:45.147+0000] {dag.py:3823} INFO - Setting next_dagrun for example_task_group to 2025-07-07 00:00:00+00:00, run_after=2025-07-08 00:00:00+00:00
[2025-07-08T10:16:45.255+0000] {processor.py:183} INFO - Processing /home/airflow/.local/lib/python3.8/site-packages/airflow/example_dags/example_task_group.py took 0.755 seconds
[2025-07-08T10:17:15.771+0000] {processor.py:161} INFO - Started process (PID=9217) to work on /home/airflow/.local/lib/python3.8/site-packages/airflow/example_dags/example_task_group.py
[2025-07-08T10:17:15.773+0000] {processor.py:830} INFO - Processing file /home/airflow/.local/lib/python3.8/site-packages/airflow/example_dags/example_task_group.py for tasks to queue
[2025-07-08T10:17:15.776+0000] {logging_mixin.py:188} INFO - [2025-07-08T10:17:15.775+0000] {dagbag.py:538} INFO - Filling up the DagBag from /home/airflow/.local/lib/python3.8/site-packages/airflow/example_dags/example_task_group.py
[2025-07-08T10:17:15.790+0000] {processor.py:840} INFO - DAG(s) 'example_task_group' retrieved from /home/airflow/.local/lib/python3.8/site-packages/airflow/example_dags/example_task_group.py
[2025-07-08T10:17:15.838+0000] {logging_mixin.py:188} INFO - [2025-07-08T10:17:15.837+0000] {dag.py:3036} INFO - Sync 1 DAGs
[2025-07-08T10:17:16.142+0000] {logging_mixin.py:188} INFO - [2025-07-08T10:17:16.140+0000] {dag.py:3823} INFO - Setting next_dagrun for example_task_group to 2025-07-07 00:00:00+00:00, run_after=2025-07-08 00:00:00+00:00
[2025-07-08T10:17:16.201+0000] {processor.py:183} INFO - Processing /home/airflow/.local/lib/python3.8/site-packages/airflow/example_dags/example_task_group.py took 0.436 seconds
[2025-07-08T10:17:46.747+0000] {processor.py:161} INFO - Started process (PID=9285) to work on /home/airflow/.local/lib/python3.8/site-packages/airflow/example_dags/example_task_group.py
[2025-07-08T10:17:46.754+0000] {processor.py:830} INFO - Processing file /home/airflow/.local/lib/python3.8/site-packages/airflow/example_dags/example_task_group.py for tasks to queue
[2025-07-08T10:17:46.757+0000] {logging_mixin.py:188} INFO - [2025-07-08T10:17:46.757+0000] {dagbag.py:538} INFO - Filling up the DagBag from /home/airflow/.local/lib/python3.8/site-packages/airflow/example_dags/example_task_group.py
[2025-07-08T10:17:46.790+0000] {processor.py:840} INFO - DAG(s) 'example_task_group' retrieved from /home/airflow/.local/lib/python3.8/site-packages/airflow/example_dags/example_task_group.py
[2025-07-08T10:17:46.901+0000] {logging_mixin.py:188} INFO - [2025-07-08T10:17:46.901+0000] {dag.py:3036} INFO - Sync 1 DAGs
[2025-07-08T10:17:47.038+0000] {logging_mixin.py:188} INFO - [2025-07-08T10:17:47.038+0000] {dag.py:3823} INFO - Setting next_dagrun for example_task_group to 2025-07-07 00:00:00+00:00, run_after=2025-07-08 00:00:00+00:00
[2025-07-08T10:17:47.148+0000] {processor.py:183} INFO - Processing /home/airflow/.local/lib/python3.8/site-packages/airflow/example_dags/example_task_group.py took 0.416 seconds
[2025-07-08T10:18:17.360+0000] {processor.py:161} INFO - Started process (PID=9344) to work on /home/airflow/.local/lib/python3.8/site-packages/airflow/example_dags/example_task_group.py
[2025-07-08T10:18:17.362+0000] {processor.py:830} INFO - Processing file /home/airflow/.local/lib/python3.8/site-packages/airflow/example_dags/example_task_group.py for tasks to queue
[2025-07-08T10:18:17.366+0000] {logging_mixin.py:188} INFO - [2025-07-08T10:18:17.365+0000] {dagbag.py:538} INFO - Filling up the DagBag from /home/airflow/.local/lib/python3.8/site-packages/airflow/example_dags/example_task_group.py
[2025-07-08T10:18:17.380+0000] {processor.py:840} INFO - DAG(s) 'example_task_group' retrieved from /home/airflow/.local/lib/python3.8/site-packages/airflow/example_dags/example_task_group.py
[2025-07-08T10:18:17.422+0000] {logging_mixin.py:188} INFO - [2025-07-08T10:18:17.421+0000] {dag.py:3036} INFO - Sync 1 DAGs
[2025-07-08T10:18:17.466+0000] {logging_mixin.py:188} INFO - [2025-07-08T10:18:17.466+0000] {dag.py:3823} INFO - Setting next_dagrun for example_task_group to 2025-07-07 00:00:00+00:00, run_after=2025-07-08 00:00:00+00:00
[2025-07-08T10:18:17.526+0000] {processor.py:183} INFO - Processing /home/airflow/.local/lib/python3.8/site-packages/airflow/example_dags/example_task_group.py took 0.172 seconds
[2025-07-08T10:18:48.388+0000] {processor.py:161} INFO - Started process (PID=9417) to work on /home/airflow/.local/lib/python3.8/site-packages/airflow/example_dags/example_task_group.py
[2025-07-08T10:18:48.389+0000] {processor.py:830} INFO - Processing file /home/airflow/.local/lib/python3.8/site-packages/airflow/example_dags/example_task_group.py for tasks to queue
[2025-07-08T10:18:48.392+0000] {logging_mixin.py:188} INFO - [2025-07-08T10:18:48.392+0000] {dagbag.py:538} INFO - Filling up the DagBag from /home/airflow/.local/lib/python3.8/site-packages/airflow/example_dags/example_task_group.py
[2025-07-08T10:18:48.406+0000] {processor.py:840} INFO - DAG(s) 'example_task_group' retrieved from /home/airflow/.local/lib/python3.8/site-packages/airflow/example_dags/example_task_group.py
[2025-07-08T10:18:48.450+0000] {logging_mixin.py:188} INFO - [2025-07-08T10:18:48.450+0000] {dag.py:3036} INFO - Sync 1 DAGs
[2025-07-08T10:18:48.496+0000] {logging_mixin.py:188} INFO - [2025-07-08T10:18:48.495+0000] {dag.py:3823} INFO - Setting next_dagrun for example_task_group to 2025-07-07 00:00:00+00:00, run_after=2025-07-08 00:00:00+00:00
[2025-07-08T10:18:48.557+0000] {processor.py:183} INFO - Processing /home/airflow/.local/lib/python3.8/site-packages/airflow/example_dags/example_task_group.py took 0.176 seconds
[2025-07-08T10:19:19.709+0000] {processor.py:161} INFO - Started process (PID=9483) to work on /home/airflow/.local/lib/python3.8/site-packages/airflow/example_dags/example_task_group.py
[2025-07-08T10:19:19.724+0000] {processor.py:830} INFO - Processing file /home/airflow/.local/lib/python3.8/site-packages/airflow/example_dags/example_task_group.py for tasks to queue
[2025-07-08T10:19:19.727+0000] {logging_mixin.py:188} INFO - [2025-07-08T10:19:19.727+0000] {dagbag.py:538} INFO - Filling up the DagBag from /home/airflow/.local/lib/python3.8/site-packages/airflow/example_dags/example_task_group.py
[2025-07-08T10:19:19.782+0000] {processor.py:840} INFO - DAG(s) 'example_task_group' retrieved from /home/airflow/.local/lib/python3.8/site-packages/airflow/example_dags/example_task_group.py
[2025-07-08T10:19:19.926+0000] {logging_mixin.py:188} INFO - [2025-07-08T10:19:19.926+0000] {dag.py:3036} INFO - Sync 1 DAGs
[2025-07-08T10:19:20.060+0000] {logging_mixin.py:188} INFO - [2025-07-08T10:19:20.060+0000] {dag.py:3823} INFO - Setting next_dagrun for example_task_group to 2025-07-07 00:00:00+00:00, run_after=2025-07-08 00:00:00+00:00
[2025-07-08T10:19:20.169+0000] {processor.py:183} INFO - Processing /home/airflow/.local/lib/python3.8/site-packages/airflow/example_dags/example_task_group.py took 0.480 seconds
[2025-07-08T10:19:50.633+0000] {processor.py:161} INFO - Started process (PID=9552) to work on /home/airflow/.local/lib/python3.8/site-packages/airflow/example_dags/example_task_group.py
[2025-07-08T10:19:50.634+0000] {processor.py:830} INFO - Processing file /home/airflow/.local/lib/python3.8/site-packages/airflow/example_dags/example_task_group.py for tasks to queue
[2025-07-08T10:19:50.647+0000] {logging_mixin.py:188} INFO - [2025-07-08T10:19:50.646+0000] {dagbag.py:538} INFO - Filling up the DagBag from /home/airflow/.local/lib/python3.8/site-packages/airflow/example_dags/example_task_group.py
[2025-07-08T10:19:50.700+0000] {processor.py:840} INFO - DAG(s) 'example_task_group' retrieved from /home/airflow/.local/lib/python3.8/site-packages/airflow/example_dags/example_task_group.py
[2025-07-08T10:19:50.839+0000] {logging_mixin.py:188} INFO - [2025-07-08T10:19:50.838+0000] {dag.py:3036} INFO - Sync 1 DAGs
[2025-07-08T10:19:50.922+0000] {logging_mixin.py:188} INFO - [2025-07-08T10:19:50.922+0000] {dag.py:3823} INFO - Setting next_dagrun for example_task_group to 2025-07-07 00:00:00+00:00, run_after=2025-07-08 00:00:00+00:00
[2025-07-08T10:19:51.003+0000] {processor.py:183} INFO - Processing /home/airflow/.local/lib/python3.8/site-packages/airflow/example_dags/example_task_group.py took 0.408 seconds
[2025-07-08T10:20:21.780+0000] {processor.py:161} INFO - Started process (PID=9610) to work on /home/airflow/.local/lib/python3.8/site-packages/airflow/example_dags/example_task_group.py
[2025-07-08T10:20:21.784+0000] {processor.py:830} INFO - Processing file /home/airflow/.local/lib/python3.8/site-packages/airflow/example_dags/example_task_group.py for tasks to queue
[2025-07-08T10:20:21.787+0000] {logging_mixin.py:188} INFO - [2025-07-08T10:20:21.787+0000] {dagbag.py:538} INFO - Filling up the DagBag from /home/airflow/.local/lib/python3.8/site-packages/airflow/example_dags/example_task_group.py
[2025-07-08T10:20:21.844+0000] {processor.py:840} INFO - DAG(s) 'example_task_group' retrieved from /home/airflow/.local/lib/python3.8/site-packages/airflow/example_dags/example_task_group.py
[2025-07-08T10:20:22.013+0000] {logging_mixin.py:188} INFO - [2025-07-08T10:20:22.013+0000] {dag.py:3036} INFO - Sync 1 DAGs
[2025-07-08T10:20:22.144+0000] {logging_mixin.py:188} INFO - [2025-07-08T10:20:22.135+0000] {dag.py:3823} INFO - Setting next_dagrun for example_task_group to 2025-07-07 00:00:00+00:00, run_after=2025-07-08 00:00:00+00:00
[2025-07-08T10:20:22.284+0000] {processor.py:183} INFO - Processing /home/airflow/.local/lib/python3.8/site-packages/airflow/example_dags/example_task_group.py took 0.536 seconds
[2025-07-08T10:20:52.583+0000] {processor.py:161} INFO - Started process (PID=9679) to work on /home/airflow/.local/lib/python3.8/site-packages/airflow/example_dags/example_task_group.py
[2025-07-08T10:20:52.585+0000] {processor.py:830} INFO - Processing file /home/airflow/.local/lib/python3.8/site-packages/airflow/example_dags/example_task_group.py for tasks to queue
[2025-07-08T10:20:52.588+0000] {logging_mixin.py:188} INFO - [2025-07-08T10:20:52.587+0000] {dagbag.py:538} INFO - Filling up the DagBag from /home/airflow/.local/lib/python3.8/site-packages/airflow/example_dags/example_task_group.py
[2025-07-08T10:20:52.604+0000] {processor.py:840} INFO - DAG(s) 'example_task_group' retrieved from /home/airflow/.local/lib/python3.8/site-packages/airflow/example_dags/example_task_group.py
[2025-07-08T10:20:52.646+0000] {logging_mixin.py:188} INFO - [2025-07-08T10:20:52.646+0000] {dag.py:3036} INFO - Sync 1 DAGs
[2025-07-08T10:20:52.691+0000] {logging_mixin.py:188} INFO - [2025-07-08T10:20:52.690+0000] {dag.py:3823} INFO - Setting next_dagrun for example_task_group to 2025-07-07 00:00:00+00:00, run_after=2025-07-08 00:00:00+00:00
[2025-07-08T10:20:52.737+0000] {processor.py:183} INFO - Processing /home/airflow/.local/lib/python3.8/site-packages/airflow/example_dags/example_task_group.py took 0.161 seconds
[2025-07-08T10:21:24.100+0000] {processor.py:161} INFO - Started process (PID=9745) to work on /home/airflow/.local/lib/python3.8/site-packages/airflow/example_dags/example_task_group.py
[2025-07-08T10:21:24.108+0000] {processor.py:830} INFO - Processing file /home/airflow/.local/lib/python3.8/site-packages/airflow/example_dags/example_task_group.py for tasks to queue
[2025-07-08T10:21:24.111+0000] {logging_mixin.py:188} INFO - [2025-07-08T10:21:24.111+0000] {dagbag.py:538} INFO - Filling up the DagBag from /home/airflow/.local/lib/python3.8/site-packages/airflow/example_dags/example_task_group.py
[2025-07-08T10:21:24.156+0000] {processor.py:840} INFO - DAG(s) 'example_task_group' retrieved from /home/airflow/.local/lib/python3.8/site-packages/airflow/example_dags/example_task_group.py
[2025-07-08T10:21:24.210+0000] {logging_mixin.py:188} INFO - [2025-07-08T10:21:24.210+0000] {dag.py:3036} INFO - Sync 1 DAGs
[2025-07-08T10:21:24.254+0000] {logging_mixin.py:188} INFO - [2025-07-08T10:21:24.254+0000] {dag.py:3823} INFO - Setting next_dagrun for example_task_group to 2025-07-07 00:00:00+00:00, run_after=2025-07-08 00:00:00+00:00
[2025-07-08T10:21:24.293+0000] {processor.py:183} INFO - Processing /home/airflow/.local/lib/python3.8/site-packages/airflow/example_dags/example_task_group.py took 0.207 seconds
[2025-07-08T10:21:55.309+0000] {processor.py:161} INFO - Started process (PID=9811) to work on /home/airflow/.local/lib/python3.8/site-packages/airflow/example_dags/example_task_group.py
[2025-07-08T10:21:55.311+0000] {processor.py:830} INFO - Processing file /home/airflow/.local/lib/python3.8/site-packages/airflow/example_dags/example_task_group.py for tasks to queue
[2025-07-08T10:21:55.321+0000] {logging_mixin.py:188} INFO - [2025-07-08T10:21:55.321+0000] {dagbag.py:538} INFO - Filling up the DagBag from /home/airflow/.local/lib/python3.8/site-packages/airflow/example_dags/example_task_group.py
[2025-07-08T10:21:55.335+0000] {processor.py:840} INFO - DAG(s) 'example_task_group' retrieved from /home/airflow/.local/lib/python3.8/site-packages/airflow/example_dags/example_task_group.py
[2025-07-08T10:21:55.392+0000] {logging_mixin.py:188} INFO - [2025-07-08T10:21:55.391+0000] {dag.py:3036} INFO - Sync 1 DAGs
[2025-07-08T10:21:55.443+0000] {logging_mixin.py:188} INFO - [2025-07-08T10:21:55.443+0000] {dag.py:3823} INFO - Setting next_dagrun for example_task_group to 2025-07-07 00:00:00+00:00, run_after=2025-07-08 00:00:00+00:00
[2025-07-08T10:21:55.482+0000] {processor.py:183} INFO - Processing /home/airflow/.local/lib/python3.8/site-packages/airflow/example_dags/example_task_group.py took 0.178 seconds
[2025-07-08T10:22:26.486+0000] {processor.py:161} INFO - Started process (PID=9873) to work on /home/airflow/.local/lib/python3.8/site-packages/airflow/example_dags/example_task_group.py
[2025-07-08T10:22:26.502+0000] {processor.py:830} INFO - Processing file /home/airflow/.local/lib/python3.8/site-packages/airflow/example_dags/example_task_group.py for tasks to queue
[2025-07-08T10:22:26.505+0000] {logging_mixin.py:188} INFO - [2025-07-08T10:22:26.504+0000] {dagbag.py:538} INFO - Filling up the DagBag from /home/airflow/.local/lib/python3.8/site-packages/airflow/example_dags/example_task_group.py
[2025-07-08T10:22:26.568+0000] {processor.py:840} INFO - DAG(s) 'example_task_group' retrieved from /home/airflow/.local/lib/python3.8/site-packages/airflow/example_dags/example_task_group.py
[2025-07-08T10:22:26.630+0000] {logging_mixin.py:188} INFO - [2025-07-08T10:22:26.630+0000] {dag.py:3036} INFO - Sync 1 DAGs
[2025-07-08T10:22:26.678+0000] {logging_mixin.py:188} INFO - [2025-07-08T10:22:26.678+0000] {dag.py:3823} INFO - Setting next_dagrun for example_task_group to 2025-07-07 00:00:00+00:00, run_after=2025-07-08 00:00:00+00:00
[2025-07-08T10:22:26.780+0000] {processor.py:183} INFO - Processing /home/airflow/.local/lib/python3.8/site-packages/airflow/example_dags/example_task_group.py took 0.300 seconds
[2025-07-08T10:22:57.883+0000] {processor.py:161} INFO - Started process (PID=9939) to work on /home/airflow/.local/lib/python3.8/site-packages/airflow/example_dags/example_task_group.py
[2025-07-08T10:22:57.897+0000] {processor.py:830} INFO - Processing file /home/airflow/.local/lib/python3.8/site-packages/airflow/example_dags/example_task_group.py for tasks to queue
[2025-07-08T10:22:57.907+0000] {logging_mixin.py:188} INFO - [2025-07-08T10:22:57.899+0000] {dagbag.py:538} INFO - Filling up the DagBag from /home/airflow/.local/lib/python3.8/site-packages/airflow/example_dags/example_task_group.py
[2025-07-08T10:22:57.942+0000] {processor.py:840} INFO - DAG(s) 'example_task_group' retrieved from /home/airflow/.local/lib/python3.8/site-packages/airflow/example_dags/example_task_group.py
[2025-07-08T10:22:58.029+0000] {logging_mixin.py:188} INFO - [2025-07-08T10:22:58.028+0000] {dag.py:3036} INFO - Sync 1 DAGs
[2025-07-08T10:22:58.118+0000] {logging_mixin.py:188} INFO - [2025-07-08T10:22:58.118+0000] {dag.py:3823} INFO - Setting next_dagrun for example_task_group to 2025-07-07 00:00:00+00:00, run_after=2025-07-08 00:00:00+00:00
[2025-07-08T10:22:58.186+0000] {processor.py:183} INFO - Processing /home/airflow/.local/lib/python3.8/site-packages/airflow/example_dags/example_task_group.py took 0.312 seconds
[2025-07-08T10:23:28.267+0000] {processor.py:161} INFO - Started process (PID=10005) to work on /home/airflow/.local/lib/python3.8/site-packages/airflow/example_dags/example_task_group.py
[2025-07-08T10:23:28.268+0000] {processor.py:830} INFO - Processing file /home/airflow/.local/lib/python3.8/site-packages/airflow/example_dags/example_task_group.py for tasks to queue
[2025-07-08T10:23:28.271+0000] {logging_mixin.py:188} INFO - [2025-07-08T10:23:28.271+0000] {dagbag.py:538} INFO - Filling up the DagBag from /home/airflow/.local/lib/python3.8/site-packages/airflow/example_dags/example_task_group.py
[2025-07-08T10:23:28.286+0000] {processor.py:840} INFO - DAG(s) 'example_task_group' retrieved from /home/airflow/.local/lib/python3.8/site-packages/airflow/example_dags/example_task_group.py
[2025-07-08T10:23:28.337+0000] {logging_mixin.py:188} INFO - [2025-07-08T10:23:28.336+0000] {dag.py:3036} INFO - Sync 1 DAGs
[2025-07-08T10:23:28.427+0000] {logging_mixin.py:188} INFO - [2025-07-08T10:23:28.426+0000] {dag.py:3823} INFO - Setting next_dagrun for example_task_group to 2025-07-07 00:00:00+00:00, run_after=2025-07-08 00:00:00+00:00
[2025-07-08T10:23:28.460+0000] {processor.py:183} INFO - Processing /home/airflow/.local/lib/python3.8/site-packages/airflow/example_dags/example_task_group.py took 0.200 seconds
[2025-07-08T10:23:58.743+0000] {processor.py:161} INFO - Started process (PID=10071) to work on /home/airflow/.local/lib/python3.8/site-packages/airflow/example_dags/example_task_group.py
[2025-07-08T10:23:58.745+0000] {processor.py:830} INFO - Processing file /home/airflow/.local/lib/python3.8/site-packages/airflow/example_dags/example_task_group.py for tasks to queue
[2025-07-08T10:23:58.748+0000] {logging_mixin.py:188} INFO - [2025-07-08T10:23:58.748+0000] {dagbag.py:538} INFO - Filling up the DagBag from /home/airflow/.local/lib/python3.8/site-packages/airflow/example_dags/example_task_group.py
[2025-07-08T10:23:58.775+0000] {processor.py:840} INFO - DAG(s) 'example_task_group' retrieved from /home/airflow/.local/lib/python3.8/site-packages/airflow/example_dags/example_task_group.py
[2025-07-08T10:23:58.848+0000] {logging_mixin.py:188} INFO - [2025-07-08T10:23:58.847+0000] {dag.py:3036} INFO - Sync 1 DAGs
[2025-07-08T10:23:58.892+0000] {logging_mixin.py:188} INFO - [2025-07-08T10:23:58.892+0000] {dag.py:3823} INFO - Setting next_dagrun for example_task_group to 2025-07-07 00:00:00+00:00, run_after=2025-07-08 00:00:00+00:00
[2025-07-08T10:23:58.927+0000] {processor.py:183} INFO - Processing /home/airflow/.local/lib/python3.8/site-packages/airflow/example_dags/example_task_group.py took 0.193 seconds
[2025-07-08T10:24:30.116+0000] {processor.py:161} INFO - Started process (PID=10132) to work on /home/airflow/.local/lib/python3.8/site-packages/airflow/example_dags/example_task_group.py
[2025-07-08T10:24:30.124+0000] {processor.py:830} INFO - Processing file /home/airflow/.local/lib/python3.8/site-packages/airflow/example_dags/example_task_group.py for tasks to queue
[2025-07-08T10:24:30.128+0000] {logging_mixin.py:188} INFO - [2025-07-08T10:24:30.127+0000] {dagbag.py:538} INFO - Filling up the DagBag from /home/airflow/.local/lib/python3.8/site-packages/airflow/example_dags/example_task_group.py
[2025-07-08T10:24:30.174+0000] {processor.py:840} INFO - DAG(s) 'example_task_group' retrieved from /home/airflow/.local/lib/python3.8/site-packages/airflow/example_dags/example_task_group.py
[2025-07-08T10:24:30.287+0000] {logging_mixin.py:188} INFO - [2025-07-08T10:24:30.287+0000] {dag.py:3036} INFO - Sync 1 DAGs
[2025-07-08T10:24:30.380+0000] {logging_mixin.py:188} INFO - [2025-07-08T10:24:30.380+0000] {dag.py:3823} INFO - Setting next_dagrun for example_task_group to 2025-07-07 00:00:00+00:00, run_after=2025-07-08 00:00:00+00:00
[2025-07-08T10:24:30.486+0000] {processor.py:183} INFO - Processing /home/airflow/.local/lib/python3.8/site-packages/airflow/example_dags/example_task_group.py took 0.397 seconds
[2025-07-08T10:25:01.746+0000] {processor.py:161} INFO - Started process (PID=10199) to work on /home/airflow/.local/lib/python3.8/site-packages/airflow/example_dags/example_task_group.py
[2025-07-08T10:25:01.754+0000] {processor.py:830} INFO - Processing file /home/airflow/.local/lib/python3.8/site-packages/airflow/example_dags/example_task_group.py for tasks to queue
[2025-07-08T10:25:01.767+0000] {logging_mixin.py:188} INFO - [2025-07-08T10:25:01.766+0000] {dagbag.py:538} INFO - Filling up the DagBag from /home/airflow/.local/lib/python3.8/site-packages/airflow/example_dags/example_task_group.py
[2025-07-08T10:25:01.831+0000] {processor.py:840} INFO - DAG(s) 'example_task_group' retrieved from /home/airflow/.local/lib/python3.8/site-packages/airflow/example_dags/example_task_group.py
[2025-07-08T10:25:02.025+0000] {logging_mixin.py:188} INFO - [2025-07-08T10:25:02.025+0000] {dag.py:3036} INFO - Sync 1 DAGs
[2025-07-08T10:25:02.144+0000] {logging_mixin.py:188} INFO - [2025-07-08T10:25:02.144+0000] {dag.py:3823} INFO - Setting next_dagrun for example_task_group to 2025-07-07 00:00:00+00:00, run_after=2025-07-08 00:00:00+00:00
[2025-07-08T10:25:02.270+0000] {processor.py:183} INFO - Processing /home/airflow/.local/lib/python3.8/site-packages/airflow/example_dags/example_task_group.py took 0.575 seconds
[2025-07-08T10:25:33.048+0000] {processor.py:161} INFO - Started process (PID=10259) to work on /home/airflow/.local/lib/python3.8/site-packages/airflow/example_dags/example_task_group.py
[2025-07-08T10:25:33.049+0000] {processor.py:830} INFO - Processing file /home/airflow/.local/lib/python3.8/site-packages/airflow/example_dags/example_task_group.py for tasks to queue
[2025-07-08T10:25:33.053+0000] {logging_mixin.py:188} INFO - [2025-07-08T10:25:33.052+0000] {dagbag.py:538} INFO - Filling up the DagBag from /home/airflow/.local/lib/python3.8/site-packages/airflow/example_dags/example_task_group.py
[2025-07-08T10:25:33.068+0000] {processor.py:840} INFO - DAG(s) 'example_task_group' retrieved from /home/airflow/.local/lib/python3.8/site-packages/airflow/example_dags/example_task_group.py
[2025-07-08T10:25:33.145+0000] {logging_mixin.py:188} INFO - [2025-07-08T10:25:33.145+0000] {dag.py:3036} INFO - Sync 1 DAGs
[2025-07-08T10:25:33.223+0000] {logging_mixin.py:188} INFO - [2025-07-08T10:25:33.223+0000] {dag.py:3823} INFO - Setting next_dagrun for example_task_group to 2025-07-07 00:00:00+00:00, run_after=2025-07-08 00:00:00+00:00
[2025-07-08T10:25:33.261+0000] {processor.py:183} INFO - Processing /home/airflow/.local/lib/python3.8/site-packages/airflow/example_dags/example_task_group.py took 0.219 seconds
[2025-07-08T10:26:03.445+0000] {processor.py:161} INFO - Started process (PID=10325) to work on /home/airflow/.local/lib/python3.8/site-packages/airflow/example_dags/example_task_group.py
[2025-07-08T10:26:03.448+0000] {processor.py:830} INFO - Processing file /home/airflow/.local/lib/python3.8/site-packages/airflow/example_dags/example_task_group.py for tasks to queue
[2025-07-08T10:26:03.452+0000] {logging_mixin.py:188} INFO - [2025-07-08T10:26:03.451+0000] {dagbag.py:538} INFO - Filling up the DagBag from /home/airflow/.local/lib/python3.8/site-packages/airflow/example_dags/example_task_group.py
[2025-07-08T10:26:03.488+0000] {processor.py:840} INFO - DAG(s) 'example_task_group' retrieved from /home/airflow/.local/lib/python3.8/site-packages/airflow/example_dags/example_task_group.py
[2025-07-08T10:26:03.573+0000] {logging_mixin.py:188} INFO - [2025-07-08T10:26:03.573+0000] {dag.py:3036} INFO - Sync 1 DAGs
[2025-07-08T10:26:03.698+0000] {logging_mixin.py:188} INFO - [2025-07-08T10:26:03.697+0000] {dag.py:3823} INFO - Setting next_dagrun for example_task_group to 2025-07-07 00:00:00+00:00, run_after=2025-07-08 00:00:00+00:00
[2025-07-08T10:26:03.770+0000] {processor.py:183} INFO - Processing /home/airflow/.local/lib/python3.8/site-packages/airflow/example_dags/example_task_group.py took 0.339 seconds
[2025-07-08T10:26:34.505+0000] {processor.py:161} INFO - Started process (PID=10385) to work on /home/airflow/.local/lib/python3.8/site-packages/airflow/example_dags/example_task_group.py
[2025-07-08T10:26:34.507+0000] {processor.py:830} INFO - Processing file /home/airflow/.local/lib/python3.8/site-packages/airflow/example_dags/example_task_group.py for tasks to queue
[2025-07-08T10:26:34.510+0000] {logging_mixin.py:188} INFO - [2025-07-08T10:26:34.509+0000] {dagbag.py:538} INFO - Filling up the DagBag from /home/airflow/.local/lib/python3.8/site-packages/airflow/example_dags/example_task_group.py
[2025-07-08T10:26:34.536+0000] {processor.py:840} INFO - DAG(s) 'example_task_group' retrieved from /home/airflow/.local/lib/python3.8/site-packages/airflow/example_dags/example_task_group.py
[2025-07-08T10:26:34.599+0000] {logging_mixin.py:188} INFO - [2025-07-08T10:26:34.598+0000] {dag.py:3036} INFO - Sync 1 DAGs
[2025-07-08T10:26:34.656+0000] {logging_mixin.py:188} INFO - [2025-07-08T10:26:34.655+0000] {dag.py:3823} INFO - Setting next_dagrun for example_task_group to 2025-07-07 00:00:00+00:00, run_after=2025-07-08 00:00:00+00:00
[2025-07-08T10:26:34.709+0000] {processor.py:183} INFO - Processing /home/airflow/.local/lib/python3.8/site-packages/airflow/example_dags/example_task_group.py took 0.212 seconds
[2025-07-08T10:27:05.389+0000] {processor.py:161} INFO - Started process (PID=10453) to work on /home/airflow/.local/lib/python3.8/site-packages/airflow/example_dags/example_task_group.py
[2025-07-08T10:27:05.396+0000] {processor.py:830} INFO - Processing file /home/airflow/.local/lib/python3.8/site-packages/airflow/example_dags/example_task_group.py for tasks to queue
[2025-07-08T10:27:05.399+0000] {logging_mixin.py:188} INFO - [2025-07-08T10:27:05.398+0000] {dagbag.py:538} INFO - Filling up the DagBag from /home/airflow/.local/lib/python3.8/site-packages/airflow/example_dags/example_task_group.py
[2025-07-08T10:27:05.413+0000] {processor.py:840} INFO - DAG(s) 'example_task_group' retrieved from /home/airflow/.local/lib/python3.8/site-packages/airflow/example_dags/example_task_group.py
[2025-07-08T10:27:05.471+0000] {logging_mixin.py:188} INFO - [2025-07-08T10:27:05.471+0000] {dag.py:3036} INFO - Sync 1 DAGs
[2025-07-08T10:27:05.522+0000] {logging_mixin.py:188} INFO - [2025-07-08T10:27:05.521+0000] {dag.py:3823} INFO - Setting next_dagrun for example_task_group to 2025-07-07 00:00:00+00:00, run_after=2025-07-08 00:00:00+00:00
[2025-07-08T10:27:05.606+0000] {processor.py:183} INFO - Processing /home/airflow/.local/lib/python3.8/site-packages/airflow/example_dags/example_task_group.py took 0.223 seconds
[2025-07-08T10:27:36.006+0000] {processor.py:161} INFO - Started process (PID=10521) to work on /home/airflow/.local/lib/python3.8/site-packages/airflow/example_dags/example_task_group.py
[2025-07-08T10:27:36.008+0000] {processor.py:830} INFO - Processing file /home/airflow/.local/lib/python3.8/site-packages/airflow/example_dags/example_task_group.py for tasks to queue
[2025-07-08T10:27:36.011+0000] {logging_mixin.py:188} INFO - [2025-07-08T10:27:36.010+0000] {dagbag.py:538} INFO - Filling up the DagBag from /home/airflow/.local/lib/python3.8/site-packages/airflow/example_dags/example_task_group.py
[2025-07-08T10:27:36.037+0000] {processor.py:840} INFO - DAG(s) 'example_task_group' retrieved from /home/airflow/.local/lib/python3.8/site-packages/airflow/example_dags/example_task_group.py
[2025-07-08T10:27:36.126+0000] {logging_mixin.py:188} INFO - [2025-07-08T10:27:36.126+0000] {dag.py:3036} INFO - Sync 1 DAGs
[2025-07-08T10:27:36.179+0000] {logging_mixin.py:188} INFO - [2025-07-08T10:27:36.179+0000] {dag.py:3823} INFO - Setting next_dagrun for example_task_group to 2025-07-07 00:00:00+00:00, run_after=2025-07-08 00:00:00+00:00
[2025-07-08T10:27:36.216+0000] {processor.py:183} INFO - Processing /home/airflow/.local/lib/python3.8/site-packages/airflow/example_dags/example_task_group.py took 0.216 seconds
[2025-07-08T10:28:09.984+0000] {processor.py:161} INFO - Started process (PID=10589) to work on /home/airflow/.local/lib/python3.8/site-packages/airflow/example_dags/example_task_group.py
[2025-07-08T10:28:09.988+0000] {processor.py:830} INFO - Processing file /home/airflow/.local/lib/python3.8/site-packages/airflow/example_dags/example_task_group.py for tasks to queue
[2025-07-08T10:28:09.991+0000] {logging_mixin.py:188} INFO - [2025-07-08T10:28:09.991+0000] {dagbag.py:538} INFO - Filling up the DagBag from /home/airflow/.local/lib/python3.8/site-packages/airflow/example_dags/example_task_group.py
[2025-07-08T10:28:10.066+0000] {processor.py:840} INFO - DAG(s) 'example_task_group' retrieved from /home/airflow/.local/lib/python3.8/site-packages/airflow/example_dags/example_task_group.py
[2025-07-08T10:28:10.193+0000] {logging_mixin.py:188} INFO - [2025-07-08T10:28:10.193+0000] {dag.py:3036} INFO - Sync 1 DAGs
[2025-07-08T10:28:10.324+0000] {logging_mixin.py:188} INFO - [2025-07-08T10:28:10.319+0000] {dag.py:3823} INFO - Setting next_dagrun for example_task_group to 2025-07-07 00:00:00+00:00, run_after=2025-07-08 00:00:00+00:00
[2025-07-08T10:28:10.490+0000] {processor.py:183} INFO - Processing /home/airflow/.local/lib/python3.8/site-packages/airflow/example_dags/example_task_group.py took 0.532 seconds
[2025-07-08T10:28:41.034+0000] {processor.py:161} INFO - Started process (PID=10653) to work on /home/airflow/.local/lib/python3.8/site-packages/airflow/example_dags/example_task_group.py
[2025-07-08T10:28:41.044+0000] {processor.py:830} INFO - Processing file /home/airflow/.local/lib/python3.8/site-packages/airflow/example_dags/example_task_group.py for tasks to queue
[2025-07-08T10:28:41.047+0000] {logging_mixin.py:188} INFO - [2025-07-08T10:28:41.047+0000] {dagbag.py:538} INFO - Filling up the DagBag from /home/airflow/.local/lib/python3.8/site-packages/airflow/example_dags/example_task_group.py
[2025-07-08T10:28:41.091+0000] {processor.py:840} INFO - DAG(s) 'example_task_group' retrieved from /home/airflow/.local/lib/python3.8/site-packages/airflow/example_dags/example_task_group.py
[2025-07-08T10:28:41.202+0000] {logging_mixin.py:188} INFO - [2025-07-08T10:28:41.202+0000] {dag.py:3036} INFO - Sync 1 DAGs
[2025-07-08T10:28:41.280+0000] {logging_mixin.py:188} INFO - [2025-07-08T10:28:41.275+0000] {dag.py:3823} INFO - Setting next_dagrun for example_task_group to 2025-07-07 00:00:00+00:00, run_after=2025-07-08 00:00:00+00:00
[2025-07-08T10:28:41.354+0000] {processor.py:183} INFO - Processing /home/airflow/.local/lib/python3.8/site-packages/airflow/example_dags/example_task_group.py took 0.327 seconds
[2025-07-08T10:29:11.774+0000] {processor.py:161} INFO - Started process (PID=10714) to work on /home/airflow/.local/lib/python3.8/site-packages/airflow/example_dags/example_task_group.py
[2025-07-08T10:29:11.781+0000] {processor.py:830} INFO - Processing file /home/airflow/.local/lib/python3.8/site-packages/airflow/example_dags/example_task_group.py for tasks to queue
[2025-07-08T10:29:11.784+0000] {logging_mixin.py:188} INFO - [2025-07-08T10:29:11.783+0000] {dagbag.py:538} INFO - Filling up the DagBag from /home/airflow/.local/lib/python3.8/site-packages/airflow/example_dags/example_task_group.py
[2025-07-08T10:29:11.805+0000] {processor.py:840} INFO - DAG(s) 'example_task_group' retrieved from /home/airflow/.local/lib/python3.8/site-packages/airflow/example_dags/example_task_group.py
[2025-07-08T10:29:11.908+0000] {logging_mixin.py:188} INFO - [2025-07-08T10:29:11.907+0000] {dag.py:3036} INFO - Sync 1 DAGs
[2025-07-08T10:29:11.998+0000] {logging_mixin.py:188} INFO - [2025-07-08T10:29:11.998+0000] {dag.py:3823} INFO - Setting next_dagrun for example_task_group to 2025-07-07 00:00:00+00:00, run_after=2025-07-08 00:00:00+00:00
[2025-07-08T10:29:12.060+0000] {processor.py:183} INFO - Processing /home/airflow/.local/lib/python3.8/site-packages/airflow/example_dags/example_task_group.py took 0.296 seconds
[2025-07-08T10:29:42.374+0000] {processor.py:161} INFO - Started process (PID=10784) to work on /home/airflow/.local/lib/python3.8/site-packages/airflow/example_dags/example_task_group.py
[2025-07-08T10:29:42.375+0000] {processor.py:830} INFO - Processing file /home/airflow/.local/lib/python3.8/site-packages/airflow/example_dags/example_task_group.py for tasks to queue
[2025-07-08T10:29:42.379+0000] {logging_mixin.py:188} INFO - [2025-07-08T10:29:42.378+0000] {dagbag.py:538} INFO - Filling up the DagBag from /home/airflow/.local/lib/python3.8/site-packages/airflow/example_dags/example_task_group.py
[2025-07-08T10:29:42.418+0000] {processor.py:840} INFO - DAG(s) 'example_task_group' retrieved from /home/airflow/.local/lib/python3.8/site-packages/airflow/example_dags/example_task_group.py
[2025-07-08T10:29:42.488+0000] {logging_mixin.py:188} INFO - [2025-07-08T10:29:42.488+0000] {dag.py:3036} INFO - Sync 1 DAGs
[2025-07-08T10:29:42.533+0000] {logging_mixin.py:188} INFO - [2025-07-08T10:29:42.533+0000] {dag.py:3823} INFO - Setting next_dagrun for example_task_group to 2025-07-07 00:00:00+00:00, run_after=2025-07-08 00:00:00+00:00
[2025-07-08T10:29:42.566+0000] {processor.py:183} INFO - Processing /home/airflow/.local/lib/python3.8/site-packages/airflow/example_dags/example_task_group.py took 0.200 seconds
[2025-07-08T10:30:13.573+0000] {processor.py:161} INFO - Started process (PID=10843) to work on /home/airflow/.local/lib/python3.8/site-packages/airflow/example_dags/example_task_group.py
[2025-07-08T10:30:13.576+0000] {processor.py:830} INFO - Processing file /home/airflow/.local/lib/python3.8/site-packages/airflow/example_dags/example_task_group.py for tasks to queue
[2025-07-08T10:30:13.579+0000] {logging_mixin.py:188} INFO - [2025-07-08T10:30:13.578+0000] {dagbag.py:538} INFO - Filling up the DagBag from /home/airflow/.local/lib/python3.8/site-packages/airflow/example_dags/example_task_group.py
[2025-07-08T10:30:13.602+0000] {processor.py:840} INFO - DAG(s) 'example_task_group' retrieved from /home/airflow/.local/lib/python3.8/site-packages/airflow/example_dags/example_task_group.py
[2025-07-08T10:30:13.673+0000] {logging_mixin.py:188} INFO - [2025-07-08T10:30:13.673+0000] {dag.py:3036} INFO - Sync 1 DAGs
[2025-07-08T10:30:13.752+0000] {logging_mixin.py:188} INFO - [2025-07-08T10:30:13.747+0000] {dag.py:3823} INFO - Setting next_dagrun for example_task_group to 2025-07-07 00:00:00+00:00, run_after=2025-07-08 00:00:00+00:00
[2025-07-08T10:30:13.801+0000] {processor.py:183} INFO - Processing /home/airflow/.local/lib/python3.8/site-packages/airflow/example_dags/example_task_group.py took 0.251 seconds
[2025-07-08T10:30:44.656+0000] {processor.py:161} INFO - Started process (PID=10907) to work on /home/airflow/.local/lib/python3.8/site-packages/airflow/example_dags/example_task_group.py
[2025-07-08T10:30:44.660+0000] {processor.py:830} INFO - Processing file /home/airflow/.local/lib/python3.8/site-packages/airflow/example_dags/example_task_group.py for tasks to queue
[2025-07-08T10:30:44.663+0000] {logging_mixin.py:188} INFO - [2025-07-08T10:30:44.663+0000] {dagbag.py:538} INFO - Filling up the DagBag from /home/airflow/.local/lib/python3.8/site-packages/airflow/example_dags/example_task_group.py
[2025-07-08T10:30:44.737+0000] {processor.py:840} INFO - DAG(s) 'example_task_group' retrieved from /home/airflow/.local/lib/python3.8/site-packages/airflow/example_dags/example_task_group.py
[2025-07-08T10:30:44.877+0000] {logging_mixin.py:188} INFO - [2025-07-08T10:30:44.877+0000] {dag.py:3036} INFO - Sync 1 DAGs
[2025-07-08T10:30:45.110+0000] {logging_mixin.py:188} INFO - [2025-07-08T10:30:45.110+0000] {dag.py:3823} INFO - Setting next_dagrun for example_task_group to 2025-07-07 00:00:00+00:00, run_after=2025-07-08 00:00:00+00:00
[2025-07-08T10:30:45.352+0000] {processor.py:183} INFO - Processing /home/airflow/.local/lib/python3.8/site-packages/airflow/example_dags/example_task_group.py took 0.728 seconds
[2025-07-08T10:31:15.542+0000] {processor.py:161} INFO - Started process (PID=10969) to work on /home/airflow/.local/lib/python3.8/site-packages/airflow/example_dags/example_task_group.py
[2025-07-08T10:31:15.544+0000] {processor.py:830} INFO - Processing file /home/airflow/.local/lib/python3.8/site-packages/airflow/example_dags/example_task_group.py for tasks to queue
[2025-07-08T10:31:15.547+0000] {logging_mixin.py:188} INFO - [2025-07-08T10:31:15.546+0000] {dagbag.py:538} INFO - Filling up the DagBag from /home/airflow/.local/lib/python3.8/site-packages/airflow/example_dags/example_task_group.py
[2025-07-08T10:31:15.561+0000] {processor.py:840} INFO - DAG(s) 'example_task_group' retrieved from /home/airflow/.local/lib/python3.8/site-packages/airflow/example_dags/example_task_group.py
[2025-07-08T10:31:15.601+0000] {logging_mixin.py:188} INFO - [2025-07-08T10:31:15.601+0000] {dag.py:3036} INFO - Sync 1 DAGs
[2025-07-08T10:31:15.648+0000] {logging_mixin.py:188} INFO - [2025-07-08T10:31:15.647+0000] {dag.py:3823} INFO - Setting next_dagrun for example_task_group to 2025-07-07 00:00:00+00:00, run_after=2025-07-08 00:00:00+00:00
[2025-07-08T10:31:15.679+0000] {processor.py:183} INFO - Processing /home/airflow/.local/lib/python3.8/site-packages/airflow/example_dags/example_task_group.py took 0.141 seconds
[2025-07-08T10:31:45.988+0000] {processor.py:161} INFO - Started process (PID=11036) to work on /home/airflow/.local/lib/python3.8/site-packages/airflow/example_dags/example_task_group.py
[2025-07-08T10:31:45.994+0000] {processor.py:830} INFO - Processing file /home/airflow/.local/lib/python3.8/site-packages/airflow/example_dags/example_task_group.py for tasks to queue
[2025-07-08T10:31:45.997+0000] {logging_mixin.py:188} INFO - [2025-07-08T10:31:45.997+0000] {dagbag.py:538} INFO - Filling up the DagBag from /home/airflow/.local/lib/python3.8/site-packages/airflow/example_dags/example_task_group.py
[2025-07-08T10:31:46.023+0000] {processor.py:840} INFO - DAG(s) 'example_task_group' retrieved from /home/airflow/.local/lib/python3.8/site-packages/airflow/example_dags/example_task_group.py
[2025-07-08T10:31:46.085+0000] {logging_mixin.py:188} INFO - [2025-07-08T10:31:46.084+0000] {dag.py:3036} INFO - Sync 1 DAGs
[2025-07-08T10:31:46.163+0000] {logging_mixin.py:188} INFO - [2025-07-08T10:31:46.162+0000] {dag.py:3823} INFO - Setting next_dagrun for example_task_group to 2025-07-07 00:00:00+00:00, run_after=2025-07-08 00:00:00+00:00
[2025-07-08T10:31:46.224+0000] {processor.py:183} INFO - Processing /home/airflow/.local/lib/python3.8/site-packages/airflow/example_dags/example_task_group.py took 0.250 seconds
[2025-07-08T10:32:16.543+0000] {processor.py:161} INFO - Started process (PID=11103) to work on /home/airflow/.local/lib/python3.8/site-packages/airflow/example_dags/example_task_group.py
[2025-07-08T10:32:16.556+0000] {processor.py:830} INFO - Processing file /home/airflow/.local/lib/python3.8/site-packages/airflow/example_dags/example_task_group.py for tasks to queue
[2025-07-08T10:32:16.558+0000] {logging_mixin.py:188} INFO - [2025-07-08T10:32:16.558+0000] {dagbag.py:538} INFO - Filling up the DagBag from /home/airflow/.local/lib/python3.8/site-packages/airflow/example_dags/example_task_group.py
[2025-07-08T10:32:16.591+0000] {processor.py:840} INFO - DAG(s) 'example_task_group' retrieved from /home/airflow/.local/lib/python3.8/site-packages/airflow/example_dags/example_task_group.py
[2025-07-08T10:32:16.675+0000] {logging_mixin.py:188} INFO - [2025-07-08T10:32:16.675+0000] {dag.py:3036} INFO - Sync 1 DAGs
[2025-07-08T10:32:16.766+0000] {logging_mixin.py:188} INFO - [2025-07-08T10:32:16.766+0000] {dag.py:3823} INFO - Setting next_dagrun for example_task_group to 2025-07-07 00:00:00+00:00, run_after=2025-07-08 00:00:00+00:00
[2025-07-08T10:32:16.835+0000] {processor.py:183} INFO - Processing /home/airflow/.local/lib/python3.8/site-packages/airflow/example_dags/example_task_group.py took 0.299 seconds
[2025-07-08T10:32:47.114+0000] {processor.py:161} INFO - Started process (PID=11169) to work on /home/airflow/.local/lib/python3.8/site-packages/airflow/example_dags/example_task_group.py
[2025-07-08T10:32:47.118+0000] {processor.py:830} INFO - Processing file /home/airflow/.local/lib/python3.8/site-packages/airflow/example_dags/example_task_group.py for tasks to queue
[2025-07-08T10:32:47.120+0000] {logging_mixin.py:188} INFO - [2025-07-08T10:32:47.119+0000] {dagbag.py:538} INFO - Filling up the DagBag from /home/airflow/.local/lib/python3.8/site-packages/airflow/example_dags/example_task_group.py
[2025-07-08T10:32:47.165+0000] {processor.py:840} INFO - DAG(s) 'example_task_group' retrieved from /home/airflow/.local/lib/python3.8/site-packages/airflow/example_dags/example_task_group.py
[2025-07-08T10:32:47.289+0000] {logging_mixin.py:188} INFO - [2025-07-08T10:32:47.289+0000] {dag.py:3036} INFO - Sync 1 DAGs
[2025-07-08T10:32:47.360+0000] {logging_mixin.py:188} INFO - [2025-07-08T10:32:47.359+0000] {dag.py:3823} INFO - Setting next_dagrun for example_task_group to 2025-07-07 00:00:00+00:00, run_after=2025-07-08 00:00:00+00:00
[2025-07-08T10:32:47.410+0000] {processor.py:183} INFO - Processing /home/airflow/.local/lib/python3.8/site-packages/airflow/example_dags/example_task_group.py took 0.308 seconds
[2025-07-08T10:33:17.837+0000] {processor.py:161} INFO - Started process (PID=11236) to work on /home/airflow/.local/lib/python3.8/site-packages/airflow/example_dags/example_task_group.py
[2025-07-08T10:33:17.845+0000] {processor.py:830} INFO - Processing file /home/airflow/.local/lib/python3.8/site-packages/airflow/example_dags/example_task_group.py for tasks to queue
[2025-07-08T10:33:17.847+0000] {logging_mixin.py:188} INFO - [2025-07-08T10:33:17.846+0000] {dagbag.py:538} INFO - Filling up the DagBag from /home/airflow/.local/lib/python3.8/site-packages/airflow/example_dags/example_task_group.py
[2025-07-08T10:33:17.877+0000] {processor.py:840} INFO - DAG(s) 'example_task_group' retrieved from /home/airflow/.local/lib/python3.8/site-packages/airflow/example_dags/example_task_group.py
[2025-07-08T10:33:17.969+0000] {logging_mixin.py:188} INFO - [2025-07-08T10:33:17.969+0000] {dag.py:3036} INFO - Sync 1 DAGs
[2025-07-08T10:33:18.082+0000] {logging_mixin.py:188} INFO - [2025-07-08T10:33:18.074+0000] {dag.py:3823} INFO - Setting next_dagrun for example_task_group to 2025-07-07 00:00:00+00:00, run_after=2025-07-08 00:00:00+00:00
[2025-07-08T10:33:18.164+0000] {processor.py:183} INFO - Processing /home/airflow/.local/lib/python3.8/site-packages/airflow/example_dags/example_task_group.py took 0.347 seconds
[2025-07-08T10:33:48.372+0000] {processor.py:161} INFO - Started process (PID=11299) to work on /home/airflow/.local/lib/python3.8/site-packages/airflow/example_dags/example_task_group.py
[2025-07-08T10:33:48.384+0000] {processor.py:830} INFO - Processing file /home/airflow/.local/lib/python3.8/site-packages/airflow/example_dags/example_task_group.py for tasks to queue
[2025-07-08T10:33:48.386+0000] {logging_mixin.py:188} INFO - [2025-07-08T10:33:48.385+0000] {dagbag.py:538} INFO - Filling up the DagBag from /home/airflow/.local/lib/python3.8/site-packages/airflow/example_dags/example_task_group.py
[2025-07-08T10:33:48.427+0000] {processor.py:840} INFO - DAG(s) 'example_task_group' retrieved from /home/airflow/.local/lib/python3.8/site-packages/airflow/example_dags/example_task_group.py
[2025-07-08T10:33:48.498+0000] {logging_mixin.py:188} INFO - [2025-07-08T10:33:48.497+0000] {dag.py:3036} INFO - Sync 1 DAGs
[2025-07-08T10:33:48.559+0000] {logging_mixin.py:188} INFO - [2025-07-08T10:33:48.559+0000] {dag.py:3823} INFO - Setting next_dagrun for example_task_group to 2025-07-07 00:00:00+00:00, run_after=2025-07-08 00:00:00+00:00
[2025-07-08T10:33:48.593+0000] {processor.py:183} INFO - Processing /home/airflow/.local/lib/python3.8/site-packages/airflow/example_dags/example_task_group.py took 0.232 seconds
[2025-07-08T10:34:19.425+0000] {processor.py:161} INFO - Started process (PID=11366) to work on /home/airflow/.local/lib/python3.8/site-packages/airflow/example_dags/example_task_group.py
[2025-07-08T10:34:19.428+0000] {processor.py:830} INFO - Processing file /home/airflow/.local/lib/python3.8/site-packages/airflow/example_dags/example_task_group.py for tasks to queue
[2025-07-08T10:34:19.430+0000] {logging_mixin.py:188} INFO - [2025-07-08T10:34:19.429+0000] {dagbag.py:538} INFO - Filling up the DagBag from /home/airflow/.local/lib/python3.8/site-packages/airflow/example_dags/example_task_group.py
[2025-07-08T10:34:19.502+0000] {processor.py:840} INFO - DAG(s) 'example_task_group' retrieved from /home/airflow/.local/lib/python3.8/site-packages/airflow/example_dags/example_task_group.py
[2025-07-08T10:34:19.661+0000] {logging_mixin.py:188} INFO - [2025-07-08T10:34:19.661+0000] {dag.py:3036} INFO - Sync 1 DAGs
[2025-07-08T10:34:19.836+0000] {logging_mixin.py:188} INFO - [2025-07-08T10:34:19.831+0000] {dag.py:3823} INFO - Setting next_dagrun for example_task_group to 2025-07-07 00:00:00+00:00, run_after=2025-07-08 00:00:00+00:00
[2025-07-08T10:34:19.952+0000] {processor.py:183} INFO - Processing /home/airflow/.local/lib/python3.8/site-packages/airflow/example_dags/example_task_group.py took 0.558 seconds
[2025-07-08T10:34:50.864+0000] {processor.py:161} INFO - Started process (PID=11436) to work on /home/airflow/.local/lib/python3.8/site-packages/airflow/example_dags/example_task_group.py
[2025-07-08T10:34:50.878+0000] {processor.py:830} INFO - Processing file /home/airflow/.local/lib/python3.8/site-packages/airflow/example_dags/example_task_group.py for tasks to queue
[2025-07-08T10:34:50.880+0000] {logging_mixin.py:188} INFO - [2025-07-08T10:34:50.879+0000] {dagbag.py:538} INFO - Filling up the DagBag from /home/airflow/.local/lib/python3.8/site-packages/airflow/example_dags/example_task_group.py
[2025-07-08T10:34:50.944+0000] {processor.py:840} INFO - DAG(s) 'example_task_group' retrieved from /home/airflow/.local/lib/python3.8/site-packages/airflow/example_dags/example_task_group.py
[2025-07-08T10:34:51.085+0000] {logging_mixin.py:188} INFO - [2025-07-08T10:34:51.085+0000] {dag.py:3036} INFO - Sync 1 DAGs
[2025-07-08T10:34:51.210+0000] {logging_mixin.py:188} INFO - [2025-07-08T10:34:51.210+0000] {dag.py:3823} INFO - Setting next_dagrun for example_task_group to 2025-07-07 00:00:00+00:00, run_after=2025-07-08 00:00:00+00:00
[2025-07-08T10:34:51.333+0000] {processor.py:183} INFO - Processing /home/airflow/.local/lib/python3.8/site-packages/airflow/example_dags/example_task_group.py took 0.488 seconds
[2025-07-08T10:35:22.035+0000] {processor.py:161} INFO - Started process (PID=11501) to work on /home/airflow/.local/lib/python3.8/site-packages/airflow/example_dags/example_task_group.py
[2025-07-08T10:35:22.036+0000] {processor.py:830} INFO - Processing file /home/airflow/.local/lib/python3.8/site-packages/airflow/example_dags/example_task_group.py for tasks to queue
[2025-07-08T10:35:22.038+0000] {logging_mixin.py:188} INFO - [2025-07-08T10:35:22.037+0000] {dagbag.py:538} INFO - Filling up the DagBag from /home/airflow/.local/lib/python3.8/site-packages/airflow/example_dags/example_task_group.py
[2025-07-08T10:35:22.098+0000] {processor.py:840} INFO - DAG(s) 'example_task_group' retrieved from /home/airflow/.local/lib/python3.8/site-packages/airflow/example_dags/example_task_group.py
[2025-07-08T10:35:22.185+0000] {logging_mixin.py:188} INFO - [2025-07-08T10:35:22.184+0000] {dag.py:3036} INFO - Sync 1 DAGs
[2025-07-08T10:35:22.308+0000] {logging_mixin.py:188} INFO - [2025-07-08T10:35:22.307+0000] {dag.py:3823} INFO - Setting next_dagrun for example_task_group to 2025-07-07 00:00:00+00:00, run_after=2025-07-08 00:00:00+00:00
[2025-07-08T10:35:22.433+0000] {processor.py:183} INFO - Processing /home/airflow/.local/lib/python3.8/site-packages/airflow/example_dags/example_task_group.py took 0.434 seconds
[2025-07-08T10:35:53.112+0000] {processor.py:161} INFO - Started process (PID=11567) to work on /home/airflow/.local/lib/python3.8/site-packages/airflow/example_dags/example_task_group.py
[2025-07-08T10:35:53.116+0000] {processor.py:830} INFO - Processing file /home/airflow/.local/lib/python3.8/site-packages/airflow/example_dags/example_task_group.py for tasks to queue
[2025-07-08T10:35:53.118+0000] {logging_mixin.py:188} INFO - [2025-07-08T10:35:53.117+0000] {dagbag.py:538} INFO - Filling up the DagBag from /home/airflow/.local/lib/python3.8/site-packages/airflow/example_dags/example_task_group.py
[2025-07-08T10:35:53.157+0000] {processor.py:840} INFO - DAG(s) 'example_task_group' retrieved from /home/airflow/.local/lib/python3.8/site-packages/airflow/example_dags/example_task_group.py
[2025-07-08T10:35:53.229+0000] {logging_mixin.py:188} INFO - [2025-07-08T10:35:53.229+0000] {dag.py:3036} INFO - Sync 1 DAGs
[2025-07-08T10:35:53.327+0000] {logging_mixin.py:188} INFO - [2025-07-08T10:35:53.327+0000] {dag.py:3823} INFO - Setting next_dagrun for example_task_group to 2025-07-07 00:00:00+00:00, run_after=2025-07-08 00:00:00+00:00
[2025-07-08T10:35:53.422+0000] {processor.py:183} INFO - Processing /home/airflow/.local/lib/python3.8/site-packages/airflow/example_dags/example_task_group.py took 0.332 seconds
[2025-07-08T10:36:24.510+0000] {processor.py:161} INFO - Started process (PID=11626) to work on /home/airflow/.local/lib/python3.8/site-packages/airflow/example_dags/example_task_group.py
[2025-07-08T10:36:24.512+0000] {processor.py:830} INFO - Processing file /home/airflow/.local/lib/python3.8/site-packages/airflow/example_dags/example_task_group.py for tasks to queue
[2025-07-08T10:36:24.513+0000] {logging_mixin.py:188} INFO - [2025-07-08T10:36:24.513+0000] {dagbag.py:538} INFO - Filling up the DagBag from /home/airflow/.local/lib/python3.8/site-packages/airflow/example_dags/example_task_group.py
[2025-07-08T10:36:24.546+0000] {processor.py:840} INFO - DAG(s) 'example_task_group' retrieved from /home/airflow/.local/lib/python3.8/site-packages/airflow/example_dags/example_task_group.py
[2025-07-08T10:36:24.680+0000] {logging_mixin.py:188} INFO - [2025-07-08T10:36:24.679+0000] {dag.py:3036} INFO - Sync 1 DAGs
[2025-07-08T10:36:24.851+0000] {logging_mixin.py:188} INFO - [2025-07-08T10:36:24.851+0000] {dag.py:3823} INFO - Setting next_dagrun for example_task_group to 2025-07-07 00:00:00+00:00, run_after=2025-07-08 00:00:00+00:00
[2025-07-08T10:36:24.989+0000] {processor.py:183} INFO - Processing /home/airflow/.local/lib/python3.8/site-packages/airflow/example_dags/example_task_group.py took 0.494 seconds
[2025-07-08T10:36:55.358+0000] {processor.py:161} INFO - Started process (PID=11695) to work on /home/airflow/.local/lib/python3.8/site-packages/airflow/example_dags/example_task_group.py
[2025-07-08T10:36:55.372+0000] {processor.py:830} INFO - Processing file /home/airflow/.local/lib/python3.8/site-packages/airflow/example_dags/example_task_group.py for tasks to queue
[2025-07-08T10:36:55.374+0000] {logging_mixin.py:188} INFO - [2025-07-08T10:36:55.373+0000] {dagbag.py:538} INFO - Filling up the DagBag from /home/airflow/.local/lib/python3.8/site-packages/airflow/example_dags/example_task_group.py
[2025-07-08T10:36:55.422+0000] {processor.py:840} INFO - DAG(s) 'example_task_group' retrieved from /home/airflow/.local/lib/python3.8/site-packages/airflow/example_dags/example_task_group.py
[2025-07-08T10:36:55.525+0000] {logging_mixin.py:188} INFO - [2025-07-08T10:36:55.525+0000] {dag.py:3036} INFO - Sync 1 DAGs
[2025-07-08T10:36:55.697+0000] {logging_mixin.py:188} INFO - [2025-07-08T10:36:55.697+0000] {dag.py:3823} INFO - Setting next_dagrun for example_task_group to 2025-07-07 00:00:00+00:00, run_after=2025-07-08 00:00:00+00:00
[2025-07-08T10:36:55.794+0000] {processor.py:183} INFO - Processing /home/airflow/.local/lib/python3.8/site-packages/airflow/example_dags/example_task_group.py took 0.455 seconds
[2025-07-08T10:37:26.537+0000] {processor.py:161} INFO - Started process (PID=11759) to work on /home/airflow/.local/lib/python3.8/site-packages/airflow/example_dags/example_task_group.py
[2025-07-08T10:37:26.539+0000] {processor.py:830} INFO - Processing file /home/airflow/.local/lib/python3.8/site-packages/airflow/example_dags/example_task_group.py for tasks to queue
[2025-07-08T10:37:26.540+0000] {logging_mixin.py:188} INFO - [2025-07-08T10:37:26.539+0000] {dagbag.py:538} INFO - Filling up the DagBag from /home/airflow/.local/lib/python3.8/site-packages/airflow/example_dags/example_task_group.py
[2025-07-08T10:37:26.556+0000] {processor.py:840} INFO - DAG(s) 'example_task_group' retrieved from /home/airflow/.local/lib/python3.8/site-packages/airflow/example_dags/example_task_group.py
[2025-07-08T10:37:26.600+0000] {logging_mixin.py:188} INFO - [2025-07-08T10:37:26.600+0000] {dag.py:3036} INFO - Sync 1 DAGs
[2025-07-08T10:37:26.646+0000] {logging_mixin.py:188} INFO - [2025-07-08T10:37:26.646+0000] {dag.py:3823} INFO - Setting next_dagrun for example_task_group to 2025-07-07 00:00:00+00:00, run_after=2025-07-08 00:00:00+00:00
[2025-07-08T10:37:26.680+0000] {processor.py:183} INFO - Processing /home/airflow/.local/lib/python3.8/site-packages/airflow/example_dags/example_task_group.py took 0.148 seconds
[2025-07-08T10:37:56.819+0000] {processor.py:161} INFO - Started process (PID=11829) to work on /home/airflow/.local/lib/python3.8/site-packages/airflow/example_dags/example_task_group.py
[2025-07-08T10:37:56.822+0000] {processor.py:830} INFO - Processing file /home/airflow/.local/lib/python3.8/site-packages/airflow/example_dags/example_task_group.py for tasks to queue
[2025-07-08T10:37:56.823+0000] {logging_mixin.py:188} INFO - [2025-07-08T10:37:56.823+0000] {dagbag.py:538} INFO - Filling up the DagBag from /home/airflow/.local/lib/python3.8/site-packages/airflow/example_dags/example_task_group.py
[2025-07-08T10:37:56.839+0000] {processor.py:840} INFO - DAG(s) 'example_task_group' retrieved from /home/airflow/.local/lib/python3.8/site-packages/airflow/example_dags/example_task_group.py
[2025-07-08T10:37:56.884+0000] {logging_mixin.py:188} INFO - [2025-07-08T10:37:56.883+0000] {dag.py:3036} INFO - Sync 1 DAGs
[2025-07-08T10:37:56.967+0000] {logging_mixin.py:188} INFO - [2025-07-08T10:37:56.967+0000] {dag.py:3823} INFO - Setting next_dagrun for example_task_group to 2025-07-07 00:00:00+00:00, run_after=2025-07-08 00:00:00+00:00
[2025-07-08T10:37:57.035+0000] {processor.py:183} INFO - Processing /home/airflow/.local/lib/python3.8/site-packages/airflow/example_dags/example_task_group.py took 0.230 seconds
[2025-07-08T10:38:27.346+0000] {processor.py:161} INFO - Started process (PID=11889) to work on /home/airflow/.local/lib/python3.8/site-packages/airflow/example_dags/example_task_group.py
[2025-07-08T10:38:27.347+0000] {processor.py:830} INFO - Processing file /home/airflow/.local/lib/python3.8/site-packages/airflow/example_dags/example_task_group.py for tasks to queue
[2025-07-08T10:38:27.356+0000] {logging_mixin.py:188} INFO - [2025-07-08T10:38:27.355+0000] {dagbag.py:538} INFO - Filling up the DagBag from /home/airflow/.local/lib/python3.8/site-packages/airflow/example_dags/example_task_group.py
[2025-07-08T10:38:27.392+0000] {processor.py:840} INFO - DAG(s) 'example_task_group' retrieved from /home/airflow/.local/lib/python3.8/site-packages/airflow/example_dags/example_task_group.py
[2025-07-08T10:38:27.455+0000] {logging_mixin.py:188} INFO - [2025-07-08T10:38:27.454+0000] {dag.py:3036} INFO - Sync 1 DAGs
[2025-07-08T10:38:27.554+0000] {logging_mixin.py:188} INFO - [2025-07-08T10:38:27.554+0000] {dag.py:3823} INFO - Setting next_dagrun for example_task_group to 2025-07-07 00:00:00+00:00, run_after=2025-07-08 00:00:00+00:00
[2025-07-08T10:38:27.618+0000] {processor.py:183} INFO - Processing /home/airflow/.local/lib/python3.8/site-packages/airflow/example_dags/example_task_group.py took 0.278 seconds
[2025-07-08T10:38:58.083+0000] {processor.py:161} INFO - Started process (PID=11962) to work on /home/airflow/.local/lib/python3.8/site-packages/airflow/example_dags/example_task_group.py
[2025-07-08T10:38:58.096+0000] {processor.py:830} INFO - Processing file /home/airflow/.local/lib/python3.8/site-packages/airflow/example_dags/example_task_group.py for tasks to queue
[2025-07-08T10:38:58.098+0000] {logging_mixin.py:188} INFO - [2025-07-08T10:38:58.097+0000] {dagbag.py:538} INFO - Filling up the DagBag from /home/airflow/.local/lib/python3.8/site-packages/airflow/example_dags/example_task_group.py
[2025-07-08T10:38:58.121+0000] {processor.py:840} INFO - DAG(s) 'example_task_group' retrieved from /home/airflow/.local/lib/python3.8/site-packages/airflow/example_dags/example_task_group.py
[2025-07-08T10:38:58.189+0000] {logging_mixin.py:188} INFO - [2025-07-08T10:38:58.189+0000] {dag.py:3036} INFO - Sync 1 DAGs
[2025-07-08T10:38:58.242+0000] {logging_mixin.py:188} INFO - [2025-07-08T10:38:58.242+0000] {dag.py:3823} INFO - Setting next_dagrun for example_task_group to 2025-07-07 00:00:00+00:00, run_after=2025-07-08 00:00:00+00:00
[2025-07-08T10:38:58.291+0000] {processor.py:183} INFO - Processing /home/airflow/.local/lib/python3.8/site-packages/airflow/example_dags/example_task_group.py took 0.214 seconds
[2025-07-08T10:39:30.325+0000] {processor.py:161} INFO - Started process (PID=12029) to work on /home/airflow/.local/lib/python3.8/site-packages/airflow/example_dags/example_task_group.py
[2025-07-08T10:39:30.337+0000] {processor.py:830} INFO - Processing file /home/airflow/.local/lib/python3.8/site-packages/airflow/example_dags/example_task_group.py for tasks to queue
[2025-07-08T10:39:30.341+0000] {logging_mixin.py:188} INFO - [2025-07-08T10:39:30.340+0000] {dagbag.py:538} INFO - Filling up the DagBag from /home/airflow/.local/lib/python3.8/site-packages/airflow/example_dags/example_task_group.py
[2025-07-08T10:39:30.392+0000] {processor.py:840} INFO - DAG(s) 'example_task_group' retrieved from /home/airflow/.local/lib/python3.8/site-packages/airflow/example_dags/example_task_group.py
[2025-07-08T10:39:30.557+0000] {logging_mixin.py:188} INFO - [2025-07-08T10:39:30.557+0000] {dag.py:3036} INFO - Sync 1 DAGs
[2025-07-08T10:39:30.703+0000] {logging_mixin.py:188} INFO - [2025-07-08T10:39:30.702+0000] {dag.py:3823} INFO - Setting next_dagrun for example_task_group to 2025-07-07 00:00:00+00:00, run_after=2025-07-08 00:00:00+00:00
[2025-07-08T10:39:30.810+0000] {processor.py:183} INFO - Processing /home/airflow/.local/lib/python3.8/site-packages/airflow/example_dags/example_task_group.py took 0.494 seconds
[2025-07-08T10:40:01.183+0000] {processor.py:161} INFO - Started process (PID=12087) to work on /home/airflow/.local/lib/python3.8/site-packages/airflow/example_dags/example_task_group.py
[2025-07-08T10:40:01.186+0000] {processor.py:830} INFO - Processing file /home/airflow/.local/lib/python3.8/site-packages/airflow/example_dags/example_task_group.py for tasks to queue
[2025-07-08T10:40:01.188+0000] {logging_mixin.py:188} INFO - [2025-07-08T10:40:01.187+0000] {dagbag.py:538} INFO - Filling up the DagBag from /home/airflow/.local/lib/python3.8/site-packages/airflow/example_dags/example_task_group.py
[2025-07-08T10:40:01.258+0000] {processor.py:840} INFO - DAG(s) 'example_task_group' retrieved from /home/airflow/.local/lib/python3.8/site-packages/airflow/example_dags/example_task_group.py
[2025-07-08T10:40:01.357+0000] {logging_mixin.py:188} INFO - [2025-07-08T10:40:01.357+0000] {dag.py:3036} INFO - Sync 1 DAGs
[2025-07-08T10:40:01.458+0000] {logging_mixin.py:188} INFO - [2025-07-08T10:40:01.457+0000] {dag.py:3823} INFO - Setting next_dagrun for example_task_group to 2025-07-07 00:00:00+00:00, run_after=2025-07-08 00:00:00+00:00
[2025-07-08T10:40:01.585+0000] {processor.py:183} INFO - Processing /home/airflow/.local/lib/python3.8/site-packages/airflow/example_dags/example_task_group.py took 0.432 seconds
[2025-07-08T10:40:32.068+0000] {processor.py:161} INFO - Started process (PID=12156) to work on /home/airflow/.local/lib/python3.8/site-packages/airflow/example_dags/example_task_group.py
[2025-07-08T10:40:32.069+0000] {processor.py:830} INFO - Processing file /home/airflow/.local/lib/python3.8/site-packages/airflow/example_dags/example_task_group.py for tasks to queue
[2025-07-08T10:40:32.071+0000] {logging_mixin.py:188} INFO - [2025-07-08T10:40:32.070+0000] {dagbag.py:538} INFO - Filling up the DagBag from /home/airflow/.local/lib/python3.8/site-packages/airflow/example_dags/example_task_group.py
[2025-07-08T10:40:32.135+0000] {processor.py:840} INFO - DAG(s) 'example_task_group' retrieved from /home/airflow/.local/lib/python3.8/site-packages/airflow/example_dags/example_task_group.py
[2025-07-08T10:40:32.353+0000] {logging_mixin.py:188} INFO - [2025-07-08T10:40:32.353+0000] {dag.py:3036} INFO - Sync 1 DAGs
[2025-07-08T10:40:32.525+0000] {logging_mixin.py:188} INFO - [2025-07-08T10:40:32.524+0000] {dag.py:3823} INFO - Setting next_dagrun for example_task_group to 2025-07-07 00:00:00+00:00, run_after=2025-07-08 00:00:00+00:00
[2025-07-08T10:40:32.735+0000] {processor.py:183} INFO - Processing /home/airflow/.local/lib/python3.8/site-packages/airflow/example_dags/example_task_group.py took 0.692 seconds
[2025-07-08T10:41:02.963+0000] {processor.py:161} INFO - Started process (PID=12216) to work on /home/airflow/.local/lib/python3.8/site-packages/airflow/example_dags/example_task_group.py
[2025-07-08T10:41:02.964+0000] {processor.py:830} INFO - Processing file /home/airflow/.local/lib/python3.8/site-packages/airflow/example_dags/example_task_group.py for tasks to queue
[2025-07-08T10:41:02.966+0000] {logging_mixin.py:188} INFO - [2025-07-08T10:41:02.965+0000] {dagbag.py:538} INFO - Filling up the DagBag from /home/airflow/.local/lib/python3.8/site-packages/airflow/example_dags/example_task_group.py
[2025-07-08T10:41:02.990+0000] {processor.py:840} INFO - DAG(s) 'example_task_group' retrieved from /home/airflow/.local/lib/python3.8/site-packages/airflow/example_dags/example_task_group.py
[2025-07-08T10:41:03.146+0000] {logging_mixin.py:188} INFO - [2025-07-08T10:41:03.146+0000] {dag.py:3036} INFO - Sync 1 DAGs
[2025-07-08T10:41:03.254+0000] {logging_mixin.py:188} INFO - [2025-07-08T10:41:03.254+0000] {dag.py:3823} INFO - Setting next_dagrun for example_task_group to 2025-07-07 00:00:00+00:00, run_after=2025-07-08 00:00:00+00:00
[2025-07-08T10:41:03.335+0000] {processor.py:183} INFO - Processing /home/airflow/.local/lib/python3.8/site-packages/airflow/example_dags/example_task_group.py took 0.394 seconds
[2025-07-08T10:41:34.770+0000] {processor.py:161} INFO - Started process (PID=12286) to work on /home/airflow/.local/lib/python3.8/site-packages/airflow/example_dags/example_task_group.py
[2025-07-08T10:41:34.780+0000] {processor.py:830} INFO - Processing file /home/airflow/.local/lib/python3.8/site-packages/airflow/example_dags/example_task_group.py for tasks to queue
[2025-07-08T10:41:34.782+0000] {logging_mixin.py:188} INFO - [2025-07-08T10:41:34.781+0000] {dagbag.py:538} INFO - Filling up the DagBag from /home/airflow/.local/lib/python3.8/site-packages/airflow/example_dags/example_task_group.py
[2025-07-08T10:41:34.814+0000] {processor.py:840} INFO - DAG(s) 'example_task_group' retrieved from /home/airflow/.local/lib/python3.8/site-packages/airflow/example_dags/example_task_group.py
[2025-07-08T10:41:34.901+0000] {logging_mixin.py:188} INFO - [2025-07-08T10:41:34.900+0000] {dag.py:3036} INFO - Sync 1 DAGs
[2025-07-08T10:41:35.034+0000] {logging_mixin.py:188} INFO - [2025-07-08T10:41:35.034+0000] {dag.py:3823} INFO - Setting next_dagrun for example_task_group to 2025-07-07 00:00:00+00:00, run_after=2025-07-08 00:00:00+00:00
[2025-07-08T10:41:35.189+0000] {processor.py:183} INFO - Processing /home/airflow/.local/lib/python3.8/site-packages/airflow/example_dags/example_task_group.py took 0.432 seconds
[2025-07-08T10:42:05.457+0000] {processor.py:161} INFO - Started process (PID=12350) to work on /home/airflow/.local/lib/python3.8/site-packages/airflow/example_dags/example_task_group.py
[2025-07-08T10:42:05.471+0000] {processor.py:830} INFO - Processing file /home/airflow/.local/lib/python3.8/site-packages/airflow/example_dags/example_task_group.py for tasks to queue
[2025-07-08T10:42:05.481+0000] {logging_mixin.py:188} INFO - [2025-07-08T10:42:05.473+0000] {dagbag.py:538} INFO - Filling up the DagBag from /home/airflow/.local/lib/python3.8/site-packages/airflow/example_dags/example_task_group.py
[2025-07-08T10:42:05.527+0000] {processor.py:840} INFO - DAG(s) 'example_task_group' retrieved from /home/airflow/.local/lib/python3.8/site-packages/airflow/example_dags/example_task_group.py
[2025-07-08T10:42:05.612+0000] {logging_mixin.py:188} INFO - [2025-07-08T10:42:05.611+0000] {dag.py:3036} INFO - Sync 1 DAGs
[2025-07-08T10:42:05.740+0000] {logging_mixin.py:188} INFO - [2025-07-08T10:42:05.739+0000] {dag.py:3823} INFO - Setting next_dagrun for example_task_group to 2025-07-07 00:00:00+00:00, run_after=2025-07-08 00:00:00+00:00
[2025-07-08T10:42:05.870+0000] {processor.py:183} INFO - Processing /home/airflow/.local/lib/python3.8/site-packages/airflow/example_dags/example_task_group.py took 0.420 seconds
[2025-07-08T10:42:36.052+0000] {processor.py:161} INFO - Started process (PID=12411) to work on /home/airflow/.local/lib/python3.8/site-packages/airflow/example_dags/example_task_group.py
[2025-07-08T10:42:36.062+0000] {processor.py:830} INFO - Processing file /home/airflow/.local/lib/python3.8/site-packages/airflow/example_dags/example_task_group.py for tasks to queue
[2025-07-08T10:42:36.063+0000] {logging_mixin.py:188} INFO - [2025-07-08T10:42:36.063+0000] {dagbag.py:538} INFO - Filling up the DagBag from /home/airflow/.local/lib/python3.8/site-packages/airflow/example_dags/example_task_group.py
[2025-07-08T10:42:36.104+0000] {processor.py:840} INFO - DAG(s) 'example_task_group' retrieved from /home/airflow/.local/lib/python3.8/site-packages/airflow/example_dags/example_task_group.py
[2025-07-08T10:42:36.194+0000] {logging_mixin.py:188} INFO - [2025-07-08T10:42:36.193+0000] {dag.py:3036} INFO - Sync 1 DAGs
[2025-07-08T10:42:36.277+0000] {logging_mixin.py:188} INFO - [2025-07-08T10:42:36.277+0000] {dag.py:3823} INFO - Setting next_dagrun for example_task_group to 2025-07-07 00:00:00+00:00, run_after=2025-07-08 00:00:00+00:00
[2025-07-08T10:42:36.340+0000] {processor.py:183} INFO - Processing /home/airflow/.local/lib/python3.8/site-packages/airflow/example_dags/example_task_group.py took 0.306 seconds
[2025-07-08T10:43:07.334+0000] {processor.py:161} INFO - Started process (PID=12478) to work on /home/airflow/.local/lib/python3.8/site-packages/airflow/example_dags/example_task_group.py
[2025-07-08T10:43:07.352+0000] {processor.py:830} INFO - Processing file /home/airflow/.local/lib/python3.8/site-packages/airflow/example_dags/example_task_group.py for tasks to queue
[2025-07-08T10:43:07.354+0000] {logging_mixin.py:188} INFO - [2025-07-08T10:43:07.353+0000] {dagbag.py:538} INFO - Filling up the DagBag from /home/airflow/.local/lib/python3.8/site-packages/airflow/example_dags/example_task_group.py
[2025-07-08T10:43:07.407+0000] {processor.py:840} INFO - DAG(s) 'example_task_group' retrieved from /home/airflow/.local/lib/python3.8/site-packages/airflow/example_dags/example_task_group.py
[2025-07-08T10:43:07.569+0000] {logging_mixin.py:188} INFO - [2025-07-08T10:43:07.569+0000] {dag.py:3036} INFO - Sync 1 DAGs
[2025-07-08T10:43:07.694+0000] {logging_mixin.py:188} INFO - [2025-07-08T10:43:07.694+0000] {dag.py:3823} INFO - Setting next_dagrun for example_task_group to 2025-07-07 00:00:00+00:00, run_after=2025-07-08 00:00:00+00:00
[2025-07-08T10:43:07.812+0000] {processor.py:183} INFO - Processing /home/airflow/.local/lib/python3.8/site-packages/airflow/example_dags/example_task_group.py took 0.502 seconds
[2025-07-08T10:43:38.015+0000] {processor.py:161} INFO - Started process (PID=12538) to work on /home/airflow/.local/lib/python3.8/site-packages/airflow/example_dags/example_task_group.py
[2025-07-08T10:43:38.020+0000] {processor.py:830} INFO - Processing file /home/airflow/.local/lib/python3.8/site-packages/airflow/example_dags/example_task_group.py for tasks to queue
[2025-07-08T10:43:38.022+0000] {logging_mixin.py:188} INFO - [2025-07-08T10:43:38.021+0000] {dagbag.py:538} INFO - Filling up the DagBag from /home/airflow/.local/lib/python3.8/site-packages/airflow/example_dags/example_task_group.py
[2025-07-08T10:43:38.063+0000] {processor.py:840} INFO - DAG(s) 'example_task_group' retrieved from /home/airflow/.local/lib/python3.8/site-packages/airflow/example_dags/example_task_group.py
[2025-07-08T10:43:38.171+0000] {logging_mixin.py:188} INFO - [2025-07-08T10:43:38.170+0000] {dag.py:3036} INFO - Sync 1 DAGs
[2025-07-08T10:43:38.267+0000] {logging_mixin.py:188} INFO - [2025-07-08T10:43:38.266+0000] {dag.py:3823} INFO - Setting next_dagrun for example_task_group to 2025-07-07 00:00:00+00:00, run_after=2025-07-08 00:00:00+00:00
[2025-07-08T10:43:38.372+0000] {processor.py:183} INFO - Processing /home/airflow/.local/lib/python3.8/site-packages/airflow/example_dags/example_task_group.py took 0.370 seconds
[2025-07-08T10:44:08.918+0000] {processor.py:161} INFO - Started process (PID=12605) to work on /home/airflow/.local/lib/python3.8/site-packages/airflow/example_dags/example_task_group.py
[2025-07-08T10:44:08.925+0000] {processor.py:830} INFO - Processing file /home/airflow/.local/lib/python3.8/site-packages/airflow/example_dags/example_task_group.py for tasks to queue
[2025-07-08T10:44:08.930+0000] {logging_mixin.py:188} INFO - [2025-07-08T10:44:08.929+0000] {dagbag.py:538} INFO - Filling up the DagBag from /home/airflow/.local/lib/python3.8/site-packages/airflow/example_dags/example_task_group.py
[2025-07-08T10:44:09.038+0000] {processor.py:840} INFO - DAG(s) 'example_task_group' retrieved from /home/airflow/.local/lib/python3.8/site-packages/airflow/example_dags/example_task_group.py
[2025-07-08T10:44:09.358+0000] {logging_mixin.py:188} INFO - [2025-07-08T10:44:09.357+0000] {dag.py:3036} INFO - Sync 1 DAGs
[2025-07-08T10:44:09.607+0000] {logging_mixin.py:188} INFO - [2025-07-08T10:44:09.606+0000] {dag.py:3823} INFO - Setting next_dagrun for example_task_group to 2025-07-07 00:00:00+00:00, run_after=2025-07-08 00:00:00+00:00
[2025-07-08T10:44:09.760+0000] {processor.py:183} INFO - Processing /home/airflow/.local/lib/python3.8/site-packages/airflow/example_dags/example_task_group.py took 0.892 seconds
[2025-07-08T10:44:40.111+0000] {processor.py:161} INFO - Started process (PID=12673) to work on /home/airflow/.local/lib/python3.8/site-packages/airflow/example_dags/example_task_group.py
[2025-07-08T10:44:40.115+0000] {processor.py:830} INFO - Processing file /home/airflow/.local/lib/python3.8/site-packages/airflow/example_dags/example_task_group.py for tasks to queue
[2025-07-08T10:44:40.117+0000] {logging_mixin.py:188} INFO - [2025-07-08T10:44:40.116+0000] {dagbag.py:538} INFO - Filling up the DagBag from /home/airflow/.local/lib/python3.8/site-packages/airflow/example_dags/example_task_group.py
[2025-07-08T10:44:40.163+0000] {processor.py:840} INFO - DAG(s) 'example_task_group' retrieved from /home/airflow/.local/lib/python3.8/site-packages/airflow/example_dags/example_task_group.py
[2025-07-08T10:44:40.248+0000] {logging_mixin.py:188} INFO - [2025-07-08T10:44:40.247+0000] {dag.py:3036} INFO - Sync 1 DAGs
[2025-07-08T10:44:40.342+0000] {logging_mixin.py:188} INFO - [2025-07-08T10:44:40.341+0000] {dag.py:3823} INFO - Setting next_dagrun for example_task_group to 2025-07-07 00:00:00+00:00, run_after=2025-07-08 00:00:00+00:00
[2025-07-08T10:44:40.385+0000] {processor.py:183} INFO - Processing /home/airflow/.local/lib/python3.8/site-packages/airflow/example_dags/example_task_group.py took 0.295 seconds
[2025-07-08T10:45:14.186+0000] {processor.py:161} INFO - Started process (PID=12735) to work on /home/airflow/.local/lib/python3.8/site-packages/airflow/example_dags/example_task_group.py
[2025-07-08T10:45:14.188+0000] {processor.py:830} INFO - Processing file /home/airflow/.local/lib/python3.8/site-packages/airflow/example_dags/example_task_group.py for tasks to queue
[2025-07-08T10:45:14.189+0000] {logging_mixin.py:188} INFO - [2025-07-08T10:45:14.189+0000] {dagbag.py:538} INFO - Filling up the DagBag from /home/airflow/.local/lib/python3.8/site-packages/airflow/example_dags/example_task_group.py
[2025-07-08T10:45:14.212+0000] {processor.py:840} INFO - DAG(s) 'example_task_group' retrieved from /home/airflow/.local/lib/python3.8/site-packages/airflow/example_dags/example_task_group.py
[2025-07-08T10:45:14.359+0000] {logging_mixin.py:188} INFO - [2025-07-08T10:45:14.358+0000] {dag.py:3036} INFO - Sync 1 DAGs
[2025-07-08T10:45:14.554+0000] {logging_mixin.py:188} INFO - [2025-07-08T10:45:14.554+0000] {dag.py:3823} INFO - Setting next_dagrun for example_task_group to 2025-07-07 00:00:00+00:00, run_after=2025-07-08 00:00:00+00:00
[2025-07-08T10:45:14.722+0000] {processor.py:183} INFO - Processing /home/airflow/.local/lib/python3.8/site-packages/airflow/example_dags/example_task_group.py took 0.559 seconds
[2025-07-08T10:45:48.605+0000] {processor.py:161} INFO - Started process (PID=12805) to work on /home/airflow/.local/lib/python3.8/site-packages/airflow/example_dags/example_task_group.py
[2025-07-08T10:45:48.616+0000] {processor.py:830} INFO - Processing file /home/airflow/.local/lib/python3.8/site-packages/airflow/example_dags/example_task_group.py for tasks to queue
[2025-07-08T10:45:48.618+0000] {logging_mixin.py:188} INFO - [2025-07-08T10:45:48.617+0000] {dagbag.py:538} INFO - Filling up the DagBag from /home/airflow/.local/lib/python3.8/site-packages/airflow/example_dags/example_task_group.py
[2025-07-08T10:45:48.653+0000] {processor.py:840} INFO - DAG(s) 'example_task_group' retrieved from /home/airflow/.local/lib/python3.8/site-packages/airflow/example_dags/example_task_group.py
[2025-07-08T10:45:48.828+0000] {logging_mixin.py:188} INFO - [2025-07-08T10:45:48.827+0000] {dag.py:3036} INFO - Sync 1 DAGs
[2025-07-08T10:45:48.966+0000] {logging_mixin.py:188} INFO - [2025-07-08T10:45:48.966+0000] {dag.py:3823} INFO - Setting next_dagrun for example_task_group to 2025-07-07 00:00:00+00:00, run_after=2025-07-08 00:00:00+00:00
[2025-07-08T10:45:49.198+0000] {processor.py:183} INFO - Processing /home/airflow/.local/lib/python3.8/site-packages/airflow/example_dags/example_task_group.py took 0.615 seconds
[2025-07-08T10:46:22.885+0000] {processor.py:161} INFO - Started process (PID=12873) to work on /home/airflow/.local/lib/python3.8/site-packages/airflow/example_dags/example_task_group.py
[2025-07-08T10:46:22.892+0000] {processor.py:830} INFO - Processing file /home/airflow/.local/lib/python3.8/site-packages/airflow/example_dags/example_task_group.py for tasks to queue
[2025-07-08T10:46:22.894+0000] {logging_mixin.py:188} INFO - [2025-07-08T10:46:22.893+0000] {dagbag.py:538} INFO - Filling up the DagBag from /home/airflow/.local/lib/python3.8/site-packages/airflow/example_dags/example_task_group.py
[2025-07-08T10:46:22.929+0000] {processor.py:840} INFO - DAG(s) 'example_task_group' retrieved from /home/airflow/.local/lib/python3.8/site-packages/airflow/example_dags/example_task_group.py
[2025-07-08T10:46:23.009+0000] {logging_mixin.py:188} INFO - [2025-07-08T10:46:23.009+0000] {dag.py:3036} INFO - Sync 1 DAGs
[2025-07-08T10:46:23.132+0000] {logging_mixin.py:188} INFO - [2025-07-08T10:46:23.131+0000] {dag.py:3823} INFO - Setting next_dagrun for example_task_group to 2025-07-07 00:00:00+00:00, run_after=2025-07-08 00:00:00+00:00
[2025-07-08T10:46:23.246+0000] {processor.py:183} INFO - Processing /home/airflow/.local/lib/python3.8/site-packages/airflow/example_dags/example_task_group.py took 0.375 seconds
[2025-07-08T10:46:53.738+0000] {processor.py:161} INFO - Started process (PID=12930) to work on /home/airflow/.local/lib/python3.8/site-packages/airflow/example_dags/example_task_group.py
[2025-07-08T10:46:53.739+0000] {processor.py:830} INFO - Processing file /home/airflow/.local/lib/python3.8/site-packages/airflow/example_dags/example_task_group.py for tasks to queue
[2025-07-08T10:46:53.741+0000] {logging_mixin.py:188} INFO - [2025-07-08T10:46:53.741+0000] {dagbag.py:538} INFO - Filling up the DagBag from /home/airflow/.local/lib/python3.8/site-packages/airflow/example_dags/example_task_group.py
[2025-07-08T10:46:53.758+0000] {processor.py:840} INFO - DAG(s) 'example_task_group' retrieved from /home/airflow/.local/lib/python3.8/site-packages/airflow/example_dags/example_task_group.py
[2025-07-08T10:46:53.802+0000] {logging_mixin.py:188} INFO - [2025-07-08T10:46:53.802+0000] {dag.py:3036} INFO - Sync 1 DAGs
[2025-07-08T10:46:53.848+0000] {logging_mixin.py:188} INFO - [2025-07-08T10:46:53.848+0000] {dag.py:3823} INFO - Setting next_dagrun for example_task_group to 2025-07-07 00:00:00+00:00, run_after=2025-07-08 00:00:00+00:00
[2025-07-08T10:46:53.894+0000] {processor.py:183} INFO - Processing /home/airflow/.local/lib/python3.8/site-packages/airflow/example_dags/example_task_group.py took 0.163 seconds
[2025-07-08T10:47:24.343+0000] {processor.py:161} INFO - Started process (PID=12998) to work on /home/airflow/.local/lib/python3.8/site-packages/airflow/example_dags/example_task_group.py
[2025-07-08T10:47:24.358+0000] {processor.py:830} INFO - Processing file /home/airflow/.local/lib/python3.8/site-packages/airflow/example_dags/example_task_group.py for tasks to queue
[2025-07-08T10:47:24.359+0000] {logging_mixin.py:188} INFO - [2025-07-08T10:47:24.359+0000] {dagbag.py:538} INFO - Filling up the DagBag from /home/airflow/.local/lib/python3.8/site-packages/airflow/example_dags/example_task_group.py
[2025-07-08T10:47:24.391+0000] {processor.py:840} INFO - DAG(s) 'example_task_group' retrieved from /home/airflow/.local/lib/python3.8/site-packages/airflow/example_dags/example_task_group.py
[2025-07-08T10:47:24.529+0000] {logging_mixin.py:188} INFO - [2025-07-08T10:47:24.529+0000] {dag.py:3036} INFO - Sync 1 DAGs
[2025-07-08T10:47:24.674+0000] {logging_mixin.py:188} INFO - [2025-07-08T10:47:24.673+0000] {dag.py:3823} INFO - Setting next_dagrun for example_task_group to 2025-07-07 00:00:00+00:00, run_after=2025-07-08 00:00:00+00:00
[2025-07-08T10:47:24.774+0000] {processor.py:183} INFO - Processing /home/airflow/.local/lib/python3.8/site-packages/airflow/example_dags/example_task_group.py took 0.447 seconds
[2025-07-08T10:47:55.578+0000] {processor.py:161} INFO - Started process (PID=13058) to work on /home/airflow/.local/lib/python3.8/site-packages/airflow/example_dags/example_task_group.py
[2025-07-08T10:47:55.579+0000] {processor.py:830} INFO - Processing file /home/airflow/.local/lib/python3.8/site-packages/airflow/example_dags/example_task_group.py for tasks to queue
[2025-07-08T10:47:55.581+0000] {logging_mixin.py:188} INFO - [2025-07-08T10:47:55.580+0000] {dagbag.py:538} INFO - Filling up the DagBag from /home/airflow/.local/lib/python3.8/site-packages/airflow/example_dags/example_task_group.py
[2025-07-08T10:47:55.595+0000] {processor.py:840} INFO - DAG(s) 'example_task_group' retrieved from /home/airflow/.local/lib/python3.8/site-packages/airflow/example_dags/example_task_group.py
[2025-07-08T10:47:55.640+0000] {logging_mixin.py:188} INFO - [2025-07-08T10:47:55.640+0000] {dag.py:3036} INFO - Sync 1 DAGs
[2025-07-08T10:47:55.695+0000] {logging_mixin.py:188} INFO - [2025-07-08T10:47:55.695+0000] {dag.py:3823} INFO - Setting next_dagrun for example_task_group to 2025-07-07 00:00:00+00:00, run_after=2025-07-08 00:00:00+00:00
[2025-07-08T10:47:55.729+0000] {processor.py:183} INFO - Processing /home/airflow/.local/lib/python3.8/site-packages/airflow/example_dags/example_task_group.py took 0.159 seconds
[2025-07-08T10:48:26.365+0000] {processor.py:161} INFO - Started process (PID=13125) to work on /home/airflow/.local/lib/python3.8/site-packages/airflow/example_dags/example_task_group.py
[2025-07-08T10:48:26.376+0000] {processor.py:830} INFO - Processing file /home/airflow/.local/lib/python3.8/site-packages/airflow/example_dags/example_task_group.py for tasks to queue
[2025-07-08T10:48:26.377+0000] {logging_mixin.py:188} INFO - [2025-07-08T10:48:26.377+0000] {dagbag.py:538} INFO - Filling up the DagBag from /home/airflow/.local/lib/python3.8/site-packages/airflow/example_dags/example_task_group.py
[2025-07-08T10:48:26.427+0000] {processor.py:840} INFO - DAG(s) 'example_task_group' retrieved from /home/airflow/.local/lib/python3.8/site-packages/airflow/example_dags/example_task_group.py
[2025-07-08T10:48:26.566+0000] {logging_mixin.py:188} INFO - [2025-07-08T10:48:26.565+0000] {dag.py:3036} INFO - Sync 1 DAGs
[2025-07-08T10:48:26.702+0000] {logging_mixin.py:188} INFO - [2025-07-08T10:48:26.702+0000] {dag.py:3823} INFO - Setting next_dagrun for example_task_group to 2025-07-07 00:00:00+00:00, run_after=2025-07-08 00:00:00+00:00
[2025-07-08T10:48:26.810+0000] {processor.py:183} INFO - Processing /home/airflow/.local/lib/python3.8/site-packages/airflow/example_dags/example_task_group.py took 0.476 seconds
[2025-07-08T10:48:57.559+0000] {processor.py:161} INFO - Started process (PID=13185) to work on /home/airflow/.local/lib/python3.8/site-packages/airflow/example_dags/example_task_group.py
[2025-07-08T10:48:57.560+0000] {processor.py:830} INFO - Processing file /home/airflow/.local/lib/python3.8/site-packages/airflow/example_dags/example_task_group.py for tasks to queue
[2025-07-08T10:48:57.561+0000] {logging_mixin.py:188} INFO - [2025-07-08T10:48:57.561+0000] {dagbag.py:538} INFO - Filling up the DagBag from /home/airflow/.local/lib/python3.8/site-packages/airflow/example_dags/example_task_group.py
[2025-07-08T10:48:57.585+0000] {processor.py:840} INFO - DAG(s) 'example_task_group' retrieved from /home/airflow/.local/lib/python3.8/site-packages/airflow/example_dags/example_task_group.py
[2025-07-08T10:48:57.626+0000] {logging_mixin.py:188} INFO - [2025-07-08T10:48:57.626+0000] {dag.py:3036} INFO - Sync 1 DAGs
[2025-07-08T10:48:57.670+0000] {logging_mixin.py:188} INFO - [2025-07-08T10:48:57.670+0000] {dag.py:3823} INFO - Setting next_dagrun for example_task_group to 2025-07-07 00:00:00+00:00, run_after=2025-07-08 00:00:00+00:00
[2025-07-08T10:48:57.701+0000] {processor.py:183} INFO - Processing /home/airflow/.local/lib/python3.8/site-packages/airflow/example_dags/example_task_group.py took 0.148 seconds
[2025-07-08T10:49:30.720+0000] {processor.py:161} INFO - Started process (PID=13251) to work on /home/airflow/.local/lib/python3.8/site-packages/airflow/example_dags/example_task_group.py
[2025-07-08T10:49:30.724+0000] {processor.py:830} INFO - Processing file /home/airflow/.local/lib/python3.8/site-packages/airflow/example_dags/example_task_group.py for tasks to queue
[2025-07-08T10:49:30.726+0000] {logging_mixin.py:188} INFO - [2025-07-08T10:49:30.725+0000] {dagbag.py:538} INFO - Filling up the DagBag from /home/airflow/.local/lib/python3.8/site-packages/airflow/example_dags/example_task_group.py
[2025-07-08T10:49:30.795+0000] {processor.py:840} INFO - DAG(s) 'example_task_group' retrieved from /home/airflow/.local/lib/python3.8/site-packages/airflow/example_dags/example_task_group.py
[2025-07-08T10:49:31.026+0000] {logging_mixin.py:188} INFO - [2025-07-08T10:49:31.026+0000] {dag.py:3036} INFO - Sync 1 DAGs
[2025-07-08T10:49:31.120+0000] {logging_mixin.py:188} INFO - [2025-07-08T10:49:31.120+0000] {dag.py:3823} INFO - Setting next_dagrun for example_task_group to 2025-07-07 00:00:00+00:00, run_after=2025-07-08 00:00:00+00:00
[2025-07-08T10:49:31.214+0000] {processor.py:183} INFO - Processing /home/airflow/.local/lib/python3.8/site-packages/airflow/example_dags/example_task_group.py took 0.521 seconds
[2025-07-08T10:50:02.213+0000] {processor.py:161} INFO - Started process (PID=13318) to work on /home/airflow/.local/lib/python3.8/site-packages/airflow/example_dags/example_task_group.py
[2025-07-08T10:50:02.221+0000] {processor.py:830} INFO - Processing file /home/airflow/.local/lib/python3.8/site-packages/airflow/example_dags/example_task_group.py for tasks to queue
[2025-07-08T10:50:02.222+0000] {logging_mixin.py:188} INFO - [2025-07-08T10:50:02.222+0000] {dagbag.py:538} INFO - Filling up the DagBag from /home/airflow/.local/lib/python3.8/site-packages/airflow/example_dags/example_task_group.py
[2025-07-08T10:50:02.289+0000] {processor.py:840} INFO - DAG(s) 'example_task_group' retrieved from /home/airflow/.local/lib/python3.8/site-packages/airflow/example_dags/example_task_group.py
[2025-07-08T10:50:02.407+0000] {logging_mixin.py:188} INFO - [2025-07-08T10:50:02.407+0000] {dag.py:3036} INFO - Sync 1 DAGs
[2025-07-08T10:50:02.533+0000] {logging_mixin.py:188} INFO - [2025-07-08T10:50:02.532+0000] {dag.py:3823} INFO - Setting next_dagrun for example_task_group to 2025-07-07 00:00:00+00:00, run_after=2025-07-08 00:00:00+00:00
[2025-07-08T10:50:02.634+0000] {processor.py:183} INFO - Processing /home/airflow/.local/lib/python3.8/site-packages/airflow/example_dags/example_task_group.py took 0.457 seconds
[2025-07-08T10:50:34.256+0000] {processor.py:161} INFO - Started process (PID=13375) to work on /home/airflow/.local/lib/python3.8/site-packages/airflow/example_dags/example_task_group.py
[2025-07-08T10:50:34.261+0000] {processor.py:830} INFO - Processing file /home/airflow/.local/lib/python3.8/site-packages/airflow/example_dags/example_task_group.py for tasks to queue
[2025-07-08T10:50:34.263+0000] {logging_mixin.py:188} INFO - [2025-07-08T10:50:34.262+0000] {dagbag.py:538} INFO - Filling up the DagBag from /home/airflow/.local/lib/python3.8/site-packages/airflow/example_dags/example_task_group.py
[2025-07-08T10:50:34.290+0000] {processor.py:840} INFO - DAG(s) 'example_task_group' retrieved from /home/airflow/.local/lib/python3.8/site-packages/airflow/example_dags/example_task_group.py
[2025-07-08T10:50:34.369+0000] {logging_mixin.py:188} INFO - [2025-07-08T10:50:34.369+0000] {dag.py:3036} INFO - Sync 1 DAGs
[2025-07-08T10:50:34.473+0000] {logging_mixin.py:188} INFO - [2025-07-08T10:50:34.473+0000] {dag.py:3823} INFO - Setting next_dagrun for example_task_group to 2025-07-07 00:00:00+00:00, run_after=2025-07-08 00:00:00+00:00
[2025-07-08T10:50:34.550+0000] {processor.py:183} INFO - Processing /home/airflow/.local/lib/python3.8/site-packages/airflow/example_dags/example_task_group.py took 0.301 seconds
[2025-07-08T10:51:05.206+0000] {processor.py:161} INFO - Started process (PID=13441) to work on /home/airflow/.local/lib/python3.8/site-packages/airflow/example_dags/example_task_group.py
[2025-07-08T10:51:05.216+0000] {processor.py:830} INFO - Processing file /home/airflow/.local/lib/python3.8/site-packages/airflow/example_dags/example_task_group.py for tasks to queue
[2025-07-08T10:51:05.218+0000] {logging_mixin.py:188} INFO - [2025-07-08T10:51:05.217+0000] {dagbag.py:538} INFO - Filling up the DagBag from /home/airflow/.local/lib/python3.8/site-packages/airflow/example_dags/example_task_group.py
[2025-07-08T10:51:05.268+0000] {processor.py:840} INFO - DAG(s) 'example_task_group' retrieved from /home/airflow/.local/lib/python3.8/site-packages/airflow/example_dags/example_task_group.py
[2025-07-08T10:51:05.435+0000] {logging_mixin.py:188} INFO - [2025-07-08T10:51:05.434+0000] {dag.py:3036} INFO - Sync 1 DAGs
[2025-07-08T10:51:05.614+0000] {logging_mixin.py:188} INFO - [2025-07-08T10:51:05.614+0000] {dag.py:3823} INFO - Setting next_dagrun for example_task_group to 2025-07-07 00:00:00+00:00, run_after=2025-07-08 00:00:00+00:00
[2025-07-08T10:51:05.749+0000] {processor.py:183} INFO - Processing /home/airflow/.local/lib/python3.8/site-packages/airflow/example_dags/example_task_group.py took 0.569 seconds
[2025-07-08T10:51:36.145+0000] {processor.py:161} INFO - Started process (PID=13499) to work on /home/airflow/.local/lib/python3.8/site-packages/airflow/example_dags/example_task_group.py
[2025-07-08T10:51:36.147+0000] {processor.py:830} INFO - Processing file /home/airflow/.local/lib/python3.8/site-packages/airflow/example_dags/example_task_group.py for tasks to queue
[2025-07-08T10:51:36.149+0000] {logging_mixin.py:188} INFO - [2025-07-08T10:51:36.149+0000] {dagbag.py:538} INFO - Filling up the DagBag from /home/airflow/.local/lib/python3.8/site-packages/airflow/example_dags/example_task_group.py
[2025-07-08T10:51:36.164+0000] {processor.py:840} INFO - DAG(s) 'example_task_group' retrieved from /home/airflow/.local/lib/python3.8/site-packages/airflow/example_dags/example_task_group.py
[2025-07-08T10:51:36.223+0000] {logging_mixin.py:188} INFO - [2025-07-08T10:51:36.223+0000] {dag.py:3036} INFO - Sync 1 DAGs
[2025-07-08T10:51:36.264+0000] {logging_mixin.py:188} INFO - [2025-07-08T10:51:36.264+0000] {dag.py:3823} INFO - Setting next_dagrun for example_task_group to 2025-07-07 00:00:00+00:00, run_after=2025-07-08 00:00:00+00:00
[2025-07-08T10:51:36.299+0000] {processor.py:183} INFO - Processing /home/airflow/.local/lib/python3.8/site-packages/airflow/example_dags/example_task_group.py took 0.161 seconds
[2025-07-08T10:52:06.895+0000] {processor.py:161} INFO - Started process (PID=13567) to work on /home/airflow/.local/lib/python3.8/site-packages/airflow/example_dags/example_task_group.py
[2025-07-08T10:52:06.900+0000] {processor.py:830} INFO - Processing file /home/airflow/.local/lib/python3.8/site-packages/airflow/example_dags/example_task_group.py for tasks to queue
[2025-07-08T10:52:06.902+0000] {logging_mixin.py:188} INFO - [2025-07-08T10:52:06.901+0000] {dagbag.py:538} INFO - Filling up the DagBag from /home/airflow/.local/lib/python3.8/site-packages/airflow/example_dags/example_task_group.py
[2025-07-08T10:52:06.933+0000] {processor.py:840} INFO - DAG(s) 'example_task_group' retrieved from /home/airflow/.local/lib/python3.8/site-packages/airflow/example_dags/example_task_group.py
[2025-07-08T10:52:07.038+0000] {logging_mixin.py:188} INFO - [2025-07-08T10:52:07.038+0000] {dag.py:3036} INFO - Sync 1 DAGs
[2025-07-08T10:52:07.091+0000] {logging_mixin.py:188} INFO - [2025-07-08T10:52:07.091+0000] {dag.py:3823} INFO - Setting next_dagrun for example_task_group to 2025-07-07 00:00:00+00:00, run_after=2025-07-08 00:00:00+00:00
[2025-07-08T10:52:07.165+0000] {processor.py:183} INFO - Processing /home/airflow/.local/lib/python3.8/site-packages/airflow/example_dags/example_task_group.py took 0.285 seconds
[2025-07-08T10:52:37.567+0000] {processor.py:161} INFO - Started process (PID=13625) to work on /home/airflow/.local/lib/python3.8/site-packages/airflow/example_dags/example_task_group.py
[2025-07-08T10:52:37.569+0000] {processor.py:830} INFO - Processing file /home/airflow/.local/lib/python3.8/site-packages/airflow/example_dags/example_task_group.py for tasks to queue
[2025-07-08T10:52:37.570+0000] {logging_mixin.py:188} INFO - [2025-07-08T10:52:37.570+0000] {dagbag.py:538} INFO - Filling up the DagBag from /home/airflow/.local/lib/python3.8/site-packages/airflow/example_dags/example_task_group.py
[2025-07-08T10:52:37.588+0000] {processor.py:840} INFO - DAG(s) 'example_task_group' retrieved from /home/airflow/.local/lib/python3.8/site-packages/airflow/example_dags/example_task_group.py
[2025-07-08T10:52:37.682+0000] {logging_mixin.py:188} INFO - [2025-07-08T10:52:37.681+0000] {dag.py:3036} INFO - Sync 1 DAGs
[2025-07-08T10:52:37.728+0000] {logging_mixin.py:188} INFO - [2025-07-08T10:52:37.727+0000] {dag.py:3823} INFO - Setting next_dagrun for example_task_group to 2025-07-07 00:00:00+00:00, run_after=2025-07-08 00:00:00+00:00
[2025-07-08T10:52:37.762+0000] {processor.py:183} INFO - Processing /home/airflow/.local/lib/python3.8/site-packages/airflow/example_dags/example_task_group.py took 0.203 seconds
[2025-07-08T10:53:08.126+0000] {processor.py:161} INFO - Started process (PID=13693) to work on /home/airflow/.local/lib/python3.8/site-packages/airflow/example_dags/example_task_group.py
[2025-07-08T10:53:08.128+0000] {processor.py:830} INFO - Processing file /home/airflow/.local/lib/python3.8/site-packages/airflow/example_dags/example_task_group.py for tasks to queue
[2025-07-08T10:53:08.130+0000] {logging_mixin.py:188} INFO - [2025-07-08T10:53:08.129+0000] {dagbag.py:538} INFO - Filling up the DagBag from /home/airflow/.local/lib/python3.8/site-packages/airflow/example_dags/example_task_group.py
[2025-07-08T10:53:08.182+0000] {processor.py:840} INFO - DAG(s) 'example_task_group' retrieved from /home/airflow/.local/lib/python3.8/site-packages/airflow/example_dags/example_task_group.py
[2025-07-08T10:53:08.335+0000] {logging_mixin.py:188} INFO - [2025-07-08T10:53:08.319+0000] {dag.py:3036} INFO - Sync 1 DAGs
[2025-07-08T10:53:08.583+0000] {logging_mixin.py:188} INFO - [2025-07-08T10:53:08.583+0000] {dag.py:3823} INFO - Setting next_dagrun for example_task_group to 2025-07-07 00:00:00+00:00, run_after=2025-07-08 00:00:00+00:00
[2025-07-08T10:53:08.774+0000] {processor.py:183} INFO - Processing /home/airflow/.local/lib/python3.8/site-packages/airflow/example_dags/example_task_group.py took 0.670 seconds
[2025-07-08T10:53:39.027+0000] {processor.py:161} INFO - Started process (PID=13753) to work on /home/airflow/.local/lib/python3.8/site-packages/airflow/example_dags/example_task_group.py
[2025-07-08T10:53:39.029+0000] {processor.py:830} INFO - Processing file /home/airflow/.local/lib/python3.8/site-packages/airflow/example_dags/example_task_group.py for tasks to queue
[2025-07-08T10:53:39.030+0000] {logging_mixin.py:188} INFO - [2025-07-08T10:53:39.030+0000] {dagbag.py:538} INFO - Filling up the DagBag from /home/airflow/.local/lib/python3.8/site-packages/airflow/example_dags/example_task_group.py
[2025-07-08T10:53:39.046+0000] {processor.py:840} INFO - DAG(s) 'example_task_group' retrieved from /home/airflow/.local/lib/python3.8/site-packages/airflow/example_dags/example_task_group.py
[2025-07-08T10:53:39.193+0000] {logging_mixin.py:188} INFO - [2025-07-08T10:53:39.193+0000] {dag.py:3036} INFO - Sync 1 DAGs
[2025-07-08T10:53:39.423+0000] {logging_mixin.py:188} INFO - [2025-07-08T10:53:39.422+0000] {dag.py:3823} INFO - Setting next_dagrun for example_task_group to 2025-07-07 00:00:00+00:00, run_after=2025-07-08 00:00:00+00:00
[2025-07-08T10:53:39.606+0000] {processor.py:183} INFO - Processing /home/airflow/.local/lib/python3.8/site-packages/airflow/example_dags/example_task_group.py took 0.594 seconds
[2025-07-08T10:54:10.993+0000] {processor.py:161} INFO - Started process (PID=13820) to work on /home/airflow/.local/lib/python3.8/site-packages/airflow/example_dags/example_task_group.py
[2025-07-08T10:54:11.000+0000] {processor.py:830} INFO - Processing file /home/airflow/.local/lib/python3.8/site-packages/airflow/example_dags/example_task_group.py for tasks to queue
[2025-07-08T10:54:11.002+0000] {logging_mixin.py:188} INFO - [2025-07-08T10:54:11.001+0000] {dagbag.py:538} INFO - Filling up the DagBag from /home/airflow/.local/lib/python3.8/site-packages/airflow/example_dags/example_task_group.py
[2025-07-08T10:54:11.146+0000] {processor.py:840} INFO - DAG(s) 'example_task_group' retrieved from /home/airflow/.local/lib/python3.8/site-packages/airflow/example_dags/example_task_group.py
[2025-07-08T10:54:11.402+0000] {logging_mixin.py:188} INFO - [2025-07-08T10:54:11.401+0000] {dag.py:3036} INFO - Sync 1 DAGs
[2025-07-08T10:54:11.630+0000] {logging_mixin.py:188} INFO - [2025-07-08T10:54:11.629+0000] {dag.py:3823} INFO - Setting next_dagrun for example_task_group to 2025-07-07 00:00:00+00:00, run_after=2025-07-08 00:00:00+00:00
[2025-07-08T10:54:11.934+0000] {processor.py:183} INFO - Processing /home/airflow/.local/lib/python3.8/site-packages/airflow/example_dags/example_task_group.py took 0.978 seconds
