[2025-07-08T09:05:53.217+0000] {processor.py:161} INFO - Started process (PID=185) to work on /home/airflow/.local/lib/python3.8/site-packages/airflow/example_dags/example_short_circuit_operator.py
[2025-07-08T09:05:53.218+0000] {processor.py:830} INFO - Processing file /home/airflow/.local/lib/python3.8/site-packages/airflow/example_dags/example_short_circuit_operator.py for tasks to queue
[2025-07-08T09:05:53.221+0000] {logging_mixin.py:188} INFO - [2025-07-08T09:05:53.221+0000] {dagbag.py:538} INFO - Filling up the DagBag from /home/airflow/.local/lib/python3.8/site-packages/airflow/example_dags/example_short_circuit_operator.py
[2025-07-08T09:05:53.238+0000] {processor.py:840} INFO - DAG(s) 'example_short_circuit_operator' retrieved from /home/airflow/.local/lib/python3.8/site-packages/airflow/example_dags/example_short_circuit_operator.py
[2025-07-08T09:05:53.464+0000] {logging_mixin.py:188} INFO - [2025-07-08T09:05:53.464+0000] {dag.py:3036} INFO - Sync 1 DAGs
[2025-07-08T09:05:53.508+0000] {logging_mixin.py:188} INFO - [2025-07-08T09:05:53.508+0000] {dag.py:3823} INFO - Setting next_dagrun for example_short_circuit_operator to 2025-07-07 00:00:00+00:00, run_after=2025-07-08 00:00:00+00:00
[2025-07-08T09:05:53.565+0000] {processor.py:183} INFO - Processing /home/airflow/.local/lib/python3.8/site-packages/airflow/example_dags/example_short_circuit_operator.py took 0.355 seconds
[2025-07-08T09:06:23.905+0000] {processor.py:161} INFO - Started process (PID=250) to work on /home/airflow/.local/lib/python3.8/site-packages/airflow/example_dags/example_short_circuit_operator.py
[2025-07-08T09:06:23.908+0000] {processor.py:830} INFO - Processing file /home/airflow/.local/lib/python3.8/site-packages/airflow/example_dags/example_short_circuit_operator.py for tasks to queue
[2025-07-08T09:06:23.911+0000] {logging_mixin.py:188} INFO - [2025-07-08T09:06:23.910+0000] {dagbag.py:538} INFO - Filling up the DagBag from /home/airflow/.local/lib/python3.8/site-packages/airflow/example_dags/example_short_circuit_operator.py
[2025-07-08T09:06:23.949+0000] {processor.py:840} INFO - DAG(s) 'example_short_circuit_operator' retrieved from /home/airflow/.local/lib/python3.8/site-packages/airflow/example_dags/example_short_circuit_operator.py
[2025-07-08T09:06:24.059+0000] {logging_mixin.py:188} INFO - [2025-07-08T09:06:24.059+0000] {dag.py:3036} INFO - Sync 1 DAGs
[2025-07-08T09:06:24.163+0000] {logging_mixin.py:188} INFO - [2025-07-08T09:06:24.162+0000] {dag.py:3823} INFO - Setting next_dagrun for example_short_circuit_operator to 2025-07-07 00:00:00+00:00, run_after=2025-07-08 00:00:00+00:00
[2025-07-08T09:06:24.258+0000] {processor.py:183} INFO - Processing /home/airflow/.local/lib/python3.8/site-packages/airflow/example_dags/example_short_circuit_operator.py took 0.359 seconds
[2025-07-08T09:06:55.219+0000] {processor.py:161} INFO - Started process (PID=313) to work on /home/airflow/.local/lib/python3.8/site-packages/airflow/example_dags/example_short_circuit_operator.py
[2025-07-08T09:06:55.228+0000] {processor.py:830} INFO - Processing file /home/airflow/.local/lib/python3.8/site-packages/airflow/example_dags/example_short_circuit_operator.py for tasks to queue
[2025-07-08T09:06:55.231+0000] {logging_mixin.py:188} INFO - [2025-07-08T09:06:55.231+0000] {dagbag.py:538} INFO - Filling up the DagBag from /home/airflow/.local/lib/python3.8/site-packages/airflow/example_dags/example_short_circuit_operator.py
[2025-07-08T09:06:55.262+0000] {processor.py:840} INFO - DAG(s) 'example_short_circuit_operator' retrieved from /home/airflow/.local/lib/python3.8/site-packages/airflow/example_dags/example_short_circuit_operator.py
[2025-07-08T09:06:55.334+0000] {logging_mixin.py:188} INFO - [2025-07-08T09:06:55.333+0000] {dag.py:3036} INFO - Sync 1 DAGs
[2025-07-08T09:06:55.391+0000] {logging_mixin.py:188} INFO - [2025-07-08T09:06:55.390+0000] {dag.py:3823} INFO - Setting next_dagrun for example_short_circuit_operator to 2025-07-07 00:00:00+00:00, run_after=2025-07-08 00:00:00+00:00
[2025-07-08T09:06:55.454+0000] {processor.py:183} INFO - Processing /home/airflow/.local/lib/python3.8/site-packages/airflow/example_dags/example_short_circuit_operator.py took 0.241 seconds
[2025-07-08T09:07:25.559+0000] {processor.py:161} INFO - Started process (PID=375) to work on /home/airflow/.local/lib/python3.8/site-packages/airflow/example_dags/example_short_circuit_operator.py
[2025-07-08T09:07:25.566+0000] {processor.py:830} INFO - Processing file /home/airflow/.local/lib/python3.8/site-packages/airflow/example_dags/example_short_circuit_operator.py for tasks to queue
[2025-07-08T09:07:25.575+0000] {logging_mixin.py:188} INFO - [2025-07-08T09:07:25.569+0000] {dagbag.py:538} INFO - Filling up the DagBag from /home/airflow/.local/lib/python3.8/site-packages/airflow/example_dags/example_short_circuit_operator.py
[2025-07-08T09:07:25.595+0000] {processor.py:840} INFO - DAG(s) 'example_short_circuit_operator' retrieved from /home/airflow/.local/lib/python3.8/site-packages/airflow/example_dags/example_short_circuit_operator.py
[2025-07-08T09:07:25.642+0000] {logging_mixin.py:188} INFO - [2025-07-08T09:07:25.641+0000] {dag.py:3036} INFO - Sync 1 DAGs
[2025-07-08T09:07:25.687+0000] {logging_mixin.py:188} INFO - [2025-07-08T09:07:25.687+0000] {dag.py:3823} INFO - Setting next_dagrun for example_short_circuit_operator to 2025-07-07 00:00:00+00:00, run_after=2025-07-08 00:00:00+00:00
[2025-07-08T09:07:25.772+0000] {processor.py:183} INFO - Processing /home/airflow/.local/lib/python3.8/site-packages/airflow/example_dags/example_short_circuit_operator.py took 0.219 seconds
[2025-07-08T09:07:55.840+0000] {processor.py:161} INFO - Started process (PID=434) to work on /home/airflow/.local/lib/python3.8/site-packages/airflow/example_dags/example_short_circuit_operator.py
[2025-07-08T09:07:55.841+0000] {processor.py:830} INFO - Processing file /home/airflow/.local/lib/python3.8/site-packages/airflow/example_dags/example_short_circuit_operator.py for tasks to queue
[2025-07-08T09:07:55.844+0000] {logging_mixin.py:188} INFO - [2025-07-08T09:07:55.843+0000] {dagbag.py:538} INFO - Filling up the DagBag from /home/airflow/.local/lib/python3.8/site-packages/airflow/example_dags/example_short_circuit_operator.py
[2025-07-08T09:07:55.856+0000] {processor.py:840} INFO - DAG(s) 'example_short_circuit_operator' retrieved from /home/airflow/.local/lib/python3.8/site-packages/airflow/example_dags/example_short_circuit_operator.py
[2025-07-08T09:07:55.895+0000] {logging_mixin.py:188} INFO - [2025-07-08T09:07:55.894+0000] {dag.py:3036} INFO - Sync 1 DAGs
[2025-07-08T09:07:55.934+0000] {logging_mixin.py:188} INFO - [2025-07-08T09:07:55.934+0000] {dag.py:3823} INFO - Setting next_dagrun for example_short_circuit_operator to 2025-07-07 00:00:00+00:00, run_after=2025-07-08 00:00:00+00:00
[2025-07-08T09:07:55.965+0000] {processor.py:183} INFO - Processing /home/airflow/.local/lib/python3.8/site-packages/airflow/example_dags/example_short_circuit_operator.py took 0.130 seconds
[2025-07-08T09:08:26.619+0000] {processor.py:161} INFO - Started process (PID=499) to work on /home/airflow/.local/lib/python3.8/site-packages/airflow/example_dags/example_short_circuit_operator.py
[2025-07-08T09:08:26.621+0000] {processor.py:830} INFO - Processing file /home/airflow/.local/lib/python3.8/site-packages/airflow/example_dags/example_short_circuit_operator.py for tasks to queue
[2025-07-08T09:08:26.624+0000] {logging_mixin.py:188} INFO - [2025-07-08T09:08:26.623+0000] {dagbag.py:538} INFO - Filling up the DagBag from /home/airflow/.local/lib/python3.8/site-packages/airflow/example_dags/example_short_circuit_operator.py
[2025-07-08T09:08:26.638+0000] {processor.py:840} INFO - DAG(s) 'example_short_circuit_operator' retrieved from /home/airflow/.local/lib/python3.8/site-packages/airflow/example_dags/example_short_circuit_operator.py
[2025-07-08T09:08:26.674+0000] {logging_mixin.py:188} INFO - [2025-07-08T09:08:26.674+0000] {dag.py:3036} INFO - Sync 1 DAGs
[2025-07-08T09:08:26.715+0000] {logging_mixin.py:188} INFO - [2025-07-08T09:08:26.714+0000] {dag.py:3823} INFO - Setting next_dagrun for example_short_circuit_operator to 2025-07-07 00:00:00+00:00, run_after=2025-07-08 00:00:00+00:00
[2025-07-08T09:08:26.749+0000] {processor.py:183} INFO - Processing /home/airflow/.local/lib/python3.8/site-packages/airflow/example_dags/example_short_circuit_operator.py took 0.136 seconds
[2025-07-08T09:08:57.192+0000] {processor.py:161} INFO - Started process (PID=564) to work on /home/airflow/.local/lib/python3.8/site-packages/airflow/example_dags/example_short_circuit_operator.py
[2025-07-08T09:08:57.194+0000] {processor.py:830} INFO - Processing file /home/airflow/.local/lib/python3.8/site-packages/airflow/example_dags/example_short_circuit_operator.py for tasks to queue
[2025-07-08T09:08:57.197+0000] {logging_mixin.py:188} INFO - [2025-07-08T09:08:57.197+0000] {dagbag.py:538} INFO - Filling up the DagBag from /home/airflow/.local/lib/python3.8/site-packages/airflow/example_dags/example_short_circuit_operator.py
[2025-07-08T09:08:57.233+0000] {processor.py:840} INFO - DAG(s) 'example_short_circuit_operator' retrieved from /home/airflow/.local/lib/python3.8/site-packages/airflow/example_dags/example_short_circuit_operator.py
[2025-07-08T09:08:57.356+0000] {logging_mixin.py:188} INFO - [2025-07-08T09:08:57.356+0000] {dag.py:3036} INFO - Sync 1 DAGs
[2025-07-08T09:08:57.407+0000] {logging_mixin.py:188} INFO - [2025-07-08T09:08:57.406+0000] {dag.py:3823} INFO - Setting next_dagrun for example_short_circuit_operator to 2025-07-07 00:00:00+00:00, run_after=2025-07-08 00:00:00+00:00
[2025-07-08T09:08:57.449+0000] {processor.py:183} INFO - Processing /home/airflow/.local/lib/python3.8/site-packages/airflow/example_dags/example_short_circuit_operator.py took 0.263 seconds
[2025-07-08T09:09:29.792+0000] {processor.py:161} INFO - Started process (PID=628) to work on /home/airflow/.local/lib/python3.8/site-packages/airflow/example_dags/example_short_circuit_operator.py
[2025-07-08T09:09:29.795+0000] {processor.py:830} INFO - Processing file /home/airflow/.local/lib/python3.8/site-packages/airflow/example_dags/example_short_circuit_operator.py for tasks to queue
[2025-07-08T09:09:29.799+0000] {logging_mixin.py:188} INFO - [2025-07-08T09:09:29.799+0000] {dagbag.py:538} INFO - Filling up the DagBag from /home/airflow/.local/lib/python3.8/site-packages/airflow/example_dags/example_short_circuit_operator.py
[2025-07-08T09:09:29.837+0000] {processor.py:840} INFO - DAG(s) 'example_short_circuit_operator' retrieved from /home/airflow/.local/lib/python3.8/site-packages/airflow/example_dags/example_short_circuit_operator.py
[2025-07-08T09:09:29.934+0000] {logging_mixin.py:188} INFO - [2025-07-08T09:09:29.934+0000] {dag.py:3036} INFO - Sync 1 DAGs
[2025-07-08T09:09:30.007+0000] {logging_mixin.py:188} INFO - [2025-07-08T09:09:30.007+0000] {dag.py:3823} INFO - Setting next_dagrun for example_short_circuit_operator to 2025-07-07 00:00:00+00:00, run_after=2025-07-08 00:00:00+00:00
[2025-07-08T09:09:30.068+0000] {processor.py:183} INFO - Processing /home/airflow/.local/lib/python3.8/site-packages/airflow/example_dags/example_short_circuit_operator.py took 0.294 seconds
[2025-07-08T09:10:00.895+0000] {processor.py:161} INFO - Started process (PID=692) to work on /home/airflow/.local/lib/python3.8/site-packages/airflow/example_dags/example_short_circuit_operator.py
[2025-07-08T09:10:00.897+0000] {processor.py:830} INFO - Processing file /home/airflow/.local/lib/python3.8/site-packages/airflow/example_dags/example_short_circuit_operator.py for tasks to queue
[2025-07-08T09:10:00.900+0000] {logging_mixin.py:188} INFO - [2025-07-08T09:10:00.899+0000] {dagbag.py:538} INFO - Filling up the DagBag from /home/airflow/.local/lib/python3.8/site-packages/airflow/example_dags/example_short_circuit_operator.py
[2025-07-08T09:10:00.934+0000] {processor.py:840} INFO - DAG(s) 'example_short_circuit_operator' retrieved from /home/airflow/.local/lib/python3.8/site-packages/airflow/example_dags/example_short_circuit_operator.py
[2025-07-08T09:10:01.037+0000] {logging_mixin.py:188} INFO - [2025-07-08T09:10:01.037+0000] {dag.py:3036} INFO - Sync 1 DAGs
[2025-07-08T09:10:01.136+0000] {logging_mixin.py:188} INFO - [2025-07-08T09:10:01.136+0000] {dag.py:3823} INFO - Setting next_dagrun for example_short_circuit_operator to 2025-07-07 00:00:00+00:00, run_after=2025-07-08 00:00:00+00:00
[2025-07-08T09:10:01.213+0000] {processor.py:183} INFO - Processing /home/airflow/.local/lib/python3.8/site-packages/airflow/example_dags/example_short_circuit_operator.py took 0.337 seconds
[2025-07-08T09:10:31.376+0000] {processor.py:161} INFO - Started process (PID=749) to work on /home/airflow/.local/lib/python3.8/site-packages/airflow/example_dags/example_short_circuit_operator.py
[2025-07-08T09:10:31.378+0000] {processor.py:830} INFO - Processing file /home/airflow/.local/lib/python3.8/site-packages/airflow/example_dags/example_short_circuit_operator.py for tasks to queue
[2025-07-08T09:10:31.381+0000] {logging_mixin.py:188} INFO - [2025-07-08T09:10:31.381+0000] {dagbag.py:538} INFO - Filling up the DagBag from /home/airflow/.local/lib/python3.8/site-packages/airflow/example_dags/example_short_circuit_operator.py
[2025-07-08T09:10:31.396+0000] {processor.py:840} INFO - DAG(s) 'example_short_circuit_operator' retrieved from /home/airflow/.local/lib/python3.8/site-packages/airflow/example_dags/example_short_circuit_operator.py
[2025-07-08T09:10:31.440+0000] {logging_mixin.py:188} INFO - [2025-07-08T09:10:31.439+0000] {dag.py:3036} INFO - Sync 1 DAGs
[2025-07-08T09:10:31.484+0000] {logging_mixin.py:188} INFO - [2025-07-08T09:10:31.484+0000] {dag.py:3823} INFO - Setting next_dagrun for example_short_circuit_operator to 2025-07-07 00:00:00+00:00, run_after=2025-07-08 00:00:00+00:00
[2025-07-08T09:10:31.516+0000] {processor.py:183} INFO - Processing /home/airflow/.local/lib/python3.8/site-packages/airflow/example_dags/example_short_circuit_operator.py took 0.146 seconds
[2025-07-08T09:11:02.496+0000] {processor.py:161} INFO - Started process (PID=814) to work on /home/airflow/.local/lib/python3.8/site-packages/airflow/example_dags/example_short_circuit_operator.py
[2025-07-08T09:11:02.497+0000] {processor.py:830} INFO - Processing file /home/airflow/.local/lib/python3.8/site-packages/airflow/example_dags/example_short_circuit_operator.py for tasks to queue
[2025-07-08T09:11:02.499+0000] {logging_mixin.py:188} INFO - [2025-07-08T09:11:02.499+0000] {dagbag.py:538} INFO - Filling up the DagBag from /home/airflow/.local/lib/python3.8/site-packages/airflow/example_dags/example_short_circuit_operator.py
[2025-07-08T09:11:02.511+0000] {processor.py:840} INFO - DAG(s) 'example_short_circuit_operator' retrieved from /home/airflow/.local/lib/python3.8/site-packages/airflow/example_dags/example_short_circuit_operator.py
[2025-07-08T09:11:02.574+0000] {logging_mixin.py:188} INFO - [2025-07-08T09:11:02.573+0000] {dag.py:3036} INFO - Sync 1 DAGs
[2025-07-08T09:11:02.613+0000] {logging_mixin.py:188} INFO - [2025-07-08T09:11:02.613+0000] {dag.py:3823} INFO - Setting next_dagrun for example_short_circuit_operator to 2025-07-07 00:00:00+00:00, run_after=2025-07-08 00:00:00+00:00
[2025-07-08T09:11:02.646+0000] {processor.py:183} INFO - Processing /home/airflow/.local/lib/python3.8/site-packages/airflow/example_dags/example_short_circuit_operator.py took 0.155 seconds
[2025-07-08T09:11:33.157+0000] {processor.py:161} INFO - Started process (PID=882) to work on /home/airflow/.local/lib/python3.8/site-packages/airflow/example_dags/example_short_circuit_operator.py
[2025-07-08T09:11:33.159+0000] {processor.py:830} INFO - Processing file /home/airflow/.local/lib/python3.8/site-packages/airflow/example_dags/example_short_circuit_operator.py for tasks to queue
[2025-07-08T09:11:33.162+0000] {logging_mixin.py:188} INFO - [2025-07-08T09:11:33.162+0000] {dagbag.py:538} INFO - Filling up the DagBag from /home/airflow/.local/lib/python3.8/site-packages/airflow/example_dags/example_short_circuit_operator.py
[2025-07-08T09:11:33.177+0000] {processor.py:840} INFO - DAG(s) 'example_short_circuit_operator' retrieved from /home/airflow/.local/lib/python3.8/site-packages/airflow/example_dags/example_short_circuit_operator.py
[2025-07-08T09:11:33.219+0000] {logging_mixin.py:188} INFO - [2025-07-08T09:11:33.219+0000] {dag.py:3036} INFO - Sync 1 DAGs
[2025-07-08T09:11:33.269+0000] {logging_mixin.py:188} INFO - [2025-07-08T09:11:33.268+0000] {dag.py:3823} INFO - Setting next_dagrun for example_short_circuit_operator to 2025-07-07 00:00:00+00:00, run_after=2025-07-08 00:00:00+00:00
[2025-07-08T09:11:33.306+0000] {processor.py:183} INFO - Processing /home/airflow/.local/lib/python3.8/site-packages/airflow/example_dags/example_short_circuit_operator.py took 0.156 seconds
[2025-07-08T09:12:04.141+0000] {processor.py:161} INFO - Started process (PID=947) to work on /home/airflow/.local/lib/python3.8/site-packages/airflow/example_dags/example_short_circuit_operator.py
[2025-07-08T09:12:04.142+0000] {processor.py:830} INFO - Processing file /home/airflow/.local/lib/python3.8/site-packages/airflow/example_dags/example_short_circuit_operator.py for tasks to queue
[2025-07-08T09:12:04.145+0000] {logging_mixin.py:188} INFO - [2025-07-08T09:12:04.145+0000] {dagbag.py:538} INFO - Filling up the DagBag from /home/airflow/.local/lib/python3.8/site-packages/airflow/example_dags/example_short_circuit_operator.py
[2025-07-08T09:12:04.160+0000] {processor.py:840} INFO - DAG(s) 'example_short_circuit_operator' retrieved from /home/airflow/.local/lib/python3.8/site-packages/airflow/example_dags/example_short_circuit_operator.py
[2025-07-08T09:12:04.210+0000] {logging_mixin.py:188} INFO - [2025-07-08T09:12:04.210+0000] {dag.py:3036} INFO - Sync 1 DAGs
[2025-07-08T09:12:04.259+0000] {logging_mixin.py:188} INFO - [2025-07-08T09:12:04.259+0000] {dag.py:3823} INFO - Setting next_dagrun for example_short_circuit_operator to 2025-07-07 00:00:00+00:00, run_after=2025-07-08 00:00:00+00:00
[2025-07-08T09:12:04.293+0000] {processor.py:183} INFO - Processing /home/airflow/.local/lib/python3.8/site-packages/airflow/example_dags/example_short_circuit_operator.py took 0.159 seconds
[2025-07-08T09:12:34.851+0000] {processor.py:161} INFO - Started process (PID=1014) to work on /home/airflow/.local/lib/python3.8/site-packages/airflow/example_dags/example_short_circuit_operator.py
[2025-07-08T09:12:34.852+0000] {processor.py:830} INFO - Processing file /home/airflow/.local/lib/python3.8/site-packages/airflow/example_dags/example_short_circuit_operator.py for tasks to queue
[2025-07-08T09:12:34.855+0000] {logging_mixin.py:188} INFO - [2025-07-08T09:12:34.855+0000] {dagbag.py:538} INFO - Filling up the DagBag from /home/airflow/.local/lib/python3.8/site-packages/airflow/example_dags/example_short_circuit_operator.py
[2025-07-08T09:12:34.871+0000] {processor.py:840} INFO - DAG(s) 'example_short_circuit_operator' retrieved from /home/airflow/.local/lib/python3.8/site-packages/airflow/example_dags/example_short_circuit_operator.py
[2025-07-08T09:12:34.922+0000] {logging_mixin.py:188} INFO - [2025-07-08T09:12:34.922+0000] {dag.py:3036} INFO - Sync 1 DAGs
[2025-07-08T09:12:34.971+0000] {logging_mixin.py:188} INFO - [2025-07-08T09:12:34.971+0000] {dag.py:3823} INFO - Setting next_dagrun for example_short_circuit_operator to 2025-07-07 00:00:00+00:00, run_after=2025-07-08 00:00:00+00:00
[2025-07-08T09:12:35.013+0000] {processor.py:183} INFO - Processing /home/airflow/.local/lib/python3.8/site-packages/airflow/example_dags/example_short_circuit_operator.py took 0.168 seconds
[2025-07-08T09:13:06.087+0000] {processor.py:161} INFO - Started process (PID=1082) to work on /home/airflow/.local/lib/python3.8/site-packages/airflow/example_dags/example_short_circuit_operator.py
[2025-07-08T09:13:06.093+0000] {processor.py:830} INFO - Processing file /home/airflow/.local/lib/python3.8/site-packages/airflow/example_dags/example_short_circuit_operator.py for tasks to queue
[2025-07-08T09:13:06.096+0000] {logging_mixin.py:188} INFO - [2025-07-08T09:13:06.096+0000] {dagbag.py:538} INFO - Filling up the DagBag from /home/airflow/.local/lib/python3.8/site-packages/airflow/example_dags/example_short_circuit_operator.py
[2025-07-08T09:13:06.114+0000] {processor.py:840} INFO - DAG(s) 'example_short_circuit_operator' retrieved from /home/airflow/.local/lib/python3.8/site-packages/airflow/example_dags/example_short_circuit_operator.py
[2025-07-08T09:13:06.162+0000] {logging_mixin.py:188} INFO - [2025-07-08T09:13:06.162+0000] {dag.py:3036} INFO - Sync 1 DAGs
[2025-07-08T09:13:06.214+0000] {logging_mixin.py:188} INFO - [2025-07-08T09:13:06.214+0000] {dag.py:3823} INFO - Setting next_dagrun for example_short_circuit_operator to 2025-07-07 00:00:00+00:00, run_after=2025-07-08 00:00:00+00:00
[2025-07-08T09:13:06.253+0000] {processor.py:183} INFO - Processing /home/airflow/.local/lib/python3.8/site-packages/airflow/example_dags/example_short_circuit_operator.py took 0.172 seconds
[2025-07-08T09:13:38.996+0000] {processor.py:161} INFO - Started process (PID=1149) to work on /home/airflow/.local/lib/python3.8/site-packages/airflow/example_dags/example_short_circuit_operator.py
[2025-07-08T09:13:39.000+0000] {processor.py:830} INFO - Processing file /home/airflow/.local/lib/python3.8/site-packages/airflow/example_dags/example_short_circuit_operator.py for tasks to queue
[2025-07-08T09:13:39.004+0000] {logging_mixin.py:188} INFO - [2025-07-08T09:13:39.003+0000] {dagbag.py:538} INFO - Filling up the DagBag from /home/airflow/.local/lib/python3.8/site-packages/airflow/example_dags/example_short_circuit_operator.py
[2025-07-08T09:13:39.069+0000] {processor.py:840} INFO - DAG(s) 'example_short_circuit_operator' retrieved from /home/airflow/.local/lib/python3.8/site-packages/airflow/example_dags/example_short_circuit_operator.py
[2025-07-08T09:13:39.349+0000] {logging_mixin.py:188} INFO - [2025-07-08T09:13:39.349+0000] {dag.py:3036} INFO - Sync 1 DAGs
[2025-07-08T09:13:39.521+0000] {logging_mixin.py:188} INFO - [2025-07-08T09:13:39.521+0000] {dag.py:3823} INFO - Setting next_dagrun for example_short_circuit_operator to 2025-07-07 00:00:00+00:00, run_after=2025-07-08 00:00:00+00:00
[2025-07-08T09:13:39.594+0000] {processor.py:183} INFO - Processing /home/airflow/.local/lib/python3.8/site-packages/airflow/example_dags/example_short_circuit_operator.py took 0.616 seconds
[2025-07-08T09:14:10.357+0000] {processor.py:161} INFO - Started process (PID=1215) to work on /home/airflow/.local/lib/python3.8/site-packages/airflow/example_dags/example_short_circuit_operator.py
[2025-07-08T09:14:10.359+0000] {processor.py:830} INFO - Processing file /home/airflow/.local/lib/python3.8/site-packages/airflow/example_dags/example_short_circuit_operator.py for tasks to queue
[2025-07-08T09:14:10.366+0000] {logging_mixin.py:188} INFO - [2025-07-08T09:14:10.365+0000] {dagbag.py:538} INFO - Filling up the DagBag from /home/airflow/.local/lib/python3.8/site-packages/airflow/example_dags/example_short_circuit_operator.py
[2025-07-08T09:14:10.411+0000] {processor.py:840} INFO - DAG(s) 'example_short_circuit_operator' retrieved from /home/airflow/.local/lib/python3.8/site-packages/airflow/example_dags/example_short_circuit_operator.py
[2025-07-08T09:14:10.583+0000] {logging_mixin.py:188} INFO - [2025-07-08T09:14:10.582+0000] {dag.py:3036} INFO - Sync 1 DAGs
[2025-07-08T09:14:10.715+0000] {logging_mixin.py:188} INFO - [2025-07-08T09:14:10.706+0000] {dag.py:3823} INFO - Setting next_dagrun for example_short_circuit_operator to 2025-07-07 00:00:00+00:00, run_after=2025-07-08 00:00:00+00:00
[2025-07-08T09:14:10.940+0000] {processor.py:183} INFO - Processing /home/airflow/.local/lib/python3.8/site-packages/airflow/example_dags/example_short_circuit_operator.py took 0.597 seconds
[2025-07-08T09:14:41.726+0000] {processor.py:161} INFO - Started process (PID=1274) to work on /home/airflow/.local/lib/python3.8/site-packages/airflow/example_dags/example_short_circuit_operator.py
[2025-07-08T09:14:41.731+0000] {processor.py:830} INFO - Processing file /home/airflow/.local/lib/python3.8/site-packages/airflow/example_dags/example_short_circuit_operator.py for tasks to queue
[2025-07-08T09:14:41.735+0000] {logging_mixin.py:188} INFO - [2025-07-08T09:14:41.734+0000] {dagbag.py:538} INFO - Filling up the DagBag from /home/airflow/.local/lib/python3.8/site-packages/airflow/example_dags/example_short_circuit_operator.py
[2025-07-08T09:14:41.750+0000] {processor.py:840} INFO - DAG(s) 'example_short_circuit_operator' retrieved from /home/airflow/.local/lib/python3.8/site-packages/airflow/example_dags/example_short_circuit_operator.py
[2025-07-08T09:14:41.831+0000] {logging_mixin.py:188} INFO - [2025-07-08T09:14:41.830+0000] {dag.py:3036} INFO - Sync 1 DAGs
[2025-07-08T09:14:41.926+0000] {logging_mixin.py:188} INFO - [2025-07-08T09:14:41.926+0000] {dag.py:3823} INFO - Setting next_dagrun for example_short_circuit_operator to 2025-07-07 00:00:00+00:00, run_after=2025-07-08 00:00:00+00:00
[2025-07-08T09:14:41.988+0000] {processor.py:183} INFO - Processing /home/airflow/.local/lib/python3.8/site-packages/airflow/example_dags/example_short_circuit_operator.py took 0.271 seconds
[2025-07-08T09:15:12.754+0000] {processor.py:161} INFO - Started process (PID=1339) to work on /home/airflow/.local/lib/python3.8/site-packages/airflow/example_dags/example_short_circuit_operator.py
[2025-07-08T09:15:12.755+0000] {processor.py:830} INFO - Processing file /home/airflow/.local/lib/python3.8/site-packages/airflow/example_dags/example_short_circuit_operator.py for tasks to queue
[2025-07-08T09:15:12.759+0000] {logging_mixin.py:188} INFO - [2025-07-08T09:15:12.758+0000] {dagbag.py:538} INFO - Filling up the DagBag from /home/airflow/.local/lib/python3.8/site-packages/airflow/example_dags/example_short_circuit_operator.py
[2025-07-08T09:15:12.869+0000] {processor.py:840} INFO - DAG(s) 'example_short_circuit_operator' retrieved from /home/airflow/.local/lib/python3.8/site-packages/airflow/example_dags/example_short_circuit_operator.py
[2025-07-08T09:15:12.942+0000] {logging_mixin.py:188} INFO - [2025-07-08T09:15:12.942+0000] {dag.py:3036} INFO - Sync 1 DAGs
[2025-07-08T09:15:13.082+0000] {logging_mixin.py:188} INFO - [2025-07-08T09:15:13.081+0000] {dag.py:3823} INFO - Setting next_dagrun for example_short_circuit_operator to 2025-07-07 00:00:00+00:00, run_after=2025-07-08 00:00:00+00:00
[2025-07-08T09:15:13.175+0000] {processor.py:183} INFO - Processing /home/airflow/.local/lib/python3.8/site-packages/airflow/example_dags/example_short_circuit_operator.py took 0.432 seconds
[2025-07-08T09:15:43.548+0000] {processor.py:161} INFO - Started process (PID=1406) to work on /home/airflow/.local/lib/python3.8/site-packages/airflow/example_dags/example_short_circuit_operator.py
[2025-07-08T09:15:43.553+0000] {processor.py:830} INFO - Processing file /home/airflow/.local/lib/python3.8/site-packages/airflow/example_dags/example_short_circuit_operator.py for tasks to queue
[2025-07-08T09:15:43.556+0000] {logging_mixin.py:188} INFO - [2025-07-08T09:15:43.556+0000] {dagbag.py:538} INFO - Filling up the DagBag from /home/airflow/.local/lib/python3.8/site-packages/airflow/example_dags/example_short_circuit_operator.py
[2025-07-08T09:15:43.571+0000] {processor.py:840} INFO - DAG(s) 'example_short_circuit_operator' retrieved from /home/airflow/.local/lib/python3.8/site-packages/airflow/example_dags/example_short_circuit_operator.py
[2025-07-08T09:15:43.628+0000] {logging_mixin.py:188} INFO - [2025-07-08T09:15:43.628+0000] {dag.py:3036} INFO - Sync 1 DAGs
[2025-07-08T09:15:43.728+0000] {logging_mixin.py:188} INFO - [2025-07-08T09:15:43.727+0000] {dag.py:3823} INFO - Setting next_dagrun for example_short_circuit_operator to 2025-07-07 00:00:00+00:00, run_after=2025-07-08 00:00:00+00:00
[2025-07-08T09:15:43.831+0000] {processor.py:183} INFO - Processing /home/airflow/.local/lib/python3.8/site-packages/airflow/example_dags/example_short_circuit_operator.py took 0.297 seconds
[2025-07-08T09:16:14.657+0000] {processor.py:161} INFO - Started process (PID=1473) to work on /home/airflow/.local/lib/python3.8/site-packages/airflow/example_dags/example_short_circuit_operator.py
[2025-07-08T09:16:14.659+0000] {processor.py:830} INFO - Processing file /home/airflow/.local/lib/python3.8/site-packages/airflow/example_dags/example_short_circuit_operator.py for tasks to queue
[2025-07-08T09:16:14.663+0000] {logging_mixin.py:188} INFO - [2025-07-08T09:16:14.662+0000] {dagbag.py:538} INFO - Filling up the DagBag from /home/airflow/.local/lib/python3.8/site-packages/airflow/example_dags/example_short_circuit_operator.py
[2025-07-08T09:16:14.716+0000] {processor.py:840} INFO - DAG(s) 'example_short_circuit_operator' retrieved from /home/airflow/.local/lib/python3.8/site-packages/airflow/example_dags/example_short_circuit_operator.py
[2025-07-08T09:16:14.818+0000] {logging_mixin.py:188} INFO - [2025-07-08T09:16:14.818+0000] {dag.py:3036} INFO - Sync 1 DAGs
[2025-07-08T09:16:14.864+0000] {logging_mixin.py:188} INFO - [2025-07-08T09:16:14.864+0000] {dag.py:3823} INFO - Setting next_dagrun for example_short_circuit_operator to 2025-07-07 00:00:00+00:00, run_after=2025-07-08 00:00:00+00:00
[2025-07-08T09:16:14.904+0000] {processor.py:183} INFO - Processing /home/airflow/.local/lib/python3.8/site-packages/airflow/example_dags/example_short_circuit_operator.py took 0.256 seconds
[2025-07-08T09:16:45.775+0000] {processor.py:161} INFO - Started process (PID=1538) to work on /home/airflow/.local/lib/python3.8/site-packages/airflow/example_dags/example_short_circuit_operator.py
[2025-07-08T09:16:45.777+0000] {processor.py:830} INFO - Processing file /home/airflow/.local/lib/python3.8/site-packages/airflow/example_dags/example_short_circuit_operator.py for tasks to queue
[2025-07-08T09:16:45.781+0000] {logging_mixin.py:188} INFO - [2025-07-08T09:16:45.780+0000] {dagbag.py:538} INFO - Filling up the DagBag from /home/airflow/.local/lib/python3.8/site-packages/airflow/example_dags/example_short_circuit_operator.py
[2025-07-08T09:16:45.796+0000] {processor.py:840} INFO - DAG(s) 'example_short_circuit_operator' retrieved from /home/airflow/.local/lib/python3.8/site-packages/airflow/example_dags/example_short_circuit_operator.py
[2025-07-08T09:16:45.843+0000] {logging_mixin.py:188} INFO - [2025-07-08T09:16:45.842+0000] {dag.py:3036} INFO - Sync 1 DAGs
[2025-07-08T09:16:45.889+0000] {logging_mixin.py:188} INFO - [2025-07-08T09:16:45.889+0000] {dag.py:3823} INFO - Setting next_dagrun for example_short_circuit_operator to 2025-07-07 00:00:00+00:00, run_after=2025-07-08 00:00:00+00:00
[2025-07-08T09:16:45.926+0000] {processor.py:183} INFO - Processing /home/airflow/.local/lib/python3.8/site-packages/airflow/example_dags/example_short_circuit_operator.py took 0.158 seconds
[2025-07-08T09:17:16.480+0000] {processor.py:161} INFO - Started process (PID=1605) to work on /home/airflow/.local/lib/python3.8/site-packages/airflow/example_dags/example_short_circuit_operator.py
[2025-07-08T09:17:16.482+0000] {processor.py:830} INFO - Processing file /home/airflow/.local/lib/python3.8/site-packages/airflow/example_dags/example_short_circuit_operator.py for tasks to queue
[2025-07-08T09:17:16.486+0000] {logging_mixin.py:188} INFO - [2025-07-08T09:17:16.485+0000] {dagbag.py:538} INFO - Filling up the DagBag from /home/airflow/.local/lib/python3.8/site-packages/airflow/example_dags/example_short_circuit_operator.py
[2025-07-08T09:17:16.505+0000] {processor.py:840} INFO - DAG(s) 'example_short_circuit_operator' retrieved from /home/airflow/.local/lib/python3.8/site-packages/airflow/example_dags/example_short_circuit_operator.py
[2025-07-08T09:17:16.583+0000] {logging_mixin.py:188} INFO - [2025-07-08T09:17:16.582+0000] {dag.py:3036} INFO - Sync 1 DAGs
[2025-07-08T09:17:16.646+0000] {logging_mixin.py:188} INFO - [2025-07-08T09:17:16.645+0000] {dag.py:3823} INFO - Setting next_dagrun for example_short_circuit_operator to 2025-07-07 00:00:00+00:00, run_after=2025-07-08 00:00:00+00:00
[2025-07-08T09:17:16.687+0000] {processor.py:183} INFO - Processing /home/airflow/.local/lib/python3.8/site-packages/airflow/example_dags/example_short_circuit_operator.py took 0.215 seconds
[2025-07-08T09:17:46.923+0000] {processor.py:161} INFO - Started process (PID=1670) to work on /home/airflow/.local/lib/python3.8/site-packages/airflow/example_dags/example_short_circuit_operator.py
[2025-07-08T09:17:46.937+0000] {processor.py:830} INFO - Processing file /home/airflow/.local/lib/python3.8/site-packages/airflow/example_dags/example_short_circuit_operator.py for tasks to queue
[2025-07-08T09:17:46.940+0000] {logging_mixin.py:188} INFO - [2025-07-08T09:17:46.939+0000] {dagbag.py:538} INFO - Filling up the DagBag from /home/airflow/.local/lib/python3.8/site-packages/airflow/example_dags/example_short_circuit_operator.py
[2025-07-08T09:17:46.987+0000] {processor.py:840} INFO - DAG(s) 'example_short_circuit_operator' retrieved from /home/airflow/.local/lib/python3.8/site-packages/airflow/example_dags/example_short_circuit_operator.py
[2025-07-08T09:17:47.169+0000] {logging_mixin.py:188} INFO - [2025-07-08T09:17:47.169+0000] {dag.py:3036} INFO - Sync 1 DAGs
[2025-07-08T09:17:47.325+0000] {logging_mixin.py:188} INFO - [2025-07-08T09:17:47.324+0000] {dag.py:3823} INFO - Setting next_dagrun for example_short_circuit_operator to 2025-07-07 00:00:00+00:00, run_after=2025-07-08 00:00:00+00:00
[2025-07-08T09:17:47.446+0000] {processor.py:183} INFO - Processing /home/airflow/.local/lib/python3.8/site-packages/airflow/example_dags/example_short_circuit_operator.py took 0.545 seconds
[2025-07-08T09:18:18.411+0000] {processor.py:161} INFO - Started process (PID=1735) to work on /home/airflow/.local/lib/python3.8/site-packages/airflow/example_dags/example_short_circuit_operator.py
[2025-07-08T09:18:18.432+0000] {processor.py:830} INFO - Processing file /home/airflow/.local/lib/python3.8/site-packages/airflow/example_dags/example_short_circuit_operator.py for tasks to queue
[2025-07-08T09:18:18.436+0000] {logging_mixin.py:188} INFO - [2025-07-08T09:18:18.435+0000] {dagbag.py:538} INFO - Filling up the DagBag from /home/airflow/.local/lib/python3.8/site-packages/airflow/example_dags/example_short_circuit_operator.py
[2025-07-08T09:18:18.517+0000] {processor.py:840} INFO - DAG(s) 'example_short_circuit_operator' retrieved from /home/airflow/.local/lib/python3.8/site-packages/airflow/example_dags/example_short_circuit_operator.py
[2025-07-08T09:18:18.651+0000] {logging_mixin.py:188} INFO - [2025-07-08T09:18:18.649+0000] {dag.py:3036} INFO - Sync 1 DAGs
[2025-07-08T09:18:18.790+0000] {logging_mixin.py:188} INFO - [2025-07-08T09:18:18.790+0000] {dag.py:3823} INFO - Setting next_dagrun for example_short_circuit_operator to 2025-07-07 00:00:00+00:00, run_after=2025-07-08 00:00:00+00:00
[2025-07-08T09:18:18.894+0000] {processor.py:183} INFO - Processing /home/airflow/.local/lib/python3.8/site-packages/airflow/example_dags/example_short_circuit_operator.py took 0.506 seconds
[2025-07-08T09:18:49.002+0000] {processor.py:161} INFO - Started process (PID=1793) to work on /home/airflow/.local/lib/python3.8/site-packages/airflow/example_dags/example_short_circuit_operator.py
[2025-07-08T09:18:49.012+0000] {processor.py:830} INFO - Processing file /home/airflow/.local/lib/python3.8/site-packages/airflow/example_dags/example_short_circuit_operator.py for tasks to queue
[2025-07-08T09:18:49.015+0000] {logging_mixin.py:188} INFO - [2025-07-08T09:18:49.015+0000] {dagbag.py:538} INFO - Filling up the DagBag from /home/airflow/.local/lib/python3.8/site-packages/airflow/example_dags/example_short_circuit_operator.py
[2025-07-08T09:18:49.031+0000] {processor.py:840} INFO - DAG(s) 'example_short_circuit_operator' retrieved from /home/airflow/.local/lib/python3.8/site-packages/airflow/example_dags/example_short_circuit_operator.py
[2025-07-08T09:18:49.081+0000] {logging_mixin.py:188} INFO - [2025-07-08T09:18:49.081+0000] {dag.py:3036} INFO - Sync 1 DAGs
[2025-07-08T09:18:49.148+0000] {logging_mixin.py:188} INFO - [2025-07-08T09:18:49.147+0000] {dag.py:3823} INFO - Setting next_dagrun for example_short_circuit_operator to 2025-07-07 00:00:00+00:00, run_after=2025-07-08 00:00:00+00:00
[2025-07-08T09:18:49.349+0000] {processor.py:183} INFO - Processing /home/airflow/.local/lib/python3.8/site-packages/airflow/example_dags/example_short_circuit_operator.py took 0.353 seconds
[2025-07-08T09:19:19.911+0000] {processor.py:161} INFO - Started process (PID=1859) to work on /home/airflow/.local/lib/python3.8/site-packages/airflow/example_dags/example_short_circuit_operator.py
[2025-07-08T09:19:19.918+0000] {processor.py:830} INFO - Processing file /home/airflow/.local/lib/python3.8/site-packages/airflow/example_dags/example_short_circuit_operator.py for tasks to queue
[2025-07-08T09:19:19.923+0000] {logging_mixin.py:188} INFO - [2025-07-08T09:19:19.921+0000] {dagbag.py:538} INFO - Filling up the DagBag from /home/airflow/.local/lib/python3.8/site-packages/airflow/example_dags/example_short_circuit_operator.py
[2025-07-08T09:19:19.940+0000] {processor.py:840} INFO - DAG(s) 'example_short_circuit_operator' retrieved from /home/airflow/.local/lib/python3.8/site-packages/airflow/example_dags/example_short_circuit_operator.py
[2025-07-08T09:19:19.988+0000] {logging_mixin.py:188} INFO - [2025-07-08T09:19:19.987+0000] {dag.py:3036} INFO - Sync 1 DAGs
[2025-07-08T09:19:20.033+0000] {logging_mixin.py:188} INFO - [2025-07-08T09:19:20.032+0000] {dag.py:3823} INFO - Setting next_dagrun for example_short_circuit_operator to 2025-07-07 00:00:00+00:00, run_after=2025-07-08 00:00:00+00:00
[2025-07-08T09:19:20.068+0000] {processor.py:183} INFO - Processing /home/airflow/.local/lib/python3.8/site-packages/airflow/example_dags/example_short_circuit_operator.py took 0.164 seconds
[2025-07-08T09:19:50.174+0000] {processor.py:161} INFO - Started process (PID=1926) to work on /home/airflow/.local/lib/python3.8/site-packages/airflow/example_dags/example_short_circuit_operator.py
[2025-07-08T09:19:50.176+0000] {processor.py:830} INFO - Processing file /home/airflow/.local/lib/python3.8/site-packages/airflow/example_dags/example_short_circuit_operator.py for tasks to queue
[2025-07-08T09:19:50.180+0000] {logging_mixin.py:188} INFO - [2025-07-08T09:19:50.179+0000] {dagbag.py:538} INFO - Filling up the DagBag from /home/airflow/.local/lib/python3.8/site-packages/airflow/example_dags/example_short_circuit_operator.py
[2025-07-08T09:19:50.196+0000] {processor.py:840} INFO - DAG(s) 'example_short_circuit_operator' retrieved from /home/airflow/.local/lib/python3.8/site-packages/airflow/example_dags/example_short_circuit_operator.py
[2025-07-08T09:19:50.247+0000] {logging_mixin.py:188} INFO - [2025-07-08T09:19:50.247+0000] {dag.py:3036} INFO - Sync 1 DAGs
[2025-07-08T09:19:50.303+0000] {logging_mixin.py:188} INFO - [2025-07-08T09:19:50.303+0000] {dag.py:3823} INFO - Setting next_dagrun for example_short_circuit_operator to 2025-07-07 00:00:00+00:00, run_after=2025-07-08 00:00:00+00:00
[2025-07-08T09:19:50.341+0000] {processor.py:183} INFO - Processing /home/airflow/.local/lib/python3.8/site-packages/airflow/example_dags/example_short_circuit_operator.py took 0.173 seconds
[2025-07-08T09:20:20.766+0000] {processor.py:161} INFO - Started process (PID=1993) to work on /home/airflow/.local/lib/python3.8/site-packages/airflow/example_dags/example_short_circuit_operator.py
[2025-07-08T09:20:20.768+0000] {processor.py:830} INFO - Processing file /home/airflow/.local/lib/python3.8/site-packages/airflow/example_dags/example_short_circuit_operator.py for tasks to queue
[2025-07-08T09:20:20.771+0000] {logging_mixin.py:188} INFO - [2025-07-08T09:20:20.770+0000] {dagbag.py:538} INFO - Filling up the DagBag from /home/airflow/.local/lib/python3.8/site-packages/airflow/example_dags/example_short_circuit_operator.py
[2025-07-08T09:20:20.786+0000] {processor.py:840} INFO - DAG(s) 'example_short_circuit_operator' retrieved from /home/airflow/.local/lib/python3.8/site-packages/airflow/example_dags/example_short_circuit_operator.py
[2025-07-08T09:20:20.840+0000] {logging_mixin.py:188} INFO - [2025-07-08T09:20:20.840+0000] {dag.py:3036} INFO - Sync 1 DAGs
[2025-07-08T09:20:20.884+0000] {logging_mixin.py:188} INFO - [2025-07-08T09:20:20.883+0000] {dag.py:3823} INFO - Setting next_dagrun for example_short_circuit_operator to 2025-07-07 00:00:00+00:00, run_after=2025-07-08 00:00:00+00:00
[2025-07-08T09:20:20.929+0000] {processor.py:183} INFO - Processing /home/airflow/.local/lib/python3.8/site-packages/airflow/example_dags/example_short_circuit_operator.py took 0.169 seconds
[2025-07-08T09:20:51.828+0000] {processor.py:161} INFO - Started process (PID=2059) to work on /home/airflow/.local/lib/python3.8/site-packages/airflow/example_dags/example_short_circuit_operator.py
[2025-07-08T09:20:51.844+0000] {processor.py:830} INFO - Processing file /home/airflow/.local/lib/python3.8/site-packages/airflow/example_dags/example_short_circuit_operator.py for tasks to queue
[2025-07-08T09:20:51.847+0000] {logging_mixin.py:188} INFO - [2025-07-08T09:20:51.847+0000] {dagbag.py:538} INFO - Filling up the DagBag from /home/airflow/.local/lib/python3.8/site-packages/airflow/example_dags/example_short_circuit_operator.py
[2025-07-08T09:20:51.883+0000] {processor.py:840} INFO - DAG(s) 'example_short_circuit_operator' retrieved from /home/airflow/.local/lib/python3.8/site-packages/airflow/example_dags/example_short_circuit_operator.py
[2025-07-08T09:20:51.989+0000] {logging_mixin.py:188} INFO - [2025-07-08T09:20:51.989+0000] {dag.py:3036} INFO - Sync 1 DAGs
[2025-07-08T09:20:52.074+0000] {logging_mixin.py:188} INFO - [2025-07-08T09:20:52.074+0000] {dag.py:3823} INFO - Setting next_dagrun for example_short_circuit_operator to 2025-07-07 00:00:00+00:00, run_after=2025-07-08 00:00:00+00:00
[2025-07-08T09:20:52.144+0000] {processor.py:183} INFO - Processing /home/airflow/.local/lib/python3.8/site-packages/airflow/example_dags/example_short_circuit_operator.py took 0.330 seconds
[2025-07-08T09:21:22.467+0000] {processor.py:161} INFO - Started process (PID=2125) to work on /home/airflow/.local/lib/python3.8/site-packages/airflow/example_dags/example_short_circuit_operator.py
[2025-07-08T09:21:22.469+0000] {processor.py:830} INFO - Processing file /home/airflow/.local/lib/python3.8/site-packages/airflow/example_dags/example_short_circuit_operator.py for tasks to queue
[2025-07-08T09:21:22.472+0000] {logging_mixin.py:188} INFO - [2025-07-08T09:21:22.471+0000] {dagbag.py:538} INFO - Filling up the DagBag from /home/airflow/.local/lib/python3.8/site-packages/airflow/example_dags/example_short_circuit_operator.py
[2025-07-08T09:21:22.487+0000] {processor.py:840} INFO - DAG(s) 'example_short_circuit_operator' retrieved from /home/airflow/.local/lib/python3.8/site-packages/airflow/example_dags/example_short_circuit_operator.py
[2025-07-08T09:21:22.555+0000] {logging_mixin.py:188} INFO - [2025-07-08T09:21:22.554+0000] {dag.py:3036} INFO - Sync 1 DAGs
[2025-07-08T09:21:22.623+0000] {logging_mixin.py:188} INFO - [2025-07-08T09:21:22.623+0000] {dag.py:3823} INFO - Setting next_dagrun for example_short_circuit_operator to 2025-07-07 00:00:00+00:00, run_after=2025-07-08 00:00:00+00:00
[2025-07-08T09:21:22.687+0000] {processor.py:183} INFO - Processing /home/airflow/.local/lib/python3.8/site-packages/airflow/example_dags/example_short_circuit_operator.py took 0.234 seconds
[2025-07-08T09:21:52.887+0000] {processor.py:161} INFO - Started process (PID=2183) to work on /home/airflow/.local/lib/python3.8/site-packages/airflow/example_dags/example_short_circuit_operator.py
[2025-07-08T09:21:52.888+0000] {processor.py:830} INFO - Processing file /home/airflow/.local/lib/python3.8/site-packages/airflow/example_dags/example_short_circuit_operator.py for tasks to queue
[2025-07-08T09:21:52.891+0000] {logging_mixin.py:188} INFO - [2025-07-08T09:21:52.891+0000] {dagbag.py:538} INFO - Filling up the DagBag from /home/airflow/.local/lib/python3.8/site-packages/airflow/example_dags/example_short_circuit_operator.py
[2025-07-08T09:21:52.907+0000] {processor.py:840} INFO - DAG(s) 'example_short_circuit_operator' retrieved from /home/airflow/.local/lib/python3.8/site-packages/airflow/example_dags/example_short_circuit_operator.py
[2025-07-08T09:21:52.995+0000] {logging_mixin.py:188} INFO - [2025-07-08T09:21:52.994+0000] {dag.py:3036} INFO - Sync 1 DAGs
[2025-07-08T09:21:53.100+0000] {logging_mixin.py:188} INFO - [2025-07-08T09:21:53.099+0000] {dag.py:3823} INFO - Setting next_dagrun for example_short_circuit_operator to 2025-07-07 00:00:00+00:00, run_after=2025-07-08 00:00:00+00:00
[2025-07-08T09:21:53.244+0000] {processor.py:183} INFO - Processing /home/airflow/.local/lib/python3.8/site-packages/airflow/example_dags/example_short_circuit_operator.py took 0.367 seconds
[2025-07-08T09:22:23.609+0000] {processor.py:161} INFO - Started process (PID=2249) to work on /home/airflow/.local/lib/python3.8/site-packages/airflow/example_dags/example_short_circuit_operator.py
[2025-07-08T09:22:23.624+0000] {processor.py:830} INFO - Processing file /home/airflow/.local/lib/python3.8/site-packages/airflow/example_dags/example_short_circuit_operator.py for tasks to queue
[2025-07-08T09:22:23.627+0000] {logging_mixin.py:188} INFO - [2025-07-08T09:22:23.627+0000] {dagbag.py:538} INFO - Filling up the DagBag from /home/airflow/.local/lib/python3.8/site-packages/airflow/example_dags/example_short_circuit_operator.py
[2025-07-08T09:22:23.641+0000] {processor.py:840} INFO - DAG(s) 'example_short_circuit_operator' retrieved from /home/airflow/.local/lib/python3.8/site-packages/airflow/example_dags/example_short_circuit_operator.py
[2025-07-08T09:22:23.690+0000] {logging_mixin.py:188} INFO - [2025-07-08T09:22:23.690+0000] {dag.py:3036} INFO - Sync 1 DAGs
[2025-07-08T09:22:23.736+0000] {logging_mixin.py:188} INFO - [2025-07-08T09:22:23.736+0000] {dag.py:3823} INFO - Setting next_dagrun for example_short_circuit_operator to 2025-07-07 00:00:00+00:00, run_after=2025-07-08 00:00:00+00:00
[2025-07-08T09:22:23.771+0000] {processor.py:183} INFO - Processing /home/airflow/.local/lib/python3.8/site-packages/airflow/example_dags/example_short_circuit_operator.py took 0.167 seconds
[2025-07-08T09:22:54.242+0000] {processor.py:161} INFO - Started process (PID=2315) to work on /home/airflow/.local/lib/python3.8/site-packages/airflow/example_dags/example_short_circuit_operator.py
[2025-07-08T09:22:54.243+0000] {processor.py:830} INFO - Processing file /home/airflow/.local/lib/python3.8/site-packages/airflow/example_dags/example_short_circuit_operator.py for tasks to queue
[2025-07-08T09:22:54.246+0000] {logging_mixin.py:188} INFO - [2025-07-08T09:22:54.245+0000] {dagbag.py:538} INFO - Filling up the DagBag from /home/airflow/.local/lib/python3.8/site-packages/airflow/example_dags/example_short_circuit_operator.py
[2025-07-08T09:22:54.287+0000] {processor.py:840} INFO - DAG(s) 'example_short_circuit_operator' retrieved from /home/airflow/.local/lib/python3.8/site-packages/airflow/example_dags/example_short_circuit_operator.py
[2025-07-08T09:22:54.332+0000] {logging_mixin.py:188} INFO - [2025-07-08T09:22:54.331+0000] {dag.py:3036} INFO - Sync 1 DAGs
[2025-07-08T09:22:54.375+0000] {logging_mixin.py:188} INFO - [2025-07-08T09:22:54.374+0000] {dag.py:3823} INFO - Setting next_dagrun for example_short_circuit_operator to 2025-07-07 00:00:00+00:00, run_after=2025-07-08 00:00:00+00:00
[2025-07-08T09:22:54.425+0000] {processor.py:183} INFO - Processing /home/airflow/.local/lib/python3.8/site-packages/airflow/example_dags/example_short_circuit_operator.py took 0.199 seconds
[2025-07-08T09:23:24.910+0000] {processor.py:161} INFO - Started process (PID=2380) to work on /home/airflow/.local/lib/python3.8/site-packages/airflow/example_dags/example_short_circuit_operator.py
[2025-07-08T09:23:24.912+0000] {processor.py:830} INFO - Processing file /home/airflow/.local/lib/python3.8/site-packages/airflow/example_dags/example_short_circuit_operator.py for tasks to queue
[2025-07-08T09:23:24.915+0000] {logging_mixin.py:188} INFO - [2025-07-08T09:23:24.915+0000] {dagbag.py:538} INFO - Filling up the DagBag from /home/airflow/.local/lib/python3.8/site-packages/airflow/example_dags/example_short_circuit_operator.py
[2025-07-08T09:23:24.938+0000] {processor.py:840} INFO - DAG(s) 'example_short_circuit_operator' retrieved from /home/airflow/.local/lib/python3.8/site-packages/airflow/example_dags/example_short_circuit_operator.py
[2025-07-08T09:23:25.005+0000] {logging_mixin.py:188} INFO - [2025-07-08T09:23:25.005+0000] {dag.py:3036} INFO - Sync 1 DAGs
[2025-07-08T09:23:25.083+0000] {logging_mixin.py:188} INFO - [2025-07-08T09:23:25.080+0000] {dag.py:3823} INFO - Setting next_dagrun for example_short_circuit_operator to 2025-07-07 00:00:00+00:00, run_after=2025-07-08 00:00:00+00:00
[2025-07-08T09:23:25.143+0000] {processor.py:183} INFO - Processing /home/airflow/.local/lib/python3.8/site-packages/airflow/example_dags/example_short_circuit_operator.py took 0.254 seconds
[2025-07-08T09:23:55.693+0000] {processor.py:161} INFO - Started process (PID=2447) to work on /home/airflow/.local/lib/python3.8/site-packages/airflow/example_dags/example_short_circuit_operator.py
[2025-07-08T09:23:55.699+0000] {processor.py:830} INFO - Processing file /home/airflow/.local/lib/python3.8/site-packages/airflow/example_dags/example_short_circuit_operator.py for tasks to queue
[2025-07-08T09:23:55.702+0000] {logging_mixin.py:188} INFO - [2025-07-08T09:23:55.701+0000] {dagbag.py:538} INFO - Filling up the DagBag from /home/airflow/.local/lib/python3.8/site-packages/airflow/example_dags/example_short_circuit_operator.py
[2025-07-08T09:23:55.736+0000] {processor.py:840} INFO - DAG(s) 'example_short_circuit_operator' retrieved from /home/airflow/.local/lib/python3.8/site-packages/airflow/example_dags/example_short_circuit_operator.py
[2025-07-08T09:23:55.823+0000] {logging_mixin.py:188} INFO - [2025-07-08T09:23:55.822+0000] {dag.py:3036} INFO - Sync 1 DAGs
[2025-07-08T09:23:55.919+0000] {logging_mixin.py:188} INFO - [2025-07-08T09:23:55.918+0000] {dag.py:3823} INFO - Setting next_dagrun for example_short_circuit_operator to 2025-07-07 00:00:00+00:00, run_after=2025-07-08 00:00:00+00:00
[2025-07-08T09:23:55.984+0000] {processor.py:183} INFO - Processing /home/airflow/.local/lib/python3.8/site-packages/airflow/example_dags/example_short_circuit_operator.py took 0.306 seconds
[2025-07-08T09:24:26.310+0000] {processor.py:161} INFO - Started process (PID=2513) to work on /home/airflow/.local/lib/python3.8/site-packages/airflow/example_dags/example_short_circuit_operator.py
[2025-07-08T09:24:26.312+0000] {processor.py:830} INFO - Processing file /home/airflow/.local/lib/python3.8/site-packages/airflow/example_dags/example_short_circuit_operator.py for tasks to queue
[2025-07-08T09:24:26.315+0000] {logging_mixin.py:188} INFO - [2025-07-08T09:24:26.315+0000] {dagbag.py:538} INFO - Filling up the DagBag from /home/airflow/.local/lib/python3.8/site-packages/airflow/example_dags/example_short_circuit_operator.py
[2025-07-08T09:24:26.331+0000] {processor.py:840} INFO - DAG(s) 'example_short_circuit_operator' retrieved from /home/airflow/.local/lib/python3.8/site-packages/airflow/example_dags/example_short_circuit_operator.py
[2025-07-08T09:24:26.383+0000] {logging_mixin.py:188} INFO - [2025-07-08T09:24:26.382+0000] {dag.py:3036} INFO - Sync 1 DAGs
[2025-07-08T09:24:26.431+0000] {logging_mixin.py:188} INFO - [2025-07-08T09:24:26.430+0000] {dag.py:3823} INFO - Setting next_dagrun for example_short_circuit_operator to 2025-07-07 00:00:00+00:00, run_after=2025-07-08 00:00:00+00:00
[2025-07-08T09:24:26.473+0000] {processor.py:183} INFO - Processing /home/airflow/.local/lib/python3.8/site-packages/airflow/example_dags/example_short_circuit_operator.py took 0.170 seconds
[2025-07-08T09:24:56.621+0000] {processor.py:161} INFO - Started process (PID=2572) to work on /home/airflow/.local/lib/python3.8/site-packages/airflow/example_dags/example_short_circuit_operator.py
[2025-07-08T09:24:56.622+0000] {processor.py:830} INFO - Processing file /home/airflow/.local/lib/python3.8/site-packages/airflow/example_dags/example_short_circuit_operator.py for tasks to queue
[2025-07-08T09:24:56.625+0000] {logging_mixin.py:188} INFO - [2025-07-08T09:24:56.625+0000] {dagbag.py:538} INFO - Filling up the DagBag from /home/airflow/.local/lib/python3.8/site-packages/airflow/example_dags/example_short_circuit_operator.py
[2025-07-08T09:24:56.643+0000] {processor.py:840} INFO - DAG(s) 'example_short_circuit_operator' retrieved from /home/airflow/.local/lib/python3.8/site-packages/airflow/example_dags/example_short_circuit_operator.py
[2025-07-08T09:24:56.698+0000] {logging_mixin.py:188} INFO - [2025-07-08T09:24:56.698+0000] {dag.py:3036} INFO - Sync 1 DAGs
[2025-07-08T09:24:56.746+0000] {logging_mixin.py:188} INFO - [2025-07-08T09:24:56.746+0000] {dag.py:3823} INFO - Setting next_dagrun for example_short_circuit_operator to 2025-07-07 00:00:00+00:00, run_after=2025-07-08 00:00:00+00:00
[2025-07-08T09:24:56.782+0000] {processor.py:183} INFO - Processing /home/airflow/.local/lib/python3.8/site-packages/airflow/example_dags/example_short_circuit_operator.py took 0.167 seconds
[2025-07-08T09:25:27.171+0000] {processor.py:161} INFO - Started process (PID=2638) to work on /home/airflow/.local/lib/python3.8/site-packages/airflow/example_dags/example_short_circuit_operator.py
[2025-07-08T09:25:27.174+0000] {processor.py:830} INFO - Processing file /home/airflow/.local/lib/python3.8/site-packages/airflow/example_dags/example_short_circuit_operator.py for tasks to queue
[2025-07-08T09:25:27.177+0000] {logging_mixin.py:188} INFO - [2025-07-08T09:25:27.177+0000] {dagbag.py:538} INFO - Filling up the DagBag from /home/airflow/.local/lib/python3.8/site-packages/airflow/example_dags/example_short_circuit_operator.py
[2025-07-08T09:25:27.193+0000] {processor.py:840} INFO - DAG(s) 'example_short_circuit_operator' retrieved from /home/airflow/.local/lib/python3.8/site-packages/airflow/example_dags/example_short_circuit_operator.py
[2025-07-08T09:25:27.237+0000] {logging_mixin.py:188} INFO - [2025-07-08T09:25:27.237+0000] {dag.py:3036} INFO - Sync 1 DAGs
[2025-07-08T09:25:27.281+0000] {logging_mixin.py:188} INFO - [2025-07-08T09:25:27.281+0000] {dag.py:3823} INFO - Setting next_dagrun for example_short_circuit_operator to 2025-07-07 00:00:00+00:00, run_after=2025-07-08 00:00:00+00:00
[2025-07-08T09:25:27.320+0000] {processor.py:183} INFO - Processing /home/airflow/.local/lib/python3.8/site-packages/airflow/example_dags/example_short_circuit_operator.py took 0.155 seconds
[2025-07-08T09:25:58.573+0000] {processor.py:161} INFO - Started process (PID=2704) to work on /home/airflow/.local/lib/python3.8/site-packages/airflow/example_dags/example_short_circuit_operator.py
[2025-07-08T09:25:58.574+0000] {processor.py:830} INFO - Processing file /home/airflow/.local/lib/python3.8/site-packages/airflow/example_dags/example_short_circuit_operator.py for tasks to queue
[2025-07-08T09:25:58.577+0000] {logging_mixin.py:188} INFO - [2025-07-08T09:25:58.577+0000] {dagbag.py:538} INFO - Filling up the DagBag from /home/airflow/.local/lib/python3.8/site-packages/airflow/example_dags/example_short_circuit_operator.py
[2025-07-08T09:25:58.612+0000] {processor.py:840} INFO - DAG(s) 'example_short_circuit_operator' retrieved from /home/airflow/.local/lib/python3.8/site-packages/airflow/example_dags/example_short_circuit_operator.py
[2025-07-08T09:25:58.674+0000] {logging_mixin.py:188} INFO - [2025-07-08T09:25:58.674+0000] {dag.py:3036} INFO - Sync 1 DAGs
[2025-07-08T09:25:58.716+0000] {logging_mixin.py:188} INFO - [2025-07-08T09:25:58.715+0000] {dag.py:3823} INFO - Setting next_dagrun for example_short_circuit_operator to 2025-07-07 00:00:00+00:00, run_after=2025-07-08 00:00:00+00:00
[2025-07-08T09:25:58.748+0000] {processor.py:183} INFO - Processing /home/airflow/.local/lib/python3.8/site-packages/airflow/example_dags/example_short_circuit_operator.py took 0.181 seconds
[2025-07-08T09:26:31.271+0000] {processor.py:161} INFO - Started process (PID=2770) to work on /home/airflow/.local/lib/python3.8/site-packages/airflow/example_dags/example_short_circuit_operator.py
[2025-07-08T09:26:31.274+0000] {processor.py:830} INFO - Processing file /home/airflow/.local/lib/python3.8/site-packages/airflow/example_dags/example_short_circuit_operator.py for tasks to queue
[2025-07-08T09:26:31.277+0000] {logging_mixin.py:188} INFO - [2025-07-08T09:26:31.277+0000] {dagbag.py:538} INFO - Filling up the DagBag from /home/airflow/.local/lib/python3.8/site-packages/airflow/example_dags/example_short_circuit_operator.py
[2025-07-08T09:26:31.294+0000] {processor.py:840} INFO - DAG(s) 'example_short_circuit_operator' retrieved from /home/airflow/.local/lib/python3.8/site-packages/airflow/example_dags/example_short_circuit_operator.py
[2025-07-08T09:26:31.605+0000] {logging_mixin.py:188} INFO - [2025-07-08T09:26:31.605+0000] {dag.py:3036} INFO - Sync 1 DAGs
[2025-07-08T09:26:31.649+0000] {logging_mixin.py:188} INFO - [2025-07-08T09:26:31.648+0000] {dag.py:3823} INFO - Setting next_dagrun for example_short_circuit_operator to 2025-07-07 00:00:00+00:00, run_after=2025-07-08 00:00:00+00:00
[2025-07-08T09:26:31.683+0000] {processor.py:183} INFO - Processing /home/airflow/.local/lib/python3.8/site-packages/airflow/example_dags/example_short_circuit_operator.py took 0.418 seconds
[2025-07-08T09:27:02.841+0000] {processor.py:161} INFO - Started process (PID=2837) to work on /home/airflow/.local/lib/python3.8/site-packages/airflow/example_dags/example_short_circuit_operator.py
[2025-07-08T09:27:02.856+0000] {processor.py:830} INFO - Processing file /home/airflow/.local/lib/python3.8/site-packages/airflow/example_dags/example_short_circuit_operator.py for tasks to queue
[2025-07-08T09:27:02.860+0000] {logging_mixin.py:188} INFO - [2025-07-08T09:27:02.859+0000] {dagbag.py:538} INFO - Filling up the DagBag from /home/airflow/.local/lib/python3.8/site-packages/airflow/example_dags/example_short_circuit_operator.py
[2025-07-08T09:27:02.901+0000] {processor.py:840} INFO - DAG(s) 'example_short_circuit_operator' retrieved from /home/airflow/.local/lib/python3.8/site-packages/airflow/example_dags/example_short_circuit_operator.py
[2025-07-08T09:27:03.040+0000] {logging_mixin.py:188} INFO - [2025-07-08T09:27:03.039+0000] {dag.py:3036} INFO - Sync 1 DAGs
[2025-07-08T09:27:03.179+0000] {logging_mixin.py:188} INFO - [2025-07-08T09:27:03.178+0000] {dag.py:3823} INFO - Setting next_dagrun for example_short_circuit_operator to 2025-07-07 00:00:00+00:00, run_after=2025-07-08 00:00:00+00:00
[2025-07-08T09:27:03.289+0000] {processor.py:183} INFO - Processing /home/airflow/.local/lib/python3.8/site-packages/airflow/example_dags/example_short_circuit_operator.py took 0.463 seconds
[2025-07-08T09:27:34.217+0000] {processor.py:161} INFO - Started process (PID=2895) to work on /home/airflow/.local/lib/python3.8/site-packages/airflow/example_dags/example_short_circuit_operator.py
[2025-07-08T09:27:34.225+0000] {processor.py:830} INFO - Processing file /home/airflow/.local/lib/python3.8/site-packages/airflow/example_dags/example_short_circuit_operator.py for tasks to queue
[2025-07-08T09:27:34.230+0000] {logging_mixin.py:188} INFO - [2025-07-08T09:27:34.229+0000] {dagbag.py:538} INFO - Filling up the DagBag from /home/airflow/.local/lib/python3.8/site-packages/airflow/example_dags/example_short_circuit_operator.py
[2025-07-08T09:27:34.728+0000] {processor.py:840} INFO - DAG(s) 'example_short_circuit_operator' retrieved from /home/airflow/.local/lib/python3.8/site-packages/airflow/example_dags/example_short_circuit_operator.py
[2025-07-08T09:27:34.875+0000] {logging_mixin.py:188} INFO - [2025-07-08T09:27:34.875+0000] {dag.py:3036} INFO - Sync 1 DAGs
[2025-07-08T09:27:34.974+0000] {logging_mixin.py:188} INFO - [2025-07-08T09:27:34.973+0000] {dag.py:3823} INFO - Setting next_dagrun for example_short_circuit_operator to 2025-07-07 00:00:00+00:00, run_after=2025-07-08 00:00:00+00:00
[2025-07-08T09:27:35.060+0000] {processor.py:183} INFO - Processing /home/airflow/.local/lib/python3.8/site-packages/airflow/example_dags/example_short_circuit_operator.py took 0.870 seconds
[2025-07-08T09:28:05.258+0000] {processor.py:161} INFO - Started process (PID=2961) to work on /home/airflow/.local/lib/python3.8/site-packages/airflow/example_dags/example_short_circuit_operator.py
[2025-07-08T09:28:05.268+0000] {processor.py:830} INFO - Processing file /home/airflow/.local/lib/python3.8/site-packages/airflow/example_dags/example_short_circuit_operator.py for tasks to queue
[2025-07-08T09:28:05.272+0000] {logging_mixin.py:188} INFO - [2025-07-08T09:28:05.271+0000] {dagbag.py:538} INFO - Filling up the DagBag from /home/airflow/.local/lib/python3.8/site-packages/airflow/example_dags/example_short_circuit_operator.py
[2025-07-08T09:28:05.299+0000] {processor.py:840} INFO - DAG(s) 'example_short_circuit_operator' retrieved from /home/airflow/.local/lib/python3.8/site-packages/airflow/example_dags/example_short_circuit_operator.py
[2025-07-08T09:28:05.409+0000] {logging_mixin.py:188} INFO - [2025-07-08T09:28:05.409+0000] {dag.py:3036} INFO - Sync 1 DAGs
[2025-07-08T09:28:05.479+0000] {logging_mixin.py:188} INFO - [2025-07-08T09:28:05.478+0000] {dag.py:3823} INFO - Setting next_dagrun for example_short_circuit_operator to 2025-07-07 00:00:00+00:00, run_after=2025-07-08 00:00:00+00:00
[2025-07-08T09:28:05.540+0000] {processor.py:183} INFO - Processing /home/airflow/.local/lib/python3.8/site-packages/airflow/example_dags/example_short_circuit_operator.py took 0.288 seconds
[2025-07-08T09:28:36.147+0000] {processor.py:161} INFO - Started process (PID=3027) to work on /home/airflow/.local/lib/python3.8/site-packages/airflow/example_dags/example_short_circuit_operator.py
[2025-07-08T09:28:36.149+0000] {processor.py:830} INFO - Processing file /home/airflow/.local/lib/python3.8/site-packages/airflow/example_dags/example_short_circuit_operator.py for tasks to queue
[2025-07-08T09:28:36.152+0000] {logging_mixin.py:188} INFO - [2025-07-08T09:28:36.152+0000] {dagbag.py:538} INFO - Filling up the DagBag from /home/airflow/.local/lib/python3.8/site-packages/airflow/example_dags/example_short_circuit_operator.py
[2025-07-08T09:28:36.186+0000] {processor.py:840} INFO - DAG(s) 'example_short_circuit_operator' retrieved from /home/airflow/.local/lib/python3.8/site-packages/airflow/example_dags/example_short_circuit_operator.py
[2025-07-08T09:28:36.275+0000] {logging_mixin.py:188} INFO - [2025-07-08T09:28:36.274+0000] {dag.py:3036} INFO - Sync 1 DAGs
[2025-07-08T09:28:36.330+0000] {logging_mixin.py:188} INFO - [2025-07-08T09:28:36.330+0000] {dag.py:3823} INFO - Setting next_dagrun for example_short_circuit_operator to 2025-07-07 00:00:00+00:00, run_after=2025-07-08 00:00:00+00:00
[2025-07-08T09:28:36.366+0000] {processor.py:183} INFO - Processing /home/airflow/.local/lib/python3.8/site-packages/airflow/example_dags/example_short_circuit_operator.py took 0.225 seconds
[2025-07-08T09:29:07.126+0000] {processor.py:161} INFO - Started process (PID=3092) to work on /home/airflow/.local/lib/python3.8/site-packages/airflow/example_dags/example_short_circuit_operator.py
[2025-07-08T09:29:07.127+0000] {processor.py:830} INFO - Processing file /home/airflow/.local/lib/python3.8/site-packages/airflow/example_dags/example_short_circuit_operator.py for tasks to queue
[2025-07-08T09:29:07.130+0000] {logging_mixin.py:188} INFO - [2025-07-08T09:29:07.130+0000] {dagbag.py:538} INFO - Filling up the DagBag from /home/airflow/.local/lib/python3.8/site-packages/airflow/example_dags/example_short_circuit_operator.py
[2025-07-08T09:29:07.151+0000] {processor.py:840} INFO - DAG(s) 'example_short_circuit_operator' retrieved from /home/airflow/.local/lib/python3.8/site-packages/airflow/example_dags/example_short_circuit_operator.py
[2025-07-08T09:29:07.234+0000] {logging_mixin.py:188} INFO - [2025-07-08T09:29:07.234+0000] {dag.py:3036} INFO - Sync 1 DAGs
[2025-07-08T09:29:07.366+0000] {logging_mixin.py:188} INFO - [2025-07-08T09:29:07.365+0000] {dag.py:3823} INFO - Setting next_dagrun for example_short_circuit_operator to 2025-07-07 00:00:00+00:00, run_after=2025-07-08 00:00:00+00:00
[2025-07-08T09:29:07.416+0000] {processor.py:183} INFO - Processing /home/airflow/.local/lib/python3.8/site-packages/airflow/example_dags/example_short_circuit_operator.py took 0.296 seconds
[2025-07-08T09:29:37.635+0000] {processor.py:161} INFO - Started process (PID=3158) to work on /home/airflow/.local/lib/python3.8/site-packages/airflow/example_dags/example_short_circuit_operator.py
[2025-07-08T09:29:37.638+0000] {processor.py:830} INFO - Processing file /home/airflow/.local/lib/python3.8/site-packages/airflow/example_dags/example_short_circuit_operator.py for tasks to queue
[2025-07-08T09:29:37.641+0000] {logging_mixin.py:188} INFO - [2025-07-08T09:29:37.641+0000] {dagbag.py:538} INFO - Filling up the DagBag from /home/airflow/.local/lib/python3.8/site-packages/airflow/example_dags/example_short_circuit_operator.py
[2025-07-08T09:29:37.657+0000] {processor.py:840} INFO - DAG(s) 'example_short_circuit_operator' retrieved from /home/airflow/.local/lib/python3.8/site-packages/airflow/example_dags/example_short_circuit_operator.py
[2025-07-08T09:29:37.715+0000] {logging_mixin.py:188} INFO - [2025-07-08T09:29:37.714+0000] {dag.py:3036} INFO - Sync 1 DAGs
[2025-07-08T09:29:37.869+0000] {logging_mixin.py:188} INFO - [2025-07-08T09:29:37.869+0000] {dag.py:3823} INFO - Setting next_dagrun for example_short_circuit_operator to 2025-07-07 00:00:00+00:00, run_after=2025-07-08 00:00:00+00:00
[2025-07-08T09:29:38.041+0000] {processor.py:183} INFO - Processing /home/airflow/.local/lib/python3.8/site-packages/airflow/example_dags/example_short_circuit_operator.py took 0.412 seconds
[2025-07-08T09:30:08.668+0000] {processor.py:161} INFO - Started process (PID=3223) to work on /home/airflow/.local/lib/python3.8/site-packages/airflow/example_dags/example_short_circuit_operator.py
[2025-07-08T09:30:08.670+0000] {processor.py:830} INFO - Processing file /home/airflow/.local/lib/python3.8/site-packages/airflow/example_dags/example_short_circuit_operator.py for tasks to queue
[2025-07-08T09:30:08.673+0000] {logging_mixin.py:188} INFO - [2025-07-08T09:30:08.673+0000] {dagbag.py:538} INFO - Filling up the DagBag from /home/airflow/.local/lib/python3.8/site-packages/airflow/example_dags/example_short_circuit_operator.py
[2025-07-08T09:30:08.690+0000] {processor.py:840} INFO - DAG(s) 'example_short_circuit_operator' retrieved from /home/airflow/.local/lib/python3.8/site-packages/airflow/example_dags/example_short_circuit_operator.py
[2025-07-08T09:30:08.742+0000] {logging_mixin.py:188} INFO - [2025-07-08T09:30:08.741+0000] {dag.py:3036} INFO - Sync 1 DAGs
[2025-07-08T09:30:08.823+0000] {logging_mixin.py:188} INFO - [2025-07-08T09:30:08.823+0000] {dag.py:3823} INFO - Setting next_dagrun for example_short_circuit_operator to 2025-07-07 00:00:00+00:00, run_after=2025-07-08 00:00:00+00:00
[2025-07-08T09:30:08.938+0000] {processor.py:183} INFO - Processing /home/airflow/.local/lib/python3.8/site-packages/airflow/example_dags/example_short_circuit_operator.py took 0.277 seconds
[2025-07-08T09:30:39.363+0000] {processor.py:161} INFO - Started process (PID=3290) to work on /home/airflow/.local/lib/python3.8/site-packages/airflow/example_dags/example_short_circuit_operator.py
[2025-07-08T09:30:39.365+0000] {processor.py:830} INFO - Processing file /home/airflow/.local/lib/python3.8/site-packages/airflow/example_dags/example_short_circuit_operator.py for tasks to queue
[2025-07-08T09:30:39.369+0000] {logging_mixin.py:188} INFO - [2025-07-08T09:30:39.368+0000] {dagbag.py:538} INFO - Filling up the DagBag from /home/airflow/.local/lib/python3.8/site-packages/airflow/example_dags/example_short_circuit_operator.py
[2025-07-08T09:30:39.391+0000] {processor.py:840} INFO - DAG(s) 'example_short_circuit_operator' retrieved from /home/airflow/.local/lib/python3.8/site-packages/airflow/example_dags/example_short_circuit_operator.py
[2025-07-08T09:30:39.448+0000] {logging_mixin.py:188} INFO - [2025-07-08T09:30:39.447+0000] {dag.py:3036} INFO - Sync 1 DAGs
[2025-07-08T09:30:39.503+0000] {logging_mixin.py:188} INFO - [2025-07-08T09:30:39.503+0000] {dag.py:3823} INFO - Setting next_dagrun for example_short_circuit_operator to 2025-07-07 00:00:00+00:00, run_after=2025-07-08 00:00:00+00:00
[2025-07-08T09:30:39.538+0000] {processor.py:183} INFO - Processing /home/airflow/.local/lib/python3.8/site-packages/airflow/example_dags/example_short_circuit_operator.py took 0.181 seconds
[2025-07-08T09:31:09.930+0000] {processor.py:161} INFO - Started process (PID=3356) to work on /home/airflow/.local/lib/python3.8/site-packages/airflow/example_dags/example_short_circuit_operator.py
[2025-07-08T09:31:09.931+0000] {processor.py:830} INFO - Processing file /home/airflow/.local/lib/python3.8/site-packages/airflow/example_dags/example_short_circuit_operator.py for tasks to queue
[2025-07-08T09:31:09.945+0000] {logging_mixin.py:188} INFO - [2025-07-08T09:31:09.944+0000] {dagbag.py:538} INFO - Filling up the DagBag from /home/airflow/.local/lib/python3.8/site-packages/airflow/example_dags/example_short_circuit_operator.py
[2025-07-08T09:31:10.043+0000] {processor.py:840} INFO - DAG(s) 'example_short_circuit_operator' retrieved from /home/airflow/.local/lib/python3.8/site-packages/airflow/example_dags/example_short_circuit_operator.py
[2025-07-08T09:31:10.147+0000] {logging_mixin.py:188} INFO - [2025-07-08T09:31:10.146+0000] {dag.py:3036} INFO - Sync 1 DAGs
[2025-07-08T09:31:10.288+0000] {logging_mixin.py:188} INFO - [2025-07-08T09:31:10.288+0000] {dag.py:3823} INFO - Setting next_dagrun for example_short_circuit_operator to 2025-07-07 00:00:00+00:00, run_after=2025-07-08 00:00:00+00:00
[2025-07-08T09:31:10.372+0000] {processor.py:183} INFO - Processing /home/airflow/.local/lib/python3.8/site-packages/airflow/example_dags/example_short_circuit_operator.py took 0.466 seconds
[2025-07-08T09:31:40.693+0000] {processor.py:161} INFO - Started process (PID=3422) to work on /home/airflow/.local/lib/python3.8/site-packages/airflow/example_dags/example_short_circuit_operator.py
[2025-07-08T09:31:40.695+0000] {processor.py:830} INFO - Processing file /home/airflow/.local/lib/python3.8/site-packages/airflow/example_dags/example_short_circuit_operator.py for tasks to queue
[2025-07-08T09:31:40.698+0000] {logging_mixin.py:188} INFO - [2025-07-08T09:31:40.698+0000] {dagbag.py:538} INFO - Filling up the DagBag from /home/airflow/.local/lib/python3.8/site-packages/airflow/example_dags/example_short_circuit_operator.py
[2025-07-08T09:31:40.714+0000] {processor.py:840} INFO - DAG(s) 'example_short_circuit_operator' retrieved from /home/airflow/.local/lib/python3.8/site-packages/airflow/example_dags/example_short_circuit_operator.py
[2025-07-08T09:31:40.775+0000] {logging_mixin.py:188} INFO - [2025-07-08T09:31:40.774+0000] {dag.py:3036} INFO - Sync 1 DAGs
[2025-07-08T09:31:40.821+0000] {logging_mixin.py:188} INFO - [2025-07-08T09:31:40.821+0000] {dag.py:3823} INFO - Setting next_dagrun for example_short_circuit_operator to 2025-07-07 00:00:00+00:00, run_after=2025-07-08 00:00:00+00:00
[2025-07-08T09:31:40.856+0000] {processor.py:183} INFO - Processing /home/airflow/.local/lib/python3.8/site-packages/airflow/example_dags/example_short_circuit_operator.py took 0.177 seconds
[2025-07-08T09:32:11.012+0000] {processor.py:161} INFO - Started process (PID=3488) to work on /home/airflow/.local/lib/python3.8/site-packages/airflow/example_dags/example_short_circuit_operator.py
[2025-07-08T09:32:11.014+0000] {processor.py:830} INFO - Processing file /home/airflow/.local/lib/python3.8/site-packages/airflow/example_dags/example_short_circuit_operator.py for tasks to queue
[2025-07-08T09:32:11.017+0000] {logging_mixin.py:188} INFO - [2025-07-08T09:32:11.016+0000] {dagbag.py:538} INFO - Filling up the DagBag from /home/airflow/.local/lib/python3.8/site-packages/airflow/example_dags/example_short_circuit_operator.py
[2025-07-08T09:32:11.033+0000] {processor.py:840} INFO - DAG(s) 'example_short_circuit_operator' retrieved from /home/airflow/.local/lib/python3.8/site-packages/airflow/example_dags/example_short_circuit_operator.py
[2025-07-08T09:32:11.120+0000] {logging_mixin.py:188} INFO - [2025-07-08T09:32:11.119+0000] {dag.py:3036} INFO - Sync 1 DAGs
[2025-07-08T09:32:11.175+0000] {logging_mixin.py:188} INFO - [2025-07-08T09:32:11.174+0000] {dag.py:3823} INFO - Setting next_dagrun for example_short_circuit_operator to 2025-07-07 00:00:00+00:00, run_after=2025-07-08 00:00:00+00:00
[2025-07-08T09:32:11.219+0000] {processor.py:183} INFO - Processing /home/airflow/.local/lib/python3.8/site-packages/airflow/example_dags/example_short_circuit_operator.py took 0.214 seconds
[2025-07-08T09:32:41.374+0000] {processor.py:161} INFO - Started process (PID=3554) to work on /home/airflow/.local/lib/python3.8/site-packages/airflow/example_dags/example_short_circuit_operator.py
[2025-07-08T09:32:41.378+0000] {processor.py:830} INFO - Processing file /home/airflow/.local/lib/python3.8/site-packages/airflow/example_dags/example_short_circuit_operator.py for tasks to queue
[2025-07-08T09:32:41.384+0000] {logging_mixin.py:188} INFO - [2025-07-08T09:32:41.383+0000] {dagbag.py:538} INFO - Filling up the DagBag from /home/airflow/.local/lib/python3.8/site-packages/airflow/example_dags/example_short_circuit_operator.py
[2025-07-08T09:32:41.401+0000] {processor.py:840} INFO - DAG(s) 'example_short_circuit_operator' retrieved from /home/airflow/.local/lib/python3.8/site-packages/airflow/example_dags/example_short_circuit_operator.py
[2025-07-08T09:32:41.467+0000] {logging_mixin.py:188} INFO - [2025-07-08T09:32:41.467+0000] {dag.py:3036} INFO - Sync 1 DAGs
[2025-07-08T09:32:41.520+0000] {logging_mixin.py:188} INFO - [2025-07-08T09:32:41.518+0000] {dag.py:3823} INFO - Setting next_dagrun for example_short_circuit_operator to 2025-07-07 00:00:00+00:00, run_after=2025-07-08 00:00:00+00:00
[2025-07-08T09:32:41.577+0000] {processor.py:183} INFO - Processing /home/airflow/.local/lib/python3.8/site-packages/airflow/example_dags/example_short_circuit_operator.py took 0.210 seconds
[2025-07-08T09:33:11.819+0000] {processor.py:161} INFO - Started process (PID=3620) to work on /home/airflow/.local/lib/python3.8/site-packages/airflow/example_dags/example_short_circuit_operator.py
[2025-07-08T09:33:11.837+0000] {processor.py:830} INFO - Processing file /home/airflow/.local/lib/python3.8/site-packages/airflow/example_dags/example_short_circuit_operator.py for tasks to queue
[2025-07-08T09:33:11.839+0000] {logging_mixin.py:188} INFO - [2025-07-08T09:33:11.839+0000] {dagbag.py:538} INFO - Filling up the DagBag from /home/airflow/.local/lib/python3.8/site-packages/airflow/example_dags/example_short_circuit_operator.py
[2025-07-08T09:33:11.865+0000] {processor.py:840} INFO - DAG(s) 'example_short_circuit_operator' retrieved from /home/airflow/.local/lib/python3.8/site-packages/airflow/example_dags/example_short_circuit_operator.py
[2025-07-08T09:33:11.957+0000] {logging_mixin.py:188} INFO - [2025-07-08T09:33:11.956+0000] {dag.py:3036} INFO - Sync 1 DAGs
[2025-07-08T09:33:12.042+0000] {logging_mixin.py:188} INFO - [2025-07-08T09:33:12.041+0000] {dag.py:3823} INFO - Setting next_dagrun for example_short_circuit_operator to 2025-07-07 00:00:00+00:00, run_after=2025-07-08 00:00:00+00:00
[2025-07-08T09:33:12.090+0000] {processor.py:183} INFO - Processing /home/airflow/.local/lib/python3.8/site-packages/airflow/example_dags/example_short_circuit_operator.py took 0.277 seconds
[2025-07-08T09:33:42.485+0000] {processor.py:161} INFO - Started process (PID=3685) to work on /home/airflow/.local/lib/python3.8/site-packages/airflow/example_dags/example_short_circuit_operator.py
[2025-07-08T09:33:42.493+0000] {processor.py:830} INFO - Processing file /home/airflow/.local/lib/python3.8/site-packages/airflow/example_dags/example_short_circuit_operator.py for tasks to queue
[2025-07-08T09:33:42.501+0000] {logging_mixin.py:188} INFO - [2025-07-08T09:33:42.500+0000] {dagbag.py:538} INFO - Filling up the DagBag from /home/airflow/.local/lib/python3.8/site-packages/airflow/example_dags/example_short_circuit_operator.py
[2025-07-08T09:33:42.532+0000] {processor.py:840} INFO - DAG(s) 'example_short_circuit_operator' retrieved from /home/airflow/.local/lib/python3.8/site-packages/airflow/example_dags/example_short_circuit_operator.py
[2025-07-08T09:33:42.615+0000] {logging_mixin.py:188} INFO - [2025-07-08T09:33:42.615+0000] {dag.py:3036} INFO - Sync 1 DAGs
[2025-07-08T09:33:42.706+0000] {logging_mixin.py:188} INFO - [2025-07-08T09:33:42.705+0000] {dag.py:3823} INFO - Setting next_dagrun for example_short_circuit_operator to 2025-07-07 00:00:00+00:00, run_after=2025-07-08 00:00:00+00:00
[2025-07-08T09:33:42.762+0000] {processor.py:183} INFO - Processing /home/airflow/.local/lib/python3.8/site-packages/airflow/example_dags/example_short_circuit_operator.py took 0.292 seconds
[2025-07-08T09:34:12.964+0000] {processor.py:161} INFO - Started process (PID=3751) to work on /home/airflow/.local/lib/python3.8/site-packages/airflow/example_dags/example_short_circuit_operator.py
[2025-07-08T09:34:12.965+0000] {processor.py:830} INFO - Processing file /home/airflow/.local/lib/python3.8/site-packages/airflow/example_dags/example_short_circuit_operator.py for tasks to queue
[2025-07-08T09:34:12.968+0000] {logging_mixin.py:188} INFO - [2025-07-08T09:34:12.968+0000] {dagbag.py:538} INFO - Filling up the DagBag from /home/airflow/.local/lib/python3.8/site-packages/airflow/example_dags/example_short_circuit_operator.py
[2025-07-08T09:34:12.982+0000] {processor.py:840} INFO - DAG(s) 'example_short_circuit_operator' retrieved from /home/airflow/.local/lib/python3.8/site-packages/airflow/example_dags/example_short_circuit_operator.py
[2025-07-08T09:34:13.061+0000] {logging_mixin.py:188} INFO - [2025-07-08T09:34:13.060+0000] {dag.py:3036} INFO - Sync 1 DAGs
[2025-07-08T09:34:13.143+0000] {logging_mixin.py:188} INFO - [2025-07-08T09:34:13.143+0000] {dag.py:3823} INFO - Setting next_dagrun for example_short_circuit_operator to 2025-07-07 00:00:00+00:00, run_after=2025-07-08 00:00:00+00:00
[2025-07-08T09:34:13.207+0000] {processor.py:183} INFO - Processing /home/airflow/.local/lib/python3.8/site-packages/airflow/example_dags/example_short_circuit_operator.py took 0.254 seconds
[2025-07-08T09:34:43.519+0000] {processor.py:161} INFO - Started process (PID=3816) to work on /home/airflow/.local/lib/python3.8/site-packages/airflow/example_dags/example_short_circuit_operator.py
[2025-07-08T09:34:43.524+0000] {processor.py:830} INFO - Processing file /home/airflow/.local/lib/python3.8/site-packages/airflow/example_dags/example_short_circuit_operator.py for tasks to queue
[2025-07-08T09:34:43.529+0000] {logging_mixin.py:188} INFO - [2025-07-08T09:34:43.527+0000] {dagbag.py:538} INFO - Filling up the DagBag from /home/airflow/.local/lib/python3.8/site-packages/airflow/example_dags/example_short_circuit_operator.py
[2025-07-08T09:34:43.549+0000] {processor.py:840} INFO - DAG(s) 'example_short_circuit_operator' retrieved from /home/airflow/.local/lib/python3.8/site-packages/airflow/example_dags/example_short_circuit_operator.py
[2025-07-08T09:34:43.654+0000] {logging_mixin.py:188} INFO - [2025-07-08T09:34:43.653+0000] {dag.py:3036} INFO - Sync 1 DAGs
[2025-07-08T09:34:43.866+0000] {logging_mixin.py:188} INFO - [2025-07-08T09:34:43.866+0000] {dag.py:3823} INFO - Setting next_dagrun for example_short_circuit_operator to 2025-07-07 00:00:00+00:00, run_after=2025-07-08 00:00:00+00:00
[2025-07-08T09:34:43.934+0000] {processor.py:183} INFO - Processing /home/airflow/.local/lib/python3.8/site-packages/airflow/example_dags/example_short_circuit_operator.py took 0.429 seconds
[2025-07-08T09:35:14.247+0000] {processor.py:161} INFO - Started process (PID=3876) to work on /home/airflow/.local/lib/python3.8/site-packages/airflow/example_dags/example_short_circuit_operator.py
[2025-07-08T09:35:14.249+0000] {processor.py:830} INFO - Processing file /home/airflow/.local/lib/python3.8/site-packages/airflow/example_dags/example_short_circuit_operator.py for tasks to queue
[2025-07-08T09:35:14.252+0000] {logging_mixin.py:188} INFO - [2025-07-08T09:35:14.251+0000] {dagbag.py:538} INFO - Filling up the DagBag from /home/airflow/.local/lib/python3.8/site-packages/airflow/example_dags/example_short_circuit_operator.py
[2025-07-08T09:35:14.268+0000] {processor.py:840} INFO - DAG(s) 'example_short_circuit_operator' retrieved from /home/airflow/.local/lib/python3.8/site-packages/airflow/example_dags/example_short_circuit_operator.py
[2025-07-08T09:35:14.321+0000] {logging_mixin.py:188} INFO - [2025-07-08T09:35:14.320+0000] {dag.py:3036} INFO - Sync 1 DAGs
[2025-07-08T09:35:14.367+0000] {logging_mixin.py:188} INFO - [2025-07-08T09:35:14.367+0000] {dag.py:3823} INFO - Setting next_dagrun for example_short_circuit_operator to 2025-07-07 00:00:00+00:00, run_after=2025-07-08 00:00:00+00:00
[2025-07-08T09:35:14.400+0000] {processor.py:183} INFO - Processing /home/airflow/.local/lib/python3.8/site-packages/airflow/example_dags/example_short_circuit_operator.py took 0.159 seconds
[2025-07-08T09:35:45.193+0000] {processor.py:161} INFO - Started process (PID=3941) to work on /home/airflow/.local/lib/python3.8/site-packages/airflow/example_dags/example_short_circuit_operator.py
[2025-07-08T09:35:45.197+0000] {processor.py:830} INFO - Processing file /home/airflow/.local/lib/python3.8/site-packages/airflow/example_dags/example_short_circuit_operator.py for tasks to queue
[2025-07-08T09:35:45.200+0000] {logging_mixin.py:188} INFO - [2025-07-08T09:35:45.199+0000] {dagbag.py:538} INFO - Filling up the DagBag from /home/airflow/.local/lib/python3.8/site-packages/airflow/example_dags/example_short_circuit_operator.py
[2025-07-08T09:35:45.234+0000] {processor.py:840} INFO - DAG(s) 'example_short_circuit_operator' retrieved from /home/airflow/.local/lib/python3.8/site-packages/airflow/example_dags/example_short_circuit_operator.py
[2025-07-08T09:35:45.324+0000] {logging_mixin.py:188} INFO - [2025-07-08T09:35:45.324+0000] {dag.py:3036} INFO - Sync 1 DAGs
[2025-07-08T09:35:45.399+0000] {logging_mixin.py:188} INFO - [2025-07-08T09:35:45.398+0000] {dag.py:3823} INFO - Setting next_dagrun for example_short_circuit_operator to 2025-07-07 00:00:00+00:00, run_after=2025-07-08 00:00:00+00:00
[2025-07-08T09:35:45.472+0000] {processor.py:183} INFO - Processing /home/airflow/.local/lib/python3.8/site-packages/airflow/example_dags/example_short_circuit_operator.py took 0.306 seconds
[2025-07-08T09:36:16.421+0000] {processor.py:161} INFO - Started process (PID=4005) to work on /home/airflow/.local/lib/python3.8/site-packages/airflow/example_dags/example_short_circuit_operator.py
[2025-07-08T09:36:16.428+0000] {processor.py:830} INFO - Processing file /home/airflow/.local/lib/python3.8/site-packages/airflow/example_dags/example_short_circuit_operator.py for tasks to queue
[2025-07-08T09:36:16.434+0000] {logging_mixin.py:188} INFO - [2025-07-08T09:36:16.433+0000] {dagbag.py:538} INFO - Filling up the DagBag from /home/airflow/.local/lib/python3.8/site-packages/airflow/example_dags/example_short_circuit_operator.py
[2025-07-08T09:36:16.478+0000] {processor.py:840} INFO - DAG(s) 'example_short_circuit_operator' retrieved from /home/airflow/.local/lib/python3.8/site-packages/airflow/example_dags/example_short_circuit_operator.py
[2025-07-08T09:36:16.557+0000] {logging_mixin.py:188} INFO - [2025-07-08T09:36:16.556+0000] {dag.py:3036} INFO - Sync 1 DAGs
[2025-07-08T09:36:16.611+0000] {logging_mixin.py:188} INFO - [2025-07-08T09:36:16.610+0000] {dag.py:3823} INFO - Setting next_dagrun for example_short_circuit_operator to 2025-07-07 00:00:00+00:00, run_after=2025-07-08 00:00:00+00:00
[2025-07-08T09:36:16.674+0000] {processor.py:183} INFO - Processing /home/airflow/.local/lib/python3.8/site-packages/airflow/example_dags/example_short_circuit_operator.py took 0.268 seconds
[2025-07-08T09:36:47.358+0000] {processor.py:161} INFO - Started process (PID=4074) to work on /home/airflow/.local/lib/python3.8/site-packages/airflow/example_dags/example_short_circuit_operator.py
[2025-07-08T09:36:47.360+0000] {processor.py:830} INFO - Processing file /home/airflow/.local/lib/python3.8/site-packages/airflow/example_dags/example_short_circuit_operator.py for tasks to queue
[2025-07-08T09:36:47.370+0000] {logging_mixin.py:188} INFO - [2025-07-08T09:36:47.369+0000] {dagbag.py:538} INFO - Filling up the DagBag from /home/airflow/.local/lib/python3.8/site-packages/airflow/example_dags/example_short_circuit_operator.py
[2025-07-08T09:36:47.421+0000] {processor.py:840} INFO - DAG(s) 'example_short_circuit_operator' retrieved from /home/airflow/.local/lib/python3.8/site-packages/airflow/example_dags/example_short_circuit_operator.py
[2025-07-08T09:36:47.502+0000] {logging_mixin.py:188} INFO - [2025-07-08T09:36:47.501+0000] {dag.py:3036} INFO - Sync 1 DAGs
[2025-07-08T09:36:47.603+0000] {logging_mixin.py:188} INFO - [2025-07-08T09:36:47.603+0000] {dag.py:3823} INFO - Setting next_dagrun for example_short_circuit_operator to 2025-07-07 00:00:00+00:00, run_after=2025-07-08 00:00:00+00:00
[2025-07-08T09:36:47.661+0000] {processor.py:183} INFO - Processing /home/airflow/.local/lib/python3.8/site-packages/airflow/example_dags/example_short_circuit_operator.py took 0.328 seconds
[2025-07-08T09:37:18.482+0000] {processor.py:161} INFO - Started process (PID=4140) to work on /home/airflow/.local/lib/python3.8/site-packages/airflow/example_dags/example_short_circuit_operator.py
[2025-07-08T09:37:18.486+0000] {processor.py:830} INFO - Processing file /home/airflow/.local/lib/python3.8/site-packages/airflow/example_dags/example_short_circuit_operator.py for tasks to queue
[2025-07-08T09:37:18.489+0000] {logging_mixin.py:188} INFO - [2025-07-08T09:37:18.489+0000] {dagbag.py:538} INFO - Filling up the DagBag from /home/airflow/.local/lib/python3.8/site-packages/airflow/example_dags/example_short_circuit_operator.py
[2025-07-08T09:37:18.505+0000] {processor.py:840} INFO - DAG(s) 'example_short_circuit_operator' retrieved from /home/airflow/.local/lib/python3.8/site-packages/airflow/example_dags/example_short_circuit_operator.py
[2025-07-08T09:37:18.561+0000] {logging_mixin.py:188} INFO - [2025-07-08T09:37:18.561+0000] {dag.py:3036} INFO - Sync 1 DAGs
[2025-07-08T09:37:18.620+0000] {logging_mixin.py:188} INFO - [2025-07-08T09:37:18.620+0000] {dag.py:3823} INFO - Setting next_dagrun for example_short_circuit_operator to 2025-07-07 00:00:00+00:00, run_after=2025-07-08 00:00:00+00:00
[2025-07-08T09:37:18.671+0000] {processor.py:183} INFO - Processing /home/airflow/.local/lib/python3.8/site-packages/airflow/example_dags/example_short_circuit_operator.py took 0.230 seconds
[2025-07-08T09:37:48.889+0000] {processor.py:161} INFO - Started process (PID=4201) to work on /home/airflow/.local/lib/python3.8/site-packages/airflow/example_dags/example_short_circuit_operator.py
[2025-07-08T09:37:48.891+0000] {processor.py:830} INFO - Processing file /home/airflow/.local/lib/python3.8/site-packages/airflow/example_dags/example_short_circuit_operator.py for tasks to queue
[2025-07-08T09:37:48.894+0000] {logging_mixin.py:188} INFO - [2025-07-08T09:37:48.893+0000] {dagbag.py:538} INFO - Filling up the DagBag from /home/airflow/.local/lib/python3.8/site-packages/airflow/example_dags/example_short_circuit_operator.py
[2025-07-08T09:37:48.909+0000] {processor.py:840} INFO - DAG(s) 'example_short_circuit_operator' retrieved from /home/airflow/.local/lib/python3.8/site-packages/airflow/example_dags/example_short_circuit_operator.py
[2025-07-08T09:37:48.956+0000] {logging_mixin.py:188} INFO - [2025-07-08T09:37:48.956+0000] {dag.py:3036} INFO - Sync 1 DAGs
[2025-07-08T09:37:48.997+0000] {logging_mixin.py:188} INFO - [2025-07-08T09:37:48.997+0000] {dag.py:3823} INFO - Setting next_dagrun for example_short_circuit_operator to 2025-07-07 00:00:00+00:00, run_after=2025-07-08 00:00:00+00:00
[2025-07-08T09:37:49.028+0000] {processor.py:183} INFO - Processing /home/airflow/.local/lib/python3.8/site-packages/airflow/example_dags/example_short_circuit_operator.py took 0.154 seconds
[2025-07-08T09:38:19.616+0000] {processor.py:161} INFO - Started process (PID=4267) to work on /home/airflow/.local/lib/python3.8/site-packages/airflow/example_dags/example_short_circuit_operator.py
[2025-07-08T09:38:19.618+0000] {processor.py:830} INFO - Processing file /home/airflow/.local/lib/python3.8/site-packages/airflow/example_dags/example_short_circuit_operator.py for tasks to queue
[2025-07-08T09:38:19.621+0000] {logging_mixin.py:188} INFO - [2025-07-08T09:38:19.620+0000] {dagbag.py:538} INFO - Filling up the DagBag from /home/airflow/.local/lib/python3.8/site-packages/airflow/example_dags/example_short_circuit_operator.py
[2025-07-08T09:38:19.634+0000] {processor.py:840} INFO - DAG(s) 'example_short_circuit_operator' retrieved from /home/airflow/.local/lib/python3.8/site-packages/airflow/example_dags/example_short_circuit_operator.py
[2025-07-08T09:38:19.675+0000] {logging_mixin.py:188} INFO - [2025-07-08T09:38:19.674+0000] {dag.py:3036} INFO - Sync 1 DAGs
[2025-07-08T09:38:19.719+0000] {logging_mixin.py:188} INFO - [2025-07-08T09:38:19.719+0000] {dag.py:3823} INFO - Setting next_dagrun for example_short_circuit_operator to 2025-07-07 00:00:00+00:00, run_after=2025-07-08 00:00:00+00:00
[2025-07-08T09:38:19.760+0000] {processor.py:183} INFO - Processing /home/airflow/.local/lib/python3.8/site-packages/airflow/example_dags/example_short_circuit_operator.py took 0.150 seconds
[2025-07-08T09:38:49.987+0000] {processor.py:161} INFO - Started process (PID=4334) to work on /home/airflow/.local/lib/python3.8/site-packages/airflow/example_dags/example_short_circuit_operator.py
[2025-07-08T09:38:50.006+0000] {processor.py:830} INFO - Processing file /home/airflow/.local/lib/python3.8/site-packages/airflow/example_dags/example_short_circuit_operator.py for tasks to queue
[2025-07-08T09:38:50.010+0000] {logging_mixin.py:188} INFO - [2025-07-08T09:38:50.009+0000] {dagbag.py:538} INFO - Filling up the DagBag from /home/airflow/.local/lib/python3.8/site-packages/airflow/example_dags/example_short_circuit_operator.py
[2025-07-08T09:38:50.051+0000] {processor.py:840} INFO - DAG(s) 'example_short_circuit_operator' retrieved from /home/airflow/.local/lib/python3.8/site-packages/airflow/example_dags/example_short_circuit_operator.py
[2025-07-08T09:38:50.105+0000] {logging_mixin.py:188} INFO - [2025-07-08T09:38:50.104+0000] {dag.py:3036} INFO - Sync 1 DAGs
[2025-07-08T09:38:50.146+0000] {logging_mixin.py:188} INFO - [2025-07-08T09:38:50.146+0000] {dag.py:3823} INFO - Setting next_dagrun for example_short_circuit_operator to 2025-07-07 00:00:00+00:00, run_after=2025-07-08 00:00:00+00:00
[2025-07-08T09:38:50.182+0000] {processor.py:183} INFO - Processing /home/airflow/.local/lib/python3.8/site-packages/airflow/example_dags/example_short_circuit_operator.py took 0.201 seconds
[2025-07-08T09:39:20.990+0000] {processor.py:161} INFO - Started process (PID=4401) to work on /home/airflow/.local/lib/python3.8/site-packages/airflow/example_dags/example_short_circuit_operator.py
[2025-07-08T09:39:20.993+0000] {processor.py:830} INFO - Processing file /home/airflow/.local/lib/python3.8/site-packages/airflow/example_dags/example_short_circuit_operator.py for tasks to queue
[2025-07-08T09:39:20.996+0000] {logging_mixin.py:188} INFO - [2025-07-08T09:39:20.995+0000] {dagbag.py:538} INFO - Filling up the DagBag from /home/airflow/.local/lib/python3.8/site-packages/airflow/example_dags/example_short_circuit_operator.py
[2025-07-08T09:39:21.013+0000] {processor.py:840} INFO - DAG(s) 'example_short_circuit_operator' retrieved from /home/airflow/.local/lib/python3.8/site-packages/airflow/example_dags/example_short_circuit_operator.py
[2025-07-08T09:39:21.059+0000] {logging_mixin.py:188} INFO - [2025-07-08T09:39:21.058+0000] {dag.py:3036} INFO - Sync 1 DAGs
[2025-07-08T09:39:21.104+0000] {logging_mixin.py:188} INFO - [2025-07-08T09:39:21.103+0000] {dag.py:3823} INFO - Setting next_dagrun for example_short_circuit_operator to 2025-07-07 00:00:00+00:00, run_after=2025-07-08 00:00:00+00:00
[2025-07-08T09:39:21.136+0000] {processor.py:183} INFO - Processing /home/airflow/.local/lib/python3.8/site-packages/airflow/example_dags/example_short_circuit_operator.py took 0.154 seconds
[2025-07-08T09:39:51.860+0000] {processor.py:161} INFO - Started process (PID=4467) to work on /home/airflow/.local/lib/python3.8/site-packages/airflow/example_dags/example_short_circuit_operator.py
[2025-07-08T09:39:51.861+0000] {processor.py:830} INFO - Processing file /home/airflow/.local/lib/python3.8/site-packages/airflow/example_dags/example_short_circuit_operator.py for tasks to queue
[2025-07-08T09:39:51.866+0000] {logging_mixin.py:188} INFO - [2025-07-08T09:39:51.864+0000] {dagbag.py:538} INFO - Filling up the DagBag from /home/airflow/.local/lib/python3.8/site-packages/airflow/example_dags/example_short_circuit_operator.py
[2025-07-08T09:39:51.887+0000] {processor.py:840} INFO - DAG(s) 'example_short_circuit_operator' retrieved from /home/airflow/.local/lib/python3.8/site-packages/airflow/example_dags/example_short_circuit_operator.py
[2025-07-08T09:39:51.940+0000] {logging_mixin.py:188} INFO - [2025-07-08T09:39:51.940+0000] {dag.py:3036} INFO - Sync 1 DAGs
[2025-07-08T09:39:51.991+0000] {logging_mixin.py:188} INFO - [2025-07-08T09:39:51.990+0000] {dag.py:3823} INFO - Setting next_dagrun for example_short_circuit_operator to 2025-07-07 00:00:00+00:00, run_after=2025-07-08 00:00:00+00:00
[2025-07-08T09:39:52.025+0000] {processor.py:183} INFO - Processing /home/airflow/.local/lib/python3.8/site-packages/airflow/example_dags/example_short_circuit_operator.py took 0.172 seconds
[2025-07-08T09:40:22.806+0000] {processor.py:161} INFO - Started process (PID=4534) to work on /home/airflow/.local/lib/python3.8/site-packages/airflow/example_dags/example_short_circuit_operator.py
[2025-07-08T09:40:22.807+0000] {processor.py:830} INFO - Processing file /home/airflow/.local/lib/python3.8/site-packages/airflow/example_dags/example_short_circuit_operator.py for tasks to queue
[2025-07-08T09:40:22.810+0000] {logging_mixin.py:188} INFO - [2025-07-08T09:40:22.809+0000] {dagbag.py:538} INFO - Filling up the DagBag from /home/airflow/.local/lib/python3.8/site-packages/airflow/example_dags/example_short_circuit_operator.py
[2025-07-08T09:40:22.822+0000] {processor.py:840} INFO - DAG(s) 'example_short_circuit_operator' retrieved from /home/airflow/.local/lib/python3.8/site-packages/airflow/example_dags/example_short_circuit_operator.py
[2025-07-08T09:40:22.862+0000] {logging_mixin.py:188} INFO - [2025-07-08T09:40:22.861+0000] {dag.py:3036} INFO - Sync 1 DAGs
[2025-07-08T09:40:22.902+0000] {logging_mixin.py:188} INFO - [2025-07-08T09:40:22.901+0000] {dag.py:3823} INFO - Setting next_dagrun for example_short_circuit_operator to 2025-07-07 00:00:00+00:00, run_after=2025-07-08 00:00:00+00:00
[2025-07-08T09:40:22.948+0000] {processor.py:183} INFO - Processing /home/airflow/.local/lib/python3.8/site-packages/airflow/example_dags/example_short_circuit_operator.py took 0.147 seconds
[2025-07-08T09:40:53.670+0000] {processor.py:161} INFO - Started process (PID=4601) to work on /home/airflow/.local/lib/python3.8/site-packages/airflow/example_dags/example_short_circuit_operator.py
[2025-07-08T09:40:53.672+0000] {processor.py:830} INFO - Processing file /home/airflow/.local/lib/python3.8/site-packages/airflow/example_dags/example_short_circuit_operator.py for tasks to queue
[2025-07-08T09:40:53.684+0000] {logging_mixin.py:188} INFO - [2025-07-08T09:40:53.684+0000] {dagbag.py:538} INFO - Filling up the DagBag from /home/airflow/.local/lib/python3.8/site-packages/airflow/example_dags/example_short_circuit_operator.py
[2025-07-08T09:40:53.709+0000] {processor.py:840} INFO - DAG(s) 'example_short_circuit_operator' retrieved from /home/airflow/.local/lib/python3.8/site-packages/airflow/example_dags/example_short_circuit_operator.py
[2025-07-08T09:40:53.837+0000] {logging_mixin.py:188} INFO - [2025-07-08T09:40:53.836+0000] {dag.py:3036} INFO - Sync 1 DAGs
[2025-07-08T09:40:53.933+0000] {logging_mixin.py:188} INFO - [2025-07-08T09:40:53.932+0000] {dag.py:3823} INFO - Setting next_dagrun for example_short_circuit_operator to 2025-07-07 00:00:00+00:00, run_after=2025-07-08 00:00:00+00:00
[2025-07-08T09:40:53.969+0000] {processor.py:183} INFO - Processing /home/airflow/.local/lib/python3.8/site-packages/airflow/example_dags/example_short_circuit_operator.py took 0.324 seconds
[2025-07-08T09:41:24.844+0000] {processor.py:161} INFO - Started process (PID=4667) to work on /home/airflow/.local/lib/python3.8/site-packages/airflow/example_dags/example_short_circuit_operator.py
[2025-07-08T09:41:24.846+0000] {processor.py:830} INFO - Processing file /home/airflow/.local/lib/python3.8/site-packages/airflow/example_dags/example_short_circuit_operator.py for tasks to queue
[2025-07-08T09:41:24.849+0000] {logging_mixin.py:188} INFO - [2025-07-08T09:41:24.848+0000] {dagbag.py:538} INFO - Filling up the DagBag from /home/airflow/.local/lib/python3.8/site-packages/airflow/example_dags/example_short_circuit_operator.py
[2025-07-08T09:41:24.903+0000] {processor.py:840} INFO - DAG(s) 'example_short_circuit_operator' retrieved from /home/airflow/.local/lib/python3.8/site-packages/airflow/example_dags/example_short_circuit_operator.py
[2025-07-08T09:41:24.993+0000] {logging_mixin.py:188} INFO - [2025-07-08T09:41:24.993+0000] {dag.py:3036} INFO - Sync 1 DAGs
[2025-07-08T09:41:25.078+0000] {logging_mixin.py:188} INFO - [2025-07-08T09:41:25.078+0000] {dag.py:3823} INFO - Setting next_dagrun for example_short_circuit_operator to 2025-07-07 00:00:00+00:00, run_after=2025-07-08 00:00:00+00:00
[2025-07-08T09:41:25.142+0000] {processor.py:183} INFO - Processing /home/airflow/.local/lib/python3.8/site-packages/airflow/example_dags/example_short_circuit_operator.py took 0.312 seconds
[2025-07-08T09:41:55.964+0000] {processor.py:161} INFO - Started process (PID=4732) to work on /home/airflow/.local/lib/python3.8/site-packages/airflow/example_dags/example_short_circuit_operator.py
[2025-07-08T09:41:55.967+0000] {processor.py:830} INFO - Processing file /home/airflow/.local/lib/python3.8/site-packages/airflow/example_dags/example_short_circuit_operator.py for tasks to queue
[2025-07-08T09:41:55.970+0000] {logging_mixin.py:188} INFO - [2025-07-08T09:41:55.970+0000] {dagbag.py:538} INFO - Filling up the DagBag from /home/airflow/.local/lib/python3.8/site-packages/airflow/example_dags/example_short_circuit_operator.py
[2025-07-08T09:41:56.036+0000] {processor.py:840} INFO - DAG(s) 'example_short_circuit_operator' retrieved from /home/airflow/.local/lib/python3.8/site-packages/airflow/example_dags/example_short_circuit_operator.py
[2025-07-08T09:41:56.189+0000] {logging_mixin.py:188} INFO - [2025-07-08T09:41:56.189+0000] {dag.py:3036} INFO - Sync 1 DAGs
[2025-07-08T09:41:56.306+0000] {logging_mixin.py:188} INFO - [2025-07-08T09:41:56.306+0000] {dag.py:3823} INFO - Setting next_dagrun for example_short_circuit_operator to 2025-07-07 00:00:00+00:00, run_after=2025-07-08 00:00:00+00:00
[2025-07-08T09:41:56.418+0000] {processor.py:183} INFO - Processing /home/airflow/.local/lib/python3.8/site-packages/airflow/example_dags/example_short_circuit_operator.py took 0.478 seconds
[2025-07-08T09:42:26.659+0000] {processor.py:161} INFO - Started process (PID=4791) to work on /home/airflow/.local/lib/python3.8/site-packages/airflow/example_dags/example_short_circuit_operator.py
[2025-07-08T09:42:26.661+0000] {processor.py:830} INFO - Processing file /home/airflow/.local/lib/python3.8/site-packages/airflow/example_dags/example_short_circuit_operator.py for tasks to queue
[2025-07-08T09:42:26.664+0000] {logging_mixin.py:188} INFO - [2025-07-08T09:42:26.663+0000] {dagbag.py:538} INFO - Filling up the DagBag from /home/airflow/.local/lib/python3.8/site-packages/airflow/example_dags/example_short_circuit_operator.py
[2025-07-08T09:42:26.714+0000] {processor.py:840} INFO - DAG(s) 'example_short_circuit_operator' retrieved from /home/airflow/.local/lib/python3.8/site-packages/airflow/example_dags/example_short_circuit_operator.py
[2025-07-08T09:42:26.819+0000] {logging_mixin.py:188} INFO - [2025-07-08T09:42:26.819+0000] {dag.py:3036} INFO - Sync 1 DAGs
[2025-07-08T09:42:26.867+0000] {logging_mixin.py:188} INFO - [2025-07-08T09:42:26.866+0000] {dag.py:3823} INFO - Setting next_dagrun for example_short_circuit_operator to 2025-07-07 00:00:00+00:00, run_after=2025-07-08 00:00:00+00:00
[2025-07-08T09:42:26.899+0000] {processor.py:183} INFO - Processing /home/airflow/.local/lib/python3.8/site-packages/airflow/example_dags/example_short_circuit_operator.py took 0.263 seconds
[2025-07-08T09:42:57.150+0000] {processor.py:161} INFO - Started process (PID=4857) to work on /home/airflow/.local/lib/python3.8/site-packages/airflow/example_dags/example_short_circuit_operator.py
[2025-07-08T09:42:57.151+0000] {processor.py:830} INFO - Processing file /home/airflow/.local/lib/python3.8/site-packages/airflow/example_dags/example_short_circuit_operator.py for tasks to queue
[2025-07-08T09:42:57.154+0000] {logging_mixin.py:188} INFO - [2025-07-08T09:42:57.154+0000] {dagbag.py:538} INFO - Filling up the DagBag from /home/airflow/.local/lib/python3.8/site-packages/airflow/example_dags/example_short_circuit_operator.py
[2025-07-08T09:42:57.170+0000] {processor.py:840} INFO - DAG(s) 'example_short_circuit_operator' retrieved from /home/airflow/.local/lib/python3.8/site-packages/airflow/example_dags/example_short_circuit_operator.py
[2025-07-08T09:42:57.229+0000] {logging_mixin.py:188} INFO - [2025-07-08T09:42:57.229+0000] {dag.py:3036} INFO - Sync 1 DAGs
[2025-07-08T09:42:57.274+0000] {logging_mixin.py:188} INFO - [2025-07-08T09:42:57.274+0000] {dag.py:3823} INFO - Setting next_dagrun for example_short_circuit_operator to 2025-07-07 00:00:00+00:00, run_after=2025-07-08 00:00:00+00:00
[2025-07-08T09:42:57.345+0000] {processor.py:183} INFO - Processing /home/airflow/.local/lib/python3.8/site-packages/airflow/example_dags/example_short_circuit_operator.py took 0.201 seconds
[2025-07-08T09:43:28.239+0000] {processor.py:161} INFO - Started process (PID=4922) to work on /home/airflow/.local/lib/python3.8/site-packages/airflow/example_dags/example_short_circuit_operator.py
[2025-07-08T09:43:28.241+0000] {processor.py:830} INFO - Processing file /home/airflow/.local/lib/python3.8/site-packages/airflow/example_dags/example_short_circuit_operator.py for tasks to queue
[2025-07-08T09:43:28.244+0000] {logging_mixin.py:188} INFO - [2025-07-08T09:43:28.244+0000] {dagbag.py:538} INFO - Filling up the DagBag from /home/airflow/.local/lib/python3.8/site-packages/airflow/example_dags/example_short_circuit_operator.py
[2025-07-08T09:43:28.261+0000] {processor.py:840} INFO - DAG(s) 'example_short_circuit_operator' retrieved from /home/airflow/.local/lib/python3.8/site-packages/airflow/example_dags/example_short_circuit_operator.py
[2025-07-08T09:43:28.345+0000] {logging_mixin.py:188} INFO - [2025-07-08T09:43:28.345+0000] {dag.py:3036} INFO - Sync 1 DAGs
[2025-07-08T09:43:28.427+0000] {logging_mixin.py:188} INFO - [2025-07-08T09:43:28.427+0000] {dag.py:3823} INFO - Setting next_dagrun for example_short_circuit_operator to 2025-07-07 00:00:00+00:00, run_after=2025-07-08 00:00:00+00:00
[2025-07-08T09:43:28.516+0000] {processor.py:183} INFO - Processing /home/airflow/.local/lib/python3.8/site-packages/airflow/example_dags/example_short_circuit_operator.py took 0.283 seconds
[2025-07-08T09:43:59.017+0000] {processor.py:161} INFO - Started process (PID=4988) to work on /home/airflow/.local/lib/python3.8/site-packages/airflow/example_dags/example_short_circuit_operator.py
[2025-07-08T09:43:59.018+0000] {processor.py:830} INFO - Processing file /home/airflow/.local/lib/python3.8/site-packages/airflow/example_dags/example_short_circuit_operator.py for tasks to queue
[2025-07-08T09:43:59.022+0000] {logging_mixin.py:188} INFO - [2025-07-08T09:43:59.021+0000] {dagbag.py:538} INFO - Filling up the DagBag from /home/airflow/.local/lib/python3.8/site-packages/airflow/example_dags/example_short_circuit_operator.py
[2025-07-08T09:43:59.097+0000] {processor.py:840} INFO - DAG(s) 'example_short_circuit_operator' retrieved from /home/airflow/.local/lib/python3.8/site-packages/airflow/example_dags/example_short_circuit_operator.py
[2025-07-08T09:43:59.275+0000] {logging_mixin.py:188} INFO - [2025-07-08T09:43:59.275+0000] {dag.py:3036} INFO - Sync 1 DAGs
[2025-07-08T09:43:59.422+0000] {logging_mixin.py:188} INFO - [2025-07-08T09:43:59.422+0000] {dag.py:3823} INFO - Setting next_dagrun for example_short_circuit_operator to 2025-07-07 00:00:00+00:00, run_after=2025-07-08 00:00:00+00:00
[2025-07-08T09:43:59.512+0000] {processor.py:183} INFO - Processing /home/airflow/.local/lib/python3.8/site-packages/airflow/example_dags/example_short_circuit_operator.py took 0.538 seconds
[2025-07-08T09:44:29.782+0000] {processor.py:161} INFO - Started process (PID=5053) to work on /home/airflow/.local/lib/python3.8/site-packages/airflow/example_dags/example_short_circuit_operator.py
[2025-07-08T09:44:29.791+0000] {processor.py:830} INFO - Processing file /home/airflow/.local/lib/python3.8/site-packages/airflow/example_dags/example_short_circuit_operator.py for tasks to queue
[2025-07-08T09:44:29.797+0000] {logging_mixin.py:188} INFO - [2025-07-08T09:44:29.796+0000] {dagbag.py:538} INFO - Filling up the DagBag from /home/airflow/.local/lib/python3.8/site-packages/airflow/example_dags/example_short_circuit_operator.py
[2025-07-08T09:44:29.845+0000] {processor.py:840} INFO - DAG(s) 'example_short_circuit_operator' retrieved from /home/airflow/.local/lib/python3.8/site-packages/airflow/example_dags/example_short_circuit_operator.py
[2025-07-08T09:44:29.973+0000] {logging_mixin.py:188} INFO - [2025-07-08T09:44:29.973+0000] {dag.py:3036} INFO - Sync 1 DAGs
[2025-07-08T09:44:30.138+0000] {logging_mixin.py:188} INFO - [2025-07-08T09:44:30.138+0000] {dag.py:3823} INFO - Setting next_dagrun for example_short_circuit_operator to 2025-07-07 00:00:00+00:00, run_after=2025-07-08 00:00:00+00:00
[2025-07-08T09:44:30.247+0000] {processor.py:183} INFO - Processing /home/airflow/.local/lib/python3.8/site-packages/airflow/example_dags/example_short_circuit_operator.py took 0.487 seconds
[2025-07-08T09:45:00.874+0000] {processor.py:161} INFO - Started process (PID=5112) to work on /home/airflow/.local/lib/python3.8/site-packages/airflow/example_dags/example_short_circuit_operator.py
[2025-07-08T09:45:00.875+0000] {processor.py:830} INFO - Processing file /home/airflow/.local/lib/python3.8/site-packages/airflow/example_dags/example_short_circuit_operator.py for tasks to queue
[2025-07-08T09:45:00.886+0000] {logging_mixin.py:188} INFO - [2025-07-08T09:45:00.885+0000] {dagbag.py:538} INFO - Filling up the DagBag from /home/airflow/.local/lib/python3.8/site-packages/airflow/example_dags/example_short_circuit_operator.py
[2025-07-08T09:45:00.902+0000] {processor.py:840} INFO - DAG(s) 'example_short_circuit_operator' retrieved from /home/airflow/.local/lib/python3.8/site-packages/airflow/example_dags/example_short_circuit_operator.py
[2025-07-08T09:45:01.023+0000] {logging_mixin.py:188} INFO - [2025-07-08T09:45:01.022+0000] {dag.py:3036} INFO - Sync 1 DAGs
[2025-07-08T09:45:01.083+0000] {logging_mixin.py:188} INFO - [2025-07-08T09:45:01.083+0000] {dag.py:3823} INFO - Setting next_dagrun for example_short_circuit_operator to 2025-07-07 00:00:00+00:00, run_after=2025-07-08 00:00:00+00:00
[2025-07-08T09:45:01.166+0000] {processor.py:183} INFO - Processing /home/airflow/.local/lib/python3.8/site-packages/airflow/example_dags/example_short_circuit_operator.py took 0.298 seconds
[2025-07-08T09:45:31.356+0000] {processor.py:161} INFO - Started process (PID=5177) to work on /home/airflow/.local/lib/python3.8/site-packages/airflow/example_dags/example_short_circuit_operator.py
[2025-07-08T09:45:31.358+0000] {processor.py:830} INFO - Processing file /home/airflow/.local/lib/python3.8/site-packages/airflow/example_dags/example_short_circuit_operator.py for tasks to queue
[2025-07-08T09:45:31.362+0000] {logging_mixin.py:188} INFO - [2025-07-08T09:45:31.361+0000] {dagbag.py:538} INFO - Filling up the DagBag from /home/airflow/.local/lib/python3.8/site-packages/airflow/example_dags/example_short_circuit_operator.py
[2025-07-08T09:45:31.378+0000] {processor.py:840} INFO - DAG(s) 'example_short_circuit_operator' retrieved from /home/airflow/.local/lib/python3.8/site-packages/airflow/example_dags/example_short_circuit_operator.py
[2025-07-08T09:45:31.429+0000] {logging_mixin.py:188} INFO - [2025-07-08T09:45:31.428+0000] {dag.py:3036} INFO - Sync 1 DAGs
[2025-07-08T09:45:31.476+0000] {logging_mixin.py:188} INFO - [2025-07-08T09:45:31.475+0000] {dag.py:3823} INFO - Setting next_dagrun for example_short_circuit_operator to 2025-07-07 00:00:00+00:00, run_after=2025-07-08 00:00:00+00:00
[2025-07-08T09:45:31.526+0000] {processor.py:183} INFO - Processing /home/airflow/.local/lib/python3.8/site-packages/airflow/example_dags/example_short_circuit_operator.py took 0.175 seconds
[2025-07-08T09:46:01.938+0000] {processor.py:161} INFO - Started process (PID=5243) to work on /home/airflow/.local/lib/python3.8/site-packages/airflow/example_dags/example_short_circuit_operator.py
[2025-07-08T09:46:01.940+0000] {processor.py:830} INFO - Processing file /home/airflow/.local/lib/python3.8/site-packages/airflow/example_dags/example_short_circuit_operator.py for tasks to queue
[2025-07-08T09:46:01.943+0000] {logging_mixin.py:188} INFO - [2025-07-08T09:46:01.942+0000] {dagbag.py:538} INFO - Filling up the DagBag from /home/airflow/.local/lib/python3.8/site-packages/airflow/example_dags/example_short_circuit_operator.py
[2025-07-08T09:46:01.958+0000] {processor.py:840} INFO - DAG(s) 'example_short_circuit_operator' retrieved from /home/airflow/.local/lib/python3.8/site-packages/airflow/example_dags/example_short_circuit_operator.py
[2025-07-08T09:46:02.006+0000] {logging_mixin.py:188} INFO - [2025-07-08T09:46:02.005+0000] {dag.py:3036} INFO - Sync 1 DAGs
[2025-07-08T09:46:02.053+0000] {logging_mixin.py:188} INFO - [2025-07-08T09:46:02.053+0000] {dag.py:3823} INFO - Setting next_dagrun for example_short_circuit_operator to 2025-07-07 00:00:00+00:00, run_after=2025-07-08 00:00:00+00:00
[2025-07-08T09:46:02.090+0000] {processor.py:183} INFO - Processing /home/airflow/.local/lib/python3.8/site-packages/airflow/example_dags/example_short_circuit_operator.py took 0.157 seconds
[2025-07-08T09:46:32.813+0000] {processor.py:161} INFO - Started process (PID=5310) to work on /home/airflow/.local/lib/python3.8/site-packages/airflow/example_dags/example_short_circuit_operator.py
[2025-07-08T09:46:32.823+0000] {processor.py:830} INFO - Processing file /home/airflow/.local/lib/python3.8/site-packages/airflow/example_dags/example_short_circuit_operator.py for tasks to queue
[2025-07-08T09:46:32.826+0000] {logging_mixin.py:188} INFO - [2025-07-08T09:46:32.825+0000] {dagbag.py:538} INFO - Filling up the DagBag from /home/airflow/.local/lib/python3.8/site-packages/airflow/example_dags/example_short_circuit_operator.py
[2025-07-08T09:46:32.856+0000] {processor.py:840} INFO - DAG(s) 'example_short_circuit_operator' retrieved from /home/airflow/.local/lib/python3.8/site-packages/airflow/example_dags/example_short_circuit_operator.py
[2025-07-08T09:46:32.970+0000] {logging_mixin.py:188} INFO - [2025-07-08T09:46:32.970+0000] {dag.py:3036} INFO - Sync 1 DAGs
[2025-07-08T09:46:33.014+0000] {logging_mixin.py:188} INFO - [2025-07-08T09:46:33.014+0000] {dag.py:3823} INFO - Setting next_dagrun for example_short_circuit_operator to 2025-07-07 00:00:00+00:00, run_after=2025-07-08 00:00:00+00:00
[2025-07-08T09:46:33.073+0000] {processor.py:183} INFO - Processing /home/airflow/.local/lib/python3.8/site-packages/airflow/example_dags/example_short_circuit_operator.py took 0.274 seconds
[2025-07-08T09:47:03.510+0000] {processor.py:161} INFO - Started process (PID=5374) to work on /home/airflow/.local/lib/python3.8/site-packages/airflow/example_dags/example_short_circuit_operator.py
[2025-07-08T09:47:03.511+0000] {processor.py:830} INFO - Processing file /home/airflow/.local/lib/python3.8/site-packages/airflow/example_dags/example_short_circuit_operator.py for tasks to queue
[2025-07-08T09:47:03.522+0000] {logging_mixin.py:188} INFO - [2025-07-08T09:47:03.522+0000] {dagbag.py:538} INFO - Filling up the DagBag from /home/airflow/.local/lib/python3.8/site-packages/airflow/example_dags/example_short_circuit_operator.py
[2025-07-08T09:47:03.570+0000] {processor.py:840} INFO - DAG(s) 'example_short_circuit_operator' retrieved from /home/airflow/.local/lib/python3.8/site-packages/airflow/example_dags/example_short_circuit_operator.py
[2025-07-08T09:47:03.681+0000] {logging_mixin.py:188} INFO - [2025-07-08T09:47:03.681+0000] {dag.py:3036} INFO - Sync 1 DAGs
[2025-07-08T09:47:03.794+0000] {logging_mixin.py:188} INFO - [2025-07-08T09:47:03.794+0000] {dag.py:3823} INFO - Setting next_dagrun for example_short_circuit_operator to 2025-07-07 00:00:00+00:00, run_after=2025-07-08 00:00:00+00:00
[2025-07-08T09:47:03.890+0000] {processor.py:183} INFO - Processing /home/airflow/.local/lib/python3.8/site-packages/airflow/example_dags/example_short_circuit_operator.py took 0.400 seconds
[2025-07-08T09:47:34.048+0000] {processor.py:161} INFO - Started process (PID=5439) to work on /home/airflow/.local/lib/python3.8/site-packages/airflow/example_dags/example_short_circuit_operator.py
[2025-07-08T09:47:34.050+0000] {processor.py:830} INFO - Processing file /home/airflow/.local/lib/python3.8/site-packages/airflow/example_dags/example_short_circuit_operator.py for tasks to queue
[2025-07-08T09:47:34.053+0000] {logging_mixin.py:188} INFO - [2025-07-08T09:47:34.053+0000] {dagbag.py:538} INFO - Filling up the DagBag from /home/airflow/.local/lib/python3.8/site-packages/airflow/example_dags/example_short_circuit_operator.py
[2025-07-08T09:47:34.069+0000] {processor.py:840} INFO - DAG(s) 'example_short_circuit_operator' retrieved from /home/airflow/.local/lib/python3.8/site-packages/airflow/example_dags/example_short_circuit_operator.py
[2025-07-08T09:47:34.115+0000] {logging_mixin.py:188} INFO - [2025-07-08T09:47:34.114+0000] {dag.py:3036} INFO - Sync 1 DAGs
[2025-07-08T09:47:34.159+0000] {logging_mixin.py:188} INFO - [2025-07-08T09:47:34.158+0000] {dag.py:3823} INFO - Setting next_dagrun for example_short_circuit_operator to 2025-07-07 00:00:00+00:00, run_after=2025-07-08 00:00:00+00:00
[2025-07-08T09:47:34.194+0000] {processor.py:183} INFO - Processing /home/airflow/.local/lib/python3.8/site-packages/airflow/example_dags/example_short_circuit_operator.py took 0.151 seconds
[2025-07-08T09:48:04.745+0000] {processor.py:161} INFO - Started process (PID=5505) to work on /home/airflow/.local/lib/python3.8/site-packages/airflow/example_dags/example_short_circuit_operator.py
[2025-07-08T09:48:04.746+0000] {processor.py:830} INFO - Processing file /home/airflow/.local/lib/python3.8/site-packages/airflow/example_dags/example_short_circuit_operator.py for tasks to queue
[2025-07-08T09:48:04.766+0000] {logging_mixin.py:188} INFO - [2025-07-08T09:48:04.765+0000] {dagbag.py:538} INFO - Filling up the DagBag from /home/airflow/.local/lib/python3.8/site-packages/airflow/example_dags/example_short_circuit_operator.py
[2025-07-08T09:48:04.843+0000] {processor.py:840} INFO - DAG(s) 'example_short_circuit_operator' retrieved from /home/airflow/.local/lib/python3.8/site-packages/airflow/example_dags/example_short_circuit_operator.py
[2025-07-08T09:48:04.993+0000] {logging_mixin.py:188} INFO - [2025-07-08T09:48:04.993+0000] {dag.py:3036} INFO - Sync 1 DAGs
[2025-07-08T09:48:05.126+0000] {logging_mixin.py:188} INFO - [2025-07-08T09:48:05.125+0000] {dag.py:3823} INFO - Setting next_dagrun for example_short_circuit_operator to 2025-07-07 00:00:00+00:00, run_after=2025-07-08 00:00:00+00:00
[2025-07-08T09:48:05.242+0000] {processor.py:183} INFO - Processing /home/airflow/.local/lib/python3.8/site-packages/airflow/example_dags/example_short_circuit_operator.py took 0.507 seconds
[2025-07-08T09:48:36.066+0000] {processor.py:161} INFO - Started process (PID=5571) to work on /home/airflow/.local/lib/python3.8/site-packages/airflow/example_dags/example_short_circuit_operator.py
[2025-07-08T09:48:36.076+0000] {processor.py:830} INFO - Processing file /home/airflow/.local/lib/python3.8/site-packages/airflow/example_dags/example_short_circuit_operator.py for tasks to queue
[2025-07-08T09:48:36.079+0000] {logging_mixin.py:188} INFO - [2025-07-08T09:48:36.079+0000] {dagbag.py:538} INFO - Filling up the DagBag from /home/airflow/.local/lib/python3.8/site-packages/airflow/example_dags/example_short_circuit_operator.py
[2025-07-08T09:48:36.110+0000] {processor.py:840} INFO - DAG(s) 'example_short_circuit_operator' retrieved from /home/airflow/.local/lib/python3.8/site-packages/airflow/example_dags/example_short_circuit_operator.py
[2025-07-08T09:48:36.211+0000] {logging_mixin.py:188} INFO - [2025-07-08T09:48:36.210+0000] {dag.py:3036} INFO - Sync 1 DAGs
[2025-07-08T09:48:36.346+0000] {logging_mixin.py:188} INFO - [2025-07-08T09:48:36.346+0000] {dag.py:3823} INFO - Setting next_dagrun for example_short_circuit_operator to 2025-07-07 00:00:00+00:00, run_after=2025-07-08 00:00:00+00:00
[2025-07-08T09:48:36.523+0000] {processor.py:183} INFO - Processing /home/airflow/.local/lib/python3.8/site-packages/airflow/example_dags/example_short_circuit_operator.py took 0.467 seconds
[2025-07-08T09:49:06.976+0000] {processor.py:161} INFO - Started process (PID=5628) to work on /home/airflow/.local/lib/python3.8/site-packages/airflow/example_dags/example_short_circuit_operator.py
[2025-07-08T09:49:06.977+0000] {processor.py:830} INFO - Processing file /home/airflow/.local/lib/python3.8/site-packages/airflow/example_dags/example_short_circuit_operator.py for tasks to queue
[2025-07-08T09:49:06.980+0000] {logging_mixin.py:188} INFO - [2025-07-08T09:49:06.979+0000] {dagbag.py:538} INFO - Filling up the DagBag from /home/airflow/.local/lib/python3.8/site-packages/airflow/example_dags/example_short_circuit_operator.py
[2025-07-08T09:49:06.994+0000] {processor.py:840} INFO - DAG(s) 'example_short_circuit_operator' retrieved from /home/airflow/.local/lib/python3.8/site-packages/airflow/example_dags/example_short_circuit_operator.py
[2025-07-08T09:49:07.035+0000] {logging_mixin.py:188} INFO - [2025-07-08T09:49:07.035+0000] {dag.py:3036} INFO - Sync 1 DAGs
[2025-07-08T09:49:07.075+0000] {logging_mixin.py:188} INFO - [2025-07-08T09:49:07.074+0000] {dag.py:3823} INFO - Setting next_dagrun for example_short_circuit_operator to 2025-07-07 00:00:00+00:00, run_after=2025-07-08 00:00:00+00:00
[2025-07-08T09:49:07.105+0000] {processor.py:183} INFO - Processing /home/airflow/.local/lib/python3.8/site-packages/airflow/example_dags/example_short_circuit_operator.py took 0.136 seconds
[2025-07-08T09:49:37.467+0000] {processor.py:161} INFO - Started process (PID=5694) to work on /home/airflow/.local/lib/python3.8/site-packages/airflow/example_dags/example_short_circuit_operator.py
[2025-07-08T09:49:37.477+0000] {processor.py:830} INFO - Processing file /home/airflow/.local/lib/python3.8/site-packages/airflow/example_dags/example_short_circuit_operator.py for tasks to queue
[2025-07-08T09:49:37.482+0000] {logging_mixin.py:188} INFO - [2025-07-08T09:49:37.482+0000] {dagbag.py:538} INFO - Filling up the DagBag from /home/airflow/.local/lib/python3.8/site-packages/airflow/example_dags/example_short_circuit_operator.py
[2025-07-08T09:49:37.506+0000] {processor.py:840} INFO - DAG(s) 'example_short_circuit_operator' retrieved from /home/airflow/.local/lib/python3.8/site-packages/airflow/example_dags/example_short_circuit_operator.py
[2025-07-08T09:49:37.572+0000] {logging_mixin.py:188} INFO - [2025-07-08T09:49:37.571+0000] {dag.py:3036} INFO - Sync 1 DAGs
[2025-07-08T09:49:37.614+0000] {logging_mixin.py:188} INFO - [2025-07-08T09:49:37.614+0000] {dag.py:3823} INFO - Setting next_dagrun for example_short_circuit_operator to 2025-07-07 00:00:00+00:00, run_after=2025-07-08 00:00:00+00:00
[2025-07-08T09:49:37.646+0000] {processor.py:183} INFO - Processing /home/airflow/.local/lib/python3.8/site-packages/airflow/example_dags/example_short_circuit_operator.py took 0.198 seconds
[2025-07-08T09:50:08.417+0000] {processor.py:161} INFO - Started process (PID=5760) to work on /home/airflow/.local/lib/python3.8/site-packages/airflow/example_dags/example_short_circuit_operator.py
[2025-07-08T09:50:08.419+0000] {processor.py:830} INFO - Processing file /home/airflow/.local/lib/python3.8/site-packages/airflow/example_dags/example_short_circuit_operator.py for tasks to queue
[2025-07-08T09:50:08.422+0000] {logging_mixin.py:188} INFO - [2025-07-08T09:50:08.421+0000] {dagbag.py:538} INFO - Filling up the DagBag from /home/airflow/.local/lib/python3.8/site-packages/airflow/example_dags/example_short_circuit_operator.py
[2025-07-08T09:50:08.437+0000] {processor.py:840} INFO - DAG(s) 'example_short_circuit_operator' retrieved from /home/airflow/.local/lib/python3.8/site-packages/airflow/example_dags/example_short_circuit_operator.py
[2025-07-08T09:50:08.489+0000] {logging_mixin.py:188} INFO - [2025-07-08T09:50:08.489+0000] {dag.py:3036} INFO - Sync 1 DAGs
[2025-07-08T09:50:08.579+0000] {logging_mixin.py:188} INFO - [2025-07-08T09:50:08.578+0000] {dag.py:3823} INFO - Setting next_dagrun for example_short_circuit_operator to 2025-07-07 00:00:00+00:00, run_after=2025-07-08 00:00:00+00:00
[2025-07-08T09:50:08.682+0000] {processor.py:183} INFO - Processing /home/airflow/.local/lib/python3.8/site-packages/airflow/example_dags/example_short_circuit_operator.py took 0.270 seconds
[2025-07-08T09:50:39.602+0000] {processor.py:161} INFO - Started process (PID=5826) to work on /home/airflow/.local/lib/python3.8/site-packages/airflow/example_dags/example_short_circuit_operator.py
[2025-07-08T09:50:39.604+0000] {processor.py:830} INFO - Processing file /home/airflow/.local/lib/python3.8/site-packages/airflow/example_dags/example_short_circuit_operator.py for tasks to queue
[2025-07-08T09:50:39.607+0000] {logging_mixin.py:188} INFO - [2025-07-08T09:50:39.606+0000] {dagbag.py:538} INFO - Filling up the DagBag from /home/airflow/.local/lib/python3.8/site-packages/airflow/example_dags/example_short_circuit_operator.py
[2025-07-08T09:50:39.622+0000] {processor.py:840} INFO - DAG(s) 'example_short_circuit_operator' retrieved from /home/airflow/.local/lib/python3.8/site-packages/airflow/example_dags/example_short_circuit_operator.py
[2025-07-08T09:50:39.669+0000] {logging_mixin.py:188} INFO - [2025-07-08T09:50:39.668+0000] {dag.py:3036} INFO - Sync 1 DAGs
[2025-07-08T09:50:39.712+0000] {logging_mixin.py:188} INFO - [2025-07-08T09:50:39.712+0000] {dag.py:3823} INFO - Setting next_dagrun for example_short_circuit_operator to 2025-07-07 00:00:00+00:00, run_after=2025-07-08 00:00:00+00:00
[2025-07-08T09:50:39.744+0000] {processor.py:183} INFO - Processing /home/airflow/.local/lib/python3.8/site-packages/airflow/example_dags/example_short_circuit_operator.py took 0.148 seconds
[2025-07-08T09:51:10.504+0000] {processor.py:161} INFO - Started process (PID=5892) to work on /home/airflow/.local/lib/python3.8/site-packages/airflow/example_dags/example_short_circuit_operator.py
[2025-07-08T09:51:10.506+0000] {processor.py:830} INFO - Processing file /home/airflow/.local/lib/python3.8/site-packages/airflow/example_dags/example_short_circuit_operator.py for tasks to queue
[2025-07-08T09:51:10.521+0000] {logging_mixin.py:188} INFO - [2025-07-08T09:51:10.520+0000] {dagbag.py:538} INFO - Filling up the DagBag from /home/airflow/.local/lib/python3.8/site-packages/airflow/example_dags/example_short_circuit_operator.py
[2025-07-08T09:51:10.617+0000] {processor.py:840} INFO - DAG(s) 'example_short_circuit_operator' retrieved from /home/airflow/.local/lib/python3.8/site-packages/airflow/example_dags/example_short_circuit_operator.py
[2025-07-08T09:51:10.785+0000] {logging_mixin.py:188} INFO - [2025-07-08T09:51:10.785+0000] {dag.py:3036} INFO - Sync 1 DAGs
[2025-07-08T09:51:10.998+0000] {logging_mixin.py:188} INFO - [2025-07-08T09:51:10.998+0000] {dag.py:3823} INFO - Setting next_dagrun for example_short_circuit_operator to 2025-07-07 00:00:00+00:00, run_after=2025-07-08 00:00:00+00:00
[2025-07-08T09:51:11.125+0000] {processor.py:183} INFO - Processing /home/airflow/.local/lib/python3.8/site-packages/airflow/example_dags/example_short_circuit_operator.py took 0.655 seconds
[2025-07-08T09:51:41.435+0000] {processor.py:161} INFO - Started process (PID=5958) to work on /home/airflow/.local/lib/python3.8/site-packages/airflow/example_dags/example_short_circuit_operator.py
[2025-07-08T09:51:41.457+0000] {processor.py:830} INFO - Processing file /home/airflow/.local/lib/python3.8/site-packages/airflow/example_dags/example_short_circuit_operator.py for tasks to queue
[2025-07-08T09:51:41.479+0000] {logging_mixin.py:188} INFO - [2025-07-08T09:51:41.478+0000] {dagbag.py:538} INFO - Filling up the DagBag from /home/airflow/.local/lib/python3.8/site-packages/airflow/example_dags/example_short_circuit_operator.py
[2025-07-08T09:51:41.524+0000] {processor.py:840} INFO - DAG(s) 'example_short_circuit_operator' retrieved from /home/airflow/.local/lib/python3.8/site-packages/airflow/example_dags/example_short_circuit_operator.py
[2025-07-08T09:51:41.619+0000] {logging_mixin.py:188} INFO - [2025-07-08T09:51:41.618+0000] {dag.py:3036} INFO - Sync 1 DAGs
[2025-07-08T09:51:41.750+0000] {logging_mixin.py:188} INFO - [2025-07-08T09:51:41.750+0000] {dag.py:3823} INFO - Setting next_dagrun for example_short_circuit_operator to 2025-07-07 00:00:00+00:00, run_after=2025-07-08 00:00:00+00:00
[2025-07-08T09:51:41.818+0000] {processor.py:183} INFO - Processing /home/airflow/.local/lib/python3.8/site-packages/airflow/example_dags/example_short_circuit_operator.py took 0.421 seconds
[2025-07-08T09:52:12.513+0000] {processor.py:161} INFO - Started process (PID=6017) to work on /home/airflow/.local/lib/python3.8/site-packages/airflow/example_dags/example_short_circuit_operator.py
[2025-07-08T09:52:12.514+0000] {processor.py:830} INFO - Processing file /home/airflow/.local/lib/python3.8/site-packages/airflow/example_dags/example_short_circuit_operator.py for tasks to queue
[2025-07-08T09:52:12.517+0000] {logging_mixin.py:188} INFO - [2025-07-08T09:52:12.517+0000] {dagbag.py:538} INFO - Filling up the DagBag from /home/airflow/.local/lib/python3.8/site-packages/airflow/example_dags/example_short_circuit_operator.py
[2025-07-08T09:52:12.532+0000] {processor.py:840} INFO - DAG(s) 'example_short_circuit_operator' retrieved from /home/airflow/.local/lib/python3.8/site-packages/airflow/example_dags/example_short_circuit_operator.py
[2025-07-08T09:52:12.593+0000] {logging_mixin.py:188} INFO - [2025-07-08T09:52:12.592+0000] {dag.py:3036} INFO - Sync 1 DAGs
[2025-07-08T09:52:12.648+0000] {logging_mixin.py:188} INFO - [2025-07-08T09:52:12.648+0000] {dag.py:3823} INFO - Setting next_dagrun for example_short_circuit_operator to 2025-07-07 00:00:00+00:00, run_after=2025-07-08 00:00:00+00:00
[2025-07-08T09:52:12.683+0000] {processor.py:183} INFO - Processing /home/airflow/.local/lib/python3.8/site-packages/airflow/example_dags/example_short_circuit_operator.py took 0.176 seconds
[2025-07-08T09:52:42.942+0000] {processor.py:161} INFO - Started process (PID=6082) to work on /home/airflow/.local/lib/python3.8/site-packages/airflow/example_dags/example_short_circuit_operator.py
[2025-07-08T09:52:42.944+0000] {processor.py:830} INFO - Processing file /home/airflow/.local/lib/python3.8/site-packages/airflow/example_dags/example_short_circuit_operator.py for tasks to queue
[2025-07-08T09:52:42.947+0000] {logging_mixin.py:188} INFO - [2025-07-08T09:52:42.946+0000] {dagbag.py:538} INFO - Filling up the DagBag from /home/airflow/.local/lib/python3.8/site-packages/airflow/example_dags/example_short_circuit_operator.py
[2025-07-08T09:52:42.963+0000] {processor.py:840} INFO - DAG(s) 'example_short_circuit_operator' retrieved from /home/airflow/.local/lib/python3.8/site-packages/airflow/example_dags/example_short_circuit_operator.py
[2025-07-08T09:52:43.010+0000] {logging_mixin.py:188} INFO - [2025-07-08T09:52:43.009+0000] {dag.py:3036} INFO - Sync 1 DAGs
[2025-07-08T09:52:43.053+0000] {logging_mixin.py:188} INFO - [2025-07-08T09:52:43.053+0000] {dag.py:3823} INFO - Setting next_dagrun for example_short_circuit_operator to 2025-07-07 00:00:00+00:00, run_after=2025-07-08 00:00:00+00:00
[2025-07-08T09:52:43.085+0000] {processor.py:183} INFO - Processing /home/airflow/.local/lib/python3.8/site-packages/airflow/example_dags/example_short_circuit_operator.py took 0.153 seconds
[2025-07-08T09:53:13.835+0000] {processor.py:161} INFO - Started process (PID=6151) to work on /home/airflow/.local/lib/python3.8/site-packages/airflow/example_dags/example_short_circuit_operator.py
[2025-07-08T09:53:13.837+0000] {processor.py:830} INFO - Processing file /home/airflow/.local/lib/python3.8/site-packages/airflow/example_dags/example_short_circuit_operator.py for tasks to queue
[2025-07-08T09:53:13.840+0000] {logging_mixin.py:188} INFO - [2025-07-08T09:53:13.840+0000] {dagbag.py:538} INFO - Filling up the DagBag from /home/airflow/.local/lib/python3.8/site-packages/airflow/example_dags/example_short_circuit_operator.py
[2025-07-08T09:53:13.853+0000] {processor.py:840} INFO - DAG(s) 'example_short_circuit_operator' retrieved from /home/airflow/.local/lib/python3.8/site-packages/airflow/example_dags/example_short_circuit_operator.py
[2025-07-08T09:53:13.894+0000] {logging_mixin.py:188} INFO - [2025-07-08T09:53:13.893+0000] {dag.py:3036} INFO - Sync 1 DAGs
[2025-07-08T09:53:13.930+0000] {logging_mixin.py:188} INFO - [2025-07-08T09:53:13.930+0000] {dag.py:3823} INFO - Setting next_dagrun for example_short_circuit_operator to 2025-07-07 00:00:00+00:00, run_after=2025-07-08 00:00:00+00:00
[2025-07-08T09:53:13.960+0000] {processor.py:183} INFO - Processing /home/airflow/.local/lib/python3.8/site-packages/airflow/example_dags/example_short_circuit_operator.py took 0.131 seconds
[2025-07-08T09:53:44.448+0000] {processor.py:161} INFO - Started process (PID=6220) to work on /home/airflow/.local/lib/python3.8/site-packages/airflow/example_dags/example_short_circuit_operator.py
[2025-07-08T09:53:44.449+0000] {processor.py:830} INFO - Processing file /home/airflow/.local/lib/python3.8/site-packages/airflow/example_dags/example_short_circuit_operator.py for tasks to queue
[2025-07-08T09:53:44.452+0000] {logging_mixin.py:188} INFO - [2025-07-08T09:53:44.452+0000] {dagbag.py:538} INFO - Filling up the DagBag from /home/airflow/.local/lib/python3.8/site-packages/airflow/example_dags/example_short_circuit_operator.py
[2025-07-08T09:53:44.484+0000] {processor.py:840} INFO - DAG(s) 'example_short_circuit_operator' retrieved from /home/airflow/.local/lib/python3.8/site-packages/airflow/example_dags/example_short_circuit_operator.py
[2025-07-08T09:53:44.556+0000] {logging_mixin.py:188} INFO - [2025-07-08T09:53:44.556+0000] {dag.py:3036} INFO - Sync 1 DAGs
[2025-07-08T09:53:44.613+0000] {logging_mixin.py:188} INFO - [2025-07-08T09:53:44.612+0000] {dag.py:3823} INFO - Setting next_dagrun for example_short_circuit_operator to 2025-07-07 00:00:00+00:00, run_after=2025-07-08 00:00:00+00:00
[2025-07-08T09:53:44.673+0000] {processor.py:183} INFO - Processing /home/airflow/.local/lib/python3.8/site-packages/airflow/example_dags/example_short_circuit_operator.py took 0.239 seconds
[2025-07-08T09:54:15.317+0000] {processor.py:161} INFO - Started process (PID=6288) to work on /home/airflow/.local/lib/python3.8/site-packages/airflow/example_dags/example_short_circuit_operator.py
[2025-07-08T09:54:15.328+0000] {processor.py:830} INFO - Processing file /home/airflow/.local/lib/python3.8/site-packages/airflow/example_dags/example_short_circuit_operator.py for tasks to queue
[2025-07-08T09:54:15.331+0000] {logging_mixin.py:188} INFO - [2025-07-08T09:54:15.331+0000] {dagbag.py:538} INFO - Filling up the DagBag from /home/airflow/.local/lib/python3.8/site-packages/airflow/example_dags/example_short_circuit_operator.py
[2025-07-08T09:54:15.366+0000] {processor.py:840} INFO - DAG(s) 'example_short_circuit_operator' retrieved from /home/airflow/.local/lib/python3.8/site-packages/airflow/example_dags/example_short_circuit_operator.py
[2025-07-08T09:54:15.446+0000] {logging_mixin.py:188} INFO - [2025-07-08T09:54:15.446+0000] {dag.py:3036} INFO - Sync 1 DAGs
[2025-07-08T09:54:15.534+0000] {logging_mixin.py:188} INFO - [2025-07-08T09:54:15.533+0000] {dag.py:3823} INFO - Setting next_dagrun for example_short_circuit_operator to 2025-07-07 00:00:00+00:00, run_after=2025-07-08 00:00:00+00:00
[2025-07-08T09:54:15.628+0000] {processor.py:183} INFO - Processing /home/airflow/.local/lib/python3.8/site-packages/airflow/example_dags/example_short_circuit_operator.py took 0.318 seconds
[2025-07-08T09:54:46.141+0000] {processor.py:161} INFO - Started process (PID=6349) to work on /home/airflow/.local/lib/python3.8/site-packages/airflow/example_dags/example_short_circuit_operator.py
[2025-07-08T09:54:46.142+0000] {processor.py:830} INFO - Processing file /home/airflow/.local/lib/python3.8/site-packages/airflow/example_dags/example_short_circuit_operator.py for tasks to queue
[2025-07-08T09:54:46.151+0000] {logging_mixin.py:188} INFO - [2025-07-08T09:54:46.149+0000] {dagbag.py:538} INFO - Filling up the DagBag from /home/airflow/.local/lib/python3.8/site-packages/airflow/example_dags/example_short_circuit_operator.py
[2025-07-08T09:54:46.188+0000] {processor.py:840} INFO - DAG(s) 'example_short_circuit_operator' retrieved from /home/airflow/.local/lib/python3.8/site-packages/airflow/example_dags/example_short_circuit_operator.py
[2025-07-08T09:54:46.277+0000] {logging_mixin.py:188} INFO - [2025-07-08T09:54:46.277+0000] {dag.py:3036} INFO - Sync 1 DAGs
[2025-07-08T09:54:46.329+0000] {logging_mixin.py:188} INFO - [2025-07-08T09:54:46.328+0000] {dag.py:3823} INFO - Setting next_dagrun for example_short_circuit_operator to 2025-07-07 00:00:00+00:00, run_after=2025-07-08 00:00:00+00:00
[2025-07-08T09:54:46.385+0000] {processor.py:183} INFO - Processing /home/airflow/.local/lib/python3.8/site-packages/airflow/example_dags/example_short_circuit_operator.py took 0.252 seconds
[2025-07-08T09:55:17.166+0000] {processor.py:161} INFO - Started process (PID=6417) to work on /home/airflow/.local/lib/python3.8/site-packages/airflow/example_dags/example_short_circuit_operator.py
[2025-07-08T09:55:17.168+0000] {processor.py:830} INFO - Processing file /home/airflow/.local/lib/python3.8/site-packages/airflow/example_dags/example_short_circuit_operator.py for tasks to queue
[2025-07-08T09:55:17.171+0000] {logging_mixin.py:188} INFO - [2025-07-08T09:55:17.170+0000] {dagbag.py:538} INFO - Filling up the DagBag from /home/airflow/.local/lib/python3.8/site-packages/airflow/example_dags/example_short_circuit_operator.py
[2025-07-08T09:55:17.187+0000] {processor.py:840} INFO - DAG(s) 'example_short_circuit_operator' retrieved from /home/airflow/.local/lib/python3.8/site-packages/airflow/example_dags/example_short_circuit_operator.py
[2025-07-08T09:55:17.232+0000] {logging_mixin.py:188} INFO - [2025-07-08T09:55:17.231+0000] {dag.py:3036} INFO - Sync 1 DAGs
[2025-07-08T09:55:17.285+0000] {logging_mixin.py:188} INFO - [2025-07-08T09:55:17.285+0000] {dag.py:3823} INFO - Setting next_dagrun for example_short_circuit_operator to 2025-07-07 00:00:00+00:00, run_after=2025-07-08 00:00:00+00:00
[2025-07-08T09:55:17.337+0000] {processor.py:183} INFO - Processing /home/airflow/.local/lib/python3.8/site-packages/airflow/example_dags/example_short_circuit_operator.py took 0.178 seconds
[2025-07-08T09:55:47.895+0000] {processor.py:161} INFO - Started process (PID=6483) to work on /home/airflow/.local/lib/python3.8/site-packages/airflow/example_dags/example_short_circuit_operator.py
[2025-07-08T09:55:47.897+0000] {processor.py:830} INFO - Processing file /home/airflow/.local/lib/python3.8/site-packages/airflow/example_dags/example_short_circuit_operator.py for tasks to queue
[2025-07-08T09:55:47.900+0000] {logging_mixin.py:188} INFO - [2025-07-08T09:55:47.900+0000] {dagbag.py:538} INFO - Filling up the DagBag from /home/airflow/.local/lib/python3.8/site-packages/airflow/example_dags/example_short_circuit_operator.py
[2025-07-08T09:55:47.916+0000] {processor.py:840} INFO - DAG(s) 'example_short_circuit_operator' retrieved from /home/airflow/.local/lib/python3.8/site-packages/airflow/example_dags/example_short_circuit_operator.py
[2025-07-08T09:55:48.033+0000] {logging_mixin.py:188} INFO - [2025-07-08T09:55:48.033+0000] {dag.py:3036} INFO - Sync 1 DAGs
[2025-07-08T09:55:48.094+0000] {logging_mixin.py:188} INFO - [2025-07-08T09:55:48.094+0000] {dag.py:3823} INFO - Setting next_dagrun for example_short_circuit_operator to 2025-07-07 00:00:00+00:00, run_after=2025-07-08 00:00:00+00:00
[2025-07-08T09:55:48.174+0000] {processor.py:183} INFO - Processing /home/airflow/.local/lib/python3.8/site-packages/airflow/example_dags/example_short_circuit_operator.py took 0.286 seconds
[2025-07-08T09:56:19.458+0000] {processor.py:161} INFO - Started process (PID=6545) to work on /home/airflow/.local/lib/python3.8/site-packages/airflow/example_dags/example_short_circuit_operator.py
[2025-07-08T09:56:19.480+0000] {processor.py:830} INFO - Processing file /home/airflow/.local/lib/python3.8/site-packages/airflow/example_dags/example_short_circuit_operator.py for tasks to queue
[2025-07-08T09:56:19.483+0000] {logging_mixin.py:188} INFO - [2025-07-08T09:56:19.482+0000] {dagbag.py:538} INFO - Filling up the DagBag from /home/airflow/.local/lib/python3.8/site-packages/airflow/example_dags/example_short_circuit_operator.py
[2025-07-08T09:56:19.543+0000] {processor.py:840} INFO - DAG(s) 'example_short_circuit_operator' retrieved from /home/airflow/.local/lib/python3.8/site-packages/airflow/example_dags/example_short_circuit_operator.py
[2025-07-08T09:56:19.725+0000] {logging_mixin.py:188} INFO - [2025-07-08T09:56:19.725+0000] {dag.py:3036} INFO - Sync 1 DAGs
[2025-07-08T09:56:19.895+0000] {logging_mixin.py:188} INFO - [2025-07-08T09:56:19.894+0000] {dag.py:3823} INFO - Setting next_dagrun for example_short_circuit_operator to 2025-07-07 00:00:00+00:00, run_after=2025-07-08 00:00:00+00:00
[2025-07-08T09:56:19.992+0000] {processor.py:183} INFO - Processing /home/airflow/.local/lib/python3.8/site-packages/airflow/example_dags/example_short_circuit_operator.py took 0.551 seconds
[2025-07-08T09:56:51.528+0000] {processor.py:161} INFO - Started process (PID=6613) to work on /home/airflow/.local/lib/python3.8/site-packages/airflow/example_dags/example_short_circuit_operator.py
[2025-07-08T09:56:51.532+0000] {processor.py:830} INFO - Processing file /home/airflow/.local/lib/python3.8/site-packages/airflow/example_dags/example_short_circuit_operator.py for tasks to queue
[2025-07-08T09:56:51.543+0000] {logging_mixin.py:188} INFO - [2025-07-08T09:56:51.537+0000] {dagbag.py:538} INFO - Filling up the DagBag from /home/airflow/.local/lib/python3.8/site-packages/airflow/example_dags/example_short_circuit_operator.py
[2025-07-08T09:56:51.596+0000] {processor.py:840} INFO - DAG(s) 'example_short_circuit_operator' retrieved from /home/airflow/.local/lib/python3.8/site-packages/airflow/example_dags/example_short_circuit_operator.py
[2025-07-08T09:56:51.774+0000] {logging_mixin.py:188} INFO - [2025-07-08T09:56:51.774+0000] {dag.py:3036} INFO - Sync 1 DAGs
[2025-07-08T09:56:51.973+0000] {logging_mixin.py:188} INFO - [2025-07-08T09:56:51.972+0000] {dag.py:3823} INFO - Setting next_dagrun for example_short_circuit_operator to 2025-07-07 00:00:00+00:00, run_after=2025-07-08 00:00:00+00:00
[2025-07-08T09:56:52.122+0000] {processor.py:183} INFO - Processing /home/airflow/.local/lib/python3.8/site-packages/airflow/example_dags/example_short_circuit_operator.py took 0.614 seconds
[2025-07-08T09:57:23.067+0000] {processor.py:161} INFO - Started process (PID=6678) to work on /home/airflow/.local/lib/python3.8/site-packages/airflow/example_dags/example_short_circuit_operator.py
[2025-07-08T09:57:23.080+0000] {processor.py:830} INFO - Processing file /home/airflow/.local/lib/python3.8/site-packages/airflow/example_dags/example_short_circuit_operator.py for tasks to queue
[2025-07-08T09:57:23.094+0000] {logging_mixin.py:188} INFO - [2025-07-08T09:57:23.093+0000] {dagbag.py:538} INFO - Filling up the DagBag from /home/airflow/.local/lib/python3.8/site-packages/airflow/example_dags/example_short_circuit_operator.py
[2025-07-08T09:57:23.125+0000] {processor.py:840} INFO - DAG(s) 'example_short_circuit_operator' retrieved from /home/airflow/.local/lib/python3.8/site-packages/airflow/example_dags/example_short_circuit_operator.py
[2025-07-08T09:57:23.208+0000] {logging_mixin.py:188} INFO - [2025-07-08T09:57:23.207+0000] {dag.py:3036} INFO - Sync 1 DAGs
[2025-07-08T09:57:23.273+0000] {logging_mixin.py:188} INFO - [2025-07-08T09:57:23.273+0000] {dag.py:3823} INFO - Setting next_dagrun for example_short_circuit_operator to 2025-07-07 00:00:00+00:00, run_after=2025-07-08 00:00:00+00:00
[2025-07-08T09:57:23.337+0000] {processor.py:183} INFO - Processing /home/airflow/.local/lib/python3.8/site-packages/airflow/example_dags/example_short_circuit_operator.py took 0.291 seconds
[2025-07-08T09:57:53.476+0000] {processor.py:161} INFO - Started process (PID=6742) to work on /home/airflow/.local/lib/python3.8/site-packages/airflow/example_dags/example_short_circuit_operator.py
[2025-07-08T09:57:53.478+0000] {processor.py:830} INFO - Processing file /home/airflow/.local/lib/python3.8/site-packages/airflow/example_dags/example_short_circuit_operator.py for tasks to queue
[2025-07-08T09:57:53.481+0000] {logging_mixin.py:188} INFO - [2025-07-08T09:57:53.480+0000] {dagbag.py:538} INFO - Filling up the DagBag from /home/airflow/.local/lib/python3.8/site-packages/airflow/example_dags/example_short_circuit_operator.py
[2025-07-08T09:57:53.499+0000] {processor.py:840} INFO - DAG(s) 'example_short_circuit_operator' retrieved from /home/airflow/.local/lib/python3.8/site-packages/airflow/example_dags/example_short_circuit_operator.py
[2025-07-08T09:57:53.565+0000] {logging_mixin.py:188} INFO - [2025-07-08T09:57:53.565+0000] {dag.py:3036} INFO - Sync 1 DAGs
[2025-07-08T09:57:53.635+0000] {logging_mixin.py:188} INFO - [2025-07-08T09:57:53.634+0000] {dag.py:3823} INFO - Setting next_dagrun for example_short_circuit_operator to 2025-07-07 00:00:00+00:00, run_after=2025-07-08 00:00:00+00:00
[2025-07-08T09:57:53.702+0000] {processor.py:183} INFO - Processing /home/airflow/.local/lib/python3.8/site-packages/airflow/example_dags/example_short_circuit_operator.py took 0.240 seconds
[2025-07-08T09:58:23.845+0000] {processor.py:161} INFO - Started process (PID=6812) to work on /home/airflow/.local/lib/python3.8/site-packages/airflow/example_dags/example_short_circuit_operator.py
[2025-07-08T09:58:23.856+0000] {processor.py:830} INFO - Processing file /home/airflow/.local/lib/python3.8/site-packages/airflow/example_dags/example_short_circuit_operator.py for tasks to queue
[2025-07-08T09:58:23.859+0000] {logging_mixin.py:188} INFO - [2025-07-08T09:58:23.859+0000] {dagbag.py:538} INFO - Filling up the DagBag from /home/airflow/.local/lib/python3.8/site-packages/airflow/example_dags/example_short_circuit_operator.py
[2025-07-08T09:58:23.899+0000] {processor.py:840} INFO - DAG(s) 'example_short_circuit_operator' retrieved from /home/airflow/.local/lib/python3.8/site-packages/airflow/example_dags/example_short_circuit_operator.py
[2025-07-08T09:58:24.057+0000] {logging_mixin.py:188} INFO - [2025-07-08T09:58:24.057+0000] {dag.py:3036} INFO - Sync 1 DAGs
[2025-07-08T09:58:24.150+0000] {logging_mixin.py:188} INFO - [2025-07-08T09:58:24.150+0000] {dag.py:3823} INFO - Setting next_dagrun for example_short_circuit_operator to 2025-07-07 00:00:00+00:00, run_after=2025-07-08 00:00:00+00:00
[2025-07-08T09:58:24.230+0000] {processor.py:183} INFO - Processing /home/airflow/.local/lib/python3.8/site-packages/airflow/example_dags/example_short_circuit_operator.py took 0.411 seconds
[2025-07-08T09:58:54.582+0000] {processor.py:161} INFO - Started process (PID=6878) to work on /home/airflow/.local/lib/python3.8/site-packages/airflow/example_dags/example_short_circuit_operator.py
[2025-07-08T09:58:54.585+0000] {processor.py:830} INFO - Processing file /home/airflow/.local/lib/python3.8/site-packages/airflow/example_dags/example_short_circuit_operator.py for tasks to queue
[2025-07-08T09:58:54.588+0000] {logging_mixin.py:188} INFO - [2025-07-08T09:58:54.588+0000] {dagbag.py:538} INFO - Filling up the DagBag from /home/airflow/.local/lib/python3.8/site-packages/airflow/example_dags/example_short_circuit_operator.py
[2025-07-08T09:58:54.601+0000] {processor.py:840} INFO - DAG(s) 'example_short_circuit_operator' retrieved from /home/airflow/.local/lib/python3.8/site-packages/airflow/example_dags/example_short_circuit_operator.py
[2025-07-08T09:58:54.639+0000] {logging_mixin.py:188} INFO - [2025-07-08T09:58:54.639+0000] {dag.py:3036} INFO - Sync 1 DAGs
[2025-07-08T09:58:54.679+0000] {logging_mixin.py:188} INFO - [2025-07-08T09:58:54.679+0000] {dag.py:3823} INFO - Setting next_dagrun for example_short_circuit_operator to 2025-07-07 00:00:00+00:00, run_after=2025-07-08 00:00:00+00:00
[2025-07-08T09:58:54.708+0000] {processor.py:183} INFO - Processing /home/airflow/.local/lib/python3.8/site-packages/airflow/example_dags/example_short_circuit_operator.py took 0.137 seconds
[2025-07-08T09:59:25.586+0000] {processor.py:161} INFO - Started process (PID=6944) to work on /home/airflow/.local/lib/python3.8/site-packages/airflow/example_dags/example_short_circuit_operator.py
[2025-07-08T09:59:25.588+0000] {processor.py:830} INFO - Processing file /home/airflow/.local/lib/python3.8/site-packages/airflow/example_dags/example_short_circuit_operator.py for tasks to queue
[2025-07-08T09:59:25.591+0000] {logging_mixin.py:188} INFO - [2025-07-08T09:59:25.591+0000] {dagbag.py:538} INFO - Filling up the DagBag from /home/airflow/.local/lib/python3.8/site-packages/airflow/example_dags/example_short_circuit_operator.py
[2025-07-08T09:59:25.605+0000] {processor.py:840} INFO - DAG(s) 'example_short_circuit_operator' retrieved from /home/airflow/.local/lib/python3.8/site-packages/airflow/example_dags/example_short_circuit_operator.py
[2025-07-08T09:59:25.644+0000] {logging_mixin.py:188} INFO - [2025-07-08T09:59:25.644+0000] {dag.py:3036} INFO - Sync 1 DAGs
[2025-07-08T09:59:25.684+0000] {logging_mixin.py:188} INFO - [2025-07-08T09:59:25.683+0000] {dag.py:3823} INFO - Setting next_dagrun for example_short_circuit_operator to 2025-07-07 00:00:00+00:00, run_after=2025-07-08 00:00:00+00:00
[2025-07-08T09:59:25.727+0000] {processor.py:183} INFO - Processing /home/airflow/.local/lib/python3.8/site-packages/airflow/example_dags/example_short_circuit_operator.py took 0.145 seconds
[2025-07-08T09:59:56.052+0000] {processor.py:161} INFO - Started process (PID=7012) to work on /home/airflow/.local/lib/python3.8/site-packages/airflow/example_dags/example_short_circuit_operator.py
[2025-07-08T09:59:56.053+0000] {processor.py:830} INFO - Processing file /home/airflow/.local/lib/python3.8/site-packages/airflow/example_dags/example_short_circuit_operator.py for tasks to queue
[2025-07-08T09:59:56.069+0000] {logging_mixin.py:188} INFO - [2025-07-08T09:59:56.068+0000] {dagbag.py:538} INFO - Filling up the DagBag from /home/airflow/.local/lib/python3.8/site-packages/airflow/example_dags/example_short_circuit_operator.py
[2025-07-08T09:59:56.089+0000] {processor.py:840} INFO - DAG(s) 'example_short_circuit_operator' retrieved from /home/airflow/.local/lib/python3.8/site-packages/airflow/example_dags/example_short_circuit_operator.py
[2025-07-08T09:59:56.162+0000] {logging_mixin.py:188} INFO - [2025-07-08T09:59:56.162+0000] {dag.py:3036} INFO - Sync 1 DAGs
[2025-07-08T09:59:56.217+0000] {logging_mixin.py:188} INFO - [2025-07-08T09:59:56.216+0000] {dag.py:3823} INFO - Setting next_dagrun for example_short_circuit_operator to 2025-07-07 00:00:00+00:00, run_after=2025-07-08 00:00:00+00:00
[2025-07-08T09:59:56.265+0000] {processor.py:183} INFO - Processing /home/airflow/.local/lib/python3.8/site-packages/airflow/example_dags/example_short_circuit_operator.py took 0.232 seconds
[2025-07-08T10:00:26.573+0000] {processor.py:161} INFO - Started process (PID=7079) to work on /home/airflow/.local/lib/python3.8/site-packages/airflow/example_dags/example_short_circuit_operator.py
[2025-07-08T10:00:26.581+0000] {processor.py:830} INFO - Processing file /home/airflow/.local/lib/python3.8/site-packages/airflow/example_dags/example_short_circuit_operator.py for tasks to queue
[2025-07-08T10:00:26.584+0000] {logging_mixin.py:188} INFO - [2025-07-08T10:00:26.583+0000] {dagbag.py:538} INFO - Filling up the DagBag from /home/airflow/.local/lib/python3.8/site-packages/airflow/example_dags/example_short_circuit_operator.py
[2025-07-08T10:00:26.623+0000] {processor.py:840} INFO - DAG(s) 'example_short_circuit_operator' retrieved from /home/airflow/.local/lib/python3.8/site-packages/airflow/example_dags/example_short_circuit_operator.py
[2025-07-08T10:00:26.678+0000] {logging_mixin.py:188} INFO - [2025-07-08T10:00:26.678+0000] {dag.py:3036} INFO - Sync 1 DAGs
[2025-07-08T10:00:26.726+0000] {logging_mixin.py:188} INFO - [2025-07-08T10:00:26.726+0000] {dag.py:3823} INFO - Setting next_dagrun for example_short_circuit_operator to 2025-07-07 00:00:00+00:00, run_after=2025-07-08 00:00:00+00:00
[2025-07-08T10:00:26.763+0000] {processor.py:183} INFO - Processing /home/airflow/.local/lib/python3.8/site-packages/airflow/example_dags/example_short_circuit_operator.py took 0.202 seconds
[2025-07-08T10:00:57.612+0000] {processor.py:161} INFO - Started process (PID=7145) to work on /home/airflow/.local/lib/python3.8/site-packages/airflow/example_dags/example_short_circuit_operator.py
[2025-07-08T10:00:57.620+0000] {processor.py:830} INFO - Processing file /home/airflow/.local/lib/python3.8/site-packages/airflow/example_dags/example_short_circuit_operator.py for tasks to queue
[2025-07-08T10:00:57.623+0000] {logging_mixin.py:188} INFO - [2025-07-08T10:00:57.623+0000] {dagbag.py:538} INFO - Filling up the DagBag from /home/airflow/.local/lib/python3.8/site-packages/airflow/example_dags/example_short_circuit_operator.py
[2025-07-08T10:00:57.658+0000] {processor.py:840} INFO - DAG(s) 'example_short_circuit_operator' retrieved from /home/airflow/.local/lib/python3.8/site-packages/airflow/example_dags/example_short_circuit_operator.py
[2025-07-08T10:00:57.741+0000] {logging_mixin.py:188} INFO - [2025-07-08T10:00:57.740+0000] {dag.py:3036} INFO - Sync 1 DAGs
[2025-07-08T10:00:57.831+0000] {logging_mixin.py:188} INFO - [2025-07-08T10:00:57.831+0000] {dag.py:3823} INFO - Setting next_dagrun for example_short_circuit_operator to 2025-07-07 00:00:00+00:00, run_after=2025-07-08 00:00:00+00:00
[2025-07-08T10:00:57.908+0000] {processor.py:183} INFO - Processing /home/airflow/.local/lib/python3.8/site-packages/airflow/example_dags/example_short_circuit_operator.py took 0.311 seconds
[2025-07-08T10:01:28.867+0000] {processor.py:161} INFO - Started process (PID=7204) to work on /home/airflow/.local/lib/python3.8/site-packages/airflow/example_dags/example_short_circuit_operator.py
[2025-07-08T10:01:28.868+0000] {processor.py:830} INFO - Processing file /home/airflow/.local/lib/python3.8/site-packages/airflow/example_dags/example_short_circuit_operator.py for tasks to queue
[2025-07-08T10:01:28.871+0000] {logging_mixin.py:188} INFO - [2025-07-08T10:01:28.870+0000] {dagbag.py:538} INFO - Filling up the DagBag from /home/airflow/.local/lib/python3.8/site-packages/airflow/example_dags/example_short_circuit_operator.py
[2025-07-08T10:01:28.886+0000] {processor.py:840} INFO - DAG(s) 'example_short_circuit_operator' retrieved from /home/airflow/.local/lib/python3.8/site-packages/airflow/example_dags/example_short_circuit_operator.py
[2025-07-08T10:01:28.929+0000] {logging_mixin.py:188} INFO - [2025-07-08T10:01:28.929+0000] {dag.py:3036} INFO - Sync 1 DAGs
[2025-07-08T10:01:28.966+0000] {logging_mixin.py:188} INFO - [2025-07-08T10:01:28.966+0000] {dag.py:3823} INFO - Setting next_dagrun for example_short_circuit_operator to 2025-07-07 00:00:00+00:00, run_after=2025-07-08 00:00:00+00:00
[2025-07-08T10:01:28.997+0000] {processor.py:183} INFO - Processing /home/airflow/.local/lib/python3.8/site-packages/airflow/example_dags/example_short_circuit_operator.py took 0.136 seconds
[2025-07-08T10:01:59.821+0000] {processor.py:161} INFO - Started process (PID=7272) to work on /home/airflow/.local/lib/python3.8/site-packages/airflow/example_dags/example_short_circuit_operator.py
[2025-07-08T10:01:59.823+0000] {processor.py:830} INFO - Processing file /home/airflow/.local/lib/python3.8/site-packages/airflow/example_dags/example_short_circuit_operator.py for tasks to queue
[2025-07-08T10:01:59.825+0000] {logging_mixin.py:188} INFO - [2025-07-08T10:01:59.825+0000] {dagbag.py:538} INFO - Filling up the DagBag from /home/airflow/.local/lib/python3.8/site-packages/airflow/example_dags/example_short_circuit_operator.py
[2025-07-08T10:01:59.839+0000] {processor.py:840} INFO - DAG(s) 'example_short_circuit_operator' retrieved from /home/airflow/.local/lib/python3.8/site-packages/airflow/example_dags/example_short_circuit_operator.py
[2025-07-08T10:01:59.882+0000] {logging_mixin.py:188} INFO - [2025-07-08T10:01:59.881+0000] {dag.py:3036} INFO - Sync 1 DAGs
[2025-07-08T10:01:59.926+0000] {logging_mixin.py:188} INFO - [2025-07-08T10:01:59.926+0000] {dag.py:3823} INFO - Setting next_dagrun for example_short_circuit_operator to 2025-07-07 00:00:00+00:00, run_after=2025-07-08 00:00:00+00:00
[2025-07-08T10:01:59.959+0000] {processor.py:183} INFO - Processing /home/airflow/.local/lib/python3.8/site-packages/airflow/example_dags/example_short_circuit_operator.py took 0.145 seconds
[2025-07-08T10:02:30.560+0000] {processor.py:161} INFO - Started process (PID=7340) to work on /home/airflow/.local/lib/python3.8/site-packages/airflow/example_dags/example_short_circuit_operator.py
[2025-07-08T10:02:30.570+0000] {processor.py:830} INFO - Processing file /home/airflow/.local/lib/python3.8/site-packages/airflow/example_dags/example_short_circuit_operator.py for tasks to queue
[2025-07-08T10:02:30.573+0000] {logging_mixin.py:188} INFO - [2025-07-08T10:02:30.573+0000] {dagbag.py:538} INFO - Filling up the DagBag from /home/airflow/.local/lib/python3.8/site-packages/airflow/example_dags/example_short_circuit_operator.py
[2025-07-08T10:02:30.592+0000] {processor.py:840} INFO - DAG(s) 'example_short_circuit_operator' retrieved from /home/airflow/.local/lib/python3.8/site-packages/airflow/example_dags/example_short_circuit_operator.py
[2025-07-08T10:02:30.655+0000] {logging_mixin.py:188} INFO - [2025-07-08T10:02:30.654+0000] {dag.py:3036} INFO - Sync 1 DAGs
[2025-07-08T10:02:30.733+0000] {logging_mixin.py:188} INFO - [2025-07-08T10:02:30.732+0000] {dag.py:3823} INFO - Setting next_dagrun for example_short_circuit_operator to 2025-07-07 00:00:00+00:00, run_after=2025-07-08 00:00:00+00:00
[2025-07-08T10:02:30.830+0000] {processor.py:183} INFO - Processing /home/airflow/.local/lib/python3.8/site-packages/airflow/example_dags/example_short_circuit_operator.py took 0.276 seconds
[2025-07-08T10:03:01.592+0000] {processor.py:161} INFO - Started process (PID=7407) to work on /home/airflow/.local/lib/python3.8/site-packages/airflow/example_dags/example_short_circuit_operator.py
[2025-07-08T10:03:01.593+0000] {processor.py:830} INFO - Processing file /home/airflow/.local/lib/python3.8/site-packages/airflow/example_dags/example_short_circuit_operator.py for tasks to queue
[2025-07-08T10:03:01.609+0000] {logging_mixin.py:188} INFO - [2025-07-08T10:03:01.608+0000] {dagbag.py:538} INFO - Filling up the DagBag from /home/airflow/.local/lib/python3.8/site-packages/airflow/example_dags/example_short_circuit_operator.py
[2025-07-08T10:03:01.689+0000] {processor.py:840} INFO - DAG(s) 'example_short_circuit_operator' retrieved from /home/airflow/.local/lib/python3.8/site-packages/airflow/example_dags/example_short_circuit_operator.py
[2025-07-08T10:03:01.881+0000] {logging_mixin.py:188} INFO - [2025-07-08T10:03:01.881+0000] {dag.py:3036} INFO - Sync 1 DAGs
[2025-07-08T10:03:01.970+0000] {logging_mixin.py:188} INFO - [2025-07-08T10:03:01.970+0000] {dag.py:3823} INFO - Setting next_dagrun for example_short_circuit_operator to 2025-07-07 00:00:00+00:00, run_after=2025-07-08 00:00:00+00:00
[2025-07-08T10:03:02.038+0000] {processor.py:183} INFO - Processing /home/airflow/.local/lib/python3.8/site-packages/airflow/example_dags/example_short_circuit_operator.py took 0.483 seconds
[2025-07-08T10:03:32.896+0000] {processor.py:161} INFO - Started process (PID=7466) to work on /home/airflow/.local/lib/python3.8/site-packages/airflow/example_dags/example_short_circuit_operator.py
[2025-07-08T10:03:32.900+0000] {processor.py:830} INFO - Processing file /home/airflow/.local/lib/python3.8/site-packages/airflow/example_dags/example_short_circuit_operator.py for tasks to queue
[2025-07-08T10:03:32.906+0000] {logging_mixin.py:188} INFO - [2025-07-08T10:03:32.905+0000] {dagbag.py:538} INFO - Filling up the DagBag from /home/airflow/.local/lib/python3.8/site-packages/airflow/example_dags/example_short_circuit_operator.py
[2025-07-08T10:03:32.922+0000] {processor.py:840} INFO - DAG(s) 'example_short_circuit_operator' retrieved from /home/airflow/.local/lib/python3.8/site-packages/airflow/example_dags/example_short_circuit_operator.py
[2025-07-08T10:03:32.988+0000] {logging_mixin.py:188} INFO - [2025-07-08T10:03:32.988+0000] {dag.py:3036} INFO - Sync 1 DAGs
[2025-07-08T10:03:33.055+0000] {logging_mixin.py:188} INFO - [2025-07-08T10:03:33.055+0000] {dag.py:3823} INFO - Setting next_dagrun for example_short_circuit_operator to 2025-07-07 00:00:00+00:00, run_after=2025-07-08 00:00:00+00:00
[2025-07-08T10:03:33.094+0000] {processor.py:183} INFO - Processing /home/airflow/.local/lib/python3.8/site-packages/airflow/example_dags/example_short_circuit_operator.py took 0.205 seconds
[2025-07-08T10:04:03.419+0000] {processor.py:161} INFO - Started process (PID=7533) to work on /home/airflow/.local/lib/python3.8/site-packages/airflow/example_dags/example_short_circuit_operator.py
[2025-07-08T10:04:03.422+0000] {processor.py:830} INFO - Processing file /home/airflow/.local/lib/python3.8/site-packages/airflow/example_dags/example_short_circuit_operator.py for tasks to queue
[2025-07-08T10:04:03.425+0000] {logging_mixin.py:188} INFO - [2025-07-08T10:04:03.424+0000] {dagbag.py:538} INFO - Filling up the DagBag from /home/airflow/.local/lib/python3.8/site-packages/airflow/example_dags/example_short_circuit_operator.py
[2025-07-08T10:04:03.444+0000] {processor.py:840} INFO - DAG(s) 'example_short_circuit_operator' retrieved from /home/airflow/.local/lib/python3.8/site-packages/airflow/example_dags/example_short_circuit_operator.py
[2025-07-08T10:04:03.525+0000] {logging_mixin.py:188} INFO - [2025-07-08T10:04:03.524+0000] {dag.py:3036} INFO - Sync 1 DAGs
[2025-07-08T10:04:03.618+0000] {logging_mixin.py:188} INFO - [2025-07-08T10:04:03.617+0000] {dag.py:3823} INFO - Setting next_dagrun for example_short_circuit_operator to 2025-07-07 00:00:00+00:00, run_after=2025-07-08 00:00:00+00:00
[2025-07-08T10:04:03.657+0000] {processor.py:183} INFO - Processing /home/airflow/.local/lib/python3.8/site-packages/airflow/example_dags/example_short_circuit_operator.py took 0.249 seconds
[2025-07-08T10:04:33.940+0000] {processor.py:161} INFO - Started process (PID=7601) to work on /home/airflow/.local/lib/python3.8/site-packages/airflow/example_dags/example_short_circuit_operator.py
[2025-07-08T10:04:33.942+0000] {processor.py:830} INFO - Processing file /home/airflow/.local/lib/python3.8/site-packages/airflow/example_dags/example_short_circuit_operator.py for tasks to queue
[2025-07-08T10:04:33.946+0000] {logging_mixin.py:188} INFO - [2025-07-08T10:04:33.945+0000] {dagbag.py:538} INFO - Filling up the DagBag from /home/airflow/.local/lib/python3.8/site-packages/airflow/example_dags/example_short_circuit_operator.py
[2025-07-08T10:04:33.963+0000] {processor.py:840} INFO - DAG(s) 'example_short_circuit_operator' retrieved from /home/airflow/.local/lib/python3.8/site-packages/airflow/example_dags/example_short_circuit_operator.py
[2025-07-08T10:04:34.023+0000] {logging_mixin.py:188} INFO - [2025-07-08T10:04:34.022+0000] {dag.py:3036} INFO - Sync 1 DAGs
[2025-07-08T10:04:34.071+0000] {logging_mixin.py:188} INFO - [2025-07-08T10:04:34.071+0000] {dag.py:3823} INFO - Setting next_dagrun for example_short_circuit_operator to 2025-07-07 00:00:00+00:00, run_after=2025-07-08 00:00:00+00:00
[2025-07-08T10:04:34.109+0000] {processor.py:183} INFO - Processing /home/airflow/.local/lib/python3.8/site-packages/airflow/example_dags/example_short_circuit_operator.py took 0.176 seconds
[2025-07-08T10:05:04.195+0000] {processor.py:161} INFO - Started process (PID=7669) to work on /home/airflow/.local/lib/python3.8/site-packages/airflow/example_dags/example_short_circuit_operator.py
[2025-07-08T10:05:04.196+0000] {processor.py:830} INFO - Processing file /home/airflow/.local/lib/python3.8/site-packages/airflow/example_dags/example_short_circuit_operator.py for tasks to queue
[2025-07-08T10:05:04.199+0000] {logging_mixin.py:188} INFO - [2025-07-08T10:05:04.199+0000] {dagbag.py:538} INFO - Filling up the DagBag from /home/airflow/.local/lib/python3.8/site-packages/airflow/example_dags/example_short_circuit_operator.py
[2025-07-08T10:05:04.217+0000] {processor.py:840} INFO - DAG(s) 'example_short_circuit_operator' retrieved from /home/airflow/.local/lib/python3.8/site-packages/airflow/example_dags/example_short_circuit_operator.py
[2025-07-08T10:05:04.267+0000] {logging_mixin.py:188} INFO - [2025-07-08T10:05:04.267+0000] {dag.py:3036} INFO - Sync 1 DAGs
[2025-07-08T10:05:04.317+0000] {logging_mixin.py:188} INFO - [2025-07-08T10:05:04.317+0000] {dag.py:3823} INFO - Setting next_dagrun for example_short_circuit_operator to 2025-07-07 00:00:00+00:00, run_after=2025-07-08 00:00:00+00:00
[2025-07-08T10:05:04.358+0000] {processor.py:183} INFO - Processing /home/airflow/.local/lib/python3.8/site-packages/airflow/example_dags/example_short_circuit_operator.py took 0.170 seconds
[2025-07-08T10:05:34.722+0000] {processor.py:161} INFO - Started process (PID=7729) to work on /home/airflow/.local/lib/python3.8/site-packages/airflow/example_dags/example_short_circuit_operator.py
[2025-07-08T10:05:34.724+0000] {processor.py:830} INFO - Processing file /home/airflow/.local/lib/python3.8/site-packages/airflow/example_dags/example_short_circuit_operator.py for tasks to queue
[2025-07-08T10:05:34.727+0000] {logging_mixin.py:188} INFO - [2025-07-08T10:05:34.726+0000] {dagbag.py:538} INFO - Filling up the DagBag from /home/airflow/.local/lib/python3.8/site-packages/airflow/example_dags/example_short_circuit_operator.py
[2025-07-08T10:05:34.742+0000] {processor.py:840} INFO - DAG(s) 'example_short_circuit_operator' retrieved from /home/airflow/.local/lib/python3.8/site-packages/airflow/example_dags/example_short_circuit_operator.py
[2025-07-08T10:05:34.789+0000] {logging_mixin.py:188} INFO - [2025-07-08T10:05:34.789+0000] {dag.py:3036} INFO - Sync 1 DAGs
[2025-07-08T10:05:34.829+0000] {logging_mixin.py:188} INFO - [2025-07-08T10:05:34.828+0000] {dag.py:3823} INFO - Setting next_dagrun for example_short_circuit_operator to 2025-07-07 00:00:00+00:00, run_after=2025-07-08 00:00:00+00:00
[2025-07-08T10:05:34.867+0000] {processor.py:183} INFO - Processing /home/airflow/.local/lib/python3.8/site-packages/airflow/example_dags/example_short_circuit_operator.py took 0.152 seconds
[2025-07-08T10:06:05.559+0000] {processor.py:161} INFO - Started process (PID=7798) to work on /home/airflow/.local/lib/python3.8/site-packages/airflow/example_dags/example_short_circuit_operator.py
[2025-07-08T10:06:05.560+0000] {processor.py:830} INFO - Processing file /home/airflow/.local/lib/python3.8/site-packages/airflow/example_dags/example_short_circuit_operator.py for tasks to queue
[2025-07-08T10:06:05.563+0000] {logging_mixin.py:188} INFO - [2025-07-08T10:06:05.562+0000] {dagbag.py:538} INFO - Filling up the DagBag from /home/airflow/.local/lib/python3.8/site-packages/airflow/example_dags/example_short_circuit_operator.py
[2025-07-08T10:06:05.575+0000] {processor.py:840} INFO - DAG(s) 'example_short_circuit_operator' retrieved from /home/airflow/.local/lib/python3.8/site-packages/airflow/example_dags/example_short_circuit_operator.py
[2025-07-08T10:06:05.615+0000] {logging_mixin.py:188} INFO - [2025-07-08T10:06:05.614+0000] {dag.py:3036} INFO - Sync 1 DAGs
[2025-07-08T10:06:05.654+0000] {logging_mixin.py:188} INFO - [2025-07-08T10:06:05.654+0000] {dag.py:3823} INFO - Setting next_dagrun for example_short_circuit_operator to 2025-07-07 00:00:00+00:00, run_after=2025-07-08 00:00:00+00:00
[2025-07-08T10:06:05.689+0000] {processor.py:183} INFO - Processing /home/airflow/.local/lib/python3.8/site-packages/airflow/example_dags/example_short_circuit_operator.py took 0.136 seconds
[2025-07-08T10:06:36.277+0000] {processor.py:161} INFO - Started process (PID=7865) to work on /home/airflow/.local/lib/python3.8/site-packages/airflow/example_dags/example_short_circuit_operator.py
[2025-07-08T10:06:36.280+0000] {processor.py:830} INFO - Processing file /home/airflow/.local/lib/python3.8/site-packages/airflow/example_dags/example_short_circuit_operator.py for tasks to queue
[2025-07-08T10:06:36.284+0000] {logging_mixin.py:188} INFO - [2025-07-08T10:06:36.283+0000] {dagbag.py:538} INFO - Filling up the DagBag from /home/airflow/.local/lib/python3.8/site-packages/airflow/example_dags/example_short_circuit_operator.py
[2025-07-08T10:06:36.307+0000] {processor.py:840} INFO - DAG(s) 'example_short_circuit_operator' retrieved from /home/airflow/.local/lib/python3.8/site-packages/airflow/example_dags/example_short_circuit_operator.py
[2025-07-08T10:06:36.355+0000] {logging_mixin.py:188} INFO - [2025-07-08T10:06:36.354+0000] {dag.py:3036} INFO - Sync 1 DAGs
[2025-07-08T10:06:36.392+0000] {logging_mixin.py:188} INFO - [2025-07-08T10:06:36.391+0000] {dag.py:3823} INFO - Setting next_dagrun for example_short_circuit_operator to 2025-07-07 00:00:00+00:00, run_after=2025-07-08 00:00:00+00:00
[2025-07-08T10:06:36.424+0000] {processor.py:183} INFO - Processing /home/airflow/.local/lib/python3.8/site-packages/airflow/example_dags/example_short_circuit_operator.py took 0.153 seconds
[2025-07-08T10:07:09.081+0000] {processor.py:161} INFO - Started process (PID=7935) to work on /home/airflow/.local/lib/python3.8/site-packages/airflow/example_dags/example_short_circuit_operator.py
[2025-07-08T10:07:09.082+0000] {processor.py:830} INFO - Processing file /home/airflow/.local/lib/python3.8/site-packages/airflow/example_dags/example_short_circuit_operator.py for tasks to queue
[2025-07-08T10:07:09.089+0000] {logging_mixin.py:188} INFO - [2025-07-08T10:07:09.089+0000] {dagbag.py:538} INFO - Filling up the DagBag from /home/airflow/.local/lib/python3.8/site-packages/airflow/example_dags/example_short_circuit_operator.py
[2025-07-08T10:07:09.122+0000] {processor.py:840} INFO - DAG(s) 'example_short_circuit_operator' retrieved from /home/airflow/.local/lib/python3.8/site-packages/airflow/example_dags/example_short_circuit_operator.py
[2025-07-08T10:07:09.229+0000] {logging_mixin.py:188} INFO - [2025-07-08T10:07:09.229+0000] {dag.py:3036} INFO - Sync 1 DAGs
[2025-07-08T10:07:09.309+0000] {logging_mixin.py:188} INFO - [2025-07-08T10:07:09.309+0000] {dag.py:3823} INFO - Setting next_dagrun for example_short_circuit_operator to 2025-07-07 00:00:00+00:00, run_after=2025-07-08 00:00:00+00:00
[2025-07-08T10:07:09.375+0000] {processor.py:183} INFO - Processing /home/airflow/.local/lib/python3.8/site-packages/airflow/example_dags/example_short_circuit_operator.py took 0.314 seconds
[2025-07-08T10:07:40.223+0000] {processor.py:161} INFO - Started process (PID=7994) to work on /home/airflow/.local/lib/python3.8/site-packages/airflow/example_dags/example_short_circuit_operator.py
[2025-07-08T10:07:40.232+0000] {processor.py:830} INFO - Processing file /home/airflow/.local/lib/python3.8/site-packages/airflow/example_dags/example_short_circuit_operator.py for tasks to queue
[2025-07-08T10:07:40.248+0000] {logging_mixin.py:188} INFO - [2025-07-08T10:07:40.236+0000] {dagbag.py:538} INFO - Filling up the DagBag from /home/airflow/.local/lib/python3.8/site-packages/airflow/example_dags/example_short_circuit_operator.py
[2025-07-08T10:07:40.280+0000] {processor.py:840} INFO - DAG(s) 'example_short_circuit_operator' retrieved from /home/airflow/.local/lib/python3.8/site-packages/airflow/example_dags/example_short_circuit_operator.py
[2025-07-08T10:07:40.409+0000] {logging_mixin.py:188} INFO - [2025-07-08T10:07:40.409+0000] {dag.py:3036} INFO - Sync 1 DAGs
[2025-07-08T10:07:40.542+0000] {logging_mixin.py:188} INFO - [2025-07-08T10:07:40.542+0000] {dag.py:3823} INFO - Setting next_dagrun for example_short_circuit_operator to 2025-07-07 00:00:00+00:00, run_after=2025-07-08 00:00:00+00:00
[2025-07-08T10:07:40.653+0000] {processor.py:183} INFO - Processing /home/airflow/.local/lib/python3.8/site-packages/airflow/example_dags/example_short_circuit_operator.py took 0.437 seconds
[2025-07-08T10:08:11.241+0000] {processor.py:161} INFO - Started process (PID=8058) to work on /home/airflow/.local/lib/python3.8/site-packages/airflow/example_dags/example_short_circuit_operator.py
[2025-07-08T10:08:11.243+0000] {processor.py:830} INFO - Processing file /home/airflow/.local/lib/python3.8/site-packages/airflow/example_dags/example_short_circuit_operator.py for tasks to queue
[2025-07-08T10:08:11.246+0000] {logging_mixin.py:188} INFO - [2025-07-08T10:08:11.246+0000] {dagbag.py:538} INFO - Filling up the DagBag from /home/airflow/.local/lib/python3.8/site-packages/airflow/example_dags/example_short_circuit_operator.py
[2025-07-08T10:08:11.264+0000] {processor.py:840} INFO - DAG(s) 'example_short_circuit_operator' retrieved from /home/airflow/.local/lib/python3.8/site-packages/airflow/example_dags/example_short_circuit_operator.py
[2025-07-08T10:08:11.323+0000] {logging_mixin.py:188} INFO - [2025-07-08T10:08:11.323+0000] {dag.py:3036} INFO - Sync 1 DAGs
[2025-07-08T10:08:11.381+0000] {logging_mixin.py:188} INFO - [2025-07-08T10:08:11.381+0000] {dag.py:3823} INFO - Setting next_dagrun for example_short_circuit_operator to 2025-07-07 00:00:00+00:00, run_after=2025-07-08 00:00:00+00:00
[2025-07-08T10:08:11.428+0000] {processor.py:183} INFO - Processing /home/airflow/.local/lib/python3.8/site-packages/airflow/example_dags/example_short_circuit_operator.py took 0.194 seconds
[2025-07-08T10:08:41.709+0000] {processor.py:161} INFO - Started process (PID=8125) to work on /home/airflow/.local/lib/python3.8/site-packages/airflow/example_dags/example_short_circuit_operator.py
[2025-07-08T10:08:41.716+0000] {processor.py:830} INFO - Processing file /home/airflow/.local/lib/python3.8/site-packages/airflow/example_dags/example_short_circuit_operator.py for tasks to queue
[2025-07-08T10:08:41.719+0000] {logging_mixin.py:188} INFO - [2025-07-08T10:08:41.719+0000] {dagbag.py:538} INFO - Filling up the DagBag from /home/airflow/.local/lib/python3.8/site-packages/airflow/example_dags/example_short_circuit_operator.py
[2025-07-08T10:08:41.751+0000] {processor.py:840} INFO - DAG(s) 'example_short_circuit_operator' retrieved from /home/airflow/.local/lib/python3.8/site-packages/airflow/example_dags/example_short_circuit_operator.py
[2025-07-08T10:08:41.823+0000] {logging_mixin.py:188} INFO - [2025-07-08T10:08:41.823+0000] {dag.py:3036} INFO - Sync 1 DAGs
[2025-07-08T10:08:41.884+0000] {logging_mixin.py:188} INFO - [2025-07-08T10:08:41.883+0000] {dag.py:3823} INFO - Setting next_dagrun for example_short_circuit_operator to 2025-07-07 00:00:00+00:00, run_after=2025-07-08 00:00:00+00:00
[2025-07-08T10:08:42.067+0000] {processor.py:183} INFO - Processing /home/airflow/.local/lib/python3.8/site-packages/airflow/example_dags/example_short_circuit_operator.py took 0.369 seconds
[2025-07-08T10:09:12.467+0000] {processor.py:161} INFO - Started process (PID=8192) to work on /home/airflow/.local/lib/python3.8/site-packages/airflow/example_dags/example_short_circuit_operator.py
[2025-07-08T10:09:12.469+0000] {processor.py:830} INFO - Processing file /home/airflow/.local/lib/python3.8/site-packages/airflow/example_dags/example_short_circuit_operator.py for tasks to queue
[2025-07-08T10:09:12.472+0000] {logging_mixin.py:188} INFO - [2025-07-08T10:09:12.471+0000] {dagbag.py:538} INFO - Filling up the DagBag from /home/airflow/.local/lib/python3.8/site-packages/airflow/example_dags/example_short_circuit_operator.py
[2025-07-08T10:09:12.489+0000] {processor.py:840} INFO - DAG(s) 'example_short_circuit_operator' retrieved from /home/airflow/.local/lib/python3.8/site-packages/airflow/example_dags/example_short_circuit_operator.py
[2025-07-08T10:09:12.571+0000] {logging_mixin.py:188} INFO - [2025-07-08T10:09:12.571+0000] {dag.py:3036} INFO - Sync 1 DAGs
[2025-07-08T10:09:12.690+0000] {logging_mixin.py:188} INFO - [2025-07-08T10:09:12.690+0000] {dag.py:3823} INFO - Setting next_dagrun for example_short_circuit_operator to 2025-07-07 00:00:00+00:00, run_after=2025-07-08 00:00:00+00:00
[2025-07-08T10:09:12.757+0000] {processor.py:183} INFO - Processing /home/airflow/.local/lib/python3.8/site-packages/airflow/example_dags/example_short_circuit_operator.py took 0.296 seconds
[2025-07-08T10:09:43.749+0000] {processor.py:161} INFO - Started process (PID=8260) to work on /home/airflow/.local/lib/python3.8/site-packages/airflow/example_dags/example_short_circuit_operator.py
[2025-07-08T10:09:43.755+0000] {processor.py:830} INFO - Processing file /home/airflow/.local/lib/python3.8/site-packages/airflow/example_dags/example_short_circuit_operator.py for tasks to queue
[2025-07-08T10:09:43.770+0000] {logging_mixin.py:188} INFO - [2025-07-08T10:09:43.769+0000] {dagbag.py:538} INFO - Filling up the DagBag from /home/airflow/.local/lib/python3.8/site-packages/airflow/example_dags/example_short_circuit_operator.py
[2025-07-08T10:09:43.803+0000] {processor.py:840} INFO - DAG(s) 'example_short_circuit_operator' retrieved from /home/airflow/.local/lib/python3.8/site-packages/airflow/example_dags/example_short_circuit_operator.py
[2025-07-08T10:09:43.852+0000] {logging_mixin.py:188} INFO - [2025-07-08T10:09:43.851+0000] {dag.py:3036} INFO - Sync 1 DAGs
[2025-07-08T10:09:43.900+0000] {logging_mixin.py:188} INFO - [2025-07-08T10:09:43.900+0000] {dag.py:3823} INFO - Setting next_dagrun for example_short_circuit_operator to 2025-07-07 00:00:00+00:00, run_after=2025-07-08 00:00:00+00:00
[2025-07-08T10:09:43.964+0000] {processor.py:183} INFO - Processing /home/airflow/.local/lib/python3.8/site-packages/airflow/example_dags/example_short_circuit_operator.py took 0.238 seconds
[2025-07-08T10:10:14.934+0000] {processor.py:161} INFO - Started process (PID=8329) to work on /home/airflow/.local/lib/python3.8/site-packages/airflow/example_dags/example_short_circuit_operator.py
[2025-07-08T10:10:14.935+0000] {processor.py:830} INFO - Processing file /home/airflow/.local/lib/python3.8/site-packages/airflow/example_dags/example_short_circuit_operator.py for tasks to queue
[2025-07-08T10:10:14.945+0000] {logging_mixin.py:188} INFO - [2025-07-08T10:10:14.944+0000] {dagbag.py:538} INFO - Filling up the DagBag from /home/airflow/.local/lib/python3.8/site-packages/airflow/example_dags/example_short_circuit_operator.py
[2025-07-08T10:10:15.003+0000] {processor.py:840} INFO - DAG(s) 'example_short_circuit_operator' retrieved from /home/airflow/.local/lib/python3.8/site-packages/airflow/example_dags/example_short_circuit_operator.py
[2025-07-08T10:10:15.125+0000] {logging_mixin.py:188} INFO - [2025-07-08T10:10:15.123+0000] {dag.py:3036} INFO - Sync 1 DAGs
[2025-07-08T10:10:15.217+0000] {logging_mixin.py:188} INFO - [2025-07-08T10:10:15.217+0000] {dag.py:3823} INFO - Setting next_dagrun for example_short_circuit_operator to 2025-07-07 00:00:00+00:00, run_after=2025-07-08 00:00:00+00:00
[2025-07-08T10:10:15.274+0000] {processor.py:183} INFO - Processing /home/airflow/.local/lib/python3.8/site-packages/airflow/example_dags/example_short_circuit_operator.py took 0.351 seconds
[2025-07-08T10:10:46.171+0000] {processor.py:161} INFO - Started process (PID=8396) to work on /home/airflow/.local/lib/python3.8/site-packages/airflow/example_dags/example_short_circuit_operator.py
[2025-07-08T10:10:46.181+0000] {processor.py:830} INFO - Processing file /home/airflow/.local/lib/python3.8/site-packages/airflow/example_dags/example_short_circuit_operator.py for tasks to queue
[2025-07-08T10:10:46.184+0000] {logging_mixin.py:188} INFO - [2025-07-08T10:10:46.184+0000] {dagbag.py:538} INFO - Filling up the DagBag from /home/airflow/.local/lib/python3.8/site-packages/airflow/example_dags/example_short_circuit_operator.py
[2025-07-08T10:10:46.232+0000] {processor.py:840} INFO - DAG(s) 'example_short_circuit_operator' retrieved from /home/airflow/.local/lib/python3.8/site-packages/airflow/example_dags/example_short_circuit_operator.py
[2025-07-08T10:10:46.279+0000] {logging_mixin.py:188} INFO - [2025-07-08T10:10:46.278+0000] {dag.py:3036} INFO - Sync 1 DAGs
[2025-07-08T10:10:46.322+0000] {logging_mixin.py:188} INFO - [2025-07-08T10:10:46.321+0000] {dag.py:3823} INFO - Setting next_dagrun for example_short_circuit_operator to 2025-07-07 00:00:00+00:00, run_after=2025-07-08 00:00:00+00:00
[2025-07-08T10:10:46.368+0000] {processor.py:183} INFO - Processing /home/airflow/.local/lib/python3.8/site-packages/airflow/example_dags/example_short_circuit_operator.py took 0.203 seconds
[2025-07-08T10:11:16.604+0000] {processor.py:161} INFO - Started process (PID=8455) to work on /home/airflow/.local/lib/python3.8/site-packages/airflow/example_dags/example_short_circuit_operator.py
[2025-07-08T10:11:16.606+0000] {processor.py:830} INFO - Processing file /home/airflow/.local/lib/python3.8/site-packages/airflow/example_dags/example_short_circuit_operator.py for tasks to queue
[2025-07-08T10:11:16.610+0000] {logging_mixin.py:188} INFO - [2025-07-08T10:11:16.609+0000] {dagbag.py:538} INFO - Filling up the DagBag from /home/airflow/.local/lib/python3.8/site-packages/airflow/example_dags/example_short_circuit_operator.py
[2025-07-08T10:11:16.625+0000] {processor.py:840} INFO - DAG(s) 'example_short_circuit_operator' retrieved from /home/airflow/.local/lib/python3.8/site-packages/airflow/example_dags/example_short_circuit_operator.py
[2025-07-08T10:11:16.668+0000] {logging_mixin.py:188} INFO - [2025-07-08T10:11:16.667+0000] {dag.py:3036} INFO - Sync 1 DAGs
[2025-07-08T10:11:16.703+0000] {logging_mixin.py:188} INFO - [2025-07-08T10:11:16.702+0000] {dag.py:3823} INFO - Setting next_dagrun for example_short_circuit_operator to 2025-07-07 00:00:00+00:00, run_after=2025-07-08 00:00:00+00:00
[2025-07-08T10:11:16.733+0000] {processor.py:183} INFO - Processing /home/airflow/.local/lib/python3.8/site-packages/airflow/example_dags/example_short_circuit_operator.py took 0.135 seconds
[2025-07-08T10:11:47.704+0000] {processor.py:161} INFO - Started process (PID=8523) to work on /home/airflow/.local/lib/python3.8/site-packages/airflow/example_dags/example_short_circuit_operator.py
[2025-07-08T10:11:47.709+0000] {processor.py:830} INFO - Processing file /home/airflow/.local/lib/python3.8/site-packages/airflow/example_dags/example_short_circuit_operator.py for tasks to queue
[2025-07-08T10:11:47.712+0000] {logging_mixin.py:188} INFO - [2025-07-08T10:11:47.711+0000] {dagbag.py:538} INFO - Filling up the DagBag from /home/airflow/.local/lib/python3.8/site-packages/airflow/example_dags/example_short_circuit_operator.py
[2025-07-08T10:11:47.725+0000] {processor.py:840} INFO - DAG(s) 'example_short_circuit_operator' retrieved from /home/airflow/.local/lib/python3.8/site-packages/airflow/example_dags/example_short_circuit_operator.py
[2025-07-08T10:11:47.765+0000] {logging_mixin.py:188} INFO - [2025-07-08T10:11:47.764+0000] {dag.py:3036} INFO - Sync 1 DAGs
[2025-07-08T10:11:47.803+0000] {logging_mixin.py:188} INFO - [2025-07-08T10:11:47.802+0000] {dag.py:3823} INFO - Setting next_dagrun for example_short_circuit_operator to 2025-07-07 00:00:00+00:00, run_after=2025-07-08 00:00:00+00:00
[2025-07-08T10:11:47.836+0000] {processor.py:183} INFO - Processing /home/airflow/.local/lib/python3.8/site-packages/airflow/example_dags/example_short_circuit_operator.py took 0.138 seconds
[2025-07-08T10:12:17.893+0000] {processor.py:161} INFO - Started process (PID=8592) to work on /home/airflow/.local/lib/python3.8/site-packages/airflow/example_dags/example_short_circuit_operator.py
[2025-07-08T10:12:17.894+0000] {processor.py:830} INFO - Processing file /home/airflow/.local/lib/python3.8/site-packages/airflow/example_dags/example_short_circuit_operator.py for tasks to queue
[2025-07-08T10:12:17.898+0000] {logging_mixin.py:188} INFO - [2025-07-08T10:12:17.897+0000] {dagbag.py:538} INFO - Filling up the DagBag from /home/airflow/.local/lib/python3.8/site-packages/airflow/example_dags/example_short_circuit_operator.py
[2025-07-08T10:12:17.917+0000] {processor.py:840} INFO - DAG(s) 'example_short_circuit_operator' retrieved from /home/airflow/.local/lib/python3.8/site-packages/airflow/example_dags/example_short_circuit_operator.py
[2025-07-08T10:12:17.978+0000] {logging_mixin.py:188} INFO - [2025-07-08T10:12:17.977+0000] {dag.py:3036} INFO - Sync 1 DAGs
[2025-07-08T10:12:18.023+0000] {logging_mixin.py:188} INFO - [2025-07-08T10:12:18.023+0000] {dag.py:3823} INFO - Setting next_dagrun for example_short_circuit_operator to 2025-07-07 00:00:00+00:00, run_after=2025-07-08 00:00:00+00:00
[2025-07-08T10:12:18.059+0000] {processor.py:183} INFO - Processing /home/airflow/.local/lib/python3.8/site-packages/airflow/example_dags/example_short_circuit_operator.py took 0.172 seconds
[2025-07-08T10:12:49.433+0000] {processor.py:161} INFO - Started process (PID=8657) to work on /home/airflow/.local/lib/python3.8/site-packages/airflow/example_dags/example_short_circuit_operator.py
[2025-07-08T10:12:49.435+0000] {processor.py:830} INFO - Processing file /home/airflow/.local/lib/python3.8/site-packages/airflow/example_dags/example_short_circuit_operator.py for tasks to queue
[2025-07-08T10:12:49.439+0000] {logging_mixin.py:188} INFO - [2025-07-08T10:12:49.438+0000] {dagbag.py:538} INFO - Filling up the DagBag from /home/airflow/.local/lib/python3.8/site-packages/airflow/example_dags/example_short_circuit_operator.py
[2025-07-08T10:12:49.479+0000] {processor.py:840} INFO - DAG(s) 'example_short_circuit_operator' retrieved from /home/airflow/.local/lib/python3.8/site-packages/airflow/example_dags/example_short_circuit_operator.py
[2025-07-08T10:12:49.581+0000] {logging_mixin.py:188} INFO - [2025-07-08T10:12:49.581+0000] {dag.py:3036} INFO - Sync 1 DAGs
[2025-07-08T10:12:49.668+0000] {logging_mixin.py:188} INFO - [2025-07-08T10:12:49.667+0000] {dag.py:3823} INFO - Setting next_dagrun for example_short_circuit_operator to 2025-07-07 00:00:00+00:00, run_after=2025-07-08 00:00:00+00:00
[2025-07-08T10:12:49.739+0000] {processor.py:183} INFO - Processing /home/airflow/.local/lib/python3.8/site-packages/airflow/example_dags/example_short_circuit_operator.py took 0.333 seconds
[2025-07-08T10:13:20.689+0000] {processor.py:161} INFO - Started process (PID=8718) to work on /home/airflow/.local/lib/python3.8/site-packages/airflow/example_dags/example_short_circuit_operator.py
[2025-07-08T10:13:20.691+0000] {processor.py:830} INFO - Processing file /home/airflow/.local/lib/python3.8/site-packages/airflow/example_dags/example_short_circuit_operator.py for tasks to queue
[2025-07-08T10:13:20.706+0000] {logging_mixin.py:188} INFO - [2025-07-08T10:13:20.706+0000] {dagbag.py:538} INFO - Filling up the DagBag from /home/airflow/.local/lib/python3.8/site-packages/airflow/example_dags/example_short_circuit_operator.py
[2025-07-08T10:13:20.747+0000] {processor.py:840} INFO - DAG(s) 'example_short_circuit_operator' retrieved from /home/airflow/.local/lib/python3.8/site-packages/airflow/example_dags/example_short_circuit_operator.py
[2025-07-08T10:13:20.888+0000] {logging_mixin.py:188} INFO - [2025-07-08T10:13:20.888+0000] {dag.py:3036} INFO - Sync 1 DAGs
[2025-07-08T10:13:20.932+0000] {logging_mixin.py:188} INFO - [2025-07-08T10:13:20.932+0000] {dag.py:3823} INFO - Setting next_dagrun for example_short_circuit_operator to 2025-07-07 00:00:00+00:00, run_after=2025-07-08 00:00:00+00:00
[2025-07-08T10:13:20.998+0000] {processor.py:183} INFO - Processing /home/airflow/.local/lib/python3.8/site-packages/airflow/example_dags/example_short_circuit_operator.py took 0.328 seconds
[2025-07-08T10:13:52.618+0000] {processor.py:161} INFO - Started process (PID=8790) to work on /home/airflow/.local/lib/python3.8/site-packages/airflow/example_dags/example_short_circuit_operator.py
[2025-07-08T10:13:52.632+0000] {processor.py:830} INFO - Processing file /home/airflow/.local/lib/python3.8/site-packages/airflow/example_dags/example_short_circuit_operator.py for tasks to queue
[2025-07-08T10:13:52.635+0000] {logging_mixin.py:188} INFO - [2025-07-08T10:13:52.635+0000] {dagbag.py:538} INFO - Filling up the DagBag from /home/airflow/.local/lib/python3.8/site-packages/airflow/example_dags/example_short_circuit_operator.py
[2025-07-08T10:13:52.672+0000] {processor.py:840} INFO - DAG(s) 'example_short_circuit_operator' retrieved from /home/airflow/.local/lib/python3.8/site-packages/airflow/example_dags/example_short_circuit_operator.py
[2025-07-08T10:13:52.769+0000] {logging_mixin.py:188} INFO - [2025-07-08T10:13:52.769+0000] {dag.py:3036} INFO - Sync 1 DAGs
[2025-07-08T10:13:52.875+0000] {logging_mixin.py:188} INFO - [2025-07-08T10:13:52.875+0000] {dag.py:3823} INFO - Setting next_dagrun for example_short_circuit_operator to 2025-07-07 00:00:00+00:00, run_after=2025-07-08 00:00:00+00:00
[2025-07-08T10:13:52.951+0000] {processor.py:183} INFO - Processing /home/airflow/.local/lib/python3.8/site-packages/airflow/example_dags/example_short_circuit_operator.py took 0.339 seconds
[2025-07-08T10:14:23.546+0000] {processor.py:161} INFO - Started process (PID=8858) to work on /home/airflow/.local/lib/python3.8/site-packages/airflow/example_dags/example_short_circuit_operator.py
[2025-07-08T10:14:23.547+0000] {processor.py:830} INFO - Processing file /home/airflow/.local/lib/python3.8/site-packages/airflow/example_dags/example_short_circuit_operator.py for tasks to queue
[2025-07-08T10:14:23.550+0000] {logging_mixin.py:188} INFO - [2025-07-08T10:14:23.550+0000] {dagbag.py:538} INFO - Filling up the DagBag from /home/airflow/.local/lib/python3.8/site-packages/airflow/example_dags/example_short_circuit_operator.py
[2025-07-08T10:14:23.583+0000] {processor.py:840} INFO - DAG(s) 'example_short_circuit_operator' retrieved from /home/airflow/.local/lib/python3.8/site-packages/airflow/example_dags/example_short_circuit_operator.py
[2025-07-08T10:14:23.631+0000] {logging_mixin.py:188} INFO - [2025-07-08T10:14:23.631+0000] {dag.py:3036} INFO - Sync 1 DAGs
[2025-07-08T10:14:23.679+0000] {logging_mixin.py:188} INFO - [2025-07-08T10:14:23.678+0000] {dag.py:3823} INFO - Setting next_dagrun for example_short_circuit_operator to 2025-07-07 00:00:00+00:00, run_after=2025-07-08 00:00:00+00:00
[2025-07-08T10:14:23.734+0000] {processor.py:183} INFO - Processing /home/airflow/.local/lib/python3.8/site-packages/airflow/example_dags/example_short_circuit_operator.py took 0.195 seconds
[2025-07-08T10:14:54.039+0000] {processor.py:161} INFO - Started process (PID=8923) to work on /home/airflow/.local/lib/python3.8/site-packages/airflow/example_dags/example_short_circuit_operator.py
[2025-07-08T10:14:54.044+0000] {processor.py:830} INFO - Processing file /home/airflow/.local/lib/python3.8/site-packages/airflow/example_dags/example_short_circuit_operator.py for tasks to queue
[2025-07-08T10:14:54.047+0000] {logging_mixin.py:188} INFO - [2025-07-08T10:14:54.047+0000] {dagbag.py:538} INFO - Filling up the DagBag from /home/airflow/.local/lib/python3.8/site-packages/airflow/example_dags/example_short_circuit_operator.py
[2025-07-08T10:14:54.079+0000] {processor.py:840} INFO - DAG(s) 'example_short_circuit_operator' retrieved from /home/airflow/.local/lib/python3.8/site-packages/airflow/example_dags/example_short_circuit_operator.py
[2025-07-08T10:14:54.173+0000] {logging_mixin.py:188} INFO - [2025-07-08T10:14:54.173+0000] {dag.py:3036} INFO - Sync 1 DAGs
[2025-07-08T10:14:54.290+0000] {logging_mixin.py:188} INFO - [2025-07-08T10:14:54.290+0000] {dag.py:3823} INFO - Setting next_dagrun for example_short_circuit_operator to 2025-07-07 00:00:00+00:00, run_after=2025-07-08 00:00:00+00:00
[2025-07-08T10:14:54.350+0000] {processor.py:183} INFO - Processing /home/airflow/.local/lib/python3.8/site-packages/airflow/example_dags/example_short_circuit_operator.py took 0.324 seconds
[2025-07-08T10:15:24.492+0000] {processor.py:161} INFO - Started process (PID=8983) to work on /home/airflow/.local/lib/python3.8/site-packages/airflow/example_dags/example_short_circuit_operator.py
[2025-07-08T10:15:24.493+0000] {processor.py:830} INFO - Processing file /home/airflow/.local/lib/python3.8/site-packages/airflow/example_dags/example_short_circuit_operator.py for tasks to queue
[2025-07-08T10:15:24.497+0000] {logging_mixin.py:188} INFO - [2025-07-08T10:15:24.496+0000] {dagbag.py:538} INFO - Filling up the DagBag from /home/airflow/.local/lib/python3.8/site-packages/airflow/example_dags/example_short_circuit_operator.py
[2025-07-08T10:15:24.509+0000] {processor.py:840} INFO - DAG(s) 'example_short_circuit_operator' retrieved from /home/airflow/.local/lib/python3.8/site-packages/airflow/example_dags/example_short_circuit_operator.py
[2025-07-08T10:15:24.558+0000] {logging_mixin.py:188} INFO - [2025-07-08T10:15:24.557+0000] {dag.py:3036} INFO - Sync 1 DAGs
[2025-07-08T10:15:24.608+0000] {logging_mixin.py:188} INFO - [2025-07-08T10:15:24.608+0000] {dag.py:3823} INFO - Setting next_dagrun for example_short_circuit_operator to 2025-07-07 00:00:00+00:00, run_after=2025-07-08 00:00:00+00:00
[2025-07-08T10:15:24.645+0000] {processor.py:183} INFO - Processing /home/airflow/.local/lib/python3.8/site-packages/airflow/example_dags/example_short_circuit_operator.py took 0.159 seconds
[2025-07-08T10:15:54.916+0000] {processor.py:161} INFO - Started process (PID=9050) to work on /home/airflow/.local/lib/python3.8/site-packages/airflow/example_dags/example_short_circuit_operator.py
[2025-07-08T10:15:54.918+0000] {processor.py:830} INFO - Processing file /home/airflow/.local/lib/python3.8/site-packages/airflow/example_dags/example_short_circuit_operator.py for tasks to queue
[2025-07-08T10:15:54.921+0000] {logging_mixin.py:188} INFO - [2025-07-08T10:15:54.920+0000] {dagbag.py:538} INFO - Filling up the DagBag from /home/airflow/.local/lib/python3.8/site-packages/airflow/example_dags/example_short_circuit_operator.py
[2025-07-08T10:15:54.933+0000] {processor.py:840} INFO - DAG(s) 'example_short_circuit_operator' retrieved from /home/airflow/.local/lib/python3.8/site-packages/airflow/example_dags/example_short_circuit_operator.py
[2025-07-08T10:15:54.970+0000] {logging_mixin.py:188} INFO - [2025-07-08T10:15:54.970+0000] {dag.py:3036} INFO - Sync 1 DAGs
[2025-07-08T10:15:55.006+0000] {logging_mixin.py:188} INFO - [2025-07-08T10:15:55.006+0000] {dag.py:3823} INFO - Setting next_dagrun for example_short_circuit_operator to 2025-07-07 00:00:00+00:00, run_after=2025-07-08 00:00:00+00:00
[2025-07-08T10:15:55.036+0000] {processor.py:183} INFO - Processing /home/airflow/.local/lib/python3.8/site-packages/airflow/example_dags/example_short_circuit_operator.py took 0.125 seconds
[2025-07-08T10:16:26.631+0000] {processor.py:161} INFO - Started process (PID=9120) to work on /home/airflow/.local/lib/python3.8/site-packages/airflow/example_dags/example_short_circuit_operator.py
[2025-07-08T10:16:26.633+0000] {processor.py:830} INFO - Processing file /home/airflow/.local/lib/python3.8/site-packages/airflow/example_dags/example_short_circuit_operator.py for tasks to queue
[2025-07-08T10:16:26.636+0000] {logging_mixin.py:188} INFO - [2025-07-08T10:16:26.635+0000] {dagbag.py:538} INFO - Filling up the DagBag from /home/airflow/.local/lib/python3.8/site-packages/airflow/example_dags/example_short_circuit_operator.py
[2025-07-08T10:16:26.683+0000] {processor.py:840} INFO - DAG(s) 'example_short_circuit_operator' retrieved from /home/airflow/.local/lib/python3.8/site-packages/airflow/example_dags/example_short_circuit_operator.py
[2025-07-08T10:16:26.737+0000] {logging_mixin.py:188} INFO - [2025-07-08T10:16:26.736+0000] {dag.py:3036} INFO - Sync 1 DAGs
[2025-07-08T10:16:26.790+0000] {logging_mixin.py:188} INFO - [2025-07-08T10:16:26.789+0000] {dag.py:3823} INFO - Setting next_dagrun for example_short_circuit_operator to 2025-07-07 00:00:00+00:00, run_after=2025-07-08 00:00:00+00:00
[2025-07-08T10:16:26.833+0000] {processor.py:183} INFO - Processing /home/airflow/.local/lib/python3.8/site-packages/airflow/example_dags/example_short_circuit_operator.py took 0.212 seconds
[2025-07-08T10:16:57.032+0000] {processor.py:161} INFO - Started process (PID=9181) to work on /home/airflow/.local/lib/python3.8/site-packages/airflow/example_dags/example_short_circuit_operator.py
[2025-07-08T10:16:57.035+0000] {processor.py:830} INFO - Processing file /home/airflow/.local/lib/python3.8/site-packages/airflow/example_dags/example_short_circuit_operator.py for tasks to queue
[2025-07-08T10:16:57.043+0000] {logging_mixin.py:188} INFO - [2025-07-08T10:16:57.043+0000] {dagbag.py:538} INFO - Filling up the DagBag from /home/airflow/.local/lib/python3.8/site-packages/airflow/example_dags/example_short_circuit_operator.py
[2025-07-08T10:16:57.075+0000] {processor.py:840} INFO - DAG(s) 'example_short_circuit_operator' retrieved from /home/airflow/.local/lib/python3.8/site-packages/airflow/example_dags/example_short_circuit_operator.py
[2025-07-08T10:16:57.196+0000] {logging_mixin.py:188} INFO - [2025-07-08T10:16:57.195+0000] {dag.py:3036} INFO - Sync 1 DAGs
[2025-07-08T10:16:57.350+0000] {logging_mixin.py:188} INFO - [2025-07-08T10:16:57.350+0000] {dag.py:3823} INFO - Setting next_dagrun for example_short_circuit_operator to 2025-07-07 00:00:00+00:00, run_after=2025-07-08 00:00:00+00:00
[2025-07-08T10:16:57.484+0000] {processor.py:183} INFO - Processing /home/airflow/.local/lib/python3.8/site-packages/airflow/example_dags/example_short_circuit_operator.py took 0.477 seconds
[2025-07-08T10:17:31.165+0000] {processor.py:161} INFO - Started process (PID=9248) to work on /home/airflow/.local/lib/python3.8/site-packages/airflow/example_dags/example_short_circuit_operator.py
[2025-07-08T10:17:31.169+0000] {processor.py:830} INFO - Processing file /home/airflow/.local/lib/python3.8/site-packages/airflow/example_dags/example_short_circuit_operator.py for tasks to queue
[2025-07-08T10:17:31.181+0000] {logging_mixin.py:188} INFO - [2025-07-08T10:17:31.172+0000] {dagbag.py:538} INFO - Filling up the DagBag from /home/airflow/.local/lib/python3.8/site-packages/airflow/example_dags/example_short_circuit_operator.py
[2025-07-08T10:17:31.234+0000] {processor.py:840} INFO - DAG(s) 'example_short_circuit_operator' retrieved from /home/airflow/.local/lib/python3.8/site-packages/airflow/example_dags/example_short_circuit_operator.py
[2025-07-08T10:17:31.977+0000] {logging_mixin.py:188} INFO - [2025-07-08T10:17:31.976+0000] {dag.py:3036} INFO - Sync 1 DAGs
[2025-07-08T10:17:32.041+0000] {logging_mixin.py:188} INFO - [2025-07-08T10:17:32.040+0000] {dag.py:3823} INFO - Setting next_dagrun for example_short_circuit_operator to 2025-07-07 00:00:00+00:00, run_after=2025-07-08 00:00:00+00:00
[2025-07-08T10:17:32.102+0000] {processor.py:183} INFO - Processing /home/airflow/.local/lib/python3.8/site-packages/airflow/example_dags/example_short_circuit_operator.py took 0.960 seconds
[2025-07-08T10:18:03.221+0000] {processor.py:161} INFO - Started process (PID=9313) to work on /home/airflow/.local/lib/python3.8/site-packages/airflow/example_dags/example_short_circuit_operator.py
[2025-07-08T10:18:03.222+0000] {processor.py:830} INFO - Processing file /home/airflow/.local/lib/python3.8/site-packages/airflow/example_dags/example_short_circuit_operator.py for tasks to queue
[2025-07-08T10:18:03.236+0000] {logging_mixin.py:188} INFO - [2025-07-08T10:18:03.233+0000] {dagbag.py:538} INFO - Filling up the DagBag from /home/airflow/.local/lib/python3.8/site-packages/airflow/example_dags/example_short_circuit_operator.py
[2025-07-08T10:18:03.269+0000] {processor.py:840} INFO - DAG(s) 'example_short_circuit_operator' retrieved from /home/airflow/.local/lib/python3.8/site-packages/airflow/example_dags/example_short_circuit_operator.py
[2025-07-08T10:18:03.385+0000] {logging_mixin.py:188} INFO - [2025-07-08T10:18:03.384+0000] {dag.py:3036} INFO - Sync 1 DAGs
[2025-07-08T10:18:03.525+0000] {logging_mixin.py:188} INFO - [2025-07-08T10:18:03.524+0000] {dag.py:3823} INFO - Setting next_dagrun for example_short_circuit_operator to 2025-07-07 00:00:00+00:00, run_after=2025-07-08 00:00:00+00:00
[2025-07-08T10:18:03.622+0000] {processor.py:183} INFO - Processing /home/airflow/.local/lib/python3.8/site-packages/airflow/example_dags/example_short_circuit_operator.py took 0.427 seconds
[2025-07-08T10:18:34.363+0000] {processor.py:161} INFO - Started process (PID=9378) to work on /home/airflow/.local/lib/python3.8/site-packages/airflow/example_dags/example_short_circuit_operator.py
[2025-07-08T10:18:34.366+0000] {processor.py:830} INFO - Processing file /home/airflow/.local/lib/python3.8/site-packages/airflow/example_dags/example_short_circuit_operator.py for tasks to queue
[2025-07-08T10:18:34.369+0000] {logging_mixin.py:188} INFO - [2025-07-08T10:18:34.368+0000] {dagbag.py:538} INFO - Filling up the DagBag from /home/airflow/.local/lib/python3.8/site-packages/airflow/example_dags/example_short_circuit_operator.py
[2025-07-08T10:18:34.386+0000] {processor.py:840} INFO - DAG(s) 'example_short_circuit_operator' retrieved from /home/airflow/.local/lib/python3.8/site-packages/airflow/example_dags/example_short_circuit_operator.py
[2025-07-08T10:18:34.437+0000] {logging_mixin.py:188} INFO - [2025-07-08T10:18:34.436+0000] {dag.py:3036} INFO - Sync 1 DAGs
[2025-07-08T10:18:34.487+0000] {logging_mixin.py:188} INFO - [2025-07-08T10:18:34.486+0000] {dag.py:3823} INFO - Setting next_dagrun for example_short_circuit_operator to 2025-07-07 00:00:00+00:00, run_after=2025-07-08 00:00:00+00:00
[2025-07-08T10:18:34.533+0000] {processor.py:183} INFO - Processing /home/airflow/.local/lib/python3.8/site-packages/airflow/example_dags/example_short_circuit_operator.py took 0.177 seconds
[2025-07-08T10:19:04.875+0000] {processor.py:161} INFO - Started process (PID=9445) to work on /home/airflow/.local/lib/python3.8/site-packages/airflow/example_dags/example_short_circuit_operator.py
[2025-07-08T10:19:04.877+0000] {processor.py:830} INFO - Processing file /home/airflow/.local/lib/python3.8/site-packages/airflow/example_dags/example_short_circuit_operator.py for tasks to queue
[2025-07-08T10:19:04.880+0000] {logging_mixin.py:188} INFO - [2025-07-08T10:19:04.879+0000] {dagbag.py:538} INFO - Filling up the DagBag from /home/airflow/.local/lib/python3.8/site-packages/airflow/example_dags/example_short_circuit_operator.py
[2025-07-08T10:19:04.894+0000] {processor.py:840} INFO - DAG(s) 'example_short_circuit_operator' retrieved from /home/airflow/.local/lib/python3.8/site-packages/airflow/example_dags/example_short_circuit_operator.py
[2025-07-08T10:19:04.947+0000] {logging_mixin.py:188} INFO - [2025-07-08T10:19:04.946+0000] {dag.py:3036} INFO - Sync 1 DAGs
[2025-07-08T10:19:05.027+0000] {logging_mixin.py:188} INFO - [2025-07-08T10:19:05.027+0000] {dag.py:3823} INFO - Setting next_dagrun for example_short_circuit_operator to 2025-07-07 00:00:00+00:00, run_after=2025-07-08 00:00:00+00:00
[2025-07-08T10:19:05.068+0000] {processor.py:183} INFO - Processing /home/airflow/.local/lib/python3.8/site-packages/airflow/example_dags/example_short_circuit_operator.py took 0.199 seconds
[2025-07-08T10:19:35.762+0000] {processor.py:161} INFO - Started process (PID=9516) to work on /home/airflow/.local/lib/python3.8/site-packages/airflow/example_dags/example_short_circuit_operator.py
[2025-07-08T10:19:35.765+0000] {processor.py:830} INFO - Processing file /home/airflow/.local/lib/python3.8/site-packages/airflow/example_dags/example_short_circuit_operator.py for tasks to queue
[2025-07-08T10:19:35.775+0000] {logging_mixin.py:188} INFO - [2025-07-08T10:19:35.774+0000] {dagbag.py:538} INFO - Filling up the DagBag from /home/airflow/.local/lib/python3.8/site-packages/airflow/example_dags/example_short_circuit_operator.py
[2025-07-08T10:19:35.794+0000] {processor.py:840} INFO - DAG(s) 'example_short_circuit_operator' retrieved from /home/airflow/.local/lib/python3.8/site-packages/airflow/example_dags/example_short_circuit_operator.py
[2025-07-08T10:19:35.848+0000] {logging_mixin.py:188} INFO - [2025-07-08T10:19:35.847+0000] {dag.py:3036} INFO - Sync 1 DAGs
[2025-07-08T10:19:35.905+0000] {logging_mixin.py:188} INFO - [2025-07-08T10:19:35.905+0000] {dag.py:3823} INFO - Setting next_dagrun for example_short_circuit_operator to 2025-07-07 00:00:00+00:00, run_after=2025-07-08 00:00:00+00:00
[2025-07-08T10:19:35.935+0000] {processor.py:183} INFO - Processing /home/airflow/.local/lib/python3.8/site-packages/airflow/example_dags/example_short_circuit_operator.py took 0.179 seconds
[2025-07-08T10:20:06.449+0000] {processor.py:161} INFO - Started process (PID=9582) to work on /home/airflow/.local/lib/python3.8/site-packages/airflow/example_dags/example_short_circuit_operator.py
[2025-07-08T10:20:06.451+0000] {processor.py:830} INFO - Processing file /home/airflow/.local/lib/python3.8/site-packages/airflow/example_dags/example_short_circuit_operator.py for tasks to queue
[2025-07-08T10:20:06.462+0000] {logging_mixin.py:188} INFO - [2025-07-08T10:20:06.462+0000] {dagbag.py:538} INFO - Filling up the DagBag from /home/airflow/.local/lib/python3.8/site-packages/airflow/example_dags/example_short_circuit_operator.py
[2025-07-08T10:20:06.500+0000] {processor.py:840} INFO - DAG(s) 'example_short_circuit_operator' retrieved from /home/airflow/.local/lib/python3.8/site-packages/airflow/example_dags/example_short_circuit_operator.py
[2025-07-08T10:20:06.627+0000] {logging_mixin.py:188} INFO - [2025-07-08T10:20:06.627+0000] {dag.py:3036} INFO - Sync 1 DAGs
[2025-07-08T10:20:06.811+0000] {logging_mixin.py:188} INFO - [2025-07-08T10:20:06.810+0000] {dag.py:3823} INFO - Setting next_dagrun for example_short_circuit_operator to 2025-07-07 00:00:00+00:00, run_after=2025-07-08 00:00:00+00:00
[2025-07-08T10:20:06.949+0000] {processor.py:183} INFO - Processing /home/airflow/.local/lib/python3.8/site-packages/airflow/example_dags/example_short_circuit_operator.py took 0.519 seconds
[2025-07-08T10:20:37.321+0000] {processor.py:161} INFO - Started process (PID=9642) to work on /home/airflow/.local/lib/python3.8/site-packages/airflow/example_dags/example_short_circuit_operator.py
[2025-07-08T10:20:37.345+0000] {processor.py:830} INFO - Processing file /home/airflow/.local/lib/python3.8/site-packages/airflow/example_dags/example_short_circuit_operator.py for tasks to queue
[2025-07-08T10:20:37.365+0000] {logging_mixin.py:188} INFO - [2025-07-08T10:20:37.364+0000] {dagbag.py:538} INFO - Filling up the DagBag from /home/airflow/.local/lib/python3.8/site-packages/airflow/example_dags/example_short_circuit_operator.py
[2025-07-08T10:20:37.413+0000] {processor.py:840} INFO - DAG(s) 'example_short_circuit_operator' retrieved from /home/airflow/.local/lib/python3.8/site-packages/airflow/example_dags/example_short_circuit_operator.py
[2025-07-08T10:20:37.589+0000] {logging_mixin.py:188} INFO - [2025-07-08T10:20:37.588+0000] {dag.py:3036} INFO - Sync 1 DAGs
[2025-07-08T10:20:37.714+0000] {logging_mixin.py:188} INFO - [2025-07-08T10:20:37.713+0000] {dag.py:3823} INFO - Setting next_dagrun for example_short_circuit_operator to 2025-07-07 00:00:00+00:00, run_after=2025-07-08 00:00:00+00:00
[2025-07-08T10:20:37.757+0000] {processor.py:183} INFO - Processing /home/airflow/.local/lib/python3.8/site-packages/airflow/example_dags/example_short_circuit_operator.py took 0.454 seconds
[2025-07-08T10:21:08.434+0000] {processor.py:161} INFO - Started process (PID=9709) to work on /home/airflow/.local/lib/python3.8/site-packages/airflow/example_dags/example_short_circuit_operator.py
[2025-07-08T10:21:08.439+0000] {processor.py:830} INFO - Processing file /home/airflow/.local/lib/python3.8/site-packages/airflow/example_dags/example_short_circuit_operator.py for tasks to queue
[2025-07-08T10:21:08.451+0000] {logging_mixin.py:188} INFO - [2025-07-08T10:21:08.450+0000] {dagbag.py:538} INFO - Filling up the DagBag from /home/airflow/.local/lib/python3.8/site-packages/airflow/example_dags/example_short_circuit_operator.py
[2025-07-08T10:21:08.517+0000] {processor.py:840} INFO - DAG(s) 'example_short_circuit_operator' retrieved from /home/airflow/.local/lib/python3.8/site-packages/airflow/example_dags/example_short_circuit_operator.py
[2025-07-08T10:21:08.622+0000] {logging_mixin.py:188} INFO - [2025-07-08T10:21:08.622+0000] {dag.py:3036} INFO - Sync 1 DAGs
[2025-07-08T10:21:08.744+0000] {logging_mixin.py:188} INFO - [2025-07-08T10:21:08.743+0000] {dag.py:3823} INFO - Setting next_dagrun for example_short_circuit_operator to 2025-07-07 00:00:00+00:00, run_after=2025-07-08 00:00:00+00:00
[2025-07-08T10:21:08.889+0000] {processor.py:183} INFO - Processing /home/airflow/.local/lib/python3.8/site-packages/airflow/example_dags/example_short_circuit_operator.py took 0.483 seconds
[2025-07-08T10:21:39.689+0000] {processor.py:161} INFO - Started process (PID=9775) to work on /home/airflow/.local/lib/python3.8/site-packages/airflow/example_dags/example_short_circuit_operator.py
[2025-07-08T10:21:39.693+0000] {processor.py:830} INFO - Processing file /home/airflow/.local/lib/python3.8/site-packages/airflow/example_dags/example_short_circuit_operator.py for tasks to queue
[2025-07-08T10:21:39.696+0000] {logging_mixin.py:188} INFO - [2025-07-08T10:21:39.695+0000] {dagbag.py:538} INFO - Filling up the DagBag from /home/airflow/.local/lib/python3.8/site-packages/airflow/example_dags/example_short_circuit_operator.py
[2025-07-08T10:21:39.739+0000] {processor.py:840} INFO - DAG(s) 'example_short_circuit_operator' retrieved from /home/airflow/.local/lib/python3.8/site-packages/airflow/example_dags/example_short_circuit_operator.py
[2025-07-08T10:21:39.844+0000] {logging_mixin.py:188} INFO - [2025-07-08T10:21:39.843+0000] {dag.py:3036} INFO - Sync 1 DAGs
[2025-07-08T10:21:39.890+0000] {logging_mixin.py:188} INFO - [2025-07-08T10:21:39.890+0000] {dag.py:3823} INFO - Setting next_dagrun for example_short_circuit_operator to 2025-07-07 00:00:00+00:00, run_after=2025-07-08 00:00:00+00:00
[2025-07-08T10:21:39.932+0000] {processor.py:183} INFO - Processing /home/airflow/.local/lib/python3.8/site-packages/airflow/example_dags/example_short_circuit_operator.py took 0.269 seconds
[2025-07-08T10:22:10.216+0000] {processor.py:161} INFO - Started process (PID=9836) to work on /home/airflow/.local/lib/python3.8/site-packages/airflow/example_dags/example_short_circuit_operator.py
[2025-07-08T10:22:10.217+0000] {processor.py:830} INFO - Processing file /home/airflow/.local/lib/python3.8/site-packages/airflow/example_dags/example_short_circuit_operator.py for tasks to queue
[2025-07-08T10:22:10.228+0000] {logging_mixin.py:188} INFO - [2025-07-08T10:22:10.220+0000] {dagbag.py:538} INFO - Filling up the DagBag from /home/airflow/.local/lib/python3.8/site-packages/airflow/example_dags/example_short_circuit_operator.py
[2025-07-08T10:22:10.248+0000] {processor.py:840} INFO - DAG(s) 'example_short_circuit_operator' retrieved from /home/airflow/.local/lib/python3.8/site-packages/airflow/example_dags/example_short_circuit_operator.py
[2025-07-08T10:22:10.362+0000] {logging_mixin.py:188} INFO - [2025-07-08T10:22:10.362+0000] {dag.py:3036} INFO - Sync 1 DAGs
[2025-07-08T10:22:10.463+0000] {logging_mixin.py:188} INFO - [2025-07-08T10:22:10.463+0000] {dag.py:3823} INFO - Setting next_dagrun for example_short_circuit_operator to 2025-07-07 00:00:00+00:00, run_after=2025-07-08 00:00:00+00:00
[2025-07-08T10:22:10.510+0000] {processor.py:183} INFO - Processing /home/airflow/.local/lib/python3.8/site-packages/airflow/example_dags/example_short_circuit_operator.py took 0.304 seconds
[2025-07-08T10:22:40.647+0000] {processor.py:161} INFO - Started process (PID=9904) to work on /home/airflow/.local/lib/python3.8/site-packages/airflow/example_dags/example_short_circuit_operator.py
[2025-07-08T10:22:40.656+0000] {processor.py:830} INFO - Processing file /home/airflow/.local/lib/python3.8/site-packages/airflow/example_dags/example_short_circuit_operator.py for tasks to queue
[2025-07-08T10:22:40.660+0000] {logging_mixin.py:188} INFO - [2025-07-08T10:22:40.659+0000] {dagbag.py:538} INFO - Filling up the DagBag from /home/airflow/.local/lib/python3.8/site-packages/airflow/example_dags/example_short_circuit_operator.py
[2025-07-08T10:22:40.691+0000] {processor.py:840} INFO - DAG(s) 'example_short_circuit_operator' retrieved from /home/airflow/.local/lib/python3.8/site-packages/airflow/example_dags/example_short_circuit_operator.py
[2025-07-08T10:22:40.744+0000] {logging_mixin.py:188} INFO - [2025-07-08T10:22:40.743+0000] {dag.py:3036} INFO - Sync 1 DAGs
[2025-07-08T10:22:40.842+0000] {logging_mixin.py:188} INFO - [2025-07-08T10:22:40.842+0000] {dag.py:3823} INFO - Setting next_dagrun for example_short_circuit_operator to 2025-07-07 00:00:00+00:00, run_after=2025-07-08 00:00:00+00:00
[2025-07-08T10:22:40.928+0000] {processor.py:183} INFO - Processing /home/airflow/.local/lib/python3.8/site-packages/airflow/example_dags/example_short_circuit_operator.py took 0.292 seconds
[2025-07-08T10:23:11.347+0000] {processor.py:161} INFO - Started process (PID=9971) to work on /home/airflow/.local/lib/python3.8/site-packages/airflow/example_dags/example_short_circuit_operator.py
[2025-07-08T10:23:11.360+0000] {processor.py:830} INFO - Processing file /home/airflow/.local/lib/python3.8/site-packages/airflow/example_dags/example_short_circuit_operator.py for tasks to queue
[2025-07-08T10:23:11.405+0000] {logging_mixin.py:188} INFO - [2025-07-08T10:23:11.404+0000] {dagbag.py:538} INFO - Filling up the DagBag from /home/airflow/.local/lib/python3.8/site-packages/airflow/example_dags/example_short_circuit_operator.py
[2025-07-08T10:23:11.519+0000] {processor.py:840} INFO - DAG(s) 'example_short_circuit_operator' retrieved from /home/airflow/.local/lib/python3.8/site-packages/airflow/example_dags/example_short_circuit_operator.py
[2025-07-08T10:23:11.676+0000] {logging_mixin.py:188} INFO - [2025-07-08T10:23:11.675+0000] {dag.py:3036} INFO - Sync 1 DAGs
[2025-07-08T10:23:11.793+0000] {logging_mixin.py:188} INFO - [2025-07-08T10:23:11.793+0000] {dag.py:3823} INFO - Setting next_dagrun for example_short_circuit_operator to 2025-07-07 00:00:00+00:00, run_after=2025-07-08 00:00:00+00:00
[2025-07-08T10:23:11.890+0000] {processor.py:183} INFO - Processing /home/airflow/.local/lib/python3.8/site-packages/airflow/example_dags/example_short_circuit_operator.py took 0.596 seconds
[2025-07-08T10:23:42.612+0000] {processor.py:161} INFO - Started process (PID=10038) to work on /home/airflow/.local/lib/python3.8/site-packages/airflow/example_dags/example_short_circuit_operator.py
[2025-07-08T10:23:42.617+0000] {processor.py:830} INFO - Processing file /home/airflow/.local/lib/python3.8/site-packages/airflow/example_dags/example_short_circuit_operator.py for tasks to queue
[2025-07-08T10:23:42.625+0000] {logging_mixin.py:188} INFO - [2025-07-08T10:23:42.624+0000] {dagbag.py:538} INFO - Filling up the DagBag from /home/airflow/.local/lib/python3.8/site-packages/airflow/example_dags/example_short_circuit_operator.py
[2025-07-08T10:23:42.641+0000] {processor.py:840} INFO - DAG(s) 'example_short_circuit_operator' retrieved from /home/airflow/.local/lib/python3.8/site-packages/airflow/example_dags/example_short_circuit_operator.py
[2025-07-08T10:23:42.697+0000] {logging_mixin.py:188} INFO - [2025-07-08T10:23:42.697+0000] {dag.py:3036} INFO - Sync 1 DAGs
[2025-07-08T10:23:42.747+0000] {logging_mixin.py:188} INFO - [2025-07-08T10:23:42.746+0000] {dag.py:3823} INFO - Setting next_dagrun for example_short_circuit_operator to 2025-07-07 00:00:00+00:00, run_after=2025-07-08 00:00:00+00:00
[2025-07-08T10:23:42.781+0000] {processor.py:183} INFO - Processing /home/airflow/.local/lib/python3.8/site-packages/airflow/example_dags/example_short_circuit_operator.py took 0.178 seconds
[2025-07-08T10:24:13.193+0000] {processor.py:161} INFO - Started process (PID=10099) to work on /home/airflow/.local/lib/python3.8/site-packages/airflow/example_dags/example_short_circuit_operator.py
[2025-07-08T10:24:13.195+0000] {processor.py:830} INFO - Processing file /home/airflow/.local/lib/python3.8/site-packages/airflow/example_dags/example_short_circuit_operator.py for tasks to queue
[2025-07-08T10:24:13.198+0000] {logging_mixin.py:188} INFO - [2025-07-08T10:24:13.197+0000] {dagbag.py:538} INFO - Filling up the DagBag from /home/airflow/.local/lib/python3.8/site-packages/airflow/example_dags/example_short_circuit_operator.py
[2025-07-08T10:24:13.227+0000] {processor.py:840} INFO - DAG(s) 'example_short_circuit_operator' retrieved from /home/airflow/.local/lib/python3.8/site-packages/airflow/example_dags/example_short_circuit_operator.py
[2025-07-08T10:24:13.301+0000] {logging_mixin.py:188} INFO - [2025-07-08T10:24:13.301+0000] {dag.py:3036} INFO - Sync 1 DAGs
[2025-07-08T10:24:13.363+0000] {logging_mixin.py:188} INFO - [2025-07-08T10:24:13.362+0000] {dag.py:3823} INFO - Setting next_dagrun for example_short_circuit_operator to 2025-07-07 00:00:00+00:00, run_after=2025-07-08 00:00:00+00:00
[2025-07-08T10:24:13.405+0000] {processor.py:183} INFO - Processing /home/airflow/.local/lib/python3.8/site-packages/airflow/example_dags/example_short_circuit_operator.py took 0.222 seconds
[2025-07-08T10:24:46.832+0000] {processor.py:161} INFO - Started process (PID=10168) to work on /home/airflow/.local/lib/python3.8/site-packages/airflow/example_dags/example_short_circuit_operator.py
[2025-07-08T10:24:46.848+0000] {processor.py:830} INFO - Processing file /home/airflow/.local/lib/python3.8/site-packages/airflow/example_dags/example_short_circuit_operator.py for tasks to queue
[2025-07-08T10:24:46.851+0000] {logging_mixin.py:188} INFO - [2025-07-08T10:24:46.851+0000] {dagbag.py:538} INFO - Filling up the DagBag from /home/airflow/.local/lib/python3.8/site-packages/airflow/example_dags/example_short_circuit_operator.py
[2025-07-08T10:24:46.902+0000] {processor.py:840} INFO - DAG(s) 'example_short_circuit_operator' retrieved from /home/airflow/.local/lib/python3.8/site-packages/airflow/example_dags/example_short_circuit_operator.py
[2025-07-08T10:24:47.071+0000] {logging_mixin.py:188} INFO - [2025-07-08T10:24:47.070+0000] {dag.py:3036} INFO - Sync 1 DAGs
[2025-07-08T10:24:47.338+0000] {logging_mixin.py:188} INFO - [2025-07-08T10:24:47.337+0000] {dag.py:3823} INFO - Setting next_dagrun for example_short_circuit_operator to 2025-07-07 00:00:00+00:00, run_after=2025-07-08 00:00:00+00:00
[2025-07-08T10:24:47.496+0000] {processor.py:183} INFO - Processing /home/airflow/.local/lib/python3.8/site-packages/airflow/example_dags/example_short_circuit_operator.py took 0.683 seconds
[2025-07-08T10:25:19.818+0000] {processor.py:161} INFO - Started process (PID=10235) to work on /home/airflow/.local/lib/python3.8/site-packages/airflow/example_dags/example_short_circuit_operator.py
[2025-07-08T10:25:19.819+0000] {processor.py:830} INFO - Processing file /home/airflow/.local/lib/python3.8/site-packages/airflow/example_dags/example_short_circuit_operator.py for tasks to queue
[2025-07-08T10:25:19.845+0000] {logging_mixin.py:188} INFO - [2025-07-08T10:25:19.845+0000] {dagbag.py:538} INFO - Filling up the DagBag from /home/airflow/.local/lib/python3.8/site-packages/airflow/example_dags/example_short_circuit_operator.py
[2025-07-08T10:25:19.930+0000] {processor.py:840} INFO - DAG(s) 'example_short_circuit_operator' retrieved from /home/airflow/.local/lib/python3.8/site-packages/airflow/example_dags/example_short_circuit_operator.py
[2025-07-08T10:25:20.173+0000] {logging_mixin.py:188} INFO - [2025-07-08T10:25:20.173+0000] {dag.py:3036} INFO - Sync 1 DAGs
[2025-07-08T10:25:20.355+0000] {logging_mixin.py:188} INFO - [2025-07-08T10:25:20.355+0000] {dag.py:3823} INFO - Setting next_dagrun for example_short_circuit_operator to 2025-07-07 00:00:00+00:00, run_after=2025-07-08 00:00:00+00:00
[2025-07-08T10:25:20.502+0000] {processor.py:183} INFO - Processing /home/airflow/.local/lib/python3.8/site-packages/airflow/example_dags/example_short_circuit_operator.py took 0.713 seconds
[2025-07-08T10:25:51.258+0000] {processor.py:161} INFO - Started process (PID=10293) to work on /home/airflow/.local/lib/python3.8/site-packages/airflow/example_dags/example_short_circuit_operator.py
[2025-07-08T10:25:51.261+0000] {processor.py:830} INFO - Processing file /home/airflow/.local/lib/python3.8/site-packages/airflow/example_dags/example_short_circuit_operator.py for tasks to queue
[2025-07-08T10:25:51.266+0000] {logging_mixin.py:188} INFO - [2025-07-08T10:25:51.265+0000] {dagbag.py:538} INFO - Filling up the DagBag from /home/airflow/.local/lib/python3.8/site-packages/airflow/example_dags/example_short_circuit_operator.py
[2025-07-08T10:25:51.287+0000] {processor.py:840} INFO - DAG(s) 'example_short_circuit_operator' retrieved from /home/airflow/.local/lib/python3.8/site-packages/airflow/example_dags/example_short_circuit_operator.py
[2025-07-08T10:25:51.356+0000] {logging_mixin.py:188} INFO - [2025-07-08T10:25:51.355+0000] {dag.py:3036} INFO - Sync 1 DAGs
[2025-07-08T10:25:51.422+0000] {logging_mixin.py:188} INFO - [2025-07-08T10:25:51.421+0000] {dag.py:3823} INFO - Setting next_dagrun for example_short_circuit_operator to 2025-07-07 00:00:00+00:00, run_after=2025-07-08 00:00:00+00:00
[2025-07-08T10:25:51.534+0000] {processor.py:183} INFO - Processing /home/airflow/.local/lib/python3.8/site-packages/airflow/example_dags/example_short_circuit_operator.py took 0.289 seconds
[2025-07-08T10:26:22.157+0000] {processor.py:161} INFO - Started process (PID=10360) to work on /home/airflow/.local/lib/python3.8/site-packages/airflow/example_dags/example_short_circuit_operator.py
[2025-07-08T10:26:22.159+0000] {processor.py:830} INFO - Processing file /home/airflow/.local/lib/python3.8/site-packages/airflow/example_dags/example_short_circuit_operator.py for tasks to queue
[2025-07-08T10:26:22.182+0000] {logging_mixin.py:188} INFO - [2025-07-08T10:26:22.181+0000] {dagbag.py:538} INFO - Filling up the DagBag from /home/airflow/.local/lib/python3.8/site-packages/airflow/example_dags/example_short_circuit_operator.py
[2025-07-08T10:26:22.217+0000] {processor.py:840} INFO - DAG(s) 'example_short_circuit_operator' retrieved from /home/airflow/.local/lib/python3.8/site-packages/airflow/example_dags/example_short_circuit_operator.py
[2025-07-08T10:26:22.324+0000] {logging_mixin.py:188} INFO - [2025-07-08T10:26:22.324+0000] {dag.py:3036} INFO - Sync 1 DAGs
[2025-07-08T10:26:22.427+0000] {logging_mixin.py:188} INFO - [2025-07-08T10:26:22.427+0000] {dag.py:3823} INFO - Setting next_dagrun for example_short_circuit_operator to 2025-07-07 00:00:00+00:00, run_after=2025-07-08 00:00:00+00:00
[2025-07-08T10:26:22.520+0000] {processor.py:183} INFO - Processing /home/airflow/.local/lib/python3.8/site-packages/airflow/example_dags/example_short_circuit_operator.py took 0.390 seconds
[2025-07-08T10:26:52.861+0000] {processor.py:161} INFO - Started process (PID=10428) to work on /home/airflow/.local/lib/python3.8/site-packages/airflow/example_dags/example_short_circuit_operator.py
[2025-07-08T10:26:52.869+0000] {processor.py:830} INFO - Processing file /home/airflow/.local/lib/python3.8/site-packages/airflow/example_dags/example_short_circuit_operator.py for tasks to queue
[2025-07-08T10:26:52.872+0000] {logging_mixin.py:188} INFO - [2025-07-08T10:26:52.872+0000] {dagbag.py:538} INFO - Filling up the DagBag from /home/airflow/.local/lib/python3.8/site-packages/airflow/example_dags/example_short_circuit_operator.py
[2025-07-08T10:26:52.905+0000] {processor.py:840} INFO - DAG(s) 'example_short_circuit_operator' retrieved from /home/airflow/.local/lib/python3.8/site-packages/airflow/example_dags/example_short_circuit_operator.py
[2025-07-08T10:26:52.998+0000] {logging_mixin.py:188} INFO - [2025-07-08T10:26:52.998+0000] {dag.py:3036} INFO - Sync 1 DAGs
[2025-07-08T10:26:53.108+0000] {logging_mixin.py:188} INFO - [2025-07-08T10:26:53.108+0000] {dag.py:3823} INFO - Setting next_dagrun for example_short_circuit_operator to 2025-07-07 00:00:00+00:00, run_after=2025-07-08 00:00:00+00:00
[2025-07-08T10:26:53.182+0000] {processor.py:183} INFO - Processing /home/airflow/.local/lib/python3.8/site-packages/airflow/example_dags/example_short_circuit_operator.py took 0.338 seconds
[2025-07-08T10:27:23.454+0000] {processor.py:161} INFO - Started process (PID=10488) to work on /home/airflow/.local/lib/python3.8/site-packages/airflow/example_dags/example_short_circuit_operator.py
[2025-07-08T10:27:23.473+0000] {processor.py:830} INFO - Processing file /home/airflow/.local/lib/python3.8/site-packages/airflow/example_dags/example_short_circuit_operator.py for tasks to queue
[2025-07-08T10:27:23.476+0000] {logging_mixin.py:188} INFO - [2025-07-08T10:27:23.475+0000] {dagbag.py:538} INFO - Filling up the DagBag from /home/airflow/.local/lib/python3.8/site-packages/airflow/example_dags/example_short_circuit_operator.py
[2025-07-08T10:27:23.525+0000] {processor.py:840} INFO - DAG(s) 'example_short_circuit_operator' retrieved from /home/airflow/.local/lib/python3.8/site-packages/airflow/example_dags/example_short_circuit_operator.py
[2025-07-08T10:27:23.634+0000] {logging_mixin.py:188} INFO - [2025-07-08T10:27:23.633+0000] {dag.py:3036} INFO - Sync 1 DAGs
[2025-07-08T10:27:23.731+0000] {logging_mixin.py:188} INFO - [2025-07-08T10:27:23.731+0000] {dag.py:3823} INFO - Setting next_dagrun for example_short_circuit_operator to 2025-07-07 00:00:00+00:00, run_after=2025-07-08 00:00:00+00:00
[2025-07-08T10:27:23.839+0000] {processor.py:183} INFO - Processing /home/airflow/.local/lib/python3.8/site-packages/airflow/example_dags/example_short_circuit_operator.py took 0.391 seconds
[2025-07-08T10:27:54.008+0000] {processor.py:161} INFO - Started process (PID=10556) to work on /home/airflow/.local/lib/python3.8/site-packages/airflow/example_dags/example_short_circuit_operator.py
[2025-07-08T10:27:54.012+0000] {processor.py:830} INFO - Processing file /home/airflow/.local/lib/python3.8/site-packages/airflow/example_dags/example_short_circuit_operator.py for tasks to queue
[2025-07-08T10:27:54.015+0000] {logging_mixin.py:188} INFO - [2025-07-08T10:27:54.014+0000] {dagbag.py:538} INFO - Filling up the DagBag from /home/airflow/.local/lib/python3.8/site-packages/airflow/example_dags/example_short_circuit_operator.py
[2025-07-08T10:27:54.048+0000] {processor.py:840} INFO - DAG(s) 'example_short_circuit_operator' retrieved from /home/airflow/.local/lib/python3.8/site-packages/airflow/example_dags/example_short_circuit_operator.py
[2025-07-08T10:27:54.138+0000] {logging_mixin.py:188} INFO - [2025-07-08T10:27:54.136+0000] {dag.py:3036} INFO - Sync 1 DAGs
[2025-07-08T10:27:54.223+0000] {logging_mixin.py:188} INFO - [2025-07-08T10:27:54.223+0000] {dag.py:3823} INFO - Setting next_dagrun for example_short_circuit_operator to 2025-07-07 00:00:00+00:00, run_after=2025-07-08 00:00:00+00:00
[2025-07-08T10:27:54.290+0000] {processor.py:183} INFO - Processing /home/airflow/.local/lib/python3.8/site-packages/airflow/example_dags/example_short_circuit_operator.py took 0.292 seconds
[2025-07-08T10:28:24.523+0000] {processor.py:161} INFO - Started process (PID=10624) to work on /home/airflow/.local/lib/python3.8/site-packages/airflow/example_dags/example_short_circuit_operator.py
[2025-07-08T10:28:24.525+0000] {processor.py:830} INFO - Processing file /home/airflow/.local/lib/python3.8/site-packages/airflow/example_dags/example_short_circuit_operator.py for tasks to queue
[2025-07-08T10:28:24.529+0000] {logging_mixin.py:188} INFO - [2025-07-08T10:28:24.528+0000] {dagbag.py:538} INFO - Filling up the DagBag from /home/airflow/.local/lib/python3.8/site-packages/airflow/example_dags/example_short_circuit_operator.py
[2025-07-08T10:28:24.561+0000] {processor.py:840} INFO - DAG(s) 'example_short_circuit_operator' retrieved from /home/airflow/.local/lib/python3.8/site-packages/airflow/example_dags/example_short_circuit_operator.py
[2025-07-08T10:28:24.716+0000] {logging_mixin.py:188} INFO - [2025-07-08T10:28:24.715+0000] {dag.py:3036} INFO - Sync 1 DAGs
[2025-07-08T10:28:24.848+0000] {logging_mixin.py:188} INFO - [2025-07-08T10:28:24.847+0000] {dag.py:3823} INFO - Setting next_dagrun for example_short_circuit_operator to 2025-07-07 00:00:00+00:00, run_after=2025-07-08 00:00:00+00:00
[2025-07-08T10:28:24.913+0000] {processor.py:183} INFO - Processing /home/airflow/.local/lib/python3.8/site-packages/airflow/example_dags/example_short_circuit_operator.py took 0.430 seconds
[2025-07-08T10:28:55.109+0000] {processor.py:161} INFO - Started process (PID=10682) to work on /home/airflow/.local/lib/python3.8/site-packages/airflow/example_dags/example_short_circuit_operator.py
[2025-07-08T10:28:55.111+0000] {processor.py:830} INFO - Processing file /home/airflow/.local/lib/python3.8/site-packages/airflow/example_dags/example_short_circuit_operator.py for tasks to queue
[2025-07-08T10:28:55.114+0000] {logging_mixin.py:188} INFO - [2025-07-08T10:28:55.114+0000] {dagbag.py:538} INFO - Filling up the DagBag from /home/airflow/.local/lib/python3.8/site-packages/airflow/example_dags/example_short_circuit_operator.py
[2025-07-08T10:28:55.142+0000] {processor.py:840} INFO - DAG(s) 'example_short_circuit_operator' retrieved from /home/airflow/.local/lib/python3.8/site-packages/airflow/example_dags/example_short_circuit_operator.py
[2025-07-08T10:28:55.229+0000] {logging_mixin.py:188} INFO - [2025-07-08T10:28:55.228+0000] {dag.py:3036} INFO - Sync 1 DAGs
[2025-07-08T10:28:55.321+0000] {logging_mixin.py:188} INFO - [2025-07-08T10:28:55.320+0000] {dag.py:3823} INFO - Setting next_dagrun for example_short_circuit_operator to 2025-07-07 00:00:00+00:00, run_after=2025-07-08 00:00:00+00:00
[2025-07-08T10:28:55.432+0000] {processor.py:183} INFO - Processing /home/airflow/.local/lib/python3.8/site-packages/airflow/example_dags/example_short_circuit_operator.py took 0.330 seconds
[2025-07-08T10:29:26.793+0000] {processor.py:161} INFO - Started process (PID=10751) to work on /home/airflow/.local/lib/python3.8/site-packages/airflow/example_dags/example_short_circuit_operator.py
[2025-07-08T10:29:26.795+0000] {processor.py:830} INFO - Processing file /home/airflow/.local/lib/python3.8/site-packages/airflow/example_dags/example_short_circuit_operator.py for tasks to queue
[2025-07-08T10:29:26.829+0000] {logging_mixin.py:188} INFO - [2025-07-08T10:29:26.828+0000] {dagbag.py:538} INFO - Filling up the DagBag from /home/airflow/.local/lib/python3.8/site-packages/airflow/example_dags/example_short_circuit_operator.py
[2025-07-08T10:29:26.895+0000] {processor.py:840} INFO - DAG(s) 'example_short_circuit_operator' retrieved from /home/airflow/.local/lib/python3.8/site-packages/airflow/example_dags/example_short_circuit_operator.py
[2025-07-08T10:29:27.037+0000] {logging_mixin.py:188} INFO - [2025-07-08T10:29:27.037+0000] {dag.py:3036} INFO - Sync 1 DAGs
[2025-07-08T10:29:27.146+0000] {logging_mixin.py:188} INFO - [2025-07-08T10:29:27.146+0000] {dag.py:3823} INFO - Setting next_dagrun for example_short_circuit_operator to 2025-07-07 00:00:00+00:00, run_after=2025-07-08 00:00:00+00:00
[2025-07-08T10:29:27.262+0000] {processor.py:183} INFO - Processing /home/airflow/.local/lib/python3.8/site-packages/airflow/example_dags/example_short_circuit_operator.py took 0.503 seconds
[2025-07-08T10:29:57.665+0000] {processor.py:161} INFO - Started process (PID=10811) to work on /home/airflow/.local/lib/python3.8/site-packages/airflow/example_dags/example_short_circuit_operator.py
[2025-07-08T10:29:57.666+0000] {processor.py:830} INFO - Processing file /home/airflow/.local/lib/python3.8/site-packages/airflow/example_dags/example_short_circuit_operator.py for tasks to queue
[2025-07-08T10:29:57.669+0000] {logging_mixin.py:188} INFO - [2025-07-08T10:29:57.669+0000] {dagbag.py:538} INFO - Filling up the DagBag from /home/airflow/.local/lib/python3.8/site-packages/airflow/example_dags/example_short_circuit_operator.py
[2025-07-08T10:29:57.685+0000] {processor.py:840} INFO - DAG(s) 'example_short_circuit_operator' retrieved from /home/airflow/.local/lib/python3.8/site-packages/airflow/example_dags/example_short_circuit_operator.py
[2025-07-08T10:29:57.733+0000] {logging_mixin.py:188} INFO - [2025-07-08T10:29:57.732+0000] {dag.py:3036} INFO - Sync 1 DAGs
[2025-07-08T10:29:57.775+0000] {logging_mixin.py:188} INFO - [2025-07-08T10:29:57.775+0000] {dag.py:3823} INFO - Setting next_dagrun for example_short_circuit_operator to 2025-07-07 00:00:00+00:00, run_after=2025-07-08 00:00:00+00:00
[2025-07-08T10:29:57.803+0000] {processor.py:183} INFO - Processing /home/airflow/.local/lib/python3.8/site-packages/airflow/example_dags/example_short_circuit_operator.py took 0.144 seconds
[2025-07-08T10:30:28.594+0000] {processor.py:161} INFO - Started process (PID=10878) to work on /home/airflow/.local/lib/python3.8/site-packages/airflow/example_dags/example_short_circuit_operator.py
[2025-07-08T10:30:28.606+0000] {processor.py:830} INFO - Processing file /home/airflow/.local/lib/python3.8/site-packages/airflow/example_dags/example_short_circuit_operator.py for tasks to queue
[2025-07-08T10:30:28.640+0000] {logging_mixin.py:188} INFO - [2025-07-08T10:30:28.620+0000] {dagbag.py:538} INFO - Filling up the DagBag from /home/airflow/.local/lib/python3.8/site-packages/airflow/example_dags/example_short_circuit_operator.py
[2025-07-08T10:30:28.719+0000] {processor.py:840} INFO - DAG(s) 'example_short_circuit_operator' retrieved from /home/airflow/.local/lib/python3.8/site-packages/airflow/example_dags/example_short_circuit_operator.py
[2025-07-08T10:30:28.837+0000] {logging_mixin.py:188} INFO - [2025-07-08T10:30:28.837+0000] {dag.py:3036} INFO - Sync 1 DAGs
[2025-07-08T10:30:28.994+0000] {logging_mixin.py:188} INFO - [2025-07-08T10:30:28.994+0000] {dag.py:3823} INFO - Setting next_dagrun for example_short_circuit_operator to 2025-07-07 00:00:00+00:00, run_after=2025-07-08 00:00:00+00:00
[2025-07-08T10:30:29.098+0000] {processor.py:183} INFO - Processing /home/airflow/.local/lib/python3.8/site-packages/airflow/example_dags/example_short_circuit_operator.py took 0.533 seconds
[2025-07-08T10:30:59.383+0000] {processor.py:161} INFO - Started process (PID=10938) to work on /home/airflow/.local/lib/python3.8/site-packages/airflow/example_dags/example_short_circuit_operator.py
[2025-07-08T10:30:59.386+0000] {processor.py:830} INFO - Processing file /home/airflow/.local/lib/python3.8/site-packages/airflow/example_dags/example_short_circuit_operator.py for tasks to queue
[2025-07-08T10:30:59.399+0000] {logging_mixin.py:188} INFO - [2025-07-08T10:30:59.398+0000] {dagbag.py:538} INFO - Filling up the DagBag from /home/airflow/.local/lib/python3.8/site-packages/airflow/example_dags/example_short_circuit_operator.py
[2025-07-08T10:30:59.428+0000] {processor.py:840} INFO - DAG(s) 'example_short_circuit_operator' retrieved from /home/airflow/.local/lib/python3.8/site-packages/airflow/example_dags/example_short_circuit_operator.py
[2025-07-08T10:30:59.475+0000] {logging_mixin.py:188} INFO - [2025-07-08T10:30:59.475+0000] {dag.py:3036} INFO - Sync 1 DAGs
[2025-07-08T10:30:59.515+0000] {logging_mixin.py:188} INFO - [2025-07-08T10:30:59.515+0000] {dag.py:3823} INFO - Setting next_dagrun for example_short_circuit_operator to 2025-07-07 00:00:00+00:00, run_after=2025-07-08 00:00:00+00:00
[2025-07-08T10:30:59.544+0000] {processor.py:183} INFO - Processing /home/airflow/.local/lib/python3.8/site-packages/airflow/example_dags/example_short_circuit_operator.py took 0.167 seconds
[2025-07-08T10:31:30.514+0000] {processor.py:161} INFO - Started process (PID=11007) to work on /home/airflow/.local/lib/python3.8/site-packages/airflow/example_dags/example_short_circuit_operator.py
[2025-07-08T10:31:30.517+0000] {processor.py:830} INFO - Processing file /home/airflow/.local/lib/python3.8/site-packages/airflow/example_dags/example_short_circuit_operator.py for tasks to queue
[2025-07-08T10:31:30.520+0000] {logging_mixin.py:188} INFO - [2025-07-08T10:31:30.519+0000] {dagbag.py:538} INFO - Filling up the DagBag from /home/airflow/.local/lib/python3.8/site-packages/airflow/example_dags/example_short_circuit_operator.py
[2025-07-08T10:31:30.535+0000] {processor.py:840} INFO - DAG(s) 'example_short_circuit_operator' retrieved from /home/airflow/.local/lib/python3.8/site-packages/airflow/example_dags/example_short_circuit_operator.py
[2025-07-08T10:31:30.579+0000] {logging_mixin.py:188} INFO - [2025-07-08T10:31:30.579+0000] {dag.py:3036} INFO - Sync 1 DAGs
[2025-07-08T10:31:30.635+0000] {logging_mixin.py:188} INFO - [2025-07-08T10:31:30.634+0000] {dag.py:3823} INFO - Setting next_dagrun for example_short_circuit_operator to 2025-07-07 00:00:00+00:00, run_after=2025-07-08 00:00:00+00:00
[2025-07-08T10:31:30.670+0000] {processor.py:183} INFO - Processing /home/airflow/.local/lib/python3.8/site-packages/airflow/example_dags/example_short_circuit_operator.py took 0.161 seconds
[2025-07-08T10:32:00.938+0000] {processor.py:161} INFO - Started process (PID=11074) to work on /home/airflow/.local/lib/python3.8/site-packages/airflow/example_dags/example_short_circuit_operator.py
[2025-07-08T10:32:00.940+0000] {processor.py:830} INFO - Processing file /home/airflow/.local/lib/python3.8/site-packages/airflow/example_dags/example_short_circuit_operator.py for tasks to queue
[2025-07-08T10:32:00.943+0000] {logging_mixin.py:188} INFO - [2025-07-08T10:32:00.943+0000] {dagbag.py:538} INFO - Filling up the DagBag from /home/airflow/.local/lib/python3.8/site-packages/airflow/example_dags/example_short_circuit_operator.py
[2025-07-08T10:32:00.984+0000] {processor.py:840} INFO - DAG(s) 'example_short_circuit_operator' retrieved from /home/airflow/.local/lib/python3.8/site-packages/airflow/example_dags/example_short_circuit_operator.py
[2025-07-08T10:32:01.046+0000] {logging_mixin.py:188} INFO - [2025-07-08T10:32:01.045+0000] {dag.py:3036} INFO - Sync 1 DAGs
[2025-07-08T10:32:01.111+0000] {logging_mixin.py:188} INFO - [2025-07-08T10:32:01.110+0000] {dag.py:3823} INFO - Setting next_dagrun for example_short_circuit_operator to 2025-07-07 00:00:00+00:00, run_after=2025-07-08 00:00:00+00:00
[2025-07-08T10:32:01.171+0000] {processor.py:183} INFO - Processing /home/airflow/.local/lib/python3.8/site-packages/airflow/example_dags/example_short_circuit_operator.py took 0.239 seconds
[2025-07-08T10:32:31.498+0000] {processor.py:161} INFO - Started process (PID=11141) to work on /home/airflow/.local/lib/python3.8/site-packages/airflow/example_dags/example_short_circuit_operator.py
[2025-07-08T10:32:31.504+0000] {processor.py:830} INFO - Processing file /home/airflow/.local/lib/python3.8/site-packages/airflow/example_dags/example_short_circuit_operator.py for tasks to queue
[2025-07-08T10:32:31.506+0000] {logging_mixin.py:188} INFO - [2025-07-08T10:32:31.505+0000] {dagbag.py:538} INFO - Filling up the DagBag from /home/airflow/.local/lib/python3.8/site-packages/airflow/example_dags/example_short_circuit_operator.py
[2025-07-08T10:32:31.530+0000] {processor.py:840} INFO - DAG(s) 'example_short_circuit_operator' retrieved from /home/airflow/.local/lib/python3.8/site-packages/airflow/example_dags/example_short_circuit_operator.py
[2025-07-08T10:32:31.635+0000] {logging_mixin.py:188} INFO - [2025-07-08T10:32:31.633+0000] {dag.py:3036} INFO - Sync 1 DAGs
[2025-07-08T10:32:31.707+0000] {logging_mixin.py:188} INFO - [2025-07-08T10:32:31.707+0000] {dag.py:3823} INFO - Setting next_dagrun for example_short_circuit_operator to 2025-07-07 00:00:00+00:00, run_after=2025-07-08 00:00:00+00:00
[2025-07-08T10:32:31.776+0000] {processor.py:183} INFO - Processing /home/airflow/.local/lib/python3.8/site-packages/airflow/example_dags/example_short_circuit_operator.py took 0.294 seconds
[2025-07-08T10:33:02.161+0000] {processor.py:161} INFO - Started process (PID=11202) to work on /home/airflow/.local/lib/python3.8/site-packages/airflow/example_dags/example_short_circuit_operator.py
[2025-07-08T10:33:02.163+0000] {processor.py:830} INFO - Processing file /home/airflow/.local/lib/python3.8/site-packages/airflow/example_dags/example_short_circuit_operator.py for tasks to queue
[2025-07-08T10:33:02.165+0000] {logging_mixin.py:188} INFO - [2025-07-08T10:33:02.164+0000] {dagbag.py:538} INFO - Filling up the DagBag from /home/airflow/.local/lib/python3.8/site-packages/airflow/example_dags/example_short_circuit_operator.py
[2025-07-08T10:33:02.182+0000] {processor.py:840} INFO - DAG(s) 'example_short_circuit_operator' retrieved from /home/airflow/.local/lib/python3.8/site-packages/airflow/example_dags/example_short_circuit_operator.py
[2025-07-08T10:33:02.229+0000] {logging_mixin.py:188} INFO - [2025-07-08T10:33:02.229+0000] {dag.py:3036} INFO - Sync 1 DAGs
[2025-07-08T10:33:02.279+0000] {logging_mixin.py:188} INFO - [2025-07-08T10:33:02.279+0000] {dag.py:3823} INFO - Setting next_dagrun for example_short_circuit_operator to 2025-07-07 00:00:00+00:00, run_after=2025-07-08 00:00:00+00:00
[2025-07-08T10:33:02.316+0000] {processor.py:183} INFO - Processing /home/airflow/.local/lib/python3.8/site-packages/airflow/example_dags/example_short_circuit_operator.py took 0.161 seconds
[2025-07-08T10:33:33.679+0000] {processor.py:161} INFO - Started process (PID=11277) to work on /home/airflow/.local/lib/python3.8/site-packages/airflow/example_dags/example_short_circuit_operator.py
[2025-07-08T10:33:33.686+0000] {processor.py:830} INFO - Processing file /home/airflow/.local/lib/python3.8/site-packages/airflow/example_dags/example_short_circuit_operator.py for tasks to queue
[2025-07-08T10:33:33.687+0000] {logging_mixin.py:188} INFO - [2025-07-08T10:33:33.687+0000] {dagbag.py:538} INFO - Filling up the DagBag from /home/airflow/.local/lib/python3.8/site-packages/airflow/example_dags/example_short_circuit_operator.py
[2025-07-08T10:33:33.728+0000] {processor.py:840} INFO - DAG(s) 'example_short_circuit_operator' retrieved from /home/airflow/.local/lib/python3.8/site-packages/airflow/example_dags/example_short_circuit_operator.py
[2025-07-08T10:33:33.811+0000] {logging_mixin.py:188} INFO - [2025-07-08T10:33:33.811+0000] {dag.py:3036} INFO - Sync 1 DAGs
[2025-07-08T10:33:33.919+0000] {logging_mixin.py:188} INFO - [2025-07-08T10:33:33.919+0000] {dag.py:3823} INFO - Setting next_dagrun for example_short_circuit_operator to 2025-07-07 00:00:00+00:00, run_after=2025-07-08 00:00:00+00:00
[2025-07-08T10:33:33.987+0000] {processor.py:183} INFO - Processing /home/airflow/.local/lib/python3.8/site-packages/airflow/example_dags/example_short_circuit_operator.py took 0.338 seconds
[2025-07-08T10:34:05.295+0000] {processor.py:161} INFO - Started process (PID=11338) to work on /home/airflow/.local/lib/python3.8/site-packages/airflow/example_dags/example_short_circuit_operator.py
[2025-07-08T10:34:05.297+0000] {processor.py:830} INFO - Processing file /home/airflow/.local/lib/python3.8/site-packages/airflow/example_dags/example_short_circuit_operator.py for tasks to queue
[2025-07-08T10:34:05.298+0000] {logging_mixin.py:188} INFO - [2025-07-08T10:34:05.298+0000] {dagbag.py:538} INFO - Filling up the DagBag from /home/airflow/.local/lib/python3.8/site-packages/airflow/example_dags/example_short_circuit_operator.py
[2025-07-08T10:34:05.376+0000] {processor.py:840} INFO - DAG(s) 'example_short_circuit_operator' retrieved from /home/airflow/.local/lib/python3.8/site-packages/airflow/example_dags/example_short_circuit_operator.py
[2025-07-08T10:34:05.545+0000] {logging_mixin.py:188} INFO - [2025-07-08T10:34:05.544+0000] {dag.py:3036} INFO - Sync 1 DAGs
[2025-07-08T10:34:05.782+0000] {logging_mixin.py:188} INFO - [2025-07-08T10:34:05.782+0000] {dag.py:3823} INFO - Setting next_dagrun for example_short_circuit_operator to 2025-07-07 00:00:00+00:00, run_after=2025-07-08 00:00:00+00:00
[2025-07-08T10:34:05.877+0000] {processor.py:183} INFO - Processing /home/airflow/.local/lib/python3.8/site-packages/airflow/example_dags/example_short_circuit_operator.py took 0.595 seconds
[2025-07-08T10:34:38.071+0000] {processor.py:161} INFO - Started process (PID=11408) to work on /home/airflow/.local/lib/python3.8/site-packages/airflow/example_dags/example_short_circuit_operator.py
[2025-07-08T10:34:38.096+0000] {processor.py:830} INFO - Processing file /home/airflow/.local/lib/python3.8/site-packages/airflow/example_dags/example_short_circuit_operator.py for tasks to queue
[2025-07-08T10:34:38.098+0000] {logging_mixin.py:188} INFO - [2025-07-08T10:34:38.098+0000] {dagbag.py:538} INFO - Filling up the DagBag from /home/airflow/.local/lib/python3.8/site-packages/airflow/example_dags/example_short_circuit_operator.py
[2025-07-08T10:34:38.138+0000] {processor.py:840} INFO - DAG(s) 'example_short_circuit_operator' retrieved from /home/airflow/.local/lib/python3.8/site-packages/airflow/example_dags/example_short_circuit_operator.py
[2025-07-08T10:34:38.249+0000] {logging_mixin.py:188} INFO - [2025-07-08T10:34:38.249+0000] {dag.py:3036} INFO - Sync 1 DAGs
[2025-07-08T10:34:38.406+0000] {logging_mixin.py:188} INFO - [2025-07-08T10:34:38.406+0000] {dag.py:3823} INFO - Setting next_dagrun for example_short_circuit_operator to 2025-07-07 00:00:00+00:00, run_after=2025-07-08 00:00:00+00:00
[2025-07-08T10:34:38.513+0000] {processor.py:183} INFO - Processing /home/airflow/.local/lib/python3.8/site-packages/airflow/example_dags/example_short_circuit_operator.py took 0.455 seconds
[2025-07-08T10:35:09.096+0000] {processor.py:161} INFO - Started process (PID=11469) to work on /home/airflow/.local/lib/python3.8/site-packages/airflow/example_dags/example_short_circuit_operator.py
[2025-07-08T10:35:09.098+0000] {processor.py:830} INFO - Processing file /home/airflow/.local/lib/python3.8/site-packages/airflow/example_dags/example_short_circuit_operator.py for tasks to queue
[2025-07-08T10:35:09.099+0000] {logging_mixin.py:188} INFO - [2025-07-08T10:35:09.098+0000] {dagbag.py:538} INFO - Filling up the DagBag from /home/airflow/.local/lib/python3.8/site-packages/airflow/example_dags/example_short_circuit_operator.py
[2025-07-08T10:35:09.113+0000] {processor.py:840} INFO - DAG(s) 'example_short_circuit_operator' retrieved from /home/airflow/.local/lib/python3.8/site-packages/airflow/example_dags/example_short_circuit_operator.py
[2025-07-08T10:35:09.151+0000] {logging_mixin.py:188} INFO - [2025-07-08T10:35:09.151+0000] {dag.py:3036} INFO - Sync 1 DAGs
[2025-07-08T10:35:09.186+0000] {logging_mixin.py:188} INFO - [2025-07-08T10:35:09.186+0000] {dag.py:3823} INFO - Setting next_dagrun for example_short_circuit_operator to 2025-07-07 00:00:00+00:00, run_after=2025-07-08 00:00:00+00:00
[2025-07-08T10:35:09.218+0000] {processor.py:183} INFO - Processing /home/airflow/.local/lib/python3.8/site-packages/airflow/example_dags/example_short_circuit_operator.py took 0.128 seconds
[2025-07-08T10:35:39.339+0000] {processor.py:161} INFO - Started process (PID=11538) to work on /home/airflow/.local/lib/python3.8/site-packages/airflow/example_dags/example_short_circuit_operator.py
[2025-07-08T10:35:39.349+0000] {processor.py:830} INFO - Processing file /home/airflow/.local/lib/python3.8/site-packages/airflow/example_dags/example_short_circuit_operator.py for tasks to queue
[2025-07-08T10:35:39.361+0000] {logging_mixin.py:188} INFO - [2025-07-08T10:35:39.360+0000] {dagbag.py:538} INFO - Filling up the DagBag from /home/airflow/.local/lib/python3.8/site-packages/airflow/example_dags/example_short_circuit_operator.py
[2025-07-08T10:35:39.389+0000] {processor.py:840} INFO - DAG(s) 'example_short_circuit_operator' retrieved from /home/airflow/.local/lib/python3.8/site-packages/airflow/example_dags/example_short_circuit_operator.py
[2025-07-08T10:35:39.500+0000] {logging_mixin.py:188} INFO - [2025-07-08T10:35:39.499+0000] {dag.py:3036} INFO - Sync 1 DAGs
[2025-07-08T10:35:39.610+0000] {logging_mixin.py:188} INFO - [2025-07-08T10:35:39.610+0000] {dag.py:3823} INFO - Setting next_dagrun for example_short_circuit_operator to 2025-07-07 00:00:00+00:00, run_after=2025-07-08 00:00:00+00:00
[2025-07-08T10:35:39.754+0000] {processor.py:183} INFO - Processing /home/airflow/.local/lib/python3.8/site-packages/airflow/example_dags/example_short_circuit_operator.py took 0.429 seconds
[2025-07-08T10:36:10.267+0000] {processor.py:161} INFO - Started process (PID=11605) to work on /home/airflow/.local/lib/python3.8/site-packages/airflow/example_dags/example_short_circuit_operator.py
[2025-07-08T10:36:10.287+0000] {processor.py:830} INFO - Processing file /home/airflow/.local/lib/python3.8/site-packages/airflow/example_dags/example_short_circuit_operator.py for tasks to queue
[2025-07-08T10:36:10.289+0000] {logging_mixin.py:188} INFO - [2025-07-08T10:36:10.288+0000] {dagbag.py:538} INFO - Filling up the DagBag from /home/airflow/.local/lib/python3.8/site-packages/airflow/example_dags/example_short_circuit_operator.py
[2025-07-08T10:36:10.315+0000] {processor.py:840} INFO - DAG(s) 'example_short_circuit_operator' retrieved from /home/airflow/.local/lib/python3.8/site-packages/airflow/example_dags/example_short_circuit_operator.py
[2025-07-08T10:36:10.469+0000] {logging_mixin.py:188} INFO - [2025-07-08T10:36:10.469+0000] {dag.py:3036} INFO - Sync 1 DAGs
[2025-07-08T10:36:10.576+0000] {logging_mixin.py:188} INFO - [2025-07-08T10:36:10.576+0000] {dag.py:3823} INFO - Setting next_dagrun for example_short_circuit_operator to 2025-07-07 00:00:00+00:00, run_after=2025-07-08 00:00:00+00:00
[2025-07-08T10:36:10.654+0000] {processor.py:183} INFO - Processing /home/airflow/.local/lib/python3.8/site-packages/airflow/example_dags/example_short_circuit_operator.py took 0.393 seconds
[2025-07-08T10:36:41.496+0000] {processor.py:161} INFO - Started process (PID=11666) to work on /home/airflow/.local/lib/python3.8/site-packages/airflow/example_dags/example_short_circuit_operator.py
[2025-07-08T10:36:41.506+0000] {processor.py:830} INFO - Processing file /home/airflow/.local/lib/python3.8/site-packages/airflow/example_dags/example_short_circuit_operator.py for tasks to queue
[2025-07-08T10:36:41.516+0000] {logging_mixin.py:188} INFO - [2025-07-08T10:36:41.508+0000] {dagbag.py:538} INFO - Filling up the DagBag from /home/airflow/.local/lib/python3.8/site-packages/airflow/example_dags/example_short_circuit_operator.py
[2025-07-08T10:36:41.541+0000] {processor.py:840} INFO - DAG(s) 'example_short_circuit_operator' retrieved from /home/airflow/.local/lib/python3.8/site-packages/airflow/example_dags/example_short_circuit_operator.py
[2025-07-08T10:36:41.647+0000] {logging_mixin.py:188} INFO - [2025-07-08T10:36:41.646+0000] {dag.py:3036} INFO - Sync 1 DAGs
[2025-07-08T10:36:41.698+0000] {logging_mixin.py:188} INFO - [2025-07-08T10:36:41.698+0000] {dag.py:3823} INFO - Setting next_dagrun for example_short_circuit_operator to 2025-07-07 00:00:00+00:00, run_after=2025-07-08 00:00:00+00:00
[2025-07-08T10:36:41.782+0000] {processor.py:183} INFO - Processing /home/airflow/.local/lib/python3.8/site-packages/airflow/example_dags/example_short_circuit_operator.py took 0.300 seconds
[2025-07-08T10:37:12.113+0000] {processor.py:161} INFO - Started process (PID=11738) to work on /home/airflow/.local/lib/python3.8/site-packages/airflow/example_dags/example_short_circuit_operator.py
[2025-07-08T10:37:12.114+0000] {processor.py:830} INFO - Processing file /home/airflow/.local/lib/python3.8/site-packages/airflow/example_dags/example_short_circuit_operator.py for tasks to queue
[2025-07-08T10:37:12.116+0000] {logging_mixin.py:188} INFO - [2025-07-08T10:37:12.115+0000] {dagbag.py:538} INFO - Filling up the DagBag from /home/airflow/.local/lib/python3.8/site-packages/airflow/example_dags/example_short_circuit_operator.py
[2025-07-08T10:37:12.133+0000] {processor.py:840} INFO - DAG(s) 'example_short_circuit_operator' retrieved from /home/airflow/.local/lib/python3.8/site-packages/airflow/example_dags/example_short_circuit_operator.py
[2025-07-08T10:37:12.185+0000] {logging_mixin.py:188} INFO - [2025-07-08T10:37:12.185+0000] {dag.py:3036} INFO - Sync 1 DAGs
[2025-07-08T10:37:12.239+0000] {logging_mixin.py:188} INFO - [2025-07-08T10:37:12.239+0000] {dag.py:3823} INFO - Setting next_dagrun for example_short_circuit_operator to 2025-07-07 00:00:00+00:00, run_after=2025-07-08 00:00:00+00:00
[2025-07-08T10:37:12.357+0000] {processor.py:183} INFO - Processing /home/airflow/.local/lib/python3.8/site-packages/airflow/example_dags/example_short_circuit_operator.py took 0.250 seconds
[2025-07-08T10:37:42.659+0000] {processor.py:161} INFO - Started process (PID=11801) to work on /home/airflow/.local/lib/python3.8/site-packages/airflow/example_dags/example_short_circuit_operator.py
[2025-07-08T10:37:42.664+0000] {processor.py:830} INFO - Processing file /home/airflow/.local/lib/python3.8/site-packages/airflow/example_dags/example_short_circuit_operator.py for tasks to queue
[2025-07-08T10:37:42.666+0000] {logging_mixin.py:188} INFO - [2025-07-08T10:37:42.665+0000] {dagbag.py:538} INFO - Filling up the DagBag from /home/airflow/.local/lib/python3.8/site-packages/airflow/example_dags/example_short_circuit_operator.py
[2025-07-08T10:37:42.682+0000] {processor.py:840} INFO - DAG(s) 'example_short_circuit_operator' retrieved from /home/airflow/.local/lib/python3.8/site-packages/airflow/example_dags/example_short_circuit_operator.py
[2025-07-08T10:37:42.731+0000] {logging_mixin.py:188} INFO - [2025-07-08T10:37:42.731+0000] {dag.py:3036} INFO - Sync 1 DAGs
[2025-07-08T10:37:42.776+0000] {logging_mixin.py:188} INFO - [2025-07-08T10:37:42.776+0000] {dag.py:3823} INFO - Setting next_dagrun for example_short_circuit_operator to 2025-07-07 00:00:00+00:00, run_after=2025-07-08 00:00:00+00:00
[2025-07-08T10:37:42.811+0000] {processor.py:183} INFO - Processing /home/airflow/.local/lib/python3.8/site-packages/airflow/example_dags/example_short_circuit_operator.py took 0.158 seconds
[2025-07-08T10:38:14.561+0000] {processor.py:161} INFO - Started process (PID=11871) to work on /home/airflow/.local/lib/python3.8/site-packages/airflow/example_dags/example_short_circuit_operator.py
[2025-07-08T10:38:14.566+0000] {processor.py:830} INFO - Processing file /home/airflow/.local/lib/python3.8/site-packages/airflow/example_dags/example_short_circuit_operator.py for tasks to queue
[2025-07-08T10:38:14.568+0000] {logging_mixin.py:188} INFO - [2025-07-08T10:38:14.567+0000] {dagbag.py:538} INFO - Filling up the DagBag from /home/airflow/.local/lib/python3.8/site-packages/airflow/example_dags/example_short_circuit_operator.py
[2025-07-08T10:38:14.640+0000] {processor.py:840} INFO - DAG(s) 'example_short_circuit_operator' retrieved from /home/airflow/.local/lib/python3.8/site-packages/airflow/example_dags/example_short_circuit_operator.py
[2025-07-08T10:38:14.878+0000] {logging_mixin.py:188} INFO - [2025-07-08T10:38:14.877+0000] {dag.py:3036} INFO - Sync 1 DAGs
[2025-07-08T10:38:15.135+0000] {logging_mixin.py:188} INFO - [2025-07-08T10:38:15.135+0000] {dag.py:3823} INFO - Setting next_dagrun for example_short_circuit_operator to 2025-07-07 00:00:00+00:00, run_after=2025-07-08 00:00:00+00:00
[2025-07-08T10:38:15.371+0000] {processor.py:183} INFO - Processing /home/airflow/.local/lib/python3.8/site-packages/airflow/example_dags/example_short_circuit_operator.py took 0.857 seconds
[2025-07-08T10:38:46.642+0000] {processor.py:161} INFO - Started process (PID=11932) to work on /home/airflow/.local/lib/python3.8/site-packages/airflow/example_dags/example_short_circuit_operator.py
[2025-07-08T10:38:46.648+0000] {processor.py:830} INFO - Processing file /home/airflow/.local/lib/python3.8/site-packages/airflow/example_dags/example_short_circuit_operator.py for tasks to queue
[2025-07-08T10:38:46.650+0000] {logging_mixin.py:188} INFO - [2025-07-08T10:38:46.649+0000] {dagbag.py:538} INFO - Filling up the DagBag from /home/airflow/.local/lib/python3.8/site-packages/airflow/example_dags/example_short_circuit_operator.py
[2025-07-08T10:38:46.734+0000] {processor.py:840} INFO - DAG(s) 'example_short_circuit_operator' retrieved from /home/airflow/.local/lib/python3.8/site-packages/airflow/example_dags/example_short_circuit_operator.py
[2025-07-08T10:38:47.038+0000] {logging_mixin.py:188} INFO - [2025-07-08T10:38:47.038+0000] {dag.py:3036} INFO - Sync 1 DAGs
[2025-07-08T10:38:47.138+0000] {logging_mixin.py:188} INFO - [2025-07-08T10:38:47.138+0000] {dag.py:3823} INFO - Setting next_dagrun for example_short_circuit_operator to 2025-07-07 00:00:00+00:00, run_after=2025-07-08 00:00:00+00:00
[2025-07-08T10:38:47.252+0000] {processor.py:183} INFO - Processing /home/airflow/.local/lib/python3.8/site-packages/airflow/example_dags/example_short_circuit_operator.py took 0.643 seconds
[2025-07-08T10:39:17.749+0000] {processor.py:161} INFO - Started process (PID=12001) to work on /home/airflow/.local/lib/python3.8/site-packages/airflow/example_dags/example_short_circuit_operator.py
[2025-07-08T10:39:17.750+0000] {processor.py:830} INFO - Processing file /home/airflow/.local/lib/python3.8/site-packages/airflow/example_dags/example_short_circuit_operator.py for tasks to queue
[2025-07-08T10:39:17.752+0000] {logging_mixin.py:188} INFO - [2025-07-08T10:39:17.751+0000] {dagbag.py:538} INFO - Filling up the DagBag from /home/airflow/.local/lib/python3.8/site-packages/airflow/example_dags/example_short_circuit_operator.py
[2025-07-08T10:39:17.925+0000] {processor.py:840} INFO - DAG(s) 'example_short_circuit_operator' retrieved from /home/airflow/.local/lib/python3.8/site-packages/airflow/example_dags/example_short_circuit_operator.py
[2025-07-08T10:39:18.137+0000] {logging_mixin.py:188} INFO - [2025-07-08T10:39:18.137+0000] {dag.py:3036} INFO - Sync 1 DAGs
[2025-07-08T10:39:18.257+0000] {logging_mixin.py:188} INFO - [2025-07-08T10:39:18.257+0000] {dag.py:3823} INFO - Setting next_dagrun for example_short_circuit_operator to 2025-07-07 00:00:00+00:00, run_after=2025-07-08 00:00:00+00:00
[2025-07-08T10:39:18.380+0000] {processor.py:183} INFO - Processing /home/airflow/.local/lib/python3.8/site-packages/airflow/example_dags/example_short_circuit_operator.py took 0.711 seconds
[2025-07-08T10:39:48.769+0000] {processor.py:161} INFO - Started process (PID=12067) to work on /home/airflow/.local/lib/python3.8/site-packages/airflow/example_dags/example_short_circuit_operator.py
[2025-07-08T10:39:48.780+0000] {processor.py:830} INFO - Processing file /home/airflow/.local/lib/python3.8/site-packages/airflow/example_dags/example_short_circuit_operator.py for tasks to queue
[2025-07-08T10:39:48.782+0000] {logging_mixin.py:188} INFO - [2025-07-08T10:39:48.782+0000] {dagbag.py:538} INFO - Filling up the DagBag from /home/airflow/.local/lib/python3.8/site-packages/airflow/example_dags/example_short_circuit_operator.py
[2025-07-08T10:39:48.817+0000] {processor.py:840} INFO - DAG(s) 'example_short_circuit_operator' retrieved from /home/airflow/.local/lib/python3.8/site-packages/airflow/example_dags/example_short_circuit_operator.py
[2025-07-08T10:39:48.913+0000] {logging_mixin.py:188} INFO - [2025-07-08T10:39:48.913+0000] {dag.py:3036} INFO - Sync 1 DAGs
[2025-07-08T10:39:49.046+0000] {logging_mixin.py:188} INFO - [2025-07-08T10:39:49.046+0000] {dag.py:3823} INFO - Setting next_dagrun for example_short_circuit_operator to 2025-07-07 00:00:00+00:00, run_after=2025-07-08 00:00:00+00:00
[2025-07-08T10:39:49.138+0000] {processor.py:183} INFO - Processing /home/airflow/.local/lib/python3.8/site-packages/airflow/example_dags/example_short_circuit_operator.py took 0.385 seconds
[2025-07-08T10:40:21.416+0000] {processor.py:161} INFO - Started process (PID=12130) to work on /home/airflow/.local/lib/python3.8/site-packages/airflow/example_dags/example_short_circuit_operator.py
[2025-07-08T10:40:21.429+0000] {processor.py:830} INFO - Processing file /home/airflow/.local/lib/python3.8/site-packages/airflow/example_dags/example_short_circuit_operator.py for tasks to queue
[2025-07-08T10:40:21.431+0000] {logging_mixin.py:188} INFO - [2025-07-08T10:40:21.430+0000] {dagbag.py:538} INFO - Filling up the DagBag from /home/airflow/.local/lib/python3.8/site-packages/airflow/example_dags/example_short_circuit_operator.py
[2025-07-08T10:40:21.481+0000] {processor.py:840} INFO - DAG(s) 'example_short_circuit_operator' retrieved from /home/airflow/.local/lib/python3.8/site-packages/airflow/example_dags/example_short_circuit_operator.py
[2025-07-08T10:40:21.583+0000] {logging_mixin.py:188} INFO - [2025-07-08T10:40:21.582+0000] {dag.py:3036} INFO - Sync 1 DAGs
[2025-07-08T10:40:21.672+0000] {logging_mixin.py:188} INFO - [2025-07-08T10:40:21.672+0000] {dag.py:3823} INFO - Setting next_dagrun for example_short_circuit_operator to 2025-07-07 00:00:00+00:00, run_after=2025-07-08 00:00:00+00:00
[2025-07-08T10:40:21.756+0000] {processor.py:183} INFO - Processing /home/airflow/.local/lib/python3.8/site-packages/airflow/example_dags/example_short_circuit_operator.py took 0.355 seconds
[2025-07-08T10:40:52.296+0000] {processor.py:161} INFO - Started process (PID=12199) to work on /home/airflow/.local/lib/python3.8/site-packages/airflow/example_dags/example_short_circuit_operator.py
[2025-07-08T10:40:52.301+0000] {processor.py:830} INFO - Processing file /home/airflow/.local/lib/python3.8/site-packages/airflow/example_dags/example_short_circuit_operator.py for tasks to queue
[2025-07-08T10:40:52.302+0000] {logging_mixin.py:188} INFO - [2025-07-08T10:40:52.302+0000] {dagbag.py:538} INFO - Filling up the DagBag from /home/airflow/.local/lib/python3.8/site-packages/airflow/example_dags/example_short_circuit_operator.py
[2025-07-08T10:40:52.341+0000] {processor.py:840} INFO - DAG(s) 'example_short_circuit_operator' retrieved from /home/airflow/.local/lib/python3.8/site-packages/airflow/example_dags/example_short_circuit_operator.py
[2025-07-08T10:40:52.401+0000] {logging_mixin.py:188} INFO - [2025-07-08T10:40:52.401+0000] {dag.py:3036} INFO - Sync 1 DAGs
[2025-07-08T10:40:52.451+0000] {logging_mixin.py:188} INFO - [2025-07-08T10:40:52.450+0000] {dag.py:3823} INFO - Setting next_dagrun for example_short_circuit_operator to 2025-07-07 00:00:00+00:00, run_after=2025-07-08 00:00:00+00:00
[2025-07-08T10:40:52.496+0000] {processor.py:183} INFO - Processing /home/airflow/.local/lib/python3.8/site-packages/airflow/example_dags/example_short_circuit_operator.py took 0.215 seconds
[2025-07-08T10:41:23.575+0000] {processor.py:161} INFO - Started process (PID=12259) to work on /home/airflow/.local/lib/python3.8/site-packages/airflow/example_dags/example_short_circuit_operator.py
[2025-07-08T10:41:23.581+0000] {processor.py:830} INFO - Processing file /home/airflow/.local/lib/python3.8/site-packages/airflow/example_dags/example_short_circuit_operator.py for tasks to queue
[2025-07-08T10:41:23.592+0000] {logging_mixin.py:188} INFO - [2025-07-08T10:41:23.582+0000] {dagbag.py:538} INFO - Filling up the DagBag from /home/airflow/.local/lib/python3.8/site-packages/airflow/example_dags/example_short_circuit_operator.py
[2025-07-08T10:41:23.622+0000] {processor.py:840} INFO - DAG(s) 'example_short_circuit_operator' retrieved from /home/airflow/.local/lib/python3.8/site-packages/airflow/example_dags/example_short_circuit_operator.py
[2025-07-08T10:41:23.713+0000] {logging_mixin.py:188} INFO - [2025-07-08T10:41:23.713+0000] {dag.py:3036} INFO - Sync 1 DAGs
[2025-07-08T10:41:23.838+0000] {logging_mixin.py:188} INFO - [2025-07-08T10:41:23.838+0000] {dag.py:3823} INFO - Setting next_dagrun for example_short_circuit_operator to 2025-07-07 00:00:00+00:00, run_after=2025-07-08 00:00:00+00:00
[2025-07-08T10:41:23.942+0000] {processor.py:183} INFO - Processing /home/airflow/.local/lib/python3.8/site-packages/airflow/example_dags/example_short_circuit_operator.py took 0.373 seconds
[2025-07-08T10:41:54.836+0000] {processor.py:161} INFO - Started process (PID=12329) to work on /home/airflow/.local/lib/python3.8/site-packages/airflow/example_dags/example_short_circuit_operator.py
[2025-07-08T10:41:54.838+0000] {processor.py:830} INFO - Processing file /home/airflow/.local/lib/python3.8/site-packages/airflow/example_dags/example_short_circuit_operator.py for tasks to queue
[2025-07-08T10:41:54.840+0000] {logging_mixin.py:188} INFO - [2025-07-08T10:41:54.839+0000] {dagbag.py:538} INFO - Filling up the DagBag from /home/airflow/.local/lib/python3.8/site-packages/airflow/example_dags/example_short_circuit_operator.py
[2025-07-08T10:41:54.856+0000] {processor.py:840} INFO - DAG(s) 'example_short_circuit_operator' retrieved from /home/airflow/.local/lib/python3.8/site-packages/airflow/example_dags/example_short_circuit_operator.py
[2025-07-08T10:41:54.900+0000] {logging_mixin.py:188} INFO - [2025-07-08T10:41:54.900+0000] {dag.py:3036} INFO - Sync 1 DAGs
[2025-07-08T10:41:54.968+0000] {logging_mixin.py:188} INFO - [2025-07-08T10:41:54.968+0000] {dag.py:3823} INFO - Setting next_dagrun for example_short_circuit_operator to 2025-07-07 00:00:00+00:00, run_after=2025-07-08 00:00:00+00:00
[2025-07-08T10:41:55.002+0000] {processor.py:183} INFO - Processing /home/airflow/.local/lib/python3.8/site-packages/airflow/example_dags/example_short_circuit_operator.py took 0.172 seconds
[2025-07-08T10:42:26.272+0000] {processor.py:161} INFO - Started process (PID=12395) to work on /home/airflow/.local/lib/python3.8/site-packages/airflow/example_dags/example_short_circuit_operator.py
[2025-07-08T10:42:26.280+0000] {processor.py:830} INFO - Processing file /home/airflow/.local/lib/python3.8/site-packages/airflow/example_dags/example_short_circuit_operator.py for tasks to queue
[2025-07-08T10:42:26.282+0000] {logging_mixin.py:188} INFO - [2025-07-08T10:42:26.281+0000] {dagbag.py:538} INFO - Filling up the DagBag from /home/airflow/.local/lib/python3.8/site-packages/airflow/example_dags/example_short_circuit_operator.py
[2025-07-08T10:42:26.337+0000] {processor.py:840} INFO - DAG(s) 'example_short_circuit_operator' retrieved from /home/airflow/.local/lib/python3.8/site-packages/airflow/example_dags/example_short_circuit_operator.py
[2025-07-08T10:42:26.457+0000] {logging_mixin.py:188} INFO - [2025-07-08T10:42:26.457+0000] {dag.py:3036} INFO - Sync 1 DAGs
[2025-07-08T10:42:26.566+0000] {logging_mixin.py:188} INFO - [2025-07-08T10:42:26.566+0000] {dag.py:3823} INFO - Setting next_dagrun for example_short_circuit_operator to 2025-07-07 00:00:00+00:00, run_after=2025-07-08 00:00:00+00:00
[2025-07-08T10:42:26.721+0000] {processor.py:183} INFO - Processing /home/airflow/.local/lib/python3.8/site-packages/airflow/example_dags/example_short_circuit_operator.py took 0.463 seconds
[2025-07-08T10:42:57.152+0000] {processor.py:161} INFO - Started process (PID=12454) to work on /home/airflow/.local/lib/python3.8/site-packages/airflow/example_dags/example_short_circuit_operator.py
[2025-07-08T10:42:57.153+0000] {processor.py:830} INFO - Processing file /home/airflow/.local/lib/python3.8/site-packages/airflow/example_dags/example_short_circuit_operator.py for tasks to queue
[2025-07-08T10:42:57.155+0000] {logging_mixin.py:188} INFO - [2025-07-08T10:42:57.154+0000] {dagbag.py:538} INFO - Filling up the DagBag from /home/airflow/.local/lib/python3.8/site-packages/airflow/example_dags/example_short_circuit_operator.py
[2025-07-08T10:42:57.170+0000] {processor.py:840} INFO - DAG(s) 'example_short_circuit_operator' retrieved from /home/airflow/.local/lib/python3.8/site-packages/airflow/example_dags/example_short_circuit_operator.py
[2025-07-08T10:42:57.209+0000] {logging_mixin.py:188} INFO - [2025-07-08T10:42:57.209+0000] {dag.py:3036} INFO - Sync 1 DAGs
[2025-07-08T10:42:57.245+0000] {logging_mixin.py:188} INFO - [2025-07-08T10:42:57.245+0000] {dag.py:3823} INFO - Setting next_dagrun for example_short_circuit_operator to 2025-07-07 00:00:00+00:00, run_after=2025-07-08 00:00:00+00:00
[2025-07-08T10:42:57.274+0000] {processor.py:183} INFO - Processing /home/airflow/.local/lib/python3.8/site-packages/airflow/example_dags/example_short_circuit_operator.py took 0.127 seconds
[2025-07-08T10:43:29.305+0000] {processor.py:161} INFO - Started process (PID=12522) to work on /home/airflow/.local/lib/python3.8/site-packages/airflow/example_dags/example_short_circuit_operator.py
[2025-07-08T10:43:29.316+0000] {processor.py:830} INFO - Processing file /home/airflow/.local/lib/python3.8/site-packages/airflow/example_dags/example_short_circuit_operator.py for tasks to queue
[2025-07-08T10:43:29.318+0000] {logging_mixin.py:188} INFO - [2025-07-08T10:43:29.317+0000] {dagbag.py:538} INFO - Filling up the DagBag from /home/airflow/.local/lib/python3.8/site-packages/airflow/example_dags/example_short_circuit_operator.py
[2025-07-08T10:43:29.350+0000] {processor.py:840} INFO - DAG(s) 'example_short_circuit_operator' retrieved from /home/airflow/.local/lib/python3.8/site-packages/airflow/example_dags/example_short_circuit_operator.py
[2025-07-08T10:43:29.517+0000] {logging_mixin.py:188} INFO - [2025-07-08T10:43:29.517+0000] {dag.py:3036} INFO - Sync 1 DAGs
[2025-07-08T10:43:29.644+0000] {logging_mixin.py:188} INFO - [2025-07-08T10:43:29.643+0000] {dag.py:3823} INFO - Setting next_dagrun for example_short_circuit_operator to 2025-07-07 00:00:00+00:00, run_after=2025-07-08 00:00:00+00:00
[2025-07-08T10:43:29.764+0000] {processor.py:183} INFO - Processing /home/airflow/.local/lib/python3.8/site-packages/airflow/example_dags/example_short_circuit_operator.py took 0.471 seconds
[2025-07-08T10:44:00.556+0000] {processor.py:161} INFO - Started process (PID=12589) to work on /home/airflow/.local/lib/python3.8/site-packages/airflow/example_dags/example_short_circuit_operator.py
[2025-07-08T10:44:00.558+0000] {processor.py:830} INFO - Processing file /home/airflow/.local/lib/python3.8/site-packages/airflow/example_dags/example_short_circuit_operator.py for tasks to queue
[2025-07-08T10:44:00.559+0000] {logging_mixin.py:188} INFO - [2025-07-08T10:44:00.559+0000] {dagbag.py:538} INFO - Filling up the DagBag from /home/airflow/.local/lib/python3.8/site-packages/airflow/example_dags/example_short_circuit_operator.py
[2025-07-08T10:44:00.575+0000] {processor.py:840} INFO - DAG(s) 'example_short_circuit_operator' retrieved from /home/airflow/.local/lib/python3.8/site-packages/airflow/example_dags/example_short_circuit_operator.py
[2025-07-08T10:44:00.637+0000] {logging_mixin.py:188} INFO - [2025-07-08T10:44:00.637+0000] {dag.py:3036} INFO - Sync 1 DAGs
[2025-07-08T10:44:00.697+0000] {logging_mixin.py:188} INFO - [2025-07-08T10:44:00.696+0000] {dag.py:3823} INFO - Setting next_dagrun for example_short_circuit_operator to 2025-07-07 00:00:00+00:00, run_after=2025-07-08 00:00:00+00:00
[2025-07-08T10:44:00.749+0000] {processor.py:183} INFO - Processing /home/airflow/.local/lib/python3.8/site-packages/airflow/example_dags/example_short_circuit_operator.py took 0.198 seconds
[2025-07-08T10:44:31.633+0000] {processor.py:161} INFO - Started process (PID=12647) to work on /home/airflow/.local/lib/python3.8/site-packages/airflow/example_dags/example_short_circuit_operator.py
[2025-07-08T10:44:31.640+0000] {processor.py:830} INFO - Processing file /home/airflow/.local/lib/python3.8/site-packages/airflow/example_dags/example_short_circuit_operator.py for tasks to queue
[2025-07-08T10:44:31.642+0000] {logging_mixin.py:188} INFO - [2025-07-08T10:44:31.641+0000] {dagbag.py:538} INFO - Filling up the DagBag from /home/airflow/.local/lib/python3.8/site-packages/airflow/example_dags/example_short_circuit_operator.py
[2025-07-08T10:44:31.686+0000] {processor.py:840} INFO - DAG(s) 'example_short_circuit_operator' retrieved from /home/airflow/.local/lib/python3.8/site-packages/airflow/example_dags/example_short_circuit_operator.py
[2025-07-08T10:44:31.872+0000] {logging_mixin.py:188} INFO - [2025-07-08T10:44:31.867+0000] {dag.py:3036} INFO - Sync 1 DAGs
[2025-07-08T10:44:32.047+0000] {logging_mixin.py:188} INFO - [2025-07-08T10:44:32.046+0000] {dag.py:3823} INFO - Setting next_dagrun for example_short_circuit_operator to 2025-07-07 00:00:00+00:00, run_after=2025-07-08 00:00:00+00:00
[2025-07-08T10:44:32.130+0000] {processor.py:183} INFO - Processing /home/airflow/.local/lib/python3.8/site-packages/airflow/example_dags/example_short_circuit_operator.py took 0.511 seconds
[2025-07-08T10:45:02.848+0000] {processor.py:161} INFO - Started process (PID=12715) to work on /home/airflow/.local/lib/python3.8/site-packages/airflow/example_dags/example_short_circuit_operator.py
[2025-07-08T10:45:02.849+0000] {processor.py:830} INFO - Processing file /home/airflow/.local/lib/python3.8/site-packages/airflow/example_dags/example_short_circuit_operator.py for tasks to queue
[2025-07-08T10:45:02.851+0000] {logging_mixin.py:188} INFO - [2025-07-08T10:45:02.850+0000] {dagbag.py:538} INFO - Filling up the DagBag from /home/airflow/.local/lib/python3.8/site-packages/airflow/example_dags/example_short_circuit_operator.py
[2025-07-08T10:45:02.892+0000] {processor.py:840} INFO - DAG(s) 'example_short_circuit_operator' retrieved from /home/airflow/.local/lib/python3.8/site-packages/airflow/example_dags/example_short_circuit_operator.py
[2025-07-08T10:45:03.041+0000] {logging_mixin.py:188} INFO - [2025-07-08T10:45:03.041+0000] {dag.py:3036} INFO - Sync 1 DAGs
[2025-07-08T10:45:03.167+0000] {logging_mixin.py:188} INFO - [2025-07-08T10:45:03.167+0000] {dag.py:3823} INFO - Setting next_dagrun for example_short_circuit_operator to 2025-07-07 00:00:00+00:00, run_after=2025-07-08 00:00:00+00:00
[2025-07-08T10:45:03.286+0000] {processor.py:183} INFO - Processing /home/airflow/.local/lib/python3.8/site-packages/airflow/example_dags/example_short_circuit_operator.py took 0.452 seconds
[2025-07-08T10:45:34.444+0000] {processor.py:161} INFO - Started process (PID=12773) to work on /home/airflow/.local/lib/python3.8/site-packages/airflow/example_dags/example_short_circuit_operator.py
[2025-07-08T10:45:34.449+0000] {processor.py:830} INFO - Processing file /home/airflow/.local/lib/python3.8/site-packages/airflow/example_dags/example_short_circuit_operator.py for tasks to queue
[2025-07-08T10:45:34.452+0000] {logging_mixin.py:188} INFO - [2025-07-08T10:45:34.450+0000] {dagbag.py:538} INFO - Filling up the DagBag from /home/airflow/.local/lib/python3.8/site-packages/airflow/example_dags/example_short_circuit_operator.py
[2025-07-08T10:45:34.481+0000] {processor.py:840} INFO - DAG(s) 'example_short_circuit_operator' retrieved from /home/airflow/.local/lib/python3.8/site-packages/airflow/example_dags/example_short_circuit_operator.py
[2025-07-08T10:45:34.568+0000] {logging_mixin.py:188} INFO - [2025-07-08T10:45:34.567+0000] {dag.py:3036} INFO - Sync 1 DAGs
[2025-07-08T10:45:34.676+0000] {logging_mixin.py:188} INFO - [2025-07-08T10:45:34.675+0000] {dag.py:3823} INFO - Setting next_dagrun for example_short_circuit_operator to 2025-07-07 00:00:00+00:00, run_after=2025-07-08 00:00:00+00:00
[2025-07-08T10:45:34.746+0000] {processor.py:183} INFO - Processing /home/airflow/.local/lib/python3.8/site-packages/airflow/example_dags/example_short_circuit_operator.py took 0.316 seconds
[2025-07-08T10:46:05.356+0000] {processor.py:161} INFO - Started process (PID=12841) to work on /home/airflow/.local/lib/python3.8/site-packages/airflow/example_dags/example_short_circuit_operator.py
[2025-07-08T10:46:05.358+0000] {processor.py:830} INFO - Processing file /home/airflow/.local/lib/python3.8/site-packages/airflow/example_dags/example_short_circuit_operator.py for tasks to queue
[2025-07-08T10:46:05.359+0000] {logging_mixin.py:188} INFO - [2025-07-08T10:46:05.359+0000] {dagbag.py:538} INFO - Filling up the DagBag from /home/airflow/.local/lib/python3.8/site-packages/airflow/example_dags/example_short_circuit_operator.py
[2025-07-08T10:46:05.430+0000] {processor.py:840} INFO - DAG(s) 'example_short_circuit_operator' retrieved from /home/airflow/.local/lib/python3.8/site-packages/airflow/example_dags/example_short_circuit_operator.py
[2025-07-08T10:46:05.595+0000] {logging_mixin.py:188} INFO - [2025-07-08T10:46:05.594+0000] {dag.py:3036} INFO - Sync 1 DAGs
[2025-07-08T10:46:05.735+0000] {logging_mixin.py:188} INFO - [2025-07-08T10:46:05.735+0000] {dag.py:3823} INFO - Setting next_dagrun for example_short_circuit_operator to 2025-07-07 00:00:00+00:00, run_after=2025-07-08 00:00:00+00:00
[2025-07-08T10:46:05.862+0000] {processor.py:183} INFO - Processing /home/airflow/.local/lib/python3.8/site-packages/airflow/example_dags/example_short_circuit_operator.py took 0.524 seconds
[2025-07-08T10:46:36.183+0000] {processor.py:161} INFO - Started process (PID=12901) to work on /home/airflow/.local/lib/python3.8/site-packages/airflow/example_dags/example_short_circuit_operator.py
[2025-07-08T10:46:36.192+0000] {processor.py:830} INFO - Processing file /home/airflow/.local/lib/python3.8/site-packages/airflow/example_dags/example_short_circuit_operator.py for tasks to queue
[2025-07-08T10:46:36.194+0000] {logging_mixin.py:188} INFO - [2025-07-08T10:46:36.193+0000] {dagbag.py:538} INFO - Filling up the DagBag from /home/airflow/.local/lib/python3.8/site-packages/airflow/example_dags/example_short_circuit_operator.py
[2025-07-08T10:46:36.223+0000] {processor.py:840} INFO - DAG(s) 'example_short_circuit_operator' retrieved from /home/airflow/.local/lib/python3.8/site-packages/airflow/example_dags/example_short_circuit_operator.py
[2025-07-08T10:46:36.332+0000] {logging_mixin.py:188} INFO - [2025-07-08T10:46:36.332+0000] {dag.py:3036} INFO - Sync 1 DAGs
[2025-07-08T10:46:36.416+0000] {logging_mixin.py:188} INFO - [2025-07-08T10:46:36.415+0000] {dag.py:3823} INFO - Setting next_dagrun for example_short_circuit_operator to 2025-07-07 00:00:00+00:00, run_after=2025-07-08 00:00:00+00:00
[2025-07-08T10:46:36.494+0000] {processor.py:183} INFO - Processing /home/airflow/.local/lib/python3.8/site-packages/airflow/example_dags/example_short_circuit_operator.py took 0.321 seconds
[2025-07-08T10:47:06.938+0000] {processor.py:161} INFO - Started process (PID=12968) to work on /home/airflow/.local/lib/python3.8/site-packages/airflow/example_dags/example_short_circuit_operator.py
[2025-07-08T10:47:06.949+0000] {processor.py:830} INFO - Processing file /home/airflow/.local/lib/python3.8/site-packages/airflow/example_dags/example_short_circuit_operator.py for tasks to queue
[2025-07-08T10:47:06.951+0000] {logging_mixin.py:188} INFO - [2025-07-08T10:47:06.950+0000] {dagbag.py:538} INFO - Filling up the DagBag from /home/airflow/.local/lib/python3.8/site-packages/airflow/example_dags/example_short_circuit_operator.py
[2025-07-08T10:47:07.001+0000] {processor.py:840} INFO - DAG(s) 'example_short_circuit_operator' retrieved from /home/airflow/.local/lib/python3.8/site-packages/airflow/example_dags/example_short_circuit_operator.py
[2025-07-08T10:47:07.139+0000] {logging_mixin.py:188} INFO - [2025-07-08T10:47:07.138+0000] {dag.py:3036} INFO - Sync 1 DAGs
[2025-07-08T10:47:07.351+0000] {logging_mixin.py:188} INFO - [2025-07-08T10:47:07.351+0000] {dag.py:3823} INFO - Setting next_dagrun for example_short_circuit_operator to 2025-07-07 00:00:00+00:00, run_after=2025-07-08 00:00:00+00:00
[2025-07-08T10:47:07.448+0000] {processor.py:183} INFO - Processing /home/airflow/.local/lib/python3.8/site-packages/airflow/example_dags/example_short_circuit_operator.py took 0.539 seconds
[2025-07-08T10:47:38.259+0000] {processor.py:161} INFO - Started process (PID=13028) to work on /home/airflow/.local/lib/python3.8/site-packages/airflow/example_dags/example_short_circuit_operator.py
[2025-07-08T10:47:38.278+0000] {processor.py:830} INFO - Processing file /home/airflow/.local/lib/python3.8/site-packages/airflow/example_dags/example_short_circuit_operator.py for tasks to queue
[2025-07-08T10:47:38.280+0000] {logging_mixin.py:188} INFO - [2025-07-08T10:47:38.279+0000] {dagbag.py:538} INFO - Filling up the DagBag from /home/airflow/.local/lib/python3.8/site-packages/airflow/example_dags/example_short_circuit_operator.py
[2025-07-08T10:47:38.380+0000] {processor.py:840} INFO - DAG(s) 'example_short_circuit_operator' retrieved from /home/airflow/.local/lib/python3.8/site-packages/airflow/example_dags/example_short_circuit_operator.py
[2025-07-08T10:47:38.530+0000] {logging_mixin.py:188} INFO - [2025-07-08T10:47:38.530+0000] {dag.py:3036} INFO - Sync 1 DAGs
[2025-07-08T10:47:38.614+0000] {logging_mixin.py:188} INFO - [2025-07-08T10:47:38.614+0000] {dag.py:3823} INFO - Setting next_dagrun for example_short_circuit_operator to 2025-07-07 00:00:00+00:00, run_after=2025-07-08 00:00:00+00:00
[2025-07-08T10:47:38.677+0000] {processor.py:183} INFO - Processing /home/airflow/.local/lib/python3.8/site-packages/airflow/example_dags/example_short_circuit_operator.py took 0.425 seconds
[2025-07-08T10:48:10.617+0000] {processor.py:161} INFO - Started process (PID=13095) to work on /home/airflow/.local/lib/python3.8/site-packages/airflow/example_dags/example_short_circuit_operator.py
[2025-07-08T10:48:10.628+0000] {processor.py:830} INFO - Processing file /home/airflow/.local/lib/python3.8/site-packages/airflow/example_dags/example_short_circuit_operator.py for tasks to queue
[2025-07-08T10:48:10.630+0000] {logging_mixin.py:188} INFO - [2025-07-08T10:48:10.629+0000] {dagbag.py:538} INFO - Filling up the DagBag from /home/airflow/.local/lib/python3.8/site-packages/airflow/example_dags/example_short_circuit_operator.py
[2025-07-08T10:48:10.688+0000] {processor.py:840} INFO - DAG(s) 'example_short_circuit_operator' retrieved from /home/airflow/.local/lib/python3.8/site-packages/airflow/example_dags/example_short_circuit_operator.py
[2025-07-08T10:48:10.834+0000] {logging_mixin.py:188} INFO - [2025-07-08T10:48:10.834+0000] {dag.py:3036} INFO - Sync 1 DAGs
[2025-07-08T10:48:11.063+0000] {logging_mixin.py:188} INFO - [2025-07-08T10:48:11.063+0000] {dag.py:3823} INFO - Setting next_dagrun for example_short_circuit_operator to 2025-07-07 00:00:00+00:00, run_after=2025-07-08 00:00:00+00:00
[2025-07-08T10:48:11.213+0000] {processor.py:183} INFO - Processing /home/airflow/.local/lib/python3.8/site-packages/airflow/example_dags/example_short_circuit_operator.py took 0.603 seconds
[2025-07-08T10:48:41.747+0000] {processor.py:161} INFO - Started process (PID=13159) to work on /home/airflow/.local/lib/python3.8/site-packages/airflow/example_dags/example_short_circuit_operator.py
[2025-07-08T10:48:41.764+0000] {processor.py:830} INFO - Processing file /home/airflow/.local/lib/python3.8/site-packages/airflow/example_dags/example_short_circuit_operator.py for tasks to queue
[2025-07-08T10:48:41.765+0000] {logging_mixin.py:188} INFO - [2025-07-08T10:48:41.765+0000] {dagbag.py:538} INFO - Filling up the DagBag from /home/airflow/.local/lib/python3.8/site-packages/airflow/example_dags/example_short_circuit_operator.py
[2025-07-08T10:48:41.806+0000] {processor.py:840} INFO - DAG(s) 'example_short_circuit_operator' retrieved from /home/airflow/.local/lib/python3.8/site-packages/airflow/example_dags/example_short_circuit_operator.py
[2025-07-08T10:48:41.952+0000] {logging_mixin.py:188} INFO - [2025-07-08T10:48:41.951+0000] {dag.py:3036} INFO - Sync 1 DAGs
[2025-07-08T10:48:42.107+0000] {logging_mixin.py:188} INFO - [2025-07-08T10:48:42.107+0000] {dag.py:3823} INFO - Setting next_dagrun for example_short_circuit_operator to 2025-07-07 00:00:00+00:00, run_after=2025-07-08 00:00:00+00:00
[2025-07-08T10:48:42.257+0000] {processor.py:183} INFO - Processing /home/airflow/.local/lib/python3.8/site-packages/airflow/example_dags/example_short_circuit_operator.py took 0.520 seconds
[2025-07-08T10:49:12.961+0000] {processor.py:161} INFO - Started process (PID=13219) to work on /home/airflow/.local/lib/python3.8/site-packages/airflow/example_dags/example_short_circuit_operator.py
[2025-07-08T10:49:12.969+0000] {processor.py:830} INFO - Processing file /home/airflow/.local/lib/python3.8/site-packages/airflow/example_dags/example_short_circuit_operator.py for tasks to queue
[2025-07-08T10:49:12.972+0000] {logging_mixin.py:188} INFO - [2025-07-08T10:49:12.971+0000] {dagbag.py:538} INFO - Filling up the DagBag from /home/airflow/.local/lib/python3.8/site-packages/airflow/example_dags/example_short_circuit_operator.py
[2025-07-08T10:49:13.020+0000] {processor.py:840} INFO - DAG(s) 'example_short_circuit_operator' retrieved from /home/airflow/.local/lib/python3.8/site-packages/airflow/example_dags/example_short_circuit_operator.py
[2025-07-08T10:49:13.073+0000] {logging_mixin.py:188} INFO - [2025-07-08T10:49:13.073+0000] {dag.py:3036} INFO - Sync 1 DAGs
[2025-07-08T10:49:13.159+0000] {logging_mixin.py:188} INFO - [2025-07-08T10:49:13.159+0000] {dag.py:3823} INFO - Setting next_dagrun for example_short_circuit_operator to 2025-07-07 00:00:00+00:00, run_after=2025-07-08 00:00:00+00:00
[2025-07-08T10:49:13.236+0000] {processor.py:183} INFO - Processing /home/airflow/.local/lib/python3.8/site-packages/airflow/example_dags/example_short_circuit_operator.py took 0.286 seconds
[2025-07-08T10:49:43.386+0000] {processor.py:161} INFO - Started process (PID=13285) to work on /home/airflow/.local/lib/python3.8/site-packages/airflow/example_dags/example_short_circuit_operator.py
[2025-07-08T10:49:43.398+0000] {processor.py:830} INFO - Processing file /home/airflow/.local/lib/python3.8/site-packages/airflow/example_dags/example_short_circuit_operator.py for tasks to queue
[2025-07-08T10:49:43.402+0000] {logging_mixin.py:188} INFO - [2025-07-08T10:49:43.399+0000] {dagbag.py:538} INFO - Filling up the DagBag from /home/airflow/.local/lib/python3.8/site-packages/airflow/example_dags/example_short_circuit_operator.py
[2025-07-08T10:49:43.479+0000] {processor.py:840} INFO - DAG(s) 'example_short_circuit_operator' retrieved from /home/airflow/.local/lib/python3.8/site-packages/airflow/example_dags/example_short_circuit_operator.py
[2025-07-08T10:49:43.641+0000] {logging_mixin.py:188} INFO - [2025-07-08T10:49:43.641+0000] {dag.py:3036} INFO - Sync 1 DAGs
[2025-07-08T10:49:43.757+0000] {logging_mixin.py:188} INFO - [2025-07-08T10:49:43.757+0000] {dag.py:3823} INFO - Setting next_dagrun for example_short_circuit_operator to 2025-07-07 00:00:00+00:00, run_after=2025-07-08 00:00:00+00:00
[2025-07-08T10:49:43.826+0000] {processor.py:183} INFO - Processing /home/airflow/.local/lib/python3.8/site-packages/airflow/example_dags/example_short_circuit_operator.py took 0.446 seconds
[2025-07-08T10:50:14.017+0000] {processor.py:161} INFO - Started process (PID=13346) to work on /home/airflow/.local/lib/python3.8/site-packages/airflow/example_dags/example_short_circuit_operator.py
[2025-07-08T10:50:14.020+0000] {processor.py:830} INFO - Processing file /home/airflow/.local/lib/python3.8/site-packages/airflow/example_dags/example_short_circuit_operator.py for tasks to queue
[2025-07-08T10:50:14.022+0000] {logging_mixin.py:188} INFO - [2025-07-08T10:50:14.021+0000] {dagbag.py:538} INFO - Filling up the DagBag from /home/airflow/.local/lib/python3.8/site-packages/airflow/example_dags/example_short_circuit_operator.py
[2025-07-08T10:50:14.071+0000] {processor.py:840} INFO - DAG(s) 'example_short_circuit_operator' retrieved from /home/airflow/.local/lib/python3.8/site-packages/airflow/example_dags/example_short_circuit_operator.py
[2025-07-08T10:50:14.236+0000] {logging_mixin.py:188} INFO - [2025-07-08T10:50:14.235+0000] {dag.py:3036} INFO - Sync 1 DAGs
[2025-07-08T10:50:14.315+0000] {logging_mixin.py:188} INFO - [2025-07-08T10:50:14.315+0000] {dag.py:3823} INFO - Setting next_dagrun for example_short_circuit_operator to 2025-07-07 00:00:00+00:00, run_after=2025-07-08 00:00:00+00:00
[2025-07-08T10:50:14.406+0000] {processor.py:183} INFO - Processing /home/airflow/.local/lib/python3.8/site-packages/airflow/example_dags/example_short_circuit_operator.py took 0.420 seconds
[2025-07-08T10:50:44.765+0000] {processor.py:161} INFO - Started process (PID=13414) to work on /home/airflow/.local/lib/python3.8/site-packages/airflow/example_dags/example_short_circuit_operator.py
[2025-07-08T10:50:44.777+0000] {processor.py:830} INFO - Processing file /home/airflow/.local/lib/python3.8/site-packages/airflow/example_dags/example_short_circuit_operator.py for tasks to queue
[2025-07-08T10:50:44.779+0000] {logging_mixin.py:188} INFO - [2025-07-08T10:50:44.778+0000] {dagbag.py:538} INFO - Filling up the DagBag from /home/airflow/.local/lib/python3.8/site-packages/airflow/example_dags/example_short_circuit_operator.py
[2025-07-08T10:50:44.836+0000] {processor.py:840} INFO - DAG(s) 'example_short_circuit_operator' retrieved from /home/airflow/.local/lib/python3.8/site-packages/airflow/example_dags/example_short_circuit_operator.py
[2025-07-08T10:50:44.993+0000] {logging_mixin.py:188} INFO - [2025-07-08T10:50:44.993+0000] {dag.py:3036} INFO - Sync 1 DAGs
[2025-07-08T10:50:45.101+0000] {logging_mixin.py:188} INFO - [2025-07-08T10:50:45.100+0000] {dag.py:3823} INFO - Setting next_dagrun for example_short_circuit_operator to 2025-07-07 00:00:00+00:00, run_after=2025-07-08 00:00:00+00:00
[2025-07-08T10:50:45.234+0000] {processor.py:183} INFO - Processing /home/airflow/.local/lib/python3.8/site-packages/airflow/example_dags/example_short_circuit_operator.py took 0.486 seconds
[2025-07-08T10:51:20.271+0000] {processor.py:161} INFO - Started process (PID=13474) to work on /home/airflow/.local/lib/python3.8/site-packages/airflow/example_dags/example_short_circuit_operator.py
[2025-07-08T10:51:20.276+0000] {processor.py:830} INFO - Processing file /home/airflow/.local/lib/python3.8/site-packages/airflow/example_dags/example_short_circuit_operator.py for tasks to queue
[2025-07-08T10:51:20.278+0000] {logging_mixin.py:188} INFO - [2025-07-08T10:51:20.277+0000] {dagbag.py:538} INFO - Filling up the DagBag from /home/airflow/.local/lib/python3.8/site-packages/airflow/example_dags/example_short_circuit_operator.py
[2025-07-08T10:51:20.334+0000] {processor.py:840} INFO - DAG(s) 'example_short_circuit_operator' retrieved from /home/airflow/.local/lib/python3.8/site-packages/airflow/example_dags/example_short_circuit_operator.py
[2025-07-08T10:51:20.499+0000] {logging_mixin.py:188} INFO - [2025-07-08T10:51:20.499+0000] {dag.py:3036} INFO - Sync 1 DAGs
[2025-07-08T10:51:20.807+0000] {logging_mixin.py:188} INFO - [2025-07-08T10:51:20.806+0000] {dag.py:3823} INFO - Setting next_dagrun for example_short_circuit_operator to 2025-07-07 00:00:00+00:00, run_after=2025-07-08 00:00:00+00:00
[2025-07-08T10:51:21.096+0000] {processor.py:183} INFO - Processing /home/airflow/.local/lib/python3.8/site-packages/airflow/example_dags/example_short_circuit_operator.py took 0.851 seconds
[2025-07-08T10:51:53.826+0000] {processor.py:161} INFO - Started process (PID=13541) to work on /home/airflow/.local/lib/python3.8/site-packages/airflow/example_dags/example_short_circuit_operator.py
[2025-07-08T10:51:53.837+0000] {processor.py:830} INFO - Processing file /home/airflow/.local/lib/python3.8/site-packages/airflow/example_dags/example_short_circuit_operator.py for tasks to queue
[2025-07-08T10:51:53.842+0000] {logging_mixin.py:188} INFO - [2025-07-08T10:51:53.841+0000] {dagbag.py:538} INFO - Filling up the DagBag from /home/airflow/.local/lib/python3.8/site-packages/airflow/example_dags/example_short_circuit_operator.py
[2025-07-08T10:51:53.879+0000] {processor.py:840} INFO - DAG(s) 'example_short_circuit_operator' retrieved from /home/airflow/.local/lib/python3.8/site-packages/airflow/example_dags/example_short_circuit_operator.py
[2025-07-08T10:51:53.973+0000] {logging_mixin.py:188} INFO - [2025-07-08T10:51:53.972+0000] {dag.py:3036} INFO - Sync 1 DAGs
[2025-07-08T10:51:54.047+0000] {logging_mixin.py:188} INFO - [2025-07-08T10:51:54.046+0000] {dag.py:3823} INFO - Setting next_dagrun for example_short_circuit_operator to 2025-07-07 00:00:00+00:00, run_after=2025-07-08 00:00:00+00:00
[2025-07-08T10:51:54.123+0000] {processor.py:183} INFO - Processing /home/airflow/.local/lib/python3.8/site-packages/airflow/example_dags/example_short_circuit_operator.py took 0.317 seconds
[2025-07-08T10:52:28.816+0000] {processor.py:161} INFO - Started process (PID=13612) to work on /home/airflow/.local/lib/python3.8/site-packages/airflow/example_dags/example_short_circuit_operator.py
[2025-07-08T10:52:28.832+0000] {processor.py:830} INFO - Processing file /home/airflow/.local/lib/python3.8/site-packages/airflow/example_dags/example_short_circuit_operator.py for tasks to queue
[2025-07-08T10:52:28.833+0000] {logging_mixin.py:188} INFO - [2025-07-08T10:52:28.833+0000] {dagbag.py:538} INFO - Filling up the DagBag from /home/airflow/.local/lib/python3.8/site-packages/airflow/example_dags/example_short_circuit_operator.py
[2025-07-08T10:52:28.903+0000] {processor.py:840} INFO - DAG(s) 'example_short_circuit_operator' retrieved from /home/airflow/.local/lib/python3.8/site-packages/airflow/example_dags/example_short_circuit_operator.py
[2025-07-08T10:52:29.107+0000] {logging_mixin.py:188} INFO - [2025-07-08T10:52:29.099+0000] {dag.py:3036} INFO - Sync 1 DAGs
[2025-07-08T10:52:29.304+0000] {logging_mixin.py:188} INFO - [2025-07-08T10:52:29.303+0000] {dag.py:3823} INFO - Setting next_dagrun for example_short_circuit_operator to 2025-07-07 00:00:00+00:00, run_after=2025-07-08 00:00:00+00:00
[2025-07-08T10:52:29.406+0000] {processor.py:183} INFO - Processing /home/airflow/.local/lib/python3.8/site-packages/airflow/example_dags/example_short_circuit_operator.py took 0.620 seconds
[2025-07-08T10:52:59.792+0000] {processor.py:161} INFO - Started process (PID=13671) to work on /home/airflow/.local/lib/python3.8/site-packages/airflow/example_dags/example_short_circuit_operator.py
[2025-07-08T10:52:59.794+0000] {processor.py:830} INFO - Processing file /home/airflow/.local/lib/python3.8/site-packages/airflow/example_dags/example_short_circuit_operator.py for tasks to queue
[2025-07-08T10:52:59.795+0000] {logging_mixin.py:188} INFO - [2025-07-08T10:52:59.795+0000] {dagbag.py:538} INFO - Filling up the DagBag from /home/airflow/.local/lib/python3.8/site-packages/airflow/example_dags/example_short_circuit_operator.py
[2025-07-08T10:52:59.813+0000] {processor.py:840} INFO - DAG(s) 'example_short_circuit_operator' retrieved from /home/airflow/.local/lib/python3.8/site-packages/airflow/example_dags/example_short_circuit_operator.py
[2025-07-08T10:52:59.865+0000] {logging_mixin.py:188} INFO - [2025-07-08T10:52:59.865+0000] {dag.py:3036} INFO - Sync 1 DAGs
[2025-07-08T10:52:59.936+0000] {logging_mixin.py:188} INFO - [2025-07-08T10:52:59.936+0000] {dag.py:3823} INFO - Setting next_dagrun for example_short_circuit_operator to 2025-07-07 00:00:00+00:00, run_after=2025-07-08 00:00:00+00:00
[2025-07-08T10:52:59.970+0000] {processor.py:183} INFO - Processing /home/airflow/.local/lib/python3.8/site-packages/airflow/example_dags/example_short_circuit_operator.py took 0.184 seconds
[2025-07-08T10:53:30.633+0000] {processor.py:161} INFO - Started process (PID=13737) to work on /home/airflow/.local/lib/python3.8/site-packages/airflow/example_dags/example_short_circuit_operator.py
[2025-07-08T10:53:30.684+0000] {processor.py:830} INFO - Processing file /home/airflow/.local/lib/python3.8/site-packages/airflow/example_dags/example_short_circuit_operator.py for tasks to queue
[2025-07-08T10:53:30.686+0000] {logging_mixin.py:188} INFO - [2025-07-08T10:53:30.685+0000] {dagbag.py:538} INFO - Filling up the DagBag from /home/airflow/.local/lib/python3.8/site-packages/airflow/example_dags/example_short_circuit_operator.py
[2025-07-08T10:53:30.771+0000] {processor.py:840} INFO - DAG(s) 'example_short_circuit_operator' retrieved from /home/airflow/.local/lib/python3.8/site-packages/airflow/example_dags/example_short_circuit_operator.py
[2025-07-08T10:53:30.879+0000] {logging_mixin.py:188} INFO - [2025-07-08T10:53:30.879+0000] {dag.py:3036} INFO - Sync 1 DAGs
[2025-07-08T10:53:31.010+0000] {logging_mixin.py:188} INFO - [2025-07-08T10:53:31.010+0000] {dag.py:3823} INFO - Setting next_dagrun for example_short_circuit_operator to 2025-07-07 00:00:00+00:00, run_after=2025-07-08 00:00:00+00:00
[2025-07-08T10:53:31.078+0000] {processor.py:183} INFO - Processing /home/airflow/.local/lib/python3.8/site-packages/airflow/example_dags/example_short_circuit_operator.py took 0.473 seconds
[2025-07-08T10:54:01.305+0000] {processor.py:161} INFO - Started process (PID=13797) to work on /home/airflow/.local/lib/python3.8/site-packages/airflow/example_dags/example_short_circuit_operator.py
[2025-07-08T10:54:01.307+0000] {processor.py:830} INFO - Processing file /home/airflow/.local/lib/python3.8/site-packages/airflow/example_dags/example_short_circuit_operator.py for tasks to queue
[2025-07-08T10:54:01.310+0000] {logging_mixin.py:188} INFO - [2025-07-08T10:54:01.309+0000] {dagbag.py:538} INFO - Filling up the DagBag from /home/airflow/.local/lib/python3.8/site-packages/airflow/example_dags/example_short_circuit_operator.py
[2025-07-08T10:54:01.328+0000] {processor.py:840} INFO - DAG(s) 'example_short_circuit_operator' retrieved from /home/airflow/.local/lib/python3.8/site-packages/airflow/example_dags/example_short_circuit_operator.py
[2025-07-08T10:54:01.372+0000] {logging_mixin.py:188} INFO - [2025-07-08T10:54:01.372+0000] {dag.py:3036} INFO - Sync 1 DAGs
[2025-07-08T10:54:01.423+0000] {logging_mixin.py:188} INFO - [2025-07-08T10:54:01.423+0000] {dag.py:3823} INFO - Setting next_dagrun for example_short_circuit_operator to 2025-07-07 00:00:00+00:00, run_after=2025-07-08 00:00:00+00:00
[2025-07-08T10:54:01.457+0000] {processor.py:183} INFO - Processing /home/airflow/.local/lib/python3.8/site-packages/airflow/example_dags/example_short_circuit_operator.py took 0.159 seconds
