[2025-07-08T09:05:54.127+0000] {processor.py:161} INFO - Started process (PID=189) to work on /home/airflow/.local/lib/python3.8/site-packages/airflow/example_dags/example_branch_operator.py
[2025-07-08T09:05:54.129+0000] {processor.py:830} INFO - Processing file /home/airflow/.local/lib/python3.8/site-packages/airflow/example_dags/example_branch_operator.py for tasks to queue
[2025-07-08T09:05:54.132+0000] {logging_mixin.py:188} INFO - [2025-07-08T09:05:54.131+0000] {dagbag.py:538} INFO - Filling up the DagBag from /home/airflow/.local/lib/python3.8/site-packages/airflow/example_dags/example_branch_operator.py
[2025-07-08T09:05:54.171+0000] {processor.py:840} INFO - DAG(s) 'example_branch_operator' retrieved from /home/airflow/.local/lib/python3.8/site-packages/airflow/example_dags/example_branch_operator.py
[2025-07-08T09:05:54.494+0000] {logging_mixin.py:188} INFO - [2025-07-08T09:05:54.494+0000] {dag.py:3036} INFO - Sync 1 DAGs
[2025-07-08T09:05:54.618+0000] {logging_mixin.py:188} INFO - [2025-07-08T09:05:54.618+0000] {dag.py:3823} INFO - Setting next_dagrun for example_branch_operator to 2025-07-07 00:00:00+00:00, run_after=2025-07-08 00:00:00+00:00
[2025-07-08T09:05:54.700+0000] {processor.py:183} INFO - Processing /home/airflow/.local/lib/python3.8/site-packages/airflow/example_dags/example_branch_operator.py took 0.579 seconds
[2025-07-08T09:06:24.927+0000] {processor.py:161} INFO - Started process (PID=254) to work on /home/airflow/.local/lib/python3.8/site-packages/airflow/example_dags/example_branch_operator.py
[2025-07-08T09:06:24.933+0000] {processor.py:830} INFO - Processing file /home/airflow/.local/lib/python3.8/site-packages/airflow/example_dags/example_branch_operator.py for tasks to queue
[2025-07-08T09:06:24.936+0000] {logging_mixin.py:188} INFO - [2025-07-08T09:06:24.935+0000] {dagbag.py:538} INFO - Filling up the DagBag from /home/airflow/.local/lib/python3.8/site-packages/airflow/example_dags/example_branch_operator.py
[2025-07-08T09:06:25.015+0000] {processor.py:840} INFO - DAG(s) 'example_branch_operator' retrieved from /home/airflow/.local/lib/python3.8/site-packages/airflow/example_dags/example_branch_operator.py
[2025-07-08T09:06:25.133+0000] {logging_mixin.py:188} INFO - [2025-07-08T09:06:25.133+0000] {dag.py:3036} INFO - Sync 1 DAGs
[2025-07-08T09:06:25.205+0000] {logging_mixin.py:188} INFO - [2025-07-08T09:06:25.205+0000] {dag.py:3823} INFO - Setting next_dagrun for example_branch_operator to 2025-07-07 00:00:00+00:00, run_after=2025-07-08 00:00:00+00:00
[2025-07-08T09:06:25.308+0000] {processor.py:183} INFO - Processing /home/airflow/.local/lib/python3.8/site-packages/airflow/example_dags/example_branch_operator.py took 0.396 seconds
[2025-07-08T09:06:56.224+0000] {processor.py:161} INFO - Started process (PID=317) to work on /home/airflow/.local/lib/python3.8/site-packages/airflow/example_dags/example_branch_operator.py
[2025-07-08T09:06:56.226+0000] {processor.py:830} INFO - Processing file /home/airflow/.local/lib/python3.8/site-packages/airflow/example_dags/example_branch_operator.py for tasks to queue
[2025-07-08T09:06:56.229+0000] {logging_mixin.py:188} INFO - [2025-07-08T09:06:56.228+0000] {dagbag.py:538} INFO - Filling up the DagBag from /home/airflow/.local/lib/python3.8/site-packages/airflow/example_dags/example_branch_operator.py
[2025-07-08T09:06:56.265+0000] {processor.py:840} INFO - DAG(s) 'example_branch_operator' retrieved from /home/airflow/.local/lib/python3.8/site-packages/airflow/example_dags/example_branch_operator.py
[2025-07-08T09:06:56.341+0000] {logging_mixin.py:188} INFO - [2025-07-08T09:06:56.340+0000] {dag.py:3036} INFO - Sync 1 DAGs
[2025-07-08T09:06:56.420+0000] {logging_mixin.py:188} INFO - [2025-07-08T09:06:56.420+0000] {dag.py:3823} INFO - Setting next_dagrun for example_branch_operator to 2025-07-07 00:00:00+00:00, run_after=2025-07-08 00:00:00+00:00
[2025-07-08T09:06:56.484+0000] {processor.py:183} INFO - Processing /home/airflow/.local/lib/python3.8/site-packages/airflow/example_dags/example_branch_operator.py took 0.266 seconds
[2025-07-08T09:07:27.525+0000] {processor.py:161} INFO - Started process (PID=381) to work on /home/airflow/.local/lib/python3.8/site-packages/airflow/example_dags/example_branch_operator.py
[2025-07-08T09:07:27.536+0000] {processor.py:830} INFO - Processing file /home/airflow/.local/lib/python3.8/site-packages/airflow/example_dags/example_branch_operator.py for tasks to queue
[2025-07-08T09:07:27.539+0000] {logging_mixin.py:188} INFO - [2025-07-08T09:07:27.539+0000] {dagbag.py:538} INFO - Filling up the DagBag from /home/airflow/.local/lib/python3.8/site-packages/airflow/example_dags/example_branch_operator.py
[2025-07-08T09:07:27.621+0000] {processor.py:840} INFO - DAG(s) 'example_branch_operator' retrieved from /home/airflow/.local/lib/python3.8/site-packages/airflow/example_dags/example_branch_operator.py
[2025-07-08T09:07:27.741+0000] {logging_mixin.py:188} INFO - [2025-07-08T09:07:27.741+0000] {dag.py:3036} INFO - Sync 1 DAGs
[2025-07-08T09:07:27.841+0000] {logging_mixin.py:188} INFO - [2025-07-08T09:07:27.841+0000] {dag.py:3823} INFO - Setting next_dagrun for example_branch_operator to 2025-07-07 00:00:00+00:00, run_after=2025-07-08 00:00:00+00:00
[2025-07-08T09:07:27.963+0000] {processor.py:183} INFO - Processing /home/airflow/.local/lib/python3.8/site-packages/airflow/example_dags/example_branch_operator.py took 0.458 seconds
[2025-07-08T09:07:58.751+0000] {processor.py:161} INFO - Started process (PID=447) to work on /home/airflow/.local/lib/python3.8/site-packages/airflow/example_dags/example_branch_operator.py
[2025-07-08T09:07:58.753+0000] {processor.py:830} INFO - Processing file /home/airflow/.local/lib/python3.8/site-packages/airflow/example_dags/example_branch_operator.py for tasks to queue
[2025-07-08T09:07:58.756+0000] {logging_mixin.py:188} INFO - [2025-07-08T09:07:58.755+0000] {dagbag.py:538} INFO - Filling up the DagBag from /home/airflow/.local/lib/python3.8/site-packages/airflow/example_dags/example_branch_operator.py
[2025-07-08T09:07:58.799+0000] {processor.py:840} INFO - DAG(s) 'example_branch_operator' retrieved from /home/airflow/.local/lib/python3.8/site-packages/airflow/example_dags/example_branch_operator.py
[2025-07-08T09:07:58.889+0000] {logging_mixin.py:188} INFO - [2025-07-08T09:07:58.889+0000] {dag.py:3036} INFO - Sync 1 DAGs
[2025-07-08T09:07:58.986+0000] {logging_mixin.py:188} INFO - [2025-07-08T09:07:58.986+0000] {dag.py:3823} INFO - Setting next_dagrun for example_branch_operator to 2025-07-07 00:00:00+00:00, run_after=2025-07-08 00:00:00+00:00
[2025-07-08T09:07:59.037+0000] {processor.py:183} INFO - Processing /home/airflow/.local/lib/python3.8/site-packages/airflow/example_dags/example_branch_operator.py took 0.292 seconds
[2025-07-08T09:08:29.254+0000] {processor.py:161} INFO - Started process (PID=511) to work on /home/airflow/.local/lib/python3.8/site-packages/airflow/example_dags/example_branch_operator.py
[2025-07-08T09:08:29.264+0000] {processor.py:830} INFO - Processing file /home/airflow/.local/lib/python3.8/site-packages/airflow/example_dags/example_branch_operator.py for tasks to queue
[2025-07-08T09:08:29.269+0000] {logging_mixin.py:188} INFO - [2025-07-08T09:08:29.268+0000] {dagbag.py:538} INFO - Filling up the DagBag from /home/airflow/.local/lib/python3.8/site-packages/airflow/example_dags/example_branch_operator.py
[2025-07-08T09:08:29.349+0000] {processor.py:840} INFO - DAG(s) 'example_branch_operator' retrieved from /home/airflow/.local/lib/python3.8/site-packages/airflow/example_dags/example_branch_operator.py
[2025-07-08T09:08:29.511+0000] {logging_mixin.py:188} INFO - [2025-07-08T09:08:29.511+0000] {dag.py:3036} INFO - Sync 1 DAGs
[2025-07-08T09:08:29.560+0000] {logging_mixin.py:188} INFO - [2025-07-08T09:08:29.560+0000] {dag.py:3823} INFO - Setting next_dagrun for example_branch_operator to 2025-07-07 00:00:00+00:00, run_after=2025-07-08 00:00:00+00:00
[2025-07-08T09:08:29.633+0000] {processor.py:183} INFO - Processing /home/airflow/.local/lib/python3.8/site-packages/airflow/example_dags/example_branch_operator.py took 0.394 seconds
[2025-07-08T09:08:59.705+0000] {processor.py:161} INFO - Started process (PID=568) to work on /home/airflow/.local/lib/python3.8/site-packages/airflow/example_dags/example_branch_operator.py
[2025-07-08T09:08:59.707+0000] {processor.py:830} INFO - Processing file /home/airflow/.local/lib/python3.8/site-packages/airflow/example_dags/example_branch_operator.py for tasks to queue
[2025-07-08T09:08:59.710+0000] {logging_mixin.py:188} INFO - [2025-07-08T09:08:59.710+0000] {dagbag.py:538} INFO - Filling up the DagBag from /home/airflow/.local/lib/python3.8/site-packages/airflow/example_dags/example_branch_operator.py
[2025-07-08T09:08:59.739+0000] {processor.py:840} INFO - DAG(s) 'example_branch_operator' retrieved from /home/airflow/.local/lib/python3.8/site-packages/airflow/example_dags/example_branch_operator.py
[2025-07-08T09:08:59.783+0000] {logging_mixin.py:188} INFO - [2025-07-08T09:08:59.783+0000] {dag.py:3036} INFO - Sync 1 DAGs
[2025-07-08T09:08:59.824+0000] {logging_mixin.py:188} INFO - [2025-07-08T09:08:59.823+0000] {dag.py:3823} INFO - Setting next_dagrun for example_branch_operator to 2025-07-07 00:00:00+00:00, run_after=2025-07-08 00:00:00+00:00
[2025-07-08T09:08:59.855+0000] {processor.py:183} INFO - Processing /home/airflow/.local/lib/python3.8/site-packages/airflow/example_dags/example_branch_operator.py took 0.156 seconds
[2025-07-08T09:09:30.354+0000] {processor.py:161} INFO - Started process (PID=632) to work on /home/airflow/.local/lib/python3.8/site-packages/airflow/example_dags/example_branch_operator.py
[2025-07-08T09:09:30.364+0000] {processor.py:830} INFO - Processing file /home/airflow/.local/lib/python3.8/site-packages/airflow/example_dags/example_branch_operator.py for tasks to queue
[2025-07-08T09:09:30.367+0000] {logging_mixin.py:188} INFO - [2025-07-08T09:09:30.367+0000] {dagbag.py:538} INFO - Filling up the DagBag from /home/airflow/.local/lib/python3.8/site-packages/airflow/example_dags/example_branch_operator.py
[2025-07-08T09:09:30.448+0000] {processor.py:840} INFO - DAG(s) 'example_branch_operator' retrieved from /home/airflow/.local/lib/python3.8/site-packages/airflow/example_dags/example_branch_operator.py
[2025-07-08T09:09:30.521+0000] {logging_mixin.py:188} INFO - [2025-07-08T09:09:30.521+0000] {dag.py:3036} INFO - Sync 1 DAGs
[2025-07-08T09:09:30.580+0000] {logging_mixin.py:188} INFO - [2025-07-08T09:09:30.579+0000] {dag.py:3823} INFO - Setting next_dagrun for example_branch_operator to 2025-07-07 00:00:00+00:00, run_after=2025-07-08 00:00:00+00:00
[2025-07-08T09:09:30.641+0000] {processor.py:183} INFO - Processing /home/airflow/.local/lib/python3.8/site-packages/airflow/example_dags/example_branch_operator.py took 0.305 seconds
[2025-07-08T09:10:01.590+0000] {processor.py:161} INFO - Started process (PID=696) to work on /home/airflow/.local/lib/python3.8/site-packages/airflow/example_dags/example_branch_operator.py
[2025-07-08T09:10:01.596+0000] {processor.py:830} INFO - Processing file /home/airflow/.local/lib/python3.8/site-packages/airflow/example_dags/example_branch_operator.py for tasks to queue
[2025-07-08T09:10:01.600+0000] {logging_mixin.py:188} INFO - [2025-07-08T09:10:01.599+0000] {dagbag.py:538} INFO - Filling up the DagBag from /home/airflow/.local/lib/python3.8/site-packages/airflow/example_dags/example_branch_operator.py
[2025-07-08T09:10:01.677+0000] {processor.py:840} INFO - DAG(s) 'example_branch_operator' retrieved from /home/airflow/.local/lib/python3.8/site-packages/airflow/example_dags/example_branch_operator.py
[2025-07-08T09:10:01.817+0000] {logging_mixin.py:188} INFO - [2025-07-08T09:10:01.817+0000] {dag.py:3036} INFO - Sync 1 DAGs
[2025-07-08T09:10:01.910+0000] {logging_mixin.py:188} INFO - [2025-07-08T09:10:01.910+0000] {dag.py:3823} INFO - Setting next_dagrun for example_branch_operator to 2025-07-07 00:00:00+00:00, run_after=2025-07-08 00:00:00+00:00
[2025-07-08T09:10:01.961+0000] {processor.py:183} INFO - Processing /home/airflow/.local/lib/python3.8/site-packages/airflow/example_dags/example_branch_operator.py took 0.390 seconds
[2025-07-08T09:10:32.851+0000] {processor.py:161} INFO - Started process (PID=760) to work on /home/airflow/.local/lib/python3.8/site-packages/airflow/example_dags/example_branch_operator.py
[2025-07-08T09:10:32.860+0000] {processor.py:830} INFO - Processing file /home/airflow/.local/lib/python3.8/site-packages/airflow/example_dags/example_branch_operator.py for tasks to queue
[2025-07-08T09:10:32.863+0000] {logging_mixin.py:188} INFO - [2025-07-08T09:10:32.863+0000] {dagbag.py:538} INFO - Filling up the DagBag from /home/airflow/.local/lib/python3.8/site-packages/airflow/example_dags/example_branch_operator.py
[2025-07-08T09:10:32.915+0000] {processor.py:840} INFO - DAG(s) 'example_branch_operator' retrieved from /home/airflow/.local/lib/python3.8/site-packages/airflow/example_dags/example_branch_operator.py
[2025-07-08T09:10:32.974+0000] {logging_mixin.py:188} INFO - [2025-07-08T09:10:32.973+0000] {dag.py:3036} INFO - Sync 1 DAGs
[2025-07-08T09:10:33.041+0000] {logging_mixin.py:188} INFO - [2025-07-08T09:10:33.040+0000] {dag.py:3823} INFO - Setting next_dagrun for example_branch_operator to 2025-07-07 00:00:00+00:00, run_after=2025-07-08 00:00:00+00:00
[2025-07-08T09:10:33.083+0000] {processor.py:183} INFO - Processing /home/airflow/.local/lib/python3.8/site-packages/airflow/example_dags/example_branch_operator.py took 0.246 seconds
[2025-07-08T09:11:03.927+0000] {processor.py:161} INFO - Started process (PID=825) to work on /home/airflow/.local/lib/python3.8/site-packages/airflow/example_dags/example_branch_operator.py
[2025-07-08T09:11:03.936+0000] {processor.py:830} INFO - Processing file /home/airflow/.local/lib/python3.8/site-packages/airflow/example_dags/example_branch_operator.py for tasks to queue
[2025-07-08T09:11:03.939+0000] {logging_mixin.py:188} INFO - [2025-07-08T09:11:03.938+0000] {dagbag.py:538} INFO - Filling up the DagBag from /home/airflow/.local/lib/python3.8/site-packages/airflow/example_dags/example_branch_operator.py
[2025-07-08T09:11:04.003+0000] {processor.py:840} INFO - DAG(s) 'example_branch_operator' retrieved from /home/airflow/.local/lib/python3.8/site-packages/airflow/example_dags/example_branch_operator.py
[2025-07-08T09:11:04.075+0000] {logging_mixin.py:188} INFO - [2025-07-08T09:11:04.074+0000] {dag.py:3036} INFO - Sync 1 DAGs
[2025-07-08T09:11:04.122+0000] {logging_mixin.py:188} INFO - [2025-07-08T09:11:04.122+0000] {dag.py:3823} INFO - Setting next_dagrun for example_branch_operator to 2025-07-07 00:00:00+00:00, run_after=2025-07-08 00:00:00+00:00
[2025-07-08T09:11:04.166+0000] {processor.py:183} INFO - Processing /home/airflow/.local/lib/python3.8/site-packages/airflow/example_dags/example_branch_operator.py took 0.245 seconds
[2025-07-08T09:11:34.453+0000] {processor.py:161} INFO - Started process (PID=886) to work on /home/airflow/.local/lib/python3.8/site-packages/airflow/example_dags/example_branch_operator.py
[2025-07-08T09:11:34.456+0000] {processor.py:830} INFO - Processing file /home/airflow/.local/lib/python3.8/site-packages/airflow/example_dags/example_branch_operator.py for tasks to queue
[2025-07-08T09:11:34.460+0000] {logging_mixin.py:188} INFO - [2025-07-08T09:11:34.459+0000] {dagbag.py:538} INFO - Filling up the DagBag from /home/airflow/.local/lib/python3.8/site-packages/airflow/example_dags/example_branch_operator.py
[2025-07-08T09:11:34.511+0000] {processor.py:840} INFO - DAG(s) 'example_branch_operator' retrieved from /home/airflow/.local/lib/python3.8/site-packages/airflow/example_dags/example_branch_operator.py
[2025-07-08T09:11:34.574+0000] {logging_mixin.py:188} INFO - [2025-07-08T09:11:34.573+0000] {dag.py:3036} INFO - Sync 1 DAGs
[2025-07-08T09:11:34.638+0000] {logging_mixin.py:188} INFO - [2025-07-08T09:11:34.638+0000] {dag.py:3823} INFO - Setting next_dagrun for example_branch_operator to 2025-07-07 00:00:00+00:00, run_after=2025-07-08 00:00:00+00:00
[2025-07-08T09:11:34.711+0000] {processor.py:183} INFO - Processing /home/airflow/.local/lib/python3.8/site-packages/airflow/example_dags/example_branch_operator.py took 0.265 seconds
[2025-07-08T09:12:05.486+0000] {processor.py:161} INFO - Started process (PID=951) to work on /home/airflow/.local/lib/python3.8/site-packages/airflow/example_dags/example_branch_operator.py
[2025-07-08T09:12:05.487+0000] {processor.py:830} INFO - Processing file /home/airflow/.local/lib/python3.8/site-packages/airflow/example_dags/example_branch_operator.py for tasks to queue
[2025-07-08T09:12:05.491+0000] {logging_mixin.py:188} INFO - [2025-07-08T09:12:05.490+0000] {dagbag.py:538} INFO - Filling up the DagBag from /home/airflow/.local/lib/python3.8/site-packages/airflow/example_dags/example_branch_operator.py
[2025-07-08T09:12:05.532+0000] {processor.py:840} INFO - DAG(s) 'example_branch_operator' retrieved from /home/airflow/.local/lib/python3.8/site-packages/airflow/example_dags/example_branch_operator.py
[2025-07-08T09:12:05.586+0000] {logging_mixin.py:188} INFO - [2025-07-08T09:12:05.586+0000] {dag.py:3036} INFO - Sync 1 DAGs
[2025-07-08T09:12:05.637+0000] {logging_mixin.py:188} INFO - [2025-07-08T09:12:05.637+0000] {dag.py:3823} INFO - Setting next_dagrun for example_branch_operator to 2025-07-07 00:00:00+00:00, run_after=2025-07-08 00:00:00+00:00
[2025-07-08T09:12:05.681+0000] {processor.py:183} INFO - Processing /home/airflow/.local/lib/python3.8/site-packages/airflow/example_dags/example_branch_operator.py took 0.201 seconds
[2025-07-08T09:12:36.212+0000] {processor.py:161} INFO - Started process (PID=1018) to work on /home/airflow/.local/lib/python3.8/site-packages/airflow/example_dags/example_branch_operator.py
[2025-07-08T09:12:36.214+0000] {processor.py:830} INFO - Processing file /home/airflow/.local/lib/python3.8/site-packages/airflow/example_dags/example_branch_operator.py for tasks to queue
[2025-07-08T09:12:36.217+0000] {logging_mixin.py:188} INFO - [2025-07-08T09:12:36.217+0000] {dagbag.py:538} INFO - Filling up the DagBag from /home/airflow/.local/lib/python3.8/site-packages/airflow/example_dags/example_branch_operator.py
[2025-07-08T09:12:36.259+0000] {processor.py:840} INFO - DAG(s) 'example_branch_operator' retrieved from /home/airflow/.local/lib/python3.8/site-packages/airflow/example_dags/example_branch_operator.py
[2025-07-08T09:12:36.315+0000] {logging_mixin.py:188} INFO - [2025-07-08T09:12:36.314+0000] {dag.py:3036} INFO - Sync 1 DAGs
[2025-07-08T09:12:36.364+0000] {logging_mixin.py:188} INFO - [2025-07-08T09:12:36.364+0000] {dag.py:3823} INFO - Setting next_dagrun for example_branch_operator to 2025-07-07 00:00:00+00:00, run_after=2025-07-08 00:00:00+00:00
[2025-07-08T09:12:36.398+0000] {processor.py:183} INFO - Processing /home/airflow/.local/lib/python3.8/site-packages/airflow/example_dags/example_branch_operator.py took 0.205 seconds
[2025-07-08T09:13:06.667+0000] {processor.py:161} INFO - Started process (PID=1086) to work on /home/airflow/.local/lib/python3.8/site-packages/airflow/example_dags/example_branch_operator.py
[2025-07-08T09:13:06.668+0000] {processor.py:830} INFO - Processing file /home/airflow/.local/lib/python3.8/site-packages/airflow/example_dags/example_branch_operator.py for tasks to queue
[2025-07-08T09:13:06.671+0000] {logging_mixin.py:188} INFO - [2025-07-08T09:13:06.670+0000] {dagbag.py:538} INFO - Filling up the DagBag from /home/airflow/.local/lib/python3.8/site-packages/airflow/example_dags/example_branch_operator.py
[2025-07-08T09:13:06.701+0000] {processor.py:840} INFO - DAG(s) 'example_branch_operator' retrieved from /home/airflow/.local/lib/python3.8/site-packages/airflow/example_dags/example_branch_operator.py
[2025-07-08T09:13:06.752+0000] {logging_mixin.py:188} INFO - [2025-07-08T09:13:06.752+0000] {dag.py:3036} INFO - Sync 1 DAGs
[2025-07-08T09:13:06.802+0000] {logging_mixin.py:188} INFO - [2025-07-08T09:13:06.802+0000] {dag.py:3823} INFO - Setting next_dagrun for example_branch_operator to 2025-07-07 00:00:00+00:00, run_after=2025-07-08 00:00:00+00:00
[2025-07-08T09:13:06.834+0000] {processor.py:183} INFO - Processing /home/airflow/.local/lib/python3.8/site-packages/airflow/example_dags/example_branch_operator.py took 0.172 seconds
[2025-07-08T09:13:40.039+0000] {processor.py:161} INFO - Started process (PID=1153) to work on /home/airflow/.local/lib/python3.8/site-packages/airflow/example_dags/example_branch_operator.py
[2025-07-08T09:13:40.043+0000] {processor.py:830} INFO - Processing file /home/airflow/.local/lib/python3.8/site-packages/airflow/example_dags/example_branch_operator.py for tasks to queue
[2025-07-08T09:13:40.046+0000] {logging_mixin.py:188} INFO - [2025-07-08T09:13:40.045+0000] {dagbag.py:538} INFO - Filling up the DagBag from /home/airflow/.local/lib/python3.8/site-packages/airflow/example_dags/example_branch_operator.py
[2025-07-08T09:13:40.245+0000] {processor.py:840} INFO - DAG(s) 'example_branch_operator' retrieved from /home/airflow/.local/lib/python3.8/site-packages/airflow/example_dags/example_branch_operator.py
[2025-07-08T09:13:40.390+0000] {logging_mixin.py:188} INFO - [2025-07-08T09:13:40.390+0000] {dag.py:3036} INFO - Sync 1 DAGs
[2025-07-08T09:13:40.540+0000] {logging_mixin.py:188} INFO - [2025-07-08T09:13:40.540+0000] {dag.py:3823} INFO - Setting next_dagrun for example_branch_operator to 2025-07-07 00:00:00+00:00, run_after=2025-07-08 00:00:00+00:00
[2025-07-08T09:13:40.792+0000] {processor.py:183} INFO - Processing /home/airflow/.local/lib/python3.8/site-packages/airflow/example_dags/example_branch_operator.py took 0.765 seconds
[2025-07-08T09:14:11.833+0000] {processor.py:161} INFO - Started process (PID=1221) to work on /home/airflow/.local/lib/python3.8/site-packages/airflow/example_dags/example_branch_operator.py
[2025-07-08T09:14:11.835+0000] {processor.py:830} INFO - Processing file /home/airflow/.local/lib/python3.8/site-packages/airflow/example_dags/example_branch_operator.py for tasks to queue
[2025-07-08T09:14:11.852+0000] {logging_mixin.py:188} INFO - [2025-07-08T09:14:11.852+0000] {dagbag.py:538} INFO - Filling up the DagBag from /home/airflow/.local/lib/python3.8/site-packages/airflow/example_dags/example_branch_operator.py
[2025-07-08T09:14:12.053+0000] {processor.py:840} INFO - DAG(s) 'example_branch_operator' retrieved from /home/airflow/.local/lib/python3.8/site-packages/airflow/example_dags/example_branch_operator.py
[2025-07-08T09:14:12.239+0000] {logging_mixin.py:188} INFO - [2025-07-08T09:14:12.238+0000] {dag.py:3036} INFO - Sync 1 DAGs
[2025-07-08T09:14:12.350+0000] {logging_mixin.py:188} INFO - [2025-07-08T09:14:12.350+0000] {dag.py:3823} INFO - Setting next_dagrun for example_branch_operator to 2025-07-07 00:00:00+00:00, run_after=2025-07-08 00:00:00+00:00
[2025-07-08T09:14:12.396+0000] {processor.py:183} INFO - Processing /home/airflow/.local/lib/python3.8/site-packages/airflow/example_dags/example_branch_operator.py took 0.589 seconds
[2025-07-08T09:14:42.671+0000] {processor.py:161} INFO - Started process (PID=1278) to work on /home/airflow/.local/lib/python3.8/site-packages/airflow/example_dags/example_branch_operator.py
[2025-07-08T09:14:42.673+0000] {processor.py:830} INFO - Processing file /home/airflow/.local/lib/python3.8/site-packages/airflow/example_dags/example_branch_operator.py for tasks to queue
[2025-07-08T09:14:42.677+0000] {logging_mixin.py:188} INFO - [2025-07-08T09:14:42.676+0000] {dagbag.py:538} INFO - Filling up the DagBag from /home/airflow/.local/lib/python3.8/site-packages/airflow/example_dags/example_branch_operator.py
[2025-07-08T09:14:42.722+0000] {processor.py:840} INFO - DAG(s) 'example_branch_operator' retrieved from /home/airflow/.local/lib/python3.8/site-packages/airflow/example_dags/example_branch_operator.py
[2025-07-08T09:14:42.857+0000] {logging_mixin.py:188} INFO - [2025-07-08T09:14:42.857+0000] {dag.py:3036} INFO - Sync 1 DAGs
[2025-07-08T09:14:42.940+0000] {logging_mixin.py:188} INFO - [2025-07-08T09:14:42.940+0000] {dag.py:3823} INFO - Setting next_dagrun for example_branch_operator to 2025-07-07 00:00:00+00:00, run_after=2025-07-08 00:00:00+00:00
[2025-07-08T09:14:43.009+0000] {processor.py:183} INFO - Processing /home/airflow/.local/lib/python3.8/site-packages/airflow/example_dags/example_branch_operator.py took 0.363 seconds
[2025-07-08T09:15:13.645+0000] {processor.py:161} INFO - Started process (PID=1344) to work on /home/airflow/.local/lib/python3.8/site-packages/airflow/example_dags/example_branch_operator.py
[2025-07-08T09:15:13.649+0000] {processor.py:830} INFO - Processing file /home/airflow/.local/lib/python3.8/site-packages/airflow/example_dags/example_branch_operator.py for tasks to queue
[2025-07-08T09:15:13.653+0000] {logging_mixin.py:188} INFO - [2025-07-08T09:15:13.652+0000] {dagbag.py:538} INFO - Filling up the DagBag from /home/airflow/.local/lib/python3.8/site-packages/airflow/example_dags/example_branch_operator.py
[2025-07-08T09:15:13.692+0000] {processor.py:840} INFO - DAG(s) 'example_branch_operator' retrieved from /home/airflow/.local/lib/python3.8/site-packages/airflow/example_dags/example_branch_operator.py
[2025-07-08T09:15:13.747+0000] {logging_mixin.py:188} INFO - [2025-07-08T09:15:13.747+0000] {dag.py:3036} INFO - Sync 1 DAGs
[2025-07-08T09:15:13.803+0000] {logging_mixin.py:188} INFO - [2025-07-08T09:15:13.803+0000] {dag.py:3823} INFO - Setting next_dagrun for example_branch_operator to 2025-07-07 00:00:00+00:00, run_after=2025-07-08 00:00:00+00:00
[2025-07-08T09:15:13.843+0000] {processor.py:183} INFO - Processing /home/airflow/.local/lib/python3.8/site-packages/airflow/example_dags/example_branch_operator.py took 0.206 seconds
[2025-07-08T09:15:44.228+0000] {processor.py:161} INFO - Started process (PID=1411) to work on /home/airflow/.local/lib/python3.8/site-packages/airflow/example_dags/example_branch_operator.py
[2025-07-08T09:15:44.229+0000] {processor.py:830} INFO - Processing file /home/airflow/.local/lib/python3.8/site-packages/airflow/example_dags/example_branch_operator.py for tasks to queue
[2025-07-08T09:15:44.232+0000] {logging_mixin.py:188} INFO - [2025-07-08T09:15:44.232+0000] {dagbag.py:538} INFO - Filling up the DagBag from /home/airflow/.local/lib/python3.8/site-packages/airflow/example_dags/example_branch_operator.py
[2025-07-08T09:15:44.268+0000] {processor.py:840} INFO - DAG(s) 'example_branch_operator' retrieved from /home/airflow/.local/lib/python3.8/site-packages/airflow/example_dags/example_branch_operator.py
[2025-07-08T09:15:44.324+0000] {logging_mixin.py:188} INFO - [2025-07-08T09:15:44.323+0000] {dag.py:3036} INFO - Sync 1 DAGs
[2025-07-08T09:15:44.396+0000] {logging_mixin.py:188} INFO - [2025-07-08T09:15:44.395+0000] {dag.py:3823} INFO - Setting next_dagrun for example_branch_operator to 2025-07-07 00:00:00+00:00, run_after=2025-07-08 00:00:00+00:00
[2025-07-08T09:15:44.452+0000] {processor.py:183} INFO - Processing /home/airflow/.local/lib/python3.8/site-packages/airflow/example_dags/example_branch_operator.py took 0.230 seconds
[2025-07-08T09:16:15.166+0000] {processor.py:161} INFO - Started process (PID=1477) to work on /home/airflow/.local/lib/python3.8/site-packages/airflow/example_dags/example_branch_operator.py
[2025-07-08T09:16:15.168+0000] {processor.py:830} INFO - Processing file /home/airflow/.local/lib/python3.8/site-packages/airflow/example_dags/example_branch_operator.py for tasks to queue
[2025-07-08T09:16:15.172+0000] {logging_mixin.py:188} INFO - [2025-07-08T09:16:15.171+0000] {dagbag.py:538} INFO - Filling up the DagBag from /home/airflow/.local/lib/python3.8/site-packages/airflow/example_dags/example_branch_operator.py
[2025-07-08T09:16:15.213+0000] {processor.py:840} INFO - DAG(s) 'example_branch_operator' retrieved from /home/airflow/.local/lib/python3.8/site-packages/airflow/example_dags/example_branch_operator.py
[2025-07-08T09:16:15.280+0000] {logging_mixin.py:188} INFO - [2025-07-08T09:16:15.280+0000] {dag.py:3036} INFO - Sync 1 DAGs
[2025-07-08T09:16:15.332+0000] {logging_mixin.py:188} INFO - [2025-07-08T09:16:15.331+0000] {dag.py:3823} INFO - Setting next_dagrun for example_branch_operator to 2025-07-07 00:00:00+00:00, run_after=2025-07-08 00:00:00+00:00
[2025-07-08T09:16:15.368+0000] {processor.py:183} INFO - Processing /home/airflow/.local/lib/python3.8/site-packages/airflow/example_dags/example_branch_operator.py took 0.209 seconds
[2025-07-08T09:16:46.212+0000] {processor.py:161} INFO - Started process (PID=1542) to work on /home/airflow/.local/lib/python3.8/site-packages/airflow/example_dags/example_branch_operator.py
[2025-07-08T09:16:46.214+0000] {processor.py:830} INFO - Processing file /home/airflow/.local/lib/python3.8/site-packages/airflow/example_dags/example_branch_operator.py for tasks to queue
[2025-07-08T09:16:46.217+0000] {logging_mixin.py:188} INFO - [2025-07-08T09:16:46.216+0000] {dagbag.py:538} INFO - Filling up the DagBag from /home/airflow/.local/lib/python3.8/site-packages/airflow/example_dags/example_branch_operator.py
[2025-07-08T09:16:46.253+0000] {processor.py:840} INFO - DAG(s) 'example_branch_operator' retrieved from /home/airflow/.local/lib/python3.8/site-packages/airflow/example_dags/example_branch_operator.py
[2025-07-08T09:16:46.307+0000] {logging_mixin.py:188} INFO - [2025-07-08T09:16:46.307+0000] {dag.py:3036} INFO - Sync 1 DAGs
[2025-07-08T09:16:46.353+0000] {logging_mixin.py:188} INFO - [2025-07-08T09:16:46.353+0000] {dag.py:3823} INFO - Setting next_dagrun for example_branch_operator to 2025-07-07 00:00:00+00:00, run_after=2025-07-08 00:00:00+00:00
[2025-07-08T09:16:46.389+0000] {processor.py:183} INFO - Processing /home/airflow/.local/lib/python3.8/site-packages/airflow/example_dags/example_branch_operator.py took 0.184 seconds
[2025-07-08T09:17:16.952+0000] {processor.py:161} INFO - Started process (PID=1609) to work on /home/airflow/.local/lib/python3.8/site-packages/airflow/example_dags/example_branch_operator.py
[2025-07-08T09:17:16.954+0000] {processor.py:830} INFO - Processing file /home/airflow/.local/lib/python3.8/site-packages/airflow/example_dags/example_branch_operator.py for tasks to queue
[2025-07-08T09:17:16.958+0000] {logging_mixin.py:188} INFO - [2025-07-08T09:17:16.957+0000] {dagbag.py:538} INFO - Filling up the DagBag from /home/airflow/.local/lib/python3.8/site-packages/airflow/example_dags/example_branch_operator.py
[2025-07-08T09:17:16.996+0000] {processor.py:840} INFO - DAG(s) 'example_branch_operator' retrieved from /home/airflow/.local/lib/python3.8/site-packages/airflow/example_dags/example_branch_operator.py
[2025-07-08T09:17:17.056+0000] {logging_mixin.py:188} INFO - [2025-07-08T09:17:17.056+0000] {dag.py:3036} INFO - Sync 1 DAGs
[2025-07-08T09:17:17.105+0000] {logging_mixin.py:188} INFO - [2025-07-08T09:17:17.104+0000] {dag.py:3823} INFO - Setting next_dagrun for example_branch_operator to 2025-07-07 00:00:00+00:00, run_after=2025-07-08 00:00:00+00:00
[2025-07-08T09:17:17.142+0000] {processor.py:183} INFO - Processing /home/airflow/.local/lib/python3.8/site-packages/airflow/example_dags/example_branch_operator.py took 0.197 seconds
[2025-07-08T09:17:47.807+0000] {processor.py:161} INFO - Started process (PID=1674) to work on /home/airflow/.local/lib/python3.8/site-packages/airflow/example_dags/example_branch_operator.py
[2025-07-08T09:17:47.824+0000] {processor.py:830} INFO - Processing file /home/airflow/.local/lib/python3.8/site-packages/airflow/example_dags/example_branch_operator.py for tasks to queue
[2025-07-08T09:17:47.827+0000] {logging_mixin.py:188} INFO - [2025-07-08T09:17:47.827+0000] {dagbag.py:538} INFO - Filling up the DagBag from /home/airflow/.local/lib/python3.8/site-packages/airflow/example_dags/example_branch_operator.py
[2025-07-08T09:17:47.959+0000] {processor.py:840} INFO - DAG(s) 'example_branch_operator' retrieved from /home/airflow/.local/lib/python3.8/site-packages/airflow/example_dags/example_branch_operator.py
[2025-07-08T09:17:48.067+0000] {logging_mixin.py:188} INFO - [2025-07-08T09:17:48.066+0000] {dag.py:3036} INFO - Sync 1 DAGs
[2025-07-08T09:17:48.135+0000] {logging_mixin.py:188} INFO - [2025-07-08T09:17:48.134+0000] {dag.py:3823} INFO - Setting next_dagrun for example_branch_operator to 2025-07-07 00:00:00+00:00, run_after=2025-07-08 00:00:00+00:00
[2025-07-08T09:17:48.185+0000] {processor.py:183} INFO - Processing /home/airflow/.local/lib/python3.8/site-packages/airflow/example_dags/example_branch_operator.py took 0.384 seconds
[2025-07-08T09:18:19.572+0000] {processor.py:161} INFO - Started process (PID=1740) to work on /home/airflow/.local/lib/python3.8/site-packages/airflow/example_dags/example_branch_operator.py
[2025-07-08T09:18:19.578+0000] {processor.py:830} INFO - Processing file /home/airflow/.local/lib/python3.8/site-packages/airflow/example_dags/example_branch_operator.py for tasks to queue
[2025-07-08T09:18:19.587+0000] {logging_mixin.py:188} INFO - [2025-07-08T09:18:19.586+0000] {dagbag.py:538} INFO - Filling up the DagBag from /home/airflow/.local/lib/python3.8/site-packages/airflow/example_dags/example_branch_operator.py
[2025-07-08T09:18:19.741+0000] {processor.py:840} INFO - DAG(s) 'example_branch_operator' retrieved from /home/airflow/.local/lib/python3.8/site-packages/airflow/example_dags/example_branch_operator.py
[2025-07-08T09:18:19.821+0000] {logging_mixin.py:188} INFO - [2025-07-08T09:18:19.821+0000] {dag.py:3036} INFO - Sync 1 DAGs
[2025-07-08T09:18:19.963+0000] {logging_mixin.py:188} INFO - [2025-07-08T09:18:19.962+0000] {dag.py:3823} INFO - Setting next_dagrun for example_branch_operator to 2025-07-07 00:00:00+00:00, run_after=2025-07-08 00:00:00+00:00
[2025-07-08T09:18:20.050+0000] {processor.py:183} INFO - Processing /home/airflow/.local/lib/python3.8/site-packages/airflow/example_dags/example_branch_operator.py took 0.512 seconds
[2025-07-08T09:18:50.771+0000] {processor.py:161} INFO - Started process (PID=1797) to work on /home/airflow/.local/lib/python3.8/site-packages/airflow/example_dags/example_branch_operator.py
[2025-07-08T09:18:50.780+0000] {processor.py:830} INFO - Processing file /home/airflow/.local/lib/python3.8/site-packages/airflow/example_dags/example_branch_operator.py for tasks to queue
[2025-07-08T09:18:50.783+0000] {logging_mixin.py:188} INFO - [2025-07-08T09:18:50.782+0000] {dagbag.py:538} INFO - Filling up the DagBag from /home/airflow/.local/lib/python3.8/site-packages/airflow/example_dags/example_branch_operator.py
[2025-07-08T09:18:50.888+0000] {processor.py:840} INFO - DAG(s) 'example_branch_operator' retrieved from /home/airflow/.local/lib/python3.8/site-packages/airflow/example_dags/example_branch_operator.py
[2025-07-08T09:18:50.972+0000] {logging_mixin.py:188} INFO - [2025-07-08T09:18:50.971+0000] {dag.py:3036} INFO - Sync 1 DAGs
[2025-07-08T09:18:51.071+0000] {logging_mixin.py:188} INFO - [2025-07-08T09:18:51.071+0000] {dag.py:3823} INFO - Setting next_dagrun for example_branch_operator to 2025-07-07 00:00:00+00:00, run_after=2025-07-08 00:00:00+00:00
[2025-07-08T09:18:51.180+0000] {processor.py:183} INFO - Processing /home/airflow/.local/lib/python3.8/site-packages/airflow/example_dags/example_branch_operator.py took 0.415 seconds
[2025-07-08T09:19:21.692+0000] {processor.py:161} INFO - Started process (PID=1863) to work on /home/airflow/.local/lib/python3.8/site-packages/airflow/example_dags/example_branch_operator.py
[2025-07-08T09:19:21.712+0000] {processor.py:830} INFO - Processing file /home/airflow/.local/lib/python3.8/site-packages/airflow/example_dags/example_branch_operator.py for tasks to queue
[2025-07-08T09:19:21.715+0000] {logging_mixin.py:188} INFO - [2025-07-08T09:19:21.714+0000] {dagbag.py:538} INFO - Filling up the DagBag from /home/airflow/.local/lib/python3.8/site-packages/airflow/example_dags/example_branch_operator.py
[2025-07-08T09:19:21.819+0000] {processor.py:840} INFO - DAG(s) 'example_branch_operator' retrieved from /home/airflow/.local/lib/python3.8/site-packages/airflow/example_dags/example_branch_operator.py
[2025-07-08T09:19:21.972+0000] {logging_mixin.py:188} INFO - [2025-07-08T09:19:21.963+0000] {dag.py:3036} INFO - Sync 1 DAGs
[2025-07-08T09:19:22.077+0000] {logging_mixin.py:188} INFO - [2025-07-08T09:19:22.076+0000] {dag.py:3823} INFO - Setting next_dagrun for example_branch_operator to 2025-07-07 00:00:00+00:00, run_after=2025-07-08 00:00:00+00:00
[2025-07-08T09:19:22.158+0000] {processor.py:183} INFO - Processing /home/airflow/.local/lib/python3.8/site-packages/airflow/example_dags/example_branch_operator.py took 0.472 seconds
[2025-07-08T09:19:52.976+0000] {processor.py:161} INFO - Started process (PID=1930) to work on /home/airflow/.local/lib/python3.8/site-packages/airflow/example_dags/example_branch_operator.py
[2025-07-08T09:19:52.977+0000] {processor.py:830} INFO - Processing file /home/airflow/.local/lib/python3.8/site-packages/airflow/example_dags/example_branch_operator.py for tasks to queue
[2025-07-08T09:19:52.983+0000] {logging_mixin.py:188} INFO - [2025-07-08T09:19:52.980+0000] {dagbag.py:538} INFO - Filling up the DagBag from /home/airflow/.local/lib/python3.8/site-packages/airflow/example_dags/example_branch_operator.py
[2025-07-08T09:19:53.068+0000] {processor.py:840} INFO - DAG(s) 'example_branch_operator' retrieved from /home/airflow/.local/lib/python3.8/site-packages/airflow/example_dags/example_branch_operator.py
[2025-07-08T09:19:53.125+0000] {logging_mixin.py:188} INFO - [2025-07-08T09:19:53.124+0000] {dag.py:3036} INFO - Sync 1 DAGs
[2025-07-08T09:19:53.170+0000] {logging_mixin.py:188} INFO - [2025-07-08T09:19:53.170+0000] {dag.py:3823} INFO - Setting next_dagrun for example_branch_operator to 2025-07-07 00:00:00+00:00, run_after=2025-07-08 00:00:00+00:00
[2025-07-08T09:19:53.240+0000] {processor.py:183} INFO - Processing /home/airflow/.local/lib/python3.8/site-packages/airflow/example_dags/example_branch_operator.py took 0.275 seconds
[2025-07-08T09:20:23.581+0000] {processor.py:161} INFO - Started process (PID=1998) to work on /home/airflow/.local/lib/python3.8/site-packages/airflow/example_dags/example_branch_operator.py
[2025-07-08T09:20:23.583+0000] {processor.py:830} INFO - Processing file /home/airflow/.local/lib/python3.8/site-packages/airflow/example_dags/example_branch_operator.py for tasks to queue
[2025-07-08T09:20:23.597+0000] {logging_mixin.py:188} INFO - [2025-07-08T09:20:23.596+0000] {dagbag.py:538} INFO - Filling up the DagBag from /home/airflow/.local/lib/python3.8/site-packages/airflow/example_dags/example_branch_operator.py
[2025-07-08T09:20:23.712+0000] {processor.py:840} INFO - DAG(s) 'example_branch_operator' retrieved from /home/airflow/.local/lib/python3.8/site-packages/airflow/example_dags/example_branch_operator.py
[2025-07-08T09:20:23.860+0000] {logging_mixin.py:188} INFO - [2025-07-08T09:20:23.859+0000] {dag.py:3036} INFO - Sync 1 DAGs
[2025-07-08T09:20:23.957+0000] {logging_mixin.py:188} INFO - [2025-07-08T09:20:23.956+0000] {dag.py:3823} INFO - Setting next_dagrun for example_branch_operator to 2025-07-07 00:00:00+00:00, run_after=2025-07-08 00:00:00+00:00
[2025-07-08T09:20:24.063+0000] {processor.py:183} INFO - Processing /home/airflow/.local/lib/python3.8/site-packages/airflow/example_dags/example_branch_operator.py took 0.488 seconds
[2025-07-08T09:20:54.754+0000] {processor.py:161} INFO - Started process (PID=2064) to work on /home/airflow/.local/lib/python3.8/site-packages/airflow/example_dags/example_branch_operator.py
[2025-07-08T09:20:54.755+0000] {processor.py:830} INFO - Processing file /home/airflow/.local/lib/python3.8/site-packages/airflow/example_dags/example_branch_operator.py for tasks to queue
[2025-07-08T09:20:54.759+0000] {logging_mixin.py:188} INFO - [2025-07-08T09:20:54.758+0000] {dagbag.py:538} INFO - Filling up the DagBag from /home/airflow/.local/lib/python3.8/site-packages/airflow/example_dags/example_branch_operator.py
[2025-07-08T09:20:54.796+0000] {processor.py:840} INFO - DAG(s) 'example_branch_operator' retrieved from /home/airflow/.local/lib/python3.8/site-packages/airflow/example_dags/example_branch_operator.py
[2025-07-08T09:20:54.855+0000] {logging_mixin.py:188} INFO - [2025-07-08T09:20:54.854+0000] {dag.py:3036} INFO - Sync 1 DAGs
[2025-07-08T09:20:54.903+0000] {logging_mixin.py:188} INFO - [2025-07-08T09:20:54.902+0000] {dag.py:3823} INFO - Setting next_dagrun for example_branch_operator to 2025-07-07 00:00:00+00:00, run_after=2025-07-08 00:00:00+00:00
[2025-07-08T09:20:54.944+0000] {processor.py:183} INFO - Processing /home/airflow/.local/lib/python3.8/site-packages/airflow/example_dags/example_branch_operator.py took 0.197 seconds
[2025-07-08T09:21:25.528+0000] {processor.py:161} INFO - Started process (PID=2130) to work on /home/airflow/.local/lib/python3.8/site-packages/airflow/example_dags/example_branch_operator.py
[2025-07-08T09:21:25.536+0000] {processor.py:830} INFO - Processing file /home/airflow/.local/lib/python3.8/site-packages/airflow/example_dags/example_branch_operator.py for tasks to queue
[2025-07-08T09:21:25.539+0000] {logging_mixin.py:188} INFO - [2025-07-08T09:21:25.539+0000] {dagbag.py:538} INFO - Filling up the DagBag from /home/airflow/.local/lib/python3.8/site-packages/airflow/example_dags/example_branch_operator.py
[2025-07-08T09:21:25.684+0000] {processor.py:840} INFO - DAG(s) 'example_branch_operator' retrieved from /home/airflow/.local/lib/python3.8/site-packages/airflow/example_dags/example_branch_operator.py
[2025-07-08T09:21:25.873+0000] {logging_mixin.py:188} INFO - [2025-07-08T09:21:25.873+0000] {dag.py:3036} INFO - Sync 1 DAGs
[2025-07-08T09:21:25.999+0000] {logging_mixin.py:188} INFO - [2025-07-08T09:21:25.999+0000] {dag.py:3823} INFO - Setting next_dagrun for example_branch_operator to 2025-07-07 00:00:00+00:00, run_after=2025-07-08 00:00:00+00:00
[2025-07-08T09:21:26.065+0000] {processor.py:183} INFO - Processing /home/airflow/.local/lib/python3.8/site-packages/airflow/example_dags/example_branch_operator.py took 0.559 seconds
[2025-07-08T09:21:56.573+0000] {processor.py:161} INFO - Started process (PID=2196) to work on /home/airflow/.local/lib/python3.8/site-packages/airflow/example_dags/example_branch_operator.py
[2025-07-08T09:21:56.575+0000] {processor.py:830} INFO - Processing file /home/airflow/.local/lib/python3.8/site-packages/airflow/example_dags/example_branch_operator.py for tasks to queue
[2025-07-08T09:21:56.591+0000] {logging_mixin.py:188} INFO - [2025-07-08T09:21:56.591+0000] {dagbag.py:538} INFO - Filling up the DagBag from /home/airflow/.local/lib/python3.8/site-packages/airflow/example_dags/example_branch_operator.py
[2025-07-08T09:21:56.765+0000] {processor.py:840} INFO - DAG(s) 'example_branch_operator' retrieved from /home/airflow/.local/lib/python3.8/site-packages/airflow/example_dags/example_branch_operator.py
[2025-07-08T09:21:56.963+0000] {logging_mixin.py:188} INFO - [2025-07-08T09:21:56.962+0000] {dag.py:3036} INFO - Sync 1 DAGs
[2025-07-08T09:21:57.135+0000] {logging_mixin.py:188} INFO - [2025-07-08T09:21:57.135+0000] {dag.py:3823} INFO - Setting next_dagrun for example_branch_operator to 2025-07-07 00:00:00+00:00, run_after=2025-07-08 00:00:00+00:00
[2025-07-08T09:21:57.254+0000] {processor.py:183} INFO - Processing /home/airflow/.local/lib/python3.8/site-packages/airflow/example_dags/example_branch_operator.py took 0.703 seconds
[2025-07-08T09:22:27.869+0000] {processor.py:161} INFO - Started process (PID=2254) to work on /home/airflow/.local/lib/python3.8/site-packages/airflow/example_dags/example_branch_operator.py
[2025-07-08T09:22:27.878+0000] {processor.py:830} INFO - Processing file /home/airflow/.local/lib/python3.8/site-packages/airflow/example_dags/example_branch_operator.py for tasks to queue
[2025-07-08T09:22:27.886+0000] {logging_mixin.py:188} INFO - [2025-07-08T09:22:27.885+0000] {dagbag.py:538} INFO - Filling up the DagBag from /home/airflow/.local/lib/python3.8/site-packages/airflow/example_dags/example_branch_operator.py
[2025-07-08T09:22:27.939+0000] {processor.py:840} INFO - DAG(s) 'example_branch_operator' retrieved from /home/airflow/.local/lib/python3.8/site-packages/airflow/example_dags/example_branch_operator.py
[2025-07-08T09:22:28.030+0000] {logging_mixin.py:188} INFO - [2025-07-08T09:22:28.030+0000] {dag.py:3036} INFO - Sync 1 DAGs
[2025-07-08T09:22:28.102+0000] {logging_mixin.py:188} INFO - [2025-07-08T09:22:28.101+0000] {dag.py:3823} INFO - Setting next_dagrun for example_branch_operator to 2025-07-07 00:00:00+00:00, run_after=2025-07-08 00:00:00+00:00
[2025-07-08T09:22:28.140+0000] {processor.py:183} INFO - Processing /home/airflow/.local/lib/python3.8/site-packages/airflow/example_dags/example_branch_operator.py took 0.277 seconds
[2025-07-08T09:22:58.806+0000] {processor.py:161} INFO - Started process (PID=2320) to work on /home/airflow/.local/lib/python3.8/site-packages/airflow/example_dags/example_branch_operator.py
[2025-07-08T09:22:58.807+0000] {processor.py:830} INFO - Processing file /home/airflow/.local/lib/python3.8/site-packages/airflow/example_dags/example_branch_operator.py for tasks to queue
[2025-07-08T09:22:58.810+0000] {logging_mixin.py:188} INFO - [2025-07-08T09:22:58.810+0000] {dagbag.py:538} INFO - Filling up the DagBag from /home/airflow/.local/lib/python3.8/site-packages/airflow/example_dags/example_branch_operator.py
[2025-07-08T09:22:58.851+0000] {processor.py:840} INFO - DAG(s) 'example_branch_operator' retrieved from /home/airflow/.local/lib/python3.8/site-packages/airflow/example_dags/example_branch_operator.py
[2025-07-08T09:22:58.910+0000] {logging_mixin.py:188} INFO - [2025-07-08T09:22:58.909+0000] {dag.py:3036} INFO - Sync 1 DAGs
[2025-07-08T09:22:58.978+0000] {logging_mixin.py:188} INFO - [2025-07-08T09:22:58.977+0000] {dag.py:3823} INFO - Setting next_dagrun for example_branch_operator to 2025-07-07 00:00:00+00:00, run_after=2025-07-08 00:00:00+00:00
[2025-07-08T09:22:59.031+0000] {processor.py:183} INFO - Processing /home/airflow/.local/lib/python3.8/site-packages/airflow/example_dags/example_branch_operator.py took 0.231 seconds
[2025-07-08T09:23:29.260+0000] {processor.py:161} INFO - Started process (PID=2386) to work on /home/airflow/.local/lib/python3.8/site-packages/airflow/example_dags/example_branch_operator.py
[2025-07-08T09:23:29.266+0000] {processor.py:830} INFO - Processing file /home/airflow/.local/lib/python3.8/site-packages/airflow/example_dags/example_branch_operator.py for tasks to queue
[2025-07-08T09:23:29.269+0000] {logging_mixin.py:188} INFO - [2025-07-08T09:23:29.268+0000] {dagbag.py:538} INFO - Filling up the DagBag from /home/airflow/.local/lib/python3.8/site-packages/airflow/example_dags/example_branch_operator.py
[2025-07-08T09:23:29.311+0000] {processor.py:840} INFO - DAG(s) 'example_branch_operator' retrieved from /home/airflow/.local/lib/python3.8/site-packages/airflow/example_dags/example_branch_operator.py
[2025-07-08T09:23:29.365+0000] {logging_mixin.py:188} INFO - [2025-07-08T09:23:29.365+0000] {dag.py:3036} INFO - Sync 1 DAGs
[2025-07-08T09:23:29.435+0000] {logging_mixin.py:188} INFO - [2025-07-08T09:23:29.435+0000] {dag.py:3823} INFO - Setting next_dagrun for example_branch_operator to 2025-07-07 00:00:00+00:00, run_after=2025-07-08 00:00:00+00:00
[2025-07-08T09:23:29.478+0000] {processor.py:183} INFO - Processing /home/airflow/.local/lib/python3.8/site-packages/airflow/example_dags/example_branch_operator.py took 0.223 seconds
[2025-07-08T09:24:00.152+0000] {processor.py:161} INFO - Started process (PID=2453) to work on /home/airflow/.local/lib/python3.8/site-packages/airflow/example_dags/example_branch_operator.py
[2025-07-08T09:24:00.155+0000] {processor.py:830} INFO - Processing file /home/airflow/.local/lib/python3.8/site-packages/airflow/example_dags/example_branch_operator.py for tasks to queue
[2025-07-08T09:24:00.158+0000] {logging_mixin.py:188} INFO - [2025-07-08T09:24:00.158+0000] {dagbag.py:538} INFO - Filling up the DagBag from /home/airflow/.local/lib/python3.8/site-packages/airflow/example_dags/example_branch_operator.py
[2025-07-08T09:24:00.203+0000] {processor.py:840} INFO - DAG(s) 'example_branch_operator' retrieved from /home/airflow/.local/lib/python3.8/site-packages/airflow/example_dags/example_branch_operator.py
[2025-07-08T09:24:00.263+0000] {logging_mixin.py:188} INFO - [2025-07-08T09:24:00.263+0000] {dag.py:3036} INFO - Sync 1 DAGs
[2025-07-08T09:24:00.325+0000] {logging_mixin.py:188} INFO - [2025-07-08T09:24:00.325+0000] {dag.py:3823} INFO - Setting next_dagrun for example_branch_operator to 2025-07-07 00:00:00+00:00, run_after=2025-07-08 00:00:00+00:00
[2025-07-08T09:24:00.365+0000] {processor.py:183} INFO - Processing /home/airflow/.local/lib/python3.8/site-packages/airflow/example_dags/example_branch_operator.py took 0.222 seconds
[2025-07-08T09:24:30.611+0000] {processor.py:161} INFO - Started process (PID=2519) to work on /home/airflow/.local/lib/python3.8/site-packages/airflow/example_dags/example_branch_operator.py
[2025-07-08T09:24:30.617+0000] {processor.py:830} INFO - Processing file /home/airflow/.local/lib/python3.8/site-packages/airflow/example_dags/example_branch_operator.py for tasks to queue
[2025-07-08T09:24:30.632+0000] {logging_mixin.py:188} INFO - [2025-07-08T09:24:30.631+0000] {dagbag.py:538} INFO - Filling up the DagBag from /home/airflow/.local/lib/python3.8/site-packages/airflow/example_dags/example_branch_operator.py
[2025-07-08T09:24:30.734+0000] {processor.py:840} INFO - DAG(s) 'example_branch_operator' retrieved from /home/airflow/.local/lib/python3.8/site-packages/airflow/example_dags/example_branch_operator.py
[2025-07-08T09:24:30.969+0000] {logging_mixin.py:188} INFO - [2025-07-08T09:24:30.969+0000] {dag.py:3036} INFO - Sync 1 DAGs
[2025-07-08T09:24:31.060+0000] {logging_mixin.py:188} INFO - [2025-07-08T09:24:31.060+0000] {dag.py:3823} INFO - Setting next_dagrun for example_branch_operator to 2025-07-07 00:00:00+00:00, run_after=2025-07-08 00:00:00+00:00
[2025-07-08T09:24:31.140+0000] {processor.py:183} INFO - Processing /home/airflow/.local/lib/python3.8/site-packages/airflow/example_dags/example_branch_operator.py took 0.543 seconds
[2025-07-08T09:25:01.446+0000] {processor.py:161} INFO - Started process (PID=2586) to work on /home/airflow/.local/lib/python3.8/site-packages/airflow/example_dags/example_branch_operator.py
[2025-07-08T09:25:01.451+0000] {processor.py:830} INFO - Processing file /home/airflow/.local/lib/python3.8/site-packages/airflow/example_dags/example_branch_operator.py for tasks to queue
[2025-07-08T09:25:01.455+0000] {logging_mixin.py:188} INFO - [2025-07-08T09:25:01.454+0000] {dagbag.py:538} INFO - Filling up the DagBag from /home/airflow/.local/lib/python3.8/site-packages/airflow/example_dags/example_branch_operator.py
[2025-07-08T09:25:01.549+0000] {processor.py:840} INFO - DAG(s) 'example_branch_operator' retrieved from /home/airflow/.local/lib/python3.8/site-packages/airflow/example_dags/example_branch_operator.py
[2025-07-08T09:25:01.669+0000] {logging_mixin.py:188} INFO - [2025-07-08T09:25:01.668+0000] {dag.py:3036} INFO - Sync 1 DAGs
[2025-07-08T09:25:01.798+0000] {logging_mixin.py:188} INFO - [2025-07-08T09:25:01.798+0000] {dag.py:3823} INFO - Setting next_dagrun for example_branch_operator to 2025-07-07 00:00:00+00:00, run_after=2025-07-08 00:00:00+00:00
[2025-07-08T09:25:01.865+0000] {processor.py:183} INFO - Processing /home/airflow/.local/lib/python3.8/site-packages/airflow/example_dags/example_branch_operator.py took 0.426 seconds
[2025-07-08T09:25:32.339+0000] {processor.py:161} INFO - Started process (PID=2653) to work on /home/airflow/.local/lib/python3.8/site-packages/airflow/example_dags/example_branch_operator.py
[2025-07-08T09:25:32.341+0000] {processor.py:830} INFO - Processing file /home/airflow/.local/lib/python3.8/site-packages/airflow/example_dags/example_branch_operator.py for tasks to queue
[2025-07-08T09:25:32.344+0000] {logging_mixin.py:188} INFO - [2025-07-08T09:25:32.344+0000] {dagbag.py:538} INFO - Filling up the DagBag from /home/airflow/.local/lib/python3.8/site-packages/airflow/example_dags/example_branch_operator.py
[2025-07-08T09:25:32.423+0000] {processor.py:840} INFO - DAG(s) 'example_branch_operator' retrieved from /home/airflow/.local/lib/python3.8/site-packages/airflow/example_dags/example_branch_operator.py
[2025-07-08T09:25:32.525+0000] {logging_mixin.py:188} INFO - [2025-07-08T09:25:32.525+0000] {dag.py:3036} INFO - Sync 1 DAGs
[2025-07-08T09:25:32.629+0000] {logging_mixin.py:188} INFO - [2025-07-08T09:25:32.628+0000] {dag.py:3823} INFO - Setting next_dagrun for example_branch_operator to 2025-07-07 00:00:00+00:00, run_after=2025-07-08 00:00:00+00:00
[2025-07-08T09:25:32.697+0000] {processor.py:183} INFO - Processing /home/airflow/.local/lib/python3.8/site-packages/airflow/example_dags/example_branch_operator.py took 0.364 seconds
[2025-07-08T09:26:03.413+0000] {processor.py:161} INFO - Started process (PID=2717) to work on /home/airflow/.local/lib/python3.8/site-packages/airflow/example_dags/example_branch_operator.py
[2025-07-08T09:26:03.414+0000] {processor.py:830} INFO - Processing file /home/airflow/.local/lib/python3.8/site-packages/airflow/example_dags/example_branch_operator.py for tasks to queue
[2025-07-08T09:26:03.423+0000] {logging_mixin.py:188} INFO - [2025-07-08T09:26:03.422+0000] {dagbag.py:538} INFO - Filling up the DagBag from /home/airflow/.local/lib/python3.8/site-packages/airflow/example_dags/example_branch_operator.py
[2025-07-08T09:26:03.472+0000] {processor.py:840} INFO - DAG(s) 'example_branch_operator' retrieved from /home/airflow/.local/lib/python3.8/site-packages/airflow/example_dags/example_branch_operator.py
[2025-07-08T09:26:03.619+0000] {logging_mixin.py:188} INFO - [2025-07-08T09:26:03.619+0000] {dag.py:3036} INFO - Sync 1 DAGs
[2025-07-08T09:26:03.710+0000] {logging_mixin.py:188} INFO - [2025-07-08T09:26:03.710+0000] {dag.py:3823} INFO - Setting next_dagrun for example_branch_operator to 2025-07-07 00:00:00+00:00, run_after=2025-07-08 00:00:00+00:00
[2025-07-08T09:26:03.784+0000] {processor.py:183} INFO - Processing /home/airflow/.local/lib/python3.8/site-packages/airflow/example_dags/example_branch_operator.py took 0.385 seconds
[2025-07-08T09:26:34.255+0000] {processor.py:161} INFO - Started process (PID=2775) to work on /home/airflow/.local/lib/python3.8/site-packages/airflow/example_dags/example_branch_operator.py
[2025-07-08T09:26:34.268+0000] {processor.py:830} INFO - Processing file /home/airflow/.local/lib/python3.8/site-packages/airflow/example_dags/example_branch_operator.py for tasks to queue
[2025-07-08T09:26:34.271+0000] {logging_mixin.py:188} INFO - [2025-07-08T09:26:34.271+0000] {dagbag.py:538} INFO - Filling up the DagBag from /home/airflow/.local/lib/python3.8/site-packages/airflow/example_dags/example_branch_operator.py
[2025-07-08T09:26:34.332+0000] {processor.py:840} INFO - DAG(s) 'example_branch_operator' retrieved from /home/airflow/.local/lib/python3.8/site-packages/airflow/example_dags/example_branch_operator.py
[2025-07-08T09:26:34.393+0000] {logging_mixin.py:188} INFO - [2025-07-08T09:26:34.393+0000] {dag.py:3036} INFO - Sync 1 DAGs
[2025-07-08T09:26:34.443+0000] {logging_mixin.py:188} INFO - [2025-07-08T09:26:34.443+0000] {dag.py:3823} INFO - Setting next_dagrun for example_branch_operator to 2025-07-07 00:00:00+00:00, run_after=2025-07-08 00:00:00+00:00
[2025-07-08T09:26:34.477+0000] {processor.py:183} INFO - Processing /home/airflow/.local/lib/python3.8/site-packages/airflow/example_dags/example_branch_operator.py took 0.244 seconds
[2025-07-08T09:27:04.987+0000] {processor.py:161} INFO - Started process (PID=2842) to work on /home/airflow/.local/lib/python3.8/site-packages/airflow/example_dags/example_branch_operator.py
[2025-07-08T09:27:04.988+0000] {processor.py:830} INFO - Processing file /home/airflow/.local/lib/python3.8/site-packages/airflow/example_dags/example_branch_operator.py for tasks to queue
[2025-07-08T09:27:05.016+0000] {logging_mixin.py:188} INFO - [2025-07-08T09:27:04.991+0000] {dagbag.py:538} INFO - Filling up the DagBag from /home/airflow/.local/lib/python3.8/site-packages/airflow/example_dags/example_branch_operator.py
[2025-07-08T09:27:05.153+0000] {processor.py:840} INFO - DAG(s) 'example_branch_operator' retrieved from /home/airflow/.local/lib/python3.8/site-packages/airflow/example_dags/example_branch_operator.py
[2025-07-08T09:27:05.252+0000] {logging_mixin.py:188} INFO - [2025-07-08T09:27:05.252+0000] {dag.py:3036} INFO - Sync 1 DAGs
[2025-07-08T09:27:05.404+0000] {logging_mixin.py:188} INFO - [2025-07-08T09:27:05.391+0000] {dag.py:3823} INFO - Setting next_dagrun for example_branch_operator to 2025-07-07 00:00:00+00:00, run_after=2025-07-08 00:00:00+00:00
[2025-07-08T09:27:05.496+0000] {processor.py:183} INFO - Processing /home/airflow/.local/lib/python3.8/site-packages/airflow/example_dags/example_branch_operator.py took 0.520 seconds
[2025-07-08T09:27:35.944+0000] {processor.py:161} INFO - Started process (PID=2900) to work on /home/airflow/.local/lib/python3.8/site-packages/airflow/example_dags/example_branch_operator.py
[2025-07-08T09:27:35.952+0000] {processor.py:830} INFO - Processing file /home/airflow/.local/lib/python3.8/site-packages/airflow/example_dags/example_branch_operator.py for tasks to queue
[2025-07-08T09:27:35.955+0000] {logging_mixin.py:188} INFO - [2025-07-08T09:27:35.955+0000] {dagbag.py:538} INFO - Filling up the DagBag from /home/airflow/.local/lib/python3.8/site-packages/airflow/example_dags/example_branch_operator.py
[2025-07-08T09:27:36.096+0000] {processor.py:840} INFO - DAG(s) 'example_branch_operator' retrieved from /home/airflow/.local/lib/python3.8/site-packages/airflow/example_dags/example_branch_operator.py
[2025-07-08T09:27:36.165+0000] {logging_mixin.py:188} INFO - [2025-07-08T09:27:36.164+0000] {dag.py:3036} INFO - Sync 1 DAGs
[2025-07-08T09:27:36.216+0000] {logging_mixin.py:188} INFO - [2025-07-08T09:27:36.216+0000] {dag.py:3823} INFO - Setting next_dagrun for example_branch_operator to 2025-07-07 00:00:00+00:00, run_after=2025-07-08 00:00:00+00:00
[2025-07-08T09:27:36.272+0000] {processor.py:183} INFO - Processing /home/airflow/.local/lib/python3.8/site-packages/airflow/example_dags/example_branch_operator.py took 0.342 seconds
[2025-07-08T09:28:06.710+0000] {processor.py:161} INFO - Started process (PID=2966) to work on /home/airflow/.local/lib/python3.8/site-packages/airflow/example_dags/example_branch_operator.py
[2025-07-08T09:28:06.712+0000] {processor.py:830} INFO - Processing file /home/airflow/.local/lib/python3.8/site-packages/airflow/example_dags/example_branch_operator.py for tasks to queue
[2025-07-08T09:28:06.715+0000] {logging_mixin.py:188} INFO - [2025-07-08T09:28:06.715+0000] {dagbag.py:538} INFO - Filling up the DagBag from /home/airflow/.local/lib/python3.8/site-packages/airflow/example_dags/example_branch_operator.py
[2025-07-08T09:28:06.756+0000] {processor.py:840} INFO - DAG(s) 'example_branch_operator' retrieved from /home/airflow/.local/lib/python3.8/site-packages/airflow/example_dags/example_branch_operator.py
[2025-07-08T09:28:06.863+0000] {logging_mixin.py:188} INFO - [2025-07-08T09:28:06.863+0000] {dag.py:3036} INFO - Sync 1 DAGs
[2025-07-08T09:28:06.975+0000] {logging_mixin.py:188} INFO - [2025-07-08T09:28:06.975+0000] {dag.py:3823} INFO - Setting next_dagrun for example_branch_operator to 2025-07-07 00:00:00+00:00, run_after=2025-07-08 00:00:00+00:00
[2025-07-08T09:28:07.108+0000] {processor.py:183} INFO - Processing /home/airflow/.local/lib/python3.8/site-packages/airflow/example_dags/example_branch_operator.py took 0.406 seconds
[2025-07-08T09:28:37.780+0000] {processor.py:161} INFO - Started process (PID=3031) to work on /home/airflow/.local/lib/python3.8/site-packages/airflow/example_dags/example_branch_operator.py
[2025-07-08T09:28:37.801+0000] {processor.py:830} INFO - Processing file /home/airflow/.local/lib/python3.8/site-packages/airflow/example_dags/example_branch_operator.py for tasks to queue
[2025-07-08T09:28:37.814+0000] {logging_mixin.py:188} INFO - [2025-07-08T09:28:37.814+0000] {dagbag.py:538} INFO - Filling up the DagBag from /home/airflow/.local/lib/python3.8/site-packages/airflow/example_dags/example_branch_operator.py
[2025-07-08T09:28:37.913+0000] {processor.py:840} INFO - DAG(s) 'example_branch_operator' retrieved from /home/airflow/.local/lib/python3.8/site-packages/airflow/example_dags/example_branch_operator.py
[2025-07-08T09:28:38.000+0000] {logging_mixin.py:188} INFO - [2025-07-08T09:28:38.000+0000] {dag.py:3036} INFO - Sync 1 DAGs
[2025-07-08T09:28:38.054+0000] {logging_mixin.py:188} INFO - [2025-07-08T09:28:38.054+0000] {dag.py:3823} INFO - Setting next_dagrun for example_branch_operator to 2025-07-07 00:00:00+00:00, run_after=2025-07-08 00:00:00+00:00
[2025-07-08T09:28:38.106+0000] {processor.py:183} INFO - Processing /home/airflow/.local/lib/python3.8/site-packages/airflow/example_dags/example_branch_operator.py took 0.342 seconds
[2025-07-08T09:29:08.957+0000] {processor.py:161} INFO - Started process (PID=3096) to work on /home/airflow/.local/lib/python3.8/site-packages/airflow/example_dags/example_branch_operator.py
[2025-07-08T09:29:08.959+0000] {processor.py:830} INFO - Processing file /home/airflow/.local/lib/python3.8/site-packages/airflow/example_dags/example_branch_operator.py for tasks to queue
[2025-07-08T09:29:08.962+0000] {logging_mixin.py:188} INFO - [2025-07-08T09:29:08.962+0000] {dagbag.py:538} INFO - Filling up the DagBag from /home/airflow/.local/lib/python3.8/site-packages/airflow/example_dags/example_branch_operator.py
[2025-07-08T09:29:09.001+0000] {processor.py:840} INFO - DAG(s) 'example_branch_operator' retrieved from /home/airflow/.local/lib/python3.8/site-packages/airflow/example_dags/example_branch_operator.py
[2025-07-08T09:29:09.065+0000] {logging_mixin.py:188} INFO - [2025-07-08T09:29:09.065+0000] {dag.py:3036} INFO - Sync 1 DAGs
[2025-07-08T09:29:09.130+0000] {logging_mixin.py:188} INFO - [2025-07-08T09:29:09.130+0000] {dag.py:3823} INFO - Setting next_dagrun for example_branch_operator to 2025-07-07 00:00:00+00:00, run_after=2025-07-08 00:00:00+00:00
[2025-07-08T09:29:09.170+0000] {processor.py:183} INFO - Processing /home/airflow/.local/lib/python3.8/site-packages/airflow/example_dags/example_branch_operator.py took 0.220 seconds
[2025-07-08T09:29:39.564+0000] {processor.py:161} INFO - Started process (PID=3162) to work on /home/airflow/.local/lib/python3.8/site-packages/airflow/example_dags/example_branch_operator.py
[2025-07-08T09:29:39.569+0000] {processor.py:830} INFO - Processing file /home/airflow/.local/lib/python3.8/site-packages/airflow/example_dags/example_branch_operator.py for tasks to queue
[2025-07-08T09:29:39.572+0000] {logging_mixin.py:188} INFO - [2025-07-08T09:29:39.571+0000] {dagbag.py:538} INFO - Filling up the DagBag from /home/airflow/.local/lib/python3.8/site-packages/airflow/example_dags/example_branch_operator.py
[2025-07-08T09:29:39.610+0000] {processor.py:840} INFO - DAG(s) 'example_branch_operator' retrieved from /home/airflow/.local/lib/python3.8/site-packages/airflow/example_dags/example_branch_operator.py
[2025-07-08T09:29:39.666+0000] {logging_mixin.py:188} INFO - [2025-07-08T09:29:39.665+0000] {dag.py:3036} INFO - Sync 1 DAGs
[2025-07-08T09:29:39.712+0000] {logging_mixin.py:188} INFO - [2025-07-08T09:29:39.712+0000] {dag.py:3823} INFO - Setting next_dagrun for example_branch_operator to 2025-07-07 00:00:00+00:00, run_after=2025-07-08 00:00:00+00:00
[2025-07-08T09:29:39.763+0000] {processor.py:183} INFO - Processing /home/airflow/.local/lib/python3.8/site-packages/airflow/example_dags/example_branch_operator.py took 0.221 seconds
[2025-07-08T09:30:10.461+0000] {processor.py:161} INFO - Started process (PID=3227) to work on /home/airflow/.local/lib/python3.8/site-packages/airflow/example_dags/example_branch_operator.py
[2025-07-08T09:30:10.462+0000] {processor.py:830} INFO - Processing file /home/airflow/.local/lib/python3.8/site-packages/airflow/example_dags/example_branch_operator.py for tasks to queue
[2025-07-08T09:30:10.477+0000] {logging_mixin.py:188} INFO - [2025-07-08T09:30:10.477+0000] {dagbag.py:538} INFO - Filling up the DagBag from /home/airflow/.local/lib/python3.8/site-packages/airflow/example_dags/example_branch_operator.py
[2025-07-08T09:30:10.606+0000] {processor.py:840} INFO - DAG(s) 'example_branch_operator' retrieved from /home/airflow/.local/lib/python3.8/site-packages/airflow/example_dags/example_branch_operator.py
[2025-07-08T09:30:10.736+0000] {logging_mixin.py:188} INFO - [2025-07-08T09:30:10.736+0000] {dag.py:3036} INFO - Sync 1 DAGs
[2025-07-08T09:30:10.835+0000] {logging_mixin.py:188} INFO - [2025-07-08T09:30:10.835+0000] {dag.py:3823} INFO - Setting next_dagrun for example_branch_operator to 2025-07-07 00:00:00+00:00, run_after=2025-07-08 00:00:00+00:00
[2025-07-08T09:30:10.924+0000] {processor.py:183} INFO - Processing /home/airflow/.local/lib/python3.8/site-packages/airflow/example_dags/example_branch_operator.py took 0.484 seconds
[2025-07-08T09:30:41.055+0000] {processor.py:161} INFO - Started process (PID=3294) to work on /home/airflow/.local/lib/python3.8/site-packages/airflow/example_dags/example_branch_operator.py
[2025-07-08T09:30:41.069+0000] {processor.py:830} INFO - Processing file /home/airflow/.local/lib/python3.8/site-packages/airflow/example_dags/example_branch_operator.py for tasks to queue
[2025-07-08T09:30:41.072+0000] {logging_mixin.py:188} INFO - [2025-07-08T09:30:41.071+0000] {dagbag.py:538} INFO - Filling up the DagBag from /home/airflow/.local/lib/python3.8/site-packages/airflow/example_dags/example_branch_operator.py
[2025-07-08T09:30:41.179+0000] {processor.py:840} INFO - DAG(s) 'example_branch_operator' retrieved from /home/airflow/.local/lib/python3.8/site-packages/airflow/example_dags/example_branch_operator.py
[2025-07-08T09:30:41.315+0000] {logging_mixin.py:188} INFO - [2025-07-08T09:30:41.314+0000] {dag.py:3036} INFO - Sync 1 DAGs
[2025-07-08T09:30:41.457+0000] {logging_mixin.py:188} INFO - [2025-07-08T09:30:41.456+0000] {dag.py:3823} INFO - Setting next_dagrun for example_branch_operator to 2025-07-07 00:00:00+00:00, run_after=2025-07-08 00:00:00+00:00
[2025-07-08T09:30:41.540+0000] {processor.py:183} INFO - Processing /home/airflow/.local/lib/python3.8/site-packages/airflow/example_dags/example_branch_operator.py took 0.495 seconds
[2025-07-08T09:31:12.088+0000] {processor.py:161} INFO - Started process (PID=3361) to work on /home/airflow/.local/lib/python3.8/site-packages/airflow/example_dags/example_branch_operator.py
[2025-07-08T09:31:12.090+0000] {processor.py:830} INFO - Processing file /home/airflow/.local/lib/python3.8/site-packages/airflow/example_dags/example_branch_operator.py for tasks to queue
[2025-07-08T09:31:12.105+0000] {logging_mixin.py:188} INFO - [2025-07-08T09:31:12.105+0000] {dagbag.py:538} INFO - Filling up the DagBag from /home/airflow/.local/lib/python3.8/site-packages/airflow/example_dags/example_branch_operator.py
[2025-07-08T09:31:12.215+0000] {processor.py:840} INFO - DAG(s) 'example_branch_operator' retrieved from /home/airflow/.local/lib/python3.8/site-packages/airflow/example_dags/example_branch_operator.py
[2025-07-08T09:31:12.392+0000] {logging_mixin.py:188} INFO - [2025-07-08T09:31:12.392+0000] {dag.py:3036} INFO - Sync 1 DAGs
[2025-07-08T09:31:12.442+0000] {logging_mixin.py:188} INFO - [2025-07-08T09:31:12.441+0000] {dag.py:3823} INFO - Setting next_dagrun for example_branch_operator to 2025-07-07 00:00:00+00:00, run_after=2025-07-08 00:00:00+00:00
[2025-07-08T09:31:12.515+0000] {processor.py:183} INFO - Processing /home/airflow/.local/lib/python3.8/site-packages/airflow/example_dags/example_branch_operator.py took 0.435 seconds
[2025-07-08T09:31:42.881+0000] {processor.py:161} INFO - Started process (PID=3428) to work on /home/airflow/.local/lib/python3.8/site-packages/airflow/example_dags/example_branch_operator.py
[2025-07-08T09:31:42.886+0000] {processor.py:830} INFO - Processing file /home/airflow/.local/lib/python3.8/site-packages/airflow/example_dags/example_branch_operator.py for tasks to queue
[2025-07-08T09:31:42.888+0000] {logging_mixin.py:188} INFO - [2025-07-08T09:31:42.888+0000] {dagbag.py:538} INFO - Filling up the DagBag from /home/airflow/.local/lib/python3.8/site-packages/airflow/example_dags/example_branch_operator.py
[2025-07-08T09:31:42.937+0000] {processor.py:840} INFO - DAG(s) 'example_branch_operator' retrieved from /home/airflow/.local/lib/python3.8/site-packages/airflow/example_dags/example_branch_operator.py
[2025-07-08T09:31:43.073+0000] {logging_mixin.py:188} INFO - [2025-07-08T09:31:43.073+0000] {dag.py:3036} INFO - Sync 1 DAGs
[2025-07-08T09:31:43.156+0000] {logging_mixin.py:188} INFO - [2025-07-08T09:31:43.156+0000] {dag.py:3823} INFO - Setting next_dagrun for example_branch_operator to 2025-07-07 00:00:00+00:00, run_after=2025-07-08 00:00:00+00:00
[2025-07-08T09:31:43.256+0000] {processor.py:183} INFO - Processing /home/airflow/.local/lib/python3.8/site-packages/airflow/example_dags/example_branch_operator.py took 0.409 seconds
[2025-07-08T09:32:13.538+0000] {processor.py:161} INFO - Started process (PID=3494) to work on /home/airflow/.local/lib/python3.8/site-packages/airflow/example_dags/example_branch_operator.py
[2025-07-08T09:32:13.539+0000] {processor.py:830} INFO - Processing file /home/airflow/.local/lib/python3.8/site-packages/airflow/example_dags/example_branch_operator.py for tasks to queue
[2025-07-08T09:32:13.549+0000] {logging_mixin.py:188} INFO - [2025-07-08T09:32:13.549+0000] {dagbag.py:538} INFO - Filling up the DagBag from /home/airflow/.local/lib/python3.8/site-packages/airflow/example_dags/example_branch_operator.py
[2025-07-08T09:32:13.596+0000] {processor.py:840} INFO - DAG(s) 'example_branch_operator' retrieved from /home/airflow/.local/lib/python3.8/site-packages/airflow/example_dags/example_branch_operator.py
[2025-07-08T09:32:13.662+0000] {logging_mixin.py:188} INFO - [2025-07-08T09:32:13.661+0000] {dag.py:3036} INFO - Sync 1 DAGs
[2025-07-08T09:32:13.713+0000] {logging_mixin.py:188} INFO - [2025-07-08T09:32:13.712+0000] {dag.py:3823} INFO - Setting next_dagrun for example_branch_operator to 2025-07-07 00:00:00+00:00, run_after=2025-07-08 00:00:00+00:00
[2025-07-08T09:32:13.797+0000] {processor.py:183} INFO - Processing /home/airflow/.local/lib/python3.8/site-packages/airflow/example_dags/example_branch_operator.py took 0.273 seconds
[2025-07-08T09:32:44.366+0000] {processor.py:161} INFO - Started process (PID=3559) to work on /home/airflow/.local/lib/python3.8/site-packages/airflow/example_dags/example_branch_operator.py
[2025-07-08T09:32:44.376+0000] {processor.py:830} INFO - Processing file /home/airflow/.local/lib/python3.8/site-packages/airflow/example_dags/example_branch_operator.py for tasks to queue
[2025-07-08T09:32:44.379+0000] {logging_mixin.py:188} INFO - [2025-07-08T09:32:44.379+0000] {dagbag.py:538} INFO - Filling up the DagBag from /home/airflow/.local/lib/python3.8/site-packages/airflow/example_dags/example_branch_operator.py
[2025-07-08T09:32:44.474+0000] {processor.py:840} INFO - DAG(s) 'example_branch_operator' retrieved from /home/airflow/.local/lib/python3.8/site-packages/airflow/example_dags/example_branch_operator.py
[2025-07-08T09:32:44.596+0000] {logging_mixin.py:188} INFO - [2025-07-08T09:32:44.595+0000] {dag.py:3036} INFO - Sync 1 DAGs
[2025-07-08T09:32:44.648+0000] {logging_mixin.py:188} INFO - [2025-07-08T09:32:44.648+0000] {dag.py:3823} INFO - Setting next_dagrun for example_branch_operator to 2025-07-07 00:00:00+00:00, run_after=2025-07-08 00:00:00+00:00
[2025-07-08T09:32:44.702+0000] {processor.py:183} INFO - Processing /home/airflow/.local/lib/python3.8/site-packages/airflow/example_dags/example_branch_operator.py took 0.375 seconds
[2025-07-08T09:33:14.946+0000] {processor.py:161} INFO - Started process (PID=3624) to work on /home/airflow/.local/lib/python3.8/site-packages/airflow/example_dags/example_branch_operator.py
[2025-07-08T09:33:14.960+0000] {processor.py:830} INFO - Processing file /home/airflow/.local/lib/python3.8/site-packages/airflow/example_dags/example_branch_operator.py for tasks to queue
[2025-07-08T09:33:14.963+0000] {logging_mixin.py:188} INFO - [2025-07-08T09:33:14.963+0000] {dagbag.py:538} INFO - Filling up the DagBag from /home/airflow/.local/lib/python3.8/site-packages/airflow/example_dags/example_branch_operator.py
[2025-07-08T09:33:15.035+0000] {processor.py:840} INFO - DAG(s) 'example_branch_operator' retrieved from /home/airflow/.local/lib/python3.8/site-packages/airflow/example_dags/example_branch_operator.py
[2025-07-08T09:33:15.184+0000] {logging_mixin.py:188} INFO - [2025-07-08T09:33:15.184+0000] {dag.py:3036} INFO - Sync 1 DAGs
[2025-07-08T09:33:15.278+0000] {logging_mixin.py:188} INFO - [2025-07-08T09:33:15.269+0000] {dag.py:3823} INFO - Setting next_dagrun for example_branch_operator to 2025-07-07 00:00:00+00:00, run_after=2025-07-08 00:00:00+00:00
[2025-07-08T09:33:15.343+0000] {processor.py:183} INFO - Processing /home/airflow/.local/lib/python3.8/site-packages/airflow/example_dags/example_branch_operator.py took 0.427 seconds
[2025-07-08T09:33:45.986+0000] {processor.py:161} INFO - Started process (PID=3689) to work on /home/airflow/.local/lib/python3.8/site-packages/airflow/example_dags/example_branch_operator.py
[2025-07-08T09:33:45.992+0000] {processor.py:830} INFO - Processing file /home/airflow/.local/lib/python3.8/site-packages/airflow/example_dags/example_branch_operator.py for tasks to queue
[2025-07-08T09:33:45.995+0000] {logging_mixin.py:188} INFO - [2025-07-08T09:33:45.995+0000] {dagbag.py:538} INFO - Filling up the DagBag from /home/airflow/.local/lib/python3.8/site-packages/airflow/example_dags/example_branch_operator.py
[2025-07-08T09:33:46.166+0000] {processor.py:840} INFO - DAG(s) 'example_branch_operator' retrieved from /home/airflow/.local/lib/python3.8/site-packages/airflow/example_dags/example_branch_operator.py
[2025-07-08T09:33:46.353+0000] {logging_mixin.py:188} INFO - [2025-07-08T09:33:46.353+0000] {dag.py:3036} INFO - Sync 1 DAGs
[2025-07-08T09:33:46.551+0000] {logging_mixin.py:188} INFO - [2025-07-08T09:33:46.551+0000] {dag.py:3823} INFO - Setting next_dagrun for example_branch_operator to 2025-07-07 00:00:00+00:00, run_after=2025-07-08 00:00:00+00:00
[2025-07-08T09:33:46.618+0000] {processor.py:183} INFO - Processing /home/airflow/.local/lib/python3.8/site-packages/airflow/example_dags/example_branch_operator.py took 0.660 seconds
[2025-07-08T09:34:16.907+0000] {processor.py:161} INFO - Started process (PID=3755) to work on /home/airflow/.local/lib/python3.8/site-packages/airflow/example_dags/example_branch_operator.py
[2025-07-08T09:34:16.925+0000] {processor.py:830} INFO - Processing file /home/airflow/.local/lib/python3.8/site-packages/airflow/example_dags/example_branch_operator.py for tasks to queue
[2025-07-08T09:34:16.940+0000] {logging_mixin.py:188} INFO - [2025-07-08T09:34:16.928+0000] {dagbag.py:538} INFO - Filling up the DagBag from /home/airflow/.local/lib/python3.8/site-packages/airflow/example_dags/example_branch_operator.py
[2025-07-08T09:34:17.029+0000] {processor.py:840} INFO - DAG(s) 'example_branch_operator' retrieved from /home/airflow/.local/lib/python3.8/site-packages/airflow/example_dags/example_branch_operator.py
[2025-07-08T09:34:17.213+0000] {logging_mixin.py:188} INFO - [2025-07-08T09:34:17.213+0000] {dag.py:3036} INFO - Sync 1 DAGs
[2025-07-08T09:34:17.360+0000] {logging_mixin.py:188} INFO - [2025-07-08T09:34:17.360+0000] {dag.py:3823} INFO - Setting next_dagrun for example_branch_operator to 2025-07-07 00:00:00+00:00, run_after=2025-07-08 00:00:00+00:00
[2025-07-08T09:34:17.592+0000] {processor.py:183} INFO - Processing /home/airflow/.local/lib/python3.8/site-packages/airflow/example_dags/example_branch_operator.py took 0.702 seconds
[2025-07-08T09:34:48.536+0000] {processor.py:161} INFO - Started process (PID=3821) to work on /home/airflow/.local/lib/python3.8/site-packages/airflow/example_dags/example_branch_operator.py
[2025-07-08T09:34:48.545+0000] {processor.py:830} INFO - Processing file /home/airflow/.local/lib/python3.8/site-packages/airflow/example_dags/example_branch_operator.py for tasks to queue
[2025-07-08T09:34:48.550+0000] {logging_mixin.py:188} INFO - [2025-07-08T09:34:48.549+0000] {dagbag.py:538} INFO - Filling up the DagBag from /home/airflow/.local/lib/python3.8/site-packages/airflow/example_dags/example_branch_operator.py
[2025-07-08T09:34:48.697+0000] {processor.py:840} INFO - DAG(s) 'example_branch_operator' retrieved from /home/airflow/.local/lib/python3.8/site-packages/airflow/example_dags/example_branch_operator.py
[2025-07-08T09:34:49.150+0000] {logging_mixin.py:188} INFO - [2025-07-08T09:34:49.150+0000] {dag.py:3036} INFO - Sync 1 DAGs
[2025-07-08T09:34:49.297+0000] {logging_mixin.py:188} INFO - [2025-07-08T09:34:49.296+0000] {dag.py:3823} INFO - Setting next_dagrun for example_branch_operator to 2025-07-07 00:00:00+00:00, run_after=2025-07-08 00:00:00+00:00
[2025-07-08T09:34:49.412+0000] {processor.py:183} INFO - Processing /home/airflow/.local/lib/python3.8/site-packages/airflow/example_dags/example_branch_operator.py took 0.893 seconds
[2025-07-08T09:35:19.677+0000] {processor.py:161} INFO - Started process (PID=3880) to work on /home/airflow/.local/lib/python3.8/site-packages/airflow/example_dags/example_branch_operator.py
[2025-07-08T09:35:19.679+0000] {processor.py:830} INFO - Processing file /home/airflow/.local/lib/python3.8/site-packages/airflow/example_dags/example_branch_operator.py for tasks to queue
[2025-07-08T09:35:19.682+0000] {logging_mixin.py:188} INFO - [2025-07-08T09:35:19.681+0000] {dagbag.py:538} INFO - Filling up the DagBag from /home/airflow/.local/lib/python3.8/site-packages/airflow/example_dags/example_branch_operator.py
[2025-07-08T09:35:19.719+0000] {processor.py:840} INFO - DAG(s) 'example_branch_operator' retrieved from /home/airflow/.local/lib/python3.8/site-packages/airflow/example_dags/example_branch_operator.py
[2025-07-08T09:35:19.781+0000] {logging_mixin.py:188} INFO - [2025-07-08T09:35:19.780+0000] {dag.py:3036} INFO - Sync 1 DAGs
[2025-07-08T09:35:19.831+0000] {logging_mixin.py:188} INFO - [2025-07-08T09:35:19.831+0000] {dag.py:3823} INFO - Setting next_dagrun for example_branch_operator to 2025-07-07 00:00:00+00:00, run_after=2025-07-08 00:00:00+00:00
[2025-07-08T09:35:19.868+0000] {processor.py:183} INFO - Processing /home/airflow/.local/lib/python3.8/site-packages/airflow/example_dags/example_branch_operator.py took 0.197 seconds
[2025-07-08T09:35:50.860+0000] {processor.py:161} INFO - Started process (PID=3946) to work on /home/airflow/.local/lib/python3.8/site-packages/airflow/example_dags/example_branch_operator.py
[2025-07-08T09:35:50.861+0000] {processor.py:830} INFO - Processing file /home/airflow/.local/lib/python3.8/site-packages/airflow/example_dags/example_branch_operator.py for tasks to queue
[2025-07-08T09:35:50.864+0000] {logging_mixin.py:188} INFO - [2025-07-08T09:35:50.863+0000] {dagbag.py:538} INFO - Filling up the DagBag from /home/airflow/.local/lib/python3.8/site-packages/airflow/example_dags/example_branch_operator.py
[2025-07-08T09:35:50.900+0000] {processor.py:840} INFO - DAG(s) 'example_branch_operator' retrieved from /home/airflow/.local/lib/python3.8/site-packages/airflow/example_dags/example_branch_operator.py
[2025-07-08T09:35:51.007+0000] {logging_mixin.py:188} INFO - [2025-07-08T09:35:51.006+0000] {dag.py:3036} INFO - Sync 1 DAGs
[2025-07-08T09:35:51.080+0000] {logging_mixin.py:188} INFO - [2025-07-08T09:35:51.077+0000] {dag.py:3823} INFO - Setting next_dagrun for example_branch_operator to 2025-07-07 00:00:00+00:00, run_after=2025-07-08 00:00:00+00:00
[2025-07-08T09:35:51.111+0000] {processor.py:183} INFO - Processing /home/airflow/.local/lib/python3.8/site-packages/airflow/example_dags/example_branch_operator.py took 0.257 seconds
[2025-07-08T09:36:21.210+0000] {processor.py:161} INFO - Started process (PID=4011) to work on /home/airflow/.local/lib/python3.8/site-packages/airflow/example_dags/example_branch_operator.py
[2025-07-08T09:36:21.212+0000] {processor.py:830} INFO - Processing file /home/airflow/.local/lib/python3.8/site-packages/airflow/example_dags/example_branch_operator.py for tasks to queue
[2025-07-08T09:36:21.215+0000] {logging_mixin.py:188} INFO - [2025-07-08T09:36:21.214+0000] {dagbag.py:538} INFO - Filling up the DagBag from /home/airflow/.local/lib/python3.8/site-packages/airflow/example_dags/example_branch_operator.py
[2025-07-08T09:36:21.257+0000] {processor.py:840} INFO - DAG(s) 'example_branch_operator' retrieved from /home/airflow/.local/lib/python3.8/site-packages/airflow/example_dags/example_branch_operator.py
[2025-07-08T09:36:21.326+0000] {logging_mixin.py:188} INFO - [2025-07-08T09:36:21.326+0000] {dag.py:3036} INFO - Sync 1 DAGs
[2025-07-08T09:36:21.376+0000] {logging_mixin.py:188} INFO - [2025-07-08T09:36:21.375+0000] {dag.py:3823} INFO - Setting next_dagrun for example_branch_operator to 2025-07-07 00:00:00+00:00, run_after=2025-07-08 00:00:00+00:00
[2025-07-08T09:36:21.423+0000] {processor.py:183} INFO - Processing /home/airflow/.local/lib/python3.8/site-packages/airflow/example_dags/example_branch_operator.py took 0.218 seconds
[2025-07-08T09:36:52.353+0000] {processor.py:161} INFO - Started process (PID=4080) to work on /home/airflow/.local/lib/python3.8/site-packages/airflow/example_dags/example_branch_operator.py
[2025-07-08T09:36:52.354+0000] {processor.py:830} INFO - Processing file /home/airflow/.local/lib/python3.8/site-packages/airflow/example_dags/example_branch_operator.py for tasks to queue
[2025-07-08T09:36:52.357+0000] {logging_mixin.py:188} INFO - [2025-07-08T09:36:52.356+0000] {dagbag.py:538} INFO - Filling up the DagBag from /home/airflow/.local/lib/python3.8/site-packages/airflow/example_dags/example_branch_operator.py
[2025-07-08T09:36:52.435+0000] {processor.py:840} INFO - DAG(s) 'example_branch_operator' retrieved from /home/airflow/.local/lib/python3.8/site-packages/airflow/example_dags/example_branch_operator.py
[2025-07-08T09:36:52.503+0000] {logging_mixin.py:188} INFO - [2025-07-08T09:36:52.503+0000] {dag.py:3036} INFO - Sync 1 DAGs
[2025-07-08T09:36:52.573+0000] {logging_mixin.py:188} INFO - [2025-07-08T09:36:52.572+0000] {dag.py:3823} INFO - Setting next_dagrun for example_branch_operator to 2025-07-07 00:00:00+00:00, run_after=2025-07-08 00:00:00+00:00
[2025-07-08T09:36:52.651+0000] {processor.py:183} INFO - Processing /home/airflow/.local/lib/python3.8/site-packages/airflow/example_dags/example_branch_operator.py took 0.314 seconds
[2025-07-08T09:37:22.931+0000] {processor.py:161} INFO - Started process (PID=4146) to work on /home/airflow/.local/lib/python3.8/site-packages/airflow/example_dags/example_branch_operator.py
[2025-07-08T09:37:22.934+0000] {processor.py:830} INFO - Processing file /home/airflow/.local/lib/python3.8/site-packages/airflow/example_dags/example_branch_operator.py for tasks to queue
[2025-07-08T09:37:22.937+0000] {logging_mixin.py:188} INFO - [2025-07-08T09:37:22.937+0000] {dagbag.py:538} INFO - Filling up the DagBag from /home/airflow/.local/lib/python3.8/site-packages/airflow/example_dags/example_branch_operator.py
[2025-07-08T09:37:22.977+0000] {processor.py:840} INFO - DAG(s) 'example_branch_operator' retrieved from /home/airflow/.local/lib/python3.8/site-packages/airflow/example_dags/example_branch_operator.py
[2025-07-08T09:37:23.079+0000] {logging_mixin.py:188} INFO - [2025-07-08T09:37:23.079+0000] {dag.py:3036} INFO - Sync 1 DAGs
[2025-07-08T09:37:23.178+0000] {logging_mixin.py:188} INFO - [2025-07-08T09:37:23.178+0000] {dag.py:3823} INFO - Setting next_dagrun for example_branch_operator to 2025-07-07 00:00:00+00:00, run_after=2025-07-08 00:00:00+00:00
[2025-07-08T09:37:23.266+0000] {processor.py:183} INFO - Processing /home/airflow/.local/lib/python3.8/site-packages/airflow/example_dags/example_branch_operator.py took 0.344 seconds
[2025-07-08T09:37:54.029+0000] {processor.py:161} INFO - Started process (PID=4214) to work on /home/airflow/.local/lib/python3.8/site-packages/airflow/example_dags/example_branch_operator.py
[2025-07-08T09:37:54.031+0000] {processor.py:830} INFO - Processing file /home/airflow/.local/lib/python3.8/site-packages/airflow/example_dags/example_branch_operator.py for tasks to queue
[2025-07-08T09:37:54.042+0000] {logging_mixin.py:188} INFO - [2025-07-08T09:37:54.041+0000] {dagbag.py:538} INFO - Filling up the DagBag from /home/airflow/.local/lib/python3.8/site-packages/airflow/example_dags/example_branch_operator.py
[2025-07-08T09:37:54.095+0000] {processor.py:840} INFO - DAG(s) 'example_branch_operator' retrieved from /home/airflow/.local/lib/python3.8/site-packages/airflow/example_dags/example_branch_operator.py
[2025-07-08T09:37:54.179+0000] {logging_mixin.py:188} INFO - [2025-07-08T09:37:54.178+0000] {dag.py:3036} INFO - Sync 1 DAGs
[2025-07-08T09:37:54.230+0000] {logging_mixin.py:188} INFO - [2025-07-08T09:37:54.229+0000] {dag.py:3823} INFO - Setting next_dagrun for example_branch_operator to 2025-07-07 00:00:00+00:00, run_after=2025-07-08 00:00:00+00:00
[2025-07-08T09:37:54.349+0000] {processor.py:183} INFO - Processing /home/airflow/.local/lib/python3.8/site-packages/airflow/example_dags/example_branch_operator.py took 0.332 seconds
[2025-07-08T09:38:24.757+0000] {processor.py:161} INFO - Started process (PID=4281) to work on /home/airflow/.local/lib/python3.8/site-packages/airflow/example_dags/example_branch_operator.py
[2025-07-08T09:38:24.759+0000] {processor.py:830} INFO - Processing file /home/airflow/.local/lib/python3.8/site-packages/airflow/example_dags/example_branch_operator.py for tasks to queue
[2025-07-08T09:38:24.761+0000] {logging_mixin.py:188} INFO - [2025-07-08T09:38:24.761+0000] {dagbag.py:538} INFO - Filling up the DagBag from /home/airflow/.local/lib/python3.8/site-packages/airflow/example_dags/example_branch_operator.py
[2025-07-08T09:38:24.834+0000] {processor.py:840} INFO - DAG(s) 'example_branch_operator' retrieved from /home/airflow/.local/lib/python3.8/site-packages/airflow/example_dags/example_branch_operator.py
[2025-07-08T09:38:24.891+0000] {logging_mixin.py:188} INFO - [2025-07-08T09:38:24.891+0000] {dag.py:3036} INFO - Sync 1 DAGs
[2025-07-08T09:38:24.956+0000] {logging_mixin.py:188} INFO - [2025-07-08T09:38:24.955+0000] {dag.py:3823} INFO - Setting next_dagrun for example_branch_operator to 2025-07-07 00:00:00+00:00, run_after=2025-07-08 00:00:00+00:00
[2025-07-08T09:38:25.001+0000] {processor.py:183} INFO - Processing /home/airflow/.local/lib/python3.8/site-packages/airflow/example_dags/example_branch_operator.py took 0.260 seconds
[2025-07-08T09:38:55.156+0000] {processor.py:161} INFO - Started process (PID=4347) to work on /home/airflow/.local/lib/python3.8/site-packages/airflow/example_dags/example_branch_operator.py
[2025-07-08T09:38:55.157+0000] {processor.py:830} INFO - Processing file /home/airflow/.local/lib/python3.8/site-packages/airflow/example_dags/example_branch_operator.py for tasks to queue
[2025-07-08T09:38:55.164+0000] {logging_mixin.py:188} INFO - [2025-07-08T09:38:55.160+0000] {dagbag.py:538} INFO - Filling up the DagBag from /home/airflow/.local/lib/python3.8/site-packages/airflow/example_dags/example_branch_operator.py
[2025-07-08T09:38:55.268+0000] {processor.py:840} INFO - DAG(s) 'example_branch_operator' retrieved from /home/airflow/.local/lib/python3.8/site-packages/airflow/example_dags/example_branch_operator.py
[2025-07-08T09:38:55.348+0000] {logging_mixin.py:188} INFO - [2025-07-08T09:38:55.347+0000] {dag.py:3036} INFO - Sync 1 DAGs
[2025-07-08T09:38:55.434+0000] {logging_mixin.py:188} INFO - [2025-07-08T09:38:55.434+0000] {dag.py:3823} INFO - Setting next_dagrun for example_branch_operator to 2025-07-07 00:00:00+00:00, run_after=2025-07-08 00:00:00+00:00
[2025-07-08T09:38:55.512+0000] {processor.py:183} INFO - Processing /home/airflow/.local/lib/python3.8/site-packages/airflow/example_dags/example_branch_operator.py took 0.363 seconds
[2025-07-08T09:39:25.898+0000] {processor.py:161} INFO - Started process (PID=4414) to work on /home/airflow/.local/lib/python3.8/site-packages/airflow/example_dags/example_branch_operator.py
[2025-07-08T09:39:25.900+0000] {processor.py:830} INFO - Processing file /home/airflow/.local/lib/python3.8/site-packages/airflow/example_dags/example_branch_operator.py for tasks to queue
[2025-07-08T09:39:25.903+0000] {logging_mixin.py:188} INFO - [2025-07-08T09:39:25.902+0000] {dagbag.py:538} INFO - Filling up the DagBag from /home/airflow/.local/lib/python3.8/site-packages/airflow/example_dags/example_branch_operator.py
[2025-07-08T09:39:25.971+0000] {processor.py:840} INFO - DAG(s) 'example_branch_operator' retrieved from /home/airflow/.local/lib/python3.8/site-packages/airflow/example_dags/example_branch_operator.py
[2025-07-08T09:39:26.087+0000] {logging_mixin.py:188} INFO - [2025-07-08T09:39:26.086+0000] {dag.py:3036} INFO - Sync 1 DAGs
[2025-07-08T09:39:26.150+0000] {logging_mixin.py:188} INFO - [2025-07-08T09:39:26.150+0000] {dag.py:3823} INFO - Setting next_dagrun for example_branch_operator to 2025-07-07 00:00:00+00:00, run_after=2025-07-08 00:00:00+00:00
[2025-07-08T09:39:26.197+0000] {processor.py:183} INFO - Processing /home/airflow/.local/lib/python3.8/site-packages/airflow/example_dags/example_branch_operator.py took 0.316 seconds
[2025-07-08T09:39:56.379+0000] {processor.py:161} INFO - Started process (PID=4481) to work on /home/airflow/.local/lib/python3.8/site-packages/airflow/example_dags/example_branch_operator.py
[2025-07-08T09:39:56.381+0000] {processor.py:830} INFO - Processing file /home/airflow/.local/lib/python3.8/site-packages/airflow/example_dags/example_branch_operator.py for tasks to queue
[2025-07-08T09:39:56.400+0000] {logging_mixin.py:188} INFO - [2025-07-08T09:39:56.383+0000] {dagbag.py:538} INFO - Filling up the DagBag from /home/airflow/.local/lib/python3.8/site-packages/airflow/example_dags/example_branch_operator.py
[2025-07-08T09:39:56.475+0000] {processor.py:840} INFO - DAG(s) 'example_branch_operator' retrieved from /home/airflow/.local/lib/python3.8/site-packages/airflow/example_dags/example_branch_operator.py
[2025-07-08T09:39:56.571+0000] {logging_mixin.py:188} INFO - [2025-07-08T09:39:56.571+0000] {dag.py:3036} INFO - Sync 1 DAGs
[2025-07-08T09:39:56.616+0000] {logging_mixin.py:188} INFO - [2025-07-08T09:39:56.616+0000] {dag.py:3823} INFO - Setting next_dagrun for example_branch_operator to 2025-07-07 00:00:00+00:00, run_after=2025-07-08 00:00:00+00:00
[2025-07-08T09:39:56.670+0000] {processor.py:183} INFO - Processing /home/airflow/.local/lib/python3.8/site-packages/airflow/example_dags/example_branch_operator.py took 0.309 seconds
[2025-07-08T09:40:27.351+0000] {processor.py:161} INFO - Started process (PID=4539) to work on /home/airflow/.local/lib/python3.8/site-packages/airflow/example_dags/example_branch_operator.py
[2025-07-08T09:40:27.353+0000] {processor.py:830} INFO - Processing file /home/airflow/.local/lib/python3.8/site-packages/airflow/example_dags/example_branch_operator.py for tasks to queue
[2025-07-08T09:40:27.358+0000] {logging_mixin.py:188} INFO - [2025-07-08T09:40:27.357+0000] {dagbag.py:538} INFO - Filling up the DagBag from /home/airflow/.local/lib/python3.8/site-packages/airflow/example_dags/example_branch_operator.py
[2025-07-08T09:40:27.418+0000] {processor.py:840} INFO - DAG(s) 'example_branch_operator' retrieved from /home/airflow/.local/lib/python3.8/site-packages/airflow/example_dags/example_branch_operator.py
[2025-07-08T09:40:27.626+0000] {logging_mixin.py:188} INFO - [2025-07-08T09:40:27.626+0000] {dag.py:3036} INFO - Sync 1 DAGs
[2025-07-08T09:40:27.691+0000] {logging_mixin.py:188} INFO - [2025-07-08T09:40:27.690+0000] {dag.py:3823} INFO - Setting next_dagrun for example_branch_operator to 2025-07-07 00:00:00+00:00, run_after=2025-07-08 00:00:00+00:00
[2025-07-08T09:40:27.728+0000] {processor.py:183} INFO - Processing /home/airflow/.local/lib/python3.8/site-packages/airflow/example_dags/example_branch_operator.py took 0.382 seconds
[2025-07-08T09:40:58.381+0000] {processor.py:161} INFO - Started process (PID=4606) to work on /home/airflow/.local/lib/python3.8/site-packages/airflow/example_dags/example_branch_operator.py
[2025-07-08T09:40:58.383+0000] {processor.py:830} INFO - Processing file /home/airflow/.local/lib/python3.8/site-packages/airflow/example_dags/example_branch_operator.py for tasks to queue
[2025-07-08T09:40:58.386+0000] {logging_mixin.py:188} INFO - [2025-07-08T09:40:58.385+0000] {dagbag.py:538} INFO - Filling up the DagBag from /home/airflow/.local/lib/python3.8/site-packages/airflow/example_dags/example_branch_operator.py
[2025-07-08T09:40:58.422+0000] {processor.py:840} INFO - DAG(s) 'example_branch_operator' retrieved from /home/airflow/.local/lib/python3.8/site-packages/airflow/example_dags/example_branch_operator.py
[2025-07-08T09:40:58.486+0000] {logging_mixin.py:188} INFO - [2025-07-08T09:40:58.485+0000] {dag.py:3036} INFO - Sync 1 DAGs
[2025-07-08T09:40:58.548+0000] {logging_mixin.py:188} INFO - [2025-07-08T09:40:58.548+0000] {dag.py:3823} INFO - Setting next_dagrun for example_branch_operator to 2025-07-07 00:00:00+00:00, run_after=2025-07-08 00:00:00+00:00
[2025-07-08T09:40:58.636+0000] {processor.py:183} INFO - Processing /home/airflow/.local/lib/python3.8/site-packages/airflow/example_dags/example_branch_operator.py took 0.262 seconds
[2025-07-08T09:41:28.897+0000] {processor.py:161} INFO - Started process (PID=4672) to work on /home/airflow/.local/lib/python3.8/site-packages/airflow/example_dags/example_branch_operator.py
[2025-07-08T09:41:28.900+0000] {processor.py:830} INFO - Processing file /home/airflow/.local/lib/python3.8/site-packages/airflow/example_dags/example_branch_operator.py for tasks to queue
[2025-07-08T09:41:28.903+0000] {logging_mixin.py:188} INFO - [2025-07-08T09:41:28.902+0000] {dagbag.py:538} INFO - Filling up the DagBag from /home/airflow/.local/lib/python3.8/site-packages/airflow/example_dags/example_branch_operator.py
[2025-07-08T09:41:28.939+0000] {processor.py:840} INFO - DAG(s) 'example_branch_operator' retrieved from /home/airflow/.local/lib/python3.8/site-packages/airflow/example_dags/example_branch_operator.py
[2025-07-08T09:41:28.995+0000] {logging_mixin.py:188} INFO - [2025-07-08T09:41:28.995+0000] {dag.py:3036} INFO - Sync 1 DAGs
[2025-07-08T09:41:29.046+0000] {logging_mixin.py:188} INFO - [2025-07-08T09:41:29.045+0000] {dag.py:3823} INFO - Setting next_dagrun for example_branch_operator to 2025-07-07 00:00:00+00:00, run_after=2025-07-08 00:00:00+00:00
[2025-07-08T09:41:29.079+0000] {processor.py:183} INFO - Processing /home/airflow/.local/lib/python3.8/site-packages/airflow/example_dags/example_branch_operator.py took 0.187 seconds
[2025-07-08T09:41:59.238+0000] {processor.py:161} INFO - Started process (PID=4738) to work on /home/airflow/.local/lib/python3.8/site-packages/airflow/example_dags/example_branch_operator.py
[2025-07-08T09:41:59.239+0000] {processor.py:830} INFO - Processing file /home/airflow/.local/lib/python3.8/site-packages/airflow/example_dags/example_branch_operator.py for tasks to queue
[2025-07-08T09:41:59.243+0000] {logging_mixin.py:188} INFO - [2025-07-08T09:41:59.243+0000] {dagbag.py:538} INFO - Filling up the DagBag from /home/airflow/.local/lib/python3.8/site-packages/airflow/example_dags/example_branch_operator.py
[2025-07-08T09:41:59.411+0000] {processor.py:840} INFO - DAG(s) 'example_branch_operator' retrieved from /home/airflow/.local/lib/python3.8/site-packages/airflow/example_dags/example_branch_operator.py
[2025-07-08T09:41:59.647+0000] {logging_mixin.py:188} INFO - [2025-07-08T09:41:59.646+0000] {dag.py:3036} INFO - Sync 1 DAGs
[2025-07-08T09:41:59.753+0000] {logging_mixin.py:188} INFO - [2025-07-08T09:41:59.752+0000] {dag.py:3823} INFO - Setting next_dagrun for example_branch_operator to 2025-07-07 00:00:00+00:00, run_after=2025-07-08 00:00:00+00:00
[2025-07-08T09:41:59.833+0000] {processor.py:183} INFO - Processing /home/airflow/.local/lib/python3.8/site-packages/airflow/example_dags/example_branch_operator.py took 0.641 seconds
[2025-07-08T09:42:30.224+0000] {processor.py:161} INFO - Started process (PID=4796) to work on /home/airflow/.local/lib/python3.8/site-packages/airflow/example_dags/example_branch_operator.py
[2025-07-08T09:42:30.226+0000] {processor.py:830} INFO - Processing file /home/airflow/.local/lib/python3.8/site-packages/airflow/example_dags/example_branch_operator.py for tasks to queue
[2025-07-08T09:42:30.229+0000] {logging_mixin.py:188} INFO - [2025-07-08T09:42:30.228+0000] {dagbag.py:538} INFO - Filling up the DagBag from /home/airflow/.local/lib/python3.8/site-packages/airflow/example_dags/example_branch_operator.py
[2025-07-08T09:42:30.265+0000] {processor.py:840} INFO - DAG(s) 'example_branch_operator' retrieved from /home/airflow/.local/lib/python3.8/site-packages/airflow/example_dags/example_branch_operator.py
[2025-07-08T09:42:30.342+0000] {logging_mixin.py:188} INFO - [2025-07-08T09:42:30.341+0000] {dag.py:3036} INFO - Sync 1 DAGs
[2025-07-08T09:42:30.406+0000] {logging_mixin.py:188} INFO - [2025-07-08T09:42:30.406+0000] {dag.py:3823} INFO - Setting next_dagrun for example_branch_operator to 2025-07-07 00:00:00+00:00, run_after=2025-07-08 00:00:00+00:00
[2025-07-08T09:42:30.461+0000] {processor.py:183} INFO - Processing /home/airflow/.local/lib/python3.8/site-packages/airflow/example_dags/example_branch_operator.py took 0.244 seconds
[2025-07-08T09:43:00.986+0000] {processor.py:161} INFO - Started process (PID=4862) to work on /home/airflow/.local/lib/python3.8/site-packages/airflow/example_dags/example_branch_operator.py
[2025-07-08T09:43:00.987+0000] {processor.py:830} INFO - Processing file /home/airflow/.local/lib/python3.8/site-packages/airflow/example_dags/example_branch_operator.py for tasks to queue
[2025-07-08T09:43:00.990+0000] {logging_mixin.py:188} INFO - [2025-07-08T09:43:00.990+0000] {dagbag.py:538} INFO - Filling up the DagBag from /home/airflow/.local/lib/python3.8/site-packages/airflow/example_dags/example_branch_operator.py
[2025-07-08T09:43:01.027+0000] {processor.py:840} INFO - DAG(s) 'example_branch_operator' retrieved from /home/airflow/.local/lib/python3.8/site-packages/airflow/example_dags/example_branch_operator.py
[2025-07-08T09:43:01.083+0000] {logging_mixin.py:188} INFO - [2025-07-08T09:43:01.083+0000] {dag.py:3036} INFO - Sync 1 DAGs
[2025-07-08T09:43:01.131+0000] {logging_mixin.py:188} INFO - [2025-07-08T09:43:01.130+0000] {dag.py:3823} INFO - Setting next_dagrun for example_branch_operator to 2025-07-07 00:00:00+00:00, run_after=2025-07-08 00:00:00+00:00
[2025-07-08T09:43:01.184+0000] {processor.py:183} INFO - Processing /home/airflow/.local/lib/python3.8/site-packages/airflow/example_dags/example_branch_operator.py took 0.204 seconds
[2025-07-08T09:43:31.315+0000] {processor.py:161} INFO - Started process (PID=4926) to work on /home/airflow/.local/lib/python3.8/site-packages/airflow/example_dags/example_branch_operator.py
[2025-07-08T09:43:31.317+0000] {processor.py:830} INFO - Processing file /home/airflow/.local/lib/python3.8/site-packages/airflow/example_dags/example_branch_operator.py for tasks to queue
[2025-07-08T09:43:31.321+0000] {logging_mixin.py:188} INFO - [2025-07-08T09:43:31.320+0000] {dagbag.py:538} INFO - Filling up the DagBag from /home/airflow/.local/lib/python3.8/site-packages/airflow/example_dags/example_branch_operator.py
[2025-07-08T09:43:31.355+0000] {processor.py:840} INFO - DAG(s) 'example_branch_operator' retrieved from /home/airflow/.local/lib/python3.8/site-packages/airflow/example_dags/example_branch_operator.py
[2025-07-08T09:43:31.414+0000] {logging_mixin.py:188} INFO - [2025-07-08T09:43:31.413+0000] {dag.py:3036} INFO - Sync 1 DAGs
[2025-07-08T09:43:31.454+0000] {logging_mixin.py:188} INFO - [2025-07-08T09:43:31.454+0000] {dag.py:3823} INFO - Setting next_dagrun for example_branch_operator to 2025-07-07 00:00:00+00:00, run_after=2025-07-08 00:00:00+00:00
[2025-07-08T09:43:31.486+0000] {processor.py:183} INFO - Processing /home/airflow/.local/lib/python3.8/site-packages/airflow/example_dags/example_branch_operator.py took 0.190 seconds
[2025-07-08T09:44:01.883+0000] {processor.py:161} INFO - Started process (PID=4992) to work on /home/airflow/.local/lib/python3.8/site-packages/airflow/example_dags/example_branch_operator.py
[2025-07-08T09:44:01.885+0000] {processor.py:830} INFO - Processing file /home/airflow/.local/lib/python3.8/site-packages/airflow/example_dags/example_branch_operator.py for tasks to queue
[2025-07-08T09:44:01.888+0000] {logging_mixin.py:188} INFO - [2025-07-08T09:44:01.887+0000] {dagbag.py:538} INFO - Filling up the DagBag from /home/airflow/.local/lib/python3.8/site-packages/airflow/example_dags/example_branch_operator.py
[2025-07-08T09:44:01.930+0000] {processor.py:840} INFO - DAG(s) 'example_branch_operator' retrieved from /home/airflow/.local/lib/python3.8/site-packages/airflow/example_dags/example_branch_operator.py
[2025-07-08T09:44:02.000+0000] {logging_mixin.py:188} INFO - [2025-07-08T09:44:01.999+0000] {dag.py:3036} INFO - Sync 1 DAGs
[2025-07-08T09:44:02.066+0000] {logging_mixin.py:188} INFO - [2025-07-08T09:44:02.065+0000] {dag.py:3823} INFO - Setting next_dagrun for example_branch_operator to 2025-07-07 00:00:00+00:00, run_after=2025-07-08 00:00:00+00:00
[2025-07-08T09:44:02.131+0000] {processor.py:183} INFO - Processing /home/airflow/.local/lib/python3.8/site-packages/airflow/example_dags/example_branch_operator.py took 0.255 seconds
[2025-07-08T09:44:32.856+0000] {processor.py:161} INFO - Started process (PID=5057) to work on /home/airflow/.local/lib/python3.8/site-packages/airflow/example_dags/example_branch_operator.py
[2025-07-08T09:44:32.858+0000] {processor.py:830} INFO - Processing file /home/airflow/.local/lib/python3.8/site-packages/airflow/example_dags/example_branch_operator.py for tasks to queue
[2025-07-08T09:44:32.862+0000] {logging_mixin.py:188} INFO - [2025-07-08T09:44:32.861+0000] {dagbag.py:538} INFO - Filling up the DagBag from /home/airflow/.local/lib/python3.8/site-packages/airflow/example_dags/example_branch_operator.py
[2025-07-08T09:44:33.021+0000] {processor.py:840} INFO - DAG(s) 'example_branch_operator' retrieved from /home/airflow/.local/lib/python3.8/site-packages/airflow/example_dags/example_branch_operator.py
[2025-07-08T09:44:33.129+0000] {logging_mixin.py:188} INFO - [2025-07-08T09:44:33.128+0000] {dag.py:3036} INFO - Sync 1 DAGs
[2025-07-08T09:44:33.342+0000] {logging_mixin.py:188} INFO - [2025-07-08T09:44:33.342+0000] {dag.py:3823} INFO - Setting next_dagrun for example_branch_operator to 2025-07-07 00:00:00+00:00, run_after=2025-07-08 00:00:00+00:00
[2025-07-08T09:44:33.464+0000] {processor.py:183} INFO - Processing /home/airflow/.local/lib/python3.8/site-packages/airflow/example_dags/example_branch_operator.py took 0.639 seconds
[2025-07-08T09:45:04.497+0000] {processor.py:161} INFO - Started process (PID=5122) to work on /home/airflow/.local/lib/python3.8/site-packages/airflow/example_dags/example_branch_operator.py
[2025-07-08T09:45:04.499+0000] {processor.py:830} INFO - Processing file /home/airflow/.local/lib/python3.8/site-packages/airflow/example_dags/example_branch_operator.py for tasks to queue
[2025-07-08T09:45:04.515+0000] {logging_mixin.py:188} INFO - [2025-07-08T09:45:04.514+0000] {dagbag.py:538} INFO - Filling up the DagBag from /home/airflow/.local/lib/python3.8/site-packages/airflow/example_dags/example_branch_operator.py
[2025-07-08T09:45:04.676+0000] {processor.py:840} INFO - DAG(s) 'example_branch_operator' retrieved from /home/airflow/.local/lib/python3.8/site-packages/airflow/example_dags/example_branch_operator.py
[2025-07-08T09:45:04.842+0000] {logging_mixin.py:188} INFO - [2025-07-08T09:45:04.841+0000] {dag.py:3036} INFO - Sync 1 DAGs
[2025-07-08T09:45:05.102+0000] {logging_mixin.py:188} INFO - [2025-07-08T09:45:05.102+0000] {dag.py:3823} INFO - Setting next_dagrun for example_branch_operator to 2025-07-07 00:00:00+00:00, run_after=2025-07-08 00:00:00+00:00
[2025-07-08T09:45:05.186+0000] {processor.py:183} INFO - Processing /home/airflow/.local/lib/python3.8/site-packages/airflow/example_dags/example_branch_operator.py took 0.701 seconds
[2025-07-08T09:45:35.679+0000] {processor.py:161} INFO - Started process (PID=5181) to work on /home/airflow/.local/lib/python3.8/site-packages/airflow/example_dags/example_branch_operator.py
[2025-07-08T09:45:35.688+0000] {processor.py:830} INFO - Processing file /home/airflow/.local/lib/python3.8/site-packages/airflow/example_dags/example_branch_operator.py for tasks to queue
[2025-07-08T09:45:35.697+0000] {logging_mixin.py:188} INFO - [2025-07-08T09:45:35.697+0000] {dagbag.py:538} INFO - Filling up the DagBag from /home/airflow/.local/lib/python3.8/site-packages/airflow/example_dags/example_branch_operator.py
[2025-07-08T09:45:35.751+0000] {processor.py:840} INFO - DAG(s) 'example_branch_operator' retrieved from /home/airflow/.local/lib/python3.8/site-packages/airflow/example_dags/example_branch_operator.py
[2025-07-08T09:45:35.845+0000] {logging_mixin.py:188} INFO - [2025-07-08T09:45:35.844+0000] {dag.py:3036} INFO - Sync 1 DAGs
[2025-07-08T09:45:35.942+0000] {logging_mixin.py:188} INFO - [2025-07-08T09:45:35.941+0000] {dag.py:3823} INFO - Setting next_dagrun for example_branch_operator to 2025-07-07 00:00:00+00:00, run_after=2025-07-08 00:00:00+00:00
[2025-07-08T09:45:36.006+0000] {processor.py:183} INFO - Processing /home/airflow/.local/lib/python3.8/site-packages/airflow/example_dags/example_branch_operator.py took 0.341 seconds
[2025-07-08T09:46:06.231+0000] {processor.py:161} INFO - Started process (PID=5247) to work on /home/airflow/.local/lib/python3.8/site-packages/airflow/example_dags/example_branch_operator.py
[2025-07-08T09:46:06.232+0000] {processor.py:830} INFO - Processing file /home/airflow/.local/lib/python3.8/site-packages/airflow/example_dags/example_branch_operator.py for tasks to queue
[2025-07-08T09:46:06.236+0000] {logging_mixin.py:188} INFO - [2025-07-08T09:46:06.235+0000] {dagbag.py:538} INFO - Filling up the DagBag from /home/airflow/.local/lib/python3.8/site-packages/airflow/example_dags/example_branch_operator.py
[2025-07-08T09:46:06.290+0000] {processor.py:840} INFO - DAG(s) 'example_branch_operator' retrieved from /home/airflow/.local/lib/python3.8/site-packages/airflow/example_dags/example_branch_operator.py
[2025-07-08T09:46:06.457+0000] {logging_mixin.py:188} INFO - [2025-07-08T09:46:06.457+0000] {dag.py:3036} INFO - Sync 1 DAGs
[2025-07-08T09:46:06.541+0000] {logging_mixin.py:188} INFO - [2025-07-08T09:46:06.541+0000] {dag.py:3823} INFO - Setting next_dagrun for example_branch_operator to 2025-07-07 00:00:00+00:00, run_after=2025-07-08 00:00:00+00:00
[2025-07-08T09:46:06.658+0000] {processor.py:183} INFO - Processing /home/airflow/.local/lib/python3.8/site-packages/airflow/example_dags/example_branch_operator.py took 0.433 seconds
[2025-07-08T09:46:37.638+0000] {processor.py:161} INFO - Started process (PID=5315) to work on /home/airflow/.local/lib/python3.8/site-packages/airflow/example_dags/example_branch_operator.py
[2025-07-08T09:46:37.640+0000] {processor.py:830} INFO - Processing file /home/airflow/.local/lib/python3.8/site-packages/airflow/example_dags/example_branch_operator.py for tasks to queue
[2025-07-08T09:46:37.643+0000] {logging_mixin.py:188} INFO - [2025-07-08T09:46:37.643+0000] {dagbag.py:538} INFO - Filling up the DagBag from /home/airflow/.local/lib/python3.8/site-packages/airflow/example_dags/example_branch_operator.py
[2025-07-08T09:46:37.679+0000] {processor.py:840} INFO - DAG(s) 'example_branch_operator' retrieved from /home/airflow/.local/lib/python3.8/site-packages/airflow/example_dags/example_branch_operator.py
[2025-07-08T09:46:37.737+0000] {logging_mixin.py:188} INFO - [2025-07-08T09:46:37.736+0000] {dag.py:3036} INFO - Sync 1 DAGs
[2025-07-08T09:46:37.784+0000] {logging_mixin.py:188} INFO - [2025-07-08T09:46:37.783+0000] {dag.py:3823} INFO - Setting next_dagrun for example_branch_operator to 2025-07-07 00:00:00+00:00, run_after=2025-07-08 00:00:00+00:00
[2025-07-08T09:46:37.818+0000] {processor.py:183} INFO - Processing /home/airflow/.local/lib/python3.8/site-packages/airflow/example_dags/example_branch_operator.py took 0.187 seconds
[2025-07-08T09:47:08.357+0000] {processor.py:161} INFO - Started process (PID=5379) to work on /home/airflow/.local/lib/python3.8/site-packages/airflow/example_dags/example_branch_operator.py
[2025-07-08T09:47:08.358+0000] {processor.py:830} INFO - Processing file /home/airflow/.local/lib/python3.8/site-packages/airflow/example_dags/example_branch_operator.py for tasks to queue
[2025-07-08T09:47:08.362+0000] {logging_mixin.py:188} INFO - [2025-07-08T09:47:08.361+0000] {dagbag.py:538} INFO - Filling up the DagBag from /home/airflow/.local/lib/python3.8/site-packages/airflow/example_dags/example_branch_operator.py
[2025-07-08T09:47:08.396+0000] {processor.py:840} INFO - DAG(s) 'example_branch_operator' retrieved from /home/airflow/.local/lib/python3.8/site-packages/airflow/example_dags/example_branch_operator.py
[2025-07-08T09:47:08.454+0000] {logging_mixin.py:188} INFO - [2025-07-08T09:47:08.453+0000] {dag.py:3036} INFO - Sync 1 DAGs
[2025-07-08T09:47:08.503+0000] {logging_mixin.py:188} INFO - [2025-07-08T09:47:08.503+0000] {dag.py:3823} INFO - Setting next_dagrun for example_branch_operator to 2025-07-07 00:00:00+00:00, run_after=2025-07-08 00:00:00+00:00
[2025-07-08T09:47:08.554+0000] {processor.py:183} INFO - Processing /home/airflow/.local/lib/python3.8/site-packages/airflow/example_dags/example_branch_operator.py took 0.204 seconds
[2025-07-08T09:47:38.744+0000] {processor.py:161} INFO - Started process (PID=5444) to work on /home/airflow/.local/lib/python3.8/site-packages/airflow/example_dags/example_branch_operator.py
[2025-07-08T09:47:38.746+0000] {processor.py:830} INFO - Processing file /home/airflow/.local/lib/python3.8/site-packages/airflow/example_dags/example_branch_operator.py for tasks to queue
[2025-07-08T09:47:38.750+0000] {logging_mixin.py:188} INFO - [2025-07-08T09:47:38.749+0000] {dagbag.py:538} INFO - Filling up the DagBag from /home/airflow/.local/lib/python3.8/site-packages/airflow/example_dags/example_branch_operator.py
[2025-07-08T09:47:38.785+0000] {processor.py:840} INFO - DAG(s) 'example_branch_operator' retrieved from /home/airflow/.local/lib/python3.8/site-packages/airflow/example_dags/example_branch_operator.py
[2025-07-08T09:47:38.842+0000] {logging_mixin.py:188} INFO - [2025-07-08T09:47:38.841+0000] {dag.py:3036} INFO - Sync 1 DAGs
[2025-07-08T09:47:38.889+0000] {logging_mixin.py:188} INFO - [2025-07-08T09:47:38.889+0000] {dag.py:3823} INFO - Setting next_dagrun for example_branch_operator to 2025-07-07 00:00:00+00:00, run_after=2025-07-08 00:00:00+00:00
[2025-07-08T09:47:38.940+0000] {processor.py:183} INFO - Processing /home/airflow/.local/lib/python3.8/site-packages/airflow/example_dags/example_branch_operator.py took 0.202 seconds
[2025-07-08T09:48:09.178+0000] {processor.py:161} INFO - Started process (PID=5510) to work on /home/airflow/.local/lib/python3.8/site-packages/airflow/example_dags/example_branch_operator.py
[2025-07-08T09:48:09.179+0000] {processor.py:830} INFO - Processing file /home/airflow/.local/lib/python3.8/site-packages/airflow/example_dags/example_branch_operator.py for tasks to queue
[2025-07-08T09:48:09.183+0000] {logging_mixin.py:188} INFO - [2025-07-08T09:48:09.182+0000] {dagbag.py:538} INFO - Filling up the DagBag from /home/airflow/.local/lib/python3.8/site-packages/airflow/example_dags/example_branch_operator.py
[2025-07-08T09:48:09.221+0000] {processor.py:840} INFO - DAG(s) 'example_branch_operator' retrieved from /home/airflow/.local/lib/python3.8/site-packages/airflow/example_dags/example_branch_operator.py
[2025-07-08T09:48:09.305+0000] {logging_mixin.py:188} INFO - [2025-07-08T09:48:09.303+0000] {dag.py:3036} INFO - Sync 1 DAGs
[2025-07-08T09:48:09.353+0000] {logging_mixin.py:188} INFO - [2025-07-08T09:48:09.352+0000] {dag.py:3823} INFO - Setting next_dagrun for example_branch_operator to 2025-07-07 00:00:00+00:00, run_after=2025-07-08 00:00:00+00:00
[2025-07-08T09:48:09.389+0000] {processor.py:183} INFO - Processing /home/airflow/.local/lib/python3.8/site-packages/airflow/example_dags/example_branch_operator.py took 0.219 seconds
[2025-07-08T09:48:39.865+0000] {processor.py:161} INFO - Started process (PID=5576) to work on /home/airflow/.local/lib/python3.8/site-packages/airflow/example_dags/example_branch_operator.py
[2025-07-08T09:48:39.882+0000] {processor.py:830} INFO - Processing file /home/airflow/.local/lib/python3.8/site-packages/airflow/example_dags/example_branch_operator.py for tasks to queue
[2025-07-08T09:48:39.902+0000] {logging_mixin.py:188} INFO - [2025-07-08T09:48:39.902+0000] {dagbag.py:538} INFO - Filling up the DagBag from /home/airflow/.local/lib/python3.8/site-packages/airflow/example_dags/example_branch_operator.py
[2025-07-08T09:48:40.061+0000] {processor.py:840} INFO - DAG(s) 'example_branch_operator' retrieved from /home/airflow/.local/lib/python3.8/site-packages/airflow/example_dags/example_branch_operator.py
[2025-07-08T09:48:40.289+0000] {logging_mixin.py:188} INFO - [2025-07-08T09:48:40.289+0000] {dag.py:3036} INFO - Sync 1 DAGs
[2025-07-08T09:48:40.457+0000] {logging_mixin.py:188} INFO - [2025-07-08T09:48:40.456+0000] {dag.py:3823} INFO - Setting next_dagrun for example_branch_operator to 2025-07-07 00:00:00+00:00, run_after=2025-07-08 00:00:00+00:00
[2025-07-08T09:48:40.544+0000] {processor.py:183} INFO - Processing /home/airflow/.local/lib/python3.8/site-packages/airflow/example_dags/example_branch_operator.py took 0.737 seconds
[2025-07-08T09:49:10.782+0000] {processor.py:161} INFO - Started process (PID=5640) to work on /home/airflow/.local/lib/python3.8/site-packages/airflow/example_dags/example_branch_operator.py
[2025-07-08T09:49:10.783+0000] {processor.py:830} INFO - Processing file /home/airflow/.local/lib/python3.8/site-packages/airflow/example_dags/example_branch_operator.py for tasks to queue
[2025-07-08T09:49:10.798+0000] {logging_mixin.py:188} INFO - [2025-07-08T09:49:10.797+0000] {dagbag.py:538} INFO - Filling up the DagBag from /home/airflow/.local/lib/python3.8/site-packages/airflow/example_dags/example_branch_operator.py
[2025-07-08T09:49:10.902+0000] {processor.py:840} INFO - DAG(s) 'example_branch_operator' retrieved from /home/airflow/.local/lib/python3.8/site-packages/airflow/example_dags/example_branch_operator.py
[2025-07-08T09:49:11.202+0000] {logging_mixin.py:188} INFO - [2025-07-08T09:49:11.201+0000] {dag.py:3036} INFO - Sync 1 DAGs
[2025-07-08T09:49:11.378+0000] {logging_mixin.py:188} INFO - [2025-07-08T09:49:11.378+0000] {dag.py:3823} INFO - Setting next_dagrun for example_branch_operator to 2025-07-07 00:00:00+00:00, run_after=2025-07-08 00:00:00+00:00
[2025-07-08T09:49:11.493+0000] {processor.py:183} INFO - Processing /home/airflow/.local/lib/python3.8/site-packages/airflow/example_dags/example_branch_operator.py took 0.742 seconds
[2025-07-08T09:49:41.983+0000] {processor.py:161} INFO - Started process (PID=5699) to work on /home/airflow/.local/lib/python3.8/site-packages/airflow/example_dags/example_branch_operator.py
[2025-07-08T09:49:41.992+0000] {processor.py:830} INFO - Processing file /home/airflow/.local/lib/python3.8/site-packages/airflow/example_dags/example_branch_operator.py for tasks to queue
[2025-07-08T09:49:41.996+0000] {logging_mixin.py:188} INFO - [2025-07-08T09:49:41.995+0000] {dagbag.py:538} INFO - Filling up the DagBag from /home/airflow/.local/lib/python3.8/site-packages/airflow/example_dags/example_branch_operator.py
[2025-07-08T09:49:42.116+0000] {processor.py:840} INFO - DAG(s) 'example_branch_operator' retrieved from /home/airflow/.local/lib/python3.8/site-packages/airflow/example_dags/example_branch_operator.py
[2025-07-08T09:49:42.328+0000] {logging_mixin.py:188} INFO - [2025-07-08T09:49:42.327+0000] {dag.py:3036} INFO - Sync 1 DAGs
[2025-07-08T09:49:42.465+0000] {logging_mixin.py:188} INFO - [2025-07-08T09:49:42.464+0000] {dag.py:3823} INFO - Setting next_dagrun for example_branch_operator to 2025-07-07 00:00:00+00:00, run_after=2025-07-08 00:00:00+00:00
[2025-07-08T09:49:42.550+0000] {processor.py:183} INFO - Processing /home/airflow/.local/lib/python3.8/site-packages/airflow/example_dags/example_branch_operator.py took 0.582 seconds
[2025-07-08T09:50:13.246+0000] {processor.py:161} INFO - Started process (PID=5765) to work on /home/airflow/.local/lib/python3.8/site-packages/airflow/example_dags/example_branch_operator.py
[2025-07-08T09:50:13.247+0000] {processor.py:830} INFO - Processing file /home/airflow/.local/lib/python3.8/site-packages/airflow/example_dags/example_branch_operator.py for tasks to queue
[2025-07-08T09:50:13.263+0000] {logging_mixin.py:188} INFO - [2025-07-08T09:50:13.262+0000] {dagbag.py:538} INFO - Filling up the DagBag from /home/airflow/.local/lib/python3.8/site-packages/airflow/example_dags/example_branch_operator.py
[2025-07-08T09:50:13.353+0000] {processor.py:840} INFO - DAG(s) 'example_branch_operator' retrieved from /home/airflow/.local/lib/python3.8/site-packages/airflow/example_dags/example_branch_operator.py
[2025-07-08T09:50:13.411+0000] {logging_mixin.py:188} INFO - [2025-07-08T09:50:13.411+0000] {dag.py:3036} INFO - Sync 1 DAGs
[2025-07-08T09:50:13.460+0000] {logging_mixin.py:188} INFO - [2025-07-08T09:50:13.460+0000] {dag.py:3823} INFO - Setting next_dagrun for example_branch_operator to 2025-07-07 00:00:00+00:00, run_after=2025-07-08 00:00:00+00:00
[2025-07-08T09:50:13.494+0000] {processor.py:183} INFO - Processing /home/airflow/.local/lib/python3.8/site-packages/airflow/example_dags/example_branch_operator.py took 0.266 seconds
[2025-07-08T09:50:43.774+0000] {processor.py:161} INFO - Started process (PID=5831) to work on /home/airflow/.local/lib/python3.8/site-packages/airflow/example_dags/example_branch_operator.py
[2025-07-08T09:50:43.777+0000] {processor.py:830} INFO - Processing file /home/airflow/.local/lib/python3.8/site-packages/airflow/example_dags/example_branch_operator.py for tasks to queue
[2025-07-08T09:50:43.780+0000] {logging_mixin.py:188} INFO - [2025-07-08T09:50:43.779+0000] {dagbag.py:538} INFO - Filling up the DagBag from /home/airflow/.local/lib/python3.8/site-packages/airflow/example_dags/example_branch_operator.py
[2025-07-08T09:50:43.825+0000] {processor.py:840} INFO - DAG(s) 'example_branch_operator' retrieved from /home/airflow/.local/lib/python3.8/site-packages/airflow/example_dags/example_branch_operator.py
[2025-07-08T09:50:43.883+0000] {logging_mixin.py:188} INFO - [2025-07-08T09:50:43.882+0000] {dag.py:3036} INFO - Sync 1 DAGs
[2025-07-08T09:50:43.928+0000] {logging_mixin.py:188} INFO - [2025-07-08T09:50:43.928+0000] {dag.py:3823} INFO - Setting next_dagrun for example_branch_operator to 2025-07-07 00:00:00+00:00, run_after=2025-07-08 00:00:00+00:00
[2025-07-08T09:50:43.963+0000] {processor.py:183} INFO - Processing /home/airflow/.local/lib/python3.8/site-packages/airflow/example_dags/example_branch_operator.py took 0.196 seconds
[2025-07-08T09:51:14.470+0000] {processor.py:161} INFO - Started process (PID=5897) to work on /home/airflow/.local/lib/python3.8/site-packages/airflow/example_dags/example_branch_operator.py
[2025-07-08T09:51:14.471+0000] {processor.py:830} INFO - Processing file /home/airflow/.local/lib/python3.8/site-packages/airflow/example_dags/example_branch_operator.py for tasks to queue
[2025-07-08T09:51:14.474+0000] {logging_mixin.py:188} INFO - [2025-07-08T09:51:14.474+0000] {dagbag.py:538} INFO - Filling up the DagBag from /home/airflow/.local/lib/python3.8/site-packages/airflow/example_dags/example_branch_operator.py
[2025-07-08T09:51:14.571+0000] {processor.py:840} INFO - DAG(s) 'example_branch_operator' retrieved from /home/airflow/.local/lib/python3.8/site-packages/airflow/example_dags/example_branch_operator.py
[2025-07-08T09:51:14.629+0000] {logging_mixin.py:188} INFO - [2025-07-08T09:51:14.629+0000] {dag.py:3036} INFO - Sync 1 DAGs
[2025-07-08T09:51:14.678+0000] {logging_mixin.py:188} INFO - [2025-07-08T09:51:14.677+0000] {dag.py:3823} INFO - Setting next_dagrun for example_branch_operator to 2025-07-07 00:00:00+00:00, run_after=2025-07-08 00:00:00+00:00
[2025-07-08T09:51:14.726+0000] {processor.py:183} INFO - Processing /home/airflow/.local/lib/python3.8/site-packages/airflow/example_dags/example_branch_operator.py took 0.290 seconds
[2025-07-08T09:51:45.000+0000] {processor.py:161} INFO - Started process (PID=5963) to work on /home/airflow/.local/lib/python3.8/site-packages/airflow/example_dags/example_branch_operator.py
[2025-07-08T09:51:45.004+0000] {processor.py:830} INFO - Processing file /home/airflow/.local/lib/python3.8/site-packages/airflow/example_dags/example_branch_operator.py for tasks to queue
[2025-07-08T09:51:45.007+0000] {logging_mixin.py:188} INFO - [2025-07-08T09:51:45.007+0000] {dagbag.py:538} INFO - Filling up the DagBag from /home/airflow/.local/lib/python3.8/site-packages/airflow/example_dags/example_branch_operator.py
[2025-07-08T09:51:45.272+0000] {processor.py:840} INFO - DAG(s) 'example_branch_operator' retrieved from /home/airflow/.local/lib/python3.8/site-packages/airflow/example_dags/example_branch_operator.py
[2025-07-08T09:51:45.414+0000] {logging_mixin.py:188} INFO - [2025-07-08T09:51:45.407+0000] {dag.py:3036} INFO - Sync 1 DAGs
[2025-07-08T09:51:45.560+0000] {logging_mixin.py:188} INFO - [2025-07-08T09:51:45.560+0000] {dag.py:3823} INFO - Setting next_dagrun for example_branch_operator to 2025-07-07 00:00:00+00:00, run_after=2025-07-08 00:00:00+00:00
[2025-07-08T09:51:45.737+0000] {processor.py:183} INFO - Processing /home/airflow/.local/lib/python3.8/site-packages/airflow/example_dags/example_branch_operator.py took 0.768 seconds
[2025-07-08T09:52:16.100+0000] {processor.py:161} INFO - Started process (PID=6029) to work on /home/airflow/.local/lib/python3.8/site-packages/airflow/example_dags/example_branch_operator.py
[2025-07-08T09:52:16.102+0000] {processor.py:830} INFO - Processing file /home/airflow/.local/lib/python3.8/site-packages/airflow/example_dags/example_branch_operator.py for tasks to queue
[2025-07-08T09:52:16.105+0000] {logging_mixin.py:188} INFO - [2025-07-08T09:52:16.105+0000] {dagbag.py:538} INFO - Filling up the DagBag from /home/airflow/.local/lib/python3.8/site-packages/airflow/example_dags/example_branch_operator.py
[2025-07-08T09:52:16.203+0000] {processor.py:840} INFO - DAG(s) 'example_branch_operator' retrieved from /home/airflow/.local/lib/python3.8/site-packages/airflow/example_dags/example_branch_operator.py
[2025-07-08T09:52:16.310+0000] {logging_mixin.py:188} INFO - [2025-07-08T09:52:16.309+0000] {dag.py:3036} INFO - Sync 1 DAGs
[2025-07-08T09:52:16.433+0000] {logging_mixin.py:188} INFO - [2025-07-08T09:52:16.432+0000] {dag.py:3823} INFO - Setting next_dagrun for example_branch_operator to 2025-07-07 00:00:00+00:00, run_after=2025-07-08 00:00:00+00:00
[2025-07-08T09:52:16.590+0000] {processor.py:183} INFO - Processing /home/airflow/.local/lib/python3.8/site-packages/airflow/example_dags/example_branch_operator.py took 0.500 seconds
[2025-07-08T09:52:46.756+0000] {processor.py:161} INFO - Started process (PID=6087) to work on /home/airflow/.local/lib/python3.8/site-packages/airflow/example_dags/example_branch_operator.py
[2025-07-08T09:52:46.765+0000] {processor.py:830} INFO - Processing file /home/airflow/.local/lib/python3.8/site-packages/airflow/example_dags/example_branch_operator.py for tasks to queue
[2025-07-08T09:52:46.770+0000] {logging_mixin.py:188} INFO - [2025-07-08T09:52:46.769+0000] {dagbag.py:538} INFO - Filling up the DagBag from /home/airflow/.local/lib/python3.8/site-packages/airflow/example_dags/example_branch_operator.py
[2025-07-08T09:52:46.942+0000] {processor.py:840} INFO - DAG(s) 'example_branch_operator' retrieved from /home/airflow/.local/lib/python3.8/site-packages/airflow/example_dags/example_branch_operator.py
[2025-07-08T09:52:47.004+0000] {logging_mixin.py:188} INFO - [2025-07-08T09:52:47.003+0000] {dag.py:3036} INFO - Sync 1 DAGs
[2025-07-08T09:52:47.055+0000] {logging_mixin.py:188} INFO - [2025-07-08T09:52:47.054+0000] {dag.py:3823} INFO - Setting next_dagrun for example_branch_operator to 2025-07-07 00:00:00+00:00, run_after=2025-07-08 00:00:00+00:00
[2025-07-08T09:52:47.091+0000] {processor.py:183} INFO - Processing /home/airflow/.local/lib/python3.8/site-packages/airflow/example_dags/example_branch_operator.py took 0.354 seconds
[2025-07-08T09:53:17.365+0000] {processor.py:161} INFO - Started process (PID=6156) to work on /home/airflow/.local/lib/python3.8/site-packages/airflow/example_dags/example_branch_operator.py
[2025-07-08T09:53:17.367+0000] {processor.py:830} INFO - Processing file /home/airflow/.local/lib/python3.8/site-packages/airflow/example_dags/example_branch_operator.py for tasks to queue
[2025-07-08T09:53:17.370+0000] {logging_mixin.py:188} INFO - [2025-07-08T09:53:17.369+0000] {dagbag.py:538} INFO - Filling up the DagBag from /home/airflow/.local/lib/python3.8/site-packages/airflow/example_dags/example_branch_operator.py
[2025-07-08T09:53:17.401+0000] {processor.py:840} INFO - DAG(s) 'example_branch_operator' retrieved from /home/airflow/.local/lib/python3.8/site-packages/airflow/example_dags/example_branch_operator.py
[2025-07-08T09:53:17.449+0000] {logging_mixin.py:188} INFO - [2025-07-08T09:53:17.449+0000] {dag.py:3036} INFO - Sync 1 DAGs
[2025-07-08T09:53:17.487+0000] {logging_mixin.py:188} INFO - [2025-07-08T09:53:17.486+0000] {dag.py:3823} INFO - Setting next_dagrun for example_branch_operator to 2025-07-07 00:00:00+00:00, run_after=2025-07-08 00:00:00+00:00
[2025-07-08T09:53:17.519+0000] {processor.py:183} INFO - Processing /home/airflow/.local/lib/python3.8/site-packages/airflow/example_dags/example_branch_operator.py took 0.159 seconds
[2025-07-08T09:53:48.146+0000] {processor.py:161} INFO - Started process (PID=6225) to work on /home/airflow/.local/lib/python3.8/site-packages/airflow/example_dags/example_branch_operator.py
[2025-07-08T09:53:48.160+0000] {processor.py:830} INFO - Processing file /home/airflow/.local/lib/python3.8/site-packages/airflow/example_dags/example_branch_operator.py for tasks to queue
[2025-07-08T09:53:48.164+0000] {logging_mixin.py:188} INFO - [2025-07-08T09:53:48.163+0000] {dagbag.py:538} INFO - Filling up the DagBag from /home/airflow/.local/lib/python3.8/site-packages/airflow/example_dags/example_branch_operator.py
[2025-07-08T09:53:48.281+0000] {processor.py:840} INFO - DAG(s) 'example_branch_operator' retrieved from /home/airflow/.local/lib/python3.8/site-packages/airflow/example_dags/example_branch_operator.py
[2025-07-08T09:53:48.477+0000] {logging_mixin.py:188} INFO - [2025-07-08T09:53:48.477+0000] {dag.py:3036} INFO - Sync 1 DAGs
[2025-07-08T09:53:48.609+0000] {logging_mixin.py:188} INFO - [2025-07-08T09:53:48.609+0000] {dag.py:3823} INFO - Setting next_dagrun for example_branch_operator to 2025-07-07 00:00:00+00:00, run_after=2025-07-08 00:00:00+00:00
[2025-07-08T09:53:48.719+0000] {processor.py:183} INFO - Processing /home/airflow/.local/lib/python3.8/site-packages/airflow/example_dags/example_branch_operator.py took 0.589 seconds
[2025-07-08T09:54:19.166+0000] {processor.py:161} INFO - Started process (PID=6294) to work on /home/airflow/.local/lib/python3.8/site-packages/airflow/example_dags/example_branch_operator.py
[2025-07-08T09:54:19.167+0000] {processor.py:830} INFO - Processing file /home/airflow/.local/lib/python3.8/site-packages/airflow/example_dags/example_branch_operator.py for tasks to queue
[2025-07-08T09:54:19.179+0000] {logging_mixin.py:188} INFO - [2025-07-08T09:54:19.178+0000] {dagbag.py:538} INFO - Filling up the DagBag from /home/airflow/.local/lib/python3.8/site-packages/airflow/example_dags/example_branch_operator.py
[2025-07-08T09:54:19.273+0000] {processor.py:840} INFO - DAG(s) 'example_branch_operator' retrieved from /home/airflow/.local/lib/python3.8/site-packages/airflow/example_dags/example_branch_operator.py
[2025-07-08T09:54:19.493+0000] {logging_mixin.py:188} INFO - [2025-07-08T09:54:19.492+0000] {dag.py:3036} INFO - Sync 1 DAGs
[2025-07-08T09:54:19.747+0000] {logging_mixin.py:188} INFO - [2025-07-08T09:54:19.747+0000] {dag.py:3823} INFO - Setting next_dagrun for example_branch_operator to 2025-07-07 00:00:00+00:00, run_after=2025-07-08 00:00:00+00:00
[2025-07-08T09:54:19.938+0000] {processor.py:183} INFO - Processing /home/airflow/.local/lib/python3.8/site-packages/airflow/example_dags/example_branch_operator.py took 0.807 seconds
[2025-07-08T09:54:50.983+0000] {processor.py:161} INFO - Started process (PID=6363) to work on /home/airflow/.local/lib/python3.8/site-packages/airflow/example_dags/example_branch_operator.py
[2025-07-08T09:54:50.997+0000] {processor.py:830} INFO - Processing file /home/airflow/.local/lib/python3.8/site-packages/airflow/example_dags/example_branch_operator.py for tasks to queue
[2025-07-08T09:54:51.000+0000] {logging_mixin.py:188} INFO - [2025-07-08T09:54:50.999+0000] {dagbag.py:538} INFO - Filling up the DagBag from /home/airflow/.local/lib/python3.8/site-packages/airflow/example_dags/example_branch_operator.py
[2025-07-08T09:54:51.182+0000] {processor.py:840} INFO - DAG(s) 'example_branch_operator' retrieved from /home/airflow/.local/lib/python3.8/site-packages/airflow/example_dags/example_branch_operator.py
[2025-07-08T09:54:51.369+0000] {logging_mixin.py:188} INFO - [2025-07-08T09:54:51.368+0000] {dag.py:3036} INFO - Sync 1 DAGs
[2025-07-08T09:54:51.551+0000] {logging_mixin.py:188} INFO - [2025-07-08T09:54:51.551+0000] {dag.py:3823} INFO - Setting next_dagrun for example_branch_operator to 2025-07-07 00:00:00+00:00, run_after=2025-07-08 00:00:00+00:00
[2025-07-08T09:54:51.730+0000] {processor.py:183} INFO - Processing /home/airflow/.local/lib/python3.8/site-packages/airflow/example_dags/example_branch_operator.py took 0.761 seconds
[2025-07-08T09:55:21.812+0000] {processor.py:161} INFO - Started process (PID=6423) to work on /home/airflow/.local/lib/python3.8/site-packages/airflow/example_dags/example_branch_operator.py
[2025-07-08T09:55:21.813+0000] {processor.py:830} INFO - Processing file /home/airflow/.local/lib/python3.8/site-packages/airflow/example_dags/example_branch_operator.py for tasks to queue
[2025-07-08T09:55:21.816+0000] {logging_mixin.py:188} INFO - [2025-07-08T09:55:21.816+0000] {dagbag.py:538} INFO - Filling up the DagBag from /home/airflow/.local/lib/python3.8/site-packages/airflow/example_dags/example_branch_operator.py
[2025-07-08T09:55:21.854+0000] {processor.py:840} INFO - DAG(s) 'example_branch_operator' retrieved from /home/airflow/.local/lib/python3.8/site-packages/airflow/example_dags/example_branch_operator.py
[2025-07-08T09:55:21.909+0000] {logging_mixin.py:188} INFO - [2025-07-08T09:55:21.908+0000] {dag.py:3036} INFO - Sync 1 DAGs
[2025-07-08T09:55:21.947+0000] {logging_mixin.py:188} INFO - [2025-07-08T09:55:21.947+0000] {dag.py:3823} INFO - Setting next_dagrun for example_branch_operator to 2025-07-07 00:00:00+00:00, run_after=2025-07-08 00:00:00+00:00
[2025-07-08T09:55:21.982+0000] {processor.py:183} INFO - Processing /home/airflow/.local/lib/python3.8/site-packages/airflow/example_dags/example_branch_operator.py took 0.176 seconds
[2025-07-08T09:55:52.723+0000] {processor.py:161} INFO - Started process (PID=6489) to work on /home/airflow/.local/lib/python3.8/site-packages/airflow/example_dags/example_branch_operator.py
[2025-07-08T09:55:52.728+0000] {processor.py:830} INFO - Processing file /home/airflow/.local/lib/python3.8/site-packages/airflow/example_dags/example_branch_operator.py for tasks to queue
[2025-07-08T09:55:52.731+0000] {logging_mixin.py:188} INFO - [2025-07-08T09:55:52.730+0000] {dagbag.py:538} INFO - Filling up the DagBag from /home/airflow/.local/lib/python3.8/site-packages/airflow/example_dags/example_branch_operator.py
[2025-07-08T09:55:52.776+0000] {processor.py:840} INFO - DAG(s) 'example_branch_operator' retrieved from /home/airflow/.local/lib/python3.8/site-packages/airflow/example_dags/example_branch_operator.py
[2025-07-08T09:55:52.858+0000] {logging_mixin.py:188} INFO - [2025-07-08T09:55:52.858+0000] {dag.py:3036} INFO - Sync 1 DAGs
[2025-07-08T09:55:52.915+0000] {logging_mixin.py:188} INFO - [2025-07-08T09:55:52.914+0000] {dag.py:3823} INFO - Setting next_dagrun for example_branch_operator to 2025-07-07 00:00:00+00:00, run_after=2025-07-08 00:00:00+00:00
[2025-07-08T09:55:52.965+0000] {processor.py:183} INFO - Processing /home/airflow/.local/lib/python3.8/site-packages/airflow/example_dags/example_branch_operator.py took 0.256 seconds
[2025-07-08T09:56:23.933+0000] {processor.py:161} INFO - Started process (PID=6561) to work on /home/airflow/.local/lib/python3.8/site-packages/airflow/example_dags/example_branch_operator.py
[2025-07-08T09:56:23.934+0000] {processor.py:830} INFO - Processing file /home/airflow/.local/lib/python3.8/site-packages/airflow/example_dags/example_branch_operator.py for tasks to queue
[2025-07-08T09:56:23.938+0000] {logging_mixin.py:188} INFO - [2025-07-08T09:56:23.937+0000] {dagbag.py:538} INFO - Filling up the DagBag from /home/airflow/.local/lib/python3.8/site-packages/airflow/example_dags/example_branch_operator.py
[2025-07-08T09:56:24.035+0000] {processor.py:840} INFO - DAG(s) 'example_branch_operator' retrieved from /home/airflow/.local/lib/python3.8/site-packages/airflow/example_dags/example_branch_operator.py
[2025-07-08T09:56:24.192+0000] {logging_mixin.py:188} INFO - [2025-07-08T09:56:24.192+0000] {dag.py:3036} INFO - Sync 1 DAGs
[2025-07-08T09:56:24.279+0000] {logging_mixin.py:188} INFO - [2025-07-08T09:56:24.279+0000] {dag.py:3823} INFO - Setting next_dagrun for example_branch_operator to 2025-07-07 00:00:00+00:00, run_after=2025-07-08 00:00:00+00:00
[2025-07-08T09:56:24.321+0000] {processor.py:183} INFO - Processing /home/airflow/.local/lib/python3.8/site-packages/airflow/example_dags/example_branch_operator.py took 0.403 seconds
[2025-07-08T09:56:54.562+0000] {processor.py:161} INFO - Started process (PID=6626) to work on /home/airflow/.local/lib/python3.8/site-packages/airflow/example_dags/example_branch_operator.py
[2025-07-08T09:56:54.580+0000] {processor.py:830} INFO - Processing file /home/airflow/.local/lib/python3.8/site-packages/airflow/example_dags/example_branch_operator.py for tasks to queue
[2025-07-08T09:56:54.583+0000] {logging_mixin.py:188} INFO - [2025-07-08T09:56:54.583+0000] {dagbag.py:538} INFO - Filling up the DagBag from /home/airflow/.local/lib/python3.8/site-packages/airflow/example_dags/example_branch_operator.py
[2025-07-08T09:56:54.681+0000] {processor.py:840} INFO - DAG(s) 'example_branch_operator' retrieved from /home/airflow/.local/lib/python3.8/site-packages/airflow/example_dags/example_branch_operator.py
[2025-07-08T09:56:54.770+0000] {logging_mixin.py:188} INFO - [2025-07-08T09:56:54.770+0000] {dag.py:3036} INFO - Sync 1 DAGs
[2025-07-08T09:56:54.826+0000] {logging_mixin.py:188} INFO - [2025-07-08T09:56:54.825+0000] {dag.py:3823} INFO - Setting next_dagrun for example_branch_operator to 2025-07-07 00:00:00+00:00, run_after=2025-07-08 00:00:00+00:00
[2025-07-08T09:56:54.890+0000] {processor.py:183} INFO - Processing /home/airflow/.local/lib/python3.8/site-packages/airflow/example_dags/example_branch_operator.py took 0.347 seconds
[2025-07-08T09:57:25.554+0000] {processor.py:161} INFO - Started process (PID=6691) to work on /home/airflow/.local/lib/python3.8/site-packages/airflow/example_dags/example_branch_operator.py
[2025-07-08T09:57:25.555+0000] {processor.py:830} INFO - Processing file /home/airflow/.local/lib/python3.8/site-packages/airflow/example_dags/example_branch_operator.py for tasks to queue
[2025-07-08T09:57:25.558+0000] {logging_mixin.py:188} INFO - [2025-07-08T09:57:25.557+0000] {dagbag.py:538} INFO - Filling up the DagBag from /home/airflow/.local/lib/python3.8/site-packages/airflow/example_dags/example_branch_operator.py
[2025-07-08T09:57:25.624+0000] {processor.py:840} INFO - DAG(s) 'example_branch_operator' retrieved from /home/airflow/.local/lib/python3.8/site-packages/airflow/example_dags/example_branch_operator.py
[2025-07-08T09:57:25.683+0000] {logging_mixin.py:188} INFO - [2025-07-08T09:57:25.683+0000] {dag.py:3036} INFO - Sync 1 DAGs
[2025-07-08T09:57:25.752+0000] {logging_mixin.py:188} INFO - [2025-07-08T09:57:25.752+0000] {dag.py:3823} INFO - Setting next_dagrun for example_branch_operator to 2025-07-07 00:00:00+00:00, run_after=2025-07-08 00:00:00+00:00
[2025-07-08T09:57:25.837+0000] {processor.py:183} INFO - Processing /home/airflow/.local/lib/python3.8/site-packages/airflow/example_dags/example_branch_operator.py took 0.303 seconds
[2025-07-08T09:57:56.042+0000] {processor.py:161} INFO - Started process (PID=6750) to work on /home/airflow/.local/lib/python3.8/site-packages/airflow/example_dags/example_branch_operator.py
[2025-07-08T09:57:56.044+0000] {processor.py:830} INFO - Processing file /home/airflow/.local/lib/python3.8/site-packages/airflow/example_dags/example_branch_operator.py for tasks to queue
[2025-07-08T09:57:56.048+0000] {logging_mixin.py:188} INFO - [2025-07-08T09:57:56.047+0000] {dagbag.py:538} INFO - Filling up the DagBag from /home/airflow/.local/lib/python3.8/site-packages/airflow/example_dags/example_branch_operator.py
[2025-07-08T09:57:56.129+0000] {processor.py:840} INFO - DAG(s) 'example_branch_operator' retrieved from /home/airflow/.local/lib/python3.8/site-packages/airflow/example_dags/example_branch_operator.py
[2025-07-08T09:57:56.204+0000] {logging_mixin.py:188} INFO - [2025-07-08T09:57:56.204+0000] {dag.py:3036} INFO - Sync 1 DAGs
[2025-07-08T09:57:56.264+0000] {logging_mixin.py:188} INFO - [2025-07-08T09:57:56.264+0000] {dag.py:3823} INFO - Setting next_dagrun for example_branch_operator to 2025-07-07 00:00:00+00:00, run_after=2025-07-08 00:00:00+00:00
[2025-07-08T09:57:56.321+0000] {processor.py:183} INFO - Processing /home/airflow/.local/lib/python3.8/site-packages/airflow/example_dags/example_branch_operator.py took 0.287 seconds
[2025-07-08T09:58:27.491+0000] {processor.py:161} INFO - Started process (PID=6820) to work on /home/airflow/.local/lib/python3.8/site-packages/airflow/example_dags/example_branch_operator.py
[2025-07-08T09:58:27.505+0000] {processor.py:830} INFO - Processing file /home/airflow/.local/lib/python3.8/site-packages/airflow/example_dags/example_branch_operator.py for tasks to queue
[2025-07-08T09:58:27.515+0000] {logging_mixin.py:188} INFO - [2025-07-08T09:58:27.507+0000] {dagbag.py:538} INFO - Filling up the DagBag from /home/airflow/.local/lib/python3.8/site-packages/airflow/example_dags/example_branch_operator.py
[2025-07-08T09:58:27.610+0000] {processor.py:840} INFO - DAG(s) 'example_branch_operator' retrieved from /home/airflow/.local/lib/python3.8/site-packages/airflow/example_dags/example_branch_operator.py
[2025-07-08T09:58:27.720+0000] {logging_mixin.py:188} INFO - [2025-07-08T09:58:27.719+0000] {dag.py:3036} INFO - Sync 1 DAGs
[2025-07-08T09:58:27.830+0000] {logging_mixin.py:188} INFO - [2025-07-08T09:58:27.829+0000] {dag.py:3823} INFO - Setting next_dagrun for example_branch_operator to 2025-07-07 00:00:00+00:00, run_after=2025-07-08 00:00:00+00:00
[2025-07-08T09:58:27.948+0000] {processor.py:183} INFO - Processing /home/airflow/.local/lib/python3.8/site-packages/airflow/example_dags/example_branch_operator.py took 0.470 seconds
[2025-07-08T09:58:58.855+0000] {processor.py:161} INFO - Started process (PID=6886) to work on /home/airflow/.local/lib/python3.8/site-packages/airflow/example_dags/example_branch_operator.py
[2025-07-08T09:58:58.857+0000] {processor.py:830} INFO - Processing file /home/airflow/.local/lib/python3.8/site-packages/airflow/example_dags/example_branch_operator.py for tasks to queue
[2025-07-08T09:58:58.860+0000] {logging_mixin.py:188} INFO - [2025-07-08T09:58:58.859+0000] {dagbag.py:538} INFO - Filling up the DagBag from /home/airflow/.local/lib/python3.8/site-packages/airflow/example_dags/example_branch_operator.py
[2025-07-08T09:58:58.897+0000] {processor.py:840} INFO - DAG(s) 'example_branch_operator' retrieved from /home/airflow/.local/lib/python3.8/site-packages/airflow/example_dags/example_branch_operator.py
[2025-07-08T09:58:58.958+0000] {logging_mixin.py:188} INFO - [2025-07-08T09:58:58.958+0000] {dag.py:3036} INFO - Sync 1 DAGs
[2025-07-08T09:58:59.024+0000] {logging_mixin.py:188} INFO - [2025-07-08T09:58:59.023+0000] {dag.py:3823} INFO - Setting next_dagrun for example_branch_operator to 2025-07-07 00:00:00+00:00, run_after=2025-07-08 00:00:00+00:00
[2025-07-08T09:58:59.058+0000] {processor.py:183} INFO - Processing /home/airflow/.local/lib/python3.8/site-packages/airflow/example_dags/example_branch_operator.py took 0.210 seconds
[2025-07-08T09:59:29.234+0000] {processor.py:161} INFO - Started process (PID=6950) to work on /home/airflow/.local/lib/python3.8/site-packages/airflow/example_dags/example_branch_operator.py
[2025-07-08T09:59:29.235+0000] {processor.py:830} INFO - Processing file /home/airflow/.local/lib/python3.8/site-packages/airflow/example_dags/example_branch_operator.py for tasks to queue
[2025-07-08T09:59:29.242+0000] {logging_mixin.py:188} INFO - [2025-07-08T09:59:29.241+0000] {dagbag.py:538} INFO - Filling up the DagBag from /home/airflow/.local/lib/python3.8/site-packages/airflow/example_dags/example_branch_operator.py
[2025-07-08T09:59:29.288+0000] {processor.py:840} INFO - DAG(s) 'example_branch_operator' retrieved from /home/airflow/.local/lib/python3.8/site-packages/airflow/example_dags/example_branch_operator.py
[2025-07-08T09:59:29.382+0000] {logging_mixin.py:188} INFO - [2025-07-08T09:59:29.381+0000] {dag.py:3036} INFO - Sync 1 DAGs
[2025-07-08T09:59:29.434+0000] {logging_mixin.py:188} INFO - [2025-07-08T09:59:29.434+0000] {dag.py:3823} INFO - Setting next_dagrun for example_branch_operator to 2025-07-07 00:00:00+00:00, run_after=2025-07-08 00:00:00+00:00
[2025-07-08T09:59:29.477+0000] {processor.py:183} INFO - Processing /home/airflow/.local/lib/python3.8/site-packages/airflow/example_dags/example_branch_operator.py took 0.254 seconds
[2025-07-08T09:59:59.733+0000] {processor.py:161} INFO - Started process (PID=7018) to work on /home/airflow/.local/lib/python3.8/site-packages/airflow/example_dags/example_branch_operator.py
[2025-07-08T09:59:59.737+0000] {processor.py:830} INFO - Processing file /home/airflow/.local/lib/python3.8/site-packages/airflow/example_dags/example_branch_operator.py for tasks to queue
[2025-07-08T09:59:59.741+0000] {logging_mixin.py:188} INFO - [2025-07-08T09:59:59.740+0000] {dagbag.py:538} INFO - Filling up the DagBag from /home/airflow/.local/lib/python3.8/site-packages/airflow/example_dags/example_branch_operator.py
[2025-07-08T09:59:59.803+0000] {processor.py:840} INFO - DAG(s) 'example_branch_operator' retrieved from /home/airflow/.local/lib/python3.8/site-packages/airflow/example_dags/example_branch_operator.py
[2025-07-08T09:59:59.893+0000] {logging_mixin.py:188} INFO - [2025-07-08T09:59:59.892+0000] {dag.py:3036} INFO - Sync 1 DAGs
[2025-07-08T09:59:59.964+0000] {logging_mixin.py:188} INFO - [2025-07-08T09:59:59.955+0000] {dag.py:3823} INFO - Setting next_dagrun for example_branch_operator to 2025-07-07 00:00:00+00:00, run_after=2025-07-08 00:00:00+00:00
[2025-07-08T10:00:00.034+0000] {processor.py:183} INFO - Processing /home/airflow/.local/lib/python3.8/site-packages/airflow/example_dags/example_branch_operator.py took 0.310 seconds
[2025-07-08T10:00:30.232+0000] {processor.py:161} INFO - Started process (PID=7085) to work on /home/airflow/.local/lib/python3.8/site-packages/airflow/example_dags/example_branch_operator.py
[2025-07-08T10:00:30.234+0000] {processor.py:830} INFO - Processing file /home/airflow/.local/lib/python3.8/site-packages/airflow/example_dags/example_branch_operator.py for tasks to queue
[2025-07-08T10:00:30.237+0000] {logging_mixin.py:188} INFO - [2025-07-08T10:00:30.236+0000] {dagbag.py:538} INFO - Filling up the DagBag from /home/airflow/.local/lib/python3.8/site-packages/airflow/example_dags/example_branch_operator.py
[2025-07-08T10:00:30.303+0000] {processor.py:840} INFO - DAG(s) 'example_branch_operator' retrieved from /home/airflow/.local/lib/python3.8/site-packages/airflow/example_dags/example_branch_operator.py
[2025-07-08T10:00:30.430+0000] {logging_mixin.py:188} INFO - [2025-07-08T10:00:30.430+0000] {dag.py:3036} INFO - Sync 1 DAGs
[2025-07-08T10:00:30.520+0000] {logging_mixin.py:188} INFO - [2025-07-08T10:00:30.520+0000] {dag.py:3823} INFO - Setting next_dagrun for example_branch_operator to 2025-07-07 00:00:00+00:00, run_after=2025-07-08 00:00:00+00:00
[2025-07-08T10:00:30.564+0000] {processor.py:183} INFO - Processing /home/airflow/.local/lib/python3.8/site-packages/airflow/example_dags/example_branch_operator.py took 0.338 seconds
[2025-07-08T10:01:01.442+0000] {processor.py:161} INFO - Started process (PID=7153) to work on /home/airflow/.local/lib/python3.8/site-packages/airflow/example_dags/example_branch_operator.py
[2025-07-08T10:01:01.456+0000] {processor.py:830} INFO - Processing file /home/airflow/.local/lib/python3.8/site-packages/airflow/example_dags/example_branch_operator.py for tasks to queue
[2025-07-08T10:01:01.460+0000] {logging_mixin.py:188} INFO - [2025-07-08T10:01:01.459+0000] {dagbag.py:538} INFO - Filling up the DagBag from /home/airflow/.local/lib/python3.8/site-packages/airflow/example_dags/example_branch_operator.py
[2025-07-08T10:01:01.625+0000] {processor.py:840} INFO - DAG(s) 'example_branch_operator' retrieved from /home/airflow/.local/lib/python3.8/site-packages/airflow/example_dags/example_branch_operator.py
[2025-07-08T10:01:01.866+0000] {logging_mixin.py:188} INFO - [2025-07-08T10:01:01.866+0000] {dag.py:3036} INFO - Sync 1 DAGs
[2025-07-08T10:01:01.965+0000] {logging_mixin.py:188} INFO - [2025-07-08T10:01:01.965+0000] {dag.py:3823} INFO - Setting next_dagrun for example_branch_operator to 2025-07-07 00:00:00+00:00, run_after=2025-07-08 00:00:00+00:00
[2025-07-08T10:01:02.136+0000] {processor.py:183} INFO - Processing /home/airflow/.local/lib/python3.8/site-packages/airflow/example_dags/example_branch_operator.py took 0.725 seconds
[2025-07-08T10:01:32.691+0000] {processor.py:161} INFO - Started process (PID=7221) to work on /home/airflow/.local/lib/python3.8/site-packages/airflow/example_dags/example_branch_operator.py
[2025-07-08T10:01:32.693+0000] {processor.py:830} INFO - Processing file /home/airflow/.local/lib/python3.8/site-packages/airflow/example_dags/example_branch_operator.py for tasks to queue
[2025-07-08T10:01:32.704+0000] {logging_mixin.py:188} INFO - [2025-07-08T10:01:32.696+0000] {dagbag.py:538} INFO - Filling up the DagBag from /home/airflow/.local/lib/python3.8/site-packages/airflow/example_dags/example_branch_operator.py
[2025-07-08T10:01:32.776+0000] {processor.py:840} INFO - DAG(s) 'example_branch_operator' retrieved from /home/airflow/.local/lib/python3.8/site-packages/airflow/example_dags/example_branch_operator.py
[2025-07-08T10:01:32.911+0000] {logging_mixin.py:188} INFO - [2025-07-08T10:01:32.910+0000] {dag.py:3036} INFO - Sync 1 DAGs
[2025-07-08T10:01:33.005+0000] {logging_mixin.py:188} INFO - [2025-07-08T10:01:33.005+0000] {dag.py:3823} INFO - Setting next_dagrun for example_branch_operator to 2025-07-07 00:00:00+00:00, run_after=2025-07-08 00:00:00+00:00
[2025-07-08T10:01:33.095+0000] {processor.py:183} INFO - Processing /home/airflow/.local/lib/python3.8/site-packages/airflow/example_dags/example_branch_operator.py took 0.417 seconds
[2025-07-08T10:02:03.475+0000] {processor.py:161} INFO - Started process (PID=7288) to work on /home/airflow/.local/lib/python3.8/site-packages/airflow/example_dags/example_branch_operator.py
[2025-07-08T10:02:03.489+0000] {processor.py:830} INFO - Processing file /home/airflow/.local/lib/python3.8/site-packages/airflow/example_dags/example_branch_operator.py for tasks to queue
[2025-07-08T10:02:03.494+0000] {logging_mixin.py:188} INFO - [2025-07-08T10:02:03.494+0000] {dagbag.py:538} INFO - Filling up the DagBag from /home/airflow/.local/lib/python3.8/site-packages/airflow/example_dags/example_branch_operator.py
[2025-07-08T10:02:03.591+0000] {processor.py:840} INFO - DAG(s) 'example_branch_operator' retrieved from /home/airflow/.local/lib/python3.8/site-packages/airflow/example_dags/example_branch_operator.py
[2025-07-08T10:02:03.724+0000] {logging_mixin.py:188} INFO - [2025-07-08T10:02:03.724+0000] {dag.py:3036} INFO - Sync 1 DAGs
[2025-07-08T10:02:03.792+0000] {logging_mixin.py:188} INFO - [2025-07-08T10:02:03.791+0000] {dag.py:3823} INFO - Setting next_dagrun for example_branch_operator to 2025-07-07 00:00:00+00:00, run_after=2025-07-08 00:00:00+00:00
[2025-07-08T10:02:03.850+0000] {processor.py:183} INFO - Processing /home/airflow/.local/lib/python3.8/site-packages/airflow/example_dags/example_branch_operator.py took 0.383 seconds
[2025-07-08T10:02:34.764+0000] {processor.py:161} INFO - Started process (PID=7349) to work on /home/airflow/.local/lib/python3.8/site-packages/airflow/example_dags/example_branch_operator.py
[2025-07-08T10:02:34.766+0000] {processor.py:830} INFO - Processing file /home/airflow/.local/lib/python3.8/site-packages/airflow/example_dags/example_branch_operator.py for tasks to queue
[2025-07-08T10:02:34.769+0000] {logging_mixin.py:188} INFO - [2025-07-08T10:02:34.769+0000] {dagbag.py:538} INFO - Filling up the DagBag from /home/airflow/.local/lib/python3.8/site-packages/airflow/example_dags/example_branch_operator.py
[2025-07-08T10:02:34.811+0000] {processor.py:840} INFO - DAG(s) 'example_branch_operator' retrieved from /home/airflow/.local/lib/python3.8/site-packages/airflow/example_dags/example_branch_operator.py
[2025-07-08T10:02:34.873+0000] {logging_mixin.py:188} INFO - [2025-07-08T10:02:34.872+0000] {dag.py:3036} INFO - Sync 1 DAGs
[2025-07-08T10:02:34.926+0000] {logging_mixin.py:188} INFO - [2025-07-08T10:02:34.926+0000] {dag.py:3823} INFO - Setting next_dagrun for example_branch_operator to 2025-07-07 00:00:00+00:00, run_after=2025-07-08 00:00:00+00:00
[2025-07-08T10:02:34.967+0000] {processor.py:183} INFO - Processing /home/airflow/.local/lib/python3.8/site-packages/airflow/example_dags/example_branch_operator.py took 0.210 seconds
[2025-07-08T10:03:06.325+0000] {processor.py:161} INFO - Started process (PID=7414) to work on /home/airflow/.local/lib/python3.8/site-packages/airflow/example_dags/example_branch_operator.py
[2025-07-08T10:03:06.332+0000] {processor.py:830} INFO - Processing file /home/airflow/.local/lib/python3.8/site-packages/airflow/example_dags/example_branch_operator.py for tasks to queue
[2025-07-08T10:03:06.337+0000] {logging_mixin.py:188} INFO - [2025-07-08T10:03:06.336+0000] {dagbag.py:538} INFO - Filling up the DagBag from /home/airflow/.local/lib/python3.8/site-packages/airflow/example_dags/example_branch_operator.py
[2025-07-08T10:03:06.390+0000] {processor.py:840} INFO - DAG(s) 'example_branch_operator' retrieved from /home/airflow/.local/lib/python3.8/site-packages/airflow/example_dags/example_branch_operator.py
[2025-07-08T10:03:06.489+0000] {logging_mixin.py:188} INFO - [2025-07-08T10:03:06.489+0000] {dag.py:3036} INFO - Sync 1 DAGs
[2025-07-08T10:03:06.595+0000] {logging_mixin.py:188} INFO - [2025-07-08T10:03:06.594+0000] {dag.py:3823} INFO - Setting next_dagrun for example_branch_operator to 2025-07-07 00:00:00+00:00, run_after=2025-07-08 00:00:00+00:00
[2025-07-08T10:03:06.668+0000] {processor.py:183} INFO - Processing /home/airflow/.local/lib/python3.8/site-packages/airflow/example_dags/example_branch_operator.py took 0.369 seconds
[2025-07-08T10:03:37.912+0000] {processor.py:161} INFO - Started process (PID=7479) to work on /home/airflow/.local/lib/python3.8/site-packages/airflow/example_dags/example_branch_operator.py
[2025-07-08T10:03:37.914+0000] {processor.py:830} INFO - Processing file /home/airflow/.local/lib/python3.8/site-packages/airflow/example_dags/example_branch_operator.py for tasks to queue
[2025-07-08T10:03:37.917+0000] {logging_mixin.py:188} INFO - [2025-07-08T10:03:37.916+0000] {dagbag.py:538} INFO - Filling up the DagBag from /home/airflow/.local/lib/python3.8/site-packages/airflow/example_dags/example_branch_operator.py
[2025-07-08T10:03:38.058+0000] {processor.py:840} INFO - DAG(s) 'example_branch_operator' retrieved from /home/airflow/.local/lib/python3.8/site-packages/airflow/example_dags/example_branch_operator.py
[2025-07-08T10:03:38.317+0000] {logging_mixin.py:188} INFO - [2025-07-08T10:03:38.317+0000] {dag.py:3036} INFO - Sync 1 DAGs
[2025-07-08T10:03:38.463+0000] {logging_mixin.py:188} INFO - [2025-07-08T10:03:38.462+0000] {dag.py:3823} INFO - Setting next_dagrun for example_branch_operator to 2025-07-07 00:00:00+00:00, run_after=2025-07-08 00:00:00+00:00
[2025-07-08T10:03:38.597+0000] {processor.py:183} INFO - Processing /home/airflow/.local/lib/python3.8/site-packages/airflow/example_dags/example_branch_operator.py took 0.700 seconds
[2025-07-08T10:04:09.564+0000] {processor.py:161} INFO - Started process (PID=7542) to work on /home/airflow/.local/lib/python3.8/site-packages/airflow/example_dags/example_branch_operator.py
[2025-07-08T10:04:09.568+0000] {processor.py:830} INFO - Processing file /home/airflow/.local/lib/python3.8/site-packages/airflow/example_dags/example_branch_operator.py for tasks to queue
[2025-07-08T10:04:09.571+0000] {logging_mixin.py:188} INFO - [2025-07-08T10:04:09.570+0000] {dagbag.py:538} INFO - Filling up the DagBag from /home/airflow/.local/lib/python3.8/site-packages/airflow/example_dags/example_branch_operator.py
[2025-07-08T10:04:09.633+0000] {processor.py:840} INFO - DAG(s) 'example_branch_operator' retrieved from /home/airflow/.local/lib/python3.8/site-packages/airflow/example_dags/example_branch_operator.py
[2025-07-08T10:04:09.717+0000] {logging_mixin.py:188} INFO - [2025-07-08T10:04:09.716+0000] {dag.py:3036} INFO - Sync 1 DAGs
[2025-07-08T10:04:09.821+0000] {logging_mixin.py:188} INFO - [2025-07-08T10:04:09.820+0000] {dag.py:3823} INFO - Setting next_dagrun for example_branch_operator to 2025-07-07 00:00:00+00:00, run_after=2025-07-08 00:00:00+00:00
[2025-07-08T10:04:09.892+0000] {processor.py:183} INFO - Processing /home/airflow/.local/lib/python3.8/site-packages/airflow/example_dags/example_branch_operator.py took 0.335 seconds
[2025-07-08T10:04:40.405+0000] {processor.py:161} INFO - Started process (PID=7610) to work on /home/airflow/.local/lib/python3.8/site-packages/airflow/example_dags/example_branch_operator.py
[2025-07-08T10:04:40.407+0000] {processor.py:830} INFO - Processing file /home/airflow/.local/lib/python3.8/site-packages/airflow/example_dags/example_branch_operator.py for tasks to queue
[2025-07-08T10:04:40.411+0000] {logging_mixin.py:188} INFO - [2025-07-08T10:04:40.410+0000] {dagbag.py:538} INFO - Filling up the DagBag from /home/airflow/.local/lib/python3.8/site-packages/airflow/example_dags/example_branch_operator.py
[2025-07-08T10:04:40.471+0000] {processor.py:840} INFO - DAG(s) 'example_branch_operator' retrieved from /home/airflow/.local/lib/python3.8/site-packages/airflow/example_dags/example_branch_operator.py
[2025-07-08T10:04:40.697+0000] {logging_mixin.py:188} INFO - [2025-07-08T10:04:40.696+0000] {dag.py:3036} INFO - Sync 1 DAGs
[2025-07-08T10:04:40.815+0000] {logging_mixin.py:188} INFO - [2025-07-08T10:04:40.813+0000] {dag.py:3823} INFO - Setting next_dagrun for example_branch_operator to 2025-07-07 00:00:00+00:00, run_after=2025-07-08 00:00:00+00:00
[2025-07-08T10:04:40.863+0000] {processor.py:183} INFO - Processing /home/airflow/.local/lib/python3.8/site-packages/airflow/example_dags/example_branch_operator.py took 0.464 seconds
[2025-07-08T10:05:11.603+0000] {processor.py:161} INFO - Started process (PID=7678) to work on /home/airflow/.local/lib/python3.8/site-packages/airflow/example_dags/example_branch_operator.py
[2025-07-08T10:05:11.608+0000] {processor.py:830} INFO - Processing file /home/airflow/.local/lib/python3.8/site-packages/airflow/example_dags/example_branch_operator.py for tasks to queue
[2025-07-08T10:05:11.611+0000] {logging_mixin.py:188} INFO - [2025-07-08T10:05:11.611+0000] {dagbag.py:538} INFO - Filling up the DagBag from /home/airflow/.local/lib/python3.8/site-packages/airflow/example_dags/example_branch_operator.py
[2025-07-08T10:05:11.685+0000] {processor.py:840} INFO - DAG(s) 'example_branch_operator' retrieved from /home/airflow/.local/lib/python3.8/site-packages/airflow/example_dags/example_branch_operator.py
[2025-07-08T10:05:11.916+0000] {logging_mixin.py:188} INFO - [2025-07-08T10:05:11.915+0000] {dag.py:3036} INFO - Sync 1 DAGs
[2025-07-08T10:05:12.066+0000] {logging_mixin.py:188} INFO - [2025-07-08T10:05:12.065+0000] {dag.py:3823} INFO - Setting next_dagrun for example_branch_operator to 2025-07-07 00:00:00+00:00, run_after=2025-07-08 00:00:00+00:00
[2025-07-08T10:05:12.214+0000] {processor.py:183} INFO - Processing /home/airflow/.local/lib/python3.8/site-packages/airflow/example_dags/example_branch_operator.py took 0.625 seconds
[2025-07-08T10:05:42.466+0000] {processor.py:161} INFO - Started process (PID=7748) to work on /home/airflow/.local/lib/python3.8/site-packages/airflow/example_dags/example_branch_operator.py
[2025-07-08T10:05:42.468+0000] {processor.py:830} INFO - Processing file /home/airflow/.local/lib/python3.8/site-packages/airflow/example_dags/example_branch_operator.py for tasks to queue
[2025-07-08T10:05:42.470+0000] {logging_mixin.py:188} INFO - [2025-07-08T10:05:42.470+0000] {dagbag.py:538} INFO - Filling up the DagBag from /home/airflow/.local/lib/python3.8/site-packages/airflow/example_dags/example_branch_operator.py
[2025-07-08T10:05:42.507+0000] {processor.py:840} INFO - DAG(s) 'example_branch_operator' retrieved from /home/airflow/.local/lib/python3.8/site-packages/airflow/example_dags/example_branch_operator.py
[2025-07-08T10:05:42.566+0000] {logging_mixin.py:188} INFO - [2025-07-08T10:05:42.565+0000] {dag.py:3036} INFO - Sync 1 DAGs
[2025-07-08T10:05:42.613+0000] {logging_mixin.py:188} INFO - [2025-07-08T10:05:42.613+0000] {dag.py:3823} INFO - Setting next_dagrun for example_branch_operator to 2025-07-07 00:00:00+00:00, run_after=2025-07-08 00:00:00+00:00
[2025-07-08T10:05:42.647+0000] {processor.py:183} INFO - Processing /home/airflow/.local/lib/python3.8/site-packages/airflow/example_dags/example_branch_operator.py took 0.186 seconds
[2025-07-08T10:06:12.942+0000] {processor.py:161} INFO - Started process (PID=7815) to work on /home/airflow/.local/lib/python3.8/site-packages/airflow/example_dags/example_branch_operator.py
[2025-07-08T10:06:12.944+0000] {processor.py:830} INFO - Processing file /home/airflow/.local/lib/python3.8/site-packages/airflow/example_dags/example_branch_operator.py for tasks to queue
[2025-07-08T10:06:12.947+0000] {logging_mixin.py:188} INFO - [2025-07-08T10:06:12.947+0000] {dagbag.py:538} INFO - Filling up the DagBag from /home/airflow/.local/lib/python3.8/site-packages/airflow/example_dags/example_branch_operator.py
[2025-07-08T10:06:12.989+0000] {processor.py:840} INFO - DAG(s) 'example_branch_operator' retrieved from /home/airflow/.local/lib/python3.8/site-packages/airflow/example_dags/example_branch_operator.py
[2025-07-08T10:06:13.061+0000] {logging_mixin.py:188} INFO - [2025-07-08T10:06:13.060+0000] {dag.py:3036} INFO - Sync 1 DAGs
[2025-07-08T10:06:13.114+0000] {logging_mixin.py:188} INFO - [2025-07-08T10:06:13.113+0000] {dag.py:3823} INFO - Setting next_dagrun for example_branch_operator to 2025-07-07 00:00:00+00:00, run_after=2025-07-08 00:00:00+00:00
[2025-07-08T10:06:13.150+0000] {processor.py:183} INFO - Processing /home/airflow/.local/lib/python3.8/site-packages/airflow/example_dags/example_branch_operator.py took 0.216 seconds
[2025-07-08T10:06:43.335+0000] {processor.py:161} INFO - Started process (PID=7875) to work on /home/airflow/.local/lib/python3.8/site-packages/airflow/example_dags/example_branch_operator.py
[2025-07-08T10:06:43.336+0000] {processor.py:830} INFO - Processing file /home/airflow/.local/lib/python3.8/site-packages/airflow/example_dags/example_branch_operator.py for tasks to queue
[2025-07-08T10:06:43.339+0000] {logging_mixin.py:188} INFO - [2025-07-08T10:06:43.338+0000] {dagbag.py:538} INFO - Filling up the DagBag from /home/airflow/.local/lib/python3.8/site-packages/airflow/example_dags/example_branch_operator.py
[2025-07-08T10:06:43.373+0000] {processor.py:840} INFO - DAG(s) 'example_branch_operator' retrieved from /home/airflow/.local/lib/python3.8/site-packages/airflow/example_dags/example_branch_operator.py
[2025-07-08T10:06:43.425+0000] {logging_mixin.py:188} INFO - [2025-07-08T10:06:43.425+0000] {dag.py:3036} INFO - Sync 1 DAGs
[2025-07-08T10:06:43.474+0000] {logging_mixin.py:188} INFO - [2025-07-08T10:06:43.473+0000] {dag.py:3823} INFO - Setting next_dagrun for example_branch_operator to 2025-07-07 00:00:00+00:00, run_after=2025-07-08 00:00:00+00:00
[2025-07-08T10:06:43.506+0000] {processor.py:183} INFO - Processing /home/airflow/.local/lib/python3.8/site-packages/airflow/example_dags/example_branch_operator.py took 0.177 seconds
[2025-07-08T10:07:13.943+0000] {processor.py:161} INFO - Started process (PID=7942) to work on /home/airflow/.local/lib/python3.8/site-packages/airflow/example_dags/example_branch_operator.py
[2025-07-08T10:07:13.953+0000] {processor.py:830} INFO - Processing file /home/airflow/.local/lib/python3.8/site-packages/airflow/example_dags/example_branch_operator.py for tasks to queue
[2025-07-08T10:07:13.956+0000] {logging_mixin.py:188} INFO - [2025-07-08T10:07:13.955+0000] {dagbag.py:538} INFO - Filling up the DagBag from /home/airflow/.local/lib/python3.8/site-packages/airflow/example_dags/example_branch_operator.py
[2025-07-08T10:07:14.004+0000] {processor.py:840} INFO - DAG(s) 'example_branch_operator' retrieved from /home/airflow/.local/lib/python3.8/site-packages/airflow/example_dags/example_branch_operator.py
[2025-07-08T10:07:14.097+0000] {logging_mixin.py:188} INFO - [2025-07-08T10:07:14.094+0000] {dag.py:3036} INFO - Sync 1 DAGs
[2025-07-08T10:07:14.148+0000] {logging_mixin.py:188} INFO - [2025-07-08T10:07:14.148+0000] {dag.py:3823} INFO - Setting next_dagrun for example_branch_operator to 2025-07-07 00:00:00+00:00, run_after=2025-07-08 00:00:00+00:00
[2025-07-08T10:07:14.183+0000] {processor.py:183} INFO - Processing /home/airflow/.local/lib/python3.8/site-packages/airflow/example_dags/example_branch_operator.py took 0.257 seconds
[2025-07-08T10:07:44.677+0000] {processor.py:161} INFO - Started process (PID=8008) to work on /home/airflow/.local/lib/python3.8/site-packages/airflow/example_dags/example_branch_operator.py
[2025-07-08T10:07:44.679+0000] {processor.py:830} INFO - Processing file /home/airflow/.local/lib/python3.8/site-packages/airflow/example_dags/example_branch_operator.py for tasks to queue
[2025-07-08T10:07:44.681+0000] {logging_mixin.py:188} INFO - [2025-07-08T10:07:44.681+0000] {dagbag.py:538} INFO - Filling up the DagBag from /home/airflow/.local/lib/python3.8/site-packages/airflow/example_dags/example_branch_operator.py
[2025-07-08T10:07:44.728+0000] {processor.py:840} INFO - DAG(s) 'example_branch_operator' retrieved from /home/airflow/.local/lib/python3.8/site-packages/airflow/example_dags/example_branch_operator.py
[2025-07-08T10:07:44.799+0000] {logging_mixin.py:188} INFO - [2025-07-08T10:07:44.799+0000] {dag.py:3036} INFO - Sync 1 DAGs
[2025-07-08T10:07:44.866+0000] {logging_mixin.py:188} INFO - [2025-07-08T10:07:44.865+0000] {dag.py:3823} INFO - Setting next_dagrun for example_branch_operator to 2025-07-07 00:00:00+00:00, run_after=2025-07-08 00:00:00+00:00
[2025-07-08T10:07:44.935+0000] {processor.py:183} INFO - Processing /home/airflow/.local/lib/python3.8/site-packages/airflow/example_dags/example_branch_operator.py took 0.265 seconds
[2025-07-08T10:08:15.059+0000] {processor.py:161} INFO - Started process (PID=8067) to work on /home/airflow/.local/lib/python3.8/site-packages/airflow/example_dags/example_branch_operator.py
[2025-07-08T10:08:15.061+0000] {processor.py:830} INFO - Processing file /home/airflow/.local/lib/python3.8/site-packages/airflow/example_dags/example_branch_operator.py for tasks to queue
[2025-07-08T10:08:15.064+0000] {logging_mixin.py:188} INFO - [2025-07-08T10:08:15.063+0000] {dagbag.py:538} INFO - Filling up the DagBag from /home/airflow/.local/lib/python3.8/site-packages/airflow/example_dags/example_branch_operator.py
[2025-07-08T10:08:15.104+0000] {processor.py:840} INFO - DAG(s) 'example_branch_operator' retrieved from /home/airflow/.local/lib/python3.8/site-packages/airflow/example_dags/example_branch_operator.py
[2025-07-08T10:08:15.168+0000] {logging_mixin.py:188} INFO - [2025-07-08T10:08:15.168+0000] {dag.py:3036} INFO - Sync 1 DAGs
[2025-07-08T10:08:15.263+0000] {logging_mixin.py:188} INFO - [2025-07-08T10:08:15.262+0000] {dag.py:3823} INFO - Setting next_dagrun for example_branch_operator to 2025-07-07 00:00:00+00:00, run_after=2025-07-08 00:00:00+00:00
[2025-07-08T10:08:15.319+0000] {processor.py:183} INFO - Processing /home/airflow/.local/lib/python3.8/site-packages/airflow/example_dags/example_branch_operator.py took 0.266 seconds
[2025-07-08T10:08:45.816+0000] {processor.py:161} INFO - Started process (PID=8132) to work on /home/airflow/.local/lib/python3.8/site-packages/airflow/example_dags/example_branch_operator.py
[2025-07-08T10:08:45.817+0000] {processor.py:830} INFO - Processing file /home/airflow/.local/lib/python3.8/site-packages/airflow/example_dags/example_branch_operator.py for tasks to queue
[2025-07-08T10:08:45.830+0000] {logging_mixin.py:188} INFO - [2025-07-08T10:08:45.830+0000] {dagbag.py:538} INFO - Filling up the DagBag from /home/airflow/.local/lib/python3.8/site-packages/airflow/example_dags/example_branch_operator.py
[2025-07-08T10:08:45.982+0000] {processor.py:840} INFO - DAG(s) 'example_branch_operator' retrieved from /home/airflow/.local/lib/python3.8/site-packages/airflow/example_dags/example_branch_operator.py
[2025-07-08T10:08:46.148+0000] {logging_mixin.py:188} INFO - [2025-07-08T10:08:46.148+0000] {dag.py:3036} INFO - Sync 1 DAGs
[2025-07-08T10:08:46.237+0000] {logging_mixin.py:188} INFO - [2025-07-08T10:08:46.236+0000] {dag.py:3823} INFO - Setting next_dagrun for example_branch_operator to 2025-07-07 00:00:00+00:00, run_after=2025-07-08 00:00:00+00:00
[2025-07-08T10:08:46.307+0000] {processor.py:183} INFO - Processing /home/airflow/.local/lib/python3.8/site-packages/airflow/example_dags/example_branch_operator.py took 0.517 seconds
[2025-07-08T10:09:16.757+0000] {processor.py:161} INFO - Started process (PID=8199) to work on /home/airflow/.local/lib/python3.8/site-packages/airflow/example_dags/example_branch_operator.py
[2025-07-08T10:09:16.766+0000] {processor.py:830} INFO - Processing file /home/airflow/.local/lib/python3.8/site-packages/airflow/example_dags/example_branch_operator.py for tasks to queue
[2025-07-08T10:09:16.770+0000] {logging_mixin.py:188} INFO - [2025-07-08T10:09:16.769+0000] {dagbag.py:538} INFO - Filling up the DagBag from /home/airflow/.local/lib/python3.8/site-packages/airflow/example_dags/example_branch_operator.py
[2025-07-08T10:09:16.869+0000] {processor.py:840} INFO - DAG(s) 'example_branch_operator' retrieved from /home/airflow/.local/lib/python3.8/site-packages/airflow/example_dags/example_branch_operator.py
[2025-07-08T10:09:17.013+0000] {logging_mixin.py:188} INFO - [2025-07-08T10:09:17.013+0000] {dag.py:3036} INFO - Sync 1 DAGs
[2025-07-08T10:09:17.113+0000] {logging_mixin.py:188} INFO - [2025-07-08T10:09:17.112+0000] {dag.py:3823} INFO - Setting next_dagrun for example_branch_operator to 2025-07-07 00:00:00+00:00, run_after=2025-07-08 00:00:00+00:00
[2025-07-08T10:09:17.216+0000] {processor.py:183} INFO - Processing /home/airflow/.local/lib/python3.8/site-packages/airflow/example_dags/example_branch_operator.py took 0.476 seconds
[2025-07-08T10:09:47.839+0000] {processor.py:161} INFO - Started process (PID=8267) to work on /home/airflow/.local/lib/python3.8/site-packages/airflow/example_dags/example_branch_operator.py
[2025-07-08T10:09:47.841+0000] {processor.py:830} INFO - Processing file /home/airflow/.local/lib/python3.8/site-packages/airflow/example_dags/example_branch_operator.py for tasks to queue
[2025-07-08T10:09:47.844+0000] {logging_mixin.py:188} INFO - [2025-07-08T10:09:47.843+0000] {dagbag.py:538} INFO - Filling up the DagBag from /home/airflow/.local/lib/python3.8/site-packages/airflow/example_dags/example_branch_operator.py
[2025-07-08T10:09:47.882+0000] {processor.py:840} INFO - DAG(s) 'example_branch_operator' retrieved from /home/airflow/.local/lib/python3.8/site-packages/airflow/example_dags/example_branch_operator.py
[2025-07-08T10:09:47.977+0000] {logging_mixin.py:188} INFO - [2025-07-08T10:09:47.976+0000] {dag.py:3036} INFO - Sync 1 DAGs
[2025-07-08T10:09:48.048+0000] {logging_mixin.py:188} INFO - [2025-07-08T10:09:48.035+0000] {dag.py:3823} INFO - Setting next_dagrun for example_branch_operator to 2025-07-07 00:00:00+00:00, run_after=2025-07-08 00:00:00+00:00
[2025-07-08T10:09:48.123+0000] {processor.py:183} INFO - Processing /home/airflow/.local/lib/python3.8/site-packages/airflow/example_dags/example_branch_operator.py took 0.294 seconds
[2025-07-08T10:10:18.312+0000] {processor.py:161} INFO - Started process (PID=8336) to work on /home/airflow/.local/lib/python3.8/site-packages/airflow/example_dags/example_branch_operator.py
[2025-07-08T10:10:18.314+0000] {processor.py:830} INFO - Processing file /home/airflow/.local/lib/python3.8/site-packages/airflow/example_dags/example_branch_operator.py for tasks to queue
[2025-07-08T10:10:18.316+0000] {logging_mixin.py:188} INFO - [2025-07-08T10:10:18.316+0000] {dagbag.py:538} INFO - Filling up the DagBag from /home/airflow/.local/lib/python3.8/site-packages/airflow/example_dags/example_branch_operator.py
[2025-07-08T10:10:18.358+0000] {processor.py:840} INFO - DAG(s) 'example_branch_operator' retrieved from /home/airflow/.local/lib/python3.8/site-packages/airflow/example_dags/example_branch_operator.py
[2025-07-08T10:10:18.410+0000] {logging_mixin.py:188} INFO - [2025-07-08T10:10:18.410+0000] {dag.py:3036} INFO - Sync 1 DAGs
[2025-07-08T10:10:18.453+0000] {logging_mixin.py:188} INFO - [2025-07-08T10:10:18.452+0000] {dag.py:3823} INFO - Setting next_dagrun for example_branch_operator to 2025-07-07 00:00:00+00:00, run_after=2025-07-08 00:00:00+00:00
[2025-07-08T10:10:18.485+0000] {processor.py:183} INFO - Processing /home/airflow/.local/lib/python3.8/site-packages/airflow/example_dags/example_branch_operator.py took 0.179 seconds
[2025-07-08T10:10:49.175+0000] {processor.py:161} INFO - Started process (PID=8403) to work on /home/airflow/.local/lib/python3.8/site-packages/airflow/example_dags/example_branch_operator.py
[2025-07-08T10:10:49.177+0000] {processor.py:830} INFO - Processing file /home/airflow/.local/lib/python3.8/site-packages/airflow/example_dags/example_branch_operator.py for tasks to queue
[2025-07-08T10:10:49.188+0000] {logging_mixin.py:188} INFO - [2025-07-08T10:10:49.179+0000] {dagbag.py:538} INFO - Filling up the DagBag from /home/airflow/.local/lib/python3.8/site-packages/airflow/example_dags/example_branch_operator.py
[2025-07-08T10:10:49.298+0000] {processor.py:840} INFO - DAG(s) 'example_branch_operator' retrieved from /home/airflow/.local/lib/python3.8/site-packages/airflow/example_dags/example_branch_operator.py
[2025-07-08T10:10:49.433+0000] {logging_mixin.py:188} INFO - [2025-07-08T10:10:49.433+0000] {dag.py:3036} INFO - Sync 1 DAGs
[2025-07-08T10:10:49.517+0000] {logging_mixin.py:188} INFO - [2025-07-08T10:10:49.516+0000] {dag.py:3823} INFO - Setting next_dagrun for example_branch_operator to 2025-07-07 00:00:00+00:00, run_after=2025-07-08 00:00:00+00:00
[2025-07-08T10:10:49.609+0000] {processor.py:183} INFO - Processing /home/airflow/.local/lib/python3.8/site-packages/airflow/example_dags/example_branch_operator.py took 0.443 seconds
[2025-07-08T10:11:20.063+0000] {processor.py:161} INFO - Started process (PID=8471) to work on /home/airflow/.local/lib/python3.8/site-packages/airflow/example_dags/example_branch_operator.py
[2025-07-08T10:11:20.065+0000] {processor.py:830} INFO - Processing file /home/airflow/.local/lib/python3.8/site-packages/airflow/example_dags/example_branch_operator.py for tasks to queue
[2025-07-08T10:11:20.073+0000] {logging_mixin.py:188} INFO - [2025-07-08T10:11:20.072+0000] {dagbag.py:538} INFO - Filling up the DagBag from /home/airflow/.local/lib/python3.8/site-packages/airflow/example_dags/example_branch_operator.py
[2025-07-08T10:11:20.118+0000] {processor.py:840} INFO - DAG(s) 'example_branch_operator' retrieved from /home/airflow/.local/lib/python3.8/site-packages/airflow/example_dags/example_branch_operator.py
[2025-07-08T10:11:20.237+0000] {logging_mixin.py:188} INFO - [2025-07-08T10:11:20.237+0000] {dag.py:3036} INFO - Sync 1 DAGs
[2025-07-08T10:11:20.300+0000] {logging_mixin.py:188} INFO - [2025-07-08T10:11:20.299+0000] {dag.py:3823} INFO - Setting next_dagrun for example_branch_operator to 2025-07-07 00:00:00+00:00, run_after=2025-07-08 00:00:00+00:00
[2025-07-08T10:11:20.380+0000] {processor.py:183} INFO - Processing /home/airflow/.local/lib/python3.8/site-packages/airflow/example_dags/example_branch_operator.py took 0.325 seconds
[2025-07-08T10:11:51.007+0000] {processor.py:161} INFO - Started process (PID=8531) to work on /home/airflow/.local/lib/python3.8/site-packages/airflow/example_dags/example_branch_operator.py
[2025-07-08T10:11:51.008+0000] {processor.py:830} INFO - Processing file /home/airflow/.local/lib/python3.8/site-packages/airflow/example_dags/example_branch_operator.py for tasks to queue
[2025-07-08T10:11:51.011+0000] {logging_mixin.py:188} INFO - [2025-07-08T10:11:51.011+0000] {dagbag.py:538} INFO - Filling up the DagBag from /home/airflow/.local/lib/python3.8/site-packages/airflow/example_dags/example_branch_operator.py
[2025-07-08T10:11:51.049+0000] {processor.py:840} INFO - DAG(s) 'example_branch_operator' retrieved from /home/airflow/.local/lib/python3.8/site-packages/airflow/example_dags/example_branch_operator.py
[2025-07-08T10:11:51.110+0000] {logging_mixin.py:188} INFO - [2025-07-08T10:11:51.109+0000] {dag.py:3036} INFO - Sync 1 DAGs
[2025-07-08T10:11:51.158+0000] {logging_mixin.py:188} INFO - [2025-07-08T10:11:51.158+0000] {dag.py:3823} INFO - Setting next_dagrun for example_branch_operator to 2025-07-07 00:00:00+00:00, run_after=2025-07-08 00:00:00+00:00
[2025-07-08T10:11:51.196+0000] {processor.py:183} INFO - Processing /home/airflow/.local/lib/python3.8/site-packages/airflow/example_dags/example_branch_operator.py took 0.196 seconds
[2025-07-08T10:12:21.982+0000] {processor.py:161} INFO - Started process (PID=8600) to work on /home/airflow/.local/lib/python3.8/site-packages/airflow/example_dags/example_branch_operator.py
[2025-07-08T10:12:21.984+0000] {processor.py:830} INFO - Processing file /home/airflow/.local/lib/python3.8/site-packages/airflow/example_dags/example_branch_operator.py for tasks to queue
[2025-07-08T10:12:21.987+0000] {logging_mixin.py:188} INFO - [2025-07-08T10:12:21.986+0000] {dagbag.py:538} INFO - Filling up the DagBag from /home/airflow/.local/lib/python3.8/site-packages/airflow/example_dags/example_branch_operator.py
[2025-07-08T10:12:22.028+0000] {processor.py:840} INFO - DAG(s) 'example_branch_operator' retrieved from /home/airflow/.local/lib/python3.8/site-packages/airflow/example_dags/example_branch_operator.py
[2025-07-08T10:12:22.087+0000] {logging_mixin.py:188} INFO - [2025-07-08T10:12:22.087+0000] {dag.py:3036} INFO - Sync 1 DAGs
[2025-07-08T10:12:22.138+0000] {logging_mixin.py:188} INFO - [2025-07-08T10:12:22.138+0000] {dag.py:3823} INFO - Setting next_dagrun for example_branch_operator to 2025-07-07 00:00:00+00:00, run_after=2025-07-08 00:00:00+00:00
[2025-07-08T10:12:22.442+0000] {processor.py:183} INFO - Processing /home/airflow/.local/lib/python3.8/site-packages/airflow/example_dags/example_branch_operator.py took 0.470 seconds
[2025-07-08T10:12:52.575+0000] {processor.py:161} INFO - Started process (PID=8666) to work on /home/airflow/.local/lib/python3.8/site-packages/airflow/example_dags/example_branch_operator.py
[2025-07-08T10:12:52.584+0000] {processor.py:830} INFO - Processing file /home/airflow/.local/lib/python3.8/site-packages/airflow/example_dags/example_branch_operator.py for tasks to queue
[2025-07-08T10:12:52.587+0000] {logging_mixin.py:188} INFO - [2025-07-08T10:12:52.587+0000] {dagbag.py:538} INFO - Filling up the DagBag from /home/airflow/.local/lib/python3.8/site-packages/airflow/example_dags/example_branch_operator.py
[2025-07-08T10:12:52.625+0000] {processor.py:840} INFO - DAG(s) 'example_branch_operator' retrieved from /home/airflow/.local/lib/python3.8/site-packages/airflow/example_dags/example_branch_operator.py
[2025-07-08T10:12:52.733+0000] {logging_mixin.py:188} INFO - [2025-07-08T10:12:52.733+0000] {dag.py:3036} INFO - Sync 1 DAGs
[2025-07-08T10:12:52.835+0000] {logging_mixin.py:188} INFO - [2025-07-08T10:12:52.834+0000] {dag.py:3823} INFO - Setting next_dagrun for example_branch_operator to 2025-07-07 00:00:00+00:00, run_after=2025-07-08 00:00:00+00:00
[2025-07-08T10:12:53.323+0000] {processor.py:183} INFO - Processing /home/airflow/.local/lib/python3.8/site-packages/airflow/example_dags/example_branch_operator.py took 0.772 seconds
[2025-07-08T10:13:23.720+0000] {processor.py:161} INFO - Started process (PID=8735) to work on /home/airflow/.local/lib/python3.8/site-packages/airflow/example_dags/example_branch_operator.py
[2025-07-08T10:13:23.728+0000] {processor.py:830} INFO - Processing file /home/airflow/.local/lib/python3.8/site-packages/airflow/example_dags/example_branch_operator.py for tasks to queue
[2025-07-08T10:13:23.731+0000] {logging_mixin.py:188} INFO - [2025-07-08T10:13:23.731+0000] {dagbag.py:538} INFO - Filling up the DagBag from /home/airflow/.local/lib/python3.8/site-packages/airflow/example_dags/example_branch_operator.py
[2025-07-08T10:13:23.810+0000] {processor.py:840} INFO - DAG(s) 'example_branch_operator' retrieved from /home/airflow/.local/lib/python3.8/site-packages/airflow/example_dags/example_branch_operator.py
[2025-07-08T10:13:23.867+0000] {logging_mixin.py:188} INFO - [2025-07-08T10:13:23.867+0000] {dag.py:3036} INFO - Sync 1 DAGs
[2025-07-08T10:13:23.946+0000] {logging_mixin.py:188} INFO - [2025-07-08T10:13:23.945+0000] {dag.py:3823} INFO - Setting next_dagrun for example_branch_operator to 2025-07-07 00:00:00+00:00, run_after=2025-07-08 00:00:00+00:00
[2025-07-08T10:13:24.358+0000] {processor.py:183} INFO - Processing /home/airflow/.local/lib/python3.8/site-packages/airflow/example_dags/example_branch_operator.py took 0.653 seconds
[2025-07-08T10:13:54.571+0000] {processor.py:161} INFO - Started process (PID=8796) to work on /home/airflow/.local/lib/python3.8/site-packages/airflow/example_dags/example_branch_operator.py
[2025-07-08T10:13:54.573+0000] {processor.py:830} INFO - Processing file /home/airflow/.local/lib/python3.8/site-packages/airflow/example_dags/example_branch_operator.py for tasks to queue
[2025-07-08T10:13:54.576+0000] {logging_mixin.py:188} INFO - [2025-07-08T10:13:54.575+0000] {dagbag.py:538} INFO - Filling up the DagBag from /home/airflow/.local/lib/python3.8/site-packages/airflow/example_dags/example_branch_operator.py
[2025-07-08T10:13:54.612+0000] {processor.py:840} INFO - DAG(s) 'example_branch_operator' retrieved from /home/airflow/.local/lib/python3.8/site-packages/airflow/example_dags/example_branch_operator.py
[2025-07-08T10:13:54.684+0000] {logging_mixin.py:188} INFO - [2025-07-08T10:13:54.684+0000] {dag.py:3036} INFO - Sync 1 DAGs
[2025-07-08T10:13:54.728+0000] {logging_mixin.py:188} INFO - [2025-07-08T10:13:54.728+0000] {dag.py:3823} INFO - Setting next_dagrun for example_branch_operator to 2025-07-07 00:00:00+00:00, run_after=2025-07-08 00:00:00+00:00
[2025-07-08T10:13:54.987+0000] {processor.py:183} INFO - Processing /home/airflow/.local/lib/python3.8/site-packages/airflow/example_dags/example_branch_operator.py took 0.421 seconds
[2025-07-08T10:14:25.344+0000] {processor.py:161} INFO - Started process (PID=8864) to work on /home/airflow/.local/lib/python3.8/site-packages/airflow/example_dags/example_branch_operator.py
[2025-07-08T10:14:25.348+0000] {processor.py:830} INFO - Processing file /home/airflow/.local/lib/python3.8/site-packages/airflow/example_dags/example_branch_operator.py for tasks to queue
[2025-07-08T10:14:25.351+0000] {logging_mixin.py:188} INFO - [2025-07-08T10:14:25.350+0000] {dagbag.py:538} INFO - Filling up the DagBag from /home/airflow/.local/lib/python3.8/site-packages/airflow/example_dags/example_branch_operator.py
[2025-07-08T10:14:25.422+0000] {processor.py:840} INFO - DAG(s) 'example_branch_operator' retrieved from /home/airflow/.local/lib/python3.8/site-packages/airflow/example_dags/example_branch_operator.py
[2025-07-08T10:14:25.504+0000] {logging_mixin.py:188} INFO - [2025-07-08T10:14:25.504+0000] {dag.py:3036} INFO - Sync 1 DAGs
[2025-07-08T10:14:25.583+0000] {logging_mixin.py:188} INFO - [2025-07-08T10:14:25.583+0000] {dag.py:3823} INFO - Setting next_dagrun for example_branch_operator to 2025-07-07 00:00:00+00:00, run_after=2025-07-08 00:00:00+00:00
[2025-07-08T10:14:25.668+0000] {processor.py:183} INFO - Processing /home/airflow/.local/lib/python3.8/site-packages/airflow/example_dags/example_branch_operator.py took 0.330 seconds
[2025-07-08T10:14:56.601+0000] {processor.py:161} INFO - Started process (PID=8929) to work on /home/airflow/.local/lib/python3.8/site-packages/airflow/example_dags/example_branch_operator.py
[2025-07-08T10:14:56.602+0000] {processor.py:830} INFO - Processing file /home/airflow/.local/lib/python3.8/site-packages/airflow/example_dags/example_branch_operator.py for tasks to queue
[2025-07-08T10:14:56.605+0000] {logging_mixin.py:188} INFO - [2025-07-08T10:14:56.605+0000] {dagbag.py:538} INFO - Filling up the DagBag from /home/airflow/.local/lib/python3.8/site-packages/airflow/example_dags/example_branch_operator.py
[2025-07-08T10:14:56.667+0000] {processor.py:840} INFO - DAG(s) 'example_branch_operator' retrieved from /home/airflow/.local/lib/python3.8/site-packages/airflow/example_dags/example_branch_operator.py
[2025-07-08T10:14:56.781+0000] {logging_mixin.py:188} INFO - [2025-07-08T10:14:56.781+0000] {dag.py:3036} INFO - Sync 1 DAGs
[2025-07-08T10:14:56.881+0000] {logging_mixin.py:188} INFO - [2025-07-08T10:14:56.880+0000] {dag.py:3823} INFO - Setting next_dagrun for example_branch_operator to 2025-07-07 00:00:00+00:00, run_after=2025-07-08 00:00:00+00:00
[2025-07-08T10:14:57.014+0000] {processor.py:183} INFO - Processing /home/airflow/.local/lib/python3.8/site-packages/airflow/example_dags/example_branch_operator.py took 0.450 seconds
[2025-07-08T10:15:27.728+0000] {processor.py:161} INFO - Started process (PID=8987) to work on /home/airflow/.local/lib/python3.8/site-packages/airflow/example_dags/example_branch_operator.py
[2025-07-08T10:15:27.736+0000] {processor.py:830} INFO - Processing file /home/airflow/.local/lib/python3.8/site-packages/airflow/example_dags/example_branch_operator.py for tasks to queue
[2025-07-08T10:15:27.739+0000] {logging_mixin.py:188} INFO - [2025-07-08T10:15:27.739+0000] {dagbag.py:538} INFO - Filling up the DagBag from /home/airflow/.local/lib/python3.8/site-packages/airflow/example_dags/example_branch_operator.py
[2025-07-08T10:15:27.779+0000] {processor.py:840} INFO - DAG(s) 'example_branch_operator' retrieved from /home/airflow/.local/lib/python3.8/site-packages/airflow/example_dags/example_branch_operator.py
[2025-07-08T10:15:27.897+0000] {logging_mixin.py:188} INFO - [2025-07-08T10:15:27.897+0000] {dag.py:3036} INFO - Sync 1 DAGs
[2025-07-08T10:15:27.989+0000] {logging_mixin.py:188} INFO - [2025-07-08T10:15:27.988+0000] {dag.py:3823} INFO - Setting next_dagrun for example_branch_operator to 2025-07-07 00:00:00+00:00, run_after=2025-07-08 00:00:00+00:00
[2025-07-08T10:15:28.086+0000] {processor.py:183} INFO - Processing /home/airflow/.local/lib/python3.8/site-packages/airflow/example_dags/example_branch_operator.py took 0.363 seconds
[2025-07-08T10:15:58.193+0000] {processor.py:161} INFO - Started process (PID=9054) to work on /home/airflow/.local/lib/python3.8/site-packages/airflow/example_dags/example_branch_operator.py
[2025-07-08T10:15:58.195+0000] {processor.py:830} INFO - Processing file /home/airflow/.local/lib/python3.8/site-packages/airflow/example_dags/example_branch_operator.py for tasks to queue
[2025-07-08T10:15:58.198+0000] {logging_mixin.py:188} INFO - [2025-07-08T10:15:58.197+0000] {dagbag.py:538} INFO - Filling up the DagBag from /home/airflow/.local/lib/python3.8/site-packages/airflow/example_dags/example_branch_operator.py
[2025-07-08T10:15:58.235+0000] {processor.py:840} INFO - DAG(s) 'example_branch_operator' retrieved from /home/airflow/.local/lib/python3.8/site-packages/airflow/example_dags/example_branch_operator.py
[2025-07-08T10:15:58.295+0000] {logging_mixin.py:188} INFO - [2025-07-08T10:15:58.295+0000] {dag.py:3036} INFO - Sync 1 DAGs
[2025-07-08T10:15:58.350+0000] {logging_mixin.py:188} INFO - [2025-07-08T10:15:58.349+0000] {dag.py:3823} INFO - Setting next_dagrun for example_branch_operator to 2025-07-07 00:00:00+00:00, run_after=2025-07-08 00:00:00+00:00
[2025-07-08T10:15:58.385+0000] {processor.py:183} INFO - Processing /home/airflow/.local/lib/python3.8/site-packages/airflow/example_dags/example_branch_operator.py took 0.199 seconds
[2025-07-08T10:16:29.355+0000] {processor.py:161} INFO - Started process (PID=9125) to work on /home/airflow/.local/lib/python3.8/site-packages/airflow/example_dags/example_branch_operator.py
[2025-07-08T10:16:29.366+0000] {processor.py:830} INFO - Processing file /home/airflow/.local/lib/python3.8/site-packages/airflow/example_dags/example_branch_operator.py for tasks to queue
[2025-07-08T10:16:29.369+0000] {logging_mixin.py:188} INFO - [2025-07-08T10:16:29.368+0000] {dagbag.py:538} INFO - Filling up the DagBag from /home/airflow/.local/lib/python3.8/site-packages/airflow/example_dags/example_branch_operator.py
[2025-07-08T10:16:29.463+0000] {processor.py:840} INFO - DAG(s) 'example_branch_operator' retrieved from /home/airflow/.local/lib/python3.8/site-packages/airflow/example_dags/example_branch_operator.py
[2025-07-08T10:16:29.612+0000] {logging_mixin.py:188} INFO - [2025-07-08T10:16:29.611+0000] {dag.py:3036} INFO - Sync 1 DAGs
[2025-07-08T10:16:29.712+0000] {logging_mixin.py:188} INFO - [2025-07-08T10:16:29.712+0000] {dag.py:3823} INFO - Setting next_dagrun for example_branch_operator to 2025-07-07 00:00:00+00:00, run_after=2025-07-08 00:00:00+00:00
[2025-07-08T10:16:30.035+0000] {processor.py:183} INFO - Processing /home/airflow/.local/lib/python3.8/site-packages/airflow/example_dags/example_branch_operator.py took 0.693 seconds
[2025-07-08T10:17:00.957+0000] {processor.py:161} INFO - Started process (PID=9186) to work on /home/airflow/.local/lib/python3.8/site-packages/airflow/example_dags/example_branch_operator.py
[2025-07-08T10:17:00.958+0000] {processor.py:830} INFO - Processing file /home/airflow/.local/lib/python3.8/site-packages/airflow/example_dags/example_branch_operator.py for tasks to queue
[2025-07-08T10:17:00.961+0000] {logging_mixin.py:188} INFO - [2025-07-08T10:17:00.961+0000] {dagbag.py:538} INFO - Filling up the DagBag from /home/airflow/.local/lib/python3.8/site-packages/airflow/example_dags/example_branch_operator.py
[2025-07-08T10:17:00.995+0000] {processor.py:840} INFO - DAG(s) 'example_branch_operator' retrieved from /home/airflow/.local/lib/python3.8/site-packages/airflow/example_dags/example_branch_operator.py
[2025-07-08T10:17:01.066+0000] {logging_mixin.py:188} INFO - [2025-07-08T10:17:01.066+0000] {dag.py:3036} INFO - Sync 1 DAGs
[2025-07-08T10:17:01.115+0000] {logging_mixin.py:188} INFO - [2025-07-08T10:17:01.115+0000] {dag.py:3823} INFO - Setting next_dagrun for example_branch_operator to 2025-07-07 00:00:00+00:00, run_after=2025-07-08 00:00:00+00:00
[2025-07-08T10:17:01.163+0000] {processor.py:183} INFO - Processing /home/airflow/.local/lib/python3.8/site-packages/airflow/example_dags/example_branch_operator.py took 0.212 seconds
[2025-07-08T10:17:34.022+0000] {processor.py:161} INFO - Started process (PID=9254) to work on /home/airflow/.local/lib/python3.8/site-packages/airflow/example_dags/example_branch_operator.py
[2025-07-08T10:17:34.032+0000] {processor.py:830} INFO - Processing file /home/airflow/.local/lib/python3.8/site-packages/airflow/example_dags/example_branch_operator.py for tasks to queue
[2025-07-08T10:17:34.035+0000] {logging_mixin.py:188} INFO - [2025-07-08T10:17:34.035+0000] {dagbag.py:538} INFO - Filling up the DagBag from /home/airflow/.local/lib/python3.8/site-packages/airflow/example_dags/example_branch_operator.py
[2025-07-08T10:17:34.374+0000] {processor.py:840} INFO - DAG(s) 'example_branch_operator' retrieved from /home/airflow/.local/lib/python3.8/site-packages/airflow/example_dags/example_branch_operator.py
[2025-07-08T10:17:34.429+0000] {logging_mixin.py:188} INFO - [2025-07-08T10:17:34.428+0000] {dag.py:3036} INFO - Sync 1 DAGs
[2025-07-08T10:17:34.475+0000] {logging_mixin.py:188} INFO - [2025-07-08T10:17:34.475+0000] {dag.py:3823} INFO - Setting next_dagrun for example_branch_operator to 2025-07-07 00:00:00+00:00, run_after=2025-07-08 00:00:00+00:00
[2025-07-08T10:17:34.513+0000] {processor.py:183} INFO - Processing /home/airflow/.local/lib/python3.8/site-packages/airflow/example_dags/example_branch_operator.py took 0.497 seconds
[2025-07-08T10:18:07.214+0000] {processor.py:161} INFO - Started process (PID=9321) to work on /home/airflow/.local/lib/python3.8/site-packages/airflow/example_dags/example_branch_operator.py
[2025-07-08T10:18:07.224+0000] {processor.py:830} INFO - Processing file /home/airflow/.local/lib/python3.8/site-packages/airflow/example_dags/example_branch_operator.py for tasks to queue
[2025-07-08T10:18:07.227+0000] {logging_mixin.py:188} INFO - [2025-07-08T10:18:07.227+0000] {dagbag.py:538} INFO - Filling up the DagBag from /home/airflow/.local/lib/python3.8/site-packages/airflow/example_dags/example_branch_operator.py
[2025-07-08T10:18:07.326+0000] {processor.py:840} INFO - DAG(s) 'example_branch_operator' retrieved from /home/airflow/.local/lib/python3.8/site-packages/airflow/example_dags/example_branch_operator.py
[2025-07-08T10:18:07.634+0000] {logging_mixin.py:188} INFO - [2025-07-08T10:18:07.634+0000] {dag.py:3036} INFO - Sync 1 DAGs
[2025-07-08T10:18:07.805+0000] {logging_mixin.py:188} INFO - [2025-07-08T10:18:07.805+0000] {dag.py:3823} INFO - Setting next_dagrun for example_branch_operator to 2025-07-07 00:00:00+00:00, run_after=2025-07-08 00:00:00+00:00
[2025-07-08T10:18:07.912+0000] {processor.py:183} INFO - Processing /home/airflow/.local/lib/python3.8/site-packages/airflow/example_dags/example_branch_operator.py took 0.714 seconds
[2025-07-08T10:18:38.047+0000] {processor.py:161} INFO - Started process (PID=9384) to work on /home/airflow/.local/lib/python3.8/site-packages/airflow/example_dags/example_branch_operator.py
[2025-07-08T10:18:38.057+0000] {processor.py:830} INFO - Processing file /home/airflow/.local/lib/python3.8/site-packages/airflow/example_dags/example_branch_operator.py for tasks to queue
[2025-07-08T10:18:38.060+0000] {logging_mixin.py:188} INFO - [2025-07-08T10:18:38.059+0000] {dagbag.py:538} INFO - Filling up the DagBag from /home/airflow/.local/lib/python3.8/site-packages/airflow/example_dags/example_branch_operator.py
[2025-07-08T10:18:38.237+0000] {processor.py:840} INFO - DAG(s) 'example_branch_operator' retrieved from /home/airflow/.local/lib/python3.8/site-packages/airflow/example_dags/example_branch_operator.py
[2025-07-08T10:18:38.394+0000] {logging_mixin.py:188} INFO - [2025-07-08T10:18:38.393+0000] {dag.py:3036} INFO - Sync 1 DAGs
[2025-07-08T10:18:38.505+0000] {logging_mixin.py:188} INFO - [2025-07-08T10:18:38.505+0000] {dag.py:3823} INFO - Setting next_dagrun for example_branch_operator to 2025-07-07 00:00:00+00:00, run_after=2025-07-08 00:00:00+00:00
[2025-07-08T10:18:38.570+0000] {processor.py:183} INFO - Processing /home/airflow/.local/lib/python3.8/site-packages/airflow/example_dags/example_branch_operator.py took 0.529 seconds
[2025-07-08T10:19:09.015+0000] {processor.py:161} INFO - Started process (PID=9451) to work on /home/airflow/.local/lib/python3.8/site-packages/airflow/example_dags/example_branch_operator.py
[2025-07-08T10:19:09.020+0000] {processor.py:830} INFO - Processing file /home/airflow/.local/lib/python3.8/site-packages/airflow/example_dags/example_branch_operator.py for tasks to queue
[2025-07-08T10:19:09.023+0000] {logging_mixin.py:188} INFO - [2025-07-08T10:19:09.023+0000] {dagbag.py:538} INFO - Filling up the DagBag from /home/airflow/.local/lib/python3.8/site-packages/airflow/example_dags/example_branch_operator.py
[2025-07-08T10:19:09.121+0000] {processor.py:840} INFO - DAG(s) 'example_branch_operator' retrieved from /home/airflow/.local/lib/python3.8/site-packages/airflow/example_dags/example_branch_operator.py
[2025-07-08T10:19:09.230+0000] {logging_mixin.py:188} INFO - [2025-07-08T10:19:09.230+0000] {dag.py:3036} INFO - Sync 1 DAGs
[2025-07-08T10:19:09.373+0000] {logging_mixin.py:188} INFO - [2025-07-08T10:19:09.372+0000] {dag.py:3823} INFO - Setting next_dagrun for example_branch_operator to 2025-07-07 00:00:00+00:00, run_after=2025-07-08 00:00:00+00:00
[2025-07-08T10:19:09.497+0000] {processor.py:183} INFO - Processing /home/airflow/.local/lib/python3.8/site-packages/airflow/example_dags/example_branch_operator.py took 0.501 seconds
[2025-07-08T10:19:39.923+0000] {processor.py:161} INFO - Started process (PID=9522) to work on /home/airflow/.local/lib/python3.8/site-packages/airflow/example_dags/example_branch_operator.py
[2025-07-08T10:19:39.925+0000] {processor.py:830} INFO - Processing file /home/airflow/.local/lib/python3.8/site-packages/airflow/example_dags/example_branch_operator.py for tasks to queue
[2025-07-08T10:19:39.930+0000] {logging_mixin.py:188} INFO - [2025-07-08T10:19:39.928+0000] {dagbag.py:538} INFO - Filling up the DagBag from /home/airflow/.local/lib/python3.8/site-packages/airflow/example_dags/example_branch_operator.py
[2025-07-08T10:19:40.021+0000] {processor.py:840} INFO - DAG(s) 'example_branch_operator' retrieved from /home/airflow/.local/lib/python3.8/site-packages/airflow/example_dags/example_branch_operator.py
[2025-07-08T10:19:40.082+0000] {logging_mixin.py:188} INFO - [2025-07-08T10:19:40.081+0000] {dag.py:3036} INFO - Sync 1 DAGs
[2025-07-08T10:19:40.137+0000] {logging_mixin.py:188} INFO - [2025-07-08T10:19:40.137+0000] {dag.py:3823} INFO - Setting next_dagrun for example_branch_operator to 2025-07-07 00:00:00+00:00, run_after=2025-07-08 00:00:00+00:00
[2025-07-08T10:19:40.203+0000] {processor.py:183} INFO - Processing /home/airflow/.local/lib/python3.8/site-packages/airflow/example_dags/example_branch_operator.py took 0.292 seconds
[2025-07-08T10:20:11.588+0000] {processor.py:161} INFO - Started process (PID=9591) to work on /home/airflow/.local/lib/python3.8/site-packages/airflow/example_dags/example_branch_operator.py
[2025-07-08T10:20:11.601+0000] {processor.py:830} INFO - Processing file /home/airflow/.local/lib/python3.8/site-packages/airflow/example_dags/example_branch_operator.py for tasks to queue
[2025-07-08T10:20:11.604+0000] {logging_mixin.py:188} INFO - [2025-07-08T10:20:11.604+0000] {dagbag.py:538} INFO - Filling up the DagBag from /home/airflow/.local/lib/python3.8/site-packages/airflow/example_dags/example_branch_operator.py
[2025-07-08T10:20:11.709+0000] {processor.py:840} INFO - DAG(s) 'example_branch_operator' retrieved from /home/airflow/.local/lib/python3.8/site-packages/airflow/example_dags/example_branch_operator.py
[2025-07-08T10:20:11.853+0000] {logging_mixin.py:188} INFO - [2025-07-08T10:20:11.853+0000] {dag.py:3036} INFO - Sync 1 DAGs
[2025-07-08T10:20:12.018+0000] {logging_mixin.py:188} INFO - [2025-07-08T10:20:12.018+0000] {dag.py:3823} INFO - Setting next_dagrun for example_branch_operator to 2025-07-07 00:00:00+00:00, run_after=2025-07-08 00:00:00+00:00
[2025-07-08T10:20:12.131+0000] {processor.py:183} INFO - Processing /home/airflow/.local/lib/python3.8/site-packages/airflow/example_dags/example_branch_operator.py took 0.565 seconds
[2025-07-08T10:20:42.654+0000] {processor.py:161} INFO - Started process (PID=9651) to work on /home/airflow/.local/lib/python3.8/site-packages/airflow/example_dags/example_branch_operator.py
[2025-07-08T10:20:42.656+0000] {processor.py:830} INFO - Processing file /home/airflow/.local/lib/python3.8/site-packages/airflow/example_dags/example_branch_operator.py for tasks to queue
[2025-07-08T10:20:42.659+0000] {logging_mixin.py:188} INFO - [2025-07-08T10:20:42.659+0000] {dagbag.py:538} INFO - Filling up the DagBag from /home/airflow/.local/lib/python3.8/site-packages/airflow/example_dags/example_branch_operator.py
[2025-07-08T10:20:42.743+0000] {processor.py:840} INFO - DAG(s) 'example_branch_operator' retrieved from /home/airflow/.local/lib/python3.8/site-packages/airflow/example_dags/example_branch_operator.py
[2025-07-08T10:20:42.885+0000] {logging_mixin.py:188} INFO - [2025-07-08T10:20:42.885+0000] {dag.py:3036} INFO - Sync 1 DAGs
[2025-07-08T10:20:42.996+0000] {logging_mixin.py:188} INFO - [2025-07-08T10:20:42.996+0000] {dag.py:3823} INFO - Setting next_dagrun for example_branch_operator to 2025-07-07 00:00:00+00:00, run_after=2025-07-08 00:00:00+00:00
[2025-07-08T10:20:43.066+0000] {processor.py:183} INFO - Processing /home/airflow/.local/lib/python3.8/site-packages/airflow/example_dags/example_branch_operator.py took 0.439 seconds
[2025-07-08T10:21:14.378+0000] {processor.py:161} INFO - Started process (PID=9720) to work on /home/airflow/.local/lib/python3.8/site-packages/airflow/example_dags/example_branch_operator.py
[2025-07-08T10:21:14.385+0000] {processor.py:830} INFO - Processing file /home/airflow/.local/lib/python3.8/site-packages/airflow/example_dags/example_branch_operator.py for tasks to queue
[2025-07-08T10:21:14.388+0000] {logging_mixin.py:188} INFO - [2025-07-08T10:21:14.387+0000] {dagbag.py:538} INFO - Filling up the DagBag from /home/airflow/.local/lib/python3.8/site-packages/airflow/example_dags/example_branch_operator.py
[2025-07-08T10:21:14.526+0000] {processor.py:840} INFO - DAG(s) 'example_branch_operator' retrieved from /home/airflow/.local/lib/python3.8/site-packages/airflow/example_dags/example_branch_operator.py
[2025-07-08T10:21:14.657+0000] {logging_mixin.py:188} INFO - [2025-07-08T10:21:14.657+0000] {dag.py:3036} INFO - Sync 1 DAGs
[2025-07-08T10:21:14.781+0000] {logging_mixin.py:188} INFO - [2025-07-08T10:21:14.781+0000] {dag.py:3823} INFO - Setting next_dagrun for example_branch_operator to 2025-07-07 00:00:00+00:00, run_after=2025-07-08 00:00:00+00:00
[2025-07-08T10:21:14.902+0000] {processor.py:183} INFO - Processing /home/airflow/.local/lib/python3.8/site-packages/airflow/example_dags/example_branch_operator.py took 0.547 seconds
[2025-07-08T10:21:45.700+0000] {processor.py:161} INFO - Started process (PID=9784) to work on /home/airflow/.local/lib/python3.8/site-packages/airflow/example_dags/example_branch_operator.py
[2025-07-08T10:21:45.702+0000] {processor.py:830} INFO - Processing file /home/airflow/.local/lib/python3.8/site-packages/airflow/example_dags/example_branch_operator.py for tasks to queue
[2025-07-08T10:21:45.729+0000] {logging_mixin.py:188} INFO - [2025-07-08T10:21:45.729+0000] {dagbag.py:538} INFO - Filling up the DagBag from /home/airflow/.local/lib/python3.8/site-packages/airflow/example_dags/example_branch_operator.py
[2025-07-08T10:21:45.797+0000] {processor.py:840} INFO - DAG(s) 'example_branch_operator' retrieved from /home/airflow/.local/lib/python3.8/site-packages/airflow/example_dags/example_branch_operator.py
[2025-07-08T10:21:45.894+0000] {logging_mixin.py:188} INFO - [2025-07-08T10:21:45.894+0000] {dag.py:3036} INFO - Sync 1 DAGs
[2025-07-08T10:21:45.974+0000] {logging_mixin.py:188} INFO - [2025-07-08T10:21:45.974+0000] {dag.py:3823} INFO - Setting next_dagrun for example_branch_operator to 2025-07-07 00:00:00+00:00, run_after=2025-07-08 00:00:00+00:00
[2025-07-08T10:21:46.052+0000] {processor.py:183} INFO - Processing /home/airflow/.local/lib/python3.8/site-packages/airflow/example_dags/example_branch_operator.py took 0.367 seconds
[2025-07-08T10:22:16.634+0000] {processor.py:161} INFO - Started process (PID=9852) to work on /home/airflow/.local/lib/python3.8/site-packages/airflow/example_dags/example_branch_operator.py
[2025-07-08T10:22:16.640+0000] {processor.py:830} INFO - Processing file /home/airflow/.local/lib/python3.8/site-packages/airflow/example_dags/example_branch_operator.py for tasks to queue
[2025-07-08T10:22:16.643+0000] {logging_mixin.py:188} INFO - [2025-07-08T10:22:16.643+0000] {dagbag.py:538} INFO - Filling up the DagBag from /home/airflow/.local/lib/python3.8/site-packages/airflow/example_dags/example_branch_operator.py
[2025-07-08T10:22:16.819+0000] {processor.py:840} INFO - DAG(s) 'example_branch_operator' retrieved from /home/airflow/.local/lib/python3.8/site-packages/airflow/example_dags/example_branch_operator.py
[2025-07-08T10:22:16.988+0000] {logging_mixin.py:188} INFO - [2025-07-08T10:22:16.988+0000] {dag.py:3036} INFO - Sync 1 DAGs
[2025-07-08T10:22:17.117+0000] {logging_mixin.py:188} INFO - [2025-07-08T10:22:17.117+0000] {dag.py:3823} INFO - Setting next_dagrun for example_branch_operator to 2025-07-07 00:00:00+00:00, run_after=2025-07-08 00:00:00+00:00
[2025-07-08T10:22:17.312+0000] {processor.py:183} INFO - Processing /home/airflow/.local/lib/python3.8/site-packages/airflow/example_dags/example_branch_operator.py took 0.685 seconds
[2025-07-08T10:22:47.747+0000] {processor.py:161} INFO - Started process (PID=9912) to work on /home/airflow/.local/lib/python3.8/site-packages/airflow/example_dags/example_branch_operator.py
[2025-07-08T10:22:47.750+0000] {processor.py:830} INFO - Processing file /home/airflow/.local/lib/python3.8/site-packages/airflow/example_dags/example_branch_operator.py for tasks to queue
[2025-07-08T10:22:47.755+0000] {logging_mixin.py:188} INFO - [2025-07-08T10:22:47.753+0000] {dagbag.py:538} INFO - Filling up the DagBag from /home/airflow/.local/lib/python3.8/site-packages/airflow/example_dags/example_branch_operator.py
[2025-07-08T10:22:47.813+0000] {processor.py:840} INFO - DAG(s) 'example_branch_operator' retrieved from /home/airflow/.local/lib/python3.8/site-packages/airflow/example_dags/example_branch_operator.py
[2025-07-08T10:22:47.869+0000] {logging_mixin.py:188} INFO - [2025-07-08T10:22:47.868+0000] {dag.py:3036} INFO - Sync 1 DAGs
[2025-07-08T10:22:47.915+0000] {logging_mixin.py:188} INFO - [2025-07-08T10:22:47.915+0000] {dag.py:3823} INFO - Setting next_dagrun for example_branch_operator to 2025-07-07 00:00:00+00:00, run_after=2025-07-08 00:00:00+00:00
[2025-07-08T10:22:47.949+0000] {processor.py:183} INFO - Processing /home/airflow/.local/lib/python3.8/site-packages/airflow/example_dags/example_branch_operator.py took 0.210 seconds
[2025-07-08T10:23:18.348+0000] {processor.py:161} INFO - Started process (PID=9979) to work on /home/airflow/.local/lib/python3.8/site-packages/airflow/example_dags/example_branch_operator.py
[2025-07-08T10:23:18.349+0000] {processor.py:830} INFO - Processing file /home/airflow/.local/lib/python3.8/site-packages/airflow/example_dags/example_branch_operator.py for tasks to queue
[2025-07-08T10:23:18.370+0000] {logging_mixin.py:188} INFO - [2025-07-08T10:23:18.370+0000] {dagbag.py:538} INFO - Filling up the DagBag from /home/airflow/.local/lib/python3.8/site-packages/airflow/example_dags/example_branch_operator.py
[2025-07-08T10:23:18.486+0000] {processor.py:840} INFO - DAG(s) 'example_branch_operator' retrieved from /home/airflow/.local/lib/python3.8/site-packages/airflow/example_dags/example_branch_operator.py
[2025-07-08T10:23:18.605+0000] {logging_mixin.py:188} INFO - [2025-07-08T10:23:18.605+0000] {dag.py:3036} INFO - Sync 1 DAGs
[2025-07-08T10:23:18.726+0000] {logging_mixin.py:188} INFO - [2025-07-08T10:23:18.726+0000] {dag.py:3823} INFO - Setting next_dagrun for example_branch_operator to 2025-07-07 00:00:00+00:00, run_after=2025-07-08 00:00:00+00:00
[2025-07-08T10:23:18.818+0000] {processor.py:183} INFO - Processing /home/airflow/.local/lib/python3.8/site-packages/airflow/example_dags/example_branch_operator.py took 0.483 seconds
[2025-07-08T10:23:49.029+0000] {processor.py:161} INFO - Started process (PID=10048) to work on /home/airflow/.local/lib/python3.8/site-packages/airflow/example_dags/example_branch_operator.py
[2025-07-08T10:23:49.031+0000] {processor.py:830} INFO - Processing file /home/airflow/.local/lib/python3.8/site-packages/airflow/example_dags/example_branch_operator.py for tasks to queue
[2025-07-08T10:23:49.058+0000] {logging_mixin.py:188} INFO - [2025-07-08T10:23:49.057+0000] {dagbag.py:538} INFO - Filling up the DagBag from /home/airflow/.local/lib/python3.8/site-packages/airflow/example_dags/example_branch_operator.py
[2025-07-08T10:23:49.184+0000] {processor.py:840} INFO - DAG(s) 'example_branch_operator' retrieved from /home/airflow/.local/lib/python3.8/site-packages/airflow/example_dags/example_branch_operator.py
[2025-07-08T10:23:49.312+0000] {logging_mixin.py:188} INFO - [2025-07-08T10:23:49.312+0000] {dag.py:3036} INFO - Sync 1 DAGs
[2025-07-08T10:23:49.413+0000] {logging_mixin.py:188} INFO - [2025-07-08T10:23:49.412+0000] {dag.py:3823} INFO - Setting next_dagrun for example_branch_operator to 2025-07-07 00:00:00+00:00, run_after=2025-07-08 00:00:00+00:00
[2025-07-08T10:23:49.503+0000] {processor.py:183} INFO - Processing /home/airflow/.local/lib/python3.8/site-packages/airflow/example_dags/example_branch_operator.py took 0.507 seconds
[2025-07-08T10:24:20.367+0000] {processor.py:161} INFO - Started process (PID=10117) to work on /home/airflow/.local/lib/python3.8/site-packages/airflow/example_dags/example_branch_operator.py
[2025-07-08T10:24:20.396+0000] {processor.py:830} INFO - Processing file /home/airflow/.local/lib/python3.8/site-packages/airflow/example_dags/example_branch_operator.py for tasks to queue
[2025-07-08T10:24:20.400+0000] {logging_mixin.py:188} INFO - [2025-07-08T10:24:20.399+0000] {dagbag.py:538} INFO - Filling up the DagBag from /home/airflow/.local/lib/python3.8/site-packages/airflow/example_dags/example_branch_operator.py
[2025-07-08T10:24:20.546+0000] {processor.py:840} INFO - DAG(s) 'example_branch_operator' retrieved from /home/airflow/.local/lib/python3.8/site-packages/airflow/example_dags/example_branch_operator.py
[2025-07-08T10:24:20.717+0000] {logging_mixin.py:188} INFO - [2025-07-08T10:24:20.717+0000] {dag.py:3036} INFO - Sync 1 DAGs
[2025-07-08T10:24:20.873+0000] {logging_mixin.py:188} INFO - [2025-07-08T10:24:20.872+0000] {dag.py:3823} INFO - Setting next_dagrun for example_branch_operator to 2025-07-07 00:00:00+00:00, run_after=2025-07-08 00:00:00+00:00
[2025-07-08T10:24:20.982+0000] {processor.py:183} INFO - Processing /home/airflow/.local/lib/python3.8/site-packages/airflow/example_dags/example_branch_operator.py took 0.632 seconds
[2025-07-08T10:24:51.079+0000] {processor.py:161} INFO - Started process (PID=10177) to work on /home/airflow/.local/lib/python3.8/site-packages/airflow/example_dags/example_branch_operator.py
[2025-07-08T10:24:51.081+0000] {processor.py:830} INFO - Processing file /home/airflow/.local/lib/python3.8/site-packages/airflow/example_dags/example_branch_operator.py for tasks to queue
[2025-07-08T10:24:51.084+0000] {logging_mixin.py:188} INFO - [2025-07-08T10:24:51.083+0000] {dagbag.py:538} INFO - Filling up the DagBag from /home/airflow/.local/lib/python3.8/site-packages/airflow/example_dags/example_branch_operator.py
[2025-07-08T10:24:51.116+0000] {processor.py:840} INFO - DAG(s) 'example_branch_operator' retrieved from /home/airflow/.local/lib/python3.8/site-packages/airflow/example_dags/example_branch_operator.py
[2025-07-08T10:24:51.164+0000] {logging_mixin.py:188} INFO - [2025-07-08T10:24:51.163+0000] {dag.py:3036} INFO - Sync 1 DAGs
[2025-07-08T10:24:51.205+0000] {logging_mixin.py:188} INFO - [2025-07-08T10:24:51.205+0000] {dag.py:3823} INFO - Setting next_dagrun for example_branch_operator to 2025-07-07 00:00:00+00:00, run_after=2025-07-08 00:00:00+00:00
[2025-07-08T10:24:51.236+0000] {processor.py:183} INFO - Processing /home/airflow/.local/lib/python3.8/site-packages/airflow/example_dags/example_branch_operator.py took 0.162 seconds
[2025-07-08T10:25:23.939+0000] {processor.py:161} INFO - Started process (PID=10243) to work on /home/airflow/.local/lib/python3.8/site-packages/airflow/example_dags/example_branch_operator.py
[2025-07-08T10:25:23.950+0000] {processor.py:830} INFO - Processing file /home/airflow/.local/lib/python3.8/site-packages/airflow/example_dags/example_branch_operator.py for tasks to queue
[2025-07-08T10:25:23.965+0000] {logging_mixin.py:188} INFO - [2025-07-08T10:25:23.956+0000] {dagbag.py:538} INFO - Filling up the DagBag from /home/airflow/.local/lib/python3.8/site-packages/airflow/example_dags/example_branch_operator.py
[2025-07-08T10:25:24.232+0000] {processor.py:840} INFO - DAG(s) 'example_branch_operator' retrieved from /home/airflow/.local/lib/python3.8/site-packages/airflow/example_dags/example_branch_operator.py
[2025-07-08T10:25:24.417+0000] {logging_mixin.py:188} INFO - [2025-07-08T10:25:24.417+0000] {dag.py:3036} INFO - Sync 1 DAGs
[2025-07-08T10:25:24.510+0000] {logging_mixin.py:188} INFO - [2025-07-08T10:25:24.510+0000] {dag.py:3823} INFO - Setting next_dagrun for example_branch_operator to 2025-07-07 00:00:00+00:00, run_after=2025-07-08 00:00:00+00:00
[2025-07-08T10:25:24.593+0000] {processor.py:183} INFO - Processing /home/airflow/.local/lib/python3.8/site-packages/airflow/example_dags/example_branch_operator.py took 0.690 seconds
[2025-07-08T10:25:55.552+0000] {processor.py:161} INFO - Started process (PID=10305) to work on /home/airflow/.local/lib/python3.8/site-packages/airflow/example_dags/example_branch_operator.py
[2025-07-08T10:25:55.553+0000] {processor.py:830} INFO - Processing file /home/airflow/.local/lib/python3.8/site-packages/airflow/example_dags/example_branch_operator.py for tasks to queue
[2025-07-08T10:25:55.574+0000] {logging_mixin.py:188} INFO - [2025-07-08T10:25:55.574+0000] {dagbag.py:538} INFO - Filling up the DagBag from /home/airflow/.local/lib/python3.8/site-packages/airflow/example_dags/example_branch_operator.py
[2025-07-08T10:25:55.746+0000] {processor.py:840} INFO - DAG(s) 'example_branch_operator' retrieved from /home/airflow/.local/lib/python3.8/site-packages/airflow/example_dags/example_branch_operator.py
[2025-07-08T10:25:55.952+0000] {logging_mixin.py:188} INFO - [2025-07-08T10:25:55.952+0000] {dag.py:3036} INFO - Sync 1 DAGs
[2025-07-08T10:25:56.065+0000] {logging_mixin.py:188} INFO - [2025-07-08T10:25:56.064+0000] {dag.py:3823} INFO - Setting next_dagrun for example_branch_operator to 2025-07-07 00:00:00+00:00, run_after=2025-07-08 00:00:00+00:00
[2025-07-08T10:25:56.133+0000] {processor.py:183} INFO - Processing /home/airflow/.local/lib/python3.8/site-packages/airflow/example_dags/example_branch_operator.py took 0.599 seconds
[2025-07-08T10:26:27.074+0000] {processor.py:161} INFO - Started process (PID=10369) to work on /home/airflow/.local/lib/python3.8/site-packages/airflow/example_dags/example_branch_operator.py
[2025-07-08T10:26:27.084+0000] {processor.py:830} INFO - Processing file /home/airflow/.local/lib/python3.8/site-packages/airflow/example_dags/example_branch_operator.py for tasks to queue
[2025-07-08T10:26:27.087+0000] {logging_mixin.py:188} INFO - [2025-07-08T10:26:27.087+0000] {dagbag.py:538} INFO - Filling up the DagBag from /home/airflow/.local/lib/python3.8/site-packages/airflow/example_dags/example_branch_operator.py
[2025-07-08T10:26:27.144+0000] {processor.py:840} INFO - DAG(s) 'example_branch_operator' retrieved from /home/airflow/.local/lib/python3.8/site-packages/airflow/example_dags/example_branch_operator.py
[2025-07-08T10:26:27.201+0000] {logging_mixin.py:188} INFO - [2025-07-08T10:26:27.200+0000] {dag.py:3036} INFO - Sync 1 DAGs
[2025-07-08T10:26:27.251+0000] {logging_mixin.py:188} INFO - [2025-07-08T10:26:27.250+0000] {dag.py:3823} INFO - Setting next_dagrun for example_branch_operator to 2025-07-07 00:00:00+00:00, run_after=2025-07-08 00:00:00+00:00
[2025-07-08T10:26:27.287+0000] {processor.py:183} INFO - Processing /home/airflow/.local/lib/python3.8/site-packages/airflow/example_dags/example_branch_operator.py took 0.226 seconds
[2025-07-08T10:26:59.158+0000] {processor.py:161} INFO - Started process (PID=10438) to work on /home/airflow/.local/lib/python3.8/site-packages/airflow/example_dags/example_branch_operator.py
[2025-07-08T10:26:59.168+0000] {processor.py:830} INFO - Processing file /home/airflow/.local/lib/python3.8/site-packages/airflow/example_dags/example_branch_operator.py for tasks to queue
[2025-07-08T10:26:59.171+0000] {logging_mixin.py:188} INFO - [2025-07-08T10:26:59.171+0000] {dagbag.py:538} INFO - Filling up the DagBag from /home/airflow/.local/lib/python3.8/site-packages/airflow/example_dags/example_branch_operator.py
[2025-07-08T10:26:59.239+0000] {processor.py:840} INFO - DAG(s) 'example_branch_operator' retrieved from /home/airflow/.local/lib/python3.8/site-packages/airflow/example_dags/example_branch_operator.py
[2025-07-08T10:26:59.314+0000] {logging_mixin.py:188} INFO - [2025-07-08T10:26:59.314+0000] {dag.py:3036} INFO - Sync 1 DAGs
[2025-07-08T10:26:59.371+0000] {logging_mixin.py:188} INFO - [2025-07-08T10:26:59.370+0000] {dag.py:3823} INFO - Setting next_dagrun for example_branch_operator to 2025-07-07 00:00:00+00:00, run_after=2025-07-08 00:00:00+00:00
[2025-07-08T10:26:59.466+0000] {processor.py:183} INFO - Processing /home/airflow/.local/lib/python3.8/site-packages/airflow/example_dags/example_branch_operator.py took 0.319 seconds
[2025-07-08T10:27:29.910+0000] {processor.py:161} INFO - Started process (PID=10504) to work on /home/airflow/.local/lib/python3.8/site-packages/airflow/example_dags/example_branch_operator.py
[2025-07-08T10:27:29.913+0000] {processor.py:830} INFO - Processing file /home/airflow/.local/lib/python3.8/site-packages/airflow/example_dags/example_branch_operator.py for tasks to queue
[2025-07-08T10:27:29.916+0000] {logging_mixin.py:188} INFO - [2025-07-08T10:27:29.915+0000] {dagbag.py:538} INFO - Filling up the DagBag from /home/airflow/.local/lib/python3.8/site-packages/airflow/example_dags/example_branch_operator.py
[2025-07-08T10:27:29.990+0000] {processor.py:840} INFO - DAG(s) 'example_branch_operator' retrieved from /home/airflow/.local/lib/python3.8/site-packages/airflow/example_dags/example_branch_operator.py
[2025-07-08T10:27:30.094+0000] {logging_mixin.py:188} INFO - [2025-07-08T10:27:30.093+0000] {dag.py:3036} INFO - Sync 1 DAGs
[2025-07-08T10:27:30.149+0000] {logging_mixin.py:188} INFO - [2025-07-08T10:27:30.149+0000] {dag.py:3823} INFO - Setting next_dagrun for example_branch_operator to 2025-07-07 00:00:00+00:00, run_after=2025-07-08 00:00:00+00:00
[2025-07-08T10:27:30.198+0000] {processor.py:183} INFO - Processing /home/airflow/.local/lib/python3.8/site-packages/airflow/example_dags/example_branch_operator.py took 0.305 seconds
[2025-07-08T10:28:00.915+0000] {processor.py:161} INFO - Started process (PID=10572) to work on /home/airflow/.local/lib/python3.8/site-packages/airflow/example_dags/example_branch_operator.py
[2025-07-08T10:28:00.924+0000] {processor.py:830} INFO - Processing file /home/airflow/.local/lib/python3.8/site-packages/airflow/example_dags/example_branch_operator.py for tasks to queue
[2025-07-08T10:28:00.927+0000] {logging_mixin.py:188} INFO - [2025-07-08T10:28:00.926+0000] {dagbag.py:538} INFO - Filling up the DagBag from /home/airflow/.local/lib/python3.8/site-packages/airflow/example_dags/example_branch_operator.py
[2025-07-08T10:28:00.996+0000] {processor.py:840} INFO - DAG(s) 'example_branch_operator' retrieved from /home/airflow/.local/lib/python3.8/site-packages/airflow/example_dags/example_branch_operator.py
[2025-07-08T10:28:01.129+0000] {logging_mixin.py:188} INFO - [2025-07-08T10:28:01.129+0000] {dag.py:3036} INFO - Sync 1 DAGs
[2025-07-08T10:28:01.186+0000] {logging_mixin.py:188} INFO - [2025-07-08T10:28:01.183+0000] {dag.py:3823} INFO - Setting next_dagrun for example_branch_operator to 2025-07-07 00:00:00+00:00, run_after=2025-07-08 00:00:00+00:00
[2025-07-08T10:28:01.246+0000] {processor.py:183} INFO - Processing /home/airflow/.local/lib/python3.8/site-packages/airflow/example_dags/example_branch_operator.py took 0.337 seconds
[2025-07-08T10:28:31.407+0000] {processor.py:161} INFO - Started process (PID=10632) to work on /home/airflow/.local/lib/python3.8/site-packages/airflow/example_dags/example_branch_operator.py
[2025-07-08T10:28:31.409+0000] {processor.py:830} INFO - Processing file /home/airflow/.local/lib/python3.8/site-packages/airflow/example_dags/example_branch_operator.py for tasks to queue
[2025-07-08T10:28:31.412+0000] {logging_mixin.py:188} INFO - [2025-07-08T10:28:31.411+0000] {dagbag.py:538} INFO - Filling up the DagBag from /home/airflow/.local/lib/python3.8/site-packages/airflow/example_dags/example_branch_operator.py
[2025-07-08T10:28:31.453+0000] {processor.py:840} INFO - DAG(s) 'example_branch_operator' retrieved from /home/airflow/.local/lib/python3.8/site-packages/airflow/example_dags/example_branch_operator.py
[2025-07-08T10:28:31.554+0000] {logging_mixin.py:188} INFO - [2025-07-08T10:28:31.552+0000] {dag.py:3036} INFO - Sync 1 DAGs
[2025-07-08T10:28:31.763+0000] {logging_mixin.py:188} INFO - [2025-07-08T10:28:31.762+0000] {dag.py:3823} INFO - Setting next_dagrun for example_branch_operator to 2025-07-07 00:00:00+00:00, run_after=2025-07-08 00:00:00+00:00
[2025-07-08T10:28:31.850+0000] {processor.py:183} INFO - Processing /home/airflow/.local/lib/python3.8/site-packages/airflow/example_dags/example_branch_operator.py took 0.455 seconds
[2025-07-08T10:29:02.360+0000] {processor.py:161} INFO - Started process (PID=10700) to work on /home/airflow/.local/lib/python3.8/site-packages/airflow/example_dags/example_branch_operator.py
[2025-07-08T10:29:02.364+0000] {processor.py:830} INFO - Processing file /home/airflow/.local/lib/python3.8/site-packages/airflow/example_dags/example_branch_operator.py for tasks to queue
[2025-07-08T10:29:02.367+0000] {logging_mixin.py:188} INFO - [2025-07-08T10:29:02.367+0000] {dagbag.py:538} INFO - Filling up the DagBag from /home/airflow/.local/lib/python3.8/site-packages/airflow/example_dags/example_branch_operator.py
[2025-07-08T10:29:02.454+0000] {processor.py:840} INFO - DAG(s) 'example_branch_operator' retrieved from /home/airflow/.local/lib/python3.8/site-packages/airflow/example_dags/example_branch_operator.py
[2025-07-08T10:29:02.718+0000] {logging_mixin.py:188} INFO - [2025-07-08T10:29:02.717+0000] {dag.py:3036} INFO - Sync 1 DAGs
[2025-07-08T10:29:02.973+0000] {logging_mixin.py:188} INFO - [2025-07-08T10:29:02.972+0000] {dag.py:3823} INFO - Setting next_dagrun for example_branch_operator to 2025-07-07 00:00:00+00:00, run_after=2025-07-08 00:00:00+00:00
[2025-07-08T10:29:03.106+0000] {processor.py:183} INFO - Processing /home/airflow/.local/lib/python3.8/site-packages/airflow/example_dags/example_branch_operator.py took 0.760 seconds
[2025-07-08T10:29:33.310+0000] {processor.py:161} INFO - Started process (PID=10760) to work on /home/airflow/.local/lib/python3.8/site-packages/airflow/example_dags/example_branch_operator.py
[2025-07-08T10:29:33.311+0000] {processor.py:830} INFO - Processing file /home/airflow/.local/lib/python3.8/site-packages/airflow/example_dags/example_branch_operator.py for tasks to queue
[2025-07-08T10:29:33.321+0000] {logging_mixin.py:188} INFO - [2025-07-08T10:29:33.321+0000] {dagbag.py:538} INFO - Filling up the DagBag from /home/airflow/.local/lib/python3.8/site-packages/airflow/example_dags/example_branch_operator.py
[2025-07-08T10:29:33.453+0000] {processor.py:840} INFO - DAG(s) 'example_branch_operator' retrieved from /home/airflow/.local/lib/python3.8/site-packages/airflow/example_dags/example_branch_operator.py
[2025-07-08T10:29:33.671+0000] {logging_mixin.py:188} INFO - [2025-07-08T10:29:33.671+0000] {dag.py:3036} INFO - Sync 1 DAGs
[2025-07-08T10:29:33.823+0000] {logging_mixin.py:188} INFO - [2025-07-08T10:29:33.823+0000] {dag.py:3823} INFO - Setting next_dagrun for example_branch_operator to 2025-07-07 00:00:00+00:00, run_after=2025-07-08 00:00:00+00:00
[2025-07-08T10:29:33.936+0000] {processor.py:183} INFO - Processing /home/airflow/.local/lib/python3.8/site-packages/airflow/example_dags/example_branch_operator.py took 0.662 seconds
[2025-07-08T10:30:04.215+0000] {processor.py:161} INFO - Started process (PID=10828) to work on /home/airflow/.local/lib/python3.8/site-packages/airflow/example_dags/example_branch_operator.py
[2025-07-08T10:30:04.220+0000] {processor.py:830} INFO - Processing file /home/airflow/.local/lib/python3.8/site-packages/airflow/example_dags/example_branch_operator.py for tasks to queue
[2025-07-08T10:30:04.223+0000] {logging_mixin.py:188} INFO - [2025-07-08T10:30:04.223+0000] {dagbag.py:538} INFO - Filling up the DagBag from /home/airflow/.local/lib/python3.8/site-packages/airflow/example_dags/example_branch_operator.py
[2025-07-08T10:30:04.305+0000] {processor.py:840} INFO - DAG(s) 'example_branch_operator' retrieved from /home/airflow/.local/lib/python3.8/site-packages/airflow/example_dags/example_branch_operator.py
[2025-07-08T10:30:04.457+0000] {logging_mixin.py:188} INFO - [2025-07-08T10:30:04.446+0000] {dag.py:3036} INFO - Sync 1 DAGs
[2025-07-08T10:30:04.642+0000] {logging_mixin.py:188} INFO - [2025-07-08T10:30:04.641+0000] {dag.py:3823} INFO - Setting next_dagrun for example_branch_operator to 2025-07-07 00:00:00+00:00, run_after=2025-07-08 00:00:00+00:00
[2025-07-08T10:30:04.742+0000] {processor.py:183} INFO - Processing /home/airflow/.local/lib/python3.8/site-packages/airflow/example_dags/example_branch_operator.py took 0.537 seconds
[2025-07-08T10:30:35.080+0000] {processor.py:161} INFO - Started process (PID=10887) to work on /home/airflow/.local/lib/python3.8/site-packages/airflow/example_dags/example_branch_operator.py
[2025-07-08T10:30:35.081+0000] {processor.py:830} INFO - Processing file /home/airflow/.local/lib/python3.8/site-packages/airflow/example_dags/example_branch_operator.py for tasks to queue
[2025-07-08T10:30:35.084+0000] {logging_mixin.py:188} INFO - [2025-07-08T10:30:35.084+0000] {dagbag.py:538} INFO - Filling up the DagBag from /home/airflow/.local/lib/python3.8/site-packages/airflow/example_dags/example_branch_operator.py
[2025-07-08T10:30:35.126+0000] {processor.py:840} INFO - DAG(s) 'example_branch_operator' retrieved from /home/airflow/.local/lib/python3.8/site-packages/airflow/example_dags/example_branch_operator.py
[2025-07-08T10:30:35.185+0000] {logging_mixin.py:188} INFO - [2025-07-08T10:30:35.185+0000] {dag.py:3036} INFO - Sync 1 DAGs
[2025-07-08T10:30:35.252+0000] {logging_mixin.py:188} INFO - [2025-07-08T10:30:35.252+0000] {dag.py:3823} INFO - Setting next_dagrun for example_branch_operator to 2025-07-07 00:00:00+00:00, run_after=2025-07-08 00:00:00+00:00
[2025-07-08T10:30:35.315+0000] {processor.py:183} INFO - Processing /home/airflow/.local/lib/python3.8/site-packages/airflow/example_dags/example_branch_operator.py took 0.241 seconds
[2025-07-08T10:31:06.066+0000] {processor.py:161} INFO - Started process (PID=10955) to work on /home/airflow/.local/lib/python3.8/site-packages/airflow/example_dags/example_branch_operator.py
[2025-07-08T10:31:06.068+0000] {processor.py:830} INFO - Processing file /home/airflow/.local/lib/python3.8/site-packages/airflow/example_dags/example_branch_operator.py for tasks to queue
[2025-07-08T10:31:06.072+0000] {logging_mixin.py:188} INFO - [2025-07-08T10:31:06.071+0000] {dagbag.py:538} INFO - Filling up the DagBag from /home/airflow/.local/lib/python3.8/site-packages/airflow/example_dags/example_branch_operator.py
[2025-07-08T10:31:06.263+0000] {processor.py:840} INFO - DAG(s) 'example_branch_operator' retrieved from /home/airflow/.local/lib/python3.8/site-packages/airflow/example_dags/example_branch_operator.py
[2025-07-08T10:31:06.425+0000] {logging_mixin.py:188} INFO - [2025-07-08T10:31:06.425+0000] {dag.py:3036} INFO - Sync 1 DAGs
[2025-07-08T10:31:06.578+0000] {logging_mixin.py:188} INFO - [2025-07-08T10:31:06.578+0000] {dag.py:3823} INFO - Setting next_dagrun for example_branch_operator to 2025-07-07 00:00:00+00:00, run_after=2025-07-08 00:00:00+00:00
[2025-07-08T10:31:06.845+0000] {processor.py:183} INFO - Processing /home/airflow/.local/lib/python3.8/site-packages/airflow/example_dags/example_branch_operator.py took 0.819 seconds
[2025-07-08T10:31:37.790+0000] {processor.py:161} INFO - Started process (PID=11016) to work on /home/airflow/.local/lib/python3.8/site-packages/airflow/example_dags/example_branch_operator.py
[2025-07-08T10:31:37.791+0000] {processor.py:830} INFO - Processing file /home/airflow/.local/lib/python3.8/site-packages/airflow/example_dags/example_branch_operator.py for tasks to queue
[2025-07-08T10:31:37.796+0000] {logging_mixin.py:188} INFO - [2025-07-08T10:31:37.796+0000] {dagbag.py:538} INFO - Filling up the DagBag from /home/airflow/.local/lib/python3.8/site-packages/airflow/example_dags/example_branch_operator.py
[2025-07-08T10:31:37.903+0000] {processor.py:840} INFO - DAG(s) 'example_branch_operator' retrieved from /home/airflow/.local/lib/python3.8/site-packages/airflow/example_dags/example_branch_operator.py
[2025-07-08T10:31:38.062+0000] {logging_mixin.py:188} INFO - [2025-07-08T10:31:38.054+0000] {dag.py:3036} INFO - Sync 1 DAGs
[2025-07-08T10:31:38.194+0000] {logging_mixin.py:188} INFO - [2025-07-08T10:31:38.193+0000] {dag.py:3823} INFO - Setting next_dagrun for example_branch_operator to 2025-07-07 00:00:00+00:00, run_after=2025-07-08 00:00:00+00:00
[2025-07-08T10:31:38.283+0000] {processor.py:183} INFO - Processing /home/airflow/.local/lib/python3.8/site-packages/airflow/example_dags/example_branch_operator.py took 0.512 seconds
[2025-07-08T10:32:08.524+0000] {processor.py:161} INFO - Started process (PID=11083) to work on /home/airflow/.local/lib/python3.8/site-packages/airflow/example_dags/example_branch_operator.py
[2025-07-08T10:32:08.530+0000] {processor.py:830} INFO - Processing file /home/airflow/.local/lib/python3.8/site-packages/airflow/example_dags/example_branch_operator.py for tasks to queue
[2025-07-08T10:32:08.532+0000] {logging_mixin.py:188} INFO - [2025-07-08T10:32:08.531+0000] {dagbag.py:538} INFO - Filling up the DagBag from /home/airflow/.local/lib/python3.8/site-packages/airflow/example_dags/example_branch_operator.py
[2025-07-08T10:32:08.579+0000] {processor.py:840} INFO - DAG(s) 'example_branch_operator' retrieved from /home/airflow/.local/lib/python3.8/site-packages/airflow/example_dags/example_branch_operator.py
[2025-07-08T10:32:08.673+0000] {logging_mixin.py:188} INFO - [2025-07-08T10:32:08.673+0000] {dag.py:3036} INFO - Sync 1 DAGs
[2025-07-08T10:32:08.837+0000] {logging_mixin.py:188} INFO - [2025-07-08T10:32:08.836+0000] {dag.py:3823} INFO - Setting next_dagrun for example_branch_operator to 2025-07-07 00:00:00+00:00, run_after=2025-07-08 00:00:00+00:00
[2025-07-08T10:32:08.873+0000] {processor.py:183} INFO - Processing /home/airflow/.local/lib/python3.8/site-packages/airflow/example_dags/example_branch_operator.py took 0.355 seconds
[2025-07-08T10:32:39.172+0000] {processor.py:161} INFO - Started process (PID=11151) to work on /home/airflow/.local/lib/python3.8/site-packages/airflow/example_dags/example_branch_operator.py
[2025-07-08T10:32:39.174+0000] {processor.py:830} INFO - Processing file /home/airflow/.local/lib/python3.8/site-packages/airflow/example_dags/example_branch_operator.py for tasks to queue
[2025-07-08T10:32:39.175+0000] {logging_mixin.py:188} INFO - [2025-07-08T10:32:39.175+0000] {dagbag.py:538} INFO - Filling up the DagBag from /home/airflow/.local/lib/python3.8/site-packages/airflow/example_dags/example_branch_operator.py
[2025-07-08T10:32:39.214+0000] {processor.py:840} INFO - DAG(s) 'example_branch_operator' retrieved from /home/airflow/.local/lib/python3.8/site-packages/airflow/example_dags/example_branch_operator.py
[2025-07-08T10:32:39.274+0000] {logging_mixin.py:188} INFO - [2025-07-08T10:32:39.274+0000] {dag.py:3036} INFO - Sync 1 DAGs
[2025-07-08T10:32:39.339+0000] {logging_mixin.py:188} INFO - [2025-07-08T10:32:39.338+0000] {dag.py:3823} INFO - Setting next_dagrun for example_branch_operator to 2025-07-07 00:00:00+00:00, run_after=2025-07-08 00:00:00+00:00
[2025-07-08T10:32:39.407+0000] {processor.py:183} INFO - Processing /home/airflow/.local/lib/python3.8/site-packages/airflow/example_dags/example_branch_operator.py took 0.240 seconds
[2025-07-08T10:33:09.620+0000] {processor.py:161} INFO - Started process (PID=11219) to work on /home/airflow/.local/lib/python3.8/site-packages/airflow/example_dags/example_branch_operator.py
[2025-07-08T10:33:09.622+0000] {processor.py:830} INFO - Processing file /home/airflow/.local/lib/python3.8/site-packages/airflow/example_dags/example_branch_operator.py for tasks to queue
[2025-07-08T10:33:09.623+0000] {logging_mixin.py:188} INFO - [2025-07-08T10:33:09.623+0000] {dagbag.py:538} INFO - Filling up the DagBag from /home/airflow/.local/lib/python3.8/site-packages/airflow/example_dags/example_branch_operator.py
[2025-07-08T10:33:09.664+0000] {processor.py:840} INFO - DAG(s) 'example_branch_operator' retrieved from /home/airflow/.local/lib/python3.8/site-packages/airflow/example_dags/example_branch_operator.py
[2025-07-08T10:33:09.743+0000] {logging_mixin.py:188} INFO - [2025-07-08T10:33:09.742+0000] {dag.py:3036} INFO - Sync 1 DAGs
[2025-07-08T10:33:09.793+0000] {logging_mixin.py:188} INFO - [2025-07-08T10:33:09.793+0000] {dag.py:3823} INFO - Setting next_dagrun for example_branch_operator to 2025-07-07 00:00:00+00:00, run_after=2025-07-08 00:00:00+00:00
[2025-07-08T10:33:09.838+0000] {processor.py:183} INFO - Processing /home/airflow/.local/lib/python3.8/site-packages/airflow/example_dags/example_branch_operator.py took 0.224 seconds
[2025-07-08T10:33:39.897+0000] {processor.py:161} INFO - Started process (PID=11285) to work on /home/airflow/.local/lib/python3.8/site-packages/airflow/example_dags/example_branch_operator.py
[2025-07-08T10:33:39.899+0000] {processor.py:830} INFO - Processing file /home/airflow/.local/lib/python3.8/site-packages/airflow/example_dags/example_branch_operator.py for tasks to queue
[2025-07-08T10:33:39.900+0000] {logging_mixin.py:188} INFO - [2025-07-08T10:33:39.899+0000] {dagbag.py:538} INFO - Filling up the DagBag from /home/airflow/.local/lib/python3.8/site-packages/airflow/example_dags/example_branch_operator.py
[2025-07-08T10:33:39.946+0000] {processor.py:840} INFO - DAG(s) 'example_branch_operator' retrieved from /home/airflow/.local/lib/python3.8/site-packages/airflow/example_dags/example_branch_operator.py
[2025-07-08T10:33:40.016+0000] {logging_mixin.py:188} INFO - [2025-07-08T10:33:40.016+0000] {dag.py:3036} INFO - Sync 1 DAGs
[2025-07-08T10:33:40.070+0000] {logging_mixin.py:188} INFO - [2025-07-08T10:33:40.069+0000] {dag.py:3823} INFO - Setting next_dagrun for example_branch_operator to 2025-07-07 00:00:00+00:00, run_after=2025-07-08 00:00:00+00:00
[2025-07-08T10:33:40.108+0000] {processor.py:183} INFO - Processing /home/airflow/.local/lib/python3.8/site-packages/airflow/example_dags/example_branch_operator.py took 0.216 seconds
[2025-07-08T10:34:10.609+0000] {processor.py:161} INFO - Started process (PID=11352) to work on /home/airflow/.local/lib/python3.8/site-packages/airflow/example_dags/example_branch_operator.py
[2025-07-08T10:34:10.623+0000] {processor.py:830} INFO - Processing file /home/airflow/.local/lib/python3.8/site-packages/airflow/example_dags/example_branch_operator.py for tasks to queue
[2025-07-08T10:34:10.624+0000] {logging_mixin.py:188} INFO - [2025-07-08T10:34:10.624+0000] {dagbag.py:538} INFO - Filling up the DagBag from /home/airflow/.local/lib/python3.8/site-packages/airflow/example_dags/example_branch_operator.py
[2025-07-08T10:34:10.752+0000] {processor.py:840} INFO - DAG(s) 'example_branch_operator' retrieved from /home/airflow/.local/lib/python3.8/site-packages/airflow/example_dags/example_branch_operator.py
[2025-07-08T10:34:10.965+0000] {logging_mixin.py:188} INFO - [2025-07-08T10:34:10.965+0000] {dag.py:3036} INFO - Sync 1 DAGs
[2025-07-08T10:34:11.136+0000] {logging_mixin.py:188} INFO - [2025-07-08T10:34:11.135+0000] {dag.py:3823} INFO - Setting next_dagrun for example_branch_operator to 2025-07-07 00:00:00+00:00, run_after=2025-07-08 00:00:00+00:00
[2025-07-08T10:34:11.318+0000] {processor.py:183} INFO - Processing /home/airflow/.local/lib/python3.8/site-packages/airflow/example_dags/example_branch_operator.py took 0.735 seconds
[2025-07-08T10:34:43.097+0000] {processor.py:161} INFO - Started process (PID=11416) to work on /home/airflow/.local/lib/python3.8/site-packages/airflow/example_dags/example_branch_operator.py
[2025-07-08T10:34:43.098+0000] {processor.py:830} INFO - Processing file /home/airflow/.local/lib/python3.8/site-packages/airflow/example_dags/example_branch_operator.py for tasks to queue
[2025-07-08T10:34:43.112+0000] {logging_mixin.py:188} INFO - [2025-07-08T10:34:43.099+0000] {dagbag.py:538} INFO - Filling up the DagBag from /home/airflow/.local/lib/python3.8/site-packages/airflow/example_dags/example_branch_operator.py
[2025-07-08T10:34:43.310+0000] {processor.py:840} INFO - DAG(s) 'example_branch_operator' retrieved from /home/airflow/.local/lib/python3.8/site-packages/airflow/example_dags/example_branch_operator.py
[2025-07-08T10:34:43.509+0000] {logging_mixin.py:188} INFO - [2025-07-08T10:34:43.509+0000] {dag.py:3036} INFO - Sync 1 DAGs
[2025-07-08T10:34:43.641+0000] {logging_mixin.py:188} INFO - [2025-07-08T10:34:43.640+0000] {dag.py:3823} INFO - Setting next_dagrun for example_branch_operator to 2025-07-07 00:00:00+00:00, run_after=2025-07-08 00:00:00+00:00
[2025-07-08T10:34:43.758+0000] {processor.py:183} INFO - Processing /home/airflow/.local/lib/python3.8/site-packages/airflow/example_dags/example_branch_operator.py took 0.683 seconds
[2025-07-08T10:35:14.296+0000] {processor.py:161} INFO - Started process (PID=11487) to work on /home/airflow/.local/lib/python3.8/site-packages/airflow/example_dags/example_branch_operator.py
[2025-07-08T10:35:14.320+0000] {processor.py:830} INFO - Processing file /home/airflow/.local/lib/python3.8/site-packages/airflow/example_dags/example_branch_operator.py for tasks to queue
[2025-07-08T10:35:14.322+0000] {logging_mixin.py:188} INFO - [2025-07-08T10:35:14.321+0000] {dagbag.py:538} INFO - Filling up the DagBag from /home/airflow/.local/lib/python3.8/site-packages/airflow/example_dags/example_branch_operator.py
[2025-07-08T10:35:14.473+0000] {processor.py:840} INFO - DAG(s) 'example_branch_operator' retrieved from /home/airflow/.local/lib/python3.8/site-packages/airflow/example_dags/example_branch_operator.py
[2025-07-08T10:35:14.665+0000] {logging_mixin.py:188} INFO - [2025-07-08T10:35:14.664+0000] {dag.py:3036} INFO - Sync 1 DAGs
[2025-07-08T10:35:14.779+0000] {logging_mixin.py:188} INFO - [2025-07-08T10:35:14.778+0000] {dag.py:3823} INFO - Setting next_dagrun for example_branch_operator to 2025-07-07 00:00:00+00:00, run_after=2025-07-08 00:00:00+00:00
[2025-07-08T10:35:14.881+0000] {processor.py:183} INFO - Processing /home/airflow/.local/lib/python3.8/site-packages/airflow/example_dags/example_branch_operator.py took 0.597 seconds
[2025-07-08T10:35:45.069+0000] {processor.py:161} INFO - Started process (PID=11545) to work on /home/airflow/.local/lib/python3.8/site-packages/airflow/example_dags/example_branch_operator.py
[2025-07-08T10:35:45.070+0000] {processor.py:830} INFO - Processing file /home/airflow/.local/lib/python3.8/site-packages/airflow/example_dags/example_branch_operator.py for tasks to queue
[2025-07-08T10:35:45.071+0000] {logging_mixin.py:188} INFO - [2025-07-08T10:35:45.071+0000] {dagbag.py:538} INFO - Filling up the DagBag from /home/airflow/.local/lib/python3.8/site-packages/airflow/example_dags/example_branch_operator.py
[2025-07-08T10:35:45.139+0000] {processor.py:840} INFO - DAG(s) 'example_branch_operator' retrieved from /home/airflow/.local/lib/python3.8/site-packages/airflow/example_dags/example_branch_operator.py
[2025-07-08T10:35:45.261+0000] {logging_mixin.py:188} INFO - [2025-07-08T10:35:45.261+0000] {dag.py:3036} INFO - Sync 1 DAGs
[2025-07-08T10:35:45.328+0000] {logging_mixin.py:188} INFO - [2025-07-08T10:35:45.328+0000] {dag.py:3823} INFO - Setting next_dagrun for example_branch_operator to 2025-07-07 00:00:00+00:00, run_after=2025-07-08 00:00:00+00:00
[2025-07-08T10:35:45.411+0000] {processor.py:183} INFO - Processing /home/airflow/.local/lib/python3.8/site-packages/airflow/example_dags/example_branch_operator.py took 0.357 seconds
[2025-07-08T10:36:15.902+0000] {processor.py:161} INFO - Started process (PID=11613) to work on /home/airflow/.local/lib/python3.8/site-packages/airflow/example_dags/example_branch_operator.py
[2025-07-08T10:36:15.920+0000] {processor.py:830} INFO - Processing file /home/airflow/.local/lib/python3.8/site-packages/airflow/example_dags/example_branch_operator.py for tasks to queue
[2025-07-08T10:36:15.922+0000] {logging_mixin.py:188} INFO - [2025-07-08T10:36:15.921+0000] {dagbag.py:538} INFO - Filling up the DagBag from /home/airflow/.local/lib/python3.8/site-packages/airflow/example_dags/example_branch_operator.py
[2025-07-08T10:36:16.142+0000] {processor.py:840} INFO - DAG(s) 'example_branch_operator' retrieved from /home/airflow/.local/lib/python3.8/site-packages/airflow/example_dags/example_branch_operator.py
[2025-07-08T10:36:16.451+0000] {logging_mixin.py:188} INFO - [2025-07-08T10:36:16.450+0000] {dag.py:3036} INFO - Sync 1 DAGs
[2025-07-08T10:36:16.665+0000] {logging_mixin.py:188} INFO - [2025-07-08T10:36:16.665+0000] {dag.py:3823} INFO - Setting next_dagrun for example_branch_operator to 2025-07-07 00:00:00+00:00, run_after=2025-07-08 00:00:00+00:00
[2025-07-08T10:36:16.794+0000] {processor.py:183} INFO - Processing /home/airflow/.local/lib/python3.8/site-packages/airflow/example_dags/example_branch_operator.py took 0.942 seconds
[2025-07-08T10:36:47.789+0000] {processor.py:161} INFO - Started process (PID=11673) to work on /home/airflow/.local/lib/python3.8/site-packages/airflow/example_dags/example_branch_operator.py
[2025-07-08T10:36:47.791+0000] {processor.py:830} INFO - Processing file /home/airflow/.local/lib/python3.8/site-packages/airflow/example_dags/example_branch_operator.py for tasks to queue
[2025-07-08T10:36:47.793+0000] {logging_mixin.py:188} INFO - [2025-07-08T10:36:47.792+0000] {dagbag.py:538} INFO - Filling up the DagBag from /home/airflow/.local/lib/python3.8/site-packages/airflow/example_dags/example_branch_operator.py
[2025-07-08T10:36:47.887+0000] {processor.py:840} INFO - DAG(s) 'example_branch_operator' retrieved from /home/airflow/.local/lib/python3.8/site-packages/airflow/example_dags/example_branch_operator.py
[2025-07-08T10:36:47.963+0000] {logging_mixin.py:188} INFO - [2025-07-08T10:36:47.962+0000] {dag.py:3036} INFO - Sync 1 DAGs
[2025-07-08T10:36:48.030+0000] {logging_mixin.py:188} INFO - [2025-07-08T10:36:48.029+0000] {dag.py:3823} INFO - Setting next_dagrun for example_branch_operator to 2025-07-07 00:00:00+00:00, run_after=2025-07-08 00:00:00+00:00
[2025-07-08T10:36:48.067+0000] {processor.py:183} INFO - Processing /home/airflow/.local/lib/python3.8/site-packages/airflow/example_dags/example_branch_operator.py took 0.308 seconds
[2025-07-08T10:37:18.380+0000] {processor.py:161} INFO - Started process (PID=11747) to work on /home/airflow/.local/lib/python3.8/site-packages/airflow/example_dags/example_branch_operator.py
[2025-07-08T10:37:18.393+0000] {processor.py:830} INFO - Processing file /home/airflow/.local/lib/python3.8/site-packages/airflow/example_dags/example_branch_operator.py for tasks to queue
[2025-07-08T10:37:18.395+0000] {logging_mixin.py:188} INFO - [2025-07-08T10:37:18.394+0000] {dagbag.py:538} INFO - Filling up the DagBag from /home/airflow/.local/lib/python3.8/site-packages/airflow/example_dags/example_branch_operator.py
[2025-07-08T10:37:18.463+0000] {processor.py:840} INFO - DAG(s) 'example_branch_operator' retrieved from /home/airflow/.local/lib/python3.8/site-packages/airflow/example_dags/example_branch_operator.py
[2025-07-08T10:37:18.685+0000] {logging_mixin.py:188} INFO - [2025-07-08T10:37:18.685+0000] {dag.py:3036} INFO - Sync 1 DAGs
[2025-07-08T10:37:18.820+0000] {logging_mixin.py:188} INFO - [2025-07-08T10:37:18.820+0000] {dag.py:3823} INFO - Setting next_dagrun for example_branch_operator to 2025-07-07 00:00:00+00:00, run_after=2025-07-08 00:00:00+00:00
[2025-07-08T10:37:18.929+0000] {processor.py:183} INFO - Processing /home/airflow/.local/lib/python3.8/site-packages/airflow/example_dags/example_branch_operator.py took 0.619 seconds
[2025-07-08T10:37:49.509+0000] {processor.py:161} INFO - Started process (PID=11814) to work on /home/airflow/.local/lib/python3.8/site-packages/airflow/example_dags/example_branch_operator.py
[2025-07-08T10:37:49.520+0000] {processor.py:830} INFO - Processing file /home/airflow/.local/lib/python3.8/site-packages/airflow/example_dags/example_branch_operator.py for tasks to queue
[2025-07-08T10:37:49.522+0000] {logging_mixin.py:188} INFO - [2025-07-08T10:37:49.521+0000] {dagbag.py:538} INFO - Filling up the DagBag from /home/airflow/.local/lib/python3.8/site-packages/airflow/example_dags/example_branch_operator.py
[2025-07-08T10:37:49.622+0000] {processor.py:840} INFO - DAG(s) 'example_branch_operator' retrieved from /home/airflow/.local/lib/python3.8/site-packages/airflow/example_dags/example_branch_operator.py
[2025-07-08T10:37:49.751+0000] {logging_mixin.py:188} INFO - [2025-07-08T10:37:49.750+0000] {dag.py:3036} INFO - Sync 1 DAGs
[2025-07-08T10:37:49.933+0000] {logging_mixin.py:188} INFO - [2025-07-08T10:37:49.932+0000] {dag.py:3823} INFO - Setting next_dagrun for example_branch_operator to 2025-07-07 00:00:00+00:00, run_after=2025-07-08 00:00:00+00:00
[2025-07-08T10:37:50.035+0000] {processor.py:183} INFO - Processing /home/airflow/.local/lib/python3.8/site-packages/airflow/example_dags/example_branch_operator.py took 0.541 seconds
[2025-07-08T10:38:20.465+0000] {processor.py:161} INFO - Started process (PID=11878) to work on /home/airflow/.local/lib/python3.8/site-packages/airflow/example_dags/example_branch_operator.py
[2025-07-08T10:38:20.467+0000] {processor.py:830} INFO - Processing file /home/airflow/.local/lib/python3.8/site-packages/airflow/example_dags/example_branch_operator.py for tasks to queue
[2025-07-08T10:38:20.477+0000] {logging_mixin.py:188} INFO - [2025-07-08T10:38:20.468+0000] {dagbag.py:538} INFO - Filling up the DagBag from /home/airflow/.local/lib/python3.8/site-packages/airflow/example_dags/example_branch_operator.py
[2025-07-08T10:38:20.639+0000] {processor.py:840} INFO - DAG(s) 'example_branch_operator' retrieved from /home/airflow/.local/lib/python3.8/site-packages/airflow/example_dags/example_branch_operator.py
[2025-07-08T10:38:20.903+0000] {logging_mixin.py:188} INFO - [2025-07-08T10:38:20.902+0000] {dag.py:3036} INFO - Sync 1 DAGs
[2025-07-08T10:38:21.060+0000] {logging_mixin.py:188} INFO - [2025-07-08T10:38:21.060+0000] {dag.py:3823} INFO - Setting next_dagrun for example_branch_operator to 2025-07-07 00:00:00+00:00, run_after=2025-07-08 00:00:00+00:00
[2025-07-08T10:38:21.184+0000] {processor.py:183} INFO - Processing /home/airflow/.local/lib/python3.8/site-packages/airflow/example_dags/example_branch_operator.py took 0.746 seconds
[2025-07-08T10:38:51.643+0000] {processor.py:161} INFO - Started process (PID=11950) to work on /home/airflow/.local/lib/python3.8/site-packages/airflow/example_dags/example_branch_operator.py
[2025-07-08T10:38:51.657+0000] {processor.py:830} INFO - Processing file /home/airflow/.local/lib/python3.8/site-packages/airflow/example_dags/example_branch_operator.py for tasks to queue
[2025-07-08T10:38:51.659+0000] {logging_mixin.py:188} INFO - [2025-07-08T10:38:51.658+0000] {dagbag.py:538} INFO - Filling up the DagBag from /home/airflow/.local/lib/python3.8/site-packages/airflow/example_dags/example_branch_operator.py
[2025-07-08T10:38:51.844+0000] {processor.py:840} INFO - DAG(s) 'example_branch_operator' retrieved from /home/airflow/.local/lib/python3.8/site-packages/airflow/example_dags/example_branch_operator.py
[2025-07-08T10:38:52.205+0000] {logging_mixin.py:188} INFO - [2025-07-08T10:38:52.205+0000] {dag.py:3036} INFO - Sync 1 DAGs
[2025-07-08T10:38:52.357+0000] {logging_mixin.py:188} INFO - [2025-07-08T10:38:52.357+0000] {dag.py:3823} INFO - Setting next_dagrun for example_branch_operator to 2025-07-07 00:00:00+00:00, run_after=2025-07-08 00:00:00+00:00
[2025-07-08T10:38:52.448+0000] {processor.py:183} INFO - Processing /home/airflow/.local/lib/python3.8/site-packages/airflow/example_dags/example_branch_operator.py took 0.820 seconds
[2025-07-08T10:39:22.915+0000] {processor.py:161} INFO - Started process (PID=12008) to work on /home/airflow/.local/lib/python3.8/site-packages/airflow/example_dags/example_branch_operator.py
[2025-07-08T10:39:22.921+0000] {processor.py:830} INFO - Processing file /home/airflow/.local/lib/python3.8/site-packages/airflow/example_dags/example_branch_operator.py for tasks to queue
[2025-07-08T10:39:22.922+0000] {logging_mixin.py:188} INFO - [2025-07-08T10:39:22.922+0000] {dagbag.py:538} INFO - Filling up the DagBag from /home/airflow/.local/lib/python3.8/site-packages/airflow/example_dags/example_branch_operator.py
[2025-07-08T10:39:22.993+0000] {processor.py:840} INFO - DAG(s) 'example_branch_operator' retrieved from /home/airflow/.local/lib/python3.8/site-packages/airflow/example_dags/example_branch_operator.py
[2025-07-08T10:39:23.052+0000] {logging_mixin.py:188} INFO - [2025-07-08T10:39:23.052+0000] {dag.py:3036} INFO - Sync 1 DAGs
[2025-07-08T10:39:23.102+0000] {logging_mixin.py:188} INFO - [2025-07-08T10:39:23.101+0000] {dag.py:3823} INFO - Setting next_dagrun for example_branch_operator to 2025-07-07 00:00:00+00:00, run_after=2025-07-08 00:00:00+00:00
[2025-07-08T10:39:23.140+0000] {processor.py:183} INFO - Processing /home/airflow/.local/lib/python3.8/site-packages/airflow/example_dags/example_branch_operator.py took 0.231 seconds
[2025-07-08T10:39:53.715+0000] {processor.py:161} INFO - Started process (PID=12076) to work on /home/airflow/.local/lib/python3.8/site-packages/airflow/example_dags/example_branch_operator.py
[2025-07-08T10:39:53.726+0000] {processor.py:830} INFO - Processing file /home/airflow/.local/lib/python3.8/site-packages/airflow/example_dags/example_branch_operator.py for tasks to queue
[2025-07-08T10:39:53.731+0000] {logging_mixin.py:188} INFO - [2025-07-08T10:39:53.730+0000] {dagbag.py:538} INFO - Filling up the DagBag from /home/airflow/.local/lib/python3.8/site-packages/airflow/example_dags/example_branch_operator.py
[2025-07-08T10:39:53.820+0000] {processor.py:840} INFO - DAG(s) 'example_branch_operator' retrieved from /home/airflow/.local/lib/python3.8/site-packages/airflow/example_dags/example_branch_operator.py
[2025-07-08T10:39:53.907+0000] {logging_mixin.py:188} INFO - [2025-07-08T10:39:53.907+0000] {dag.py:3036} INFO - Sync 1 DAGs
[2025-07-08T10:39:53.962+0000] {logging_mixin.py:188} INFO - [2025-07-08T10:39:53.961+0000] {dag.py:3823} INFO - Setting next_dagrun for example_branch_operator to 2025-07-07 00:00:00+00:00, run_after=2025-07-08 00:00:00+00:00
[2025-07-08T10:39:54.035+0000] {processor.py:183} INFO - Processing /home/airflow/.local/lib/python3.8/site-packages/airflow/example_dags/example_branch_operator.py took 0.345 seconds
[2025-07-08T10:40:24.346+0000] {processor.py:161} INFO - Started process (PID=12136) to work on /home/airflow/.local/lib/python3.8/site-packages/airflow/example_dags/example_branch_operator.py
[2025-07-08T10:40:24.347+0000] {processor.py:830} INFO - Processing file /home/airflow/.local/lib/python3.8/site-packages/airflow/example_dags/example_branch_operator.py for tasks to queue
[2025-07-08T10:40:24.372+0000] {logging_mixin.py:188} INFO - [2025-07-08T10:40:24.372+0000] {dagbag.py:538} INFO - Filling up the DagBag from /home/airflow/.local/lib/python3.8/site-packages/airflow/example_dags/example_branch_operator.py
[2025-07-08T10:40:24.455+0000] {processor.py:840} INFO - DAG(s) 'example_branch_operator' retrieved from /home/airflow/.local/lib/python3.8/site-packages/airflow/example_dags/example_branch_operator.py
[2025-07-08T10:40:24.570+0000] {logging_mixin.py:188} INFO - [2025-07-08T10:40:24.570+0000] {dag.py:3036} INFO - Sync 1 DAGs
[2025-07-08T10:40:24.679+0000] {logging_mixin.py:188} INFO - [2025-07-08T10:40:24.679+0000] {dag.py:3823} INFO - Setting next_dagrun for example_branch_operator to 2025-07-07 00:00:00+00:00, run_after=2025-07-08 00:00:00+00:00
[2025-07-08T10:40:24.841+0000] {processor.py:183} INFO - Processing /home/airflow/.local/lib/python3.8/site-packages/airflow/example_dags/example_branch_operator.py took 0.535 seconds
[2025-07-08T10:40:55.386+0000] {processor.py:161} INFO - Started process (PID=12205) to work on /home/airflow/.local/lib/python3.8/site-packages/airflow/example_dags/example_branch_operator.py
[2025-07-08T10:40:55.388+0000] {processor.py:830} INFO - Processing file /home/airflow/.local/lib/python3.8/site-packages/airflow/example_dags/example_branch_operator.py for tasks to queue
[2025-07-08T10:40:55.390+0000] {logging_mixin.py:188} INFO - [2025-07-08T10:40:55.389+0000] {dagbag.py:538} INFO - Filling up the DagBag from /home/airflow/.local/lib/python3.8/site-packages/airflow/example_dags/example_branch_operator.py
[2025-07-08T10:40:55.428+0000] {processor.py:840} INFO - DAG(s) 'example_branch_operator' retrieved from /home/airflow/.local/lib/python3.8/site-packages/airflow/example_dags/example_branch_operator.py
[2025-07-08T10:40:55.487+0000] {logging_mixin.py:188} INFO - [2025-07-08T10:40:55.486+0000] {dag.py:3036} INFO - Sync 1 DAGs
[2025-07-08T10:40:55.535+0000] {logging_mixin.py:188} INFO - [2025-07-08T10:40:55.535+0000] {dag.py:3823} INFO - Setting next_dagrun for example_branch_operator to 2025-07-07 00:00:00+00:00, run_after=2025-07-08 00:00:00+00:00
[2025-07-08T10:40:55.580+0000] {processor.py:183} INFO - Processing /home/airflow/.local/lib/python3.8/site-packages/airflow/example_dags/example_branch_operator.py took 0.200 seconds
[2025-07-08T10:41:26.129+0000] {processor.py:161} INFO - Started process (PID=12272) to work on /home/airflow/.local/lib/python3.8/site-packages/airflow/example_dags/example_branch_operator.py
[2025-07-08T10:41:26.130+0000] {processor.py:830} INFO - Processing file /home/airflow/.local/lib/python3.8/site-packages/airflow/example_dags/example_branch_operator.py for tasks to queue
[2025-07-08T10:41:26.152+0000] {logging_mixin.py:188} INFO - [2025-07-08T10:41:26.131+0000] {dagbag.py:538} INFO - Filling up the DagBag from /home/airflow/.local/lib/python3.8/site-packages/airflow/example_dags/example_branch_operator.py
[2025-07-08T10:41:26.402+0000] {processor.py:840} INFO - DAG(s) 'example_branch_operator' retrieved from /home/airflow/.local/lib/python3.8/site-packages/airflow/example_dags/example_branch_operator.py
[2025-07-08T10:41:26.637+0000] {logging_mixin.py:188} INFO - [2025-07-08T10:41:26.637+0000] {dag.py:3036} INFO - Sync 1 DAGs
[2025-07-08T10:41:26.811+0000] {logging_mixin.py:188} INFO - [2025-07-08T10:41:26.811+0000] {dag.py:3823} INFO - Setting next_dagrun for example_branch_operator to 2025-07-07 00:00:00+00:00, run_after=2025-07-08 00:00:00+00:00
[2025-07-08T10:41:26.951+0000] {processor.py:183} INFO - Processing /home/airflow/.local/lib/python3.8/site-packages/airflow/example_dags/example_branch_operator.py took 0.853 seconds
[2025-07-08T10:41:57.578+0000] {processor.py:161} INFO - Started process (PID=12333) to work on /home/airflow/.local/lib/python3.8/site-packages/airflow/example_dags/example_branch_operator.py
[2025-07-08T10:41:57.584+0000] {processor.py:830} INFO - Processing file /home/airflow/.local/lib/python3.8/site-packages/airflow/example_dags/example_branch_operator.py for tasks to queue
[2025-07-08T10:41:57.592+0000] {logging_mixin.py:188} INFO - [2025-07-08T10:41:57.586+0000] {dagbag.py:538} INFO - Filling up the DagBag from /home/airflow/.local/lib/python3.8/site-packages/airflow/example_dags/example_branch_operator.py
[2025-07-08T10:41:57.637+0000] {processor.py:840} INFO - DAG(s) 'example_branch_operator' retrieved from /home/airflow/.local/lib/python3.8/site-packages/airflow/example_dags/example_branch_operator.py
[2025-07-08T10:41:57.699+0000] {logging_mixin.py:188} INFO - [2025-07-08T10:41:57.699+0000] {dag.py:3036} INFO - Sync 1 DAGs
[2025-07-08T10:41:57.786+0000] {logging_mixin.py:188} INFO - [2025-07-08T10:41:57.786+0000] {dag.py:3823} INFO - Setting next_dagrun for example_branch_operator to 2025-07-07 00:00:00+00:00, run_after=2025-07-08 00:00:00+00:00
[2025-07-08T10:41:57.936+0000] {processor.py:183} INFO - Processing /home/airflow/.local/lib/python3.8/site-packages/airflow/example_dags/example_branch_operator.py took 0.374 seconds
[2025-07-08T10:42:28.412+0000] {processor.py:161} INFO - Started process (PID=12400) to work on /home/airflow/.local/lib/python3.8/site-packages/airflow/example_dags/example_branch_operator.py
[2025-07-08T10:42:28.414+0000] {processor.py:830} INFO - Processing file /home/airflow/.local/lib/python3.8/site-packages/airflow/example_dags/example_branch_operator.py for tasks to queue
[2025-07-08T10:42:28.415+0000] {logging_mixin.py:188} INFO - [2025-07-08T10:42:28.414+0000] {dagbag.py:538} INFO - Filling up the DagBag from /home/airflow/.local/lib/python3.8/site-packages/airflow/example_dags/example_branch_operator.py
[2025-07-08T10:42:28.511+0000] {processor.py:840} INFO - DAG(s) 'example_branch_operator' retrieved from /home/airflow/.local/lib/python3.8/site-packages/airflow/example_dags/example_branch_operator.py
[2025-07-08T10:42:28.696+0000] {logging_mixin.py:188} INFO - [2025-07-08T10:42:28.696+0000] {dag.py:3036} INFO - Sync 1 DAGs
[2025-07-08T10:42:28.940+0000] {logging_mixin.py:188} INFO - [2025-07-08T10:42:28.931+0000] {dag.py:3823} INFO - Setting next_dagrun for example_branch_operator to 2025-07-07 00:00:00+00:00, run_after=2025-07-08 00:00:00+00:00
[2025-07-08T10:42:29.037+0000] {processor.py:183} INFO - Processing /home/airflow/.local/lib/python3.8/site-packages/airflow/example_dags/example_branch_operator.py took 0.639 seconds
[2025-07-08T10:42:59.753+0000] {processor.py:161} INFO - Started process (PID=12459) to work on /home/airflow/.local/lib/python3.8/site-packages/airflow/example_dags/example_branch_operator.py
[2025-07-08T10:42:59.755+0000] {processor.py:830} INFO - Processing file /home/airflow/.local/lib/python3.8/site-packages/airflow/example_dags/example_branch_operator.py for tasks to queue
[2025-07-08T10:42:59.756+0000] {logging_mixin.py:188} INFO - [2025-07-08T10:42:59.755+0000] {dagbag.py:538} INFO - Filling up the DagBag from /home/airflow/.local/lib/python3.8/site-packages/airflow/example_dags/example_branch_operator.py
[2025-07-08T10:42:59.791+0000] {processor.py:840} INFO - DAG(s) 'example_branch_operator' retrieved from /home/airflow/.local/lib/python3.8/site-packages/airflow/example_dags/example_branch_operator.py
[2025-07-08T10:42:59.851+0000] {logging_mixin.py:188} INFO - [2025-07-08T10:42:59.851+0000] {dag.py:3036} INFO - Sync 1 DAGs
[2025-07-08T10:42:59.894+0000] {logging_mixin.py:188} INFO - [2025-07-08T10:42:59.894+0000] {dag.py:3823} INFO - Setting next_dagrun for example_branch_operator to 2025-07-07 00:00:00+00:00, run_after=2025-07-08 00:00:00+00:00
[2025-07-08T10:42:59.925+0000] {processor.py:183} INFO - Processing /home/airflow/.local/lib/python3.8/site-packages/airflow/example_dags/example_branch_operator.py took 0.177 seconds
[2025-07-08T10:43:31.345+0000] {processor.py:161} INFO - Started process (PID=12527) to work on /home/airflow/.local/lib/python3.8/site-packages/airflow/example_dags/example_branch_operator.py
[2025-07-08T10:43:31.347+0000] {processor.py:830} INFO - Processing file /home/airflow/.local/lib/python3.8/site-packages/airflow/example_dags/example_branch_operator.py for tasks to queue
[2025-07-08T10:43:31.389+0000] {logging_mixin.py:188} INFO - [2025-07-08T10:43:31.388+0000] {dagbag.py:538} INFO - Filling up the DagBag from /home/airflow/.local/lib/python3.8/site-packages/airflow/example_dags/example_branch_operator.py
[2025-07-08T10:43:31.592+0000] {processor.py:840} INFO - DAG(s) 'example_branch_operator' retrieved from /home/airflow/.local/lib/python3.8/site-packages/airflow/example_dags/example_branch_operator.py
[2025-07-08T10:43:31.861+0000] {logging_mixin.py:188} INFO - [2025-07-08T10:43:31.861+0000] {dag.py:3036} INFO - Sync 1 DAGs
[2025-07-08T10:43:32.022+0000] {logging_mixin.py:188} INFO - [2025-07-08T10:43:32.022+0000] {dag.py:3823} INFO - Setting next_dagrun for example_branch_operator to 2025-07-07 00:00:00+00:00, run_after=2025-07-08 00:00:00+00:00
[2025-07-08T10:43:32.168+0000] {processor.py:183} INFO - Processing /home/airflow/.local/lib/python3.8/site-packages/airflow/example_dags/example_branch_operator.py took 0.876 seconds
[2025-07-08T10:44:03.468+0000] {processor.py:161} INFO - Started process (PID=12594) to work on /home/airflow/.local/lib/python3.8/site-packages/airflow/example_dags/example_branch_operator.py
[2025-07-08T10:44:03.476+0000] {processor.py:830} INFO - Processing file /home/airflow/.local/lib/python3.8/site-packages/airflow/example_dags/example_branch_operator.py for tasks to queue
[2025-07-08T10:44:03.478+0000] {logging_mixin.py:188} INFO - [2025-07-08T10:44:03.477+0000] {dagbag.py:538} INFO - Filling up the DagBag from /home/airflow/.local/lib/python3.8/site-packages/airflow/example_dags/example_branch_operator.py
[2025-07-08T10:44:03.653+0000] {processor.py:840} INFO - DAG(s) 'example_branch_operator' retrieved from /home/airflow/.local/lib/python3.8/site-packages/airflow/example_dags/example_branch_operator.py
[2025-07-08T10:44:03.812+0000] {logging_mixin.py:188} INFO - [2025-07-08T10:44:03.812+0000] {dag.py:3036} INFO - Sync 1 DAGs
[2025-07-08T10:44:03.939+0000] {logging_mixin.py:188} INFO - [2025-07-08T10:44:03.938+0000] {dag.py:3823} INFO - Setting next_dagrun for example_branch_operator to 2025-07-07 00:00:00+00:00, run_after=2025-07-08 00:00:00+00:00
[2025-07-08T10:44:04.053+0000] {processor.py:183} INFO - Processing /home/airflow/.local/lib/python3.8/site-packages/airflow/example_dags/example_branch_operator.py took 0.606 seconds
[2025-07-08T10:44:34.749+0000] {processor.py:161} INFO - Started process (PID=12654) to work on /home/airflow/.local/lib/python3.8/site-packages/airflow/example_dags/example_branch_operator.py
[2025-07-08T10:44:34.750+0000] {processor.py:830} INFO - Processing file /home/airflow/.local/lib/python3.8/site-packages/airflow/example_dags/example_branch_operator.py for tasks to queue
[2025-07-08T10:44:34.761+0000] {logging_mixin.py:188} INFO - [2025-07-08T10:44:34.751+0000] {dagbag.py:538} INFO - Filling up the DagBag from /home/airflow/.local/lib/python3.8/site-packages/airflow/example_dags/example_branch_operator.py
[2025-07-08T10:44:34.837+0000] {processor.py:840} INFO - DAG(s) 'example_branch_operator' retrieved from /home/airflow/.local/lib/python3.8/site-packages/airflow/example_dags/example_branch_operator.py
[2025-07-08T10:44:34.989+0000] {logging_mixin.py:188} INFO - [2025-07-08T10:44:34.989+0000] {dag.py:3036} INFO - Sync 1 DAGs
[2025-07-08T10:44:35.080+0000] {logging_mixin.py:188} INFO - [2025-07-08T10:44:35.080+0000] {dag.py:3823} INFO - Setting next_dagrun for example_branch_operator to 2025-07-07 00:00:00+00:00, run_after=2025-07-08 00:00:00+00:00
[2025-07-08T10:44:35.135+0000] {processor.py:183} INFO - Processing /home/airflow/.local/lib/python3.8/site-packages/airflow/example_dags/example_branch_operator.py took 0.406 seconds
[2025-07-08T10:45:07.862+0000] {processor.py:161} INFO - Started process (PID=12722) to work on /home/airflow/.local/lib/python3.8/site-packages/airflow/example_dags/example_branch_operator.py
[2025-07-08T10:45:07.868+0000] {processor.py:830} INFO - Processing file /home/airflow/.local/lib/python3.8/site-packages/airflow/example_dags/example_branch_operator.py for tasks to queue
[2025-07-08T10:45:07.870+0000] {logging_mixin.py:188} INFO - [2025-07-08T10:45:07.869+0000] {dagbag.py:538} INFO - Filling up the DagBag from /home/airflow/.local/lib/python3.8/site-packages/airflow/example_dags/example_branch_operator.py
[2025-07-08T10:45:07.995+0000] {processor.py:840} INFO - DAG(s) 'example_branch_operator' retrieved from /home/airflow/.local/lib/python3.8/site-packages/airflow/example_dags/example_branch_operator.py
[2025-07-08T10:45:08.325+0000] {logging_mixin.py:188} INFO - [2025-07-08T10:45:08.325+0000] {dag.py:3036} INFO - Sync 1 DAGs
[2025-07-08T10:45:08.541+0000] {logging_mixin.py:188} INFO - [2025-07-08T10:45:08.541+0000] {dag.py:3823} INFO - Setting next_dagrun for example_branch_operator to 2025-07-07 00:00:00+00:00, run_after=2025-07-08 00:00:00+00:00
[2025-07-08T10:45:08.627+0000] {processor.py:183} INFO - Processing /home/airflow/.local/lib/python3.8/site-packages/airflow/example_dags/example_branch_operator.py took 0.802 seconds
[2025-07-08T10:45:38.887+0000] {processor.py:161} INFO - Started process (PID=12779) to work on /home/airflow/.local/lib/python3.8/site-packages/airflow/example_dags/example_branch_operator.py
[2025-07-08T10:45:38.895+0000] {processor.py:830} INFO - Processing file /home/airflow/.local/lib/python3.8/site-packages/airflow/example_dags/example_branch_operator.py for tasks to queue
[2025-07-08T10:45:38.917+0000] {logging_mixin.py:188} INFO - [2025-07-08T10:45:38.904+0000] {dagbag.py:538} INFO - Filling up the DagBag from /home/airflow/.local/lib/python3.8/site-packages/airflow/example_dags/example_branch_operator.py
[2025-07-08T10:45:39.027+0000] {processor.py:840} INFO - DAG(s) 'example_branch_operator' retrieved from /home/airflow/.local/lib/python3.8/site-packages/airflow/example_dags/example_branch_operator.py
[2025-07-08T10:45:39.189+0000] {logging_mixin.py:188} INFO - [2025-07-08T10:45:39.188+0000] {dag.py:3036} INFO - Sync 1 DAGs
[2025-07-08T10:45:39.297+0000] {logging_mixin.py:188} INFO - [2025-07-08T10:45:39.297+0000] {dag.py:3823} INFO - Setting next_dagrun for example_branch_operator to 2025-07-07 00:00:00+00:00, run_after=2025-07-08 00:00:00+00:00
[2025-07-08T10:45:39.354+0000] {processor.py:183} INFO - Processing /home/airflow/.local/lib/python3.8/site-packages/airflow/example_dags/example_branch_operator.py took 0.491 seconds
[2025-07-08T10:46:10.170+0000] {processor.py:161} INFO - Started process (PID=12847) to work on /home/airflow/.local/lib/python3.8/site-packages/airflow/example_dags/example_branch_operator.py
[2025-07-08T10:46:10.172+0000] {processor.py:830} INFO - Processing file /home/airflow/.local/lib/python3.8/site-packages/airflow/example_dags/example_branch_operator.py for tasks to queue
[2025-07-08T10:46:10.174+0000] {logging_mixin.py:188} INFO - [2025-07-08T10:46:10.173+0000] {dagbag.py:538} INFO - Filling up the DagBag from /home/airflow/.local/lib/python3.8/site-packages/airflow/example_dags/example_branch_operator.py
[2025-07-08T10:46:10.218+0000] {processor.py:840} INFO - DAG(s) 'example_branch_operator' retrieved from /home/airflow/.local/lib/python3.8/site-packages/airflow/example_dags/example_branch_operator.py
[2025-07-08T10:46:10.322+0000] {logging_mixin.py:188} INFO - [2025-07-08T10:46:10.321+0000] {dag.py:3036} INFO - Sync 1 DAGs
[2025-07-08T10:46:10.423+0000] {logging_mixin.py:188} INFO - [2025-07-08T10:46:10.422+0000] {dag.py:3823} INFO - Setting next_dagrun for example_branch_operator to 2025-07-07 00:00:00+00:00, run_after=2025-07-08 00:00:00+00:00
[2025-07-08T10:46:10.534+0000] {processor.py:183} INFO - Processing /home/airflow/.local/lib/python3.8/site-packages/airflow/example_dags/example_branch_operator.py took 0.384 seconds
[2025-07-08T10:46:41.054+0000] {processor.py:161} INFO - Started process (PID=12913) to work on /home/airflow/.local/lib/python3.8/site-packages/airflow/example_dags/example_branch_operator.py
[2025-07-08T10:46:41.055+0000] {processor.py:830} INFO - Processing file /home/airflow/.local/lib/python3.8/site-packages/airflow/example_dags/example_branch_operator.py for tasks to queue
[2025-07-08T10:46:41.069+0000] {logging_mixin.py:188} INFO - [2025-07-08T10:46:41.068+0000] {dagbag.py:538} INFO - Filling up the DagBag from /home/airflow/.local/lib/python3.8/site-packages/airflow/example_dags/example_branch_operator.py
[2025-07-08T10:46:41.202+0000] {processor.py:840} INFO - DAG(s) 'example_branch_operator' retrieved from /home/airflow/.local/lib/python3.8/site-packages/airflow/example_dags/example_branch_operator.py
[2025-07-08T10:46:41.421+0000] {logging_mixin.py:188} INFO - [2025-07-08T10:46:41.421+0000] {dag.py:3036} INFO - Sync 1 DAGs
[2025-07-08T10:46:41.553+0000] {logging_mixin.py:188} INFO - [2025-07-08T10:46:41.553+0000] {dag.py:3823} INFO - Setting next_dagrun for example_branch_operator to 2025-07-07 00:00:00+00:00, run_after=2025-07-08 00:00:00+00:00
[2025-07-08T10:46:41.643+0000] {processor.py:183} INFO - Processing /home/airflow/.local/lib/python3.8/site-packages/airflow/example_dags/example_branch_operator.py took 0.633 seconds
[2025-07-08T10:47:12.018+0000] {processor.py:161} INFO - Started process (PID=12972) to work on /home/airflow/.local/lib/python3.8/site-packages/airflow/example_dags/example_branch_operator.py
[2025-07-08T10:47:12.021+0000] {processor.py:830} INFO - Processing file /home/airflow/.local/lib/python3.8/site-packages/airflow/example_dags/example_branch_operator.py for tasks to queue
[2025-07-08T10:47:12.022+0000] {logging_mixin.py:188} INFO - [2025-07-08T10:47:12.022+0000] {dagbag.py:538} INFO - Filling up the DagBag from /home/airflow/.local/lib/python3.8/site-packages/airflow/example_dags/example_branch_operator.py
[2025-07-08T10:47:12.060+0000] {processor.py:840} INFO - DAG(s) 'example_branch_operator' retrieved from /home/airflow/.local/lib/python3.8/site-packages/airflow/example_dags/example_branch_operator.py
[2025-07-08T10:47:12.120+0000] {logging_mixin.py:188} INFO - [2025-07-08T10:47:12.120+0000] {dag.py:3036} INFO - Sync 1 DAGs
[2025-07-08T10:47:12.182+0000] {logging_mixin.py:188} INFO - [2025-07-08T10:47:12.182+0000] {dag.py:3823} INFO - Setting next_dagrun for example_branch_operator to 2025-07-07 00:00:00+00:00, run_after=2025-07-08 00:00:00+00:00
[2025-07-08T10:47:12.224+0000] {processor.py:183} INFO - Processing /home/airflow/.local/lib/python3.8/site-packages/airflow/example_dags/example_branch_operator.py took 0.219 seconds
[2025-07-08T10:47:42.378+0000] {processor.py:161} INFO - Started process (PID=13040) to work on /home/airflow/.local/lib/python3.8/site-packages/airflow/example_dags/example_branch_operator.py
[2025-07-08T10:47:42.388+0000] {processor.py:830} INFO - Processing file /home/airflow/.local/lib/python3.8/site-packages/airflow/example_dags/example_branch_operator.py for tasks to queue
[2025-07-08T10:47:42.390+0000] {logging_mixin.py:188} INFO - [2025-07-08T10:47:42.389+0000] {dagbag.py:538} INFO - Filling up the DagBag from /home/airflow/.local/lib/python3.8/site-packages/airflow/example_dags/example_branch_operator.py
[2025-07-08T10:47:42.465+0000] {processor.py:840} INFO - DAG(s) 'example_branch_operator' retrieved from /home/airflow/.local/lib/python3.8/site-packages/airflow/example_dags/example_branch_operator.py
[2025-07-08T10:47:42.606+0000] {logging_mixin.py:188} INFO - [2025-07-08T10:47:42.606+0000] {dag.py:3036} INFO - Sync 1 DAGs
[2025-07-08T10:47:42.707+0000] {logging_mixin.py:188} INFO - [2025-07-08T10:47:42.707+0000] {dag.py:3823} INFO - Setting next_dagrun for example_branch_operator to 2025-07-07 00:00:00+00:00, run_after=2025-07-08 00:00:00+00:00
[2025-07-08T10:47:42.792+0000] {processor.py:183} INFO - Processing /home/airflow/.local/lib/python3.8/site-packages/airflow/example_dags/example_branch_operator.py took 0.420 seconds
[2025-07-08T10:48:13.494+0000] {processor.py:161} INFO - Started process (PID=13100) to work on /home/airflow/.local/lib/python3.8/site-packages/airflow/example_dags/example_branch_operator.py
[2025-07-08T10:48:13.507+0000] {processor.py:830} INFO - Processing file /home/airflow/.local/lib/python3.8/site-packages/airflow/example_dags/example_branch_operator.py for tasks to queue
[2025-07-08T10:48:13.509+0000] {logging_mixin.py:188} INFO - [2025-07-08T10:48:13.508+0000] {dagbag.py:538} INFO - Filling up the DagBag from /home/airflow/.local/lib/python3.8/site-packages/airflow/example_dags/example_branch_operator.py
[2025-07-08T10:48:13.683+0000] {processor.py:840} INFO - DAG(s) 'example_branch_operator' retrieved from /home/airflow/.local/lib/python3.8/site-packages/airflow/example_dags/example_branch_operator.py
[2025-07-08T10:48:13.794+0000] {logging_mixin.py:188} INFO - [2025-07-08T10:48:13.793+0000] {dag.py:3036} INFO - Sync 1 DAGs
[2025-07-08T10:48:13.889+0000] {logging_mixin.py:188} INFO - [2025-07-08T10:48:13.889+0000] {dag.py:3823} INFO - Setting next_dagrun for example_branch_operator to 2025-07-07 00:00:00+00:00, run_after=2025-07-08 00:00:00+00:00
[2025-07-08T10:48:13.954+0000] {processor.py:183} INFO - Processing /home/airflow/.local/lib/python3.8/site-packages/airflow/example_dags/example_branch_operator.py took 0.485 seconds
[2025-07-08T10:48:44.518+0000] {processor.py:161} INFO - Started process (PID=13166) to work on /home/airflow/.local/lib/python3.8/site-packages/airflow/example_dags/example_branch_operator.py
[2025-07-08T10:48:44.524+0000] {processor.py:830} INFO - Processing file /home/airflow/.local/lib/python3.8/site-packages/airflow/example_dags/example_branch_operator.py for tasks to queue
[2025-07-08T10:48:44.526+0000] {logging_mixin.py:188} INFO - [2025-07-08T10:48:44.525+0000] {dagbag.py:538} INFO - Filling up the DagBag from /home/airflow/.local/lib/python3.8/site-packages/airflow/example_dags/example_branch_operator.py
[2025-07-08T10:48:44.612+0000] {processor.py:840} INFO - DAG(s) 'example_branch_operator' retrieved from /home/airflow/.local/lib/python3.8/site-packages/airflow/example_dags/example_branch_operator.py
[2025-07-08T10:48:44.861+0000] {logging_mixin.py:188} INFO - [2025-07-08T10:48:44.861+0000] {dag.py:3036} INFO - Sync 1 DAGs
[2025-07-08T10:48:45.042+0000] {logging_mixin.py:188} INFO - [2025-07-08T10:48:45.042+0000] {dag.py:3823} INFO - Setting next_dagrun for example_branch_operator to 2025-07-07 00:00:00+00:00, run_after=2025-07-08 00:00:00+00:00
[2025-07-08T10:48:45.168+0000] {processor.py:183} INFO - Processing /home/airflow/.local/lib/python3.8/site-packages/airflow/example_dags/example_branch_operator.py took 0.670 seconds
[2025-07-08T10:49:15.635+0000] {processor.py:161} INFO - Started process (PID=13223) to work on /home/airflow/.local/lib/python3.8/site-packages/airflow/example_dags/example_branch_operator.py
[2025-07-08T10:49:15.645+0000] {processor.py:830} INFO - Processing file /home/airflow/.local/lib/python3.8/site-packages/airflow/example_dags/example_branch_operator.py for tasks to queue
[2025-07-08T10:49:15.647+0000] {logging_mixin.py:188} INFO - [2025-07-08T10:49:15.646+0000] {dagbag.py:538} INFO - Filling up the DagBag from /home/airflow/.local/lib/python3.8/site-packages/airflow/example_dags/example_branch_operator.py
[2025-07-08T10:49:15.709+0000] {processor.py:840} INFO - DAG(s) 'example_branch_operator' retrieved from /home/airflow/.local/lib/python3.8/site-packages/airflow/example_dags/example_branch_operator.py
[2025-07-08T10:49:15.793+0000] {logging_mixin.py:188} INFO - [2025-07-08T10:49:15.793+0000] {dag.py:3036} INFO - Sync 1 DAGs
[2025-07-08T10:49:15.865+0000] {logging_mixin.py:188} INFO - [2025-07-08T10:49:15.865+0000] {dag.py:3823} INFO - Setting next_dagrun for example_branch_operator to 2025-07-07 00:00:00+00:00, run_after=2025-07-08 00:00:00+00:00
[2025-07-08T10:49:15.914+0000] {processor.py:183} INFO - Processing /home/airflow/.local/lib/python3.8/site-packages/airflow/example_dags/example_branch_operator.py took 0.284 seconds
[2025-07-08T10:49:46.034+0000] {processor.py:161} INFO - Started process (PID=13289) to work on /home/airflow/.local/lib/python3.8/site-packages/airflow/example_dags/example_branch_operator.py
[2025-07-08T10:49:46.035+0000] {processor.py:830} INFO - Processing file /home/airflow/.local/lib/python3.8/site-packages/airflow/example_dags/example_branch_operator.py for tasks to queue
[2025-07-08T10:49:46.037+0000] {logging_mixin.py:188} INFO - [2025-07-08T10:49:46.036+0000] {dagbag.py:538} INFO - Filling up the DagBag from /home/airflow/.local/lib/python3.8/site-packages/airflow/example_dags/example_branch_operator.py
[2025-07-08T10:49:46.124+0000] {processor.py:840} INFO - DAG(s) 'example_branch_operator' retrieved from /home/airflow/.local/lib/python3.8/site-packages/airflow/example_dags/example_branch_operator.py
[2025-07-08T10:49:46.257+0000] {logging_mixin.py:188} INFO - [2025-07-08T10:49:46.257+0000] {dag.py:3036} INFO - Sync 1 DAGs
[2025-07-08T10:49:46.369+0000] {logging_mixin.py:188} INFO - [2025-07-08T10:49:46.369+0000] {dag.py:3823} INFO - Setting next_dagrun for example_branch_operator to 2025-07-07 00:00:00+00:00, run_after=2025-07-08 00:00:00+00:00
[2025-07-08T10:49:46.453+0000] {processor.py:183} INFO - Processing /home/airflow/.local/lib/python3.8/site-packages/airflow/example_dags/example_branch_operator.py took 0.443 seconds
[2025-07-08T10:50:16.749+0000] {processor.py:161} INFO - Started process (PID=13350) to work on /home/airflow/.local/lib/python3.8/site-packages/airflow/example_dags/example_branch_operator.py
[2025-07-08T10:50:16.754+0000] {processor.py:830} INFO - Processing file /home/airflow/.local/lib/python3.8/site-packages/airflow/example_dags/example_branch_operator.py for tasks to queue
[2025-07-08T10:50:16.756+0000] {logging_mixin.py:188} INFO - [2025-07-08T10:50:16.755+0000] {dagbag.py:538} INFO - Filling up the DagBag from /home/airflow/.local/lib/python3.8/site-packages/airflow/example_dags/example_branch_operator.py
[2025-07-08T10:50:16.846+0000] {processor.py:840} INFO - DAG(s) 'example_branch_operator' retrieved from /home/airflow/.local/lib/python3.8/site-packages/airflow/example_dags/example_branch_operator.py
[2025-07-08T10:50:16.957+0000] {logging_mixin.py:188} INFO - [2025-07-08T10:50:16.957+0000] {dag.py:3036} INFO - Sync 1 DAGs
[2025-07-08T10:50:17.103+0000] {logging_mixin.py:188} INFO - [2025-07-08T10:50:17.100+0000] {dag.py:3823} INFO - Setting next_dagrun for example_branch_operator to 2025-07-07 00:00:00+00:00, run_after=2025-07-08 00:00:00+00:00
[2025-07-08T10:50:17.229+0000] {processor.py:183} INFO - Processing /home/airflow/.local/lib/python3.8/site-packages/airflow/example_dags/example_branch_operator.py took 0.490 seconds
[2025-07-08T10:50:47.424+0000] {processor.py:161} INFO - Started process (PID=13418) to work on /home/airflow/.local/lib/python3.8/site-packages/airflow/example_dags/example_branch_operator.py
[2025-07-08T10:50:47.432+0000] {processor.py:830} INFO - Processing file /home/airflow/.local/lib/python3.8/site-packages/airflow/example_dags/example_branch_operator.py for tasks to queue
[2025-07-08T10:50:47.434+0000] {logging_mixin.py:188} INFO - [2025-07-08T10:50:47.433+0000] {dagbag.py:538} INFO - Filling up the DagBag from /home/airflow/.local/lib/python3.8/site-packages/airflow/example_dags/example_branch_operator.py
[2025-07-08T10:50:47.541+0000] {processor.py:840} INFO - DAG(s) 'example_branch_operator' retrieved from /home/airflow/.local/lib/python3.8/site-packages/airflow/example_dags/example_branch_operator.py
[2025-07-08T10:50:47.745+0000] {logging_mixin.py:188} INFO - [2025-07-08T10:50:47.745+0000] {dag.py:3036} INFO - Sync 1 DAGs
[2025-07-08T10:50:47.990+0000] {logging_mixin.py:188} INFO - [2025-07-08T10:50:47.990+0000] {dag.py:3823} INFO - Setting next_dagrun for example_branch_operator to 2025-07-07 00:00:00+00:00, run_after=2025-07-08 00:00:00+00:00
[2025-07-08T10:50:48.080+0000] {processor.py:183} INFO - Processing /home/airflow/.local/lib/python3.8/site-packages/airflow/example_dags/example_branch_operator.py took 0.682 seconds
[2025-07-08T10:51:21.975+0000] {processor.py:161} INFO - Started process (PID=13484) to work on /home/airflow/.local/lib/python3.8/site-packages/airflow/example_dags/example_branch_operator.py
[2025-07-08T10:51:21.978+0000] {processor.py:830} INFO - Processing file /home/airflow/.local/lib/python3.8/site-packages/airflow/example_dags/example_branch_operator.py for tasks to queue
[2025-07-08T10:51:21.979+0000] {logging_mixin.py:188} INFO - [2025-07-08T10:51:21.978+0000] {dagbag.py:538} INFO - Filling up the DagBag from /home/airflow/.local/lib/python3.8/site-packages/airflow/example_dags/example_branch_operator.py
[2025-07-08T10:51:22.078+0000] {processor.py:840} INFO - DAG(s) 'example_branch_operator' retrieved from /home/airflow/.local/lib/python3.8/site-packages/airflow/example_dags/example_branch_operator.py
[2025-07-08T10:51:22.246+0000] {logging_mixin.py:188} INFO - [2025-07-08T10:51:22.245+0000] {dag.py:3036} INFO - Sync 1 DAGs
[2025-07-08T10:51:22.485+0000] {logging_mixin.py:188} INFO - [2025-07-08T10:51:22.485+0000] {dag.py:3823} INFO - Setting next_dagrun for example_branch_operator to 2025-07-07 00:00:00+00:00, run_after=2025-07-08 00:00:00+00:00
[2025-07-08T10:51:22.616+0000] {processor.py:183} INFO - Processing /home/airflow/.local/lib/python3.8/site-packages/airflow/example_dags/example_branch_operator.py took 0.663 seconds
[2025-07-08T10:51:55.108+0000] {processor.py:161} INFO - Started process (PID=13548) to work on /home/airflow/.local/lib/python3.8/site-packages/airflow/example_dags/example_branch_operator.py
[2025-07-08T10:51:55.117+0000] {processor.py:830} INFO - Processing file /home/airflow/.local/lib/python3.8/site-packages/airflow/example_dags/example_branch_operator.py for tasks to queue
[2025-07-08T10:51:55.119+0000] {logging_mixin.py:188} INFO - [2025-07-08T10:51:55.119+0000] {dagbag.py:538} INFO - Filling up the DagBag from /home/airflow/.local/lib/python3.8/site-packages/airflow/example_dags/example_branch_operator.py
[2025-07-08T10:51:55.209+0000] {processor.py:840} INFO - DAG(s) 'example_branch_operator' retrieved from /home/airflow/.local/lib/python3.8/site-packages/airflow/example_dags/example_branch_operator.py
[2025-07-08T10:51:55.321+0000] {logging_mixin.py:188} INFO - [2025-07-08T10:51:55.320+0000] {dag.py:3036} INFO - Sync 1 DAGs
[2025-07-08T10:51:55.397+0000] {logging_mixin.py:188} INFO - [2025-07-08T10:51:55.397+0000] {dag.py:3823} INFO - Setting next_dagrun for example_branch_operator to 2025-07-07 00:00:00+00:00, run_after=2025-07-08 00:00:00+00:00
[2025-07-08T10:51:55.486+0000] {processor.py:183} INFO - Processing /home/airflow/.local/lib/python3.8/site-packages/airflow/example_dags/example_branch_operator.py took 0.394 seconds
[2025-07-08T10:52:30.428+0000] {processor.py:161} INFO - Started process (PID=13616) to work on /home/airflow/.local/lib/python3.8/site-packages/airflow/example_dags/example_branch_operator.py
[2025-07-08T10:52:30.438+0000] {processor.py:830} INFO - Processing file /home/airflow/.local/lib/python3.8/site-packages/airflow/example_dags/example_branch_operator.py for tasks to queue
[2025-07-08T10:52:30.440+0000] {logging_mixin.py:188} INFO - [2025-07-08T10:52:30.439+0000] {dagbag.py:538} INFO - Filling up the DagBag from /home/airflow/.local/lib/python3.8/site-packages/airflow/example_dags/example_branch_operator.py
[2025-07-08T10:52:30.647+0000] {processor.py:840} INFO - DAG(s) 'example_branch_operator' retrieved from /home/airflow/.local/lib/python3.8/site-packages/airflow/example_dags/example_branch_operator.py
[2025-07-08T10:52:30.825+0000] {logging_mixin.py:188} INFO - [2025-07-08T10:52:30.825+0000] {dag.py:3036} INFO - Sync 1 DAGs
[2025-07-08T10:52:30.974+0000] {logging_mixin.py:188} INFO - [2025-07-08T10:52:30.974+0000] {dag.py:3823} INFO - Setting next_dagrun for example_branch_operator to 2025-07-07 00:00:00+00:00, run_after=2025-07-08 00:00:00+00:00
[2025-07-08T10:52:31.104+0000] {processor.py:183} INFO - Processing /home/airflow/.local/lib/python3.8/site-packages/airflow/example_dags/example_branch_operator.py took 0.710 seconds
[2025-07-08T10:53:01.250+0000] {processor.py:161} INFO - Started process (PID=13676) to work on /home/airflow/.local/lib/python3.8/site-packages/airflow/example_dags/example_branch_operator.py
[2025-07-08T10:53:01.253+0000] {processor.py:830} INFO - Processing file /home/airflow/.local/lib/python3.8/site-packages/airflow/example_dags/example_branch_operator.py for tasks to queue
[2025-07-08T10:53:01.255+0000] {logging_mixin.py:188} INFO - [2025-07-08T10:53:01.254+0000] {dagbag.py:538} INFO - Filling up the DagBag from /home/airflow/.local/lib/python3.8/site-packages/airflow/example_dags/example_branch_operator.py
[2025-07-08T10:53:01.331+0000] {processor.py:840} INFO - DAG(s) 'example_branch_operator' retrieved from /home/airflow/.local/lib/python3.8/site-packages/airflow/example_dags/example_branch_operator.py
[2025-07-08T10:53:01.436+0000] {logging_mixin.py:188} INFO - [2025-07-08T10:53:01.436+0000] {dag.py:3036} INFO - Sync 1 DAGs
[2025-07-08T10:53:01.570+0000] {logging_mixin.py:188} INFO - [2025-07-08T10:53:01.570+0000] {dag.py:3823} INFO - Setting next_dagrun for example_branch_operator to 2025-07-07 00:00:00+00:00, run_after=2025-07-08 00:00:00+00:00
[2025-07-08T10:53:01.664+0000] {processor.py:183} INFO - Processing /home/airflow/.local/lib/python3.8/site-packages/airflow/example_dags/example_branch_operator.py took 0.423 seconds
[2025-07-08T10:53:32.820+0000] {processor.py:161} INFO - Started process (PID=13743) to work on /home/airflow/.local/lib/python3.8/site-packages/airflow/example_dags/example_branch_operator.py
[2025-07-08T10:53:32.836+0000] {processor.py:830} INFO - Processing file /home/airflow/.local/lib/python3.8/site-packages/airflow/example_dags/example_branch_operator.py for tasks to queue
[2025-07-08T10:53:32.838+0000] {logging_mixin.py:188} INFO - [2025-07-08T10:53:32.837+0000] {dagbag.py:538} INFO - Filling up the DagBag from /home/airflow/.local/lib/python3.8/site-packages/airflow/example_dags/example_branch_operator.py
[2025-07-08T10:53:32.979+0000] {processor.py:840} INFO - DAG(s) 'example_branch_operator' retrieved from /home/airflow/.local/lib/python3.8/site-packages/airflow/example_dags/example_branch_operator.py
[2025-07-08T10:53:33.201+0000] {logging_mixin.py:188} INFO - [2025-07-08T10:53:33.201+0000] {dag.py:3036} INFO - Sync 1 DAGs
[2025-07-08T10:53:33.424+0000] {logging_mixin.py:188} INFO - [2025-07-08T10:53:33.424+0000] {dag.py:3823} INFO - Setting next_dagrun for example_branch_operator to 2025-07-07 00:00:00+00:00, run_after=2025-07-08 00:00:00+00:00
[2025-07-08T10:53:33.614+0000] {processor.py:183} INFO - Processing /home/airflow/.local/lib/python3.8/site-packages/airflow/example_dags/example_branch_operator.py took 0.820 seconds
[2025-07-08T10:54:04.365+0000] {processor.py:161} INFO - Started process (PID=13809) to work on /home/airflow/.local/lib/python3.8/site-packages/airflow/example_dags/example_branch_operator.py
[2025-07-08T10:54:04.366+0000] {processor.py:830} INFO - Processing file /home/airflow/.local/lib/python3.8/site-packages/airflow/example_dags/example_branch_operator.py for tasks to queue
[2025-07-08T10:54:04.374+0000] {logging_mixin.py:188} INFO - [2025-07-08T10:54:04.367+0000] {dagbag.py:538} INFO - Filling up the DagBag from /home/airflow/.local/lib/python3.8/site-packages/airflow/example_dags/example_branch_operator.py
[2025-07-08T10:54:04.520+0000] {processor.py:840} INFO - DAG(s) 'example_branch_operator' retrieved from /home/airflow/.local/lib/python3.8/site-packages/airflow/example_dags/example_branch_operator.py
[2025-07-08T10:54:04.641+0000] {logging_mixin.py:188} INFO - [2025-07-08T10:54:04.641+0000] {dag.py:3036} INFO - Sync 1 DAGs
[2025-07-08T10:54:04.754+0000] {logging_mixin.py:188} INFO - [2025-07-08T10:54:04.754+0000] {dag.py:3823} INFO - Setting next_dagrun for example_branch_operator to 2025-07-07 00:00:00+00:00, run_after=2025-07-08 00:00:00+00:00
[2025-07-08T10:54:04.844+0000] {processor.py:183} INFO - Processing /home/airflow/.local/lib/python3.8/site-packages/airflow/example_dags/example_branch_operator.py took 0.510 seconds
