[2025-07-08T09:05:48.757+0000] {processor.py:161} INFO - Started process (PID=169) to work on /home/airflow/.local/lib/python3.8/site-packages/airflow/example_dags/example_sensors.py
[2025-07-08T09:05:48.759+0000] {processor.py:830} INFO - Processing file /home/airflow/.local/lib/python3.8/site-packages/airflow/example_dags/example_sensors.py for tasks to queue
[2025-07-08T09:05:48.770+0000] {logging_mixin.py:188} INFO - [2025-07-08T09:05:48.770+0000] {dagbag.py:538} INFO - Filling up the DagBag from /home/airflow/.local/lib/python3.8/site-packages/airflow/example_dags/example_sensors.py
[2025-07-08T09:05:48.886+0000] {processor.py:840} INFO - DAG(s) 'example_sensors' retrieved from /home/airflow/.local/lib/python3.8/site-packages/airflow/example_dags/example_sensors.py
[2025-07-08T09:05:49.341+0000] {logging_mixin.py:188} INFO - [2025-07-08T09:05:49.341+0000] {dag.py:3036} INFO - Sync 1 DAGs
[2025-07-08T09:05:49.364+0000] {logging_mixin.py:188} INFO - [2025-07-08T09:05:49.364+0000] {dag.py:3823} INFO - Setting next_dagrun for example_sensors to None, run_after=None
[2025-07-08T09:05:49.422+0000] {processor.py:183} INFO - Processing /home/airflow/.local/lib/python3.8/site-packages/airflow/example_dags/example_sensors.py took 0.688 seconds
[2025-07-08T09:06:19.501+0000] {processor.py:161} INFO - Started process (PID=234) to work on /home/airflow/.local/lib/python3.8/site-packages/airflow/example_dags/example_sensors.py
[2025-07-08T09:06:19.503+0000] {processor.py:830} INFO - Processing file /home/airflow/.local/lib/python3.8/site-packages/airflow/example_dags/example_sensors.py for tasks to queue
[2025-07-08T09:06:19.506+0000] {logging_mixin.py:188} INFO - [2025-07-08T09:06:19.506+0000] {dagbag.py:538} INFO - Filling up the DagBag from /home/airflow/.local/lib/python3.8/site-packages/airflow/example_dags/example_sensors.py
[2025-07-08T09:06:19.547+0000] {processor.py:840} INFO - DAG(s) 'example_sensors' retrieved from /home/airflow/.local/lib/python3.8/site-packages/airflow/example_dags/example_sensors.py
[2025-07-08T09:06:19.625+0000] {logging_mixin.py:188} INFO - [2025-07-08T09:06:19.625+0000] {dag.py:3036} INFO - Sync 1 DAGs
[2025-07-08T09:06:19.655+0000] {logging_mixin.py:188} INFO - [2025-07-08T09:06:19.654+0000] {dag.py:3823} INFO - Setting next_dagrun for example_sensors to None, run_after=None
[2025-07-08T09:06:19.714+0000] {processor.py:183} INFO - Processing /home/airflow/.local/lib/python3.8/site-packages/airflow/example_dags/example_sensors.py took 0.220 seconds
[2025-07-08T09:06:50.066+0000] {processor.py:161} INFO - Started process (PID=290) to work on /home/airflow/.local/lib/python3.8/site-packages/airflow/example_dags/example_sensors.py
[2025-07-08T09:06:50.067+0000] {processor.py:830} INFO - Processing file /home/airflow/.local/lib/python3.8/site-packages/airflow/example_dags/example_sensors.py for tasks to queue
[2025-07-08T09:06:50.070+0000] {logging_mixin.py:188} INFO - [2025-07-08T09:06:50.070+0000] {dagbag.py:538} INFO - Filling up the DagBag from /home/airflow/.local/lib/python3.8/site-packages/airflow/example_dags/example_sensors.py
[2025-07-08T09:06:50.090+0000] {processor.py:840} INFO - DAG(s) 'example_sensors' retrieved from /home/airflow/.local/lib/python3.8/site-packages/airflow/example_dags/example_sensors.py
[2025-07-08T09:06:50.153+0000] {logging_mixin.py:188} INFO - [2025-07-08T09:06:50.153+0000] {dag.py:3036} INFO - Sync 1 DAGs
[2025-07-08T09:06:50.182+0000] {logging_mixin.py:188} INFO - [2025-07-08T09:06:50.181+0000] {dag.py:3823} INFO - Setting next_dagrun for example_sensors to None, run_after=None
[2025-07-08T09:06:50.228+0000] {processor.py:183} INFO - Processing /home/airflow/.local/lib/python3.8/site-packages/airflow/example_dags/example_sensors.py took 0.169 seconds
[2025-07-08T09:07:20.921+0000] {processor.py:161} INFO - Started process (PID=353) to work on /home/airflow/.local/lib/python3.8/site-packages/airflow/example_dags/example_sensors.py
[2025-07-08T09:07:20.923+0000] {processor.py:830} INFO - Processing file /home/airflow/.local/lib/python3.8/site-packages/airflow/example_dags/example_sensors.py for tasks to queue
[2025-07-08T09:07:20.926+0000] {logging_mixin.py:188} INFO - [2025-07-08T09:07:20.926+0000] {dagbag.py:538} INFO - Filling up the DagBag from /home/airflow/.local/lib/python3.8/site-packages/airflow/example_dags/example_sensors.py
[2025-07-08T09:07:20.945+0000] {processor.py:840} INFO - DAG(s) 'example_sensors' retrieved from /home/airflow/.local/lib/python3.8/site-packages/airflow/example_dags/example_sensors.py
[2025-07-08T09:07:21.015+0000] {logging_mixin.py:188} INFO - [2025-07-08T09:07:21.014+0000] {dag.py:3036} INFO - Sync 1 DAGs
[2025-07-08T09:07:21.041+0000] {logging_mixin.py:188} INFO - [2025-07-08T09:07:21.040+0000] {dag.py:3823} INFO - Setting next_dagrun for example_sensors to None, run_after=None
[2025-07-08T09:07:21.079+0000] {processor.py:183} INFO - Processing /home/airflow/.local/lib/python3.8/site-packages/airflow/example_dags/example_sensors.py took 0.164 seconds
[2025-07-08T09:07:51.606+0000] {processor.py:161} INFO - Started process (PID=419) to work on /home/airflow/.local/lib/python3.8/site-packages/airflow/example_dags/example_sensors.py
[2025-07-08T09:07:51.608+0000] {processor.py:830} INFO - Processing file /home/airflow/.local/lib/python3.8/site-packages/airflow/example_dags/example_sensors.py for tasks to queue
[2025-07-08T09:07:51.611+0000] {logging_mixin.py:188} INFO - [2025-07-08T09:07:51.610+0000] {dagbag.py:538} INFO - Filling up the DagBag from /home/airflow/.local/lib/python3.8/site-packages/airflow/example_dags/example_sensors.py
[2025-07-08T09:07:51.630+0000] {processor.py:840} INFO - DAG(s) 'example_sensors' retrieved from /home/airflow/.local/lib/python3.8/site-packages/airflow/example_dags/example_sensors.py
[2025-07-08T09:07:51.681+0000] {logging_mixin.py:188} INFO - [2025-07-08T09:07:51.681+0000] {dag.py:3036} INFO - Sync 1 DAGs
[2025-07-08T09:07:51.706+0000] {logging_mixin.py:188} INFO - [2025-07-08T09:07:51.706+0000] {dag.py:3823} INFO - Setting next_dagrun for example_sensors to None, run_after=None
[2025-07-08T09:07:51.764+0000] {processor.py:183} INFO - Processing /home/airflow/.local/lib/python3.8/site-packages/airflow/example_dags/example_sensors.py took 0.164 seconds
[2025-07-08T09:08:22.795+0000] {processor.py:161} INFO - Started process (PID=484) to work on /home/airflow/.local/lib/python3.8/site-packages/airflow/example_dags/example_sensors.py
[2025-07-08T09:08:22.797+0000] {processor.py:830} INFO - Processing file /home/airflow/.local/lib/python3.8/site-packages/airflow/example_dags/example_sensors.py for tasks to queue
[2025-07-08T09:08:22.800+0000] {logging_mixin.py:188} INFO - [2025-07-08T09:08:22.799+0000] {dagbag.py:538} INFO - Filling up the DagBag from /home/airflow/.local/lib/python3.8/site-packages/airflow/example_dags/example_sensors.py
[2025-07-08T09:08:22.818+0000] {processor.py:840} INFO - DAG(s) 'example_sensors' retrieved from /home/airflow/.local/lib/python3.8/site-packages/airflow/example_dags/example_sensors.py
[2025-07-08T09:08:22.866+0000] {logging_mixin.py:188} INFO - [2025-07-08T09:08:22.866+0000] {dag.py:3036} INFO - Sync 1 DAGs
[2025-07-08T09:08:22.891+0000] {logging_mixin.py:188} INFO - [2025-07-08T09:08:22.890+0000] {dag.py:3823} INFO - Setting next_dagrun for example_sensors to None, run_after=None
[2025-07-08T09:08:22.923+0000] {processor.py:183} INFO - Processing /home/airflow/.local/lib/python3.8/site-packages/airflow/example_dags/example_sensors.py took 0.135 seconds
[2025-07-08T09:08:54.110+0000] {processor.py:161} INFO - Started process (PID=549) to work on /home/airflow/.local/lib/python3.8/site-packages/airflow/example_dags/example_sensors.py
[2025-07-08T09:08:54.120+0000] {processor.py:830} INFO - Processing file /home/airflow/.local/lib/python3.8/site-packages/airflow/example_dags/example_sensors.py for tasks to queue
[2025-07-08T09:08:54.124+0000] {logging_mixin.py:188} INFO - [2025-07-08T09:08:54.123+0000] {dagbag.py:538} INFO - Filling up the DagBag from /home/airflow/.local/lib/python3.8/site-packages/airflow/example_dags/example_sensors.py
[2025-07-08T09:08:54.196+0000] {processor.py:840} INFO - DAG(s) 'example_sensors' retrieved from /home/airflow/.local/lib/python3.8/site-packages/airflow/example_dags/example_sensors.py
[2025-07-08T09:08:54.305+0000] {logging_mixin.py:188} INFO - [2025-07-08T09:08:54.305+0000] {dag.py:3036} INFO - Sync 1 DAGs
[2025-07-08T09:08:54.376+0000] {logging_mixin.py:188} INFO - [2025-07-08T09:08:54.375+0000] {dag.py:3823} INFO - Setting next_dagrun for example_sensors to None, run_after=None
[2025-07-08T09:08:54.483+0000] {processor.py:183} INFO - Processing /home/airflow/.local/lib/python3.8/site-packages/airflow/example_dags/example_sensors.py took 0.392 seconds
[2025-07-08T09:09:25.674+0000] {processor.py:161} INFO - Started process (PID=612) to work on /home/airflow/.local/lib/python3.8/site-packages/airflow/example_dags/example_sensors.py
[2025-07-08T09:09:25.676+0000] {processor.py:830} INFO - Processing file /home/airflow/.local/lib/python3.8/site-packages/airflow/example_dags/example_sensors.py for tasks to queue
[2025-07-08T09:09:25.680+0000] {logging_mixin.py:188} INFO - [2025-07-08T09:09:25.679+0000] {dagbag.py:538} INFO - Filling up the DagBag from /home/airflow/.local/lib/python3.8/site-packages/airflow/example_dags/example_sensors.py
[2025-07-08T09:09:25.771+0000] {processor.py:840} INFO - DAG(s) 'example_sensors' retrieved from /home/airflow/.local/lib/python3.8/site-packages/airflow/example_dags/example_sensors.py
[2025-07-08T09:09:25.899+0000] {logging_mixin.py:188} INFO - [2025-07-08T09:09:25.898+0000] {dag.py:3036} INFO - Sync 1 DAGs
[2025-07-08T09:09:25.935+0000] {logging_mixin.py:188} INFO - [2025-07-08T09:09:25.935+0000] {dag.py:3823} INFO - Setting next_dagrun for example_sensors to None, run_after=None
[2025-07-08T09:09:26.086+0000] {processor.py:183} INFO - Processing /home/airflow/.local/lib/python3.8/site-packages/airflow/example_dags/example_sensors.py took 0.439 seconds
[2025-07-08T09:09:56.425+0000] {processor.py:161} INFO - Started process (PID=670) to work on /home/airflow/.local/lib/python3.8/site-packages/airflow/example_dags/example_sensors.py
[2025-07-08T09:09:56.427+0000] {processor.py:830} INFO - Processing file /home/airflow/.local/lib/python3.8/site-packages/airflow/example_dags/example_sensors.py for tasks to queue
[2025-07-08T09:09:56.430+0000] {logging_mixin.py:188} INFO - [2025-07-08T09:09:56.430+0000] {dagbag.py:538} INFO - Filling up the DagBag from /home/airflow/.local/lib/python3.8/site-packages/airflow/example_dags/example_sensors.py
[2025-07-08T09:09:56.450+0000] {processor.py:840} INFO - DAG(s) 'example_sensors' retrieved from /home/airflow/.local/lib/python3.8/site-packages/airflow/example_dags/example_sensors.py
[2025-07-08T09:09:56.507+0000] {logging_mixin.py:188} INFO - [2025-07-08T09:09:56.507+0000] {dag.py:3036} INFO - Sync 1 DAGs
[2025-07-08T09:09:56.533+0000] {logging_mixin.py:188} INFO - [2025-07-08T09:09:56.533+0000] {dag.py:3823} INFO - Setting next_dagrun for example_sensors to None, run_after=None
[2025-07-08T09:09:56.569+0000] {processor.py:183} INFO - Processing /home/airflow/.local/lib/python3.8/site-packages/airflow/example_dags/example_sensors.py took 0.151 seconds
[2025-07-08T09:10:27.112+0000] {processor.py:161} INFO - Started process (PID=734) to work on /home/airflow/.local/lib/python3.8/site-packages/airflow/example_dags/example_sensors.py
[2025-07-08T09:10:27.115+0000] {processor.py:830} INFO - Processing file /home/airflow/.local/lib/python3.8/site-packages/airflow/example_dags/example_sensors.py for tasks to queue
[2025-07-08T09:10:27.119+0000] {logging_mixin.py:188} INFO - [2025-07-08T09:10:27.119+0000] {dagbag.py:538} INFO - Filling up the DagBag from /home/airflow/.local/lib/python3.8/site-packages/airflow/example_dags/example_sensors.py
[2025-07-08T09:10:27.177+0000] {processor.py:840} INFO - DAG(s) 'example_sensors' retrieved from /home/airflow/.local/lib/python3.8/site-packages/airflow/example_dags/example_sensors.py
[2025-07-08T09:10:27.369+0000] {logging_mixin.py:188} INFO - [2025-07-08T09:10:27.369+0000] {dag.py:3036} INFO - Sync 1 DAGs
[2025-07-08T09:10:27.443+0000] {logging_mixin.py:188} INFO - [2025-07-08T09:10:27.443+0000] {dag.py:3823} INFO - Setting next_dagrun for example_sensors to None, run_after=None
[2025-07-08T09:10:27.527+0000] {processor.py:183} INFO - Processing /home/airflow/.local/lib/python3.8/site-packages/airflow/example_dags/example_sensors.py took 0.422 seconds
[2025-07-08T09:10:57.719+0000] {processor.py:161} INFO - Started process (PID=799) to work on /home/airflow/.local/lib/python3.8/site-packages/airflow/example_dags/example_sensors.py
[2025-07-08T09:10:57.733+0000] {processor.py:830} INFO - Processing file /home/airflow/.local/lib/python3.8/site-packages/airflow/example_dags/example_sensors.py for tasks to queue
[2025-07-08T09:10:57.736+0000] {logging_mixin.py:188} INFO - [2025-07-08T09:10:57.735+0000] {dagbag.py:538} INFO - Filling up the DagBag from /home/airflow/.local/lib/python3.8/site-packages/airflow/example_dags/example_sensors.py
[2025-07-08T09:10:57.753+0000] {processor.py:840} INFO - DAG(s) 'example_sensors' retrieved from /home/airflow/.local/lib/python3.8/site-packages/airflow/example_dags/example_sensors.py
[2025-07-08T09:10:57.939+0000] {logging_mixin.py:188} INFO - [2025-07-08T09:10:57.939+0000] {dag.py:3036} INFO - Sync 1 DAGs
[2025-07-08T09:10:58.006+0000] {logging_mixin.py:188} INFO - [2025-07-08T09:10:58.006+0000] {dag.py:3823} INFO - Setting next_dagrun for example_sensors to None, run_after=None
[2025-07-08T09:10:58.072+0000] {processor.py:183} INFO - Processing /home/airflow/.local/lib/python3.8/site-packages/airflow/example_dags/example_sensors.py took 0.371 seconds
[2025-07-08T09:11:28.653+0000] {processor.py:161} INFO - Started process (PID=866) to work on /home/airflow/.local/lib/python3.8/site-packages/airflow/example_dags/example_sensors.py
[2025-07-08T09:11:28.655+0000] {processor.py:830} INFO - Processing file /home/airflow/.local/lib/python3.8/site-packages/airflow/example_dags/example_sensors.py for tasks to queue
[2025-07-08T09:11:28.662+0000] {logging_mixin.py:188} INFO - [2025-07-08T09:11:28.661+0000] {dagbag.py:538} INFO - Filling up the DagBag from /home/airflow/.local/lib/python3.8/site-packages/airflow/example_dags/example_sensors.py
[2025-07-08T09:11:28.743+0000] {processor.py:840} INFO - DAG(s) 'example_sensors' retrieved from /home/airflow/.local/lib/python3.8/site-packages/airflow/example_dags/example_sensors.py
[2025-07-08T09:11:28.847+0000] {logging_mixin.py:188} INFO - [2025-07-08T09:11:28.846+0000] {dag.py:3036} INFO - Sync 1 DAGs
[2025-07-08T09:11:28.878+0000] {logging_mixin.py:188} INFO - [2025-07-08T09:11:28.877+0000] {dag.py:3823} INFO - Setting next_dagrun for example_sensors to None, run_after=None
[2025-07-08T09:11:28.953+0000] {processor.py:183} INFO - Processing /home/airflow/.local/lib/python3.8/site-packages/airflow/example_dags/example_sensors.py took 0.307 seconds
[2025-07-08T09:11:59.903+0000] {processor.py:161} INFO - Started process (PID=932) to work on /home/airflow/.local/lib/python3.8/site-packages/airflow/example_dags/example_sensors.py
[2025-07-08T09:11:59.920+0000] {processor.py:830} INFO - Processing file /home/airflow/.local/lib/python3.8/site-packages/airflow/example_dags/example_sensors.py for tasks to queue
[2025-07-08T09:11:59.923+0000] {logging_mixin.py:188} INFO - [2025-07-08T09:11:59.923+0000] {dagbag.py:538} INFO - Filling up the DagBag from /home/airflow/.local/lib/python3.8/site-packages/airflow/example_dags/example_sensors.py
[2025-07-08T09:11:59.957+0000] {processor.py:840} INFO - DAG(s) 'example_sensors' retrieved from /home/airflow/.local/lib/python3.8/site-packages/airflow/example_dags/example_sensors.py
[2025-07-08T09:12:00.061+0000] {logging_mixin.py:188} INFO - [2025-07-08T09:12:00.061+0000] {dag.py:3036} INFO - Sync 1 DAGs
[2025-07-08T09:12:00.086+0000] {logging_mixin.py:188} INFO - [2025-07-08T09:12:00.085+0000] {dag.py:3823} INFO - Setting next_dagrun for example_sensors to None, run_after=None
[2025-07-08T09:12:00.166+0000] {processor.py:183} INFO - Processing /home/airflow/.local/lib/python3.8/site-packages/airflow/example_dags/example_sensors.py took 0.269 seconds
[2025-07-08T09:12:30.614+0000] {processor.py:161} INFO - Started process (PID=999) to work on /home/airflow/.local/lib/python3.8/site-packages/airflow/example_dags/example_sensors.py
[2025-07-08T09:12:30.616+0000] {processor.py:830} INFO - Processing file /home/airflow/.local/lib/python3.8/site-packages/airflow/example_dags/example_sensors.py for tasks to queue
[2025-07-08T09:12:30.619+0000] {logging_mixin.py:188} INFO - [2025-07-08T09:12:30.618+0000] {dagbag.py:538} INFO - Filling up the DagBag from /home/airflow/.local/lib/python3.8/site-packages/airflow/example_dags/example_sensors.py
[2025-07-08T09:12:30.678+0000] {processor.py:840} INFO - DAG(s) 'example_sensors' retrieved from /home/airflow/.local/lib/python3.8/site-packages/airflow/example_dags/example_sensors.py
[2025-07-08T09:12:30.743+0000] {logging_mixin.py:188} INFO - [2025-07-08T09:12:30.742+0000] {dag.py:3036} INFO - Sync 1 DAGs
[2025-07-08T09:12:30.773+0000] {logging_mixin.py:188} INFO - [2025-07-08T09:12:30.772+0000] {dag.py:3823} INFO - Setting next_dagrun for example_sensors to None, run_after=None
[2025-07-08T09:12:30.807+0000] {processor.py:183} INFO - Processing /home/airflow/.local/lib/python3.8/site-packages/airflow/example_dags/example_sensors.py took 0.208 seconds
[2025-07-08T09:13:01.635+0000] {processor.py:161} INFO - Started process (PID=1067) to work on /home/airflow/.local/lib/python3.8/site-packages/airflow/example_dags/example_sensors.py
[2025-07-08T09:13:01.648+0000] {processor.py:830} INFO - Processing file /home/airflow/.local/lib/python3.8/site-packages/airflow/example_dags/example_sensors.py for tasks to queue
[2025-07-08T09:13:01.651+0000] {logging_mixin.py:188} INFO - [2025-07-08T09:13:01.651+0000] {dagbag.py:538} INFO - Filling up the DagBag from /home/airflow/.local/lib/python3.8/site-packages/airflow/example_dags/example_sensors.py
[2025-07-08T09:13:01.744+0000] {processor.py:840} INFO - DAG(s) 'example_sensors' retrieved from /home/airflow/.local/lib/python3.8/site-packages/airflow/example_dags/example_sensors.py
[2025-07-08T09:13:01.877+0000] {logging_mixin.py:188} INFO - [2025-07-08T09:13:01.877+0000] {dag.py:3036} INFO - Sync 1 DAGs
[2025-07-08T09:13:01.924+0000] {logging_mixin.py:188} INFO - [2025-07-08T09:13:01.924+0000] {dag.py:3823} INFO - Setting next_dagrun for example_sensors to None, run_after=None
[2025-07-08T09:13:02.043+0000] {processor.py:183} INFO - Processing /home/airflow/.local/lib/python3.8/site-packages/airflow/example_dags/example_sensors.py took 0.446 seconds
[2025-07-08T09:13:32.718+0000] {processor.py:161} INFO - Started process (PID=1134) to work on /home/airflow/.local/lib/python3.8/site-packages/airflow/example_dags/example_sensors.py
[2025-07-08T09:13:32.719+0000] {processor.py:830} INFO - Processing file /home/airflow/.local/lib/python3.8/site-packages/airflow/example_dags/example_sensors.py for tasks to queue
[2025-07-08T09:13:32.741+0000] {logging_mixin.py:188} INFO - [2025-07-08T09:13:32.729+0000] {dagbag.py:538} INFO - Filling up the DagBag from /home/airflow/.local/lib/python3.8/site-packages/airflow/example_dags/example_sensors.py
[2025-07-08T09:13:32.794+0000] {processor.py:840} INFO - DAG(s) 'example_sensors' retrieved from /home/airflow/.local/lib/python3.8/site-packages/airflow/example_dags/example_sensors.py
[2025-07-08T09:13:32.984+0000] {logging_mixin.py:188} INFO - [2025-07-08T09:13:32.984+0000] {dag.py:3036} INFO - Sync 1 DAGs
[2025-07-08T09:13:33.021+0000] {logging_mixin.py:188} INFO - [2025-07-08T09:13:33.020+0000] {dag.py:3823} INFO - Setting next_dagrun for example_sensors to None, run_after=None
[2025-07-08T09:13:33.121+0000] {processor.py:183} INFO - Processing /home/airflow/.local/lib/python3.8/site-packages/airflow/example_dags/example_sensors.py took 0.418 seconds
[2025-07-08T09:14:03.703+0000] {processor.py:161} INFO - Started process (PID=1191) to work on /home/airflow/.local/lib/python3.8/site-packages/airflow/example_dags/example_sensors.py
[2025-07-08T09:14:03.705+0000] {processor.py:830} INFO - Processing file /home/airflow/.local/lib/python3.8/site-packages/airflow/example_dags/example_sensors.py for tasks to queue
[2025-07-08T09:14:03.709+0000] {logging_mixin.py:188} INFO - [2025-07-08T09:14:03.708+0000] {dagbag.py:538} INFO - Filling up the DagBag from /home/airflow/.local/lib/python3.8/site-packages/airflow/example_dags/example_sensors.py
[2025-07-08T09:14:03.727+0000] {processor.py:840} INFO - DAG(s) 'example_sensors' retrieved from /home/airflow/.local/lib/python3.8/site-packages/airflow/example_dags/example_sensors.py
[2025-07-08T09:14:03.781+0000] {logging_mixin.py:188} INFO - [2025-07-08T09:14:03.780+0000] {dag.py:3036} INFO - Sync 1 DAGs
[2025-07-08T09:14:03.808+0000] {logging_mixin.py:188} INFO - [2025-07-08T09:14:03.808+0000] {dag.py:3823} INFO - Setting next_dagrun for example_sensors to None, run_after=None
[2025-07-08T09:14:03.862+0000] {processor.py:183} INFO - Processing /home/airflow/.local/lib/python3.8/site-packages/airflow/example_dags/example_sensors.py took 0.172 seconds
[2025-07-08T09:14:34.222+0000] {processor.py:161} INFO - Started process (PID=1258) to work on /home/airflow/.local/lib/python3.8/site-packages/airflow/example_dags/example_sensors.py
[2025-07-08T09:14:34.224+0000] {processor.py:830} INFO - Processing file /home/airflow/.local/lib/python3.8/site-packages/airflow/example_dags/example_sensors.py for tasks to queue
[2025-07-08T09:14:34.227+0000] {logging_mixin.py:188} INFO - [2025-07-08T09:14:34.227+0000] {dagbag.py:538} INFO - Filling up the DagBag from /home/airflow/.local/lib/python3.8/site-packages/airflow/example_dags/example_sensors.py
[2025-07-08T09:14:34.246+0000] {processor.py:840} INFO - DAG(s) 'example_sensors' retrieved from /home/airflow/.local/lib/python3.8/site-packages/airflow/example_dags/example_sensors.py
[2025-07-08T09:14:34.303+0000] {logging_mixin.py:188} INFO - [2025-07-08T09:14:34.302+0000] {dag.py:3036} INFO - Sync 1 DAGs
[2025-07-08T09:14:34.328+0000] {logging_mixin.py:188} INFO - [2025-07-08T09:14:34.328+0000] {dag.py:3823} INFO - Setting next_dagrun for example_sensors to None, run_after=None
[2025-07-08T09:14:34.363+0000] {processor.py:183} INFO - Processing /home/airflow/.local/lib/python3.8/site-packages/airflow/example_dags/example_sensors.py took 0.147 seconds
[2025-07-08T09:15:04.709+0000] {processor.py:161} INFO - Started process (PID=1323) to work on /home/airflow/.local/lib/python3.8/site-packages/airflow/example_dags/example_sensors.py
[2025-07-08T09:15:04.720+0000] {processor.py:830} INFO - Processing file /home/airflow/.local/lib/python3.8/site-packages/airflow/example_dags/example_sensors.py for tasks to queue
[2025-07-08T09:15:04.724+0000] {logging_mixin.py:188} INFO - [2025-07-08T09:15:04.723+0000] {dagbag.py:538} INFO - Filling up the DagBag from /home/airflow/.local/lib/python3.8/site-packages/airflow/example_dags/example_sensors.py
[2025-07-08T09:15:04.769+0000] {processor.py:840} INFO - DAG(s) 'example_sensors' retrieved from /home/airflow/.local/lib/python3.8/site-packages/airflow/example_dags/example_sensors.py
[2025-07-08T09:15:04.869+0000] {logging_mixin.py:188} INFO - [2025-07-08T09:15:04.869+0000] {dag.py:3036} INFO - Sync 1 DAGs
[2025-07-08T09:15:04.916+0000] {logging_mixin.py:188} INFO - [2025-07-08T09:15:04.916+0000] {dag.py:3823} INFO - Setting next_dagrun for example_sensors to None, run_after=None
[2025-07-08T09:15:04.989+0000] {processor.py:183} INFO - Processing /home/airflow/.local/lib/python3.8/site-packages/airflow/example_dags/example_sensors.py took 0.291 seconds
[2025-07-08T09:15:35.085+0000] {processor.py:161} INFO - Started process (PID=1390) to work on /home/airflow/.local/lib/python3.8/site-packages/airflow/example_dags/example_sensors.py
[2025-07-08T09:15:35.086+0000] {processor.py:830} INFO - Processing file /home/airflow/.local/lib/python3.8/site-packages/airflow/example_dags/example_sensors.py for tasks to queue
[2025-07-08T09:15:35.089+0000] {logging_mixin.py:188} INFO - [2025-07-08T09:15:35.089+0000] {dagbag.py:538} INFO - Filling up the DagBag from /home/airflow/.local/lib/python3.8/site-packages/airflow/example_dags/example_sensors.py
[2025-07-08T09:15:35.107+0000] {processor.py:840} INFO - DAG(s) 'example_sensors' retrieved from /home/airflow/.local/lib/python3.8/site-packages/airflow/example_dags/example_sensors.py
[2025-07-08T09:15:35.157+0000] {logging_mixin.py:188} INFO - [2025-07-08T09:15:35.157+0000] {dag.py:3036} INFO - Sync 1 DAGs
[2025-07-08T09:15:35.184+0000] {logging_mixin.py:188} INFO - [2025-07-08T09:15:35.184+0000] {dag.py:3823} INFO - Setting next_dagrun for example_sensors to None, run_after=None
[2025-07-08T09:15:35.220+0000] {processor.py:183} INFO - Processing /home/airflow/.local/lib/python3.8/site-packages/airflow/example_dags/example_sensors.py took 0.142 seconds
[2025-07-08T09:16:05.505+0000] {processor.py:161} INFO - Started process (PID=1456) to work on /home/airflow/.local/lib/python3.8/site-packages/airflow/example_dags/example_sensors.py
[2025-07-08T09:16:05.508+0000] {processor.py:830} INFO - Processing file /home/airflow/.local/lib/python3.8/site-packages/airflow/example_dags/example_sensors.py for tasks to queue
[2025-07-08T09:16:05.513+0000] {logging_mixin.py:188} INFO - [2025-07-08T09:16:05.513+0000] {dagbag.py:538} INFO - Filling up the DagBag from /home/airflow/.local/lib/python3.8/site-packages/airflow/example_dags/example_sensors.py
[2025-07-08T09:16:05.539+0000] {processor.py:840} INFO - DAG(s) 'example_sensors' retrieved from /home/airflow/.local/lib/python3.8/site-packages/airflow/example_dags/example_sensors.py
[2025-07-08T09:16:05.639+0000] {logging_mixin.py:188} INFO - [2025-07-08T09:16:05.638+0000] {dag.py:3036} INFO - Sync 1 DAGs
[2025-07-08T09:16:05.687+0000] {logging_mixin.py:188} INFO - [2025-07-08T09:16:05.686+0000] {dag.py:3823} INFO - Setting next_dagrun for example_sensors to None, run_after=None
[2025-07-08T09:16:05.812+0000] {processor.py:183} INFO - Processing /home/airflow/.local/lib/python3.8/site-packages/airflow/example_dags/example_sensors.py took 0.314 seconds
[2025-07-08T09:16:36.132+0000] {processor.py:161} INFO - Started process (PID=1521) to work on /home/airflow/.local/lib/python3.8/site-packages/airflow/example_dags/example_sensors.py
[2025-07-08T09:16:36.134+0000] {processor.py:830} INFO - Processing file /home/airflow/.local/lib/python3.8/site-packages/airflow/example_dags/example_sensors.py for tasks to queue
[2025-07-08T09:16:36.137+0000] {logging_mixin.py:188} INFO - [2025-07-08T09:16:36.136+0000] {dagbag.py:538} INFO - Filling up the DagBag from /home/airflow/.local/lib/python3.8/site-packages/airflow/example_dags/example_sensors.py
[2025-07-08T09:16:36.181+0000] {processor.py:840} INFO - DAG(s) 'example_sensors' retrieved from /home/airflow/.local/lib/python3.8/site-packages/airflow/example_dags/example_sensors.py
[2025-07-08T09:16:36.234+0000] {logging_mixin.py:188} INFO - [2025-07-08T09:16:36.233+0000] {dag.py:3036} INFO - Sync 1 DAGs
[2025-07-08T09:16:36.258+0000] {logging_mixin.py:188} INFO - [2025-07-08T09:16:36.257+0000] {dag.py:3823} INFO - Setting next_dagrun for example_sensors to None, run_after=None
[2025-07-08T09:16:36.307+0000] {processor.py:183} INFO - Processing /home/airflow/.local/lib/python3.8/site-packages/airflow/example_dags/example_sensors.py took 0.197 seconds
[2025-07-08T09:17:06.884+0000] {processor.py:161} INFO - Started process (PID=1588) to work on /home/airflow/.local/lib/python3.8/site-packages/airflow/example_dags/example_sensors.py
[2025-07-08T09:17:06.888+0000] {processor.py:830} INFO - Processing file /home/airflow/.local/lib/python3.8/site-packages/airflow/example_dags/example_sensors.py for tasks to queue
[2025-07-08T09:17:06.892+0000] {logging_mixin.py:188} INFO - [2025-07-08T09:17:06.892+0000] {dagbag.py:538} INFO - Filling up the DagBag from /home/airflow/.local/lib/python3.8/site-packages/airflow/example_dags/example_sensors.py
[2025-07-08T09:17:06.924+0000] {processor.py:840} INFO - DAG(s) 'example_sensors' retrieved from /home/airflow/.local/lib/python3.8/site-packages/airflow/example_dags/example_sensors.py
[2025-07-08T09:17:07.017+0000] {logging_mixin.py:188} INFO - [2025-07-08T09:17:07.016+0000] {dag.py:3036} INFO - Sync 1 DAGs
[2025-07-08T09:17:07.048+0000] {logging_mixin.py:188} INFO - [2025-07-08T09:17:07.048+0000] {dag.py:3823} INFO - Setting next_dagrun for example_sensors to None, run_after=None
[2025-07-08T09:17:07.120+0000] {processor.py:183} INFO - Processing /home/airflow/.local/lib/python3.8/site-packages/airflow/example_dags/example_sensors.py took 0.244 seconds
[2025-07-08T09:17:37.328+0000] {processor.py:161} INFO - Started process (PID=1647) to work on /home/airflow/.local/lib/python3.8/site-packages/airflow/example_dags/example_sensors.py
[2025-07-08T09:17:37.331+0000] {processor.py:830} INFO - Processing file /home/airflow/.local/lib/python3.8/site-packages/airflow/example_dags/example_sensors.py for tasks to queue
[2025-07-08T09:17:37.334+0000] {logging_mixin.py:188} INFO - [2025-07-08T09:17:37.333+0000] {dagbag.py:538} INFO - Filling up the DagBag from /home/airflow/.local/lib/python3.8/site-packages/airflow/example_dags/example_sensors.py
[2025-07-08T09:17:37.352+0000] {processor.py:840} INFO - DAG(s) 'example_sensors' retrieved from /home/airflow/.local/lib/python3.8/site-packages/airflow/example_dags/example_sensors.py
[2025-07-08T09:17:37.405+0000] {logging_mixin.py:188} INFO - [2025-07-08T09:17:37.404+0000] {dag.py:3036} INFO - Sync 1 DAGs
[2025-07-08T09:17:37.426+0000] {logging_mixin.py:188} INFO - [2025-07-08T09:17:37.425+0000] {dag.py:3823} INFO - Setting next_dagrun for example_sensors to None, run_after=None
[2025-07-08T09:17:37.456+0000] {processor.py:183} INFO - Processing /home/airflow/.local/lib/python3.8/site-packages/airflow/example_dags/example_sensors.py took 0.134 seconds
[2025-07-08T09:18:08.867+0000] {processor.py:161} INFO - Started process (PID=1712) to work on /home/airflow/.local/lib/python3.8/site-packages/airflow/example_dags/example_sensors.py
[2025-07-08T09:18:08.869+0000] {processor.py:830} INFO - Processing file /home/airflow/.local/lib/python3.8/site-packages/airflow/example_dags/example_sensors.py for tasks to queue
[2025-07-08T09:18:08.872+0000] {logging_mixin.py:188} INFO - [2025-07-08T09:18:08.871+0000] {dagbag.py:538} INFO - Filling up the DagBag from /home/airflow/.local/lib/python3.8/site-packages/airflow/example_dags/example_sensors.py
[2025-07-08T09:18:08.890+0000] {processor.py:840} INFO - DAG(s) 'example_sensors' retrieved from /home/airflow/.local/lib/python3.8/site-packages/airflow/example_dags/example_sensors.py
[2025-07-08T09:18:08.937+0000] {logging_mixin.py:188} INFO - [2025-07-08T09:18:08.936+0000] {dag.py:3036} INFO - Sync 1 DAGs
[2025-07-08T09:18:08.962+0000] {logging_mixin.py:188} INFO - [2025-07-08T09:18:08.962+0000] {dag.py:3823} INFO - Setting next_dagrun for example_sensors to None, run_after=None
[2025-07-08T09:18:08.997+0000] {processor.py:183} INFO - Processing /home/airflow/.local/lib/python3.8/site-packages/airflow/example_dags/example_sensors.py took 0.136 seconds
[2025-07-08T09:18:40.591+0000] {processor.py:161} INFO - Started process (PID=1778) to work on /home/airflow/.local/lib/python3.8/site-packages/airflow/example_dags/example_sensors.py
[2025-07-08T09:18:40.592+0000] {processor.py:830} INFO - Processing file /home/airflow/.local/lib/python3.8/site-packages/airflow/example_dags/example_sensors.py for tasks to queue
[2025-07-08T09:18:40.596+0000] {logging_mixin.py:188} INFO - [2025-07-08T09:18:40.595+0000] {dagbag.py:538} INFO - Filling up the DagBag from /home/airflow/.local/lib/python3.8/site-packages/airflow/example_dags/example_sensors.py
[2025-07-08T09:18:40.633+0000] {processor.py:840} INFO - DAG(s) 'example_sensors' retrieved from /home/airflow/.local/lib/python3.8/site-packages/airflow/example_dags/example_sensors.py
[2025-07-08T09:18:40.785+0000] {logging_mixin.py:188} INFO - [2025-07-08T09:18:40.785+0000] {dag.py:3036} INFO - Sync 1 DAGs
[2025-07-08T09:18:40.840+0000] {logging_mixin.py:188} INFO - [2025-07-08T09:18:40.839+0000] {dag.py:3823} INFO - Setting next_dagrun for example_sensors to None, run_after=None
[2025-07-08T09:18:40.914+0000] {processor.py:183} INFO - Processing /home/airflow/.local/lib/python3.8/site-packages/airflow/example_dags/example_sensors.py took 0.345 seconds
[2025-07-08T09:19:11.241+0000] {processor.py:161} INFO - Started process (PID=1843) to work on /home/airflow/.local/lib/python3.8/site-packages/airflow/example_dags/example_sensors.py
[2025-07-08T09:19:11.243+0000] {processor.py:830} INFO - Processing file /home/airflow/.local/lib/python3.8/site-packages/airflow/example_dags/example_sensors.py for tasks to queue
[2025-07-08T09:19:11.246+0000] {logging_mixin.py:188} INFO - [2025-07-08T09:19:11.246+0000] {dagbag.py:538} INFO - Filling up the DagBag from /home/airflow/.local/lib/python3.8/site-packages/airflow/example_dags/example_sensors.py
[2025-07-08T09:19:11.279+0000] {processor.py:840} INFO - DAG(s) 'example_sensors' retrieved from /home/airflow/.local/lib/python3.8/site-packages/airflow/example_dags/example_sensors.py
[2025-07-08T09:19:11.385+0000] {logging_mixin.py:188} INFO - [2025-07-08T09:19:11.385+0000] {dag.py:3036} INFO - Sync 1 DAGs
[2025-07-08T09:19:11.426+0000] {logging_mixin.py:188} INFO - [2025-07-08T09:19:11.426+0000] {dag.py:3823} INFO - Setting next_dagrun for example_sensors to None, run_after=None
[2025-07-08T09:19:11.498+0000] {processor.py:183} INFO - Processing /home/airflow/.local/lib/python3.8/site-packages/airflow/example_dags/example_sensors.py took 0.263 seconds
[2025-07-08T09:19:41.774+0000] {processor.py:161} INFO - Started process (PID=1907) to work on /home/airflow/.local/lib/python3.8/site-packages/airflow/example_dags/example_sensors.py
[2025-07-08T09:19:41.776+0000] {processor.py:830} INFO - Processing file /home/airflow/.local/lib/python3.8/site-packages/airflow/example_dags/example_sensors.py for tasks to queue
[2025-07-08T09:19:41.779+0000] {logging_mixin.py:188} INFO - [2025-07-08T09:19:41.778+0000] {dagbag.py:538} INFO - Filling up the DagBag from /home/airflow/.local/lib/python3.8/site-packages/airflow/example_dags/example_sensors.py
[2025-07-08T09:19:41.799+0000] {processor.py:840} INFO - DAG(s) 'example_sensors' retrieved from /home/airflow/.local/lib/python3.8/site-packages/airflow/example_dags/example_sensors.py
[2025-07-08T09:19:41.853+0000] {logging_mixin.py:188} INFO - [2025-07-08T09:19:41.852+0000] {dag.py:3036} INFO - Sync 1 DAGs
[2025-07-08T09:19:41.879+0000] {logging_mixin.py:188} INFO - [2025-07-08T09:19:41.878+0000] {dag.py:3823} INFO - Setting next_dagrun for example_sensors to None, run_after=None
[2025-07-08T09:19:41.914+0000] {processor.py:183} INFO - Processing /home/airflow/.local/lib/python3.8/site-packages/airflow/example_dags/example_sensors.py took 0.146 seconds
[2025-07-08T09:20:12.342+0000] {processor.py:161} INFO - Started process (PID=1967) to work on /home/airflow/.local/lib/python3.8/site-packages/airflow/example_dags/example_sensors.py
[2025-07-08T09:20:12.348+0000] {processor.py:830} INFO - Processing file /home/airflow/.local/lib/python3.8/site-packages/airflow/example_dags/example_sensors.py for tasks to queue
[2025-07-08T09:20:12.351+0000] {logging_mixin.py:188} INFO - [2025-07-08T09:20:12.350+0000] {dagbag.py:538} INFO - Filling up the DagBag from /home/airflow/.local/lib/python3.8/site-packages/airflow/example_dags/example_sensors.py
[2025-07-08T09:20:12.373+0000] {processor.py:840} INFO - DAG(s) 'example_sensors' retrieved from /home/airflow/.local/lib/python3.8/site-packages/airflow/example_dags/example_sensors.py
[2025-07-08T09:20:12.433+0000] {logging_mixin.py:188} INFO - [2025-07-08T09:20:12.433+0000] {dag.py:3036} INFO - Sync 1 DAGs
[2025-07-08T09:20:12.458+0000] {logging_mixin.py:188} INFO - [2025-07-08T09:20:12.457+0000] {dag.py:3823} INFO - Setting next_dagrun for example_sensors to None, run_after=None
[2025-07-08T09:20:12.494+0000] {processor.py:183} INFO - Processing /home/airflow/.local/lib/python3.8/site-packages/airflow/example_dags/example_sensors.py took 0.159 seconds
[2025-07-08T09:20:43.393+0000] {processor.py:161} INFO - Started process (PID=2034) to work on /home/airflow/.local/lib/python3.8/site-packages/airflow/example_dags/example_sensors.py
[2025-07-08T09:20:43.394+0000] {processor.py:830} INFO - Processing file /home/airflow/.local/lib/python3.8/site-packages/airflow/example_dags/example_sensors.py for tasks to queue
[2025-07-08T09:20:43.398+0000] {logging_mixin.py:188} INFO - [2025-07-08T09:20:43.397+0000] {dagbag.py:538} INFO - Filling up the DagBag from /home/airflow/.local/lib/python3.8/site-packages/airflow/example_dags/example_sensors.py
[2025-07-08T09:20:43.416+0000] {processor.py:840} INFO - DAG(s) 'example_sensors' retrieved from /home/airflow/.local/lib/python3.8/site-packages/airflow/example_dags/example_sensors.py
[2025-07-08T09:20:43.475+0000] {logging_mixin.py:188} INFO - [2025-07-08T09:20:43.475+0000] {dag.py:3036} INFO - Sync 1 DAGs
[2025-07-08T09:20:43.500+0000] {logging_mixin.py:188} INFO - [2025-07-08T09:20:43.499+0000] {dag.py:3823} INFO - Setting next_dagrun for example_sensors to None, run_after=None
[2025-07-08T09:20:43.562+0000] {processor.py:183} INFO - Processing /home/airflow/.local/lib/python3.8/site-packages/airflow/example_dags/example_sensors.py took 0.174 seconds
[2025-07-08T09:21:13.790+0000] {processor.py:161} INFO - Started process (PID=2100) to work on /home/airflow/.local/lib/python3.8/site-packages/airflow/example_dags/example_sensors.py
[2025-07-08T09:21:13.792+0000] {processor.py:830} INFO - Processing file /home/airflow/.local/lib/python3.8/site-packages/airflow/example_dags/example_sensors.py for tasks to queue
[2025-07-08T09:21:13.795+0000] {logging_mixin.py:188} INFO - [2025-07-08T09:21:13.794+0000] {dagbag.py:538} INFO - Filling up the DagBag from /home/airflow/.local/lib/python3.8/site-packages/airflow/example_dags/example_sensors.py
[2025-07-08T09:21:13.813+0000] {processor.py:840} INFO - DAG(s) 'example_sensors' retrieved from /home/airflow/.local/lib/python3.8/site-packages/airflow/example_dags/example_sensors.py
[2025-07-08T09:21:13.863+0000] {logging_mixin.py:188} INFO - [2025-07-08T09:21:13.863+0000] {dag.py:3036} INFO - Sync 1 DAGs
[2025-07-08T09:21:13.889+0000] {logging_mixin.py:188} INFO - [2025-07-08T09:21:13.888+0000] {dag.py:3823} INFO - Setting next_dagrun for example_sensors to None, run_after=None
[2025-07-08T09:21:13.922+0000] {processor.py:183} INFO - Processing /home/airflow/.local/lib/python3.8/site-packages/airflow/example_dags/example_sensors.py took 0.138 seconds
[2025-07-08T09:21:44.816+0000] {processor.py:161} INFO - Started process (PID=2166) to work on /home/airflow/.local/lib/python3.8/site-packages/airflow/example_dags/example_sensors.py
[2025-07-08T09:21:44.817+0000] {processor.py:830} INFO - Processing file /home/airflow/.local/lib/python3.8/site-packages/airflow/example_dags/example_sensors.py for tasks to queue
[2025-07-08T09:21:44.848+0000] {logging_mixin.py:188} INFO - [2025-07-08T09:21:44.820+0000] {dagbag.py:538} INFO - Filling up the DagBag from /home/airflow/.local/lib/python3.8/site-packages/airflow/example_dags/example_sensors.py
[2025-07-08T09:21:44.900+0000] {processor.py:840} INFO - DAG(s) 'example_sensors' retrieved from /home/airflow/.local/lib/python3.8/site-packages/airflow/example_dags/example_sensors.py
[2025-07-08T09:21:44.956+0000] {logging_mixin.py:188} INFO - [2025-07-08T09:21:44.955+0000] {dag.py:3036} INFO - Sync 1 DAGs
[2025-07-08T09:21:44.998+0000] {logging_mixin.py:188} INFO - [2025-07-08T09:21:44.998+0000] {dag.py:3823} INFO - Setting next_dagrun for example_sensors to None, run_after=None
[2025-07-08T09:21:45.044+0000] {processor.py:183} INFO - Processing /home/airflow/.local/lib/python3.8/site-packages/airflow/example_dags/example_sensors.py took 0.239 seconds
[2025-07-08T09:22:16.218+0000] {processor.py:161} INFO - Started process (PID=2232) to work on /home/airflow/.local/lib/python3.8/site-packages/airflow/example_dags/example_sensors.py
[2025-07-08T09:22:16.225+0000] {processor.py:830} INFO - Processing file /home/airflow/.local/lib/python3.8/site-packages/airflow/example_dags/example_sensors.py for tasks to queue
[2025-07-08T09:22:16.234+0000] {logging_mixin.py:188} INFO - [2025-07-08T09:22:16.233+0000] {dagbag.py:538} INFO - Filling up the DagBag from /home/airflow/.local/lib/python3.8/site-packages/airflow/example_dags/example_sensors.py
[2025-07-08T09:22:16.320+0000] {processor.py:840} INFO - DAG(s) 'example_sensors' retrieved from /home/airflow/.local/lib/python3.8/site-packages/airflow/example_dags/example_sensors.py
[2025-07-08T09:22:16.497+0000] {logging_mixin.py:188} INFO - [2025-07-08T09:22:16.497+0000] {dag.py:3036} INFO - Sync 1 DAGs
[2025-07-08T09:22:16.581+0000] {logging_mixin.py:188} INFO - [2025-07-08T09:22:16.579+0000] {dag.py:3823} INFO - Setting next_dagrun for example_sensors to None, run_after=None
[2025-07-08T09:22:16.698+0000] {processor.py:183} INFO - Processing /home/airflow/.local/lib/python3.8/site-packages/airflow/example_dags/example_sensors.py took 0.503 seconds
[2025-07-08T09:22:47.024+0000] {processor.py:161} INFO - Started process (PID=2290) to work on /home/airflow/.local/lib/python3.8/site-packages/airflow/example_dags/example_sensors.py
[2025-07-08T09:22:47.026+0000] {processor.py:830} INFO - Processing file /home/airflow/.local/lib/python3.8/site-packages/airflow/example_dags/example_sensors.py for tasks to queue
[2025-07-08T09:22:47.029+0000] {logging_mixin.py:188} INFO - [2025-07-08T09:22:47.028+0000] {dagbag.py:538} INFO - Filling up the DagBag from /home/airflow/.local/lib/python3.8/site-packages/airflow/example_dags/example_sensors.py
[2025-07-08T09:22:47.064+0000] {processor.py:840} INFO - DAG(s) 'example_sensors' retrieved from /home/airflow/.local/lib/python3.8/site-packages/airflow/example_dags/example_sensors.py
[2025-07-08T09:22:47.196+0000] {logging_mixin.py:188} INFO - [2025-07-08T09:22:47.195+0000] {dag.py:3036} INFO - Sync 1 DAGs
[2025-07-08T09:22:47.258+0000] {logging_mixin.py:188} INFO - [2025-07-08T09:22:47.257+0000] {dag.py:3823} INFO - Setting next_dagrun for example_sensors to None, run_after=None
[2025-07-08T09:22:47.332+0000] {processor.py:183} INFO - Processing /home/airflow/.local/lib/python3.8/site-packages/airflow/example_dags/example_sensors.py took 0.322 seconds
[2025-07-08T09:23:17.627+0000] {processor.py:161} INFO - Started process (PID=2357) to work on /home/airflow/.local/lib/python3.8/site-packages/airflow/example_dags/example_sensors.py
[2025-07-08T09:23:17.631+0000] {processor.py:830} INFO - Processing file /home/airflow/.local/lib/python3.8/site-packages/airflow/example_dags/example_sensors.py for tasks to queue
[2025-07-08T09:23:17.635+0000] {logging_mixin.py:188} INFO - [2025-07-08T09:23:17.635+0000] {dagbag.py:538} INFO - Filling up the DagBag from /home/airflow/.local/lib/python3.8/site-packages/airflow/example_dags/example_sensors.py
[2025-07-08T09:23:17.661+0000] {processor.py:840} INFO - DAG(s) 'example_sensors' retrieved from /home/airflow/.local/lib/python3.8/site-packages/airflow/example_dags/example_sensors.py
[2025-07-08T09:23:17.834+0000] {logging_mixin.py:188} INFO - [2025-07-08T09:23:17.834+0000] {dag.py:3036} INFO - Sync 1 DAGs
[2025-07-08T09:23:17.896+0000] {logging_mixin.py:188} INFO - [2025-07-08T09:23:17.895+0000] {dag.py:3823} INFO - Setting next_dagrun for example_sensors to None, run_after=None
[2025-07-08T09:23:18.005+0000] {processor.py:183} INFO - Processing /home/airflow/.local/lib/python3.8/site-packages/airflow/example_dags/example_sensors.py took 0.386 seconds
[2025-07-08T09:23:48.384+0000] {processor.py:161} INFO - Started process (PID=2423) to work on /home/airflow/.local/lib/python3.8/site-packages/airflow/example_dags/example_sensors.py
[2025-07-08T09:23:48.386+0000] {processor.py:830} INFO - Processing file /home/airflow/.local/lib/python3.8/site-packages/airflow/example_dags/example_sensors.py for tasks to queue
[2025-07-08T09:23:48.389+0000] {logging_mixin.py:188} INFO - [2025-07-08T09:23:48.389+0000] {dagbag.py:538} INFO - Filling up the DagBag from /home/airflow/.local/lib/python3.8/site-packages/airflow/example_dags/example_sensors.py
[2025-07-08T09:23:48.418+0000] {processor.py:840} INFO - DAG(s) 'example_sensors' retrieved from /home/airflow/.local/lib/python3.8/site-packages/airflow/example_dags/example_sensors.py
[2025-07-08T09:23:48.530+0000] {logging_mixin.py:188} INFO - [2025-07-08T09:23:48.529+0000] {dag.py:3036} INFO - Sync 1 DAGs
[2025-07-08T09:23:48.566+0000] {logging_mixin.py:188} INFO - [2025-07-08T09:23:48.565+0000] {dag.py:3823} INFO - Setting next_dagrun for example_sensors to None, run_after=None
[2025-07-08T09:23:48.686+0000] {processor.py:183} INFO - Processing /home/airflow/.local/lib/python3.8/site-packages/airflow/example_dags/example_sensors.py took 0.317 seconds
[2025-07-08T09:24:18.895+0000] {processor.py:161} INFO - Started process (PID=2489) to work on /home/airflow/.local/lib/python3.8/site-packages/airflow/example_dags/example_sensors.py
[2025-07-08T09:24:18.899+0000] {processor.py:830} INFO - Processing file /home/airflow/.local/lib/python3.8/site-packages/airflow/example_dags/example_sensors.py for tasks to queue
[2025-07-08T09:24:18.902+0000] {logging_mixin.py:188} INFO - [2025-07-08T09:24:18.902+0000] {dagbag.py:538} INFO - Filling up the DagBag from /home/airflow/.local/lib/python3.8/site-packages/airflow/example_dags/example_sensors.py
[2025-07-08T09:24:18.944+0000] {processor.py:840} INFO - DAG(s) 'example_sensors' retrieved from /home/airflow/.local/lib/python3.8/site-packages/airflow/example_dags/example_sensors.py
[2025-07-08T09:24:19.004+0000] {logging_mixin.py:188} INFO - [2025-07-08T09:24:19.004+0000] {dag.py:3036} INFO - Sync 1 DAGs
[2025-07-08T09:24:19.032+0000] {logging_mixin.py:188} INFO - [2025-07-08T09:24:19.032+0000] {dag.py:3823} INFO - Setting next_dagrun for example_sensors to None, run_after=None
[2025-07-08T09:24:19.067+0000] {processor.py:183} INFO - Processing /home/airflow/.local/lib/python3.8/site-packages/airflow/example_dags/example_sensors.py took 0.210 seconds
[2025-07-08T09:24:49.634+0000] {processor.py:161} INFO - Started process (PID=2556) to work on /home/airflow/.local/lib/python3.8/site-packages/airflow/example_dags/example_sensors.py
[2025-07-08T09:24:49.636+0000] {processor.py:830} INFO - Processing file /home/airflow/.local/lib/python3.8/site-packages/airflow/example_dags/example_sensors.py for tasks to queue
[2025-07-08T09:24:49.645+0000] {logging_mixin.py:188} INFO - [2025-07-08T09:24:49.643+0000] {dagbag.py:538} INFO - Filling up the DagBag from /home/airflow/.local/lib/python3.8/site-packages/airflow/example_dags/example_sensors.py
[2025-07-08T09:24:49.711+0000] {processor.py:840} INFO - DAG(s) 'example_sensors' retrieved from /home/airflow/.local/lib/python3.8/site-packages/airflow/example_dags/example_sensors.py
[2025-07-08T09:24:49.782+0000] {logging_mixin.py:188} INFO - [2025-07-08T09:24:49.782+0000] {dag.py:3036} INFO - Sync 1 DAGs
[2025-07-08T09:24:49.811+0000] {logging_mixin.py:188} INFO - [2025-07-08T09:24:49.811+0000] {dag.py:3823} INFO - Setting next_dagrun for example_sensors to None, run_after=None
[2025-07-08T09:24:49.879+0000] {processor.py:183} INFO - Processing /home/airflow/.local/lib/python3.8/site-packages/airflow/example_dags/example_sensors.py took 0.254 seconds
[2025-07-08T09:25:20.354+0000] {processor.py:161} INFO - Started process (PID=2622) to work on /home/airflow/.local/lib/python3.8/site-packages/airflow/example_dags/example_sensors.py
[2025-07-08T09:25:20.358+0000] {processor.py:830} INFO - Processing file /home/airflow/.local/lib/python3.8/site-packages/airflow/example_dags/example_sensors.py for tasks to queue
[2025-07-08T09:25:20.361+0000] {logging_mixin.py:188} INFO - [2025-07-08T09:25:20.360+0000] {dagbag.py:538} INFO - Filling up the DagBag from /home/airflow/.local/lib/python3.8/site-packages/airflow/example_dags/example_sensors.py
[2025-07-08T09:25:20.433+0000] {processor.py:840} INFO - DAG(s) 'example_sensors' retrieved from /home/airflow/.local/lib/python3.8/site-packages/airflow/example_dags/example_sensors.py
[2025-07-08T09:25:20.575+0000] {logging_mixin.py:188} INFO - [2025-07-08T09:25:20.574+0000] {dag.py:3036} INFO - Sync 1 DAGs
[2025-07-08T09:25:20.659+0000] {logging_mixin.py:188} INFO - [2025-07-08T09:25:20.659+0000] {dag.py:3823} INFO - Setting next_dagrun for example_sensors to None, run_after=None
[2025-07-08T09:25:20.798+0000] {processor.py:183} INFO - Processing /home/airflow/.local/lib/python3.8/site-packages/airflow/example_dags/example_sensors.py took 0.462 seconds
[2025-07-08T09:25:51.731+0000] {processor.py:161} INFO - Started process (PID=2689) to work on /home/airflow/.local/lib/python3.8/site-packages/airflow/example_dags/example_sensors.py
[2025-07-08T09:25:51.732+0000] {processor.py:830} INFO - Processing file /home/airflow/.local/lib/python3.8/site-packages/airflow/example_dags/example_sensors.py for tasks to queue
[2025-07-08T09:25:51.735+0000] {logging_mixin.py:188} INFO - [2025-07-08T09:25:51.734+0000] {dagbag.py:538} INFO - Filling up the DagBag from /home/airflow/.local/lib/python3.8/site-packages/airflow/example_dags/example_sensors.py
[2025-07-08T09:25:51.798+0000] {processor.py:840} INFO - DAG(s) 'example_sensors' retrieved from /home/airflow/.local/lib/python3.8/site-packages/airflow/example_dags/example_sensors.py
[2025-07-08T09:25:51.882+0000] {logging_mixin.py:188} INFO - [2025-07-08T09:25:51.881+0000] {dag.py:3036} INFO - Sync 1 DAGs
[2025-07-08T09:25:51.945+0000] {logging_mixin.py:188} INFO - [2025-07-08T09:25:51.944+0000] {dag.py:3823} INFO - Setting next_dagrun for example_sensors to None, run_after=None
[2025-07-08T09:25:52.388+0000] {processor.py:183} INFO - Processing /home/airflow/.local/lib/python3.8/site-packages/airflow/example_dags/example_sensors.py took 0.693 seconds
[2025-07-08T09:26:23.092+0000] {processor.py:161} INFO - Started process (PID=2755) to work on /home/airflow/.local/lib/python3.8/site-packages/airflow/example_dags/example_sensors.py
[2025-07-08T09:26:23.100+0000] {processor.py:830} INFO - Processing file /home/airflow/.local/lib/python3.8/site-packages/airflow/example_dags/example_sensors.py for tasks to queue
[2025-07-08T09:26:23.103+0000] {logging_mixin.py:188} INFO - [2025-07-08T09:26:23.103+0000] {dagbag.py:538} INFO - Filling up the DagBag from /home/airflow/.local/lib/python3.8/site-packages/airflow/example_dags/example_sensors.py
[2025-07-08T09:26:23.146+0000] {processor.py:840} INFO - DAG(s) 'example_sensors' retrieved from /home/airflow/.local/lib/python3.8/site-packages/airflow/example_dags/example_sensors.py
[2025-07-08T09:26:23.273+0000] {logging_mixin.py:188} INFO - [2025-07-08T09:26:23.273+0000] {dag.py:3036} INFO - Sync 1 DAGs
[2025-07-08T09:26:24.127+0000] {logging_mixin.py:188} INFO - [2025-07-08T09:26:24.126+0000] {dag.py:3823} INFO - Setting next_dagrun for example_sensors to None, run_after=None
[2025-07-08T09:26:24.196+0000] {processor.py:183} INFO - Processing /home/airflow/.local/lib/python3.8/site-packages/airflow/example_dags/example_sensors.py took 1.118 seconds
[2025-07-08T09:26:54.728+0000] {processor.py:161} INFO - Started process (PID=2815) to work on /home/airflow/.local/lib/python3.8/site-packages/airflow/example_dags/example_sensors.py
[2025-07-08T09:26:54.731+0000] {processor.py:830} INFO - Processing file /home/airflow/.local/lib/python3.8/site-packages/airflow/example_dags/example_sensors.py for tasks to queue
[2025-07-08T09:26:54.733+0000] {logging_mixin.py:188} INFO - [2025-07-08T09:26:54.733+0000] {dagbag.py:538} INFO - Filling up the DagBag from /home/airflow/.local/lib/python3.8/site-packages/airflow/example_dags/example_sensors.py
[2025-07-08T09:26:54.752+0000] {processor.py:840} INFO - DAG(s) 'example_sensors' retrieved from /home/airflow/.local/lib/python3.8/site-packages/airflow/example_dags/example_sensors.py
[2025-07-08T09:26:54.983+0000] {logging_mixin.py:188} INFO - [2025-07-08T09:26:54.983+0000] {dag.py:3036} INFO - Sync 1 DAGs
[2025-07-08T09:26:55.003+0000] {logging_mixin.py:188} INFO - [2025-07-08T09:26:55.003+0000] {dag.py:3823} INFO - Setting next_dagrun for example_sensors to None, run_after=None
[2025-07-08T09:26:55.035+0000] {processor.py:183} INFO - Processing /home/airflow/.local/lib/python3.8/site-packages/airflow/example_dags/example_sensors.py took 0.314 seconds
[2025-07-08T09:27:25.272+0000] {processor.py:161} INFO - Started process (PID=2880) to work on /home/airflow/.local/lib/python3.8/site-packages/airflow/example_dags/example_sensors.py
[2025-07-08T09:27:25.273+0000] {processor.py:830} INFO - Processing file /home/airflow/.local/lib/python3.8/site-packages/airflow/example_dags/example_sensors.py for tasks to queue
[2025-07-08T09:27:25.277+0000] {logging_mixin.py:188} INFO - [2025-07-08T09:27:25.277+0000] {dagbag.py:538} INFO - Filling up the DagBag from /home/airflow/.local/lib/python3.8/site-packages/airflow/example_dags/example_sensors.py
[2025-07-08T09:27:25.297+0000] {processor.py:840} INFO - DAG(s) 'example_sensors' retrieved from /home/airflow/.local/lib/python3.8/site-packages/airflow/example_dags/example_sensors.py
[2025-07-08T09:27:25.598+0000] {logging_mixin.py:188} INFO - [2025-07-08T09:27:25.597+0000] {dag.py:3036} INFO - Sync 1 DAGs
[2025-07-08T09:27:25.621+0000] {logging_mixin.py:188} INFO - [2025-07-08T09:27:25.620+0000] {dag.py:3823} INFO - Setting next_dagrun for example_sensors to None, run_after=None
[2025-07-08T09:27:25.654+0000] {processor.py:183} INFO - Processing /home/airflow/.local/lib/python3.8/site-packages/airflow/example_dags/example_sensors.py took 0.395 seconds
[2025-07-08T09:27:56.396+0000] {processor.py:161} INFO - Started process (PID=2946) to work on /home/airflow/.local/lib/python3.8/site-packages/airflow/example_dags/example_sensors.py
[2025-07-08T09:27:56.398+0000] {processor.py:830} INFO - Processing file /home/airflow/.local/lib/python3.8/site-packages/airflow/example_dags/example_sensors.py for tasks to queue
[2025-07-08T09:27:56.402+0000] {logging_mixin.py:188} INFO - [2025-07-08T09:27:56.401+0000] {dagbag.py:538} INFO - Filling up the DagBag from /home/airflow/.local/lib/python3.8/site-packages/airflow/example_dags/example_sensors.py
[2025-07-08T09:27:56.421+0000] {processor.py:840} INFO - DAG(s) 'example_sensors' retrieved from /home/airflow/.local/lib/python3.8/site-packages/airflow/example_dags/example_sensors.py
[2025-07-08T09:27:56.481+0000] {logging_mixin.py:188} INFO - [2025-07-08T09:27:56.481+0000] {dag.py:3036} INFO - Sync 1 DAGs
[2025-07-08T09:27:56.532+0000] {logging_mixin.py:188} INFO - [2025-07-08T09:27:56.527+0000] {dag.py:3823} INFO - Setting next_dagrun for example_sensors to None, run_after=None
[2025-07-08T09:27:56.571+0000] {processor.py:183} INFO - Processing /home/airflow/.local/lib/python3.8/site-packages/airflow/example_dags/example_sensors.py took 0.181 seconds
[2025-07-08T09:28:27.455+0000] {processor.py:161} INFO - Started process (PID=3011) to work on /home/airflow/.local/lib/python3.8/site-packages/airflow/example_dags/example_sensors.py
[2025-07-08T09:28:27.456+0000] {processor.py:830} INFO - Processing file /home/airflow/.local/lib/python3.8/site-packages/airflow/example_dags/example_sensors.py for tasks to queue
[2025-07-08T09:28:27.459+0000] {logging_mixin.py:188} INFO - [2025-07-08T09:28:27.459+0000] {dagbag.py:538} INFO - Filling up the DagBag from /home/airflow/.local/lib/python3.8/site-packages/airflow/example_dags/example_sensors.py
[2025-07-08T09:28:27.504+0000] {processor.py:840} INFO - DAG(s) 'example_sensors' retrieved from /home/airflow/.local/lib/python3.8/site-packages/airflow/example_dags/example_sensors.py
[2025-07-08T09:28:27.593+0000] {logging_mixin.py:188} INFO - [2025-07-08T09:28:27.593+0000] {dag.py:3036} INFO - Sync 1 DAGs
[2025-07-08T09:28:27.684+0000] {logging_mixin.py:188} INFO - [2025-07-08T09:28:27.683+0000] {dag.py:3823} INFO - Setting next_dagrun for example_sensors to None, run_after=None
[2025-07-08T09:28:27.746+0000] {processor.py:183} INFO - Processing /home/airflow/.local/lib/python3.8/site-packages/airflow/example_dags/example_sensors.py took 0.296 seconds
[2025-07-08T09:28:57.853+0000] {processor.py:161} INFO - Started process (PID=3070) to work on /home/airflow/.local/lib/python3.8/site-packages/airflow/example_dags/example_sensors.py
[2025-07-08T09:28:57.871+0000] {processor.py:830} INFO - Processing file /home/airflow/.local/lib/python3.8/site-packages/airflow/example_dags/example_sensors.py for tasks to queue
[2025-07-08T09:28:57.875+0000] {logging_mixin.py:188} INFO - [2025-07-08T09:28:57.874+0000] {dagbag.py:538} INFO - Filling up the DagBag from /home/airflow/.local/lib/python3.8/site-packages/airflow/example_dags/example_sensors.py
[2025-07-08T09:28:57.895+0000] {processor.py:840} INFO - DAG(s) 'example_sensors' retrieved from /home/airflow/.local/lib/python3.8/site-packages/airflow/example_dags/example_sensors.py
[2025-07-08T09:28:57.997+0000] {logging_mixin.py:188} INFO - [2025-07-08T09:28:57.997+0000] {dag.py:3036} INFO - Sync 1 DAGs
[2025-07-08T09:28:58.038+0000] {logging_mixin.py:188} INFO - [2025-07-08T09:28:58.038+0000] {dag.py:3823} INFO - Setting next_dagrun for example_sensors to None, run_after=None
[2025-07-08T09:28:58.111+0000] {processor.py:183} INFO - Processing /home/airflow/.local/lib/python3.8/site-packages/airflow/example_dags/example_sensors.py took 0.285 seconds
[2025-07-08T09:29:28.287+0000] {processor.py:161} INFO - Started process (PID=3135) to work on /home/airflow/.local/lib/python3.8/site-packages/airflow/example_dags/example_sensors.py
[2025-07-08T09:29:28.289+0000] {processor.py:830} INFO - Processing file /home/airflow/.local/lib/python3.8/site-packages/airflow/example_dags/example_sensors.py for tasks to queue
[2025-07-08T09:29:28.291+0000] {logging_mixin.py:188} INFO - [2025-07-08T09:29:28.291+0000] {dagbag.py:538} INFO - Filling up the DagBag from /home/airflow/.local/lib/python3.8/site-packages/airflow/example_dags/example_sensors.py
[2025-07-08T09:29:28.306+0000] {processor.py:840} INFO - DAG(s) 'example_sensors' retrieved from /home/airflow/.local/lib/python3.8/site-packages/airflow/example_dags/example_sensors.py
[2025-07-08T09:29:28.360+0000] {logging_mixin.py:188} INFO - [2025-07-08T09:29:28.360+0000] {dag.py:3036} INFO - Sync 1 DAGs
[2025-07-08T09:29:28.382+0000] {logging_mixin.py:188} INFO - [2025-07-08T09:29:28.382+0000] {dag.py:3823} INFO - Setting next_dagrun for example_sensors to None, run_after=None
[2025-07-08T09:29:28.422+0000] {processor.py:183} INFO - Processing /home/airflow/.local/lib/python3.8/site-packages/airflow/example_dags/example_sensors.py took 0.140 seconds
[2025-07-08T09:29:59.002+0000] {processor.py:161} INFO - Started process (PID=3201) to work on /home/airflow/.local/lib/python3.8/site-packages/airflow/example_dags/example_sensors.py
[2025-07-08T09:29:59.006+0000] {processor.py:830} INFO - Processing file /home/airflow/.local/lib/python3.8/site-packages/airflow/example_dags/example_sensors.py for tasks to queue
[2025-07-08T09:29:59.027+0000] {logging_mixin.py:188} INFO - [2025-07-08T09:29:59.026+0000] {dagbag.py:538} INFO - Filling up the DagBag from /home/airflow/.local/lib/python3.8/site-packages/airflow/example_dags/example_sensors.py
[2025-07-08T09:29:59.078+0000] {processor.py:840} INFO - DAG(s) 'example_sensors' retrieved from /home/airflow/.local/lib/python3.8/site-packages/airflow/example_dags/example_sensors.py
[2025-07-08T09:29:59.128+0000] {logging_mixin.py:188} INFO - [2025-07-08T09:29:59.127+0000] {dag.py:3036} INFO - Sync 1 DAGs
[2025-07-08T09:29:59.155+0000] {logging_mixin.py:188} INFO - [2025-07-08T09:29:59.155+0000] {dag.py:3823} INFO - Setting next_dagrun for example_sensors to None, run_after=None
[2025-07-08T09:29:59.189+0000] {processor.py:183} INFO - Processing /home/airflow/.local/lib/python3.8/site-packages/airflow/example_dags/example_sensors.py took 0.203 seconds
[2025-07-08T09:30:30.117+0000] {processor.py:161} INFO - Started process (PID=3267) to work on /home/airflow/.local/lib/python3.8/site-packages/airflow/example_dags/example_sensors.py
[2025-07-08T09:30:30.118+0000] {processor.py:830} INFO - Processing file /home/airflow/.local/lib/python3.8/site-packages/airflow/example_dags/example_sensors.py for tasks to queue
[2025-07-08T09:30:30.121+0000] {logging_mixin.py:188} INFO - [2025-07-08T09:30:30.121+0000] {dagbag.py:538} INFO - Filling up the DagBag from /home/airflow/.local/lib/python3.8/site-packages/airflow/example_dags/example_sensors.py
[2025-07-08T09:30:30.141+0000] {processor.py:840} INFO - DAG(s) 'example_sensors' retrieved from /home/airflow/.local/lib/python3.8/site-packages/airflow/example_dags/example_sensors.py
[2025-07-08T09:30:30.194+0000] {logging_mixin.py:188} INFO - [2025-07-08T09:30:30.194+0000] {dag.py:3036} INFO - Sync 1 DAGs
[2025-07-08T09:30:30.238+0000] {logging_mixin.py:188} INFO - [2025-07-08T09:30:30.237+0000] {dag.py:3823} INFO - Setting next_dagrun for example_sensors to None, run_after=None
[2025-07-08T09:30:30.272+0000] {processor.py:183} INFO - Processing /home/airflow/.local/lib/python3.8/site-packages/airflow/example_dags/example_sensors.py took 0.161 seconds
[2025-07-08T09:31:00.371+0000] {processor.py:161} INFO - Started process (PID=3332) to work on /home/airflow/.local/lib/python3.8/site-packages/airflow/example_dags/example_sensors.py
[2025-07-08T09:31:00.372+0000] {processor.py:830} INFO - Processing file /home/airflow/.local/lib/python3.8/site-packages/airflow/example_dags/example_sensors.py for tasks to queue
[2025-07-08T09:31:00.375+0000] {logging_mixin.py:188} INFO - [2025-07-08T09:31:00.375+0000] {dagbag.py:538} INFO - Filling up the DagBag from /home/airflow/.local/lib/python3.8/site-packages/airflow/example_dags/example_sensors.py
[2025-07-08T09:31:00.393+0000] {processor.py:840} INFO - DAG(s) 'example_sensors' retrieved from /home/airflow/.local/lib/python3.8/site-packages/airflow/example_dags/example_sensors.py
[2025-07-08T09:31:00.442+0000] {logging_mixin.py:188} INFO - [2025-07-08T09:31:00.442+0000] {dag.py:3036} INFO - Sync 1 DAGs
[2025-07-08T09:31:00.466+0000] {logging_mixin.py:188} INFO - [2025-07-08T09:31:00.465+0000] {dag.py:3823} INFO - Setting next_dagrun for example_sensors to None, run_after=None
[2025-07-08T09:31:00.497+0000] {processor.py:183} INFO - Processing /home/airflow/.local/lib/python3.8/site-packages/airflow/example_dags/example_sensors.py took 0.132 seconds
[2025-07-08T09:31:30.972+0000] {processor.py:161} INFO - Started process (PID=3398) to work on /home/airflow/.local/lib/python3.8/site-packages/airflow/example_dags/example_sensors.py
[2025-07-08T09:31:30.973+0000] {processor.py:830} INFO - Processing file /home/airflow/.local/lib/python3.8/site-packages/airflow/example_dags/example_sensors.py for tasks to queue
[2025-07-08T09:31:30.977+0000] {logging_mixin.py:188} INFO - [2025-07-08T09:31:30.976+0000] {dagbag.py:538} INFO - Filling up the DagBag from /home/airflow/.local/lib/python3.8/site-packages/airflow/example_dags/example_sensors.py
[2025-07-08T09:31:30.997+0000] {processor.py:840} INFO - DAG(s) 'example_sensors' retrieved from /home/airflow/.local/lib/python3.8/site-packages/airflow/example_dags/example_sensors.py
[2025-07-08T09:31:31.135+0000] {logging_mixin.py:188} INFO - [2025-07-08T09:31:31.135+0000] {dag.py:3036} INFO - Sync 1 DAGs
[2025-07-08T09:31:31.232+0000] {logging_mixin.py:188} INFO - [2025-07-08T09:31:31.231+0000] {dag.py:3823} INFO - Setting next_dagrun for example_sensors to None, run_after=None
[2025-07-08T09:31:31.338+0000] {processor.py:183} INFO - Processing /home/airflow/.local/lib/python3.8/site-packages/airflow/example_dags/example_sensors.py took 0.377 seconds
[2025-07-08T09:32:01.919+0000] {processor.py:161} INFO - Started process (PID=3464) to work on /home/airflow/.local/lib/python3.8/site-packages/airflow/example_dags/example_sensors.py
[2025-07-08T09:32:01.924+0000] {processor.py:830} INFO - Processing file /home/airflow/.local/lib/python3.8/site-packages/airflow/example_dags/example_sensors.py for tasks to queue
[2025-07-08T09:32:01.941+0000] {logging_mixin.py:188} INFO - [2025-07-08T09:32:01.940+0000] {dagbag.py:538} INFO - Filling up the DagBag from /home/airflow/.local/lib/python3.8/site-packages/airflow/example_dags/example_sensors.py
[2025-07-08T09:32:01.973+0000] {processor.py:840} INFO - DAG(s) 'example_sensors' retrieved from /home/airflow/.local/lib/python3.8/site-packages/airflow/example_dags/example_sensors.py
[2025-07-08T09:32:02.031+0000] {logging_mixin.py:188} INFO - [2025-07-08T09:32:02.030+0000] {dag.py:3036} INFO - Sync 1 DAGs
[2025-07-08T09:32:02.100+0000] {logging_mixin.py:188} INFO - [2025-07-08T09:32:02.099+0000] {dag.py:3823} INFO - Setting next_dagrun for example_sensors to None, run_after=None
[2025-07-08T09:32:02.140+0000] {processor.py:183} INFO - Processing /home/airflow/.local/lib/python3.8/site-packages/airflow/example_dags/example_sensors.py took 0.227 seconds
[2025-07-08T09:32:32.827+0000] {processor.py:161} INFO - Started process (PID=3530) to work on /home/airflow/.local/lib/python3.8/site-packages/airflow/example_dags/example_sensors.py
[2025-07-08T09:32:32.828+0000] {processor.py:830} INFO - Processing file /home/airflow/.local/lib/python3.8/site-packages/airflow/example_dags/example_sensors.py for tasks to queue
[2025-07-08T09:32:32.831+0000] {logging_mixin.py:188} INFO - [2025-07-08T09:32:32.831+0000] {dagbag.py:538} INFO - Filling up the DagBag from /home/airflow/.local/lib/python3.8/site-packages/airflow/example_dags/example_sensors.py
[2025-07-08T09:32:32.850+0000] {processor.py:840} INFO - DAG(s) 'example_sensors' retrieved from /home/airflow/.local/lib/python3.8/site-packages/airflow/example_dags/example_sensors.py
[2025-07-08T09:32:32.896+0000] {logging_mixin.py:188} INFO - [2025-07-08T09:32:32.895+0000] {dag.py:3036} INFO - Sync 1 DAGs
[2025-07-08T09:32:32.917+0000] {logging_mixin.py:188} INFO - [2025-07-08T09:32:32.917+0000] {dag.py:3823} INFO - Setting next_dagrun for example_sensors to None, run_after=None
[2025-07-08T09:32:32.952+0000] {processor.py:183} INFO - Processing /home/airflow/.local/lib/python3.8/site-packages/airflow/example_dags/example_sensors.py took 0.139 seconds
[2025-07-08T09:33:03.460+0000] {processor.py:161} INFO - Started process (PID=3596) to work on /home/airflow/.local/lib/python3.8/site-packages/airflow/example_dags/example_sensors.py
[2025-07-08T09:33:03.464+0000] {processor.py:830} INFO - Processing file /home/airflow/.local/lib/python3.8/site-packages/airflow/example_dags/example_sensors.py for tasks to queue
[2025-07-08T09:33:03.467+0000] {logging_mixin.py:188} INFO - [2025-07-08T09:33:03.466+0000] {dagbag.py:538} INFO - Filling up the DagBag from /home/airflow/.local/lib/python3.8/site-packages/airflow/example_dags/example_sensors.py
[2025-07-08T09:33:03.520+0000] {processor.py:840} INFO - DAG(s) 'example_sensors' retrieved from /home/airflow/.local/lib/python3.8/site-packages/airflow/example_dags/example_sensors.py
[2025-07-08T09:33:03.601+0000] {logging_mixin.py:188} INFO - [2025-07-08T09:33:03.600+0000] {dag.py:3036} INFO - Sync 1 DAGs
[2025-07-08T09:33:03.639+0000] {logging_mixin.py:188} INFO - [2025-07-08T09:33:03.637+0000] {dag.py:3823} INFO - Setting next_dagrun for example_sensors to None, run_after=None
[2025-07-08T09:33:03.790+0000] {processor.py:183} INFO - Processing /home/airflow/.local/lib/python3.8/site-packages/airflow/example_dags/example_sensors.py took 0.341 seconds
[2025-07-08T09:33:34.556+0000] {processor.py:161} INFO - Started process (PID=3661) to work on /home/airflow/.local/lib/python3.8/site-packages/airflow/example_dags/example_sensors.py
[2025-07-08T09:33:34.558+0000] {processor.py:830} INFO - Processing file /home/airflow/.local/lib/python3.8/site-packages/airflow/example_dags/example_sensors.py for tasks to queue
[2025-07-08T09:33:34.569+0000] {logging_mixin.py:188} INFO - [2025-07-08T09:33:34.569+0000] {dagbag.py:538} INFO - Filling up the DagBag from /home/airflow/.local/lib/python3.8/site-packages/airflow/example_dags/example_sensors.py
[2025-07-08T09:33:34.622+0000] {processor.py:840} INFO - DAG(s) 'example_sensors' retrieved from /home/airflow/.local/lib/python3.8/site-packages/airflow/example_dags/example_sensors.py
[2025-07-08T09:33:34.693+0000] {logging_mixin.py:188} INFO - [2025-07-08T09:33:34.693+0000] {dag.py:3036} INFO - Sync 1 DAGs
[2025-07-08T09:33:34.735+0000] {logging_mixin.py:188} INFO - [2025-07-08T09:33:34.735+0000] {dag.py:3823} INFO - Setting next_dagrun for example_sensors to None, run_after=None
[2025-07-08T09:33:34.796+0000] {processor.py:183} INFO - Processing /home/airflow/.local/lib/python3.8/site-packages/airflow/example_dags/example_sensors.py took 0.271 seconds
[2025-07-08T09:34:05.595+0000] {processor.py:161} INFO - Started process (PID=3727) to work on /home/airflow/.local/lib/python3.8/site-packages/airflow/example_dags/example_sensors.py
[2025-07-08T09:34:05.599+0000] {processor.py:830} INFO - Processing file /home/airflow/.local/lib/python3.8/site-packages/airflow/example_dags/example_sensors.py for tasks to queue
[2025-07-08T09:34:05.603+0000] {logging_mixin.py:188} INFO - [2025-07-08T09:34:05.602+0000] {dagbag.py:538} INFO - Filling up the DagBag from /home/airflow/.local/lib/python3.8/site-packages/airflow/example_dags/example_sensors.py
[2025-07-08T09:34:05.645+0000] {processor.py:840} INFO - DAG(s) 'example_sensors' retrieved from /home/airflow/.local/lib/python3.8/site-packages/airflow/example_dags/example_sensors.py
[2025-07-08T09:34:05.889+0000] {logging_mixin.py:188} INFO - [2025-07-08T09:34:05.889+0000] {dag.py:3036} INFO - Sync 1 DAGs
[2025-07-08T09:34:05.960+0000] {logging_mixin.py:188} INFO - [2025-07-08T09:34:05.960+0000] {dag.py:3823} INFO - Setting next_dagrun for example_sensors to None, run_after=None
[2025-07-08T09:34:06.112+0000] {processor.py:183} INFO - Processing /home/airflow/.local/lib/python3.8/site-packages/airflow/example_dags/example_sensors.py took 0.534 seconds
[2025-07-08T09:34:36.651+0000] {processor.py:161} INFO - Started process (PID=3793) to work on /home/airflow/.local/lib/python3.8/site-packages/airflow/example_dags/example_sensors.py
[2025-07-08T09:34:36.661+0000] {processor.py:830} INFO - Processing file /home/airflow/.local/lib/python3.8/site-packages/airflow/example_dags/example_sensors.py for tasks to queue
[2025-07-08T09:34:36.664+0000] {logging_mixin.py:188} INFO - [2025-07-08T09:34:36.663+0000] {dagbag.py:538} INFO - Filling up the DagBag from /home/airflow/.local/lib/python3.8/site-packages/airflow/example_dags/example_sensors.py
[2025-07-08T09:34:36.698+0000] {processor.py:840} INFO - DAG(s) 'example_sensors' retrieved from /home/airflow/.local/lib/python3.8/site-packages/airflow/example_dags/example_sensors.py
[2025-07-08T09:34:36.917+0000] {logging_mixin.py:188} INFO - [2025-07-08T09:34:36.917+0000] {dag.py:3036} INFO - Sync 1 DAGs
[2025-07-08T09:34:37.036+0000] {logging_mixin.py:188} INFO - [2025-07-08T09:34:37.036+0000] {dag.py:3823} INFO - Setting next_dagrun for example_sensors to None, run_after=None
[2025-07-08T09:34:37.108+0000] {processor.py:183} INFO - Processing /home/airflow/.local/lib/python3.8/site-packages/airflow/example_dags/example_sensors.py took 0.463 seconds
[2025-07-08T09:35:07.538+0000] {processor.py:161} INFO - Started process (PID=3860) to work on /home/airflow/.local/lib/python3.8/site-packages/airflow/example_dags/example_sensors.py
[2025-07-08T09:35:07.541+0000] {processor.py:830} INFO - Processing file /home/airflow/.local/lib/python3.8/site-packages/airflow/example_dags/example_sensors.py for tasks to queue
[2025-07-08T09:35:07.545+0000] {logging_mixin.py:188} INFO - [2025-07-08T09:35:07.544+0000] {dagbag.py:538} INFO - Filling up the DagBag from /home/airflow/.local/lib/python3.8/site-packages/airflow/example_dags/example_sensors.py
[2025-07-08T09:35:07.607+0000] {processor.py:840} INFO - DAG(s) 'example_sensors' retrieved from /home/airflow/.local/lib/python3.8/site-packages/airflow/example_dags/example_sensors.py
[2025-07-08T09:35:07.781+0000] {logging_mixin.py:188} INFO - [2025-07-08T09:35:07.781+0000] {dag.py:3036} INFO - Sync 1 DAGs
[2025-07-08T09:35:08.016+0000] {logging_mixin.py:188} INFO - [2025-07-08T09:35:08.003+0000] {dag.py:3823} INFO - Setting next_dagrun for example_sensors to None, run_after=None
[2025-07-08T09:35:08.177+0000] {processor.py:183} INFO - Processing /home/airflow/.local/lib/python3.8/site-packages/airflow/example_dags/example_sensors.py took 0.675 seconds
[2025-07-08T09:35:38.642+0000] {processor.py:161} INFO - Started process (PID=3918) to work on /home/airflow/.local/lib/python3.8/site-packages/airflow/example_dags/example_sensors.py
[2025-07-08T09:35:38.644+0000] {processor.py:830} INFO - Processing file /home/airflow/.local/lib/python3.8/site-packages/airflow/example_dags/example_sensors.py for tasks to queue
[2025-07-08T09:35:38.647+0000] {logging_mixin.py:188} INFO - [2025-07-08T09:35:38.647+0000] {dagbag.py:538} INFO - Filling up the DagBag from /home/airflow/.local/lib/python3.8/site-packages/airflow/example_dags/example_sensors.py
[2025-07-08T09:35:38.739+0000] {processor.py:840} INFO - DAG(s) 'example_sensors' retrieved from /home/airflow/.local/lib/python3.8/site-packages/airflow/example_dags/example_sensors.py
[2025-07-08T09:35:38.879+0000] {logging_mixin.py:188} INFO - [2025-07-08T09:35:38.879+0000] {dag.py:3036} INFO - Sync 1 DAGs
[2025-07-08T09:35:38.907+0000] {logging_mixin.py:188} INFO - [2025-07-08T09:35:38.907+0000] {dag.py:3823} INFO - Setting next_dagrun for example_sensors to None, run_after=None
[2025-07-08T09:35:38.989+0000] {processor.py:183} INFO - Processing /home/airflow/.local/lib/python3.8/site-packages/airflow/example_dags/example_sensors.py took 0.376 seconds
[2025-07-08T09:36:09.291+0000] {processor.py:161} INFO - Started process (PID=3982) to work on /home/airflow/.local/lib/python3.8/site-packages/airflow/example_dags/example_sensors.py
[2025-07-08T09:36:09.293+0000] {processor.py:830} INFO - Processing file /home/airflow/.local/lib/python3.8/site-packages/airflow/example_dags/example_sensors.py for tasks to queue
[2025-07-08T09:36:09.298+0000] {logging_mixin.py:188} INFO - [2025-07-08T09:36:09.297+0000] {dagbag.py:538} INFO - Filling up the DagBag from /home/airflow/.local/lib/python3.8/site-packages/airflow/example_dags/example_sensors.py
[2025-07-08T09:36:09.319+0000] {processor.py:840} INFO - DAG(s) 'example_sensors' retrieved from /home/airflow/.local/lib/python3.8/site-packages/airflow/example_dags/example_sensors.py
[2025-07-08T09:36:09.373+0000] {logging_mixin.py:188} INFO - [2025-07-08T09:36:09.373+0000] {dag.py:3036} INFO - Sync 1 DAGs
[2025-07-08T09:36:09.420+0000] {logging_mixin.py:188} INFO - [2025-07-08T09:36:09.419+0000] {dag.py:3823} INFO - Setting next_dagrun for example_sensors to None, run_after=None
[2025-07-08T09:36:09.462+0000] {processor.py:183} INFO - Processing /home/airflow/.local/lib/python3.8/site-packages/airflow/example_dags/example_sensors.py took 0.178 seconds
[2025-07-08T09:36:40.147+0000] {processor.py:161} INFO - Started process (PID=4051) to work on /home/airflow/.local/lib/python3.8/site-packages/airflow/example_dags/example_sensors.py
[2025-07-08T09:36:40.149+0000] {processor.py:830} INFO - Processing file /home/airflow/.local/lib/python3.8/site-packages/airflow/example_dags/example_sensors.py for tasks to queue
[2025-07-08T09:36:40.152+0000] {logging_mixin.py:188} INFO - [2025-07-08T09:36:40.152+0000] {dagbag.py:538} INFO - Filling up the DagBag from /home/airflow/.local/lib/python3.8/site-packages/airflow/example_dags/example_sensors.py
[2025-07-08T09:36:40.172+0000] {processor.py:840} INFO - DAG(s) 'example_sensors' retrieved from /home/airflow/.local/lib/python3.8/site-packages/airflow/example_dags/example_sensors.py
[2025-07-08T09:36:40.227+0000] {logging_mixin.py:188} INFO - [2025-07-08T09:36:40.227+0000] {dag.py:3036} INFO - Sync 1 DAGs
[2025-07-08T09:36:40.263+0000] {logging_mixin.py:188} INFO - [2025-07-08T09:36:40.262+0000] {dag.py:3823} INFO - Setting next_dagrun for example_sensors to None, run_after=None
[2025-07-08T09:36:40.314+0000] {processor.py:183} INFO - Processing /home/airflow/.local/lib/python3.8/site-packages/airflow/example_dags/example_sensors.py took 0.173 seconds
[2025-07-08T09:37:11.075+0000] {processor.py:161} INFO - Started process (PID=4117) to work on /home/airflow/.local/lib/python3.8/site-packages/airflow/example_dags/example_sensors.py
[2025-07-08T09:37:11.078+0000] {processor.py:830} INFO - Processing file /home/airflow/.local/lib/python3.8/site-packages/airflow/example_dags/example_sensors.py for tasks to queue
[2025-07-08T09:37:11.081+0000] {logging_mixin.py:188} INFO - [2025-07-08T09:37:11.081+0000] {dagbag.py:538} INFO - Filling up the DagBag from /home/airflow/.local/lib/python3.8/site-packages/airflow/example_dags/example_sensors.py
[2025-07-08T09:37:11.106+0000] {processor.py:840} INFO - DAG(s) 'example_sensors' retrieved from /home/airflow/.local/lib/python3.8/site-packages/airflow/example_dags/example_sensors.py
[2025-07-08T09:37:11.226+0000] {logging_mixin.py:188} INFO - [2025-07-08T09:37:11.225+0000] {dag.py:3036} INFO - Sync 1 DAGs
[2025-07-08T09:37:11.265+0000] {logging_mixin.py:188} INFO - [2025-07-08T09:37:11.264+0000] {dag.py:3823} INFO - Setting next_dagrun for example_sensors to None, run_after=None
[2025-07-08T09:37:11.325+0000] {processor.py:183} INFO - Processing /home/airflow/.local/lib/python3.8/site-packages/airflow/example_dags/example_sensors.py took 0.257 seconds
[2025-07-08T09:37:41.865+0000] {processor.py:161} INFO - Started process (PID=4186) to work on /home/airflow/.local/lib/python3.8/site-packages/airflow/example_dags/example_sensors.py
[2025-07-08T09:37:41.867+0000] {processor.py:830} INFO - Processing file /home/airflow/.local/lib/python3.8/site-packages/airflow/example_dags/example_sensors.py for tasks to queue
[2025-07-08T09:37:41.870+0000] {logging_mixin.py:188} INFO - [2025-07-08T09:37:41.870+0000] {dagbag.py:538} INFO - Filling up the DagBag from /home/airflow/.local/lib/python3.8/site-packages/airflow/example_dags/example_sensors.py
[2025-07-08T09:37:41.889+0000] {processor.py:840} INFO - DAG(s) 'example_sensors' retrieved from /home/airflow/.local/lib/python3.8/site-packages/airflow/example_dags/example_sensors.py
[2025-07-08T09:37:41.943+0000] {logging_mixin.py:188} INFO - [2025-07-08T09:37:41.943+0000] {dag.py:3036} INFO - Sync 1 DAGs
[2025-07-08T09:37:41.969+0000] {logging_mixin.py:188} INFO - [2025-07-08T09:37:41.969+0000] {dag.py:3823} INFO - Setting next_dagrun for example_sensors to None, run_after=None
[2025-07-08T09:37:42.002+0000] {processor.py:183} INFO - Processing /home/airflow/.local/lib/python3.8/site-packages/airflow/example_dags/example_sensors.py took 0.143 seconds
[2025-07-08T09:38:12.403+0000] {processor.py:161} INFO - Started process (PID=4252) to work on /home/airflow/.local/lib/python3.8/site-packages/airflow/example_dags/example_sensors.py
[2025-07-08T09:38:12.414+0000] {processor.py:830} INFO - Processing file /home/airflow/.local/lib/python3.8/site-packages/airflow/example_dags/example_sensors.py for tasks to queue
[2025-07-08T09:38:12.421+0000] {logging_mixin.py:188} INFO - [2025-07-08T09:38:12.420+0000] {dagbag.py:538} INFO - Filling up the DagBag from /home/airflow/.local/lib/python3.8/site-packages/airflow/example_dags/example_sensors.py
[2025-07-08T09:38:12.445+0000] {processor.py:840} INFO - DAG(s) 'example_sensors' retrieved from /home/airflow/.local/lib/python3.8/site-packages/airflow/example_dags/example_sensors.py
[2025-07-08T09:38:12.544+0000] {logging_mixin.py:188} INFO - [2025-07-08T09:38:12.542+0000] {dag.py:3036} INFO - Sync 1 DAGs
[2025-07-08T09:38:12.586+0000] {logging_mixin.py:188} INFO - [2025-07-08T09:38:12.585+0000] {dag.py:3823} INFO - Setting next_dagrun for example_sensors to None, run_after=None
[2025-07-08T09:38:12.640+0000] {processor.py:183} INFO - Processing /home/airflow/.local/lib/python3.8/site-packages/airflow/example_dags/example_sensors.py took 0.253 seconds
[2025-07-08T09:38:42.927+0000] {processor.py:161} INFO - Started process (PID=4319) to work on /home/airflow/.local/lib/python3.8/site-packages/airflow/example_dags/example_sensors.py
[2025-07-08T09:38:42.929+0000] {processor.py:830} INFO - Processing file /home/airflow/.local/lib/python3.8/site-packages/airflow/example_dags/example_sensors.py for tasks to queue
[2025-07-08T09:38:42.932+0000] {logging_mixin.py:188} INFO - [2025-07-08T09:38:42.932+0000] {dagbag.py:538} INFO - Filling up the DagBag from /home/airflow/.local/lib/python3.8/site-packages/airflow/example_dags/example_sensors.py
[2025-07-08T09:38:42.962+0000] {processor.py:840} INFO - DAG(s) 'example_sensors' retrieved from /home/airflow/.local/lib/python3.8/site-packages/airflow/example_dags/example_sensors.py
[2025-07-08T09:38:43.014+0000] {logging_mixin.py:188} INFO - [2025-07-08T09:38:43.013+0000] {dag.py:3036} INFO - Sync 1 DAGs
[2025-07-08T09:38:43.043+0000] {logging_mixin.py:188} INFO - [2025-07-08T09:38:43.043+0000] {dag.py:3823} INFO - Setting next_dagrun for example_sensors to None, run_after=None
[2025-07-08T09:38:43.083+0000] {processor.py:183} INFO - Processing /home/airflow/.local/lib/python3.8/site-packages/airflow/example_dags/example_sensors.py took 0.163 seconds
[2025-07-08T09:39:13.503+0000] {processor.py:161} INFO - Started process (PID=4386) to work on /home/airflow/.local/lib/python3.8/site-packages/airflow/example_dags/example_sensors.py
[2025-07-08T09:39:13.510+0000] {processor.py:830} INFO - Processing file /home/airflow/.local/lib/python3.8/site-packages/airflow/example_dags/example_sensors.py for tasks to queue
[2025-07-08T09:39:13.513+0000] {logging_mixin.py:188} INFO - [2025-07-08T09:39:13.512+0000] {dagbag.py:538} INFO - Filling up the DagBag from /home/airflow/.local/lib/python3.8/site-packages/airflow/example_dags/example_sensors.py
[2025-07-08T09:39:13.534+0000] {processor.py:840} INFO - DAG(s) 'example_sensors' retrieved from /home/airflow/.local/lib/python3.8/site-packages/airflow/example_dags/example_sensors.py
[2025-07-08T09:39:13.588+0000] {logging_mixin.py:188} INFO - [2025-07-08T09:39:13.588+0000] {dag.py:3036} INFO - Sync 1 DAGs
[2025-07-08T09:39:13.616+0000] {logging_mixin.py:188} INFO - [2025-07-08T09:39:13.615+0000] {dag.py:3823} INFO - Setting next_dagrun for example_sensors to None, run_after=None
[2025-07-08T09:39:13.649+0000] {processor.py:183} INFO - Processing /home/airflow/.local/lib/python3.8/site-packages/airflow/example_dags/example_sensors.py took 0.152 seconds
[2025-07-08T09:39:44.118+0000] {processor.py:161} INFO - Started process (PID=4452) to work on /home/airflow/.local/lib/python3.8/site-packages/airflow/example_dags/example_sensors.py
[2025-07-08T09:39:44.128+0000] {processor.py:830} INFO - Processing file /home/airflow/.local/lib/python3.8/site-packages/airflow/example_dags/example_sensors.py for tasks to queue
[2025-07-08T09:39:44.131+0000] {logging_mixin.py:188} INFO - [2025-07-08T09:39:44.131+0000] {dagbag.py:538} INFO - Filling up the DagBag from /home/airflow/.local/lib/python3.8/site-packages/airflow/example_dags/example_sensors.py
[2025-07-08T09:39:44.167+0000] {processor.py:840} INFO - DAG(s) 'example_sensors' retrieved from /home/airflow/.local/lib/python3.8/site-packages/airflow/example_dags/example_sensors.py
[2025-07-08T09:39:44.273+0000] {logging_mixin.py:188} INFO - [2025-07-08T09:39:44.273+0000] {dag.py:3036} INFO - Sync 1 DAGs
[2025-07-08T09:39:44.343+0000] {logging_mixin.py:188} INFO - [2025-07-08T09:39:44.342+0000] {dag.py:3823} INFO - Setting next_dagrun for example_sensors to None, run_after=None
[2025-07-08T09:39:44.425+0000] {processor.py:183} INFO - Processing /home/airflow/.local/lib/python3.8/site-packages/airflow/example_dags/example_sensors.py took 0.312 seconds
[2025-07-08T09:40:14.884+0000] {processor.py:161} INFO - Started process (PID=4519) to work on /home/airflow/.local/lib/python3.8/site-packages/airflow/example_dags/example_sensors.py
[2025-07-08T09:40:14.898+0000] {processor.py:830} INFO - Processing file /home/airflow/.local/lib/python3.8/site-packages/airflow/example_dags/example_sensors.py for tasks to queue
[2025-07-08T09:40:14.901+0000] {logging_mixin.py:188} INFO - [2025-07-08T09:40:14.901+0000] {dagbag.py:538} INFO - Filling up the DagBag from /home/airflow/.local/lib/python3.8/site-packages/airflow/example_dags/example_sensors.py
[2025-07-08T09:40:14.963+0000] {processor.py:840} INFO - DAG(s) 'example_sensors' retrieved from /home/airflow/.local/lib/python3.8/site-packages/airflow/example_dags/example_sensors.py
[2025-07-08T09:40:15.040+0000] {logging_mixin.py:188} INFO - [2025-07-08T09:40:15.040+0000] {dag.py:3036} INFO - Sync 1 DAGs
[2025-07-08T09:40:15.066+0000] {logging_mixin.py:188} INFO - [2025-07-08T09:40:15.066+0000] {dag.py:3823} INFO - Setting next_dagrun for example_sensors to None, run_after=None
[2025-07-08T09:40:15.117+0000] {processor.py:183} INFO - Processing /home/airflow/.local/lib/python3.8/site-packages/airflow/example_dags/example_sensors.py took 0.252 seconds
[2025-07-08T09:40:45.195+0000] {processor.py:161} INFO - Started process (PID=4584) to work on /home/airflow/.local/lib/python3.8/site-packages/airflow/example_dags/example_sensors.py
[2025-07-08T09:40:45.196+0000] {processor.py:830} INFO - Processing file /home/airflow/.local/lib/python3.8/site-packages/airflow/example_dags/example_sensors.py for tasks to queue
[2025-07-08T09:40:45.200+0000] {logging_mixin.py:188} INFO - [2025-07-08T09:40:45.199+0000] {dagbag.py:538} INFO - Filling up the DagBag from /home/airflow/.local/lib/python3.8/site-packages/airflow/example_dags/example_sensors.py
[2025-07-08T09:40:45.219+0000] {processor.py:840} INFO - DAG(s) 'example_sensors' retrieved from /home/airflow/.local/lib/python3.8/site-packages/airflow/example_dags/example_sensors.py
[2025-07-08T09:40:45.276+0000] {logging_mixin.py:188} INFO - [2025-07-08T09:40:45.276+0000] {dag.py:3036} INFO - Sync 1 DAGs
[2025-07-08T09:40:45.301+0000] {logging_mixin.py:188} INFO - [2025-07-08T09:40:45.301+0000] {dag.py:3823} INFO - Setting next_dagrun for example_sensors to None, run_after=None
[2025-07-08T09:40:45.337+0000] {processor.py:183} INFO - Processing /home/airflow/.local/lib/python3.8/site-packages/airflow/example_dags/example_sensors.py took 0.149 seconds
[2025-07-08T09:41:15.412+0000] {processor.py:161} INFO - Started process (PID=4643) to work on /home/airflow/.local/lib/python3.8/site-packages/airflow/example_dags/example_sensors.py
[2025-07-08T09:41:15.419+0000] {processor.py:830} INFO - Processing file /home/airflow/.local/lib/python3.8/site-packages/airflow/example_dags/example_sensors.py for tasks to queue
[2025-07-08T09:41:15.422+0000] {logging_mixin.py:188} INFO - [2025-07-08T09:41:15.421+0000] {dagbag.py:538} INFO - Filling up the DagBag from /home/airflow/.local/lib/python3.8/site-packages/airflow/example_dags/example_sensors.py
[2025-07-08T09:41:15.446+0000] {processor.py:840} INFO - DAG(s) 'example_sensors' retrieved from /home/airflow/.local/lib/python3.8/site-packages/airflow/example_dags/example_sensors.py
[2025-07-08T09:41:15.517+0000] {logging_mixin.py:188} INFO - [2025-07-08T09:41:15.517+0000] {dag.py:3036} INFO - Sync 1 DAGs
[2025-07-08T09:41:15.556+0000] {logging_mixin.py:188} INFO - [2025-07-08T09:41:15.556+0000] {dag.py:3823} INFO - Setting next_dagrun for example_sensors to None, run_after=None
[2025-07-08T09:41:15.598+0000] {processor.py:183} INFO - Processing /home/airflow/.local/lib/python3.8/site-packages/airflow/example_dags/example_sensors.py took 0.194 seconds
[2025-07-08T09:41:45.649+0000] {processor.py:161} INFO - Started process (PID=4709) to work on /home/airflow/.local/lib/python3.8/site-packages/airflow/example_dags/example_sensors.py
[2025-07-08T09:41:45.652+0000] {processor.py:830} INFO - Processing file /home/airflow/.local/lib/python3.8/site-packages/airflow/example_dags/example_sensors.py for tasks to queue
[2025-07-08T09:41:45.655+0000] {logging_mixin.py:188} INFO - [2025-07-08T09:41:45.655+0000] {dagbag.py:538} INFO - Filling up the DagBag from /home/airflow/.local/lib/python3.8/site-packages/airflow/example_dags/example_sensors.py
[2025-07-08T09:41:45.673+0000] {processor.py:840} INFO - DAG(s) 'example_sensors' retrieved from /home/airflow/.local/lib/python3.8/site-packages/airflow/example_dags/example_sensors.py
[2025-07-08T09:41:45.722+0000] {logging_mixin.py:188} INFO - [2025-07-08T09:41:45.722+0000] {dag.py:3036} INFO - Sync 1 DAGs
[2025-07-08T09:41:45.741+0000] {logging_mixin.py:188} INFO - [2025-07-08T09:41:45.741+0000] {dag.py:3823} INFO - Setting next_dagrun for example_sensors to None, run_after=None
[2025-07-08T09:41:45.775+0000] {processor.py:183} INFO - Processing /home/airflow/.local/lib/python3.8/site-packages/airflow/example_dags/example_sensors.py took 0.132 seconds
[2025-07-08T09:42:15.840+0000] {processor.py:161} INFO - Started process (PID=4774) to work on /home/airflow/.local/lib/python3.8/site-packages/airflow/example_dags/example_sensors.py
[2025-07-08T09:42:15.844+0000] {processor.py:830} INFO - Processing file /home/airflow/.local/lib/python3.8/site-packages/airflow/example_dags/example_sensors.py for tasks to queue
[2025-07-08T09:42:15.847+0000] {logging_mixin.py:188} INFO - [2025-07-08T09:42:15.847+0000] {dagbag.py:538} INFO - Filling up the DagBag from /home/airflow/.local/lib/python3.8/site-packages/airflow/example_dags/example_sensors.py
[2025-07-08T09:42:15.883+0000] {processor.py:840} INFO - DAG(s) 'example_sensors' retrieved from /home/airflow/.local/lib/python3.8/site-packages/airflow/example_dags/example_sensors.py
[2025-07-08T09:42:15.985+0000] {logging_mixin.py:188} INFO - [2025-07-08T09:42:15.985+0000] {dag.py:3036} INFO - Sync 1 DAGs
[2025-07-08T09:42:16.026+0000] {logging_mixin.py:188} INFO - [2025-07-08T09:42:16.026+0000] {dag.py:3823} INFO - Setting next_dagrun for example_sensors to None, run_after=None
[2025-07-08T09:42:16.101+0000] {processor.py:183} INFO - Processing /home/airflow/.local/lib/python3.8/site-packages/airflow/example_dags/example_sensors.py took 0.275 seconds
[2025-07-08T09:42:46.896+0000] {processor.py:161} INFO - Started process (PID=4838) to work on /home/airflow/.local/lib/python3.8/site-packages/airflow/example_dags/example_sensors.py
[2025-07-08T09:42:46.898+0000] {processor.py:830} INFO - Processing file /home/airflow/.local/lib/python3.8/site-packages/airflow/example_dags/example_sensors.py for tasks to queue
[2025-07-08T09:42:46.901+0000] {logging_mixin.py:188} INFO - [2025-07-08T09:42:46.900+0000] {dagbag.py:538} INFO - Filling up the DagBag from /home/airflow/.local/lib/python3.8/site-packages/airflow/example_dags/example_sensors.py
[2025-07-08T09:42:46.918+0000] {processor.py:840} INFO - DAG(s) 'example_sensors' retrieved from /home/airflow/.local/lib/python3.8/site-packages/airflow/example_dags/example_sensors.py
[2025-07-08T09:42:47.007+0000] {logging_mixin.py:188} INFO - [2025-07-08T09:42:47.006+0000] {dag.py:3036} INFO - Sync 1 DAGs
[2025-07-08T09:42:47.052+0000] {logging_mixin.py:188} INFO - [2025-07-08T09:42:47.051+0000] {dag.py:3823} INFO - Setting next_dagrun for example_sensors to None, run_after=None
[2025-07-08T09:42:47.162+0000] {processor.py:183} INFO - Processing /home/airflow/.local/lib/python3.8/site-packages/airflow/example_dags/example_sensors.py took 0.272 seconds
[2025-07-08T09:43:17.891+0000] {processor.py:161} INFO - Started process (PID=4897) to work on /home/airflow/.local/lib/python3.8/site-packages/airflow/example_dags/example_sensors.py
[2025-07-08T09:43:17.899+0000] {processor.py:830} INFO - Processing file /home/airflow/.local/lib/python3.8/site-packages/airflow/example_dags/example_sensors.py for tasks to queue
[2025-07-08T09:43:17.902+0000] {logging_mixin.py:188} INFO - [2025-07-08T09:43:17.901+0000] {dagbag.py:538} INFO - Filling up the DagBag from /home/airflow/.local/lib/python3.8/site-packages/airflow/example_dags/example_sensors.py
[2025-07-08T09:43:17.932+0000] {processor.py:840} INFO - DAG(s) 'example_sensors' retrieved from /home/airflow/.local/lib/python3.8/site-packages/airflow/example_dags/example_sensors.py
[2025-07-08T09:43:17.984+0000] {logging_mixin.py:188} INFO - [2025-07-08T09:43:17.983+0000] {dag.py:3036} INFO - Sync 1 DAGs
[2025-07-08T09:43:18.011+0000] {logging_mixin.py:188} INFO - [2025-07-08T09:43:18.010+0000] {dag.py:3823} INFO - Setting next_dagrun for example_sensors to None, run_after=None
[2025-07-08T09:43:18.048+0000] {processor.py:183} INFO - Processing /home/airflow/.local/lib/python3.8/site-packages/airflow/example_dags/example_sensors.py took 0.162 seconds
[2025-07-08T09:43:48.449+0000] {processor.py:161} INFO - Started process (PID=4962) to work on /home/airflow/.local/lib/python3.8/site-packages/airflow/example_dags/example_sensors.py
[2025-07-08T09:43:48.451+0000] {processor.py:830} INFO - Processing file /home/airflow/.local/lib/python3.8/site-packages/airflow/example_dags/example_sensors.py for tasks to queue
[2025-07-08T09:43:48.454+0000] {logging_mixin.py:188} INFO - [2025-07-08T09:43:48.453+0000] {dagbag.py:538} INFO - Filling up the DagBag from /home/airflow/.local/lib/python3.8/site-packages/airflow/example_dags/example_sensors.py
[2025-07-08T09:43:48.468+0000] {processor.py:840} INFO - DAG(s) 'example_sensors' retrieved from /home/airflow/.local/lib/python3.8/site-packages/airflow/example_dags/example_sensors.py
[2025-07-08T09:43:48.510+0000] {logging_mixin.py:188} INFO - [2025-07-08T09:43:48.509+0000] {dag.py:3036} INFO - Sync 1 DAGs
[2025-07-08T09:43:48.529+0000] {logging_mixin.py:188} INFO - [2025-07-08T09:43:48.529+0000] {dag.py:3823} INFO - Setting next_dagrun for example_sensors to None, run_after=None
[2025-07-08T09:43:48.559+0000] {processor.py:183} INFO - Processing /home/airflow/.local/lib/python3.8/site-packages/airflow/example_dags/example_sensors.py took 0.115 seconds
[2025-07-08T09:44:19.331+0000] {processor.py:161} INFO - Started process (PID=5028) to work on /home/airflow/.local/lib/python3.8/site-packages/airflow/example_dags/example_sensors.py
[2025-07-08T09:44:19.364+0000] {processor.py:830} INFO - Processing file /home/airflow/.local/lib/python3.8/site-packages/airflow/example_dags/example_sensors.py for tasks to queue
[2025-07-08T09:44:19.367+0000] {logging_mixin.py:188} INFO - [2025-07-08T09:44:19.367+0000] {dagbag.py:538} INFO - Filling up the DagBag from /home/airflow/.local/lib/python3.8/site-packages/airflow/example_dags/example_sensors.py
[2025-07-08T09:44:19.407+0000] {processor.py:840} INFO - DAG(s) 'example_sensors' retrieved from /home/airflow/.local/lib/python3.8/site-packages/airflow/example_dags/example_sensors.py
[2025-07-08T09:44:19.495+0000] {logging_mixin.py:188} INFO - [2025-07-08T09:44:19.494+0000] {dag.py:3036} INFO - Sync 1 DAGs
[2025-07-08T09:44:19.524+0000] {logging_mixin.py:188} INFO - [2025-07-08T09:44:19.524+0000] {dag.py:3823} INFO - Setting next_dagrun for example_sensors to None, run_after=None
[2025-07-08T09:44:19.569+0000] {processor.py:183} INFO - Processing /home/airflow/.local/lib/python3.8/site-packages/airflow/example_dags/example_sensors.py took 0.257 seconds
[2025-07-08T09:44:50.177+0000] {processor.py:161} INFO - Started process (PID=5093) to work on /home/airflow/.local/lib/python3.8/site-packages/airflow/example_dags/example_sensors.py
[2025-07-08T09:44:50.179+0000] {processor.py:830} INFO - Processing file /home/airflow/.local/lib/python3.8/site-packages/airflow/example_dags/example_sensors.py for tasks to queue
[2025-07-08T09:44:50.194+0000] {logging_mixin.py:188} INFO - [2025-07-08T09:44:50.194+0000] {dagbag.py:538} INFO - Filling up the DagBag from /home/airflow/.local/lib/python3.8/site-packages/airflow/example_dags/example_sensors.py
[2025-07-08T09:44:50.230+0000] {processor.py:840} INFO - DAG(s) 'example_sensors' retrieved from /home/airflow/.local/lib/python3.8/site-packages/airflow/example_dags/example_sensors.py
[2025-07-08T09:44:50.289+0000] {logging_mixin.py:188} INFO - [2025-07-08T09:44:50.289+0000] {dag.py:3036} INFO - Sync 1 DAGs
[2025-07-08T09:44:50.331+0000] {logging_mixin.py:188} INFO - [2025-07-08T09:44:50.331+0000] {dag.py:3823} INFO - Setting next_dagrun for example_sensors to None, run_after=None
[2025-07-08T09:44:50.416+0000] {processor.py:183} INFO - Processing /home/airflow/.local/lib/python3.8/site-packages/airflow/example_dags/example_sensors.py took 0.270 seconds
[2025-07-08T09:45:21.360+0000] {processor.py:161} INFO - Started process (PID=5151) to work on /home/airflow/.local/lib/python3.8/site-packages/airflow/example_dags/example_sensors.py
[2025-07-08T09:45:21.375+0000] {processor.py:830} INFO - Processing file /home/airflow/.local/lib/python3.8/site-packages/airflow/example_dags/example_sensors.py for tasks to queue
[2025-07-08T09:45:21.385+0000] {logging_mixin.py:188} INFO - [2025-07-08T09:45:21.377+0000] {dagbag.py:538} INFO - Filling up the DagBag from /home/airflow/.local/lib/python3.8/site-packages/airflow/example_dags/example_sensors.py
[2025-07-08T09:45:21.487+0000] {processor.py:840} INFO - DAG(s) 'example_sensors' retrieved from /home/airflow/.local/lib/python3.8/site-packages/airflow/example_dags/example_sensors.py
[2025-07-08T09:45:21.726+0000] {logging_mixin.py:188} INFO - [2025-07-08T09:45:21.725+0000] {dag.py:3036} INFO - Sync 1 DAGs
[2025-07-08T09:45:21.800+0000] {logging_mixin.py:188} INFO - [2025-07-08T09:45:21.799+0000] {dag.py:3823} INFO - Setting next_dagrun for example_sensors to None, run_after=None
[2025-07-08T09:45:21.837+0000] {processor.py:183} INFO - Processing /home/airflow/.local/lib/python3.8/site-packages/airflow/example_dags/example_sensors.py took 0.489 seconds
[2025-07-08T09:45:52.079+0000] {processor.py:161} INFO - Started process (PID=5217) to work on /home/airflow/.local/lib/python3.8/site-packages/airflow/example_dags/example_sensors.py
[2025-07-08T09:45:52.085+0000] {processor.py:830} INFO - Processing file /home/airflow/.local/lib/python3.8/site-packages/airflow/example_dags/example_sensors.py for tasks to queue
[2025-07-08T09:45:52.090+0000] {logging_mixin.py:188} INFO - [2025-07-08T09:45:52.090+0000] {dagbag.py:538} INFO - Filling up the DagBag from /home/airflow/.local/lib/python3.8/site-packages/airflow/example_dags/example_sensors.py
[2025-07-08T09:45:52.127+0000] {processor.py:840} INFO - DAG(s) 'example_sensors' retrieved from /home/airflow/.local/lib/python3.8/site-packages/airflow/example_dags/example_sensors.py
[2025-07-08T09:45:52.184+0000] {logging_mixin.py:188} INFO - [2025-07-08T09:45:52.184+0000] {dag.py:3036} INFO - Sync 1 DAGs
[2025-07-08T09:45:52.237+0000] {logging_mixin.py:188} INFO - [2025-07-08T09:45:52.237+0000] {dag.py:3823} INFO - Setting next_dagrun for example_sensors to None, run_after=None
[2025-07-08T09:45:52.290+0000] {processor.py:183} INFO - Processing /home/airflow/.local/lib/python3.8/site-packages/airflow/example_dags/example_sensors.py took 0.219 seconds
[2025-07-08T09:46:23.054+0000] {processor.py:161} INFO - Started process (PID=5284) to work on /home/airflow/.local/lib/python3.8/site-packages/airflow/example_dags/example_sensors.py
[2025-07-08T09:46:23.058+0000] {processor.py:830} INFO - Processing file /home/airflow/.local/lib/python3.8/site-packages/airflow/example_dags/example_sensors.py for tasks to queue
[2025-07-08T09:46:23.061+0000] {logging_mixin.py:188} INFO - [2025-07-08T09:46:23.061+0000] {dagbag.py:538} INFO - Filling up the DagBag from /home/airflow/.local/lib/python3.8/site-packages/airflow/example_dags/example_sensors.py
[2025-07-08T09:46:23.081+0000] {processor.py:840} INFO - DAG(s) 'example_sensors' retrieved from /home/airflow/.local/lib/python3.8/site-packages/airflow/example_dags/example_sensors.py
[2025-07-08T09:46:23.142+0000] {logging_mixin.py:188} INFO - [2025-07-08T09:46:23.141+0000] {dag.py:3036} INFO - Sync 1 DAGs
[2025-07-08T09:46:23.168+0000] {logging_mixin.py:188} INFO - [2025-07-08T09:46:23.168+0000] {dag.py:3823} INFO - Setting next_dagrun for example_sensors to None, run_after=None
[2025-07-08T09:46:23.206+0000] {processor.py:183} INFO - Processing /home/airflow/.local/lib/python3.8/site-packages/airflow/example_dags/example_sensors.py took 0.160 seconds
[2025-07-08T09:46:53.559+0000] {processor.py:161} INFO - Started process (PID=5350) to work on /home/airflow/.local/lib/python3.8/site-packages/airflow/example_dags/example_sensors.py
[2025-07-08T09:46:53.560+0000] {processor.py:830} INFO - Processing file /home/airflow/.local/lib/python3.8/site-packages/airflow/example_dags/example_sensors.py for tasks to queue
[2025-07-08T09:46:53.563+0000] {logging_mixin.py:188} INFO - [2025-07-08T09:46:53.563+0000] {dagbag.py:538} INFO - Filling up the DagBag from /home/airflow/.local/lib/python3.8/site-packages/airflow/example_dags/example_sensors.py
[2025-07-08T09:46:53.582+0000] {processor.py:840} INFO - DAG(s) 'example_sensors' retrieved from /home/airflow/.local/lib/python3.8/site-packages/airflow/example_dags/example_sensors.py
[2025-07-08T09:46:53.633+0000] {logging_mixin.py:188} INFO - [2025-07-08T09:46:53.633+0000] {dag.py:3036} INFO - Sync 1 DAGs
[2025-07-08T09:46:53.662+0000] {logging_mixin.py:188} INFO - [2025-07-08T09:46:53.662+0000] {dag.py:3823} INFO - Setting next_dagrun for example_sensors to None, run_after=None
[2025-07-08T09:46:53.701+0000] {processor.py:183} INFO - Processing /home/airflow/.local/lib/python3.8/site-packages/airflow/example_dags/example_sensors.py took 0.149 seconds
[2025-07-08T09:47:24.062+0000] {processor.py:161} INFO - Started process (PID=5414) to work on /home/airflow/.local/lib/python3.8/site-packages/airflow/example_dags/example_sensors.py
[2025-07-08T09:47:24.064+0000] {processor.py:830} INFO - Processing file /home/airflow/.local/lib/python3.8/site-packages/airflow/example_dags/example_sensors.py for tasks to queue
[2025-07-08T09:47:24.067+0000] {logging_mixin.py:188} INFO - [2025-07-08T09:47:24.067+0000] {dagbag.py:538} INFO - Filling up the DagBag from /home/airflow/.local/lib/python3.8/site-packages/airflow/example_dags/example_sensors.py
[2025-07-08T09:47:24.086+0000] {processor.py:840} INFO - DAG(s) 'example_sensors' retrieved from /home/airflow/.local/lib/python3.8/site-packages/airflow/example_dags/example_sensors.py
[2025-07-08T09:47:24.182+0000] {logging_mixin.py:188} INFO - [2025-07-08T09:47:24.182+0000] {dag.py:3036} INFO - Sync 1 DAGs
[2025-07-08T09:47:24.210+0000] {logging_mixin.py:188} INFO - [2025-07-08T09:47:24.210+0000] {dag.py:3823} INFO - Setting next_dagrun for example_sensors to None, run_after=None
[2025-07-08T09:47:24.254+0000] {processor.py:183} INFO - Processing /home/airflow/.local/lib/python3.8/site-packages/airflow/example_dags/example_sensors.py took 0.199 seconds
[2025-07-08T09:47:54.692+0000] {processor.py:161} INFO - Started process (PID=5480) to work on /home/airflow/.local/lib/python3.8/site-packages/airflow/example_dags/example_sensors.py
[2025-07-08T09:47:54.694+0000] {processor.py:830} INFO - Processing file /home/airflow/.local/lib/python3.8/site-packages/airflow/example_dags/example_sensors.py for tasks to queue
[2025-07-08T09:47:54.697+0000] {logging_mixin.py:188} INFO - [2025-07-08T09:47:54.696+0000] {dagbag.py:538} INFO - Filling up the DagBag from /home/airflow/.local/lib/python3.8/site-packages/airflow/example_dags/example_sensors.py
[2025-07-08T09:47:54.725+0000] {processor.py:840} INFO - DAG(s) 'example_sensors' retrieved from /home/airflow/.local/lib/python3.8/site-packages/airflow/example_dags/example_sensors.py
[2025-07-08T09:47:54.797+0000] {logging_mixin.py:188} INFO - [2025-07-08T09:47:54.796+0000] {dag.py:3036} INFO - Sync 1 DAGs
[2025-07-08T09:47:54.822+0000] {logging_mixin.py:188} INFO - [2025-07-08T09:47:54.822+0000] {dag.py:3823} INFO - Setting next_dagrun for example_sensors to None, run_after=None
[2025-07-08T09:47:54.858+0000] {processor.py:183} INFO - Processing /home/airflow/.local/lib/python3.8/site-packages/airflow/example_dags/example_sensors.py took 0.172 seconds
[2025-07-08T09:48:25.471+0000] {processor.py:161} INFO - Started process (PID=5546) to work on /home/airflow/.local/lib/python3.8/site-packages/airflow/example_dags/example_sensors.py
[2025-07-08T09:48:25.473+0000] {processor.py:830} INFO - Processing file /home/airflow/.local/lib/python3.8/site-packages/airflow/example_dags/example_sensors.py for tasks to queue
[2025-07-08T09:48:25.476+0000] {logging_mixin.py:188} INFO - [2025-07-08T09:48:25.475+0000] {dagbag.py:538} INFO - Filling up the DagBag from /home/airflow/.local/lib/python3.8/site-packages/airflow/example_dags/example_sensors.py
[2025-07-08T09:48:25.493+0000] {processor.py:840} INFO - DAG(s) 'example_sensors' retrieved from /home/airflow/.local/lib/python3.8/site-packages/airflow/example_dags/example_sensors.py
[2025-07-08T09:48:25.562+0000] {logging_mixin.py:188} INFO - [2025-07-08T09:48:25.562+0000] {dag.py:3036} INFO - Sync 1 DAGs
[2025-07-08T09:48:25.594+0000] {logging_mixin.py:188} INFO - [2025-07-08T09:48:25.593+0000] {dag.py:3823} INFO - Setting next_dagrun for example_sensors to None, run_after=None
[2025-07-08T09:48:25.628+0000] {processor.py:183} INFO - Processing /home/airflow/.local/lib/python3.8/site-packages/airflow/example_dags/example_sensors.py took 0.165 seconds
[2025-07-08T09:48:56.464+0000] {processor.py:161} INFO - Started process (PID=5611) to work on /home/airflow/.local/lib/python3.8/site-packages/airflow/example_dags/example_sensors.py
[2025-07-08T09:48:56.466+0000] {processor.py:830} INFO - Processing file /home/airflow/.local/lib/python3.8/site-packages/airflow/example_dags/example_sensors.py for tasks to queue
[2025-07-08T09:48:56.469+0000] {logging_mixin.py:188} INFO - [2025-07-08T09:48:56.469+0000] {dagbag.py:538} INFO - Filling up the DagBag from /home/airflow/.local/lib/python3.8/site-packages/airflow/example_dags/example_sensors.py
[2025-07-08T09:48:56.510+0000] {processor.py:840} INFO - DAG(s) 'example_sensors' retrieved from /home/airflow/.local/lib/python3.8/site-packages/airflow/example_dags/example_sensors.py
[2025-07-08T09:48:56.606+0000] {logging_mixin.py:188} INFO - [2025-07-08T09:48:56.605+0000] {dag.py:3036} INFO - Sync 1 DAGs
[2025-07-08T09:48:56.652+0000] {logging_mixin.py:188} INFO - [2025-07-08T09:48:56.651+0000] {dag.py:3823} INFO - Setting next_dagrun for example_sensors to None, run_after=None
[2025-07-08T09:48:56.716+0000] {processor.py:183} INFO - Processing /home/airflow/.local/lib/python3.8/site-packages/airflow/example_dags/example_sensors.py took 0.283 seconds
[2025-07-08T09:49:27.454+0000] {processor.py:161} INFO - Started process (PID=5669) to work on /home/airflow/.local/lib/python3.8/site-packages/airflow/example_dags/example_sensors.py
[2025-07-08T09:49:27.464+0000] {processor.py:830} INFO - Processing file /home/airflow/.local/lib/python3.8/site-packages/airflow/example_dags/example_sensors.py for tasks to queue
[2025-07-08T09:49:27.467+0000] {logging_mixin.py:188} INFO - [2025-07-08T09:49:27.467+0000] {dagbag.py:538} INFO - Filling up the DagBag from /home/airflow/.local/lib/python3.8/site-packages/airflow/example_dags/example_sensors.py
[2025-07-08T09:49:27.498+0000] {processor.py:840} INFO - DAG(s) 'example_sensors' retrieved from /home/airflow/.local/lib/python3.8/site-packages/airflow/example_dags/example_sensors.py
[2025-07-08T09:49:27.583+0000] {logging_mixin.py:188} INFO - [2025-07-08T09:49:27.582+0000] {dag.py:3036} INFO - Sync 1 DAGs
[2025-07-08T09:49:27.628+0000] {logging_mixin.py:188} INFO - [2025-07-08T09:49:27.627+0000] {dag.py:3823} INFO - Setting next_dagrun for example_sensors to None, run_after=None
[2025-07-08T09:49:27.705+0000] {processor.py:183} INFO - Processing /home/airflow/.local/lib/python3.8/site-packages/airflow/example_dags/example_sensors.py took 0.264 seconds
[2025-07-08T09:49:57.899+0000] {processor.py:161} INFO - Started process (PID=5735) to work on /home/airflow/.local/lib/python3.8/site-packages/airflow/example_dags/example_sensors.py
[2025-07-08T09:49:57.905+0000] {processor.py:830} INFO - Processing file /home/airflow/.local/lib/python3.8/site-packages/airflow/example_dags/example_sensors.py for tasks to queue
[2025-07-08T09:49:57.908+0000] {logging_mixin.py:188} INFO - [2025-07-08T09:49:57.907+0000] {dagbag.py:538} INFO - Filling up the DagBag from /home/airflow/.local/lib/python3.8/site-packages/airflow/example_dags/example_sensors.py
[2025-07-08T09:49:57.946+0000] {processor.py:840} INFO - DAG(s) 'example_sensors' retrieved from /home/airflow/.local/lib/python3.8/site-packages/airflow/example_dags/example_sensors.py
[2025-07-08T09:49:58.118+0000] {logging_mixin.py:188} INFO - [2025-07-08T09:49:58.117+0000] {dag.py:3036} INFO - Sync 1 DAGs
[2025-07-08T09:49:58.186+0000] {logging_mixin.py:188} INFO - [2025-07-08T09:49:58.185+0000] {dag.py:3823} INFO - Setting next_dagrun for example_sensors to None, run_after=None
[2025-07-08T09:49:58.346+0000] {processor.py:183} INFO - Processing /home/airflow/.local/lib/python3.8/site-packages/airflow/example_dags/example_sensors.py took 0.453 seconds
[2025-07-08T09:50:28.957+0000] {processor.py:161} INFO - Started process (PID=5801) to work on /home/airflow/.local/lib/python3.8/site-packages/airflow/example_dags/example_sensors.py
[2025-07-08T09:50:28.959+0000] {processor.py:830} INFO - Processing file /home/airflow/.local/lib/python3.8/site-packages/airflow/example_dags/example_sensors.py for tasks to queue
[2025-07-08T09:50:28.962+0000] {logging_mixin.py:188} INFO - [2025-07-08T09:50:28.961+0000] {dagbag.py:538} INFO - Filling up the DagBag from /home/airflow/.local/lib/python3.8/site-packages/airflow/example_dags/example_sensors.py
[2025-07-08T09:50:28.979+0000] {processor.py:840} INFO - DAG(s) 'example_sensors' retrieved from /home/airflow/.local/lib/python3.8/site-packages/airflow/example_dags/example_sensors.py
[2025-07-08T09:50:29.032+0000] {logging_mixin.py:188} INFO - [2025-07-08T09:50:29.031+0000] {dag.py:3036} INFO - Sync 1 DAGs
[2025-07-08T09:50:29.058+0000] {logging_mixin.py:188} INFO - [2025-07-08T09:50:29.057+0000] {dag.py:3823} INFO - Setting next_dagrun for example_sensors to None, run_after=None
[2025-07-08T09:50:29.092+0000] {processor.py:183} INFO - Processing /home/airflow/.local/lib/python3.8/site-packages/airflow/example_dags/example_sensors.py took 0.140 seconds
[2025-07-08T09:51:00.061+0000] {processor.py:161} INFO - Started process (PID=5867) to work on /home/airflow/.local/lib/python3.8/site-packages/airflow/example_dags/example_sensors.py
[2025-07-08T09:51:00.063+0000] {processor.py:830} INFO - Processing file /home/airflow/.local/lib/python3.8/site-packages/airflow/example_dags/example_sensors.py for tasks to queue
[2025-07-08T09:51:00.068+0000] {logging_mixin.py:188} INFO - [2025-07-08T09:51:00.067+0000] {dagbag.py:538} INFO - Filling up the DagBag from /home/airflow/.local/lib/python3.8/site-packages/airflow/example_dags/example_sensors.py
[2025-07-08T09:51:00.091+0000] {processor.py:840} INFO - DAG(s) 'example_sensors' retrieved from /home/airflow/.local/lib/python3.8/site-packages/airflow/example_dags/example_sensors.py
[2025-07-08T09:51:00.149+0000] {logging_mixin.py:188} INFO - [2025-07-08T09:51:00.148+0000] {dag.py:3036} INFO - Sync 1 DAGs
[2025-07-08T09:51:00.183+0000] {logging_mixin.py:188} INFO - [2025-07-08T09:51:00.180+0000] {dag.py:3823} INFO - Setting next_dagrun for example_sensors to None, run_after=None
[2025-07-08T09:51:00.221+0000] {processor.py:183} INFO - Processing /home/airflow/.local/lib/python3.8/site-packages/airflow/example_dags/example_sensors.py took 0.169 seconds
[2025-07-08T09:51:30.532+0000] {processor.py:161} INFO - Started process (PID=5933) to work on /home/airflow/.local/lib/python3.8/site-packages/airflow/example_dags/example_sensors.py
[2025-07-08T09:51:30.535+0000] {processor.py:830} INFO - Processing file /home/airflow/.local/lib/python3.8/site-packages/airflow/example_dags/example_sensors.py for tasks to queue
[2025-07-08T09:51:30.538+0000] {logging_mixin.py:188} INFO - [2025-07-08T09:51:30.538+0000] {dagbag.py:538} INFO - Filling up the DagBag from /home/airflow/.local/lib/python3.8/site-packages/airflow/example_dags/example_sensors.py
[2025-07-08T09:51:30.557+0000] {processor.py:840} INFO - DAG(s) 'example_sensors' retrieved from /home/airflow/.local/lib/python3.8/site-packages/airflow/example_dags/example_sensors.py
[2025-07-08T09:51:30.614+0000] {logging_mixin.py:188} INFO - [2025-07-08T09:51:30.613+0000] {dag.py:3036} INFO - Sync 1 DAGs
[2025-07-08T09:51:30.640+0000] {logging_mixin.py:188} INFO - [2025-07-08T09:51:30.639+0000] {dag.py:3823} INFO - Setting next_dagrun for example_sensors to None, run_after=None
[2025-07-08T09:51:30.673+0000] {processor.py:183} INFO - Processing /home/airflow/.local/lib/python3.8/site-packages/airflow/example_dags/example_sensors.py took 0.147 seconds
[2025-07-08T09:52:00.974+0000] {processor.py:161} INFO - Started process (PID=6000) to work on /home/airflow/.local/lib/python3.8/site-packages/airflow/example_dags/example_sensors.py
[2025-07-08T09:52:00.988+0000] {processor.py:830} INFO - Processing file /home/airflow/.local/lib/python3.8/site-packages/airflow/example_dags/example_sensors.py for tasks to queue
[2025-07-08T09:52:00.991+0000] {logging_mixin.py:188} INFO - [2025-07-08T09:52:00.991+0000] {dagbag.py:538} INFO - Filling up the DagBag from /home/airflow/.local/lib/python3.8/site-packages/airflow/example_dags/example_sensors.py
[2025-07-08T09:52:01.056+0000] {processor.py:840} INFO - DAG(s) 'example_sensors' retrieved from /home/airflow/.local/lib/python3.8/site-packages/airflow/example_dags/example_sensors.py
[2025-07-08T09:52:01.217+0000] {logging_mixin.py:188} INFO - [2025-07-08T09:52:01.217+0000] {dag.py:3036} INFO - Sync 1 DAGs
[2025-07-08T09:52:01.285+0000] {logging_mixin.py:188} INFO - [2025-07-08T09:52:01.284+0000] {dag.py:3823} INFO - Setting next_dagrun for example_sensors to None, run_after=None
[2025-07-08T09:52:01.392+0000] {processor.py:183} INFO - Processing /home/airflow/.local/lib/python3.8/site-packages/airflow/example_dags/example_sensors.py took 0.424 seconds
[2025-07-08T09:52:31.555+0000] {processor.py:161} INFO - Started process (PID=6057) to work on /home/airflow/.local/lib/python3.8/site-packages/airflow/example_dags/example_sensors.py
[2025-07-08T09:52:31.564+0000] {processor.py:830} INFO - Processing file /home/airflow/.local/lib/python3.8/site-packages/airflow/example_dags/example_sensors.py for tasks to queue
[2025-07-08T09:52:31.567+0000] {logging_mixin.py:188} INFO - [2025-07-08T09:52:31.566+0000] {dagbag.py:538} INFO - Filling up the DagBag from /home/airflow/.local/lib/python3.8/site-packages/airflow/example_dags/example_sensors.py
[2025-07-08T09:52:31.676+0000] {processor.py:840} INFO - DAG(s) 'example_sensors' retrieved from /home/airflow/.local/lib/python3.8/site-packages/airflow/example_dags/example_sensors.py
[2025-07-08T09:52:31.793+0000] {logging_mixin.py:188} INFO - [2025-07-08T09:52:31.793+0000] {dag.py:3036} INFO - Sync 1 DAGs
[2025-07-08T09:52:31.831+0000] {logging_mixin.py:188} INFO - [2025-07-08T09:52:31.830+0000] {dag.py:3823} INFO - Setting next_dagrun for example_sensors to None, run_after=None
[2025-07-08T09:52:31.898+0000] {processor.py:183} INFO - Processing /home/airflow/.local/lib/python3.8/site-packages/airflow/example_dags/example_sensors.py took 0.362 seconds
[2025-07-08T09:53:02.022+0000] {processor.py:161} INFO - Started process (PID=6126) to work on /home/airflow/.local/lib/python3.8/site-packages/airflow/example_dags/example_sensors.py
[2025-07-08T09:53:02.024+0000] {processor.py:830} INFO - Processing file /home/airflow/.local/lib/python3.8/site-packages/airflow/example_dags/example_sensors.py for tasks to queue
[2025-07-08T09:53:02.027+0000] {logging_mixin.py:188} INFO - [2025-07-08T09:53:02.026+0000] {dagbag.py:538} INFO - Filling up the DagBag from /home/airflow/.local/lib/python3.8/site-packages/airflow/example_dags/example_sensors.py
[2025-07-08T09:53:02.048+0000] {processor.py:840} INFO - DAG(s) 'example_sensors' retrieved from /home/airflow/.local/lib/python3.8/site-packages/airflow/example_dags/example_sensors.py
[2025-07-08T09:53:02.104+0000] {logging_mixin.py:188} INFO - [2025-07-08T09:53:02.104+0000] {dag.py:3036} INFO - Sync 1 DAGs
[2025-07-08T09:53:02.140+0000] {logging_mixin.py:188} INFO - [2025-07-08T09:53:02.139+0000] {dag.py:3823} INFO - Setting next_dagrun for example_sensors to None, run_after=None
[2025-07-08T09:53:02.210+0000] {processor.py:183} INFO - Processing /home/airflow/.local/lib/python3.8/site-packages/airflow/example_dags/example_sensors.py took 0.196 seconds
[2025-07-08T09:53:32.486+0000] {processor.py:161} INFO - Started process (PID=6194) to work on /home/airflow/.local/lib/python3.8/site-packages/airflow/example_dags/example_sensors.py
[2025-07-08T09:53:32.487+0000] {processor.py:830} INFO - Processing file /home/airflow/.local/lib/python3.8/site-packages/airflow/example_dags/example_sensors.py for tasks to queue
[2025-07-08T09:53:32.496+0000] {logging_mixin.py:188} INFO - [2025-07-08T09:53:32.490+0000] {dagbag.py:538} INFO - Filling up the DagBag from /home/airflow/.local/lib/python3.8/site-packages/airflow/example_dags/example_sensors.py
[2025-07-08T09:53:32.515+0000] {processor.py:840} INFO - DAG(s) 'example_sensors' retrieved from /home/airflow/.local/lib/python3.8/site-packages/airflow/example_dags/example_sensors.py
[2025-07-08T09:53:32.568+0000] {logging_mixin.py:188} INFO - [2025-07-08T09:53:32.567+0000] {dag.py:3036} INFO - Sync 1 DAGs
[2025-07-08T09:53:32.593+0000] {logging_mixin.py:188} INFO - [2025-07-08T09:53:32.593+0000] {dag.py:3823} INFO - Setting next_dagrun for example_sensors to None, run_after=None
[2025-07-08T09:53:32.631+0000] {processor.py:183} INFO - Processing /home/airflow/.local/lib/python3.8/site-packages/airflow/example_dags/example_sensors.py took 0.152 seconds
[2025-07-08T09:54:03.178+0000] {processor.py:161} INFO - Started process (PID=6263) to work on /home/airflow/.local/lib/python3.8/site-packages/airflow/example_dags/example_sensors.py
[2025-07-08T09:54:03.188+0000] {processor.py:830} INFO - Processing file /home/airflow/.local/lib/python3.8/site-packages/airflow/example_dags/example_sensors.py for tasks to queue
[2025-07-08T09:54:03.192+0000] {logging_mixin.py:188} INFO - [2025-07-08T09:54:03.191+0000] {dagbag.py:538} INFO - Filling up the DagBag from /home/airflow/.local/lib/python3.8/site-packages/airflow/example_dags/example_sensors.py
[2025-07-08T09:54:03.217+0000] {processor.py:840} INFO - DAG(s) 'example_sensors' retrieved from /home/airflow/.local/lib/python3.8/site-packages/airflow/example_dags/example_sensors.py
[2025-07-08T09:54:03.272+0000] {logging_mixin.py:188} INFO - [2025-07-08T09:54:03.271+0000] {dag.py:3036} INFO - Sync 1 DAGs
[2025-07-08T09:54:03.302+0000] {logging_mixin.py:188} INFO - [2025-07-08T09:54:03.301+0000] {dag.py:3823} INFO - Setting next_dagrun for example_sensors to None, run_after=None
[2025-07-08T09:54:03.343+0000] {processor.py:183} INFO - Processing /home/airflow/.local/lib/python3.8/site-packages/airflow/example_dags/example_sensors.py took 0.171 seconds
[2025-07-08T09:54:33.982+0000] {processor.py:161} INFO - Started process (PID=6331) to work on /home/airflow/.local/lib/python3.8/site-packages/airflow/example_dags/example_sensors.py
[2025-07-08T09:54:33.988+0000] {processor.py:830} INFO - Processing file /home/airflow/.local/lib/python3.8/site-packages/airflow/example_dags/example_sensors.py for tasks to queue
[2025-07-08T09:54:33.992+0000] {logging_mixin.py:188} INFO - [2025-07-08T09:54:33.991+0000] {dagbag.py:538} INFO - Filling up the DagBag from /home/airflow/.local/lib/python3.8/site-packages/airflow/example_dags/example_sensors.py
[2025-07-08T09:54:34.068+0000] {processor.py:840} INFO - DAG(s) 'example_sensors' retrieved from /home/airflow/.local/lib/python3.8/site-packages/airflow/example_dags/example_sensors.py
[2025-07-08T09:54:34.217+0000] {logging_mixin.py:188} INFO - [2025-07-08T09:54:34.217+0000] {dag.py:3036} INFO - Sync 1 DAGs
[2025-07-08T09:54:34.345+0000] {logging_mixin.py:188} INFO - [2025-07-08T09:54:34.344+0000] {dag.py:3823} INFO - Setting next_dagrun for example_sensors to None, run_after=None
[2025-07-08T09:54:34.493+0000] {processor.py:183} INFO - Processing /home/airflow/.local/lib/python3.8/site-packages/airflow/example_dags/example_sensors.py took 0.531 seconds
[2025-07-08T09:55:04.819+0000] {processor.py:161} INFO - Started process (PID=6390) to work on /home/airflow/.local/lib/python3.8/site-packages/airflow/example_dags/example_sensors.py
[2025-07-08T09:55:04.821+0000] {processor.py:830} INFO - Processing file /home/airflow/.local/lib/python3.8/site-packages/airflow/example_dags/example_sensors.py for tasks to queue
[2025-07-08T09:55:04.825+0000] {logging_mixin.py:188} INFO - [2025-07-08T09:55:04.824+0000] {dagbag.py:538} INFO - Filling up the DagBag from /home/airflow/.local/lib/python3.8/site-packages/airflow/example_dags/example_sensors.py
[2025-07-08T09:55:04.841+0000] {processor.py:840} INFO - DAG(s) 'example_sensors' retrieved from /home/airflow/.local/lib/python3.8/site-packages/airflow/example_dags/example_sensors.py
[2025-07-08T09:55:04.896+0000] {logging_mixin.py:188} INFO - [2025-07-08T09:55:04.895+0000] {dag.py:3036} INFO - Sync 1 DAGs
[2025-07-08T09:55:04.920+0000] {logging_mixin.py:188} INFO - [2025-07-08T09:55:04.919+0000] {dag.py:3823} INFO - Setting next_dagrun for example_sensors to None, run_after=None
[2025-07-08T09:55:05.005+0000] {processor.py:183} INFO - Processing /home/airflow/.local/lib/python3.8/site-packages/airflow/example_dags/example_sensors.py took 0.191 seconds
[2025-07-08T09:55:36.162+0000] {processor.py:161} INFO - Started process (PID=6457) to work on /home/airflow/.local/lib/python3.8/site-packages/airflow/example_dags/example_sensors.py
[2025-07-08T09:55:36.163+0000] {processor.py:830} INFO - Processing file /home/airflow/.local/lib/python3.8/site-packages/airflow/example_dags/example_sensors.py for tasks to queue
[2025-07-08T09:55:36.167+0000] {logging_mixin.py:188} INFO - [2025-07-08T09:55:36.166+0000] {dagbag.py:538} INFO - Filling up the DagBag from /home/airflow/.local/lib/python3.8/site-packages/airflow/example_dags/example_sensors.py
[2025-07-08T09:55:36.186+0000] {processor.py:840} INFO - DAG(s) 'example_sensors' retrieved from /home/airflow/.local/lib/python3.8/site-packages/airflow/example_dags/example_sensors.py
[2025-07-08T09:55:36.238+0000] {logging_mixin.py:188} INFO - [2025-07-08T09:55:36.237+0000] {dag.py:3036} INFO - Sync 1 DAGs
[2025-07-08T09:55:36.272+0000] {logging_mixin.py:188} INFO - [2025-07-08T09:55:36.271+0000] {dag.py:3823} INFO - Setting next_dagrun for example_sensors to None, run_after=None
[2025-07-08T09:55:36.323+0000] {processor.py:183} INFO - Processing /home/airflow/.local/lib/python3.8/site-packages/airflow/example_dags/example_sensors.py took 0.168 seconds
[2025-07-08T09:56:06.866+0000] {processor.py:161} INFO - Started process (PID=6525) to work on /home/airflow/.local/lib/python3.8/site-packages/airflow/example_dags/example_sensors.py
[2025-07-08T09:56:06.872+0000] {processor.py:830} INFO - Processing file /home/airflow/.local/lib/python3.8/site-packages/airflow/example_dags/example_sensors.py for tasks to queue
[2025-07-08T09:56:06.876+0000] {logging_mixin.py:188} INFO - [2025-07-08T09:56:06.875+0000] {dagbag.py:538} INFO - Filling up the DagBag from /home/airflow/.local/lib/python3.8/site-packages/airflow/example_dags/example_sensors.py
[2025-07-08T09:56:06.915+0000] {processor.py:840} INFO - DAG(s) 'example_sensors' retrieved from /home/airflow/.local/lib/python3.8/site-packages/airflow/example_dags/example_sensors.py
[2025-07-08T09:56:07.037+0000] {logging_mixin.py:188} INFO - [2025-07-08T09:56:07.036+0000] {dag.py:3036} INFO - Sync 1 DAGs
[2025-07-08T09:56:07.090+0000] {logging_mixin.py:188} INFO - [2025-07-08T09:56:07.090+0000] {dag.py:3823} INFO - Setting next_dagrun for example_sensors to None, run_after=None
[2025-07-08T09:56:07.198+0000] {processor.py:183} INFO - Processing /home/airflow/.local/lib/python3.8/site-packages/airflow/example_dags/example_sensors.py took 0.347 seconds
[2025-07-08T09:56:37.884+0000] {processor.py:161} INFO - Started process (PID=6593) to work on /home/airflow/.local/lib/python3.8/site-packages/airflow/example_dags/example_sensors.py
[2025-07-08T09:56:37.886+0000] {processor.py:830} INFO - Processing file /home/airflow/.local/lib/python3.8/site-packages/airflow/example_dags/example_sensors.py for tasks to queue
[2025-07-08T09:56:37.889+0000] {logging_mixin.py:188} INFO - [2025-07-08T09:56:37.888+0000] {dagbag.py:538} INFO - Filling up the DagBag from /home/airflow/.local/lib/python3.8/site-packages/airflow/example_dags/example_sensors.py
[2025-07-08T09:56:37.907+0000] {processor.py:840} INFO - DAG(s) 'example_sensors' retrieved from /home/airflow/.local/lib/python3.8/site-packages/airflow/example_dags/example_sensors.py
[2025-07-08T09:56:37.985+0000] {logging_mixin.py:188} INFO - [2025-07-08T09:56:37.984+0000] {dag.py:3036} INFO - Sync 1 DAGs
[2025-07-08T09:56:38.015+0000] {logging_mixin.py:188} INFO - [2025-07-08T09:56:38.015+0000] {dag.py:3823} INFO - Setting next_dagrun for example_sensors to None, run_after=None
[2025-07-08T09:56:38.084+0000] {processor.py:183} INFO - Processing /home/airflow/.local/lib/python3.8/site-packages/airflow/example_dags/example_sensors.py took 0.210 seconds
[2025-07-08T09:57:09.027+0000] {processor.py:161} INFO - Started process (PID=6651) to work on /home/airflow/.local/lib/python3.8/site-packages/airflow/example_dags/example_sensors.py
[2025-07-08T09:57:09.030+0000] {processor.py:830} INFO - Processing file /home/airflow/.local/lib/python3.8/site-packages/airflow/example_dags/example_sensors.py for tasks to queue
[2025-07-08T09:57:09.033+0000] {logging_mixin.py:188} INFO - [2025-07-08T09:57:09.032+0000] {dagbag.py:538} INFO - Filling up the DagBag from /home/airflow/.local/lib/python3.8/site-packages/airflow/example_dags/example_sensors.py
[2025-07-08T09:57:09.057+0000] {processor.py:840} INFO - DAG(s) 'example_sensors' retrieved from /home/airflow/.local/lib/python3.8/site-packages/airflow/example_dags/example_sensors.py
[2025-07-08T09:57:09.113+0000] {logging_mixin.py:188} INFO - [2025-07-08T09:57:09.112+0000] {dag.py:3036} INFO - Sync 1 DAGs
[2025-07-08T09:57:09.143+0000] {logging_mixin.py:188} INFO - [2025-07-08T09:57:09.142+0000] {dag.py:3823} INFO - Setting next_dagrun for example_sensors to None, run_after=None
[2025-07-08T09:57:09.179+0000] {processor.py:183} INFO - Processing /home/airflow/.local/lib/python3.8/site-packages/airflow/example_dags/example_sensors.py took 0.158 seconds
[2025-07-08T09:57:39.570+0000] {processor.py:161} INFO - Started process (PID=6717) to work on /home/airflow/.local/lib/python3.8/site-packages/airflow/example_dags/example_sensors.py
[2025-07-08T09:57:39.572+0000] {processor.py:830} INFO - Processing file /home/airflow/.local/lib/python3.8/site-packages/airflow/example_dags/example_sensors.py for tasks to queue
[2025-07-08T09:57:39.576+0000] {logging_mixin.py:188} INFO - [2025-07-08T09:57:39.575+0000] {dagbag.py:538} INFO - Filling up the DagBag from /home/airflow/.local/lib/python3.8/site-packages/airflow/example_dags/example_sensors.py
[2025-07-08T09:57:39.662+0000] {processor.py:840} INFO - DAG(s) 'example_sensors' retrieved from /home/airflow/.local/lib/python3.8/site-packages/airflow/example_dags/example_sensors.py
[2025-07-08T09:57:39.835+0000] {logging_mixin.py:188} INFO - [2025-07-08T09:57:39.834+0000] {dag.py:3036} INFO - Sync 1 DAGs
[2025-07-08T09:57:39.895+0000] {logging_mixin.py:188} INFO - [2025-07-08T09:57:39.894+0000] {dag.py:3823} INFO - Setting next_dagrun for example_sensors to None, run_after=None
[2025-07-08T09:57:40.000+0000] {processor.py:183} INFO - Processing /home/airflow/.local/lib/python3.8/site-packages/airflow/example_dags/example_sensors.py took 0.462 seconds
[2025-07-08T09:58:10.084+0000] {processor.py:161} INFO - Started process (PID=6786) to work on /home/airflow/.local/lib/python3.8/site-packages/airflow/example_dags/example_sensors.py
[2025-07-08T09:58:10.086+0000] {processor.py:830} INFO - Processing file /home/airflow/.local/lib/python3.8/site-packages/airflow/example_dags/example_sensors.py for tasks to queue
[2025-07-08T09:58:10.090+0000] {logging_mixin.py:188} INFO - [2025-07-08T09:58:10.089+0000] {dagbag.py:538} INFO - Filling up the DagBag from /home/airflow/.local/lib/python3.8/site-packages/airflow/example_dags/example_sensors.py
[2025-07-08T09:58:10.118+0000] {processor.py:840} INFO - DAG(s) 'example_sensors' retrieved from /home/airflow/.local/lib/python3.8/site-packages/airflow/example_dags/example_sensors.py
[2025-07-08T09:58:10.233+0000] {logging_mixin.py:188} INFO - [2025-07-08T09:58:10.233+0000] {dag.py:3036} INFO - Sync 1 DAGs
[2025-07-08T09:58:10.276+0000] {logging_mixin.py:188} INFO - [2025-07-08T09:58:10.275+0000] {dag.py:3823} INFO - Setting next_dagrun for example_sensors to None, run_after=None
[2025-07-08T09:58:10.348+0000] {processor.py:183} INFO - Processing /home/airflow/.local/lib/python3.8/site-packages/airflow/example_dags/example_sensors.py took 0.270 seconds
[2025-07-08T09:58:41.032+0000] {processor.py:161} INFO - Started process (PID=6852) to work on /home/airflow/.local/lib/python3.8/site-packages/airflow/example_dags/example_sensors.py
[2025-07-08T09:58:41.034+0000] {processor.py:830} INFO - Processing file /home/airflow/.local/lib/python3.8/site-packages/airflow/example_dags/example_sensors.py for tasks to queue
[2025-07-08T09:58:41.037+0000] {logging_mixin.py:188} INFO - [2025-07-08T09:58:41.037+0000] {dagbag.py:538} INFO - Filling up the DagBag from /home/airflow/.local/lib/python3.8/site-packages/airflow/example_dags/example_sensors.py
[2025-07-08T09:58:41.080+0000] {processor.py:840} INFO - DAG(s) 'example_sensors' retrieved from /home/airflow/.local/lib/python3.8/site-packages/airflow/example_dags/example_sensors.py
[2025-07-08T09:58:41.151+0000] {logging_mixin.py:188} INFO - [2025-07-08T09:58:41.150+0000] {dag.py:3036} INFO - Sync 1 DAGs
[2025-07-08T09:58:41.178+0000] {logging_mixin.py:188} INFO - [2025-07-08T09:58:41.177+0000] {dag.py:3823} INFO - Setting next_dagrun for example_sensors to None, run_after=None
[2025-07-08T09:58:41.244+0000] {processor.py:183} INFO - Processing /home/airflow/.local/lib/python3.8/site-packages/airflow/example_dags/example_sensors.py took 0.225 seconds
[2025-07-08T09:59:11.605+0000] {processor.py:161} INFO - Started process (PID=6918) to work on /home/airflow/.local/lib/python3.8/site-packages/airflow/example_dags/example_sensors.py
[2025-07-08T09:59:11.608+0000] {processor.py:830} INFO - Processing file /home/airflow/.local/lib/python3.8/site-packages/airflow/example_dags/example_sensors.py for tasks to queue
[2025-07-08T09:59:11.610+0000] {logging_mixin.py:188} INFO - [2025-07-08T09:59:11.610+0000] {dagbag.py:538} INFO - Filling up the DagBag from /home/airflow/.local/lib/python3.8/site-packages/airflow/example_dags/example_sensors.py
[2025-07-08T09:59:11.629+0000] {processor.py:840} INFO - DAG(s) 'example_sensors' retrieved from /home/airflow/.local/lib/python3.8/site-packages/airflow/example_dags/example_sensors.py
[2025-07-08T09:59:11.679+0000] {logging_mixin.py:188} INFO - [2025-07-08T09:59:11.679+0000] {dag.py:3036} INFO - Sync 1 DAGs
[2025-07-08T09:59:11.704+0000] {logging_mixin.py:188} INFO - [2025-07-08T09:59:11.704+0000] {dag.py:3823} INFO - Setting next_dagrun for example_sensors to None, run_after=None
[2025-07-08T09:59:11.740+0000] {processor.py:183} INFO - Processing /home/airflow/.local/lib/python3.8/site-packages/airflow/example_dags/example_sensors.py took 0.141 seconds
[2025-07-08T09:59:42.519+0000] {processor.py:161} INFO - Started process (PID=6985) to work on /home/airflow/.local/lib/python3.8/site-packages/airflow/example_dags/example_sensors.py
[2025-07-08T09:59:42.520+0000] {processor.py:830} INFO - Processing file /home/airflow/.local/lib/python3.8/site-packages/airflow/example_dags/example_sensors.py for tasks to queue
[2025-07-08T09:59:42.523+0000] {logging_mixin.py:188} INFO - [2025-07-08T09:59:42.523+0000] {dagbag.py:538} INFO - Filling up the DagBag from /home/airflow/.local/lib/python3.8/site-packages/airflow/example_dags/example_sensors.py
[2025-07-08T09:59:42.544+0000] {processor.py:840} INFO - DAG(s) 'example_sensors' retrieved from /home/airflow/.local/lib/python3.8/site-packages/airflow/example_dags/example_sensors.py
[2025-07-08T09:59:42.619+0000] {logging_mixin.py:188} INFO - [2025-07-08T09:59:42.619+0000] {dag.py:3036} INFO - Sync 1 DAGs
[2025-07-08T09:59:42.647+0000] {logging_mixin.py:188} INFO - [2025-07-08T09:59:42.647+0000] {dag.py:3823} INFO - Setting next_dagrun for example_sensors to None, run_after=None
[2025-07-08T09:59:42.690+0000] {processor.py:183} INFO - Processing /home/airflow/.local/lib/python3.8/site-packages/airflow/example_dags/example_sensors.py took 0.177 seconds
[2025-07-08T10:00:12.984+0000] {processor.py:161} INFO - Started process (PID=7052) to work on /home/airflow/.local/lib/python3.8/site-packages/airflow/example_dags/example_sensors.py
[2025-07-08T10:00:12.986+0000] {processor.py:830} INFO - Processing file /home/airflow/.local/lib/python3.8/site-packages/airflow/example_dags/example_sensors.py for tasks to queue
[2025-07-08T10:00:12.989+0000] {logging_mixin.py:188} INFO - [2025-07-08T10:00:12.988+0000] {dagbag.py:538} INFO - Filling up the DagBag from /home/airflow/.local/lib/python3.8/site-packages/airflow/example_dags/example_sensors.py
[2025-07-08T10:00:13.007+0000] {processor.py:840} INFO - DAG(s) 'example_sensors' retrieved from /home/airflow/.local/lib/python3.8/site-packages/airflow/example_dags/example_sensors.py
[2025-07-08T10:00:13.061+0000] {logging_mixin.py:188} INFO - [2025-07-08T10:00:13.060+0000] {dag.py:3036} INFO - Sync 1 DAGs
[2025-07-08T10:00:13.087+0000] {logging_mixin.py:188} INFO - [2025-07-08T10:00:13.087+0000] {dag.py:3823} INFO - Setting next_dagrun for example_sensors to None, run_after=None
[2025-07-08T10:00:13.164+0000] {processor.py:183} INFO - Processing /home/airflow/.local/lib/python3.8/site-packages/airflow/example_dags/example_sensors.py took 0.195 seconds
[2025-07-08T10:00:43.912+0000] {processor.py:161} INFO - Started process (PID=7120) to work on /home/airflow/.local/lib/python3.8/site-packages/airflow/example_dags/example_sensors.py
[2025-07-08T10:00:43.914+0000] {processor.py:830} INFO - Processing file /home/airflow/.local/lib/python3.8/site-packages/airflow/example_dags/example_sensors.py for tasks to queue
[2025-07-08T10:00:43.946+0000] {logging_mixin.py:188} INFO - [2025-07-08T10:00:43.945+0000] {dagbag.py:538} INFO - Filling up the DagBag from /home/airflow/.local/lib/python3.8/site-packages/airflow/example_dags/example_sensors.py
[2025-07-08T10:00:43.996+0000] {processor.py:840} INFO - DAG(s) 'example_sensors' retrieved from /home/airflow/.local/lib/python3.8/site-packages/airflow/example_dags/example_sensors.py
[2025-07-08T10:00:44.111+0000] {logging_mixin.py:188} INFO - [2025-07-08T10:00:44.111+0000] {dag.py:3036} INFO - Sync 1 DAGs
[2025-07-08T10:00:44.161+0000] {logging_mixin.py:188} INFO - [2025-07-08T10:00:44.160+0000] {dag.py:3823} INFO - Setting next_dagrun for example_sensors to None, run_after=None
[2025-07-08T10:00:44.216+0000] {processor.py:183} INFO - Processing /home/airflow/.local/lib/python3.8/site-packages/airflow/example_dags/example_sensors.py took 0.327 seconds
[2025-07-08T10:01:14.485+0000] {processor.py:161} INFO - Started process (PID=7181) to work on /home/airflow/.local/lib/python3.8/site-packages/airflow/example_dags/example_sensors.py
[2025-07-08T10:01:14.488+0000] {processor.py:830} INFO - Processing file /home/airflow/.local/lib/python3.8/site-packages/airflow/example_dags/example_sensors.py for tasks to queue
[2025-07-08T10:01:14.492+0000] {logging_mixin.py:188} INFO - [2025-07-08T10:01:14.491+0000] {dagbag.py:538} INFO - Filling up the DagBag from /home/airflow/.local/lib/python3.8/site-packages/airflow/example_dags/example_sensors.py
[2025-07-08T10:01:14.513+0000] {processor.py:840} INFO - DAG(s) 'example_sensors' retrieved from /home/airflow/.local/lib/python3.8/site-packages/airflow/example_dags/example_sensors.py
[2025-07-08T10:01:14.563+0000] {logging_mixin.py:188} INFO - [2025-07-08T10:01:14.562+0000] {dag.py:3036} INFO - Sync 1 DAGs
[2025-07-08T10:01:14.593+0000] {logging_mixin.py:188} INFO - [2025-07-08T10:01:14.593+0000] {dag.py:3823} INFO - Setting next_dagrun for example_sensors to None, run_after=None
[2025-07-08T10:01:14.629+0000] {processor.py:183} INFO - Processing /home/airflow/.local/lib/python3.8/site-packages/airflow/example_dags/example_sensors.py took 0.152 seconds
[2025-07-08T10:01:44.708+0000] {processor.py:161} INFO - Started process (PID=7249) to work on /home/airflow/.local/lib/python3.8/site-packages/airflow/example_dags/example_sensors.py
[2025-07-08T10:01:44.710+0000] {processor.py:830} INFO - Processing file /home/airflow/.local/lib/python3.8/site-packages/airflow/example_dags/example_sensors.py for tasks to queue
[2025-07-08T10:01:44.713+0000] {logging_mixin.py:188} INFO - [2025-07-08T10:01:44.712+0000] {dagbag.py:538} INFO - Filling up the DagBag from /home/airflow/.local/lib/python3.8/site-packages/airflow/example_dags/example_sensors.py
[2025-07-08T10:01:44.732+0000] {processor.py:840} INFO - DAG(s) 'example_sensors' retrieved from /home/airflow/.local/lib/python3.8/site-packages/airflow/example_dags/example_sensors.py
[2025-07-08T10:01:44.791+0000] {logging_mixin.py:188} INFO - [2025-07-08T10:01:44.791+0000] {dag.py:3036} INFO - Sync 1 DAGs
[2025-07-08T10:01:44.818+0000] {logging_mixin.py:188} INFO - [2025-07-08T10:01:44.817+0000] {dag.py:3823} INFO - Setting next_dagrun for example_sensors to None, run_after=None
[2025-07-08T10:01:44.856+0000] {processor.py:183} INFO - Processing /home/airflow/.local/lib/python3.8/site-packages/airflow/example_dags/example_sensors.py took 0.153 seconds
[2025-07-08T10:02:15.226+0000] {processor.py:161} INFO - Started process (PID=7316) to work on /home/airflow/.local/lib/python3.8/site-packages/airflow/example_dags/example_sensors.py
[2025-07-08T10:02:15.228+0000] {processor.py:830} INFO - Processing file /home/airflow/.local/lib/python3.8/site-packages/airflow/example_dags/example_sensors.py for tasks to queue
[2025-07-08T10:02:15.232+0000] {logging_mixin.py:188} INFO - [2025-07-08T10:02:15.231+0000] {dagbag.py:538} INFO - Filling up the DagBag from /home/airflow/.local/lib/python3.8/site-packages/airflow/example_dags/example_sensors.py
[2025-07-08T10:02:15.251+0000] {processor.py:840} INFO - DAG(s) 'example_sensors' retrieved from /home/airflow/.local/lib/python3.8/site-packages/airflow/example_dags/example_sensors.py
[2025-07-08T10:02:15.304+0000] {logging_mixin.py:188} INFO - [2025-07-08T10:02:15.304+0000] {dag.py:3036} INFO - Sync 1 DAGs
[2025-07-08T10:02:15.334+0000] {logging_mixin.py:188} INFO - [2025-07-08T10:02:15.334+0000] {dag.py:3823} INFO - Setting next_dagrun for example_sensors to None, run_after=None
[2025-07-08T10:02:15.369+0000] {processor.py:183} INFO - Processing /home/airflow/.local/lib/python3.8/site-packages/airflow/example_dags/example_sensors.py took 0.149 seconds
[2025-07-08T10:02:47.382+0000] {processor.py:161} INFO - Started process (PID=7383) to work on /home/airflow/.local/lib/python3.8/site-packages/airflow/example_dags/example_sensors.py
[2025-07-08T10:02:47.384+0000] {processor.py:830} INFO - Processing file /home/airflow/.local/lib/python3.8/site-packages/airflow/example_dags/example_sensors.py for tasks to queue
[2025-07-08T10:02:47.389+0000] {logging_mixin.py:188} INFO - [2025-07-08T10:02:47.389+0000] {dagbag.py:538} INFO - Filling up the DagBag from /home/airflow/.local/lib/python3.8/site-packages/airflow/example_dags/example_sensors.py
[2025-07-08T10:02:47.535+0000] {processor.py:840} INFO - DAG(s) 'example_sensors' retrieved from /home/airflow/.local/lib/python3.8/site-packages/airflow/example_dags/example_sensors.py
[2025-07-08T10:02:47.765+0000] {logging_mixin.py:188} INFO - [2025-07-08T10:02:47.765+0000] {dag.py:3036} INFO - Sync 1 DAGs
[2025-07-08T10:02:47.855+0000] {logging_mixin.py:188} INFO - [2025-07-08T10:02:47.855+0000] {dag.py:3823} INFO - Setting next_dagrun for example_sensors to None, run_after=None
[2025-07-08T10:02:48.002+0000] {processor.py:183} INFO - Processing /home/airflow/.local/lib/python3.8/site-packages/airflow/example_dags/example_sensors.py took 0.661 seconds
[2025-07-08T10:03:18.584+0000] {processor.py:161} INFO - Started process (PID=7449) to work on /home/airflow/.local/lib/python3.8/site-packages/airflow/example_dags/example_sensors.py
[2025-07-08T10:03:18.605+0000] {processor.py:830} INFO - Processing file /home/airflow/.local/lib/python3.8/site-packages/airflow/example_dags/example_sensors.py for tasks to queue
[2025-07-08T10:03:18.617+0000] {logging_mixin.py:188} INFO - [2025-07-08T10:03:18.616+0000] {dagbag.py:538} INFO - Filling up the DagBag from /home/airflow/.local/lib/python3.8/site-packages/airflow/example_dags/example_sensors.py
[2025-07-08T10:03:18.657+0000] {processor.py:840} INFO - DAG(s) 'example_sensors' retrieved from /home/airflow/.local/lib/python3.8/site-packages/airflow/example_dags/example_sensors.py
[2025-07-08T10:03:18.815+0000] {logging_mixin.py:188} INFO - [2025-07-08T10:03:18.813+0000] {dag.py:3036} INFO - Sync 1 DAGs
[2025-07-08T10:03:18.877+0000] {logging_mixin.py:188} INFO - [2025-07-08T10:03:18.876+0000] {dag.py:3823} INFO - Setting next_dagrun for example_sensors to None, run_after=None
[2025-07-08T10:03:18.955+0000] {processor.py:183} INFO - Processing /home/airflow/.local/lib/python3.8/site-packages/airflow/example_dags/example_sensors.py took 0.390 seconds
[2025-07-08T10:03:49.183+0000] {processor.py:161} INFO - Started process (PID=7508) to work on /home/airflow/.local/lib/python3.8/site-packages/airflow/example_dags/example_sensors.py
[2025-07-08T10:03:49.184+0000] {processor.py:830} INFO - Processing file /home/airflow/.local/lib/python3.8/site-packages/airflow/example_dags/example_sensors.py for tasks to queue
[2025-07-08T10:03:49.188+0000] {logging_mixin.py:188} INFO - [2025-07-08T10:03:49.187+0000] {dagbag.py:538} INFO - Filling up the DagBag from /home/airflow/.local/lib/python3.8/site-packages/airflow/example_dags/example_sensors.py
[2025-07-08T10:03:49.214+0000] {processor.py:840} INFO - DAG(s) 'example_sensors' retrieved from /home/airflow/.local/lib/python3.8/site-packages/airflow/example_dags/example_sensors.py
[2025-07-08T10:03:49.344+0000] {logging_mixin.py:188} INFO - [2025-07-08T10:03:49.343+0000] {dag.py:3036} INFO - Sync 1 DAGs
[2025-07-08T10:03:49.381+0000] {logging_mixin.py:188} INFO - [2025-07-08T10:03:49.381+0000] {dag.py:3823} INFO - Setting next_dagrun for example_sensors to None, run_after=None
[2025-07-08T10:03:49.449+0000] {processor.py:183} INFO - Processing /home/airflow/.local/lib/python3.8/site-packages/airflow/example_dags/example_sensors.py took 0.275 seconds
[2025-07-08T10:04:19.661+0000] {processor.py:161} INFO - Started process (PID=7574) to work on /home/airflow/.local/lib/python3.8/site-packages/airflow/example_dags/example_sensors.py
[2025-07-08T10:04:19.663+0000] {processor.py:830} INFO - Processing file /home/airflow/.local/lib/python3.8/site-packages/airflow/example_dags/example_sensors.py for tasks to queue
[2025-07-08T10:04:19.666+0000] {logging_mixin.py:188} INFO - [2025-07-08T10:04:19.666+0000] {dagbag.py:538} INFO - Filling up the DagBag from /home/airflow/.local/lib/python3.8/site-packages/airflow/example_dags/example_sensors.py
[2025-07-08T10:04:19.683+0000] {processor.py:840} INFO - DAG(s) 'example_sensors' retrieved from /home/airflow/.local/lib/python3.8/site-packages/airflow/example_dags/example_sensors.py
[2025-07-08T10:04:19.725+0000] {logging_mixin.py:188} INFO - [2025-07-08T10:04:19.725+0000] {dag.py:3036} INFO - Sync 1 DAGs
[2025-07-08T10:04:19.745+0000] {logging_mixin.py:188} INFO - [2025-07-08T10:04:19.745+0000] {dag.py:3823} INFO - Setting next_dagrun for example_sensors to None, run_after=None
[2025-07-08T10:04:19.778+0000] {processor.py:183} INFO - Processing /home/airflow/.local/lib/python3.8/site-packages/airflow/example_dags/example_sensors.py took 0.123 seconds
[2025-07-08T10:04:50.610+0000] {processor.py:161} INFO - Started process (PID=7642) to work on /home/airflow/.local/lib/python3.8/site-packages/airflow/example_dags/example_sensors.py
[2025-07-08T10:04:50.612+0000] {processor.py:830} INFO - Processing file /home/airflow/.local/lib/python3.8/site-packages/airflow/example_dags/example_sensors.py for tasks to queue
[2025-07-08T10:04:50.616+0000] {logging_mixin.py:188} INFO - [2025-07-08T10:04:50.615+0000] {dagbag.py:538} INFO - Filling up the DagBag from /home/airflow/.local/lib/python3.8/site-packages/airflow/example_dags/example_sensors.py
[2025-07-08T10:04:50.639+0000] {processor.py:840} INFO - DAG(s) 'example_sensors' retrieved from /home/airflow/.local/lib/python3.8/site-packages/airflow/example_dags/example_sensors.py
[2025-07-08T10:04:50.730+0000] {logging_mixin.py:188} INFO - [2025-07-08T10:04:50.729+0000] {dag.py:3036} INFO - Sync 1 DAGs
[2025-07-08T10:04:50.809+0000] {logging_mixin.py:188} INFO - [2025-07-08T10:04:50.808+0000] {dag.py:3823} INFO - Setting next_dagrun for example_sensors to None, run_after=None
[2025-07-08T10:04:50.938+0000] {processor.py:183} INFO - Processing /home/airflow/.local/lib/python3.8/site-packages/airflow/example_dags/example_sensors.py took 0.342 seconds
[2025-07-08T10:05:21.921+0000] {processor.py:161} INFO - Started process (PID=7709) to work on /home/airflow/.local/lib/python3.8/site-packages/airflow/example_dags/example_sensors.py
[2025-07-08T10:05:21.931+0000] {processor.py:830} INFO - Processing file /home/airflow/.local/lib/python3.8/site-packages/airflow/example_dags/example_sensors.py for tasks to queue
[2025-07-08T10:05:21.941+0000] {logging_mixin.py:188} INFO - [2025-07-08T10:05:21.940+0000] {dagbag.py:538} INFO - Filling up the DagBag from /home/airflow/.local/lib/python3.8/site-packages/airflow/example_dags/example_sensors.py
[2025-07-08T10:05:21.975+0000] {processor.py:840} INFO - DAG(s) 'example_sensors' retrieved from /home/airflow/.local/lib/python3.8/site-packages/airflow/example_dags/example_sensors.py
[2025-07-08T10:05:22.089+0000] {logging_mixin.py:188} INFO - [2025-07-08T10:05:22.089+0000] {dag.py:3036} INFO - Sync 1 DAGs
[2025-07-08T10:05:22.132+0000] {logging_mixin.py:188} INFO - [2025-07-08T10:05:22.131+0000] {dag.py:3823} INFO - Setting next_dagrun for example_sensors to None, run_after=None
[2025-07-08T10:05:22.192+0000] {processor.py:183} INFO - Processing /home/airflow/.local/lib/python3.8/site-packages/airflow/example_dags/example_sensors.py took 0.286 seconds
[2025-07-08T10:05:52.580+0000] {processor.py:161} INFO - Started process (PID=7776) to work on /home/airflow/.local/lib/python3.8/site-packages/airflow/example_dags/example_sensors.py
[2025-07-08T10:05:52.581+0000] {processor.py:830} INFO - Processing file /home/airflow/.local/lib/python3.8/site-packages/airflow/example_dags/example_sensors.py for tasks to queue
[2025-07-08T10:05:52.593+0000] {logging_mixin.py:188} INFO - [2025-07-08T10:05:52.592+0000] {dagbag.py:538} INFO - Filling up the DagBag from /home/airflow/.local/lib/python3.8/site-packages/airflow/example_dags/example_sensors.py
[2025-07-08T10:05:52.630+0000] {processor.py:840} INFO - DAG(s) 'example_sensors' retrieved from /home/airflow/.local/lib/python3.8/site-packages/airflow/example_dags/example_sensors.py
[2025-07-08T10:05:52.740+0000] {logging_mixin.py:188} INFO - [2025-07-08T10:05:52.739+0000] {dag.py:3036} INFO - Sync 1 DAGs
[2025-07-08T10:05:52.792+0000] {logging_mixin.py:188} INFO - [2025-07-08T10:05:52.792+0000] {dag.py:3823} INFO - Setting next_dagrun for example_sensors to None, run_after=None
[2025-07-08T10:05:52.866+0000] {processor.py:183} INFO - Processing /home/airflow/.local/lib/python3.8/site-packages/airflow/example_dags/example_sensors.py took 0.299 seconds
[2025-07-08T10:06:23.505+0000] {processor.py:161} INFO - Started process (PID=7835) to work on /home/airflow/.local/lib/python3.8/site-packages/airflow/example_dags/example_sensors.py
[2025-07-08T10:06:23.507+0000] {processor.py:830} INFO - Processing file /home/airflow/.local/lib/python3.8/site-packages/airflow/example_dags/example_sensors.py for tasks to queue
[2025-07-08T10:06:23.510+0000] {logging_mixin.py:188} INFO - [2025-07-08T10:06:23.509+0000] {dagbag.py:538} INFO - Filling up the DagBag from /home/airflow/.local/lib/python3.8/site-packages/airflow/example_dags/example_sensors.py
[2025-07-08T10:06:23.526+0000] {processor.py:840} INFO - DAG(s) 'example_sensors' retrieved from /home/airflow/.local/lib/python3.8/site-packages/airflow/example_dags/example_sensors.py
[2025-07-08T10:06:23.571+0000] {logging_mixin.py:188} INFO - [2025-07-08T10:06:23.571+0000] {dag.py:3036} INFO - Sync 1 DAGs
[2025-07-08T10:06:23.591+0000] {logging_mixin.py:188} INFO - [2025-07-08T10:06:23.591+0000] {dag.py:3823} INFO - Setting next_dagrun for example_sensors to None, run_after=None
[2025-07-08T10:06:23.622+0000] {processor.py:183} INFO - Processing /home/airflow/.local/lib/python3.8/site-packages/airflow/example_dags/example_sensors.py took 0.122 seconds
[2025-07-08T10:06:54.341+0000] {processor.py:161} INFO - Started process (PID=7903) to work on /home/airflow/.local/lib/python3.8/site-packages/airflow/example_dags/example_sensors.py
[2025-07-08T10:06:54.342+0000] {processor.py:830} INFO - Processing file /home/airflow/.local/lib/python3.8/site-packages/airflow/example_dags/example_sensors.py for tasks to queue
[2025-07-08T10:06:54.345+0000] {logging_mixin.py:188} INFO - [2025-07-08T10:06:54.345+0000] {dagbag.py:538} INFO - Filling up the DagBag from /home/airflow/.local/lib/python3.8/site-packages/airflow/example_dags/example_sensors.py
[2025-07-08T10:06:54.364+0000] {processor.py:840} INFO - DAG(s) 'example_sensors' retrieved from /home/airflow/.local/lib/python3.8/site-packages/airflow/example_dags/example_sensors.py
[2025-07-08T10:06:54.410+0000] {logging_mixin.py:188} INFO - [2025-07-08T10:06:54.410+0000] {dag.py:3036} INFO - Sync 1 DAGs
[2025-07-08T10:06:54.433+0000] {logging_mixin.py:188} INFO - [2025-07-08T10:06:54.432+0000] {dag.py:3823} INFO - Setting next_dagrun for example_sensors to None, run_after=None
[2025-07-08T10:06:54.465+0000] {processor.py:183} INFO - Processing /home/airflow/.local/lib/python3.8/site-packages/airflow/example_dags/example_sensors.py took 0.129 seconds
[2025-07-08T10:07:25.631+0000] {processor.py:161} INFO - Started process (PID=7970) to work on /home/airflow/.local/lib/python3.8/site-packages/airflow/example_dags/example_sensors.py
[2025-07-08T10:07:25.656+0000] {processor.py:830} INFO - Processing file /home/airflow/.local/lib/python3.8/site-packages/airflow/example_dags/example_sensors.py for tasks to queue
[2025-07-08T10:07:25.666+0000] {logging_mixin.py:188} INFO - [2025-07-08T10:07:25.666+0000] {dagbag.py:538} INFO - Filling up the DagBag from /home/airflow/.local/lib/python3.8/site-packages/airflow/example_dags/example_sensors.py
[2025-07-08T10:07:25.756+0000] {processor.py:840} INFO - DAG(s) 'example_sensors' retrieved from /home/airflow/.local/lib/python3.8/site-packages/airflow/example_dags/example_sensors.py
[2025-07-08T10:07:25.917+0000] {logging_mixin.py:188} INFO - [2025-07-08T10:07:25.917+0000] {dag.py:3036} INFO - Sync 1 DAGs
[2025-07-08T10:07:26.017+0000] {logging_mixin.py:188} INFO - [2025-07-08T10:07:26.017+0000] {dag.py:3823} INFO - Setting next_dagrun for example_sensors to None, run_after=None
[2025-07-08T10:07:26.140+0000] {processor.py:183} INFO - Processing /home/airflow/.local/lib/python3.8/site-packages/airflow/example_dags/example_sensors.py took 0.547 seconds
[2025-07-08T10:07:56.763+0000] {processor.py:161} INFO - Started process (PID=8030) to work on /home/airflow/.local/lib/python3.8/site-packages/airflow/example_dags/example_sensors.py
[2025-07-08T10:07:56.769+0000] {processor.py:830} INFO - Processing file /home/airflow/.local/lib/python3.8/site-packages/airflow/example_dags/example_sensors.py for tasks to queue
[2025-07-08T10:07:56.772+0000] {logging_mixin.py:188} INFO - [2025-07-08T10:07:56.772+0000] {dagbag.py:538} INFO - Filling up the DagBag from /home/airflow/.local/lib/python3.8/site-packages/airflow/example_dags/example_sensors.py
[2025-07-08T10:07:56.820+0000] {processor.py:840} INFO - DAG(s) 'example_sensors' retrieved from /home/airflow/.local/lib/python3.8/site-packages/airflow/example_dags/example_sensors.py
[2025-07-08T10:07:56.920+0000] {logging_mixin.py:188} INFO - [2025-07-08T10:07:56.919+0000] {dag.py:3036} INFO - Sync 1 DAGs
[2025-07-08T10:07:56.961+0000] {logging_mixin.py:188} INFO - [2025-07-08T10:07:56.961+0000] {dag.py:3823} INFO - Setting next_dagrun for example_sensors to None, run_after=None
[2025-07-08T10:07:57.037+0000] {processor.py:183} INFO - Processing /home/airflow/.local/lib/python3.8/site-packages/airflow/example_dags/example_sensors.py took 0.281 seconds
[2025-07-08T10:08:27.863+0000] {processor.py:161} INFO - Started process (PID=8097) to work on /home/airflow/.local/lib/python3.8/site-packages/airflow/example_dags/example_sensors.py
[2025-07-08T10:08:27.881+0000] {processor.py:830} INFO - Processing file /home/airflow/.local/lib/python3.8/site-packages/airflow/example_dags/example_sensors.py for tasks to queue
[2025-07-08T10:08:27.884+0000] {logging_mixin.py:188} INFO - [2025-07-08T10:08:27.884+0000] {dagbag.py:538} INFO - Filling up the DagBag from /home/airflow/.local/lib/python3.8/site-packages/airflow/example_dags/example_sensors.py
[2025-07-08T10:08:27.952+0000] {processor.py:840} INFO - DAG(s) 'example_sensors' retrieved from /home/airflow/.local/lib/python3.8/site-packages/airflow/example_dags/example_sensors.py
[2025-07-08T10:08:28.053+0000] {logging_mixin.py:188} INFO - [2025-07-08T10:08:28.053+0000] {dag.py:3036} INFO - Sync 1 DAGs
[2025-07-08T10:08:28.104+0000] {logging_mixin.py:188} INFO - [2025-07-08T10:08:28.103+0000] {dag.py:3823} INFO - Setting next_dagrun for example_sensors to None, run_after=None
[2025-07-08T10:08:28.170+0000] {processor.py:183} INFO - Processing /home/airflow/.local/lib/python3.8/site-packages/airflow/example_dags/example_sensors.py took 0.325 seconds
[2025-07-08T10:08:58.310+0000] {processor.py:161} INFO - Started process (PID=8164) to work on /home/airflow/.local/lib/python3.8/site-packages/airflow/example_dags/example_sensors.py
[2025-07-08T10:08:58.312+0000] {processor.py:830} INFO - Processing file /home/airflow/.local/lib/python3.8/site-packages/airflow/example_dags/example_sensors.py for tasks to queue
[2025-07-08T10:08:58.314+0000] {logging_mixin.py:188} INFO - [2025-07-08T10:08:58.314+0000] {dagbag.py:538} INFO - Filling up the DagBag from /home/airflow/.local/lib/python3.8/site-packages/airflow/example_dags/example_sensors.py
[2025-07-08T10:08:58.329+0000] {processor.py:840} INFO - DAG(s) 'example_sensors' retrieved from /home/airflow/.local/lib/python3.8/site-packages/airflow/example_dags/example_sensors.py
[2025-07-08T10:08:58.371+0000] {logging_mixin.py:188} INFO - [2025-07-08T10:08:58.371+0000] {dag.py:3036} INFO - Sync 1 DAGs
[2025-07-08T10:08:58.399+0000] {logging_mixin.py:188} INFO - [2025-07-08T10:08:58.399+0000] {dag.py:3823} INFO - Setting next_dagrun for example_sensors to None, run_after=None
[2025-07-08T10:08:58.435+0000] {processor.py:183} INFO - Processing /home/airflow/.local/lib/python3.8/site-packages/airflow/example_dags/example_sensors.py took 0.131 seconds
[2025-07-08T10:09:28.904+0000] {processor.py:161} INFO - Started process (PID=8231) to work on /home/airflow/.local/lib/python3.8/site-packages/airflow/example_dags/example_sensors.py
[2025-07-08T10:09:28.906+0000] {processor.py:830} INFO - Processing file /home/airflow/.local/lib/python3.8/site-packages/airflow/example_dags/example_sensors.py for tasks to queue
[2025-07-08T10:09:28.908+0000] {logging_mixin.py:188} INFO - [2025-07-08T10:09:28.908+0000] {dagbag.py:538} INFO - Filling up the DagBag from /home/airflow/.local/lib/python3.8/site-packages/airflow/example_dags/example_sensors.py
[2025-07-08T10:09:28.925+0000] {processor.py:840} INFO - DAG(s) 'example_sensors' retrieved from /home/airflow/.local/lib/python3.8/site-packages/airflow/example_dags/example_sensors.py
[2025-07-08T10:09:28.973+0000] {logging_mixin.py:188} INFO - [2025-07-08T10:09:28.973+0000] {dag.py:3036} INFO - Sync 1 DAGs
[2025-07-08T10:09:29.000+0000] {logging_mixin.py:188} INFO - [2025-07-08T10:09:28.999+0000] {dag.py:3823} INFO - Setting next_dagrun for example_sensors to None, run_after=None
[2025-07-08T10:09:29.054+0000] {processor.py:183} INFO - Processing /home/airflow/.local/lib/python3.8/site-packages/airflow/example_dags/example_sensors.py took 0.155 seconds
[2025-07-08T10:09:59.815+0000] {processor.py:161} INFO - Started process (PID=8299) to work on /home/airflow/.local/lib/python3.8/site-packages/airflow/example_dags/example_sensors.py
[2025-07-08T10:09:59.817+0000] {processor.py:830} INFO - Processing file /home/airflow/.local/lib/python3.8/site-packages/airflow/example_dags/example_sensors.py for tasks to queue
[2025-07-08T10:09:59.829+0000] {logging_mixin.py:188} INFO - [2025-07-08T10:09:59.828+0000] {dagbag.py:538} INFO - Filling up the DagBag from /home/airflow/.local/lib/python3.8/site-packages/airflow/example_dags/example_sensors.py
[2025-07-08T10:09:59.858+0000] {processor.py:840} INFO - DAG(s) 'example_sensors' retrieved from /home/airflow/.local/lib/python3.8/site-packages/airflow/example_dags/example_sensors.py
[2025-07-08T10:09:59.980+0000] {logging_mixin.py:188} INFO - [2025-07-08T10:09:59.980+0000] {dag.py:3036} INFO - Sync 1 DAGs
[2025-07-08T10:10:00.006+0000] {logging_mixin.py:188} INFO - [2025-07-08T10:10:00.006+0000] {dag.py:3823} INFO - Setting next_dagrun for example_sensors to None, run_after=None
[2025-07-08T10:10:00.058+0000] {processor.py:183} INFO - Processing /home/airflow/.local/lib/python3.8/site-packages/airflow/example_dags/example_sensors.py took 0.250 seconds
[2025-07-08T10:10:30.290+0000] {processor.py:161} INFO - Started process (PID=8368) to work on /home/airflow/.local/lib/python3.8/site-packages/airflow/example_dags/example_sensors.py
[2025-07-08T10:10:30.291+0000] {processor.py:830} INFO - Processing file /home/airflow/.local/lib/python3.8/site-packages/airflow/example_dags/example_sensors.py for tasks to queue
[2025-07-08T10:10:30.294+0000] {logging_mixin.py:188} INFO - [2025-07-08T10:10:30.294+0000] {dagbag.py:538} INFO - Filling up the DagBag from /home/airflow/.local/lib/python3.8/site-packages/airflow/example_dags/example_sensors.py
[2025-07-08T10:10:30.316+0000] {processor.py:840} INFO - DAG(s) 'example_sensors' retrieved from /home/airflow/.local/lib/python3.8/site-packages/airflow/example_dags/example_sensors.py
[2025-07-08T10:10:30.435+0000] {logging_mixin.py:188} INFO - [2025-07-08T10:10:30.434+0000] {dag.py:3036} INFO - Sync 1 DAGs
[2025-07-08T10:10:30.464+0000] {logging_mixin.py:188} INFO - [2025-07-08T10:10:30.463+0000] {dag.py:3823} INFO - Setting next_dagrun for example_sensors to None, run_after=None
[2025-07-08T10:10:30.520+0000] {processor.py:183} INFO - Processing /home/airflow/.local/lib/python3.8/site-packages/airflow/example_dags/example_sensors.py took 0.236 seconds
[2025-07-08T10:11:01.470+0000] {processor.py:161} INFO - Started process (PID=8435) to work on /home/airflow/.local/lib/python3.8/site-packages/airflow/example_dags/example_sensors.py
[2025-07-08T10:11:01.480+0000] {processor.py:830} INFO - Processing file /home/airflow/.local/lib/python3.8/site-packages/airflow/example_dags/example_sensors.py for tasks to queue
[2025-07-08T10:11:01.483+0000] {logging_mixin.py:188} INFO - [2025-07-08T10:11:01.483+0000] {dagbag.py:538} INFO - Filling up the DagBag from /home/airflow/.local/lib/python3.8/site-packages/airflow/example_dags/example_sensors.py
[2025-07-08T10:11:01.502+0000] {processor.py:840} INFO - DAG(s) 'example_sensors' retrieved from /home/airflow/.local/lib/python3.8/site-packages/airflow/example_dags/example_sensors.py
[2025-07-08T10:11:01.570+0000] {logging_mixin.py:188} INFO - [2025-07-08T10:11:01.569+0000] {dag.py:3036} INFO - Sync 1 DAGs
[2025-07-08T10:11:01.597+0000] {logging_mixin.py:188} INFO - [2025-07-08T10:11:01.597+0000] {dag.py:3823} INFO - Setting next_dagrun for example_sensors to None, run_after=None
[2025-07-08T10:11:01.650+0000] {processor.py:183} INFO - Processing /home/airflow/.local/lib/python3.8/site-packages/airflow/example_dags/example_sensors.py took 0.186 seconds
[2025-07-08T10:11:32.326+0000] {processor.py:161} INFO - Started process (PID=8494) to work on /home/airflow/.local/lib/python3.8/site-packages/airflow/example_dags/example_sensors.py
[2025-07-08T10:11:32.328+0000] {processor.py:830} INFO - Processing file /home/airflow/.local/lib/python3.8/site-packages/airflow/example_dags/example_sensors.py for tasks to queue
[2025-07-08T10:11:32.331+0000] {logging_mixin.py:188} INFO - [2025-07-08T10:11:32.330+0000] {dagbag.py:538} INFO - Filling up the DagBag from /home/airflow/.local/lib/python3.8/site-packages/airflow/example_dags/example_sensors.py
[2025-07-08T10:11:32.349+0000] {processor.py:840} INFO - DAG(s) 'example_sensors' retrieved from /home/airflow/.local/lib/python3.8/site-packages/airflow/example_dags/example_sensors.py
[2025-07-08T10:11:32.398+0000] {logging_mixin.py:188} INFO - [2025-07-08T10:11:32.398+0000] {dag.py:3036} INFO - Sync 1 DAGs
[2025-07-08T10:11:32.422+0000] {logging_mixin.py:188} INFO - [2025-07-08T10:11:32.422+0000] {dag.py:3823} INFO - Setting next_dagrun for example_sensors to None, run_after=None
[2025-07-08T10:11:32.493+0000] {processor.py:183} INFO - Processing /home/airflow/.local/lib/python3.8/site-packages/airflow/example_dags/example_sensors.py took 0.173 seconds
[2025-07-08T10:12:02.679+0000] {processor.py:161} INFO - Started process (PID=8561) to work on /home/airflow/.local/lib/python3.8/site-packages/airflow/example_dags/example_sensors.py
[2025-07-08T10:12:02.682+0000] {processor.py:830} INFO - Processing file /home/airflow/.local/lib/python3.8/site-packages/airflow/example_dags/example_sensors.py for tasks to queue
[2025-07-08T10:12:02.685+0000] {logging_mixin.py:188} INFO - [2025-07-08T10:12:02.684+0000] {dagbag.py:538} INFO - Filling up the DagBag from /home/airflow/.local/lib/python3.8/site-packages/airflow/example_dags/example_sensors.py
[2025-07-08T10:12:02.703+0000] {processor.py:840} INFO - DAG(s) 'example_sensors' retrieved from /home/airflow/.local/lib/python3.8/site-packages/airflow/example_dags/example_sensors.py
[2025-07-08T10:12:02.755+0000] {logging_mixin.py:188} INFO - [2025-07-08T10:12:02.755+0000] {dag.py:3036} INFO - Sync 1 DAGs
[2025-07-08T10:12:02.782+0000] {logging_mixin.py:188} INFO - [2025-07-08T10:12:02.781+0000] {dag.py:3823} INFO - Setting next_dagrun for example_sensors to None, run_after=None
[2025-07-08T10:12:02.832+0000] {processor.py:183} INFO - Processing /home/airflow/.local/lib/python3.8/site-packages/airflow/example_dags/example_sensors.py took 0.159 seconds
[2025-07-08T10:12:33.348+0000] {processor.py:161} INFO - Started process (PID=8628) to work on /home/airflow/.local/lib/python3.8/site-packages/airflow/example_dags/example_sensors.py
[2025-07-08T10:12:33.352+0000] {processor.py:830} INFO - Processing file /home/airflow/.local/lib/python3.8/site-packages/airflow/example_dags/example_sensors.py for tasks to queue
[2025-07-08T10:12:33.355+0000] {logging_mixin.py:188} INFO - [2025-07-08T10:12:33.355+0000] {dagbag.py:538} INFO - Filling up the DagBag from /home/airflow/.local/lib/python3.8/site-packages/airflow/example_dags/example_sensors.py
[2025-07-08T10:12:33.454+0000] {processor.py:840} INFO - DAG(s) 'example_sensors' retrieved from /home/airflow/.local/lib/python3.8/site-packages/airflow/example_dags/example_sensors.py
[2025-07-08T10:12:33.650+0000] {logging_mixin.py:188} INFO - [2025-07-08T10:12:33.646+0000] {dag.py:3036} INFO - Sync 1 DAGs
[2025-07-08T10:12:33.784+0000] {logging_mixin.py:188} INFO - [2025-07-08T10:12:33.784+0000] {dag.py:3823} INFO - Setting next_dagrun for example_sensors to None, run_after=None
[2025-07-08T10:12:33.882+0000] {processor.py:183} INFO - Processing /home/airflow/.local/lib/python3.8/site-packages/airflow/example_dags/example_sensors.py took 0.615 seconds
[2025-07-08T10:13:04.523+0000] {processor.py:161} INFO - Started process (PID=8687) to work on /home/airflow/.local/lib/python3.8/site-packages/airflow/example_dags/example_sensors.py
[2025-07-08T10:13:04.525+0000] {processor.py:830} INFO - Processing file /home/airflow/.local/lib/python3.8/site-packages/airflow/example_dags/example_sensors.py for tasks to queue
[2025-07-08T10:13:04.528+0000] {logging_mixin.py:188} INFO - [2025-07-08T10:13:04.528+0000] {dagbag.py:538} INFO - Filling up the DagBag from /home/airflow/.local/lib/python3.8/site-packages/airflow/example_dags/example_sensors.py
[2025-07-08T10:13:04.565+0000] {processor.py:840} INFO - DAG(s) 'example_sensors' retrieved from /home/airflow/.local/lib/python3.8/site-packages/airflow/example_dags/example_sensors.py
[2025-07-08T10:13:04.688+0000] {logging_mixin.py:188} INFO - [2025-07-08T10:13:04.687+0000] {dag.py:3036} INFO - Sync 1 DAGs
[2025-07-08T10:13:04.745+0000] {logging_mixin.py:188} INFO - [2025-07-08T10:13:04.745+0000] {dag.py:3823} INFO - Setting next_dagrun for example_sensors to None, run_after=None
[2025-07-08T10:13:04.888+0000] {processor.py:183} INFO - Processing /home/airflow/.local/lib/python3.8/site-packages/airflow/example_dags/example_sensors.py took 0.385 seconds
[2025-07-08T10:13:35.252+0000] {processor.py:161} INFO - Started process (PID=8755) to work on /home/airflow/.local/lib/python3.8/site-packages/airflow/example_dags/example_sensors.py
[2025-07-08T10:13:35.254+0000] {processor.py:830} INFO - Processing file /home/airflow/.local/lib/python3.8/site-packages/airflow/example_dags/example_sensors.py for tasks to queue
[2025-07-08T10:13:35.257+0000] {logging_mixin.py:188} INFO - [2025-07-08T10:13:35.257+0000] {dagbag.py:538} INFO - Filling up the DagBag from /home/airflow/.local/lib/python3.8/site-packages/airflow/example_dags/example_sensors.py
[2025-07-08T10:13:35.280+0000] {processor.py:840} INFO - DAG(s) 'example_sensors' retrieved from /home/airflow/.local/lib/python3.8/site-packages/airflow/example_dags/example_sensors.py
[2025-07-08T10:13:35.351+0000] {logging_mixin.py:188} INFO - [2025-07-08T10:13:35.350+0000] {dag.py:3036} INFO - Sync 1 DAGs
[2025-07-08T10:13:35.379+0000] {logging_mixin.py:188} INFO - [2025-07-08T10:13:35.378+0000] {dag.py:3823} INFO - Setting next_dagrun for example_sensors to None, run_after=None
[2025-07-08T10:13:35.420+0000] {processor.py:183} INFO - Processing /home/airflow/.local/lib/python3.8/site-packages/airflow/example_dags/example_sensors.py took 0.175 seconds
[2025-07-08T10:14:05.692+0000] {processor.py:161} INFO - Started process (PID=8824) to work on /home/airflow/.local/lib/python3.8/site-packages/airflow/example_dags/example_sensors.py
[2025-07-08T10:14:05.696+0000] {processor.py:830} INFO - Processing file /home/airflow/.local/lib/python3.8/site-packages/airflow/example_dags/example_sensors.py for tasks to queue
[2025-07-08T10:14:05.699+0000] {logging_mixin.py:188} INFO - [2025-07-08T10:14:05.699+0000] {dagbag.py:538} INFO - Filling up the DagBag from /home/airflow/.local/lib/python3.8/site-packages/airflow/example_dags/example_sensors.py
[2025-07-08T10:14:05.759+0000] {processor.py:840} INFO - DAG(s) 'example_sensors' retrieved from /home/airflow/.local/lib/python3.8/site-packages/airflow/example_dags/example_sensors.py
[2025-07-08T10:14:05.857+0000] {logging_mixin.py:188} INFO - [2025-07-08T10:14:05.857+0000] {dag.py:3036} INFO - Sync 1 DAGs
[2025-07-08T10:14:05.895+0000] {logging_mixin.py:188} INFO - [2025-07-08T10:14:05.894+0000] {dag.py:3823} INFO - Setting next_dagrun for example_sensors to None, run_after=None
[2025-07-08T10:14:06.500+0000] {processor.py:183} INFO - Processing /home/airflow/.local/lib/python3.8/site-packages/airflow/example_dags/example_sensors.py took 0.822 seconds
[2025-07-08T10:14:36.881+0000] {processor.py:161} INFO - Started process (PID=8892) to work on /home/airflow/.local/lib/python3.8/site-packages/airflow/example_dags/example_sensors.py
[2025-07-08T10:14:36.884+0000] {processor.py:830} INFO - Processing file /home/airflow/.local/lib/python3.8/site-packages/airflow/example_dags/example_sensors.py for tasks to queue
[2025-07-08T10:14:36.897+0000] {logging_mixin.py:188} INFO - [2025-07-08T10:14:36.897+0000] {dagbag.py:538} INFO - Filling up the DagBag from /home/airflow/.local/lib/python3.8/site-packages/airflow/example_dags/example_sensors.py
[2025-07-08T10:14:36.915+0000] {processor.py:840} INFO - DAG(s) 'example_sensors' retrieved from /home/airflow/.local/lib/python3.8/site-packages/airflow/example_dags/example_sensors.py
[2025-07-08T10:14:36.988+0000] {logging_mixin.py:188} INFO - [2025-07-08T10:14:36.988+0000] {dag.py:3036} INFO - Sync 1 DAGs
[2025-07-08T10:14:37.031+0000] {logging_mixin.py:188} INFO - [2025-07-08T10:14:37.030+0000] {dag.py:3823} INFO - Setting next_dagrun for example_sensors to None, run_after=None
[2025-07-08T10:14:37.402+0000] {processor.py:183} INFO - Processing /home/airflow/.local/lib/python3.8/site-packages/airflow/example_dags/example_sensors.py took 0.535 seconds
[2025-07-08T10:15:07.498+0000] {processor.py:161} INFO - Started process (PID=8952) to work on /home/airflow/.local/lib/python3.8/site-packages/airflow/example_dags/example_sensors.py
[2025-07-08T10:15:07.499+0000] {processor.py:830} INFO - Processing file /home/airflow/.local/lib/python3.8/site-packages/airflow/example_dags/example_sensors.py for tasks to queue
[2025-07-08T10:15:07.502+0000] {logging_mixin.py:188} INFO - [2025-07-08T10:15:07.502+0000] {dagbag.py:538} INFO - Filling up the DagBag from /home/airflow/.local/lib/python3.8/site-packages/airflow/example_dags/example_sensors.py
[2025-07-08T10:15:07.521+0000] {processor.py:840} INFO - DAG(s) 'example_sensors' retrieved from /home/airflow/.local/lib/python3.8/site-packages/airflow/example_dags/example_sensors.py
[2025-07-08T10:15:07.576+0000] {logging_mixin.py:188} INFO - [2025-07-08T10:15:07.576+0000] {dag.py:3036} INFO - Sync 1 DAGs
[2025-07-08T10:15:07.605+0000] {logging_mixin.py:188} INFO - [2025-07-08T10:15:07.604+0000] {dag.py:3823} INFO - Setting next_dagrun for example_sensors to None, run_after=None
[2025-07-08T10:15:07.830+0000] {processor.py:183} INFO - Processing /home/airflow/.local/lib/python3.8/site-packages/airflow/example_dags/example_sensors.py took 0.338 seconds
[2025-07-08T10:15:38.326+0000] {processor.py:161} INFO - Started process (PID=9021) to work on /home/airflow/.local/lib/python3.8/site-packages/airflow/example_dags/example_sensors.py
[2025-07-08T10:15:38.328+0000] {processor.py:830} INFO - Processing file /home/airflow/.local/lib/python3.8/site-packages/airflow/example_dags/example_sensors.py for tasks to queue
[2025-07-08T10:15:38.331+0000] {logging_mixin.py:188} INFO - [2025-07-08T10:15:38.331+0000] {dagbag.py:538} INFO - Filling up the DagBag from /home/airflow/.local/lib/python3.8/site-packages/airflow/example_dags/example_sensors.py
[2025-07-08T10:15:38.350+0000] {processor.py:840} INFO - DAG(s) 'example_sensors' retrieved from /home/airflow/.local/lib/python3.8/site-packages/airflow/example_dags/example_sensors.py
[2025-07-08T10:15:38.413+0000] {logging_mixin.py:188} INFO - [2025-07-08T10:15:38.412+0000] {dag.py:3036} INFO - Sync 1 DAGs
[2025-07-08T10:15:38.504+0000] {logging_mixin.py:188} INFO - [2025-07-08T10:15:38.504+0000] {dag.py:3823} INFO - Setting next_dagrun for example_sensors to None, run_after=None
[2025-07-08T10:15:38.745+0000] {processor.py:183} INFO - Processing /home/airflow/.local/lib/python3.8/site-packages/airflow/example_dags/example_sensors.py took 0.425 seconds
[2025-07-08T10:16:12.723+0000] {processor.py:161} INFO - Started process (PID=9087) to work on /home/airflow/.local/lib/python3.8/site-packages/airflow/example_dags/example_sensors.py
[2025-07-08T10:16:12.725+0000] {processor.py:830} INFO - Processing file /home/airflow/.local/lib/python3.8/site-packages/airflow/example_dags/example_sensors.py for tasks to queue
[2025-07-08T10:16:12.728+0000] {logging_mixin.py:188} INFO - [2025-07-08T10:16:12.727+0000] {dagbag.py:538} INFO - Filling up the DagBag from /home/airflow/.local/lib/python3.8/site-packages/airflow/example_dags/example_sensors.py
[2025-07-08T10:16:12.767+0000] {processor.py:840} INFO - DAG(s) 'example_sensors' retrieved from /home/airflow/.local/lib/python3.8/site-packages/airflow/example_dags/example_sensors.py
[2025-07-08T10:16:12.875+0000] {logging_mixin.py:188} INFO - [2025-07-08T10:16:12.875+0000] {dag.py:3036} INFO - Sync 1 DAGs
[2025-07-08T10:16:13.395+0000] {logging_mixin.py:188} INFO - [2025-07-08T10:16:13.394+0000] {dag.py:3823} INFO - Setting next_dagrun for example_sensors to None, run_after=None
[2025-07-08T10:16:13.489+0000] {processor.py:183} INFO - Processing /home/airflow/.local/lib/python3.8/site-packages/airflow/example_dags/example_sensors.py took 0.780 seconds
[2025-07-08T10:16:43.638+0000] {processor.py:161} INFO - Started process (PID=9156) to work on /home/airflow/.local/lib/python3.8/site-packages/airflow/example_dags/example_sensors.py
[2025-07-08T10:16:43.639+0000] {processor.py:830} INFO - Processing file /home/airflow/.local/lib/python3.8/site-packages/airflow/example_dags/example_sensors.py for tasks to queue
[2025-07-08T10:16:43.659+0000] {logging_mixin.py:188} INFO - [2025-07-08T10:16:43.658+0000] {dagbag.py:538} INFO - Filling up the DagBag from /home/airflow/.local/lib/python3.8/site-packages/airflow/example_dags/example_sensors.py
[2025-07-08T10:16:43.703+0000] {processor.py:840} INFO - DAG(s) 'example_sensors' retrieved from /home/airflow/.local/lib/python3.8/site-packages/airflow/example_dags/example_sensors.py
[2025-07-08T10:16:43.826+0000] {logging_mixin.py:188} INFO - [2025-07-08T10:16:43.825+0000] {dag.py:3036} INFO - Sync 1 DAGs
[2025-07-08T10:16:44.285+0000] {logging_mixin.py:188} INFO - [2025-07-08T10:16:44.284+0000] {dag.py:3823} INFO - Setting next_dagrun for example_sensors to None, run_after=None
[2025-07-08T10:16:44.372+0000] {processor.py:183} INFO - Processing /home/airflow/.local/lib/python3.8/site-packages/airflow/example_dags/example_sensors.py took 0.747 seconds
[2025-07-08T10:17:14.754+0000] {processor.py:161} INFO - Started process (PID=9216) to work on /home/airflow/.local/lib/python3.8/site-packages/airflow/example_dags/example_sensors.py
[2025-07-08T10:17:14.755+0000] {processor.py:830} INFO - Processing file /home/airflow/.local/lib/python3.8/site-packages/airflow/example_dags/example_sensors.py for tasks to queue
[2025-07-08T10:17:14.757+0000] {logging_mixin.py:188} INFO - [2025-07-08T10:17:14.757+0000] {dagbag.py:538} INFO - Filling up the DagBag from /home/airflow/.local/lib/python3.8/site-packages/airflow/example_dags/example_sensors.py
[2025-07-08T10:17:14.780+0000] {processor.py:840} INFO - DAG(s) 'example_sensors' retrieved from /home/airflow/.local/lib/python3.8/site-packages/airflow/example_dags/example_sensors.py
[2025-07-08T10:17:14.833+0000] {logging_mixin.py:188} INFO - [2025-07-08T10:17:14.832+0000] {dag.py:3036} INFO - Sync 1 DAGs
[2025-07-08T10:17:14.857+0000] {logging_mixin.py:188} INFO - [2025-07-08T10:17:14.856+0000] {dag.py:3823} INFO - Setting next_dagrun for example_sensors to None, run_after=None
[2025-07-08T10:17:15.081+0000] {processor.py:183} INFO - Processing /home/airflow/.local/lib/python3.8/site-packages/airflow/example_dags/example_sensors.py took 0.333 seconds
[2025-07-08T10:17:45.722+0000] {processor.py:161} INFO - Started process (PID=9284) to work on /home/airflow/.local/lib/python3.8/site-packages/airflow/example_dags/example_sensors.py
[2025-07-08T10:17:45.728+0000] {processor.py:830} INFO - Processing file /home/airflow/.local/lib/python3.8/site-packages/airflow/example_dags/example_sensors.py for tasks to queue
[2025-07-08T10:17:45.731+0000] {logging_mixin.py:188} INFO - [2025-07-08T10:17:45.731+0000] {dagbag.py:538} INFO - Filling up the DagBag from /home/airflow/.local/lib/python3.8/site-packages/airflow/example_dags/example_sensors.py
[2025-07-08T10:17:45.792+0000] {processor.py:840} INFO - DAG(s) 'example_sensors' retrieved from /home/airflow/.local/lib/python3.8/site-packages/airflow/example_dags/example_sensors.py
[2025-07-08T10:17:45.903+0000] {logging_mixin.py:188} INFO - [2025-07-08T10:17:45.902+0000] {dag.py:3036} INFO - Sync 1 DAGs
[2025-07-08T10:17:45.948+0000] {logging_mixin.py:188} INFO - [2025-07-08T10:17:45.947+0000] {dag.py:3823} INFO - Setting next_dagrun for example_sensors to None, run_after=None
[2025-07-08T10:17:46.022+0000] {processor.py:183} INFO - Processing /home/airflow/.local/lib/python3.8/site-packages/airflow/example_dags/example_sensors.py took 0.324 seconds
[2025-07-08T10:18:16.319+0000] {processor.py:161} INFO - Started process (PID=9343) to work on /home/airflow/.local/lib/python3.8/site-packages/airflow/example_dags/example_sensors.py
[2025-07-08T10:18:16.320+0000] {processor.py:830} INFO - Processing file /home/airflow/.local/lib/python3.8/site-packages/airflow/example_dags/example_sensors.py for tasks to queue
[2025-07-08T10:18:16.323+0000] {logging_mixin.py:188} INFO - [2025-07-08T10:18:16.323+0000] {dagbag.py:538} INFO - Filling up the DagBag from /home/airflow/.local/lib/python3.8/site-packages/airflow/example_dags/example_sensors.py
[2025-07-08T10:18:16.338+0000] {processor.py:840} INFO - DAG(s) 'example_sensors' retrieved from /home/airflow/.local/lib/python3.8/site-packages/airflow/example_dags/example_sensors.py
[2025-07-08T10:18:16.378+0000] {logging_mixin.py:188} INFO - [2025-07-08T10:18:16.378+0000] {dag.py:3036} INFO - Sync 1 DAGs
[2025-07-08T10:18:16.401+0000] {logging_mixin.py:188} INFO - [2025-07-08T10:18:16.400+0000] {dag.py:3823} INFO - Setting next_dagrun for example_sensors to None, run_after=None
[2025-07-08T10:18:16.438+0000] {processor.py:183} INFO - Processing /home/airflow/.local/lib/python3.8/site-packages/airflow/example_dags/example_sensors.py took 0.126 seconds
[2025-07-08T10:18:46.997+0000] {processor.py:161} INFO - Started process (PID=9414) to work on /home/airflow/.local/lib/python3.8/site-packages/airflow/example_dags/example_sensors.py
[2025-07-08T10:18:46.999+0000] {processor.py:830} INFO - Processing file /home/airflow/.local/lib/python3.8/site-packages/airflow/example_dags/example_sensors.py for tasks to queue
[2025-07-08T10:18:47.002+0000] {logging_mixin.py:188} INFO - [2025-07-08T10:18:47.002+0000] {dagbag.py:538} INFO - Filling up the DagBag from /home/airflow/.local/lib/python3.8/site-packages/airflow/example_dags/example_sensors.py
[2025-07-08T10:18:47.026+0000] {processor.py:840} INFO - DAG(s) 'example_sensors' retrieved from /home/airflow/.local/lib/python3.8/site-packages/airflow/example_dags/example_sensors.py
[2025-07-08T10:18:47.099+0000] {logging_mixin.py:188} INFO - [2025-07-08T10:18:47.099+0000] {dag.py:3036} INFO - Sync 1 DAGs
[2025-07-08T10:18:47.128+0000] {logging_mixin.py:188} INFO - [2025-07-08T10:18:47.128+0000] {dag.py:3823} INFO - Setting next_dagrun for example_sensors to None, run_after=None
[2025-07-08T10:18:47.161+0000] {processor.py:183} INFO - Processing /home/airflow/.local/lib/python3.8/site-packages/airflow/example_dags/example_sensors.py took 0.175 seconds
[2025-07-08T10:19:18.479+0000] {processor.py:161} INFO - Started process (PID=9479) to work on /home/airflow/.local/lib/python3.8/site-packages/airflow/example_dags/example_sensors.py
[2025-07-08T10:19:18.514+0000] {processor.py:830} INFO - Processing file /home/airflow/.local/lib/python3.8/site-packages/airflow/example_dags/example_sensors.py for tasks to queue
[2025-07-08T10:19:18.523+0000] {logging_mixin.py:188} INFO - [2025-07-08T10:19:18.522+0000] {dagbag.py:538} INFO - Filling up the DagBag from /home/airflow/.local/lib/python3.8/site-packages/airflow/example_dags/example_sensors.py
[2025-07-08T10:19:18.637+0000] {processor.py:840} INFO - DAG(s) 'example_sensors' retrieved from /home/airflow/.local/lib/python3.8/site-packages/airflow/example_dags/example_sensors.py
[2025-07-08T10:19:18.722+0000] {logging_mixin.py:188} INFO - [2025-07-08T10:19:18.722+0000] {dag.py:3036} INFO - Sync 1 DAGs
[2025-07-08T10:19:18.751+0000] {logging_mixin.py:188} INFO - [2025-07-08T10:19:18.750+0000] {dag.py:3823} INFO - Setting next_dagrun for example_sensors to None, run_after=None
[2025-07-08T10:19:18.814+0000] {processor.py:183} INFO - Processing /home/airflow/.local/lib/python3.8/site-packages/airflow/example_dags/example_sensors.py took 0.360 seconds
[2025-07-08T10:19:49.757+0000] {processor.py:161} INFO - Started process (PID=9549) to work on /home/airflow/.local/lib/python3.8/site-packages/airflow/example_dags/example_sensors.py
[2025-07-08T10:19:49.759+0000] {processor.py:830} INFO - Processing file /home/airflow/.local/lib/python3.8/site-packages/airflow/example_dags/example_sensors.py for tasks to queue
[2025-07-08T10:19:49.777+0000] {logging_mixin.py:188} INFO - [2025-07-08T10:19:49.777+0000] {dagbag.py:538} INFO - Filling up the DagBag from /home/airflow/.local/lib/python3.8/site-packages/airflow/example_dags/example_sensors.py
[2025-07-08T10:19:49.845+0000] {processor.py:840} INFO - DAG(s) 'example_sensors' retrieved from /home/airflow/.local/lib/python3.8/site-packages/airflow/example_dags/example_sensors.py
[2025-07-08T10:19:50.146+0000] {logging_mixin.py:188} INFO - [2025-07-08T10:19:50.146+0000] {dag.py:3036} INFO - Sync 1 DAGs
[2025-07-08T10:19:50.225+0000] {logging_mixin.py:188} INFO - [2025-07-08T10:19:50.225+0000] {dag.py:3823} INFO - Setting next_dagrun for example_sensors to None, run_after=None
[2025-07-08T10:19:50.367+0000] {processor.py:183} INFO - Processing /home/airflow/.local/lib/python3.8/site-packages/airflow/example_dags/example_sensors.py took 0.641 seconds
[2025-07-08T10:20:21.529+0000] {processor.py:161} INFO - Started process (PID=9609) to work on /home/airflow/.local/lib/python3.8/site-packages/airflow/example_dags/example_sensors.py
[2025-07-08T10:20:21.545+0000] {processor.py:830} INFO - Processing file /home/airflow/.local/lib/python3.8/site-packages/airflow/example_dags/example_sensors.py for tasks to queue
[2025-07-08T10:20:21.548+0000] {logging_mixin.py:188} INFO - [2025-07-08T10:20:21.547+0000] {dagbag.py:538} INFO - Filling up the DagBag from /home/airflow/.local/lib/python3.8/site-packages/airflow/example_dags/example_sensors.py
[2025-07-08T10:20:21.619+0000] {processor.py:840} INFO - DAG(s) 'example_sensors' retrieved from /home/airflow/.local/lib/python3.8/site-packages/airflow/example_dags/example_sensors.py
[2025-07-08T10:20:21.855+0000] {logging_mixin.py:188} INFO - [2025-07-08T10:20:21.855+0000] {dag.py:3036} INFO - Sync 1 DAGs
[2025-07-08T10:20:21.928+0000] {logging_mixin.py:188} INFO - [2025-07-08T10:20:21.928+0000] {dag.py:3823} INFO - Setting next_dagrun for example_sensors to None, run_after=None
[2025-07-08T10:20:22.014+0000] {processor.py:183} INFO - Processing /home/airflow/.local/lib/python3.8/site-packages/airflow/example_dags/example_sensors.py took 0.493 seconds
[2025-07-08T10:20:52.554+0000] {processor.py:161} INFO - Started process (PID=9678) to work on /home/airflow/.local/lib/python3.8/site-packages/airflow/example_dags/example_sensors.py
[2025-07-08T10:20:52.555+0000] {processor.py:830} INFO - Processing file /home/airflow/.local/lib/python3.8/site-packages/airflow/example_dags/example_sensors.py for tasks to queue
[2025-07-08T10:20:52.558+0000] {logging_mixin.py:188} INFO - [2025-07-08T10:20:52.558+0000] {dagbag.py:538} INFO - Filling up the DagBag from /home/airflow/.local/lib/python3.8/site-packages/airflow/example_dags/example_sensors.py
[2025-07-08T10:20:52.575+0000] {processor.py:840} INFO - DAG(s) 'example_sensors' retrieved from /home/airflow/.local/lib/python3.8/site-packages/airflow/example_dags/example_sensors.py
[2025-07-08T10:20:52.625+0000] {logging_mixin.py:188} INFO - [2025-07-08T10:20:52.624+0000] {dag.py:3036} INFO - Sync 1 DAGs
[2025-07-08T10:20:52.649+0000] {logging_mixin.py:188} INFO - [2025-07-08T10:20:52.649+0000] {dag.py:3823} INFO - Setting next_dagrun for example_sensors to None, run_after=None
[2025-07-08T10:20:52.682+0000] {processor.py:183} INFO - Processing /home/airflow/.local/lib/python3.8/site-packages/airflow/example_dags/example_sensors.py took 0.133 seconds
[2025-07-08T10:21:24.071+0000] {processor.py:161} INFO - Started process (PID=9744) to work on /home/airflow/.local/lib/python3.8/site-packages/airflow/example_dags/example_sensors.py
[2025-07-08T10:21:24.077+0000] {processor.py:830} INFO - Processing file /home/airflow/.local/lib/python3.8/site-packages/airflow/example_dags/example_sensors.py for tasks to queue
[2025-07-08T10:21:24.080+0000] {logging_mixin.py:188} INFO - [2025-07-08T10:21:24.079+0000] {dagbag.py:538} INFO - Filling up the DagBag from /home/airflow/.local/lib/python3.8/site-packages/airflow/example_dags/example_sensors.py
[2025-07-08T10:21:24.098+0000] {processor.py:840} INFO - DAG(s) 'example_sensors' retrieved from /home/airflow/.local/lib/python3.8/site-packages/airflow/example_dags/example_sensors.py
[2025-07-08T10:21:24.148+0000] {logging_mixin.py:188} INFO - [2025-07-08T10:21:24.147+0000] {dag.py:3036} INFO - Sync 1 DAGs
[2025-07-08T10:21:24.173+0000] {logging_mixin.py:188} INFO - [2025-07-08T10:21:24.172+0000] {dag.py:3823} INFO - Setting next_dagrun for example_sensors to None, run_after=None
[2025-07-08T10:21:24.228+0000] {processor.py:183} INFO - Processing /home/airflow/.local/lib/python3.8/site-packages/airflow/example_dags/example_sensors.py took 0.163 seconds
[2025-07-08T10:21:55.074+0000] {processor.py:161} INFO - Started process (PID=9810) to work on /home/airflow/.local/lib/python3.8/site-packages/airflow/example_dags/example_sensors.py
[2025-07-08T10:21:55.076+0000] {processor.py:830} INFO - Processing file /home/airflow/.local/lib/python3.8/site-packages/airflow/example_dags/example_sensors.py for tasks to queue
[2025-07-08T10:21:55.079+0000] {logging_mixin.py:188} INFO - [2025-07-08T10:21:55.078+0000] {dagbag.py:538} INFO - Filling up the DagBag from /home/airflow/.local/lib/python3.8/site-packages/airflow/example_dags/example_sensors.py
[2025-07-08T10:21:55.104+0000] {processor.py:840} INFO - DAG(s) 'example_sensors' retrieved from /home/airflow/.local/lib/python3.8/site-packages/airflow/example_dags/example_sensors.py
[2025-07-08T10:21:55.158+0000] {logging_mixin.py:188} INFO - [2025-07-08T10:21:55.157+0000] {dag.py:3036} INFO - Sync 1 DAGs
[2025-07-08T10:21:55.184+0000] {logging_mixin.py:188} INFO - [2025-07-08T10:21:55.184+0000] {dag.py:3823} INFO - Setting next_dagrun for example_sensors to None, run_after=None
[2025-07-08T10:21:55.234+0000] {processor.py:183} INFO - Processing /home/airflow/.local/lib/python3.8/site-packages/airflow/example_dags/example_sensors.py took 0.167 seconds
[2025-07-08T10:22:26.155+0000] {processor.py:161} INFO - Started process (PID=9871) to work on /home/airflow/.local/lib/python3.8/site-packages/airflow/example_dags/example_sensors.py
[2025-07-08T10:22:26.164+0000] {processor.py:830} INFO - Processing file /home/airflow/.local/lib/python3.8/site-packages/airflow/example_dags/example_sensors.py for tasks to queue
[2025-07-08T10:22:26.167+0000] {logging_mixin.py:188} INFO - [2025-07-08T10:22:26.167+0000] {dagbag.py:538} INFO - Filling up the DagBag from /home/airflow/.local/lib/python3.8/site-packages/airflow/example_dags/example_sensors.py
[2025-07-08T10:22:26.239+0000] {processor.py:840} INFO - DAG(s) 'example_sensors' retrieved from /home/airflow/.local/lib/python3.8/site-packages/airflow/example_dags/example_sensors.py
[2025-07-08T10:22:26.299+0000] {logging_mixin.py:188} INFO - [2025-07-08T10:22:26.298+0000] {dag.py:3036} INFO - Sync 1 DAGs
[2025-07-08T10:22:26.341+0000] {logging_mixin.py:188} INFO - [2025-07-08T10:22:26.340+0000] {dag.py:3823} INFO - Setting next_dagrun for example_sensors to None, run_after=None
[2025-07-08T10:22:26.422+0000] {processor.py:183} INFO - Processing /home/airflow/.local/lib/python3.8/site-packages/airflow/example_dags/example_sensors.py took 0.300 seconds
[2025-07-08T10:22:57.494+0000] {processor.py:161} INFO - Started process (PID=9938) to work on /home/airflow/.local/lib/python3.8/site-packages/airflow/example_dags/example_sensors.py
[2025-07-08T10:22:57.496+0000] {processor.py:830} INFO - Processing file /home/airflow/.local/lib/python3.8/site-packages/airflow/example_dags/example_sensors.py for tasks to queue
[2025-07-08T10:22:57.505+0000] {logging_mixin.py:188} INFO - [2025-07-08T10:22:57.505+0000] {dagbag.py:538} INFO - Filling up the DagBag from /home/airflow/.local/lib/python3.8/site-packages/airflow/example_dags/example_sensors.py
[2025-07-08T10:22:57.543+0000] {processor.py:840} INFO - DAG(s) 'example_sensors' retrieved from /home/airflow/.local/lib/python3.8/site-packages/airflow/example_dags/example_sensors.py
[2025-07-08T10:22:57.633+0000] {logging_mixin.py:188} INFO - [2025-07-08T10:22:57.633+0000] {dag.py:3036} INFO - Sync 1 DAGs
[2025-07-08T10:22:57.708+0000] {logging_mixin.py:188} INFO - [2025-07-08T10:22:57.707+0000] {dag.py:3823} INFO - Setting next_dagrun for example_sensors to None, run_after=None
[2025-07-08T10:22:57.770+0000] {processor.py:183} INFO - Processing /home/airflow/.local/lib/python3.8/site-packages/airflow/example_dags/example_sensors.py took 0.281 seconds
[2025-07-08T10:23:28.030+0000] {processor.py:161} INFO - Started process (PID=10004) to work on /home/airflow/.local/lib/python3.8/site-packages/airflow/example_dags/example_sensors.py
[2025-07-08T10:23:28.040+0000] {processor.py:830} INFO - Processing file /home/airflow/.local/lib/python3.8/site-packages/airflow/example_dags/example_sensors.py for tasks to queue
[2025-07-08T10:23:28.043+0000] {logging_mixin.py:188} INFO - [2025-07-08T10:23:28.043+0000] {dagbag.py:538} INFO - Filling up the DagBag from /home/airflow/.local/lib/python3.8/site-packages/airflow/example_dags/example_sensors.py
[2025-07-08T10:23:28.062+0000] {processor.py:840} INFO - DAG(s) 'example_sensors' retrieved from /home/airflow/.local/lib/python3.8/site-packages/airflow/example_dags/example_sensors.py
[2025-07-08T10:23:28.151+0000] {logging_mixin.py:188} INFO - [2025-07-08T10:23:28.150+0000] {dag.py:3036} INFO - Sync 1 DAGs
[2025-07-08T10:23:28.177+0000] {logging_mixin.py:188} INFO - [2025-07-08T10:23:28.177+0000] {dag.py:3823} INFO - Setting next_dagrun for example_sensors to None, run_after=None
[2025-07-08T10:23:28.213+0000] {processor.py:183} INFO - Processing /home/airflow/.local/lib/python3.8/site-packages/airflow/example_dags/example_sensors.py took 0.215 seconds
[2025-07-08T10:23:58.574+0000] {processor.py:161} INFO - Started process (PID=10070) to work on /home/airflow/.local/lib/python3.8/site-packages/airflow/example_dags/example_sensors.py
[2025-07-08T10:23:58.576+0000] {processor.py:830} INFO - Processing file /home/airflow/.local/lib/python3.8/site-packages/airflow/example_dags/example_sensors.py for tasks to queue
[2025-07-08T10:23:58.579+0000] {logging_mixin.py:188} INFO - [2025-07-08T10:23:58.578+0000] {dagbag.py:538} INFO - Filling up the DagBag from /home/airflow/.local/lib/python3.8/site-packages/airflow/example_dags/example_sensors.py
[2025-07-08T10:23:58.599+0000] {processor.py:840} INFO - DAG(s) 'example_sensors' retrieved from /home/airflow/.local/lib/python3.8/site-packages/airflow/example_dags/example_sensors.py
[2025-07-08T10:23:58.701+0000] {logging_mixin.py:188} INFO - [2025-07-08T10:23:58.700+0000] {dag.py:3036} INFO - Sync 1 DAGs
[2025-07-08T10:23:58.748+0000] {logging_mixin.py:188} INFO - [2025-07-08T10:23:58.747+0000] {dag.py:3823} INFO - Setting next_dagrun for example_sensors to None, run_after=None
[2025-07-08T10:23:58.816+0000] {processor.py:183} INFO - Processing /home/airflow/.local/lib/python3.8/site-packages/airflow/example_dags/example_sensors.py took 0.251 seconds
[2025-07-08T10:24:30.024+0000] {processor.py:161} INFO - Started process (PID=10131) to work on /home/airflow/.local/lib/python3.8/site-packages/airflow/example_dags/example_sensors.py
[2025-07-08T10:24:30.028+0000] {processor.py:830} INFO - Processing file /home/airflow/.local/lib/python3.8/site-packages/airflow/example_dags/example_sensors.py for tasks to queue
[2025-07-08T10:24:30.031+0000] {logging_mixin.py:188} INFO - [2025-07-08T10:24:30.031+0000] {dagbag.py:538} INFO - Filling up the DagBag from /home/airflow/.local/lib/python3.8/site-packages/airflow/example_dags/example_sensors.py
[2025-07-08T10:24:30.078+0000] {processor.py:840} INFO - DAG(s) 'example_sensors' retrieved from /home/airflow/.local/lib/python3.8/site-packages/airflow/example_dags/example_sensors.py
[2025-07-08T10:24:30.166+0000] {logging_mixin.py:188} INFO - [2025-07-08T10:24:30.166+0000] {dag.py:3036} INFO - Sync 1 DAGs
[2025-07-08T10:24:30.223+0000] {logging_mixin.py:188} INFO - [2025-07-08T10:24:30.222+0000] {dag.py:3823} INFO - Setting next_dagrun for example_sensors to None, run_after=None
[2025-07-08T10:24:30.307+0000] {processor.py:183} INFO - Processing /home/airflow/.local/lib/python3.8/site-packages/airflow/example_dags/example_sensors.py took 0.305 seconds
[2025-07-08T10:25:01.609+0000] {processor.py:161} INFO - Started process (PID=10198) to work on /home/airflow/.local/lib/python3.8/site-packages/airflow/example_dags/example_sensors.py
[2025-07-08T10:25:01.616+0000] {processor.py:830} INFO - Processing file /home/airflow/.local/lib/python3.8/site-packages/airflow/example_dags/example_sensors.py for tasks to queue
[2025-07-08T10:25:01.620+0000] {logging_mixin.py:188} INFO - [2025-07-08T10:25:01.619+0000] {dagbag.py:538} INFO - Filling up the DagBag from /home/airflow/.local/lib/python3.8/site-packages/airflow/example_dags/example_sensors.py
[2025-07-08T10:25:01.665+0000] {processor.py:840} INFO - DAG(s) 'example_sensors' retrieved from /home/airflow/.local/lib/python3.8/site-packages/airflow/example_dags/example_sensors.py
[2025-07-08T10:25:01.737+0000] {logging_mixin.py:188} INFO - [2025-07-08T10:25:01.736+0000] {dag.py:3036} INFO - Sync 1 DAGs
[2025-07-08T10:25:01.789+0000] {logging_mixin.py:188} INFO - [2025-07-08T10:25:01.788+0000] {dag.py:3823} INFO - Setting next_dagrun for example_sensors to None, run_after=None
[2025-07-08T10:25:01.866+0000] {processor.py:183} INFO - Processing /home/airflow/.local/lib/python3.8/site-packages/airflow/example_dags/example_sensors.py took 0.288 seconds
[2025-07-08T10:25:32.010+0000] {processor.py:161} INFO - Started process (PID=10258) to work on /home/airflow/.local/lib/python3.8/site-packages/airflow/example_dags/example_sensors.py
[2025-07-08T10:25:32.011+0000] {processor.py:830} INFO - Processing file /home/airflow/.local/lib/python3.8/site-packages/airflow/example_dags/example_sensors.py for tasks to queue
[2025-07-08T10:25:32.014+0000] {logging_mixin.py:188} INFO - [2025-07-08T10:25:32.013+0000] {dagbag.py:538} INFO - Filling up the DagBag from /home/airflow/.local/lib/python3.8/site-packages/airflow/example_dags/example_sensors.py
[2025-07-08T10:25:32.034+0000] {processor.py:840} INFO - DAG(s) 'example_sensors' retrieved from /home/airflow/.local/lib/python3.8/site-packages/airflow/example_dags/example_sensors.py
[2025-07-08T10:25:32.101+0000] {logging_mixin.py:188} INFO - [2025-07-08T10:25:32.100+0000] {dag.py:3036} INFO - Sync 1 DAGs
[2025-07-08T10:25:32.125+0000] {logging_mixin.py:188} INFO - [2025-07-08T10:25:32.124+0000] {dag.py:3823} INFO - Setting next_dagrun for example_sensors to None, run_after=None
[2025-07-08T10:25:32.164+0000] {processor.py:183} INFO - Processing /home/airflow/.local/lib/python3.8/site-packages/airflow/example_dags/example_sensors.py took 0.160 seconds
[2025-07-08T10:26:03.065+0000] {processor.py:161} INFO - Started process (PID=10324) to work on /home/airflow/.local/lib/python3.8/site-packages/airflow/example_dags/example_sensors.py
[2025-07-08T10:26:03.076+0000] {processor.py:830} INFO - Processing file /home/airflow/.local/lib/python3.8/site-packages/airflow/example_dags/example_sensors.py for tasks to queue
[2025-07-08T10:26:03.079+0000] {logging_mixin.py:188} INFO - [2025-07-08T10:26:03.079+0000] {dagbag.py:538} INFO - Filling up the DagBag from /home/airflow/.local/lib/python3.8/site-packages/airflow/example_dags/example_sensors.py
[2025-07-08T10:26:03.116+0000] {processor.py:840} INFO - DAG(s) 'example_sensors' retrieved from /home/airflow/.local/lib/python3.8/site-packages/airflow/example_dags/example_sensors.py
[2025-07-08T10:26:03.233+0000] {logging_mixin.py:188} INFO - [2025-07-08T10:26:03.233+0000] {dag.py:3036} INFO - Sync 1 DAGs
[2025-07-08T10:26:03.278+0000] {logging_mixin.py:188} INFO - [2025-07-08T10:26:03.278+0000] {dag.py:3823} INFO - Setting next_dagrun for example_sensors to None, run_after=None
[2025-07-08T10:26:03.350+0000] {processor.py:183} INFO - Processing /home/airflow/.local/lib/python3.8/site-packages/airflow/example_dags/example_sensors.py took 0.308 seconds
[2025-07-08T10:26:33.480+0000] {processor.py:161} INFO - Started process (PID=10384) to work on /home/airflow/.local/lib/python3.8/site-packages/airflow/example_dags/example_sensors.py
[2025-07-08T10:26:33.482+0000] {processor.py:830} INFO - Processing file /home/airflow/.local/lib/python3.8/site-packages/airflow/example_dags/example_sensors.py for tasks to queue
[2025-07-08T10:26:33.485+0000] {logging_mixin.py:188} INFO - [2025-07-08T10:26:33.484+0000] {dagbag.py:538} INFO - Filling up the DagBag from /home/airflow/.local/lib/python3.8/site-packages/airflow/example_dags/example_sensors.py
[2025-07-08T10:26:33.499+0000] {processor.py:840} INFO - DAG(s) 'example_sensors' retrieved from /home/airflow/.local/lib/python3.8/site-packages/airflow/example_dags/example_sensors.py
[2025-07-08T10:26:33.572+0000] {logging_mixin.py:188} INFO - [2025-07-08T10:26:33.572+0000] {dag.py:3036} INFO - Sync 1 DAGs
[2025-07-08T10:26:33.609+0000] {logging_mixin.py:188} INFO - [2025-07-08T10:26:33.608+0000] {dag.py:3823} INFO - Setting next_dagrun for example_sensors to None, run_after=None
[2025-07-08T10:26:33.650+0000] {processor.py:183} INFO - Processing /home/airflow/.local/lib/python3.8/site-packages/airflow/example_dags/example_sensors.py took 0.175 seconds
[2025-07-08T10:27:04.339+0000] {processor.py:161} INFO - Started process (PID=10452) to work on /home/airflow/.local/lib/python3.8/site-packages/airflow/example_dags/example_sensors.py
[2025-07-08T10:27:04.349+0000] {processor.py:830} INFO - Processing file /home/airflow/.local/lib/python3.8/site-packages/airflow/example_dags/example_sensors.py for tasks to queue
[2025-07-08T10:27:04.365+0000] {logging_mixin.py:188} INFO - [2025-07-08T10:27:04.355+0000] {dagbag.py:538} INFO - Filling up the DagBag from /home/airflow/.local/lib/python3.8/site-packages/airflow/example_dags/example_sensors.py
[2025-07-08T10:27:04.401+0000] {processor.py:840} INFO - DAG(s) 'example_sensors' retrieved from /home/airflow/.local/lib/python3.8/site-packages/airflow/example_dags/example_sensors.py
[2025-07-08T10:27:04.457+0000] {logging_mixin.py:188} INFO - [2025-07-08T10:27:04.456+0000] {dag.py:3036} INFO - Sync 1 DAGs
[2025-07-08T10:27:04.484+0000] {logging_mixin.py:188} INFO - [2025-07-08T10:27:04.484+0000] {dag.py:3823} INFO - Setting next_dagrun for example_sensors to None, run_after=None
[2025-07-08T10:27:04.537+0000] {processor.py:183} INFO - Processing /home/airflow/.local/lib/python3.8/site-packages/airflow/example_dags/example_sensors.py took 0.221 seconds
[2025-07-08T10:27:34.999+0000] {processor.py:161} INFO - Started process (PID=10520) to work on /home/airflow/.local/lib/python3.8/site-packages/airflow/example_dags/example_sensors.py
[2025-07-08T10:27:35.001+0000] {processor.py:830} INFO - Processing file /home/airflow/.local/lib/python3.8/site-packages/airflow/example_dags/example_sensors.py for tasks to queue
[2025-07-08T10:27:35.005+0000] {logging_mixin.py:188} INFO - [2025-07-08T10:27:35.004+0000] {dagbag.py:538} INFO - Filling up the DagBag from /home/airflow/.local/lib/python3.8/site-packages/airflow/example_dags/example_sensors.py
[2025-07-08T10:27:35.038+0000] {processor.py:840} INFO - DAG(s) 'example_sensors' retrieved from /home/airflow/.local/lib/python3.8/site-packages/airflow/example_dags/example_sensors.py
[2025-07-08T10:27:35.107+0000] {logging_mixin.py:188} INFO - [2025-07-08T10:27:35.106+0000] {dag.py:3036} INFO - Sync 1 DAGs
[2025-07-08T10:27:35.135+0000] {logging_mixin.py:188} INFO - [2025-07-08T10:27:35.135+0000] {dag.py:3823} INFO - Setting next_dagrun for example_sensors to None, run_after=None
[2025-07-08T10:27:35.186+0000] {processor.py:183} INFO - Processing /home/airflow/.local/lib/python3.8/site-packages/airflow/example_dags/example_sensors.py took 0.205 seconds
[2025-07-08T10:28:09.124+0000] {processor.py:161} INFO - Started process (PID=10587) to work on /home/airflow/.local/lib/python3.8/site-packages/airflow/example_dags/example_sensors.py
[2025-07-08T10:28:09.138+0000] {processor.py:830} INFO - Processing file /home/airflow/.local/lib/python3.8/site-packages/airflow/example_dags/example_sensors.py for tasks to queue
[2025-07-08T10:28:09.145+0000] {logging_mixin.py:188} INFO - [2025-07-08T10:28:09.145+0000] {dagbag.py:538} INFO - Filling up the DagBag from /home/airflow/.local/lib/python3.8/site-packages/airflow/example_dags/example_sensors.py
[2025-07-08T10:28:09.211+0000] {processor.py:840} INFO - DAG(s) 'example_sensors' retrieved from /home/airflow/.local/lib/python3.8/site-packages/airflow/example_dags/example_sensors.py
[2025-07-08T10:28:09.437+0000] {logging_mixin.py:188} INFO - [2025-07-08T10:28:09.437+0000] {dag.py:3036} INFO - Sync 1 DAGs
[2025-07-08T10:28:09.559+0000] {logging_mixin.py:188} INFO - [2025-07-08T10:28:09.559+0000] {dag.py:3823} INFO - Setting next_dagrun for example_sensors to None, run_after=None
[2025-07-08T10:28:09.779+0000] {processor.py:183} INFO - Processing /home/airflow/.local/lib/python3.8/site-packages/airflow/example_dags/example_sensors.py took 0.678 seconds
[2025-07-08T10:28:40.007+0000] {processor.py:161} INFO - Started process (PID=10652) to work on /home/airflow/.local/lib/python3.8/site-packages/airflow/example_dags/example_sensors.py
[2025-07-08T10:28:40.016+0000] {processor.py:830} INFO - Processing file /home/airflow/.local/lib/python3.8/site-packages/airflow/example_dags/example_sensors.py for tasks to queue
[2025-07-08T10:28:40.028+0000] {logging_mixin.py:188} INFO - [2025-07-08T10:28:40.019+0000] {dagbag.py:538} INFO - Filling up the DagBag from /home/airflow/.local/lib/python3.8/site-packages/airflow/example_dags/example_sensors.py
[2025-07-08T10:28:40.094+0000] {processor.py:840} INFO - DAG(s) 'example_sensors' retrieved from /home/airflow/.local/lib/python3.8/site-packages/airflow/example_dags/example_sensors.py
[2025-07-08T10:28:40.213+0000] {logging_mixin.py:188} INFO - [2025-07-08T10:28:40.213+0000] {dag.py:3036} INFO - Sync 1 DAGs
[2025-07-08T10:28:40.268+0000] {logging_mixin.py:188} INFO - [2025-07-08T10:28:40.268+0000] {dag.py:3823} INFO - Setting next_dagrun for example_sensors to None, run_after=None
[2025-07-08T10:28:40.346+0000] {processor.py:183} INFO - Processing /home/airflow/.local/lib/python3.8/site-packages/airflow/example_dags/example_sensors.py took 0.345 seconds
[2025-07-08T10:29:10.734+0000] {processor.py:161} INFO - Started process (PID=10713) to work on /home/airflow/.local/lib/python3.8/site-packages/airflow/example_dags/example_sensors.py
[2025-07-08T10:29:10.739+0000] {processor.py:830} INFO - Processing file /home/airflow/.local/lib/python3.8/site-packages/airflow/example_dags/example_sensors.py for tasks to queue
[2025-07-08T10:29:10.748+0000] {logging_mixin.py:188} INFO - [2025-07-08T10:29:10.747+0000] {dagbag.py:538} INFO - Filling up the DagBag from /home/airflow/.local/lib/python3.8/site-packages/airflow/example_dags/example_sensors.py
[2025-07-08T10:29:10.806+0000] {processor.py:840} INFO - DAG(s) 'example_sensors' retrieved from /home/airflow/.local/lib/python3.8/site-packages/airflow/example_dags/example_sensors.py
[2025-07-08T10:29:10.930+0000] {logging_mixin.py:188} INFO - [2025-07-08T10:29:10.930+0000] {dag.py:3036} INFO - Sync 1 DAGs
[2025-07-08T10:29:10.995+0000] {logging_mixin.py:188} INFO - [2025-07-08T10:29:10.994+0000] {dag.py:3823} INFO - Setting next_dagrun for example_sensors to None, run_after=None
[2025-07-08T10:29:11.076+0000] {processor.py:183} INFO - Processing /home/airflow/.local/lib/python3.8/site-packages/airflow/example_dags/example_sensors.py took 0.378 seconds
[2025-07-08T10:29:42.163+0000] {processor.py:161} INFO - Started process (PID=10782) to work on /home/airflow/.local/lib/python3.8/site-packages/airflow/example_dags/example_sensors.py
[2025-07-08T10:29:42.165+0000] {processor.py:830} INFO - Processing file /home/airflow/.local/lib/python3.8/site-packages/airflow/example_dags/example_sensors.py for tasks to queue
[2025-07-08T10:29:42.182+0000] {logging_mixin.py:188} INFO - [2025-07-08T10:29:42.181+0000] {dagbag.py:538} INFO - Filling up the DagBag from /home/airflow/.local/lib/python3.8/site-packages/airflow/example_dags/example_sensors.py
[2025-07-08T10:29:42.228+0000] {processor.py:840} INFO - DAG(s) 'example_sensors' retrieved from /home/airflow/.local/lib/python3.8/site-packages/airflow/example_dags/example_sensors.py
[2025-07-08T10:29:42.350+0000] {logging_mixin.py:188} INFO - [2025-07-08T10:29:42.349+0000] {dag.py:3036} INFO - Sync 1 DAGs
[2025-07-08T10:29:42.394+0000] {logging_mixin.py:188} INFO - [2025-07-08T10:29:42.394+0000] {dag.py:3823} INFO - Setting next_dagrun for example_sensors to None, run_after=None
[2025-07-08T10:29:42.440+0000] {processor.py:183} INFO - Processing /home/airflow/.local/lib/python3.8/site-packages/airflow/example_dags/example_sensors.py took 0.306 seconds
[2025-07-08T10:30:12.898+0000] {processor.py:161} INFO - Started process (PID=10842) to work on /home/airflow/.local/lib/python3.8/site-packages/airflow/example_dags/example_sensors.py
[2025-07-08T10:30:12.900+0000] {processor.py:830} INFO - Processing file /home/airflow/.local/lib/python3.8/site-packages/airflow/example_dags/example_sensors.py for tasks to queue
[2025-07-08T10:30:12.919+0000] {logging_mixin.py:188} INFO - [2025-07-08T10:30:12.918+0000] {dagbag.py:538} INFO - Filling up the DagBag from /home/airflow/.local/lib/python3.8/site-packages/airflow/example_dags/example_sensors.py
[2025-07-08T10:30:12.970+0000] {processor.py:840} INFO - DAG(s) 'example_sensors' retrieved from /home/airflow/.local/lib/python3.8/site-packages/airflow/example_dags/example_sensors.py
[2025-07-08T10:30:13.077+0000] {logging_mixin.py:188} INFO - [2025-07-08T10:30:13.077+0000] {dag.py:3036} INFO - Sync 1 DAGs
[2025-07-08T10:30:13.174+0000] {logging_mixin.py:188} INFO - [2025-07-08T10:30:13.174+0000] {dag.py:3823} INFO - Setting next_dagrun for example_sensors to None, run_after=None
[2025-07-08T10:30:13.426+0000] {processor.py:183} INFO - Processing /home/airflow/.local/lib/python3.8/site-packages/airflow/example_dags/example_sensors.py took 0.550 seconds
[2025-07-08T10:30:44.480+0000] {processor.py:161} INFO - Started process (PID=10906) to work on /home/airflow/.local/lib/python3.8/site-packages/airflow/example_dags/example_sensors.py
[2025-07-08T10:30:44.485+0000] {processor.py:830} INFO - Processing file /home/airflow/.local/lib/python3.8/site-packages/airflow/example_dags/example_sensors.py for tasks to queue
[2025-07-08T10:30:44.512+0000] {logging_mixin.py:188} INFO - [2025-07-08T10:30:44.507+0000] {dagbag.py:538} INFO - Filling up the DagBag from /home/airflow/.local/lib/python3.8/site-packages/airflow/example_dags/example_sensors.py
[2025-07-08T10:30:44.593+0000] {processor.py:840} INFO - DAG(s) 'example_sensors' retrieved from /home/airflow/.local/lib/python3.8/site-packages/airflow/example_dags/example_sensors.py
[2025-07-08T10:30:44.749+0000] {logging_mixin.py:188} INFO - [2025-07-08T10:30:44.748+0000] {dag.py:3036} INFO - Sync 1 DAGs
[2025-07-08T10:30:44.841+0000] {logging_mixin.py:188} INFO - [2025-07-08T10:30:44.841+0000] {dag.py:3823} INFO - Setting next_dagrun for example_sensors to None, run_after=None
[2025-07-08T10:30:44.949+0000] {processor.py:183} INFO - Processing /home/airflow/.local/lib/python3.8/site-packages/airflow/example_dags/example_sensors.py took 0.514 seconds
[2025-07-08T10:31:15.300+0000] {processor.py:161} INFO - Started process (PID=10967) to work on /home/airflow/.local/lib/python3.8/site-packages/airflow/example_dags/example_sensors.py
[2025-07-08T10:31:15.302+0000] {processor.py:830} INFO - Processing file /home/airflow/.local/lib/python3.8/site-packages/airflow/example_dags/example_sensors.py for tasks to queue
[2025-07-08T10:31:15.304+0000] {logging_mixin.py:188} INFO - [2025-07-08T10:31:15.304+0000] {dagbag.py:538} INFO - Filling up the DagBag from /home/airflow/.local/lib/python3.8/site-packages/airflow/example_dags/example_sensors.py
[2025-07-08T10:31:15.319+0000] {processor.py:840} INFO - DAG(s) 'example_sensors' retrieved from /home/airflow/.local/lib/python3.8/site-packages/airflow/example_dags/example_sensors.py
[2025-07-08T10:31:15.366+0000] {logging_mixin.py:188} INFO - [2025-07-08T10:31:15.366+0000] {dag.py:3036} INFO - Sync 1 DAGs
[2025-07-08T10:31:15.387+0000] {logging_mixin.py:188} INFO - [2025-07-08T10:31:15.387+0000] {dag.py:3823} INFO - Setting next_dagrun for example_sensors to None, run_after=None
[2025-07-08T10:31:15.420+0000] {processor.py:183} INFO - Processing /home/airflow/.local/lib/python3.8/site-packages/airflow/example_dags/example_sensors.py took 0.126 seconds
[2025-07-08T10:31:45.964+0000] {processor.py:161} INFO - Started process (PID=11035) to work on /home/airflow/.local/lib/python3.8/site-packages/airflow/example_dags/example_sensors.py
[2025-07-08T10:31:45.966+0000] {processor.py:830} INFO - Processing file /home/airflow/.local/lib/python3.8/site-packages/airflow/example_dags/example_sensors.py for tasks to queue
[2025-07-08T10:31:45.969+0000] {logging_mixin.py:188} INFO - [2025-07-08T10:31:45.968+0000] {dagbag.py:538} INFO - Filling up the DagBag from /home/airflow/.local/lib/python3.8/site-packages/airflow/example_dags/example_sensors.py
[2025-07-08T10:31:45.988+0000] {processor.py:840} INFO - DAG(s) 'example_sensors' retrieved from /home/airflow/.local/lib/python3.8/site-packages/airflow/example_dags/example_sensors.py
[2025-07-08T10:31:46.040+0000] {logging_mixin.py:188} INFO - [2025-07-08T10:31:46.039+0000] {dag.py:3036} INFO - Sync 1 DAGs
[2025-07-08T10:31:46.068+0000] {logging_mixin.py:188} INFO - [2025-07-08T10:31:46.067+0000] {dag.py:3823} INFO - Setting next_dagrun for example_sensors to None, run_after=None
[2025-07-08T10:31:46.120+0000] {processor.py:183} INFO - Processing /home/airflow/.local/lib/python3.8/site-packages/airflow/example_dags/example_sensors.py took 0.167 seconds
[2025-07-08T10:32:16.216+0000] {processor.py:161} INFO - Started process (PID=11101) to work on /home/airflow/.local/lib/python3.8/site-packages/airflow/example_dags/example_sensors.py
[2025-07-08T10:32:16.218+0000] {processor.py:830} INFO - Processing file /home/airflow/.local/lib/python3.8/site-packages/airflow/example_dags/example_sensors.py for tasks to queue
[2025-07-08T10:32:16.219+0000] {logging_mixin.py:188} INFO - [2025-07-08T10:32:16.219+0000] {dagbag.py:538} INFO - Filling up the DagBag from /home/airflow/.local/lib/python3.8/site-packages/airflow/example_dags/example_sensors.py
[2025-07-08T10:32:16.238+0000] {processor.py:840} INFO - DAG(s) 'example_sensors' retrieved from /home/airflow/.local/lib/python3.8/site-packages/airflow/example_dags/example_sensors.py
[2025-07-08T10:32:16.337+0000] {logging_mixin.py:188} INFO - [2025-07-08T10:32:16.337+0000] {dag.py:3036} INFO - Sync 1 DAGs
[2025-07-08T10:32:16.384+0000] {logging_mixin.py:188} INFO - [2025-07-08T10:32:16.383+0000] {dag.py:3823} INFO - Setting next_dagrun for example_sensors to None, run_after=None
[2025-07-08T10:32:16.446+0000] {processor.py:183} INFO - Processing /home/airflow/.local/lib/python3.8/site-packages/airflow/example_dags/example_sensors.py took 0.252 seconds
[2025-07-08T10:32:46.832+0000] {processor.py:161} INFO - Started process (PID=11168) to work on /home/airflow/.local/lib/python3.8/site-packages/airflow/example_dags/example_sensors.py
[2025-07-08T10:32:46.834+0000] {processor.py:830} INFO - Processing file /home/airflow/.local/lib/python3.8/site-packages/airflow/example_dags/example_sensors.py for tasks to queue
[2025-07-08T10:32:46.835+0000] {logging_mixin.py:188} INFO - [2025-07-08T10:32:46.835+0000] {dagbag.py:538} INFO - Filling up the DagBag from /home/airflow/.local/lib/python3.8/site-packages/airflow/example_dags/example_sensors.py
[2025-07-08T10:32:46.880+0000] {processor.py:840} INFO - DAG(s) 'example_sensors' retrieved from /home/airflow/.local/lib/python3.8/site-packages/airflow/example_dags/example_sensors.py
[2025-07-08T10:32:46.944+0000] {logging_mixin.py:188} INFO - [2025-07-08T10:32:46.944+0000] {dag.py:3036} INFO - Sync 1 DAGs
[2025-07-08T10:32:46.970+0000] {logging_mixin.py:188} INFO - [2025-07-08T10:32:46.969+0000] {dag.py:3823} INFO - Setting next_dagrun for example_sensors to None, run_after=None
[2025-07-08T10:32:47.023+0000] {processor.py:183} INFO - Processing /home/airflow/.local/lib/python3.8/site-packages/airflow/example_dags/example_sensors.py took 0.198 seconds
[2025-07-08T10:33:17.551+0000] {processor.py:161} INFO - Started process (PID=11229) to work on /home/airflow/.local/lib/python3.8/site-packages/airflow/example_dags/example_sensors.py
[2025-07-08T10:33:17.557+0000] {processor.py:830} INFO - Processing file /home/airflow/.local/lib/python3.8/site-packages/airflow/example_dags/example_sensors.py for tasks to queue
[2025-07-08T10:33:17.558+0000] {logging_mixin.py:188} INFO - [2025-07-08T10:33:17.558+0000] {dagbag.py:538} INFO - Filling up the DagBag from /home/airflow/.local/lib/python3.8/site-packages/airflow/example_dags/example_sensors.py
[2025-07-08T10:33:17.579+0000] {processor.py:840} INFO - DAG(s) 'example_sensors' retrieved from /home/airflow/.local/lib/python3.8/site-packages/airflow/example_dags/example_sensors.py
[2025-07-08T10:33:17.630+0000] {logging_mixin.py:188} INFO - [2025-07-08T10:33:17.630+0000] {dag.py:3036} INFO - Sync 1 DAGs
[2025-07-08T10:33:17.671+0000] {logging_mixin.py:188} INFO - [2025-07-08T10:33:17.670+0000] {dag.py:3823} INFO - Setting next_dagrun for example_sensors to None, run_after=None
[2025-07-08T10:33:17.763+0000] {processor.py:183} INFO - Processing /home/airflow/.local/lib/python3.8/site-packages/airflow/example_dags/example_sensors.py took 0.229 seconds
[2025-07-08T10:33:47.949+0000] {processor.py:161} INFO - Started process (PID=11297) to work on /home/airflow/.local/lib/python3.8/site-packages/airflow/example_dags/example_sensors.py
[2025-07-08T10:33:47.951+0000] {processor.py:830} INFO - Processing file /home/airflow/.local/lib/python3.8/site-packages/airflow/example_dags/example_sensors.py for tasks to queue
[2025-07-08T10:33:47.952+0000] {logging_mixin.py:188} INFO - [2025-07-08T10:33:47.952+0000] {dagbag.py:538} INFO - Filling up the DagBag from /home/airflow/.local/lib/python3.8/site-packages/airflow/example_dags/example_sensors.py
[2025-07-08T10:33:47.976+0000] {processor.py:840} INFO - DAG(s) 'example_sensors' retrieved from /home/airflow/.local/lib/python3.8/site-packages/airflow/example_dags/example_sensors.py
[2025-07-08T10:33:48.031+0000] {logging_mixin.py:188} INFO - [2025-07-08T10:33:48.031+0000] {dag.py:3036} INFO - Sync 1 DAGs
[2025-07-08T10:33:48.057+0000] {logging_mixin.py:188} INFO - [2025-07-08T10:33:48.057+0000] {dag.py:3823} INFO - Setting next_dagrun for example_sensors to None, run_after=None
[2025-07-08T10:33:48.111+0000] {processor.py:183} INFO - Processing /home/airflow/.local/lib/python3.8/site-packages/airflow/example_dags/example_sensors.py took 0.170 seconds
[2025-07-08T10:34:18.801+0000] {processor.py:161} INFO - Started process (PID=11365) to work on /home/airflow/.local/lib/python3.8/site-packages/airflow/example_dags/example_sensors.py
[2025-07-08T10:34:18.812+0000] {processor.py:830} INFO - Processing file /home/airflow/.local/lib/python3.8/site-packages/airflow/example_dags/example_sensors.py for tasks to queue
[2025-07-08T10:34:18.814+0000] {logging_mixin.py:188} INFO - [2025-07-08T10:34:18.813+0000] {dagbag.py:538} INFO - Filling up the DagBag from /home/airflow/.local/lib/python3.8/site-packages/airflow/example_dags/example_sensors.py
[2025-07-08T10:34:18.887+0000] {processor.py:840} INFO - DAG(s) 'example_sensors' retrieved from /home/airflow/.local/lib/python3.8/site-packages/airflow/example_dags/example_sensors.py
[2025-07-08T10:34:19.029+0000] {logging_mixin.py:188} INFO - [2025-07-08T10:34:19.029+0000] {dag.py:3036} INFO - Sync 1 DAGs
[2025-07-08T10:34:19.111+0000] {logging_mixin.py:188} INFO - [2025-07-08T10:34:19.111+0000] {dag.py:3823} INFO - Setting next_dagrun for example_sensors to None, run_after=None
[2025-07-08T10:34:19.285+0000] {processor.py:183} INFO - Processing /home/airflow/.local/lib/python3.8/site-packages/airflow/example_dags/example_sensors.py took 0.499 seconds
[2025-07-08T10:34:50.282+0000] {processor.py:161} INFO - Started process (PID=11435) to work on /home/airflow/.local/lib/python3.8/site-packages/airflow/example_dags/example_sensors.py
[2025-07-08T10:34:50.290+0000] {processor.py:830} INFO - Processing file /home/airflow/.local/lib/python3.8/site-packages/airflow/example_dags/example_sensors.py for tasks to queue
[2025-07-08T10:34:50.292+0000] {logging_mixin.py:188} INFO - [2025-07-08T10:34:50.291+0000] {dagbag.py:538} INFO - Filling up the DagBag from /home/airflow/.local/lib/python3.8/site-packages/airflow/example_dags/example_sensors.py
[2025-07-08T10:34:50.359+0000] {processor.py:840} INFO - DAG(s) 'example_sensors' retrieved from /home/airflow/.local/lib/python3.8/site-packages/airflow/example_dags/example_sensors.py
[2025-07-08T10:34:50.521+0000] {logging_mixin.py:188} INFO - [2025-07-08T10:34:50.521+0000] {dag.py:3036} INFO - Sync 1 DAGs
[2025-07-08T10:34:50.592+0000] {logging_mixin.py:188} INFO - [2025-07-08T10:34:50.591+0000] {dag.py:3823} INFO - Setting next_dagrun for example_sensors to None, run_after=None
[2025-07-08T10:34:50.710+0000] {processor.py:183} INFO - Processing /home/airflow/.local/lib/python3.8/site-packages/airflow/example_dags/example_sensors.py took 0.449 seconds
[2025-07-08T10:35:20.968+0000] {processor.py:161} INFO - Started process (PID=11499) to work on /home/airflow/.local/lib/python3.8/site-packages/airflow/example_dags/example_sensors.py
[2025-07-08T10:35:20.990+0000] {processor.py:830} INFO - Processing file /home/airflow/.local/lib/python3.8/site-packages/airflow/example_dags/example_sensors.py for tasks to queue
[2025-07-08T10:35:20.992+0000] {logging_mixin.py:188} INFO - [2025-07-08T10:35:20.991+0000] {dagbag.py:538} INFO - Filling up the DagBag from /home/airflow/.local/lib/python3.8/site-packages/airflow/example_dags/example_sensors.py
[2025-07-08T10:35:21.047+0000] {processor.py:840} INFO - DAG(s) 'example_sensors' retrieved from /home/airflow/.local/lib/python3.8/site-packages/airflow/example_dags/example_sensors.py
[2025-07-08T10:35:21.161+0000] {logging_mixin.py:188} INFO - [2025-07-08T10:35:21.161+0000] {dag.py:3036} INFO - Sync 1 DAGs
[2025-07-08T10:35:21.208+0000] {logging_mixin.py:188} INFO - [2025-07-08T10:35:21.207+0000] {dag.py:3823} INFO - Setting next_dagrun for example_sensors to None, run_after=None
[2025-07-08T10:35:21.322+0000] {processor.py:183} INFO - Processing /home/airflow/.local/lib/python3.8/site-packages/airflow/example_dags/example_sensors.py took 0.361 seconds
[2025-07-08T10:35:52.161+0000] {processor.py:161} INFO - Started process (PID=11564) to work on /home/airflow/.local/lib/python3.8/site-packages/airflow/example_dags/example_sensors.py
[2025-07-08T10:35:52.172+0000] {processor.py:830} INFO - Processing file /home/airflow/.local/lib/python3.8/site-packages/airflow/example_dags/example_sensors.py for tasks to queue
[2025-07-08T10:35:52.174+0000] {logging_mixin.py:188} INFO - [2025-07-08T10:35:52.173+0000] {dagbag.py:538} INFO - Filling up the DagBag from /home/airflow/.local/lib/python3.8/site-packages/airflow/example_dags/example_sensors.py
[2025-07-08T10:35:52.233+0000] {processor.py:840} INFO - DAG(s) 'example_sensors' retrieved from /home/airflow/.local/lib/python3.8/site-packages/airflow/example_dags/example_sensors.py
[2025-07-08T10:35:52.393+0000] {logging_mixin.py:188} INFO - [2025-07-08T10:35:52.393+0000] {dag.py:3036} INFO - Sync 1 DAGs
[2025-07-08T10:35:52.483+0000] {logging_mixin.py:188} INFO - [2025-07-08T10:35:52.482+0000] {dag.py:3823} INFO - Setting next_dagrun for example_sensors to None, run_after=None
[2025-07-08T10:35:52.580+0000] {processor.py:183} INFO - Processing /home/airflow/.local/lib/python3.8/site-packages/airflow/example_dags/example_sensors.py took 0.449 seconds
[2025-07-08T10:36:24.055+0000] {processor.py:161} INFO - Started process (PID=11625) to work on /home/airflow/.local/lib/python3.8/site-packages/airflow/example_dags/example_sensors.py
[2025-07-08T10:36:24.060+0000] {processor.py:830} INFO - Processing file /home/airflow/.local/lib/python3.8/site-packages/airflow/example_dags/example_sensors.py for tasks to queue
[2025-07-08T10:36:24.062+0000] {logging_mixin.py:188} INFO - [2025-07-08T10:36:24.061+0000] {dagbag.py:538} INFO - Filling up the DagBag from /home/airflow/.local/lib/python3.8/site-packages/airflow/example_dags/example_sensors.py
[2025-07-08T10:36:24.102+0000] {processor.py:840} INFO - DAG(s) 'example_sensors' retrieved from /home/airflow/.local/lib/python3.8/site-packages/airflow/example_dags/example_sensors.py
[2025-07-08T10:36:24.230+0000] {logging_mixin.py:188} INFO - [2025-07-08T10:36:24.230+0000] {dag.py:3036} INFO - Sync 1 DAGs
[2025-07-08T10:36:24.293+0000] {logging_mixin.py:188} INFO - [2025-07-08T10:36:24.292+0000] {dag.py:3823} INFO - Setting next_dagrun for example_sensors to None, run_after=None
[2025-07-08T10:36:24.369+0000] {processor.py:183} INFO - Processing /home/airflow/.local/lib/python3.8/site-packages/airflow/example_dags/example_sensors.py took 0.325 seconds
[2025-07-08T10:36:54.650+0000] {processor.py:161} INFO - Started process (PID=11694) to work on /home/airflow/.local/lib/python3.8/site-packages/airflow/example_dags/example_sensors.py
[2025-07-08T10:36:54.662+0000] {processor.py:830} INFO - Processing file /home/airflow/.local/lib/python3.8/site-packages/airflow/example_dags/example_sensors.py for tasks to queue
[2025-07-08T10:36:54.663+0000] {logging_mixin.py:188} INFO - [2025-07-08T10:36:54.663+0000] {dagbag.py:538} INFO - Filling up the DagBag from /home/airflow/.local/lib/python3.8/site-packages/airflow/example_dags/example_sensors.py
[2025-07-08T10:36:54.714+0000] {processor.py:840} INFO - DAG(s) 'example_sensors' retrieved from /home/airflow/.local/lib/python3.8/site-packages/airflow/example_dags/example_sensors.py
[2025-07-08T10:36:54.873+0000] {logging_mixin.py:188} INFO - [2025-07-08T10:36:54.873+0000] {dag.py:3036} INFO - Sync 1 DAGs
[2025-07-08T10:36:54.924+0000] {logging_mixin.py:188} INFO - [2025-07-08T10:36:54.924+0000] {dag.py:3823} INFO - Setting next_dagrun for example_sensors to None, run_after=None
[2025-07-08T10:36:55.072+0000] {processor.py:183} INFO - Processing /home/airflow/.local/lib/python3.8/site-packages/airflow/example_dags/example_sensors.py took 0.436 seconds
[2025-07-08T10:37:25.325+0000] {processor.py:161} INFO - Started process (PID=11758) to work on /home/airflow/.local/lib/python3.8/site-packages/airflow/example_dags/example_sensors.py
[2025-07-08T10:37:25.327+0000] {processor.py:830} INFO - Processing file /home/airflow/.local/lib/python3.8/site-packages/airflow/example_dags/example_sensors.py for tasks to queue
[2025-07-08T10:37:25.328+0000] {logging_mixin.py:188} INFO - [2025-07-08T10:37:25.328+0000] {dagbag.py:538} INFO - Filling up the DagBag from /home/airflow/.local/lib/python3.8/site-packages/airflow/example_dags/example_sensors.py
[2025-07-08T10:37:25.350+0000] {processor.py:840} INFO - DAG(s) 'example_sensors' retrieved from /home/airflow/.local/lib/python3.8/site-packages/airflow/example_dags/example_sensors.py
[2025-07-08T10:37:25.410+0000] {logging_mixin.py:188} INFO - [2025-07-08T10:37:25.409+0000] {dag.py:3036} INFO - Sync 1 DAGs
[2025-07-08T10:37:25.437+0000] {logging_mixin.py:188} INFO - [2025-07-08T10:37:25.436+0000] {dag.py:3823} INFO - Setting next_dagrun for example_sensors to None, run_after=None
[2025-07-08T10:37:25.476+0000] {processor.py:183} INFO - Processing /home/airflow/.local/lib/python3.8/site-packages/airflow/example_dags/example_sensors.py took 0.158 seconds
[2025-07-08T10:37:55.539+0000] {processor.py:161} INFO - Started process (PID=11827) to work on /home/airflow/.local/lib/python3.8/site-packages/airflow/example_dags/example_sensors.py
[2025-07-08T10:37:55.541+0000] {processor.py:830} INFO - Processing file /home/airflow/.local/lib/python3.8/site-packages/airflow/example_dags/example_sensors.py for tasks to queue
[2025-07-08T10:37:55.543+0000] {logging_mixin.py:188} INFO - [2025-07-08T10:37:55.542+0000] {dagbag.py:538} INFO - Filling up the DagBag from /home/airflow/.local/lib/python3.8/site-packages/airflow/example_dags/example_sensors.py
[2025-07-08T10:37:55.563+0000] {processor.py:840} INFO - DAG(s) 'example_sensors' retrieved from /home/airflow/.local/lib/python3.8/site-packages/airflow/example_dags/example_sensors.py
[2025-07-08T10:37:55.630+0000] {logging_mixin.py:188} INFO - [2025-07-08T10:37:55.629+0000] {dag.py:3036} INFO - Sync 1 DAGs
[2025-07-08T10:37:55.674+0000] {logging_mixin.py:188} INFO - [2025-07-08T10:37:55.674+0000] {dag.py:3823} INFO - Setting next_dagrun for example_sensors to None, run_after=None
[2025-07-08T10:37:55.718+0000] {processor.py:183} INFO - Processing /home/airflow/.local/lib/python3.8/site-packages/airflow/example_dags/example_sensors.py took 0.186 seconds
[2025-07-08T10:38:25.822+0000] {processor.py:161} INFO - Started process (PID=11887) to work on /home/airflow/.local/lib/python3.8/site-packages/airflow/example_dags/example_sensors.py
[2025-07-08T10:38:25.823+0000] {processor.py:830} INFO - Processing file /home/airflow/.local/lib/python3.8/site-packages/airflow/example_dags/example_sensors.py for tasks to queue
[2025-07-08T10:38:25.824+0000] {logging_mixin.py:188} INFO - [2025-07-08T10:38:25.824+0000] {dagbag.py:538} INFO - Filling up the DagBag from /home/airflow/.local/lib/python3.8/site-packages/airflow/example_dags/example_sensors.py
[2025-07-08T10:38:25.845+0000] {processor.py:840} INFO - DAG(s) 'example_sensors' retrieved from /home/airflow/.local/lib/python3.8/site-packages/airflow/example_dags/example_sensors.py
[2025-07-08T10:38:25.894+0000] {logging_mixin.py:188} INFO - [2025-07-08T10:38:25.894+0000] {dag.py:3036} INFO - Sync 1 DAGs
[2025-07-08T10:38:25.919+0000] {logging_mixin.py:188} INFO - [2025-07-08T10:38:25.919+0000] {dag.py:3823} INFO - Setting next_dagrun for example_sensors to None, run_after=None
[2025-07-08T10:38:25.964+0000] {processor.py:183} INFO - Processing /home/airflow/.local/lib/python3.8/site-packages/airflow/example_dags/example_sensors.py took 0.156 seconds
[2025-07-08T10:38:56.988+0000] {processor.py:161} INFO - Started process (PID=11961) to work on /home/airflow/.local/lib/python3.8/site-packages/airflow/example_dags/example_sensors.py
[2025-07-08T10:38:56.997+0000] {processor.py:830} INFO - Processing file /home/airflow/.local/lib/python3.8/site-packages/airflow/example_dags/example_sensors.py for tasks to queue
[2025-07-08T10:38:56.999+0000] {logging_mixin.py:188} INFO - [2025-07-08T10:38:56.998+0000] {dagbag.py:538} INFO - Filling up the DagBag from /home/airflow/.local/lib/python3.8/site-packages/airflow/example_dags/example_sensors.py
[2025-07-08T10:38:57.035+0000] {processor.py:840} INFO - DAG(s) 'example_sensors' retrieved from /home/airflow/.local/lib/python3.8/site-packages/airflow/example_dags/example_sensors.py
[2025-07-08T10:38:57.094+0000] {logging_mixin.py:188} INFO - [2025-07-08T10:38:57.093+0000] {dag.py:3036} INFO - Sync 1 DAGs
[2025-07-08T10:38:57.130+0000] {logging_mixin.py:188} INFO - [2025-07-08T10:38:57.129+0000] {dag.py:3823} INFO - Setting next_dagrun for example_sensors to None, run_after=None
[2025-07-08T10:38:57.161+0000] {processor.py:183} INFO - Processing /home/airflow/.local/lib/python3.8/site-packages/airflow/example_dags/example_sensors.py took 0.193 seconds
[2025-07-08T10:39:29.736+0000] {processor.py:161} INFO - Started process (PID=12028) to work on /home/airflow/.local/lib/python3.8/site-packages/airflow/example_dags/example_sensors.py
[2025-07-08T10:39:29.776+0000] {processor.py:830} INFO - Processing file /home/airflow/.local/lib/python3.8/site-packages/airflow/example_dags/example_sensors.py for tasks to queue
[2025-07-08T10:39:29.778+0000] {logging_mixin.py:188} INFO - [2025-07-08T10:39:29.777+0000] {dagbag.py:538} INFO - Filling up the DagBag from /home/airflow/.local/lib/python3.8/site-packages/airflow/example_dags/example_sensors.py
[2025-07-08T10:39:29.887+0000] {processor.py:840} INFO - DAG(s) 'example_sensors' retrieved from /home/airflow/.local/lib/python3.8/site-packages/airflow/example_dags/example_sensors.py
[2025-07-08T10:39:30.073+0000] {logging_mixin.py:188} INFO - [2025-07-08T10:39:30.073+0000] {dag.py:3036} INFO - Sync 1 DAGs
[2025-07-08T10:39:30.128+0000] {logging_mixin.py:188} INFO - [2025-07-08T10:39:30.127+0000] {dag.py:3823} INFO - Setting next_dagrun for example_sensors to None, run_after=None
[2025-07-08T10:39:30.205+0000] {processor.py:183} INFO - Processing /home/airflow/.local/lib/python3.8/site-packages/airflow/example_dags/example_sensors.py took 0.483 seconds
[2025-07-08T10:40:01.122+0000] {processor.py:161} INFO - Started process (PID=12086) to work on /home/airflow/.local/lib/python3.8/site-packages/airflow/example_dags/example_sensors.py
[2025-07-08T10:40:01.136+0000] {processor.py:830} INFO - Processing file /home/airflow/.local/lib/python3.8/site-packages/airflow/example_dags/example_sensors.py for tasks to queue
[2025-07-08T10:40:01.138+0000] {logging_mixin.py:188} INFO - [2025-07-08T10:40:01.137+0000] {dagbag.py:538} INFO - Filling up the DagBag from /home/airflow/.local/lib/python3.8/site-packages/airflow/example_dags/example_sensors.py
[2025-07-08T10:40:01.212+0000] {processor.py:840} INFO - DAG(s) 'example_sensors' retrieved from /home/airflow/.local/lib/python3.8/site-packages/airflow/example_dags/example_sensors.py
[2025-07-08T10:40:01.334+0000] {logging_mixin.py:188} INFO - [2025-07-08T10:40:01.334+0000] {dag.py:3036} INFO - Sync 1 DAGs
[2025-07-08T10:40:01.389+0000] {logging_mixin.py:188} INFO - [2025-07-08T10:40:01.389+0000] {dag.py:3823} INFO - Setting next_dagrun for example_sensors to None, run_after=None
[2025-07-08T10:40:01.473+0000] {processor.py:183} INFO - Processing /home/airflow/.local/lib/python3.8/site-packages/airflow/example_dags/example_sensors.py took 0.370 seconds
[2025-07-08T10:40:32.046+0000] {processor.py:161} INFO - Started process (PID=12155) to work on /home/airflow/.local/lib/python3.8/site-packages/airflow/example_dags/example_sensors.py
[2025-07-08T10:40:32.047+0000] {processor.py:830} INFO - Processing file /home/airflow/.local/lib/python3.8/site-packages/airflow/example_dags/example_sensors.py for tasks to queue
[2025-07-08T10:40:32.057+0000] {logging_mixin.py:188} INFO - [2025-07-08T10:40:32.056+0000] {dagbag.py:538} INFO - Filling up the DagBag from /home/airflow/.local/lib/python3.8/site-packages/airflow/example_dags/example_sensors.py
[2025-07-08T10:40:32.119+0000] {processor.py:840} INFO - DAG(s) 'example_sensors' retrieved from /home/airflow/.local/lib/python3.8/site-packages/airflow/example_dags/example_sensors.py
[2025-07-08T10:40:32.348+0000] {logging_mixin.py:188} INFO - [2025-07-08T10:40:32.347+0000] {dag.py:3036} INFO - Sync 1 DAGs
[2025-07-08T10:40:32.431+0000] {logging_mixin.py:188} INFO - [2025-07-08T10:40:32.431+0000] {dag.py:3823} INFO - Setting next_dagrun for example_sensors to None, run_after=None
[2025-07-08T10:40:32.668+0000] {processor.py:183} INFO - Processing /home/airflow/.local/lib/python3.8/site-packages/airflow/example_dags/example_sensors.py took 0.657 seconds
[2025-07-08T10:41:02.901+0000] {processor.py:161} INFO - Started process (PID=12215) to work on /home/airflow/.local/lib/python3.8/site-packages/airflow/example_dags/example_sensors.py
[2025-07-08T10:41:02.902+0000] {processor.py:830} INFO - Processing file /home/airflow/.local/lib/python3.8/site-packages/airflow/example_dags/example_sensors.py for tasks to queue
[2025-07-08T10:41:02.924+0000] {logging_mixin.py:188} INFO - [2025-07-08T10:41:02.903+0000] {dagbag.py:538} INFO - Filling up the DagBag from /home/airflow/.local/lib/python3.8/site-packages/airflow/example_dags/example_sensors.py
[2025-07-08T10:41:03.036+0000] {processor.py:840} INFO - DAG(s) 'example_sensors' retrieved from /home/airflow/.local/lib/python3.8/site-packages/airflow/example_dags/example_sensors.py
[2025-07-08T10:41:03.126+0000] {logging_mixin.py:188} INFO - [2025-07-08T10:41:03.125+0000] {dag.py:3036} INFO - Sync 1 DAGs
[2025-07-08T10:41:03.155+0000] {logging_mixin.py:188} INFO - [2025-07-08T10:41:03.155+0000] {dag.py:3823} INFO - Setting next_dagrun for example_sensors to None, run_after=None
[2025-07-08T10:41:03.215+0000] {processor.py:183} INFO - Processing /home/airflow/.local/lib/python3.8/site-packages/airflow/example_dags/example_sensors.py took 0.332 seconds
[2025-07-08T10:41:34.159+0000] {processor.py:161} INFO - Started process (PID=12285) to work on /home/airflow/.local/lib/python3.8/site-packages/airflow/example_dags/example_sensors.py
[2025-07-08T10:41:34.164+0000] {processor.py:830} INFO - Processing file /home/airflow/.local/lib/python3.8/site-packages/airflow/example_dags/example_sensors.py for tasks to queue
[2025-07-08T10:41:34.166+0000] {logging_mixin.py:188} INFO - [2025-07-08T10:41:34.165+0000] {dagbag.py:538} INFO - Filling up the DagBag from /home/airflow/.local/lib/python3.8/site-packages/airflow/example_dags/example_sensors.py
[2025-07-08T10:41:34.230+0000] {processor.py:840} INFO - DAG(s) 'example_sensors' retrieved from /home/airflow/.local/lib/python3.8/site-packages/airflow/example_dags/example_sensors.py
[2025-07-08T10:41:34.447+0000] {logging_mixin.py:188} INFO - [2025-07-08T10:41:34.446+0000] {dag.py:3036} INFO - Sync 1 DAGs
[2025-07-08T10:41:34.524+0000] {logging_mixin.py:188} INFO - [2025-07-08T10:41:34.523+0000] {dag.py:3823} INFO - Setting next_dagrun for example_sensors to None, run_after=None
[2025-07-08T10:41:34.639+0000] {processor.py:183} INFO - Processing /home/airflow/.local/lib/python3.8/site-packages/airflow/example_dags/example_sensors.py took 0.491 seconds
[2025-07-08T10:42:05.065+0000] {processor.py:161} INFO - Started process (PID=12349) to work on /home/airflow/.local/lib/python3.8/site-packages/airflow/example_dags/example_sensors.py
[2025-07-08T10:42:05.067+0000] {processor.py:830} INFO - Processing file /home/airflow/.local/lib/python3.8/site-packages/airflow/example_dags/example_sensors.py for tasks to queue
[2025-07-08T10:42:05.069+0000] {logging_mixin.py:188} INFO - [2025-07-08T10:42:05.068+0000] {dagbag.py:538} INFO - Filling up the DagBag from /home/airflow/.local/lib/python3.8/site-packages/airflow/example_dags/example_sensors.py
[2025-07-08T10:42:05.113+0000] {processor.py:840} INFO - DAG(s) 'example_sensors' retrieved from /home/airflow/.local/lib/python3.8/site-packages/airflow/example_dags/example_sensors.py
[2025-07-08T10:42:05.229+0000] {logging_mixin.py:188} INFO - [2025-07-08T10:42:05.229+0000] {dag.py:3036} INFO - Sync 1 DAGs
[2025-07-08T10:42:05.292+0000] {logging_mixin.py:188} INFO - [2025-07-08T10:42:05.291+0000] {dag.py:3823} INFO - Setting next_dagrun for example_sensors to None, run_after=None
[2025-07-08T10:42:05.360+0000] {processor.py:183} INFO - Processing /home/airflow/.local/lib/python3.8/site-packages/airflow/example_dags/example_sensors.py took 0.310 seconds
[2025-07-08T10:42:35.844+0000] {processor.py:161} INFO - Started process (PID=12410) to work on /home/airflow/.local/lib/python3.8/site-packages/airflow/example_dags/example_sensors.py
[2025-07-08T10:42:35.850+0000] {processor.py:830} INFO - Processing file /home/airflow/.local/lib/python3.8/site-packages/airflow/example_dags/example_sensors.py for tasks to queue
[2025-07-08T10:42:35.851+0000] {logging_mixin.py:188} INFO - [2025-07-08T10:42:35.851+0000] {dagbag.py:538} INFO - Filling up the DagBag from /home/airflow/.local/lib/python3.8/site-packages/airflow/example_dags/example_sensors.py
[2025-07-08T10:42:35.904+0000] {processor.py:840} INFO - DAG(s) 'example_sensors' retrieved from /home/airflow/.local/lib/python3.8/site-packages/airflow/example_dags/example_sensors.py
[2025-07-08T10:42:36.030+0000] {logging_mixin.py:188} INFO - [2025-07-08T10:42:36.029+0000] {dag.py:3036} INFO - Sync 1 DAGs
[2025-07-08T10:42:36.076+0000] {logging_mixin.py:188} INFO - [2025-07-08T10:42:36.075+0000] {dag.py:3823} INFO - Setting next_dagrun for example_sensors to None, run_after=None
[2025-07-08T10:42:36.162+0000] {processor.py:183} INFO - Processing /home/airflow/.local/lib/python3.8/site-packages/airflow/example_dags/example_sensors.py took 0.328 seconds
[2025-07-08T10:43:07.269+0000] {processor.py:161} INFO - Started process (PID=12477) to work on /home/airflow/.local/lib/python3.8/site-packages/airflow/example_dags/example_sensors.py
[2025-07-08T10:43:07.272+0000] {processor.py:830} INFO - Processing file /home/airflow/.local/lib/python3.8/site-packages/airflow/example_dags/example_sensors.py for tasks to queue
[2025-07-08T10:43:07.274+0000] {logging_mixin.py:188} INFO - [2025-07-08T10:43:07.273+0000] {dagbag.py:538} INFO - Filling up the DagBag from /home/airflow/.local/lib/python3.8/site-packages/airflow/example_dags/example_sensors.py
[2025-07-08T10:43:07.326+0000] {processor.py:840} INFO - DAG(s) 'example_sensors' retrieved from /home/airflow/.local/lib/python3.8/site-packages/airflow/example_dags/example_sensors.py
[2025-07-08T10:43:07.426+0000] {logging_mixin.py:188} INFO - [2025-07-08T10:43:07.425+0000] {dag.py:3036} INFO - Sync 1 DAGs
[2025-07-08T10:43:07.520+0000] {logging_mixin.py:188} INFO - [2025-07-08T10:43:07.499+0000] {dag.py:3823} INFO - Setting next_dagrun for example_sensors to None, run_after=None
[2025-07-08T10:43:07.625+0000] {processor.py:183} INFO - Processing /home/airflow/.local/lib/python3.8/site-packages/airflow/example_dags/example_sensors.py took 0.375 seconds
[2025-07-08T10:43:37.971+0000] {processor.py:161} INFO - Started process (PID=12537) to work on /home/airflow/.local/lib/python3.8/site-packages/airflow/example_dags/example_sensors.py
[2025-07-08T10:43:37.973+0000] {processor.py:830} INFO - Processing file /home/airflow/.local/lib/python3.8/site-packages/airflow/example_dags/example_sensors.py for tasks to queue
[2025-07-08T10:43:37.974+0000] {logging_mixin.py:188} INFO - [2025-07-08T10:43:37.973+0000] {dagbag.py:538} INFO - Filling up the DagBag from /home/airflow/.local/lib/python3.8/site-packages/airflow/example_dags/example_sensors.py
[2025-07-08T10:43:38.029+0000] {processor.py:840} INFO - DAG(s) 'example_sensors' retrieved from /home/airflow/.local/lib/python3.8/site-packages/airflow/example_dags/example_sensors.py
[2025-07-08T10:43:38.152+0000] {logging_mixin.py:188} INFO - [2025-07-08T10:43:38.152+0000] {dag.py:3036} INFO - Sync 1 DAGs
[2025-07-08T10:43:38.202+0000] {logging_mixin.py:188} INFO - [2025-07-08T10:43:38.201+0000] {dag.py:3823} INFO - Setting next_dagrun for example_sensors to None, run_after=None
[2025-07-08T10:43:38.282+0000] {processor.py:183} INFO - Processing /home/airflow/.local/lib/python3.8/site-packages/airflow/example_dags/example_sensors.py took 0.324 seconds
[2025-07-08T10:44:08.700+0000] {processor.py:161} INFO - Started process (PID=12604) to work on /home/airflow/.local/lib/python3.8/site-packages/airflow/example_dags/example_sensors.py
[2025-07-08T10:44:08.703+0000] {processor.py:830} INFO - Processing file /home/airflow/.local/lib/python3.8/site-packages/airflow/example_dags/example_sensors.py for tasks to queue
[2025-07-08T10:44:08.704+0000] {logging_mixin.py:188} INFO - [2025-07-08T10:44:08.704+0000] {dagbag.py:538} INFO - Filling up the DagBag from /home/airflow/.local/lib/python3.8/site-packages/airflow/example_dags/example_sensors.py
[2025-07-08T10:44:08.800+0000] {processor.py:840} INFO - DAG(s) 'example_sensors' retrieved from /home/airflow/.local/lib/python3.8/site-packages/airflow/example_dags/example_sensors.py
[2025-07-08T10:44:08.912+0000] {logging_mixin.py:188} INFO - [2025-07-08T10:44:08.912+0000] {dag.py:3036} INFO - Sync 1 DAGs
[2025-07-08T10:44:09.024+0000] {logging_mixin.py:188} INFO - [2025-07-08T10:44:09.023+0000] {dag.py:3823} INFO - Setting next_dagrun for example_sensors to None, run_after=None
[2025-07-08T10:44:09.183+0000] {processor.py:183} INFO - Processing /home/airflow/.local/lib/python3.8/site-packages/airflow/example_dags/example_sensors.py took 0.509 seconds
[2025-07-08T10:44:39.712+0000] {processor.py:161} INFO - Started process (PID=12671) to work on /home/airflow/.local/lib/python3.8/site-packages/airflow/example_dags/example_sensors.py
[2025-07-08T10:44:39.713+0000] {processor.py:830} INFO - Processing file /home/airflow/.local/lib/python3.8/site-packages/airflow/example_dags/example_sensors.py for tasks to queue
[2025-07-08T10:44:39.715+0000] {logging_mixin.py:188} INFO - [2025-07-08T10:44:39.714+0000] {dagbag.py:538} INFO - Filling up the DagBag from /home/airflow/.local/lib/python3.8/site-packages/airflow/example_dags/example_sensors.py
[2025-07-08T10:44:39.743+0000] {processor.py:840} INFO - DAG(s) 'example_sensors' retrieved from /home/airflow/.local/lib/python3.8/site-packages/airflow/example_dags/example_sensors.py
[2025-07-08T10:44:39.854+0000] {logging_mixin.py:188} INFO - [2025-07-08T10:44:39.844+0000] {dag.py:3036} INFO - Sync 1 DAGs
[2025-07-08T10:44:39.913+0000] {logging_mixin.py:188} INFO - [2025-07-08T10:44:39.912+0000] {dag.py:3823} INFO - Setting next_dagrun for example_sensors to None, run_after=None
[2025-07-08T10:44:39.957+0000] {processor.py:183} INFO - Processing /home/airflow/.local/lib/python3.8/site-packages/airflow/example_dags/example_sensors.py took 0.251 seconds
[2025-07-08T10:45:13.909+0000] {processor.py:161} INFO - Started process (PID=12734) to work on /home/airflow/.local/lib/python3.8/site-packages/airflow/example_dags/example_sensors.py
[2025-07-08T10:45:13.913+0000] {processor.py:830} INFO - Processing file /home/airflow/.local/lib/python3.8/site-packages/airflow/example_dags/example_sensors.py for tasks to queue
[2025-07-08T10:45:13.914+0000] {logging_mixin.py:188} INFO - [2025-07-08T10:45:13.914+0000] {dagbag.py:538} INFO - Filling up the DagBag from /home/airflow/.local/lib/python3.8/site-packages/airflow/example_dags/example_sensors.py
[2025-07-08T10:45:13.977+0000] {processor.py:840} INFO - DAG(s) 'example_sensors' retrieved from /home/airflow/.local/lib/python3.8/site-packages/airflow/example_dags/example_sensors.py
[2025-07-08T10:45:14.116+0000] {logging_mixin.py:188} INFO - [2025-07-08T10:45:14.115+0000] {dag.py:3036} INFO - Sync 1 DAGs
[2025-07-08T10:45:14.221+0000] {logging_mixin.py:188} INFO - [2025-07-08T10:45:14.221+0000] {dag.py:3823} INFO - Setting next_dagrun for example_sensors to None, run_after=None
[2025-07-08T10:45:14.314+0000] {processor.py:183} INFO - Processing /home/airflow/.local/lib/python3.8/site-packages/airflow/example_dags/example_sensors.py took 0.450 seconds
[2025-07-08T10:45:47.069+0000] {processor.py:161} INFO - Started process (PID=12799) to work on /home/airflow/.local/lib/python3.8/site-packages/airflow/example_dags/example_sensors.py
[2025-07-08T10:45:47.080+0000] {processor.py:830} INFO - Processing file /home/airflow/.local/lib/python3.8/site-packages/airflow/example_dags/example_sensors.py for tasks to queue
[2025-07-08T10:45:47.082+0000] {logging_mixin.py:188} INFO - [2025-07-08T10:45:47.081+0000] {dagbag.py:538} INFO - Filling up the DagBag from /home/airflow/.local/lib/python3.8/site-packages/airflow/example_dags/example_sensors.py
[2025-07-08T10:45:47.114+0000] {processor.py:840} INFO - DAG(s) 'example_sensors' retrieved from /home/airflow/.local/lib/python3.8/site-packages/airflow/example_dags/example_sensors.py
[2025-07-08T10:45:47.196+0000] {logging_mixin.py:188} INFO - [2025-07-08T10:45:47.195+0000] {dag.py:3036} INFO - Sync 1 DAGs
[2025-07-08T10:45:47.223+0000] {logging_mixin.py:188} INFO - [2025-07-08T10:45:47.222+0000] {dag.py:3823} INFO - Setting next_dagrun for example_sensors to None, run_after=None
[2025-07-08T10:45:47.292+0000] {processor.py:183} INFO - Processing /home/airflow/.local/lib/python3.8/site-packages/airflow/example_dags/example_sensors.py took 0.231 seconds
[2025-07-08T10:46:18.472+0000] {processor.py:161} INFO - Started process (PID=12858) to work on /home/airflow/.local/lib/python3.8/site-packages/airflow/example_dags/example_sensors.py
[2025-07-08T10:46:18.474+0000] {processor.py:830} INFO - Processing file /home/airflow/.local/lib/python3.8/site-packages/airflow/example_dags/example_sensors.py for tasks to queue
[2025-07-08T10:46:18.476+0000] {logging_mixin.py:188} INFO - [2025-07-08T10:46:18.475+0000] {dagbag.py:538} INFO - Filling up the DagBag from /home/airflow/.local/lib/python3.8/site-packages/airflow/example_dags/example_sensors.py
[2025-07-08T10:46:18.512+0000] {processor.py:840} INFO - DAG(s) 'example_sensors' retrieved from /home/airflow/.local/lib/python3.8/site-packages/airflow/example_dags/example_sensors.py
[2025-07-08T10:46:18.625+0000] {logging_mixin.py:188} INFO - [2025-07-08T10:46:18.625+0000] {dag.py:3036} INFO - Sync 1 DAGs
[2025-07-08T10:46:18.685+0000] {logging_mixin.py:188} INFO - [2025-07-08T10:46:18.685+0000] {dag.py:3823} INFO - Setting next_dagrun for example_sensors to None, run_after=None
[2025-07-08T10:46:18.762+0000] {processor.py:183} INFO - Processing /home/airflow/.local/lib/python3.8/site-packages/airflow/example_dags/example_sensors.py took 0.312 seconds
[2025-07-08T10:46:49.136+0000] {processor.py:161} INFO - Started process (PID=12923) to work on /home/airflow/.local/lib/python3.8/site-packages/airflow/example_dags/example_sensors.py
[2025-07-08T10:46:49.148+0000] {processor.py:830} INFO - Processing file /home/airflow/.local/lib/python3.8/site-packages/airflow/example_dags/example_sensors.py for tasks to queue
[2025-07-08T10:46:49.150+0000] {logging_mixin.py:188} INFO - [2025-07-08T10:46:49.149+0000] {dagbag.py:538} INFO - Filling up the DagBag from /home/airflow/.local/lib/python3.8/site-packages/airflow/example_dags/example_sensors.py
[2025-07-08T10:46:49.193+0000] {processor.py:840} INFO - DAG(s) 'example_sensors' retrieved from /home/airflow/.local/lib/python3.8/site-packages/airflow/example_dags/example_sensors.py
[2025-07-08T10:46:49.332+0000] {logging_mixin.py:188} INFO - [2025-07-08T10:46:49.331+0000] {dag.py:3036} INFO - Sync 1 DAGs
[2025-07-08T10:46:49.419+0000] {logging_mixin.py:188} INFO - [2025-07-08T10:46:49.415+0000] {dag.py:3823} INFO - Setting next_dagrun for example_sensors to None, run_after=None
[2025-07-08T10:46:49.500+0000] {processor.py:183} INFO - Processing /home/airflow/.local/lib/python3.8/site-packages/airflow/example_dags/example_sensors.py took 0.383 seconds
[2025-07-08T10:47:19.618+0000] {processor.py:161} INFO - Started process (PID=12983) to work on /home/airflow/.local/lib/python3.8/site-packages/airflow/example_dags/example_sensors.py
[2025-07-08T10:47:19.620+0000] {processor.py:830} INFO - Processing file /home/airflow/.local/lib/python3.8/site-packages/airflow/example_dags/example_sensors.py for tasks to queue
[2025-07-08T10:47:19.621+0000] {logging_mixin.py:188} INFO - [2025-07-08T10:47:19.621+0000] {dagbag.py:538} INFO - Filling up the DagBag from /home/airflow/.local/lib/python3.8/site-packages/airflow/example_dags/example_sensors.py
[2025-07-08T10:47:19.641+0000] {processor.py:840} INFO - DAG(s) 'example_sensors' retrieved from /home/airflow/.local/lib/python3.8/site-packages/airflow/example_dags/example_sensors.py
[2025-07-08T10:47:19.692+0000] {logging_mixin.py:188} INFO - [2025-07-08T10:47:19.692+0000] {dag.py:3036} INFO - Sync 1 DAGs
[2025-07-08T10:47:19.717+0000] {logging_mixin.py:188} INFO - [2025-07-08T10:47:19.717+0000] {dag.py:3823} INFO - Setting next_dagrun for example_sensors to None, run_after=None
[2025-07-08T10:47:19.799+0000] {processor.py:183} INFO - Processing /home/airflow/.local/lib/python3.8/site-packages/airflow/example_dags/example_sensors.py took 0.186 seconds
[2025-07-08T10:47:50.676+0000] {processor.py:161} INFO - Started process (PID=13051) to work on /home/airflow/.local/lib/python3.8/site-packages/airflow/example_dags/example_sensors.py
[2025-07-08T10:47:50.688+0000] {processor.py:830} INFO - Processing file /home/airflow/.local/lib/python3.8/site-packages/airflow/example_dags/example_sensors.py for tasks to queue
[2025-07-08T10:47:50.690+0000] {logging_mixin.py:188} INFO - [2025-07-08T10:47:50.689+0000] {dagbag.py:538} INFO - Filling up the DagBag from /home/airflow/.local/lib/python3.8/site-packages/airflow/example_dags/example_sensors.py
[2025-07-08T10:47:50.727+0000] {processor.py:840} INFO - DAG(s) 'example_sensors' retrieved from /home/airflow/.local/lib/python3.8/site-packages/airflow/example_dags/example_sensors.py
[2025-07-08T10:47:50.814+0000] {logging_mixin.py:188} INFO - [2025-07-08T10:47:50.813+0000] {dag.py:3036} INFO - Sync 1 DAGs
[2025-07-08T10:47:50.849+0000] {logging_mixin.py:188} INFO - [2025-07-08T10:47:50.849+0000] {dag.py:3823} INFO - Setting next_dagrun for example_sensors to None, run_after=None
[2025-07-08T10:47:50.893+0000] {processor.py:183} INFO - Processing /home/airflow/.local/lib/python3.8/site-packages/airflow/example_dags/example_sensors.py took 0.223 seconds
[2025-07-08T10:48:22.610+0000] {processor.py:161} INFO - Started process (PID=13117) to work on /home/airflow/.local/lib/python3.8/site-packages/airflow/example_dags/example_sensors.py
[2025-07-08T10:48:22.625+0000] {processor.py:830} INFO - Processing file /home/airflow/.local/lib/python3.8/site-packages/airflow/example_dags/example_sensors.py for tasks to queue
[2025-07-08T10:48:22.626+0000] {logging_mixin.py:188} INFO - [2025-07-08T10:48:22.626+0000] {dagbag.py:538} INFO - Filling up the DagBag from /home/airflow/.local/lib/python3.8/site-packages/airflow/example_dags/example_sensors.py
[2025-07-08T10:48:22.743+0000] {processor.py:840} INFO - DAG(s) 'example_sensors' retrieved from /home/airflow/.local/lib/python3.8/site-packages/airflow/example_dags/example_sensors.py
[2025-07-08T10:48:22.893+0000] {logging_mixin.py:188} INFO - [2025-07-08T10:48:22.893+0000] {dag.py:3036} INFO - Sync 1 DAGs
[2025-07-08T10:48:22.957+0000] {logging_mixin.py:188} INFO - [2025-07-08T10:48:22.957+0000] {dag.py:3823} INFO - Setting next_dagrun for example_sensors to None, run_after=None
[2025-07-08T10:48:23.103+0000] {processor.py:183} INFO - Processing /home/airflow/.local/lib/python3.8/site-packages/airflow/example_dags/example_sensors.py took 0.542 seconds
[2025-07-08T10:48:53.724+0000] {processor.py:161} INFO - Started process (PID=13179) to work on /home/airflow/.local/lib/python3.8/site-packages/airflow/example_dags/example_sensors.py
[2025-07-08T10:48:53.728+0000] {processor.py:830} INFO - Processing file /home/airflow/.local/lib/python3.8/site-packages/airflow/example_dags/example_sensors.py for tasks to queue
[2025-07-08T10:48:53.730+0000] {logging_mixin.py:188} INFO - [2025-07-08T10:48:53.729+0000] {dagbag.py:538} INFO - Filling up the DagBag from /home/airflow/.local/lib/python3.8/site-packages/airflow/example_dags/example_sensors.py
[2025-07-08T10:48:53.779+0000] {processor.py:840} INFO - DAG(s) 'example_sensors' retrieved from /home/airflow/.local/lib/python3.8/site-packages/airflow/example_dags/example_sensors.py
[2025-07-08T10:48:53.916+0000] {logging_mixin.py:188} INFO - [2025-07-08T10:48:53.915+0000] {dag.py:3036} INFO - Sync 1 DAGs
[2025-07-08T10:48:53.968+0000] {logging_mixin.py:188} INFO - [2025-07-08T10:48:53.968+0000] {dag.py:3823} INFO - Setting next_dagrun for example_sensors to None, run_after=None
[2025-07-08T10:48:54.018+0000] {processor.py:183} INFO - Processing /home/airflow/.local/lib/python3.8/site-packages/airflow/example_dags/example_sensors.py took 0.309 seconds
[2025-07-08T10:49:29.075+0000] {processor.py:161} INFO - Started process (PID=13246) to work on /home/airflow/.local/lib/python3.8/site-packages/airflow/example_dags/example_sensors.py
[2025-07-08T10:49:29.086+0000] {processor.py:830} INFO - Processing file /home/airflow/.local/lib/python3.8/site-packages/airflow/example_dags/example_sensors.py for tasks to queue
[2025-07-08T10:49:29.087+0000] {logging_mixin.py:188} INFO - [2025-07-08T10:49:29.087+0000] {dagbag.py:538} INFO - Filling up the DagBag from /home/airflow/.local/lib/python3.8/site-packages/airflow/example_dags/example_sensors.py
[2025-07-08T10:49:29.135+0000] {processor.py:840} INFO - DAG(s) 'example_sensors' retrieved from /home/airflow/.local/lib/python3.8/site-packages/airflow/example_dags/example_sensors.py
[2025-07-08T10:49:29.227+0000] {logging_mixin.py:188} INFO - [2025-07-08T10:49:29.226+0000] {dag.py:3036} INFO - Sync 1 DAGs
[2025-07-08T10:49:29.322+0000] {logging_mixin.py:188} INFO - [2025-07-08T10:49:29.322+0000] {dag.py:3823} INFO - Setting next_dagrun for example_sensors to None, run_after=None
[2025-07-08T10:49:29.626+0000] {processor.py:183} INFO - Processing /home/airflow/.local/lib/python3.8/site-packages/airflow/example_dags/example_sensors.py took 0.556 seconds
[2025-07-08T10:49:59.866+0000] {processor.py:161} INFO - Started process (PID=13305) to work on /home/airflow/.local/lib/python3.8/site-packages/airflow/example_dags/example_sensors.py
[2025-07-08T10:49:59.867+0000] {processor.py:830} INFO - Processing file /home/airflow/.local/lib/python3.8/site-packages/airflow/example_dags/example_sensors.py for tasks to queue
[2025-07-08T10:49:59.868+0000] {logging_mixin.py:188} INFO - [2025-07-08T10:49:59.868+0000] {dagbag.py:538} INFO - Filling up the DagBag from /home/airflow/.local/lib/python3.8/site-packages/airflow/example_dags/example_sensors.py
[2025-07-08T10:49:59.883+0000] {processor.py:840} INFO - DAG(s) 'example_sensors' retrieved from /home/airflow/.local/lib/python3.8/site-packages/airflow/example_dags/example_sensors.py
[2025-07-08T10:49:59.932+0000] {logging_mixin.py:188} INFO - [2025-07-08T10:49:59.931+0000] {dag.py:3036} INFO - Sync 1 DAGs
[2025-07-08T10:49:59.951+0000] {logging_mixin.py:188} INFO - [2025-07-08T10:49:59.950+0000] {dag.py:3823} INFO - Setting next_dagrun for example_sensors to None, run_after=None
[2025-07-08T10:49:59.980+0000] {processor.py:183} INFO - Processing /home/airflow/.local/lib/python3.8/site-packages/airflow/example_dags/example_sensors.py took 0.119 seconds
[2025-07-08T10:50:31.977+0000] {processor.py:161} INFO - Started process (PID=13372) to work on /home/airflow/.local/lib/python3.8/site-packages/airflow/example_dags/example_sensors.py
[2025-07-08T10:50:31.984+0000] {processor.py:830} INFO - Processing file /home/airflow/.local/lib/python3.8/site-packages/airflow/example_dags/example_sensors.py for tasks to queue
[2025-07-08T10:50:31.986+0000] {logging_mixin.py:188} INFO - [2025-07-08T10:50:31.985+0000] {dagbag.py:538} INFO - Filling up the DagBag from /home/airflow/.local/lib/python3.8/site-packages/airflow/example_dags/example_sensors.py
[2025-07-08T10:50:32.021+0000] {processor.py:840} INFO - DAG(s) 'example_sensors' retrieved from /home/airflow/.local/lib/python3.8/site-packages/airflow/example_dags/example_sensors.py
[2025-07-08T10:50:32.206+0000] {logging_mixin.py:188} INFO - [2025-07-08T10:50:32.205+0000] {dag.py:3036} INFO - Sync 1 DAGs
[2025-07-08T10:50:32.280+0000] {logging_mixin.py:188} INFO - [2025-07-08T10:50:32.259+0000] {dag.py:3823} INFO - Setting next_dagrun for example_sensors to None, run_after=None
[2025-07-08T10:50:32.346+0000] {processor.py:183} INFO - Processing /home/airflow/.local/lib/python3.8/site-packages/airflow/example_dags/example_sensors.py took 0.384 seconds
[2025-07-08T10:51:03.212+0000] {processor.py:161} INFO - Started process (PID=13438) to work on /home/airflow/.local/lib/python3.8/site-packages/airflow/example_dags/example_sensors.py
[2025-07-08T10:51:03.224+0000] {processor.py:830} INFO - Processing file /home/airflow/.local/lib/python3.8/site-packages/airflow/example_dags/example_sensors.py for tasks to queue
[2025-07-08T10:51:03.226+0000] {logging_mixin.py:188} INFO - [2025-07-08T10:51:03.225+0000] {dagbag.py:538} INFO - Filling up the DagBag from /home/airflow/.local/lib/python3.8/site-packages/airflow/example_dags/example_sensors.py
[2025-07-08T10:51:03.277+0000] {processor.py:840} INFO - DAG(s) 'example_sensors' retrieved from /home/airflow/.local/lib/python3.8/site-packages/airflow/example_dags/example_sensors.py
[2025-07-08T10:51:03.387+0000] {logging_mixin.py:188} INFO - [2025-07-08T10:51:03.386+0000] {dag.py:3036} INFO - Sync 1 DAGs
[2025-07-08T10:51:03.510+0000] {logging_mixin.py:188} INFO - [2025-07-08T10:51:03.509+0000] {dag.py:3823} INFO - Setting next_dagrun for example_sensors to None, run_after=None
[2025-07-08T10:51:03.645+0000] {processor.py:183} INFO - Processing /home/airflow/.local/lib/python3.8/site-packages/airflow/example_dags/example_sensors.py took 0.467 seconds
[2025-07-08T10:51:33.970+0000] {processor.py:161} INFO - Started process (PID=13495) to work on /home/airflow/.local/lib/python3.8/site-packages/airflow/example_dags/example_sensors.py
[2025-07-08T10:51:33.971+0000] {processor.py:830} INFO - Processing file /home/airflow/.local/lib/python3.8/site-packages/airflow/example_dags/example_sensors.py for tasks to queue
[2025-07-08T10:51:33.985+0000] {logging_mixin.py:188} INFO - [2025-07-08T10:51:33.985+0000] {dagbag.py:538} INFO - Filling up the DagBag from /home/airflow/.local/lib/python3.8/site-packages/airflow/example_dags/example_sensors.py
[2025-07-08T10:51:34.031+0000] {processor.py:840} INFO - DAG(s) 'example_sensors' retrieved from /home/airflow/.local/lib/python3.8/site-packages/airflow/example_dags/example_sensors.py
[2025-07-08T10:51:34.117+0000] {logging_mixin.py:188} INFO - [2025-07-08T10:51:34.117+0000] {dag.py:3036} INFO - Sync 1 DAGs
[2025-07-08T10:51:34.154+0000] {logging_mixin.py:188} INFO - [2025-07-08T10:51:34.153+0000] {dag.py:3823} INFO - Setting next_dagrun for example_sensors to None, run_after=None
[2025-07-08T10:51:34.192+0000] {processor.py:183} INFO - Processing /home/airflow/.local/lib/python3.8/site-packages/airflow/example_dags/example_sensors.py took 0.228 seconds
[2025-07-08T10:52:05.111+0000] {processor.py:161} INFO - Started process (PID=13563) to work on /home/airflow/.local/lib/python3.8/site-packages/airflow/example_dags/example_sensors.py
[2025-07-08T10:52:05.134+0000] {processor.py:830} INFO - Processing file /home/airflow/.local/lib/python3.8/site-packages/airflow/example_dags/example_sensors.py for tasks to queue
[2025-07-08T10:52:05.135+0000] {logging_mixin.py:188} INFO - [2025-07-08T10:52:05.135+0000] {dagbag.py:538} INFO - Filling up the DagBag from /home/airflow/.local/lib/python3.8/site-packages/airflow/example_dags/example_sensors.py
[2025-07-08T10:52:05.172+0000] {processor.py:840} INFO - DAG(s) 'example_sensors' retrieved from /home/airflow/.local/lib/python3.8/site-packages/airflow/example_dags/example_sensors.py
[2025-07-08T10:52:05.286+0000] {logging_mixin.py:188} INFO - [2025-07-08T10:52:05.286+0000] {dag.py:3036} INFO - Sync 1 DAGs
[2025-07-08T10:52:05.348+0000] {logging_mixin.py:188} INFO - [2025-07-08T10:52:05.348+0000] {dag.py:3823} INFO - Setting next_dagrun for example_sensors to None, run_after=None
[2025-07-08T10:52:05.483+0000] {processor.py:183} INFO - Processing /home/airflow/.local/lib/python3.8/site-packages/airflow/example_dags/example_sensors.py took 0.385 seconds
[2025-07-08T10:52:36.117+0000] {processor.py:161} INFO - Started process (PID=13623) to work on /home/airflow/.local/lib/python3.8/site-packages/airflow/example_dags/example_sensors.py
[2025-07-08T10:52:36.118+0000] {processor.py:830} INFO - Processing file /home/airflow/.local/lib/python3.8/site-packages/airflow/example_dags/example_sensors.py for tasks to queue
[2025-07-08T10:52:36.120+0000] {logging_mixin.py:188} INFO - [2025-07-08T10:52:36.119+0000] {dagbag.py:538} INFO - Filling up the DagBag from /home/airflow/.local/lib/python3.8/site-packages/airflow/example_dags/example_sensors.py
[2025-07-08T10:52:36.171+0000] {processor.py:840} INFO - DAG(s) 'example_sensors' retrieved from /home/airflow/.local/lib/python3.8/site-packages/airflow/example_dags/example_sensors.py
[2025-07-08T10:52:36.349+0000] {logging_mixin.py:188} INFO - [2025-07-08T10:52:36.349+0000] {dag.py:3036} INFO - Sync 1 DAGs
[2025-07-08T10:52:36.392+0000] {logging_mixin.py:188} INFO - [2025-07-08T10:52:36.391+0000] {dag.py:3823} INFO - Setting next_dagrun for example_sensors to None, run_after=None
[2025-07-08T10:52:36.462+0000] {processor.py:183} INFO - Processing /home/airflow/.local/lib/python3.8/site-packages/airflow/example_dags/example_sensors.py took 0.364 seconds
[2025-07-08T10:53:06.993+0000] {processor.py:161} INFO - Started process (PID=13691) to work on /home/airflow/.local/lib/python3.8/site-packages/airflow/example_dags/example_sensors.py
[2025-07-08T10:53:06.996+0000] {processor.py:830} INFO - Processing file /home/airflow/.local/lib/python3.8/site-packages/airflow/example_dags/example_sensors.py for tasks to queue
[2025-07-08T10:53:06.998+0000] {logging_mixin.py:188} INFO - [2025-07-08T10:53:06.997+0000] {dagbag.py:538} INFO - Filling up the DagBag from /home/airflow/.local/lib/python3.8/site-packages/airflow/example_dags/example_sensors.py
[2025-07-08T10:53:07.046+0000] {processor.py:840} INFO - DAG(s) 'example_sensors' retrieved from /home/airflow/.local/lib/python3.8/site-packages/airflow/example_dags/example_sensors.py
[2025-07-08T10:53:07.106+0000] {logging_mixin.py:188} INFO - [2025-07-08T10:53:07.106+0000] {dag.py:3036} INFO - Sync 1 DAGs
[2025-07-08T10:53:07.131+0000] {logging_mixin.py:188} INFO - [2025-07-08T10:53:07.131+0000] {dag.py:3823} INFO - Setting next_dagrun for example_sensors to None, run_after=None
[2025-07-08T10:53:07.217+0000] {processor.py:183} INFO - Processing /home/airflow/.local/lib/python3.8/site-packages/airflow/example_dags/example_sensors.py took 0.250 seconds
[2025-07-08T10:53:37.877+0000] {processor.py:161} INFO - Started process (PID=13751) to work on /home/airflow/.local/lib/python3.8/site-packages/airflow/example_dags/example_sensors.py
[2025-07-08T10:53:37.879+0000] {processor.py:830} INFO - Processing file /home/airflow/.local/lib/python3.8/site-packages/airflow/example_dags/example_sensors.py for tasks to queue
[2025-07-08T10:53:37.880+0000] {logging_mixin.py:188} INFO - [2025-07-08T10:53:37.880+0000] {dagbag.py:538} INFO - Filling up the DagBag from /home/airflow/.local/lib/python3.8/site-packages/airflow/example_dags/example_sensors.py
[2025-07-08T10:53:37.900+0000] {processor.py:840} INFO - DAG(s) 'example_sensors' retrieved from /home/airflow/.local/lib/python3.8/site-packages/airflow/example_dags/example_sensors.py
[2025-07-08T10:53:37.969+0000] {logging_mixin.py:188} INFO - [2025-07-08T10:53:37.969+0000] {dag.py:3036} INFO - Sync 1 DAGs
[2025-07-08T10:53:37.996+0000] {logging_mixin.py:188} INFO - [2025-07-08T10:53:37.996+0000] {dag.py:3823} INFO - Setting next_dagrun for example_sensors to None, run_after=None
[2025-07-08T10:53:38.031+0000] {processor.py:183} INFO - Processing /home/airflow/.local/lib/python3.8/site-packages/airflow/example_dags/example_sensors.py took 0.159 seconds
[2025-07-08T10:54:08.612+0000] {processor.py:161} INFO - Started process (PID=13818) to work on /home/airflow/.local/lib/python3.8/site-packages/airflow/example_dags/example_sensors.py
[2025-07-08T10:54:08.620+0000] {processor.py:830} INFO - Processing file /home/airflow/.local/lib/python3.8/site-packages/airflow/example_dags/example_sensors.py for tasks to queue
[2025-07-08T10:54:08.622+0000] {logging_mixin.py:188} INFO - [2025-07-08T10:54:08.621+0000] {dagbag.py:538} INFO - Filling up the DagBag from /home/airflow/.local/lib/python3.8/site-packages/airflow/example_dags/example_sensors.py
[2025-07-08T10:54:08.702+0000] {processor.py:840} INFO - DAG(s) 'example_sensors' retrieved from /home/airflow/.local/lib/python3.8/site-packages/airflow/example_dags/example_sensors.py
[2025-07-08T10:54:08.871+0000] {logging_mixin.py:188} INFO - [2025-07-08T10:54:08.871+0000] {dag.py:3036} INFO - Sync 1 DAGs
[2025-07-08T10:54:08.952+0000] {logging_mixin.py:188} INFO - [2025-07-08T10:54:08.951+0000] {dag.py:3823} INFO - Setting next_dagrun for example_sensors to None, run_after=None
[2025-07-08T10:54:09.154+0000] {processor.py:183} INFO - Processing /home/airflow/.local/lib/python3.8/site-packages/airflow/example_dags/example_sensors.py took 0.568 seconds
