[2025-07-08T09:05:55.353+0000] {processor.py:161} INFO - Started process (PID=193) to work on /home/airflow/.local/lib/python3.8/site-packages/airflow/example_dags/example_latest_only_with_trigger.py
[2025-07-08T09:05:55.354+0000] {processor.py:830} INFO - Processing file /home/airflow/.local/lib/python3.8/site-packages/airflow/example_dags/example_latest_only_with_trigger.py for tasks to queue
[2025-07-08T09:05:55.358+0000] {logging_mixin.py:188} INFO - [2025-07-08T09:05:55.357+0000] {dagbag.py:538} INFO - Filling up the DagBag from /home/airflow/.local/lib/python3.8/site-packages/airflow/example_dags/example_latest_only_with_trigger.py
[2025-07-08T09:05:55.389+0000] {processor.py:840} INFO - DAG(s) 'latest_only_with_trigger' retrieved from /home/airflow/.local/lib/python3.8/site-packages/airflow/example_dags/example_latest_only_with_trigger.py
[2025-07-08T09:05:55.685+0000] {logging_mixin.py:188} INFO - [2025-07-08T09:05:55.685+0000] {dag.py:3036} INFO - Sync 1 DAGs
[2025-07-08T09:05:55.747+0000] {logging_mixin.py:188} INFO - [2025-07-08T09:05:55.747+0000] {dag.py:3823} INFO - Setting next_dagrun for latest_only_with_trigger to 2025-07-08 04:00:00+00:00, run_after=2025-07-08 08:00:00+00:00
[2025-07-08T09:05:55.800+0000] {processor.py:183} INFO - Processing /home/airflow/.local/lib/python3.8/site-packages/airflow/example_dags/example_latest_only_with_trigger.py took 0.465 seconds
[2025-07-08T09:06:26.014+0000] {processor.py:161} INFO - Started process (PID=258) to work on /home/airflow/.local/lib/python3.8/site-packages/airflow/example_dags/example_latest_only_with_trigger.py
[2025-07-08T09:06:26.016+0000] {processor.py:830} INFO - Processing file /home/airflow/.local/lib/python3.8/site-packages/airflow/example_dags/example_latest_only_with_trigger.py for tasks to queue
[2025-07-08T09:06:26.020+0000] {logging_mixin.py:188} INFO - [2025-07-08T09:06:26.019+0000] {dagbag.py:538} INFO - Filling up the DagBag from /home/airflow/.local/lib/python3.8/site-packages/airflow/example_dags/example_latest_only_with_trigger.py
[2025-07-08T09:06:26.033+0000] {processor.py:840} INFO - DAG(s) 'latest_only_with_trigger' retrieved from /home/airflow/.local/lib/python3.8/site-packages/airflow/example_dags/example_latest_only_with_trigger.py
[2025-07-08T09:06:26.076+0000] {logging_mixin.py:188} INFO - [2025-07-08T09:06:26.076+0000] {dag.py:3036} INFO - Sync 1 DAGs
[2025-07-08T09:06:26.141+0000] {logging_mixin.py:188} INFO - [2025-07-08T09:06:26.141+0000] {dag.py:3823} INFO - Setting next_dagrun for latest_only_with_trigger to 2025-07-08 04:00:00+00:00, run_after=2025-07-08 08:00:00+00:00
[2025-07-08T09:06:26.175+0000] {processor.py:183} INFO - Processing /home/airflow/.local/lib/python3.8/site-packages/airflow/example_dags/example_latest_only_with_trigger.py took 0.169 seconds
[2025-07-08T09:06:56.873+0000] {processor.py:161} INFO - Started process (PID=321) to work on /home/airflow/.local/lib/python3.8/site-packages/airflow/example_dags/example_latest_only_with_trigger.py
[2025-07-08T09:06:56.876+0000] {processor.py:830} INFO - Processing file /home/airflow/.local/lib/python3.8/site-packages/airflow/example_dags/example_latest_only_with_trigger.py for tasks to queue
[2025-07-08T09:06:56.892+0000] {logging_mixin.py:188} INFO - [2025-07-08T09:06:56.882+0000] {dagbag.py:538} INFO - Filling up the DagBag from /home/airflow/.local/lib/python3.8/site-packages/airflow/example_dags/example_latest_only_with_trigger.py
[2025-07-08T09:06:56.955+0000] {processor.py:840} INFO - DAG(s) 'latest_only_with_trigger' retrieved from /home/airflow/.local/lib/python3.8/site-packages/airflow/example_dags/example_latest_only_with_trigger.py
[2025-07-08T09:06:57.137+0000] {logging_mixin.py:188} INFO - [2025-07-08T09:06:57.137+0000] {dag.py:3036} INFO - Sync 1 DAGs
[2025-07-08T09:06:57.200+0000] {logging_mixin.py:188} INFO - [2025-07-08T09:06:57.199+0000] {dag.py:3823} INFO - Setting next_dagrun for latest_only_with_trigger to 2025-07-08 04:00:00+00:00, run_after=2025-07-08 08:00:00+00:00
[2025-07-08T09:06:57.235+0000] {processor.py:183} INFO - Processing /home/airflow/.local/lib/python3.8/site-packages/airflow/example_dags/example_latest_only_with_trigger.py took 0.377 seconds
[2025-07-08T09:07:28.435+0000] {processor.py:161} INFO - Started process (PID=385) to work on /home/airflow/.local/lib/python3.8/site-packages/airflow/example_dags/example_latest_only_with_trigger.py
[2025-07-08T09:07:28.444+0000] {processor.py:830} INFO - Processing file /home/airflow/.local/lib/python3.8/site-packages/airflow/example_dags/example_latest_only_with_trigger.py for tasks to queue
[2025-07-08T09:07:28.447+0000] {logging_mixin.py:188} INFO - [2025-07-08T09:07:28.447+0000] {dagbag.py:538} INFO - Filling up the DagBag from /home/airflow/.local/lib/python3.8/site-packages/airflow/example_dags/example_latest_only_with_trigger.py
[2025-07-08T09:07:28.468+0000] {processor.py:840} INFO - DAG(s) 'latest_only_with_trigger' retrieved from /home/airflow/.local/lib/python3.8/site-packages/airflow/example_dags/example_latest_only_with_trigger.py
[2025-07-08T09:07:28.550+0000] {logging_mixin.py:188} INFO - [2025-07-08T09:07:28.550+0000] {dag.py:3036} INFO - Sync 1 DAGs
[2025-07-08T09:07:28.611+0000] {logging_mixin.py:188} INFO - [2025-07-08T09:07:28.610+0000] {dag.py:3823} INFO - Setting next_dagrun for latest_only_with_trigger to 2025-07-08 04:00:00+00:00, run_after=2025-07-08 08:00:00+00:00
[2025-07-08T09:07:28.649+0000] {processor.py:183} INFO - Processing /home/airflow/.local/lib/python3.8/site-packages/airflow/example_dags/example_latest_only_with_trigger.py took 0.229 seconds
[2025-07-08T09:07:59.408+0000] {processor.py:161} INFO - Started process (PID=451) to work on /home/airflow/.local/lib/python3.8/site-packages/airflow/example_dags/example_latest_only_with_trigger.py
[2025-07-08T09:07:59.409+0000] {processor.py:830} INFO - Processing file /home/airflow/.local/lib/python3.8/site-packages/airflow/example_dags/example_latest_only_with_trigger.py for tasks to queue
[2025-07-08T09:07:59.413+0000] {logging_mixin.py:188} INFO - [2025-07-08T09:07:59.412+0000] {dagbag.py:538} INFO - Filling up the DagBag from /home/airflow/.local/lib/python3.8/site-packages/airflow/example_dags/example_latest_only_with_trigger.py
[2025-07-08T09:07:59.426+0000] {processor.py:840} INFO - DAG(s) 'latest_only_with_trigger' retrieved from /home/airflow/.local/lib/python3.8/site-packages/airflow/example_dags/example_latest_only_with_trigger.py
[2025-07-08T09:07:59.471+0000] {logging_mixin.py:188} INFO - [2025-07-08T09:07:59.471+0000] {dag.py:3036} INFO - Sync 1 DAGs
[2025-07-08T09:07:59.537+0000] {logging_mixin.py:188} INFO - [2025-07-08T09:07:59.537+0000] {dag.py:3823} INFO - Setting next_dagrun for latest_only_with_trigger to 2025-07-08 04:00:00+00:00, run_after=2025-07-08 08:00:00+00:00
[2025-07-08T09:07:59.605+0000] {processor.py:183} INFO - Processing /home/airflow/.local/lib/python3.8/site-packages/airflow/example_dags/example_latest_only_with_trigger.py took 0.206 seconds
[2025-07-08T09:08:30.326+0000] {processor.py:161} INFO - Started process (PID=515) to work on /home/airflow/.local/lib/python3.8/site-packages/airflow/example_dags/example_latest_only_with_trigger.py
[2025-07-08T09:08:30.332+0000] {processor.py:830} INFO - Processing file /home/airflow/.local/lib/python3.8/site-packages/airflow/example_dags/example_latest_only_with_trigger.py for tasks to queue
[2025-07-08T09:08:30.338+0000] {logging_mixin.py:188} INFO - [2025-07-08T09:08:30.337+0000] {dagbag.py:538} INFO - Filling up the DagBag from /home/airflow/.local/lib/python3.8/site-packages/airflow/example_dags/example_latest_only_with_trigger.py
[2025-07-08T09:08:30.356+0000] {processor.py:840} INFO - DAG(s) 'latest_only_with_trigger' retrieved from /home/airflow/.local/lib/python3.8/site-packages/airflow/example_dags/example_latest_only_with_trigger.py
[2025-07-08T09:08:30.428+0000] {logging_mixin.py:188} INFO - [2025-07-08T09:08:30.428+0000] {dag.py:3036} INFO - Sync 1 DAGs
[2025-07-08T09:08:30.502+0000] {logging_mixin.py:188} INFO - [2025-07-08T09:08:30.502+0000] {dag.py:3823} INFO - Setting next_dagrun for latest_only_with_trigger to 2025-07-08 04:00:00+00:00, run_after=2025-07-08 08:00:00+00:00
[2025-07-08T09:08:30.549+0000] {processor.py:183} INFO - Processing /home/airflow/.local/lib/python3.8/site-packages/airflow/example_dags/example_latest_only_with_trigger.py took 0.230 seconds
[2025-07-08T09:09:01.396+0000] {processor.py:161} INFO - Started process (PID=573) to work on /home/airflow/.local/lib/python3.8/site-packages/airflow/example_dags/example_latest_only_with_trigger.py
[2025-07-08T09:09:01.399+0000] {processor.py:830} INFO - Processing file /home/airflow/.local/lib/python3.8/site-packages/airflow/example_dags/example_latest_only_with_trigger.py for tasks to queue
[2025-07-08T09:09:01.405+0000] {logging_mixin.py:188} INFO - [2025-07-08T09:09:01.405+0000] {dagbag.py:538} INFO - Filling up the DagBag from /home/airflow/.local/lib/python3.8/site-packages/airflow/example_dags/example_latest_only_with_trigger.py
[2025-07-08T09:09:01.420+0000] {processor.py:840} INFO - DAG(s) 'latest_only_with_trigger' retrieved from /home/airflow/.local/lib/python3.8/site-packages/airflow/example_dags/example_latest_only_with_trigger.py
[2025-07-08T09:09:01.469+0000] {logging_mixin.py:188} INFO - [2025-07-08T09:09:01.468+0000] {dag.py:3036} INFO - Sync 1 DAGs
[2025-07-08T09:09:01.515+0000] {logging_mixin.py:188} INFO - [2025-07-08T09:09:01.514+0000] {dag.py:3823} INFO - Setting next_dagrun for latest_only_with_trigger to 2025-07-08 04:00:00+00:00, run_after=2025-07-08 08:00:00+00:00
[2025-07-08T09:09:01.562+0000] {processor.py:183} INFO - Processing /home/airflow/.local/lib/python3.8/site-packages/airflow/example_dags/example_latest_only_with_trigger.py took 0.177 seconds
[2025-07-08T09:09:32.616+0000] {processor.py:161} INFO - Started process (PID=637) to work on /home/airflow/.local/lib/python3.8/site-packages/airflow/example_dags/example_latest_only_with_trigger.py
[2025-07-08T09:09:32.628+0000] {processor.py:830} INFO - Processing file /home/airflow/.local/lib/python3.8/site-packages/airflow/example_dags/example_latest_only_with_trigger.py for tasks to queue
[2025-07-08T09:09:32.631+0000] {logging_mixin.py:188} INFO - [2025-07-08T09:09:32.631+0000] {dagbag.py:538} INFO - Filling up the DagBag from /home/airflow/.local/lib/python3.8/site-packages/airflow/example_dags/example_latest_only_with_trigger.py
[2025-07-08T09:09:32.654+0000] {processor.py:840} INFO - DAG(s) 'latest_only_with_trigger' retrieved from /home/airflow/.local/lib/python3.8/site-packages/airflow/example_dags/example_latest_only_with_trigger.py
[2025-07-08T09:09:32.724+0000] {logging_mixin.py:188} INFO - [2025-07-08T09:09:32.712+0000] {dag.py:3036} INFO - Sync 1 DAGs
[2025-07-08T09:09:32.805+0000] {logging_mixin.py:188} INFO - [2025-07-08T09:09:32.804+0000] {dag.py:3823} INFO - Setting next_dagrun for latest_only_with_trigger to 2025-07-08 04:00:00+00:00, run_after=2025-07-08 08:00:00+00:00
[2025-07-08T09:09:32.869+0000] {processor.py:183} INFO - Processing /home/airflow/.local/lib/python3.8/site-packages/airflow/example_dags/example_latest_only_with_trigger.py took 0.264 seconds
[2025-07-08T09:10:03.603+0000] {processor.py:161} INFO - Started process (PID=701) to work on /home/airflow/.local/lib/python3.8/site-packages/airflow/example_dags/example_latest_only_with_trigger.py
[2025-07-08T09:10:03.605+0000] {processor.py:830} INFO - Processing file /home/airflow/.local/lib/python3.8/site-packages/airflow/example_dags/example_latest_only_with_trigger.py for tasks to queue
[2025-07-08T09:10:03.615+0000] {logging_mixin.py:188} INFO - [2025-07-08T09:10:03.614+0000] {dagbag.py:538} INFO - Filling up the DagBag from /home/airflow/.local/lib/python3.8/site-packages/airflow/example_dags/example_latest_only_with_trigger.py
[2025-07-08T09:10:03.630+0000] {processor.py:840} INFO - DAG(s) 'latest_only_with_trigger' retrieved from /home/airflow/.local/lib/python3.8/site-packages/airflow/example_dags/example_latest_only_with_trigger.py
[2025-07-08T09:10:03.726+0000] {logging_mixin.py:188} INFO - [2025-07-08T09:10:03.725+0000] {dag.py:3036} INFO - Sync 1 DAGs
[2025-07-08T09:10:03.822+0000] {logging_mixin.py:188} INFO - [2025-07-08T09:10:03.822+0000] {dag.py:3823} INFO - Setting next_dagrun for latest_only_with_trigger to 2025-07-08 04:00:00+00:00, run_after=2025-07-08 08:00:00+00:00
[2025-07-08T09:10:03.921+0000] {processor.py:183} INFO - Processing /home/airflow/.local/lib/python3.8/site-packages/airflow/example_dags/example_latest_only_with_trigger.py took 0.331 seconds
[2025-07-08T09:10:35.147+0000] {processor.py:161} INFO - Started process (PID=765) to work on /home/airflow/.local/lib/python3.8/site-packages/airflow/example_dags/example_latest_only_with_trigger.py
[2025-07-08T09:10:35.156+0000] {processor.py:830} INFO - Processing file /home/airflow/.local/lib/python3.8/site-packages/airflow/example_dags/example_latest_only_with_trigger.py for tasks to queue
[2025-07-08T09:10:35.159+0000] {logging_mixin.py:188} INFO - [2025-07-08T09:10:35.159+0000] {dagbag.py:538} INFO - Filling up the DagBag from /home/airflow/.local/lib/python3.8/site-packages/airflow/example_dags/example_latest_only_with_trigger.py
[2025-07-08T09:10:35.181+0000] {processor.py:840} INFO - DAG(s) 'latest_only_with_trigger' retrieved from /home/airflow/.local/lib/python3.8/site-packages/airflow/example_dags/example_latest_only_with_trigger.py
[2025-07-08T09:10:35.253+0000] {logging_mixin.py:188} INFO - [2025-07-08T09:10:35.253+0000] {dag.py:3036} INFO - Sync 1 DAGs
[2025-07-08T09:10:35.346+0000] {logging_mixin.py:188} INFO - [2025-07-08T09:10:35.346+0000] {dag.py:3823} INFO - Setting next_dagrun for latest_only_with_trigger to 2025-07-08 04:00:00+00:00, run_after=2025-07-08 08:00:00+00:00
[2025-07-08T09:10:35.418+0000] {processor.py:183} INFO - Processing /home/airflow/.local/lib/python3.8/site-packages/airflow/example_dags/example_latest_only_with_trigger.py took 0.276 seconds
[2025-07-08T09:11:06.285+0000] {processor.py:161} INFO - Started process (PID=831) to work on /home/airflow/.local/lib/python3.8/site-packages/airflow/example_dags/example_latest_only_with_trigger.py
[2025-07-08T09:11:06.286+0000] {processor.py:830} INFO - Processing file /home/airflow/.local/lib/python3.8/site-packages/airflow/example_dags/example_latest_only_with_trigger.py for tasks to queue
[2025-07-08T09:11:06.290+0000] {logging_mixin.py:188} INFO - [2025-07-08T09:11:06.289+0000] {dagbag.py:538} INFO - Filling up the DagBag from /home/airflow/.local/lib/python3.8/site-packages/airflow/example_dags/example_latest_only_with_trigger.py
[2025-07-08T09:11:06.309+0000] {processor.py:840} INFO - DAG(s) 'latest_only_with_trigger' retrieved from /home/airflow/.local/lib/python3.8/site-packages/airflow/example_dags/example_latest_only_with_trigger.py
[2025-07-08T09:11:06.365+0000] {logging_mixin.py:188} INFO - [2025-07-08T09:11:06.364+0000] {dag.py:3036} INFO - Sync 1 DAGs
[2025-07-08T09:11:06.428+0000] {logging_mixin.py:188} INFO - [2025-07-08T09:11:06.427+0000] {dag.py:3823} INFO - Setting next_dagrun for latest_only_with_trigger to 2025-07-08 04:00:00+00:00, run_after=2025-07-08 08:00:00+00:00
[2025-07-08T09:11:06.507+0000] {processor.py:183} INFO - Processing /home/airflow/.local/lib/python3.8/site-packages/airflow/example_dags/example_latest_only_with_trigger.py took 0.229 seconds
[2025-07-08T09:11:37.354+0000] {processor.py:161} INFO - Started process (PID=899) to work on /home/airflow/.local/lib/python3.8/site-packages/airflow/example_dags/example_latest_only_with_trigger.py
[2025-07-08T09:11:37.364+0000] {processor.py:830} INFO - Processing file /home/airflow/.local/lib/python3.8/site-packages/airflow/example_dags/example_latest_only_with_trigger.py for tasks to queue
[2025-07-08T09:11:37.367+0000] {logging_mixin.py:188} INFO - [2025-07-08T09:11:37.367+0000] {dagbag.py:538} INFO - Filling up the DagBag from /home/airflow/.local/lib/python3.8/site-packages/airflow/example_dags/example_latest_only_with_trigger.py
[2025-07-08T09:11:37.379+0000] {processor.py:840} INFO - DAG(s) 'latest_only_with_trigger' retrieved from /home/airflow/.local/lib/python3.8/site-packages/airflow/example_dags/example_latest_only_with_trigger.py
[2025-07-08T09:11:37.425+0000] {logging_mixin.py:188} INFO - [2025-07-08T09:11:37.424+0000] {dag.py:3036} INFO - Sync 1 DAGs
[2025-07-08T09:11:37.478+0000] {logging_mixin.py:188} INFO - [2025-07-08T09:11:37.478+0000] {dag.py:3823} INFO - Setting next_dagrun for latest_only_with_trigger to 2025-07-08 04:00:00+00:00, run_after=2025-07-08 08:00:00+00:00
[2025-07-08T09:11:37.530+0000] {processor.py:183} INFO - Processing /home/airflow/.local/lib/python3.8/site-packages/airflow/example_dags/example_latest_only_with_trigger.py took 0.182 seconds
[2025-07-08T09:12:08.050+0000] {processor.py:161} INFO - Started process (PID=963) to work on /home/airflow/.local/lib/python3.8/site-packages/airflow/example_dags/example_latest_only_with_trigger.py
[2025-07-08T09:12:08.051+0000] {processor.py:830} INFO - Processing file /home/airflow/.local/lib/python3.8/site-packages/airflow/example_dags/example_latest_only_with_trigger.py for tasks to queue
[2025-07-08T09:12:08.062+0000] {logging_mixin.py:188} INFO - [2025-07-08T09:12:08.062+0000] {dagbag.py:538} INFO - Filling up the DagBag from /home/airflow/.local/lib/python3.8/site-packages/airflow/example_dags/example_latest_only_with_trigger.py
[2025-07-08T09:12:08.096+0000] {processor.py:840} INFO - DAG(s) 'latest_only_with_trigger' retrieved from /home/airflow/.local/lib/python3.8/site-packages/airflow/example_dags/example_latest_only_with_trigger.py
[2025-07-08T09:12:08.148+0000] {logging_mixin.py:188} INFO - [2025-07-08T09:12:08.148+0000] {dag.py:3036} INFO - Sync 1 DAGs
[2025-07-08T09:12:08.195+0000] {logging_mixin.py:188} INFO - [2025-07-08T09:12:08.195+0000] {dag.py:3823} INFO - Setting next_dagrun for latest_only_with_trigger to 2025-07-08 04:00:00+00:00, run_after=2025-07-08 08:00:00+00:00
[2025-07-08T09:12:08.256+0000] {processor.py:183} INFO - Processing /home/airflow/.local/lib/python3.8/site-packages/airflow/example_dags/example_latest_only_with_trigger.py took 0.212 seconds
[2025-07-08T09:12:38.626+0000] {processor.py:161} INFO - Started process (PID=1022) to work on /home/airflow/.local/lib/python3.8/site-packages/airflow/example_dags/example_latest_only_with_trigger.py
[2025-07-08T09:12:38.628+0000] {processor.py:830} INFO - Processing file /home/airflow/.local/lib/python3.8/site-packages/airflow/example_dags/example_latest_only_with_trigger.py for tasks to queue
[2025-07-08T09:12:38.631+0000] {logging_mixin.py:188} INFO - [2025-07-08T09:12:38.630+0000] {dagbag.py:538} INFO - Filling up the DagBag from /home/airflow/.local/lib/python3.8/site-packages/airflow/example_dags/example_latest_only_with_trigger.py
[2025-07-08T09:12:38.641+0000] {processor.py:840} INFO - DAG(s) 'latest_only_with_trigger' retrieved from /home/airflow/.local/lib/python3.8/site-packages/airflow/example_dags/example_latest_only_with_trigger.py
[2025-07-08T09:12:38.681+0000] {logging_mixin.py:188} INFO - [2025-07-08T09:12:38.680+0000] {dag.py:3036} INFO - Sync 1 DAGs
[2025-07-08T09:12:38.732+0000] {logging_mixin.py:188} INFO - [2025-07-08T09:12:38.732+0000] {dag.py:3823} INFO - Setting next_dagrun for latest_only_with_trigger to 2025-07-08 04:00:00+00:00, run_after=2025-07-08 08:00:00+00:00
[2025-07-08T09:12:38.770+0000] {processor.py:183} INFO - Processing /home/airflow/.local/lib/python3.8/site-packages/airflow/example_dags/example_latest_only_with_trigger.py took 0.154 seconds
[2025-07-08T09:13:08.883+0000] {processor.py:161} INFO - Started process (PID=1090) to work on /home/airflow/.local/lib/python3.8/site-packages/airflow/example_dags/example_latest_only_with_trigger.py
[2025-07-08T09:13:08.884+0000] {processor.py:830} INFO - Processing file /home/airflow/.local/lib/python3.8/site-packages/airflow/example_dags/example_latest_only_with_trigger.py for tasks to queue
[2025-07-08T09:13:08.887+0000] {logging_mixin.py:188} INFO - [2025-07-08T09:13:08.887+0000] {dagbag.py:538} INFO - Filling up the DagBag from /home/airflow/.local/lib/python3.8/site-packages/airflow/example_dags/example_latest_only_with_trigger.py
[2025-07-08T09:13:08.899+0000] {processor.py:840} INFO - DAG(s) 'latest_only_with_trigger' retrieved from /home/airflow/.local/lib/python3.8/site-packages/airflow/example_dags/example_latest_only_with_trigger.py
[2025-07-08T09:13:08.940+0000] {logging_mixin.py:188} INFO - [2025-07-08T09:13:08.939+0000] {dag.py:3036} INFO - Sync 1 DAGs
[2025-07-08T09:13:08.996+0000] {logging_mixin.py:188} INFO - [2025-07-08T09:13:08.995+0000] {dag.py:3823} INFO - Setting next_dagrun for latest_only_with_trigger to 2025-07-08 04:00:00+00:00, run_after=2025-07-08 08:00:00+00:00
[2025-07-08T09:13:09.088+0000] {processor.py:183} INFO - Processing /home/airflow/.local/lib/python3.8/site-packages/airflow/example_dags/example_latest_only_with_trigger.py took 0.216 seconds
[2025-07-08T09:13:41.561+0000] {processor.py:161} INFO - Started process (PID=1157) to work on /home/airflow/.local/lib/python3.8/site-packages/airflow/example_dags/example_latest_only_with_trigger.py
[2025-07-08T09:13:41.564+0000] {processor.py:830} INFO - Processing file /home/airflow/.local/lib/python3.8/site-packages/airflow/example_dags/example_latest_only_with_trigger.py for tasks to queue
[2025-07-08T09:13:41.573+0000] {logging_mixin.py:188} INFO - [2025-07-08T09:13:41.573+0000] {dagbag.py:538} INFO - Filling up the DagBag from /home/airflow/.local/lib/python3.8/site-packages/airflow/example_dags/example_latest_only_with_trigger.py
[2025-07-08T09:13:41.591+0000] {processor.py:840} INFO - DAG(s) 'latest_only_with_trigger' retrieved from /home/airflow/.local/lib/python3.8/site-packages/airflow/example_dags/example_latest_only_with_trigger.py
[2025-07-08T09:13:41.667+0000] {logging_mixin.py:188} INFO - [2025-07-08T09:13:41.666+0000] {dag.py:3036} INFO - Sync 1 DAGs
[2025-07-08T09:13:41.713+0000] {logging_mixin.py:188} INFO - [2025-07-08T09:13:41.713+0000] {dag.py:3823} INFO - Setting next_dagrun for latest_only_with_trigger to 2025-07-08 04:00:00+00:00, run_after=2025-07-08 08:00:00+00:00
[2025-07-08T09:13:41.801+0000] {processor.py:183} INFO - Processing /home/airflow/.local/lib/python3.8/site-packages/airflow/example_dags/example_latest_only_with_trigger.py took 0.260 seconds
[2025-07-08T09:14:12.793+0000] {processor.py:161} INFO - Started process (PID=1225) to work on /home/airflow/.local/lib/python3.8/site-packages/airflow/example_dags/example_latest_only_with_trigger.py
[2025-07-08T09:14:12.795+0000] {processor.py:830} INFO - Processing file /home/airflow/.local/lib/python3.8/site-packages/airflow/example_dags/example_latest_only_with_trigger.py for tasks to queue
[2025-07-08T09:14:12.798+0000] {logging_mixin.py:188} INFO - [2025-07-08T09:14:12.797+0000] {dagbag.py:538} INFO - Filling up the DagBag from /home/airflow/.local/lib/python3.8/site-packages/airflow/example_dags/example_latest_only_with_trigger.py
[2025-07-08T09:14:12.820+0000] {processor.py:840} INFO - DAG(s) 'latest_only_with_trigger' retrieved from /home/airflow/.local/lib/python3.8/site-packages/airflow/example_dags/example_latest_only_with_trigger.py
[2025-07-08T09:14:12.882+0000] {logging_mixin.py:188} INFO - [2025-07-08T09:14:12.882+0000] {dag.py:3036} INFO - Sync 1 DAGs
[2025-07-08T09:14:12.970+0000] {logging_mixin.py:188} INFO - [2025-07-08T09:14:12.969+0000] {dag.py:3823} INFO - Setting next_dagrun for latest_only_with_trigger to 2025-07-08 04:00:00+00:00, run_after=2025-07-08 08:00:00+00:00
[2025-07-08T09:14:13.070+0000] {processor.py:183} INFO - Processing /home/airflow/.local/lib/python3.8/site-packages/airflow/example_dags/example_latest_only_with_trigger.py took 0.299 seconds
[2025-07-08T09:14:43.348+0000] {processor.py:161} INFO - Started process (PID=1282) to work on /home/airflow/.local/lib/python3.8/site-packages/airflow/example_dags/example_latest_only_with_trigger.py
[2025-07-08T09:14:43.350+0000] {processor.py:830} INFO - Processing file /home/airflow/.local/lib/python3.8/site-packages/airflow/example_dags/example_latest_only_with_trigger.py for tasks to queue
[2025-07-08T09:14:43.353+0000] {logging_mixin.py:188} INFO - [2025-07-08T09:14:43.353+0000] {dagbag.py:538} INFO - Filling up the DagBag from /home/airflow/.local/lib/python3.8/site-packages/airflow/example_dags/example_latest_only_with_trigger.py
[2025-07-08T09:14:43.364+0000] {processor.py:840} INFO - DAG(s) 'latest_only_with_trigger' retrieved from /home/airflow/.local/lib/python3.8/site-packages/airflow/example_dags/example_latest_only_with_trigger.py
[2025-07-08T09:14:43.401+0000] {logging_mixin.py:188} INFO - [2025-07-08T09:14:43.401+0000] {dag.py:3036} INFO - Sync 1 DAGs
[2025-07-08T09:14:43.443+0000] {logging_mixin.py:188} INFO - [2025-07-08T09:14:43.442+0000] {dag.py:3823} INFO - Setting next_dagrun for latest_only_with_trigger to 2025-07-08 04:00:00+00:00, run_after=2025-07-08 08:00:00+00:00
[2025-07-08T09:14:43.484+0000] {processor.py:183} INFO - Processing /home/airflow/.local/lib/python3.8/site-packages/airflow/example_dags/example_latest_only_with_trigger.py took 0.142 seconds
[2025-07-08T09:15:14.064+0000] {processor.py:161} INFO - Started process (PID=1348) to work on /home/airflow/.local/lib/python3.8/site-packages/airflow/example_dags/example_latest_only_with_trigger.py
[2025-07-08T09:15:14.066+0000] {processor.py:830} INFO - Processing file /home/airflow/.local/lib/python3.8/site-packages/airflow/example_dags/example_latest_only_with_trigger.py for tasks to queue
[2025-07-08T09:15:14.068+0000] {logging_mixin.py:188} INFO - [2025-07-08T09:15:14.068+0000] {dagbag.py:538} INFO - Filling up the DagBag from /home/airflow/.local/lib/python3.8/site-packages/airflow/example_dags/example_latest_only_with_trigger.py
[2025-07-08T09:15:14.081+0000] {processor.py:840} INFO - DAG(s) 'latest_only_with_trigger' retrieved from /home/airflow/.local/lib/python3.8/site-packages/airflow/example_dags/example_latest_only_with_trigger.py
[2025-07-08T09:15:14.160+0000] {logging_mixin.py:188} INFO - [2025-07-08T09:15:14.159+0000] {dag.py:3036} INFO - Sync 1 DAGs
[2025-07-08T09:15:14.210+0000] {logging_mixin.py:188} INFO - [2025-07-08T09:15:14.210+0000] {dag.py:3823} INFO - Setting next_dagrun for latest_only_with_trigger to 2025-07-08 04:00:00+00:00, run_after=2025-07-08 08:00:00+00:00
[2025-07-08T09:15:14.246+0000] {processor.py:183} INFO - Processing /home/airflow/.local/lib/python3.8/site-packages/airflow/example_dags/example_latest_only_with_trigger.py took 0.188 seconds
[2025-07-08T09:15:44.794+0000] {processor.py:161} INFO - Started process (PID=1415) to work on /home/airflow/.local/lib/python3.8/site-packages/airflow/example_dags/example_latest_only_with_trigger.py
[2025-07-08T09:15:44.797+0000] {processor.py:830} INFO - Processing file /home/airflow/.local/lib/python3.8/site-packages/airflow/example_dags/example_latest_only_with_trigger.py for tasks to queue
[2025-07-08T09:15:44.800+0000] {logging_mixin.py:188} INFO - [2025-07-08T09:15:44.799+0000] {dagbag.py:538} INFO - Filling up the DagBag from /home/airflow/.local/lib/python3.8/site-packages/airflow/example_dags/example_latest_only_with_trigger.py
[2025-07-08T09:15:44.810+0000] {processor.py:840} INFO - DAG(s) 'latest_only_with_trigger' retrieved from /home/airflow/.local/lib/python3.8/site-packages/airflow/example_dags/example_latest_only_with_trigger.py
[2025-07-08T09:15:44.849+0000] {logging_mixin.py:188} INFO - [2025-07-08T09:15:44.849+0000] {dag.py:3036} INFO - Sync 1 DAGs
[2025-07-08T09:15:44.893+0000] {logging_mixin.py:188} INFO - [2025-07-08T09:15:44.893+0000] {dag.py:3823} INFO - Setting next_dagrun for latest_only_with_trigger to 2025-07-08 04:00:00+00:00, run_after=2025-07-08 08:00:00+00:00
[2025-07-08T09:15:44.927+0000] {processor.py:183} INFO - Processing /home/airflow/.local/lib/python3.8/site-packages/airflow/example_dags/example_latest_only_with_trigger.py took 0.139 seconds
[2025-07-08T09:16:15.614+0000] {processor.py:161} INFO - Started process (PID=1481) to work on /home/airflow/.local/lib/python3.8/site-packages/airflow/example_dags/example_latest_only_with_trigger.py
[2025-07-08T09:16:15.616+0000] {processor.py:830} INFO - Processing file /home/airflow/.local/lib/python3.8/site-packages/airflow/example_dags/example_latest_only_with_trigger.py for tasks to queue
[2025-07-08T09:16:15.619+0000] {logging_mixin.py:188} INFO - [2025-07-08T09:16:15.618+0000] {dagbag.py:538} INFO - Filling up the DagBag from /home/airflow/.local/lib/python3.8/site-packages/airflow/example_dags/example_latest_only_with_trigger.py
[2025-07-08T09:16:15.630+0000] {processor.py:840} INFO - DAG(s) 'latest_only_with_trigger' retrieved from /home/airflow/.local/lib/python3.8/site-packages/airflow/example_dags/example_latest_only_with_trigger.py
[2025-07-08T09:16:15.678+0000] {logging_mixin.py:188} INFO - [2025-07-08T09:16:15.678+0000] {dag.py:3036} INFO - Sync 1 DAGs
[2025-07-08T09:16:15.722+0000] {logging_mixin.py:188} INFO - [2025-07-08T09:16:15.722+0000] {dag.py:3823} INFO - Setting next_dagrun for latest_only_with_trigger to 2025-07-08 04:00:00+00:00, run_after=2025-07-08 08:00:00+00:00
[2025-07-08T09:16:15.757+0000] {processor.py:183} INFO - Processing /home/airflow/.local/lib/python3.8/site-packages/airflow/example_dags/example_latest_only_with_trigger.py took 0.149 seconds
[2025-07-08T09:16:46.647+0000] {processor.py:161} INFO - Started process (PID=1546) to work on /home/airflow/.local/lib/python3.8/site-packages/airflow/example_dags/example_latest_only_with_trigger.py
[2025-07-08T09:16:46.659+0000] {processor.py:830} INFO - Processing file /home/airflow/.local/lib/python3.8/site-packages/airflow/example_dags/example_latest_only_with_trigger.py for tasks to queue
[2025-07-08T09:16:46.662+0000] {logging_mixin.py:188} INFO - [2025-07-08T09:16:46.662+0000] {dagbag.py:538} INFO - Filling up the DagBag from /home/airflow/.local/lib/python3.8/site-packages/airflow/example_dags/example_latest_only_with_trigger.py
[2025-07-08T09:16:46.674+0000] {processor.py:840} INFO - DAG(s) 'latest_only_with_trigger' retrieved from /home/airflow/.local/lib/python3.8/site-packages/airflow/example_dags/example_latest_only_with_trigger.py
[2025-07-08T09:16:46.713+0000] {logging_mixin.py:188} INFO - [2025-07-08T09:16:46.712+0000] {dag.py:3036} INFO - Sync 1 DAGs
[2025-07-08T09:16:46.758+0000] {logging_mixin.py:188} INFO - [2025-07-08T09:16:46.757+0000] {dag.py:3823} INFO - Setting next_dagrun for latest_only_with_trigger to 2025-07-08 04:00:00+00:00, run_after=2025-07-08 08:00:00+00:00
[2025-07-08T09:16:46.793+0000] {processor.py:183} INFO - Processing /home/airflow/.local/lib/python3.8/site-packages/airflow/example_dags/example_latest_only_with_trigger.py took 0.155 seconds
[2025-07-08T09:17:17.523+0000] {processor.py:161} INFO - Started process (PID=1613) to work on /home/airflow/.local/lib/python3.8/site-packages/airflow/example_dags/example_latest_only_with_trigger.py
[2025-07-08T09:17:17.524+0000] {processor.py:830} INFO - Processing file /home/airflow/.local/lib/python3.8/site-packages/airflow/example_dags/example_latest_only_with_trigger.py for tasks to queue
[2025-07-08T09:17:17.527+0000] {logging_mixin.py:188} INFO - [2025-07-08T09:17:17.526+0000] {dagbag.py:538} INFO - Filling up the DagBag from /home/airflow/.local/lib/python3.8/site-packages/airflow/example_dags/example_latest_only_with_trigger.py
[2025-07-08T09:17:17.538+0000] {processor.py:840} INFO - DAG(s) 'latest_only_with_trigger' retrieved from /home/airflow/.local/lib/python3.8/site-packages/airflow/example_dags/example_latest_only_with_trigger.py
[2025-07-08T09:17:17.579+0000] {logging_mixin.py:188} INFO - [2025-07-08T09:17:17.578+0000] {dag.py:3036} INFO - Sync 1 DAGs
[2025-07-08T09:17:17.630+0000] {logging_mixin.py:188} INFO - [2025-07-08T09:17:17.630+0000] {dag.py:3823} INFO - Setting next_dagrun for latest_only_with_trigger to 2025-07-08 04:00:00+00:00, run_after=2025-07-08 08:00:00+00:00
[2025-07-08T09:17:17.670+0000] {processor.py:183} INFO - Processing /home/airflow/.local/lib/python3.8/site-packages/airflow/example_dags/example_latest_only_with_trigger.py took 0.153 seconds
[2025-07-08T09:17:48.734+0000] {processor.py:161} INFO - Started process (PID=1678) to work on /home/airflow/.local/lib/python3.8/site-packages/airflow/example_dags/example_latest_only_with_trigger.py
[2025-07-08T09:17:48.743+0000] {processor.py:830} INFO - Processing file /home/airflow/.local/lib/python3.8/site-packages/airflow/example_dags/example_latest_only_with_trigger.py for tasks to queue
[2025-07-08T09:17:48.758+0000] {logging_mixin.py:188} INFO - [2025-07-08T09:17:48.756+0000] {dagbag.py:538} INFO - Filling up the DagBag from /home/airflow/.local/lib/python3.8/site-packages/airflow/example_dags/example_latest_only_with_trigger.py
[2025-07-08T09:17:48.771+0000] {processor.py:840} INFO - DAG(s) 'latest_only_with_trigger' retrieved from /home/airflow/.local/lib/python3.8/site-packages/airflow/example_dags/example_latest_only_with_trigger.py
[2025-07-08T09:17:48.815+0000] {logging_mixin.py:188} INFO - [2025-07-08T09:17:48.814+0000] {dag.py:3036} INFO - Sync 1 DAGs
[2025-07-08T09:17:48.861+0000] {logging_mixin.py:188} INFO - [2025-07-08T09:17:48.861+0000] {dag.py:3823} INFO - Setting next_dagrun for latest_only_with_trigger to 2025-07-08 04:00:00+00:00, run_after=2025-07-08 08:00:00+00:00
[2025-07-08T09:17:48.898+0000] {processor.py:183} INFO - Processing /home/airflow/.local/lib/python3.8/site-packages/airflow/example_dags/example_latest_only_with_trigger.py took 0.171 seconds
[2025-07-08T09:18:20.704+0000] {processor.py:161} INFO - Started process (PID=1744) to work on /home/airflow/.local/lib/python3.8/site-packages/airflow/example_dags/example_latest_only_with_trigger.py
[2025-07-08T09:18:20.706+0000] {processor.py:830} INFO - Processing file /home/airflow/.local/lib/python3.8/site-packages/airflow/example_dags/example_latest_only_with_trigger.py for tasks to queue
[2025-07-08T09:18:20.725+0000] {logging_mixin.py:188} INFO - [2025-07-08T09:18:20.724+0000] {dagbag.py:538} INFO - Filling up the DagBag from /home/airflow/.local/lib/python3.8/site-packages/airflow/example_dags/example_latest_only_with_trigger.py
[2025-07-08T09:18:20.764+0000] {processor.py:840} INFO - DAG(s) 'latest_only_with_trigger' retrieved from /home/airflow/.local/lib/python3.8/site-packages/airflow/example_dags/example_latest_only_with_trigger.py
[2025-07-08T09:18:20.876+0000] {logging_mixin.py:188} INFO - [2025-07-08T09:18:20.876+0000] {dag.py:3036} INFO - Sync 1 DAGs
[2025-07-08T09:18:21.018+0000] {logging_mixin.py:188} INFO - [2025-07-08T09:18:21.018+0000] {dag.py:3823} INFO - Setting next_dagrun for latest_only_with_trigger to 2025-07-08 04:00:00+00:00, run_after=2025-07-08 08:00:00+00:00
[2025-07-08T09:18:21.122+0000] {processor.py:183} INFO - Processing /home/airflow/.local/lib/python3.8/site-packages/airflow/example_dags/example_latest_only_with_trigger.py took 0.452 seconds
[2025-07-08T09:18:51.702+0000] {processor.py:161} INFO - Started process (PID=1801) to work on /home/airflow/.local/lib/python3.8/site-packages/airflow/example_dags/example_latest_only_with_trigger.py
[2025-07-08T09:18:51.726+0000] {processor.py:830} INFO - Processing file /home/airflow/.local/lib/python3.8/site-packages/airflow/example_dags/example_latest_only_with_trigger.py for tasks to queue
[2025-07-08T09:18:51.731+0000] {logging_mixin.py:188} INFO - [2025-07-08T09:18:51.730+0000] {dagbag.py:538} INFO - Filling up the DagBag from /home/airflow/.local/lib/python3.8/site-packages/airflow/example_dags/example_latest_only_with_trigger.py
[2025-07-08T09:18:51.754+0000] {processor.py:840} INFO - DAG(s) 'latest_only_with_trigger' retrieved from /home/airflow/.local/lib/python3.8/site-packages/airflow/example_dags/example_latest_only_with_trigger.py
[2025-07-08T09:18:51.853+0000] {logging_mixin.py:188} INFO - [2025-07-08T09:18:51.853+0000] {dag.py:3036} INFO - Sync 1 DAGs
[2025-07-08T09:18:51.924+0000] {logging_mixin.py:188} INFO - [2025-07-08T09:18:51.924+0000] {dag.py:3823} INFO - Setting next_dagrun for latest_only_with_trigger to 2025-07-08 04:00:00+00:00, run_after=2025-07-08 08:00:00+00:00
[2025-07-08T09:18:52.002+0000] {processor.py:183} INFO - Processing /home/airflow/.local/lib/python3.8/site-packages/airflow/example_dags/example_latest_only_with_trigger.py took 0.324 seconds
[2025-07-08T09:19:22.269+0000] {processor.py:161} INFO - Started process (PID=1867) to work on /home/airflow/.local/lib/python3.8/site-packages/airflow/example_dags/example_latest_only_with_trigger.py
[2025-07-08T09:19:22.270+0000] {processor.py:830} INFO - Processing file /home/airflow/.local/lib/python3.8/site-packages/airflow/example_dags/example_latest_only_with_trigger.py for tasks to queue
[2025-07-08T09:19:22.273+0000] {logging_mixin.py:188} INFO - [2025-07-08T09:19:22.272+0000] {dagbag.py:538} INFO - Filling up the DagBag from /home/airflow/.local/lib/python3.8/site-packages/airflow/example_dags/example_latest_only_with_trigger.py
[2025-07-08T09:19:22.283+0000] {processor.py:840} INFO - DAG(s) 'latest_only_with_trigger' retrieved from /home/airflow/.local/lib/python3.8/site-packages/airflow/example_dags/example_latest_only_with_trigger.py
[2025-07-08T09:19:22.321+0000] {logging_mixin.py:188} INFO - [2025-07-08T09:19:22.321+0000] {dag.py:3036} INFO - Sync 1 DAGs
[2025-07-08T09:19:22.398+0000] {logging_mixin.py:188} INFO - [2025-07-08T09:19:22.398+0000] {dag.py:3823} INFO - Setting next_dagrun for latest_only_with_trigger to 2025-07-08 04:00:00+00:00, run_after=2025-07-08 08:00:00+00:00
[2025-07-08T09:19:22.470+0000] {processor.py:183} INFO - Processing /home/airflow/.local/lib/python3.8/site-packages/airflow/example_dags/example_latest_only_with_trigger.py took 0.207 seconds
[2025-07-08T09:19:53.580+0000] {processor.py:161} INFO - Started process (PID=1934) to work on /home/airflow/.local/lib/python3.8/site-packages/airflow/example_dags/example_latest_only_with_trigger.py
[2025-07-08T09:19:53.596+0000] {processor.py:830} INFO - Processing file /home/airflow/.local/lib/python3.8/site-packages/airflow/example_dags/example_latest_only_with_trigger.py for tasks to queue
[2025-07-08T09:19:53.599+0000] {logging_mixin.py:188} INFO - [2025-07-08T09:19:53.599+0000] {dagbag.py:538} INFO - Filling up the DagBag from /home/airflow/.local/lib/python3.8/site-packages/airflow/example_dags/example_latest_only_with_trigger.py
[2025-07-08T09:19:53.635+0000] {processor.py:840} INFO - DAG(s) 'latest_only_with_trigger' retrieved from /home/airflow/.local/lib/python3.8/site-packages/airflow/example_dags/example_latest_only_with_trigger.py
[2025-07-08T09:19:53.715+0000] {logging_mixin.py:188} INFO - [2025-07-08T09:19:53.715+0000] {dag.py:3036} INFO - Sync 1 DAGs
[2025-07-08T09:19:53.806+0000] {logging_mixin.py:188} INFO - [2025-07-08T09:19:53.806+0000] {dag.py:3823} INFO - Setting next_dagrun for latest_only_with_trigger to 2025-07-08 04:00:00+00:00, run_after=2025-07-08 08:00:00+00:00
[2025-07-08T09:19:53.881+0000] {processor.py:183} INFO - Processing /home/airflow/.local/lib/python3.8/site-packages/airflow/example_dags/example_latest_only_with_trigger.py took 0.330 seconds
[2025-07-08T09:20:24.524+0000] {processor.py:161} INFO - Started process (PID=2002) to work on /home/airflow/.local/lib/python3.8/site-packages/airflow/example_dags/example_latest_only_with_trigger.py
[2025-07-08T09:20:24.526+0000] {processor.py:830} INFO - Processing file /home/airflow/.local/lib/python3.8/site-packages/airflow/example_dags/example_latest_only_with_trigger.py for tasks to queue
[2025-07-08T09:20:24.529+0000] {logging_mixin.py:188} INFO - [2025-07-08T09:20:24.528+0000] {dagbag.py:538} INFO - Filling up the DagBag from /home/airflow/.local/lib/python3.8/site-packages/airflow/example_dags/example_latest_only_with_trigger.py
[2025-07-08T09:20:24.540+0000] {processor.py:840} INFO - DAG(s) 'latest_only_with_trigger' retrieved from /home/airflow/.local/lib/python3.8/site-packages/airflow/example_dags/example_latest_only_with_trigger.py
[2025-07-08T09:20:24.622+0000] {logging_mixin.py:188} INFO - [2025-07-08T09:20:24.621+0000] {dag.py:3036} INFO - Sync 1 DAGs
[2025-07-08T09:20:24.738+0000] {logging_mixin.py:188} INFO - [2025-07-08T09:20:24.738+0000] {dag.py:3823} INFO - Setting next_dagrun for latest_only_with_trigger to 2025-07-08 04:00:00+00:00, run_after=2025-07-08 08:00:00+00:00
[2025-07-08T09:20:24.821+0000] {processor.py:183} INFO - Processing /home/airflow/.local/lib/python3.8/site-packages/airflow/example_dags/example_latest_only_with_trigger.py took 0.305 seconds
[2025-07-08T09:20:55.547+0000] {processor.py:161} INFO - Started process (PID=2068) to work on /home/airflow/.local/lib/python3.8/site-packages/airflow/example_dags/example_latest_only_with_trigger.py
[2025-07-08T09:20:55.560+0000] {processor.py:830} INFO - Processing file /home/airflow/.local/lib/python3.8/site-packages/airflow/example_dags/example_latest_only_with_trigger.py for tasks to queue
[2025-07-08T09:20:55.564+0000] {logging_mixin.py:188} INFO - [2025-07-08T09:20:55.563+0000] {dagbag.py:538} INFO - Filling up the DagBag from /home/airflow/.local/lib/python3.8/site-packages/airflow/example_dags/example_latest_only_with_trigger.py
[2025-07-08T09:20:55.619+0000] {processor.py:840} INFO - DAG(s) 'latest_only_with_trigger' retrieved from /home/airflow/.local/lib/python3.8/site-packages/airflow/example_dags/example_latest_only_with_trigger.py
[2025-07-08T09:20:55.721+0000] {logging_mixin.py:188} INFO - [2025-07-08T09:20:55.713+0000] {dag.py:3036} INFO - Sync 1 DAGs
[2025-07-08T09:20:55.842+0000] {logging_mixin.py:188} INFO - [2025-07-08T09:20:55.842+0000] {dag.py:3823} INFO - Setting next_dagrun for latest_only_with_trigger to 2025-07-08 04:00:00+00:00, run_after=2025-07-08 08:00:00+00:00
[2025-07-08T09:20:55.929+0000] {processor.py:183} INFO - Processing /home/airflow/.local/lib/python3.8/site-packages/airflow/example_dags/example_latest_only_with_trigger.py took 0.402 seconds
[2025-07-08T09:21:26.521+0000] {processor.py:161} INFO - Started process (PID=2134) to work on /home/airflow/.local/lib/python3.8/site-packages/airflow/example_dags/example_latest_only_with_trigger.py
[2025-07-08T09:21:26.522+0000] {processor.py:830} INFO - Processing file /home/airflow/.local/lib/python3.8/site-packages/airflow/example_dags/example_latest_only_with_trigger.py for tasks to queue
[2025-07-08T09:21:26.525+0000] {logging_mixin.py:188} INFO - [2025-07-08T09:21:26.524+0000] {dagbag.py:538} INFO - Filling up the DagBag from /home/airflow/.local/lib/python3.8/site-packages/airflow/example_dags/example_latest_only_with_trigger.py
[2025-07-08T09:21:26.536+0000] {processor.py:840} INFO - DAG(s) 'latest_only_with_trigger' retrieved from /home/airflow/.local/lib/python3.8/site-packages/airflow/example_dags/example_latest_only_with_trigger.py
[2025-07-08T09:21:26.575+0000] {logging_mixin.py:188} INFO - [2025-07-08T09:21:26.574+0000] {dag.py:3036} INFO - Sync 1 DAGs
[2025-07-08T09:21:26.635+0000] {logging_mixin.py:188} INFO - [2025-07-08T09:21:26.634+0000] {dag.py:3823} INFO - Setting next_dagrun for latest_only_with_trigger to 2025-07-08 04:00:00+00:00, run_after=2025-07-08 08:00:00+00:00
[2025-07-08T09:21:26.690+0000] {processor.py:183} INFO - Processing /home/airflow/.local/lib/python3.8/site-packages/airflow/example_dags/example_latest_only_with_trigger.py took 0.176 seconds
[2025-07-08T09:21:58.065+0000] {processor.py:161} INFO - Started process (PID=2200) to work on /home/airflow/.local/lib/python3.8/site-packages/airflow/example_dags/example_latest_only_with_trigger.py
[2025-07-08T09:21:58.088+0000] {processor.py:830} INFO - Processing file /home/airflow/.local/lib/python3.8/site-packages/airflow/example_dags/example_latest_only_with_trigger.py for tasks to queue
[2025-07-08T09:21:58.091+0000] {logging_mixin.py:188} INFO - [2025-07-08T09:21:58.091+0000] {dagbag.py:538} INFO - Filling up the DagBag from /home/airflow/.local/lib/python3.8/site-packages/airflow/example_dags/example_latest_only_with_trigger.py
[2025-07-08T09:21:58.133+0000] {processor.py:840} INFO - DAG(s) 'latest_only_with_trigger' retrieved from /home/airflow/.local/lib/python3.8/site-packages/airflow/example_dags/example_latest_only_with_trigger.py
[2025-07-08T09:21:58.286+0000] {logging_mixin.py:188} INFO - [2025-07-08T09:21:58.286+0000] {dag.py:3036} INFO - Sync 1 DAGs
[2025-07-08T09:21:58.366+0000] {logging_mixin.py:188} INFO - [2025-07-08T09:21:58.366+0000] {dag.py:3823} INFO - Setting next_dagrun for latest_only_with_trigger to 2025-07-08 04:00:00+00:00, run_after=2025-07-08 08:00:00+00:00
[2025-07-08T09:21:58.603+0000] {processor.py:183} INFO - Processing /home/airflow/.local/lib/python3.8/site-packages/airflow/example_dags/example_latest_only_with_trigger.py took 0.552 seconds
[2025-07-08T09:22:29.467+0000] {processor.py:161} INFO - Started process (PID=2258) to work on /home/airflow/.local/lib/python3.8/site-packages/airflow/example_dags/example_latest_only_with_trigger.py
[2025-07-08T09:22:29.498+0000] {processor.py:830} INFO - Processing file /home/airflow/.local/lib/python3.8/site-packages/airflow/example_dags/example_latest_only_with_trigger.py for tasks to queue
[2025-07-08T09:22:29.510+0000] {logging_mixin.py:188} INFO - [2025-07-08T09:22:29.509+0000] {dagbag.py:538} INFO - Filling up the DagBag from /home/airflow/.local/lib/python3.8/site-packages/airflow/example_dags/example_latest_only_with_trigger.py
[2025-07-08T09:22:29.607+0000] {processor.py:840} INFO - DAG(s) 'latest_only_with_trigger' retrieved from /home/airflow/.local/lib/python3.8/site-packages/airflow/example_dags/example_latest_only_with_trigger.py
[2025-07-08T09:22:29.717+0000] {logging_mixin.py:188} INFO - [2025-07-08T09:22:29.717+0000] {dag.py:3036} INFO - Sync 1 DAGs
[2025-07-08T09:22:29.915+0000] {logging_mixin.py:188} INFO - [2025-07-08T09:22:29.915+0000] {dag.py:3823} INFO - Setting next_dagrun for latest_only_with_trigger to 2025-07-08 04:00:00+00:00, run_after=2025-07-08 08:00:00+00:00
[2025-07-08T09:22:30.039+0000] {processor.py:183} INFO - Processing /home/airflow/.local/lib/python3.8/site-packages/airflow/example_dags/example_latest_only_with_trigger.py took 0.583 seconds
[2025-07-08T09:23:00.268+0000] {processor.py:161} INFO - Started process (PID=2324) to work on /home/airflow/.local/lib/python3.8/site-packages/airflow/example_dags/example_latest_only_with_trigger.py
[2025-07-08T09:23:00.270+0000] {processor.py:830} INFO - Processing file /home/airflow/.local/lib/python3.8/site-packages/airflow/example_dags/example_latest_only_with_trigger.py for tasks to queue
[2025-07-08T09:23:00.274+0000] {logging_mixin.py:188} INFO - [2025-07-08T09:23:00.273+0000] {dagbag.py:538} INFO - Filling up the DagBag from /home/airflow/.local/lib/python3.8/site-packages/airflow/example_dags/example_latest_only_with_trigger.py
[2025-07-08T09:23:00.285+0000] {processor.py:840} INFO - DAG(s) 'latest_only_with_trigger' retrieved from /home/airflow/.local/lib/python3.8/site-packages/airflow/example_dags/example_latest_only_with_trigger.py
[2025-07-08T09:23:00.336+0000] {logging_mixin.py:188} INFO - [2025-07-08T09:23:00.336+0000] {dag.py:3036} INFO - Sync 1 DAGs
[2025-07-08T09:23:00.381+0000] {logging_mixin.py:188} INFO - [2025-07-08T09:23:00.380+0000] {dag.py:3823} INFO - Setting next_dagrun for latest_only_with_trigger to 2025-07-08 04:00:00+00:00, run_after=2025-07-08 08:00:00+00:00
[2025-07-08T09:23:00.416+0000] {processor.py:183} INFO - Processing /home/airflow/.local/lib/python3.8/site-packages/airflow/example_dags/example_latest_only_with_trigger.py took 0.154 seconds
[2025-07-08T09:23:30.746+0000] {processor.py:161} INFO - Started process (PID=2390) to work on /home/airflow/.local/lib/python3.8/site-packages/airflow/example_dags/example_latest_only_with_trigger.py
[2025-07-08T09:23:30.753+0000] {processor.py:830} INFO - Processing file /home/airflow/.local/lib/python3.8/site-packages/airflow/example_dags/example_latest_only_with_trigger.py for tasks to queue
[2025-07-08T09:23:30.756+0000] {logging_mixin.py:188} INFO - [2025-07-08T09:23:30.756+0000] {dagbag.py:538} INFO - Filling up the DagBag from /home/airflow/.local/lib/python3.8/site-packages/airflow/example_dags/example_latest_only_with_trigger.py
[2025-07-08T09:23:30.800+0000] {processor.py:840} INFO - DAG(s) 'latest_only_with_trigger' retrieved from /home/airflow/.local/lib/python3.8/site-packages/airflow/example_dags/example_latest_only_with_trigger.py
[2025-07-08T09:23:30.877+0000] {logging_mixin.py:188} INFO - [2025-07-08T09:23:30.877+0000] {dag.py:3036} INFO - Sync 1 DAGs
[2025-07-08T09:23:30.932+0000] {logging_mixin.py:188} INFO - [2025-07-08T09:23:30.931+0000] {dag.py:3823} INFO - Setting next_dagrun for latest_only_with_trigger to 2025-07-08 04:00:00+00:00, run_after=2025-07-08 08:00:00+00:00
[2025-07-08T09:23:30.965+0000] {processor.py:183} INFO - Processing /home/airflow/.local/lib/python3.8/site-packages/airflow/example_dags/example_latest_only_with_trigger.py took 0.230 seconds
[2025-07-08T09:24:01.637+0000] {processor.py:161} INFO - Started process (PID=2457) to work on /home/airflow/.local/lib/python3.8/site-packages/airflow/example_dags/example_latest_only_with_trigger.py
[2025-07-08T09:24:01.641+0000] {processor.py:830} INFO - Processing file /home/airflow/.local/lib/python3.8/site-packages/airflow/example_dags/example_latest_only_with_trigger.py for tasks to queue
[2025-07-08T09:24:01.644+0000] {logging_mixin.py:188} INFO - [2025-07-08T09:24:01.643+0000] {dagbag.py:538} INFO - Filling up the DagBag from /home/airflow/.local/lib/python3.8/site-packages/airflow/example_dags/example_latest_only_with_trigger.py
[2025-07-08T09:24:01.692+0000] {processor.py:840} INFO - DAG(s) 'latest_only_with_trigger' retrieved from /home/airflow/.local/lib/python3.8/site-packages/airflow/example_dags/example_latest_only_with_trigger.py
[2025-07-08T09:24:01.749+0000] {logging_mixin.py:188} INFO - [2025-07-08T09:24:01.748+0000] {dag.py:3036} INFO - Sync 1 DAGs
[2025-07-08T09:24:01.805+0000] {logging_mixin.py:188} INFO - [2025-07-08T09:24:01.804+0000] {dag.py:3823} INFO - Setting next_dagrun for latest_only_with_trigger to 2025-07-08 04:00:00+00:00, run_after=2025-07-08 08:00:00+00:00
[2025-07-08T09:24:01.845+0000] {processor.py:183} INFO - Processing /home/airflow/.local/lib/python3.8/site-packages/airflow/example_dags/example_latest_only_with_trigger.py took 0.218 seconds
[2025-07-08T09:24:32.379+0000] {processor.py:161} INFO - Started process (PID=2523) to work on /home/airflow/.local/lib/python3.8/site-packages/airflow/example_dags/example_latest_only_with_trigger.py
[2025-07-08T09:24:32.381+0000] {processor.py:830} INFO - Processing file /home/airflow/.local/lib/python3.8/site-packages/airflow/example_dags/example_latest_only_with_trigger.py for tasks to queue
[2025-07-08T09:24:32.394+0000] {logging_mixin.py:188} INFO - [2025-07-08T09:24:32.384+0000] {dagbag.py:538} INFO - Filling up the DagBag from /home/airflow/.local/lib/python3.8/site-packages/airflow/example_dags/example_latest_only_with_trigger.py
[2025-07-08T09:24:32.412+0000] {processor.py:840} INFO - DAG(s) 'latest_only_with_trigger' retrieved from /home/airflow/.local/lib/python3.8/site-packages/airflow/example_dags/example_latest_only_with_trigger.py
[2025-07-08T09:24:32.459+0000] {logging_mixin.py:188} INFO - [2025-07-08T09:24:32.459+0000] {dag.py:3036} INFO - Sync 1 DAGs
[2025-07-08T09:24:32.542+0000] {logging_mixin.py:188} INFO - [2025-07-08T09:24:32.542+0000] {dag.py:3823} INFO - Setting next_dagrun for latest_only_with_trigger to 2025-07-08 04:00:00+00:00, run_after=2025-07-08 08:00:00+00:00
[2025-07-08T09:24:32.638+0000] {processor.py:183} INFO - Processing /home/airflow/.local/lib/python3.8/site-packages/airflow/example_dags/example_latest_only_with_trigger.py took 0.280 seconds
[2025-07-08T09:25:03.127+0000] {processor.py:161} INFO - Started process (PID=2590) to work on /home/airflow/.local/lib/python3.8/site-packages/airflow/example_dags/example_latest_only_with_trigger.py
[2025-07-08T09:25:03.136+0000] {processor.py:830} INFO - Processing file /home/airflow/.local/lib/python3.8/site-packages/airflow/example_dags/example_latest_only_with_trigger.py for tasks to queue
[2025-07-08T09:25:03.140+0000] {logging_mixin.py:188} INFO - [2025-07-08T09:25:03.139+0000] {dagbag.py:538} INFO - Filling up the DagBag from /home/airflow/.local/lib/python3.8/site-packages/airflow/example_dags/example_latest_only_with_trigger.py
[2025-07-08T09:25:03.154+0000] {processor.py:840} INFO - DAG(s) 'latest_only_with_trigger' retrieved from /home/airflow/.local/lib/python3.8/site-packages/airflow/example_dags/example_latest_only_with_trigger.py
[2025-07-08T09:25:03.261+0000] {logging_mixin.py:188} INFO - [2025-07-08T09:25:03.261+0000] {dag.py:3036} INFO - Sync 1 DAGs
[2025-07-08T09:25:03.354+0000] {logging_mixin.py:188} INFO - [2025-07-08T09:25:03.353+0000] {dag.py:3823} INFO - Setting next_dagrun for latest_only_with_trigger to 2025-07-08 04:00:00+00:00, run_after=2025-07-08 08:00:00+00:00
[2025-07-08T09:25:03.446+0000] {processor.py:183} INFO - Processing /home/airflow/.local/lib/python3.8/site-packages/airflow/example_dags/example_latest_only_with_trigger.py took 0.335 seconds
[2025-07-08T09:25:34.349+0000] {processor.py:161} INFO - Started process (PID=2657) to work on /home/airflow/.local/lib/python3.8/site-packages/airflow/example_dags/example_latest_only_with_trigger.py
[2025-07-08T09:25:34.360+0000] {processor.py:830} INFO - Processing file /home/airflow/.local/lib/python3.8/site-packages/airflow/example_dags/example_latest_only_with_trigger.py for tasks to queue
[2025-07-08T09:25:34.364+0000] {logging_mixin.py:188} INFO - [2025-07-08T09:25:34.363+0000] {dagbag.py:538} INFO - Filling up the DagBag from /home/airflow/.local/lib/python3.8/site-packages/airflow/example_dags/example_latest_only_with_trigger.py
[2025-07-08T09:25:34.378+0000] {processor.py:840} INFO - DAG(s) 'latest_only_with_trigger' retrieved from /home/airflow/.local/lib/python3.8/site-packages/airflow/example_dags/example_latest_only_with_trigger.py
[2025-07-08T09:25:34.421+0000] {logging_mixin.py:188} INFO - [2025-07-08T09:25:34.420+0000] {dag.py:3036} INFO - Sync 1 DAGs
[2025-07-08T09:25:34.491+0000] {logging_mixin.py:188} INFO - [2025-07-08T09:25:34.490+0000] {dag.py:3823} INFO - Setting next_dagrun for latest_only_with_trigger to 2025-07-08 04:00:00+00:00, run_after=2025-07-08 08:00:00+00:00
[2025-07-08T09:25:34.590+0000] {processor.py:183} INFO - Processing /home/airflow/.local/lib/python3.8/site-packages/airflow/example_dags/example_latest_only_with_trigger.py took 0.260 seconds
[2025-07-08T09:26:05.205+0000] {processor.py:161} INFO - Started process (PID=2722) to work on /home/airflow/.local/lib/python3.8/site-packages/airflow/example_dags/example_latest_only_with_trigger.py
[2025-07-08T09:26:05.207+0000] {processor.py:830} INFO - Processing file /home/airflow/.local/lib/python3.8/site-packages/airflow/example_dags/example_latest_only_with_trigger.py for tasks to queue
[2025-07-08T09:26:05.213+0000] {logging_mixin.py:188} INFO - [2025-07-08T09:26:05.213+0000] {dagbag.py:538} INFO - Filling up the DagBag from /home/airflow/.local/lib/python3.8/site-packages/airflow/example_dags/example_latest_only_with_trigger.py
[2025-07-08T09:26:05.239+0000] {processor.py:840} INFO - DAG(s) 'latest_only_with_trigger' retrieved from /home/airflow/.local/lib/python3.8/site-packages/airflow/example_dags/example_latest_only_with_trigger.py
[2025-07-08T09:26:05.286+0000] {logging_mixin.py:188} INFO - [2025-07-08T09:26:05.286+0000] {dag.py:3036} INFO - Sync 1 DAGs
[2025-07-08T09:26:05.372+0000] {logging_mixin.py:188} INFO - [2025-07-08T09:26:05.372+0000] {dag.py:3823} INFO - Setting next_dagrun for latest_only_with_trigger to 2025-07-08 04:00:00+00:00, run_after=2025-07-08 08:00:00+00:00
[2025-07-08T09:26:05.453+0000] {processor.py:183} INFO - Processing /home/airflow/.local/lib/python3.8/site-packages/airflow/example_dags/example_latest_only_with_trigger.py took 0.271 seconds
[2025-07-08T09:26:35.544+0000] {processor.py:161} INFO - Started process (PID=2778) to work on /home/airflow/.local/lib/python3.8/site-packages/airflow/example_dags/example_latest_only_with_trigger.py
[2025-07-08T09:26:35.546+0000] {processor.py:830} INFO - Processing file /home/airflow/.local/lib/python3.8/site-packages/airflow/example_dags/example_latest_only_with_trigger.py for tasks to queue
[2025-07-08T09:26:35.549+0000] {logging_mixin.py:188} INFO - [2025-07-08T09:26:35.548+0000] {dagbag.py:538} INFO - Filling up the DagBag from /home/airflow/.local/lib/python3.8/site-packages/airflow/example_dags/example_latest_only_with_trigger.py
[2025-07-08T09:26:35.559+0000] {processor.py:840} INFO - DAG(s) 'latest_only_with_trigger' retrieved from /home/airflow/.local/lib/python3.8/site-packages/airflow/example_dags/example_latest_only_with_trigger.py
[2025-07-08T09:26:35.604+0000] {logging_mixin.py:188} INFO - [2025-07-08T09:26:35.603+0000] {dag.py:3036} INFO - Sync 1 DAGs
[2025-07-08T09:26:35.678+0000] {logging_mixin.py:188} INFO - [2025-07-08T09:26:35.677+0000] {dag.py:3823} INFO - Setting next_dagrun for latest_only_with_trigger to 2025-07-08 04:00:00+00:00, run_after=2025-07-08 08:00:00+00:00
[2025-07-08T09:26:35.715+0000] {processor.py:183} INFO - Processing /home/airflow/.local/lib/python3.8/site-packages/airflow/example_dags/example_latest_only_with_trigger.py took 0.183 seconds
[2025-07-08T09:27:05.915+0000] {processor.py:161} INFO - Started process (PID=2845) to work on /home/airflow/.local/lib/python3.8/site-packages/airflow/example_dags/example_latest_only_with_trigger.py
[2025-07-08T09:27:05.917+0000] {processor.py:830} INFO - Processing file /home/airflow/.local/lib/python3.8/site-packages/airflow/example_dags/example_latest_only_with_trigger.py for tasks to queue
[2025-07-08T09:27:05.920+0000] {logging_mixin.py:188} INFO - [2025-07-08T09:27:05.919+0000] {dagbag.py:538} INFO - Filling up the DagBag from /home/airflow/.local/lib/python3.8/site-packages/airflow/example_dags/example_latest_only_with_trigger.py
[2025-07-08T09:27:05.930+0000] {processor.py:840} INFO - DAG(s) 'latest_only_with_trigger' retrieved from /home/airflow/.local/lib/python3.8/site-packages/airflow/example_dags/example_latest_only_with_trigger.py
[2025-07-08T09:27:05.972+0000] {logging_mixin.py:188} INFO - [2025-07-08T09:27:05.971+0000] {dag.py:3036} INFO - Sync 1 DAGs
[2025-07-08T09:27:06.021+0000] {logging_mixin.py:188} INFO - [2025-07-08T09:27:06.021+0000] {dag.py:3823} INFO - Setting next_dagrun for latest_only_with_trigger to 2025-07-08 04:00:00+00:00, run_after=2025-07-08 08:00:00+00:00
[2025-07-08T09:27:06.058+0000] {processor.py:183} INFO - Processing /home/airflow/.local/lib/python3.8/site-packages/airflow/example_dags/example_latest_only_with_trigger.py took 0.149 seconds
[2025-07-08T09:27:36.487+0000] {processor.py:161} INFO - Started process (PID=2903) to work on /home/airflow/.local/lib/python3.8/site-packages/airflow/example_dags/example_latest_only_with_trigger.py
[2025-07-08T09:27:36.497+0000] {processor.py:830} INFO - Processing file /home/airflow/.local/lib/python3.8/site-packages/airflow/example_dags/example_latest_only_with_trigger.py for tasks to queue
[2025-07-08T09:27:36.500+0000] {logging_mixin.py:188} INFO - [2025-07-08T09:27:36.500+0000] {dagbag.py:538} INFO - Filling up the DagBag from /home/airflow/.local/lib/python3.8/site-packages/airflow/example_dags/example_latest_only_with_trigger.py
[2025-07-08T09:27:36.528+0000] {processor.py:840} INFO - DAG(s) 'latest_only_with_trigger' retrieved from /home/airflow/.local/lib/python3.8/site-packages/airflow/example_dags/example_latest_only_with_trigger.py
[2025-07-08T09:27:36.608+0000] {logging_mixin.py:188} INFO - [2025-07-08T09:27:36.607+0000] {dag.py:3036} INFO - Sync 1 DAGs
[2025-07-08T09:27:36.706+0000] {logging_mixin.py:188} INFO - [2025-07-08T09:27:36.706+0000] {dag.py:3823} INFO - Setting next_dagrun for latest_only_with_trigger to 2025-07-08 04:00:00+00:00, run_after=2025-07-08 08:00:00+00:00
[2025-07-08T09:27:36.811+0000] {processor.py:183} INFO - Processing /home/airflow/.local/lib/python3.8/site-packages/airflow/example_dags/example_latest_only_with_trigger.py took 0.333 seconds
[2025-07-08T09:28:07.283+0000] {processor.py:161} INFO - Started process (PID=2969) to work on /home/airflow/.local/lib/python3.8/site-packages/airflow/example_dags/example_latest_only_with_trigger.py
[2025-07-08T09:28:07.290+0000] {processor.py:830} INFO - Processing file /home/airflow/.local/lib/python3.8/site-packages/airflow/example_dags/example_latest_only_with_trigger.py for tasks to queue
[2025-07-08T09:28:07.293+0000] {logging_mixin.py:188} INFO - [2025-07-08T09:28:07.293+0000] {dagbag.py:538} INFO - Filling up the DagBag from /home/airflow/.local/lib/python3.8/site-packages/airflow/example_dags/example_latest_only_with_trigger.py
[2025-07-08T09:28:07.318+0000] {processor.py:840} INFO - DAG(s) 'latest_only_with_trigger' retrieved from /home/airflow/.local/lib/python3.8/site-packages/airflow/example_dags/example_latest_only_with_trigger.py
[2025-07-08T09:28:07.397+0000] {logging_mixin.py:188} INFO - [2025-07-08T09:28:07.397+0000] {dag.py:3036} INFO - Sync 1 DAGs
[2025-07-08T09:28:07.480+0000] {logging_mixin.py:188} INFO - [2025-07-08T09:28:07.480+0000] {dag.py:3823} INFO - Setting next_dagrun for latest_only_with_trigger to 2025-07-08 04:00:00+00:00, run_after=2025-07-08 08:00:00+00:00
[2025-07-08T09:28:07.568+0000] {processor.py:183} INFO - Processing /home/airflow/.local/lib/python3.8/site-packages/airflow/example_dags/example_latest_only_with_trigger.py took 0.291 seconds
[2025-07-08T09:28:38.599+0000] {processor.py:161} INFO - Started process (PID=3035) to work on /home/airflow/.local/lib/python3.8/site-packages/airflow/example_dags/example_latest_only_with_trigger.py
[2025-07-08T09:28:38.606+0000] {processor.py:830} INFO - Processing file /home/airflow/.local/lib/python3.8/site-packages/airflow/example_dags/example_latest_only_with_trigger.py for tasks to queue
[2025-07-08T09:28:38.609+0000] {logging_mixin.py:188} INFO - [2025-07-08T09:28:38.609+0000] {dagbag.py:538} INFO - Filling up the DagBag from /home/airflow/.local/lib/python3.8/site-packages/airflow/example_dags/example_latest_only_with_trigger.py
[2025-07-08T09:28:38.627+0000] {processor.py:840} INFO - DAG(s) 'latest_only_with_trigger' retrieved from /home/airflow/.local/lib/python3.8/site-packages/airflow/example_dags/example_latest_only_with_trigger.py
[2025-07-08T09:28:38.741+0000] {logging_mixin.py:188} INFO - [2025-07-08T09:28:38.741+0000] {dag.py:3036} INFO - Sync 1 DAGs
[2025-07-08T09:28:38.818+0000] {logging_mixin.py:188} INFO - [2025-07-08T09:28:38.817+0000] {dag.py:3823} INFO - Setting next_dagrun for latest_only_with_trigger to 2025-07-08 04:00:00+00:00, run_after=2025-07-08 08:00:00+00:00
[2025-07-08T09:28:38.891+0000] {processor.py:183} INFO - Processing /home/airflow/.local/lib/python3.8/site-packages/airflow/example_dags/example_latest_only_with_trigger.py took 0.298 seconds
[2025-07-08T09:29:09.736+0000] {processor.py:161} INFO - Started process (PID=3100) to work on /home/airflow/.local/lib/python3.8/site-packages/airflow/example_dags/example_latest_only_with_trigger.py
[2025-07-08T09:29:09.737+0000] {processor.py:830} INFO - Processing file /home/airflow/.local/lib/python3.8/site-packages/airflow/example_dags/example_latest_only_with_trigger.py for tasks to queue
[2025-07-08T09:29:09.741+0000] {logging_mixin.py:188} INFO - [2025-07-08T09:29:09.740+0000] {dagbag.py:538} INFO - Filling up the DagBag from /home/airflow/.local/lib/python3.8/site-packages/airflow/example_dags/example_latest_only_with_trigger.py
[2025-07-08T09:29:09.751+0000] {processor.py:840} INFO - DAG(s) 'latest_only_with_trigger' retrieved from /home/airflow/.local/lib/python3.8/site-packages/airflow/example_dags/example_latest_only_with_trigger.py
[2025-07-08T09:29:09.817+0000] {logging_mixin.py:188} INFO - [2025-07-08T09:29:09.816+0000] {dag.py:3036} INFO - Sync 1 DAGs
[2025-07-08T09:29:09.915+0000] {logging_mixin.py:188} INFO - [2025-07-08T09:29:09.914+0000] {dag.py:3823} INFO - Setting next_dagrun for latest_only_with_trigger to 2025-07-08 04:00:00+00:00, run_after=2025-07-08 08:00:00+00:00
[2025-07-08T09:29:09.978+0000] {processor.py:183} INFO - Processing /home/airflow/.local/lib/python3.8/site-packages/airflow/example_dags/example_latest_only_with_trigger.py took 0.249 seconds
[2025-07-08T09:29:40.229+0000] {processor.py:161} INFO - Started process (PID=3166) to work on /home/airflow/.local/lib/python3.8/site-packages/airflow/example_dags/example_latest_only_with_trigger.py
[2025-07-08T09:29:40.244+0000] {processor.py:830} INFO - Processing file /home/airflow/.local/lib/python3.8/site-packages/airflow/example_dags/example_latest_only_with_trigger.py for tasks to queue
[2025-07-08T09:29:40.248+0000] {logging_mixin.py:188} INFO - [2025-07-08T09:29:40.247+0000] {dagbag.py:538} INFO - Filling up the DagBag from /home/airflow/.local/lib/python3.8/site-packages/airflow/example_dags/example_latest_only_with_trigger.py
[2025-07-08T09:29:40.275+0000] {processor.py:840} INFO - DAG(s) 'latest_only_with_trigger' retrieved from /home/airflow/.local/lib/python3.8/site-packages/airflow/example_dags/example_latest_only_with_trigger.py
[2025-07-08T09:29:40.393+0000] {logging_mixin.py:188} INFO - [2025-07-08T09:29:40.393+0000] {dag.py:3036} INFO - Sync 1 DAGs
[2025-07-08T09:29:40.553+0000] {logging_mixin.py:188} INFO - [2025-07-08T09:29:40.553+0000] {dag.py:3823} INFO - Setting next_dagrun for latest_only_with_trigger to 2025-07-08 04:00:00+00:00, run_after=2025-07-08 08:00:00+00:00
[2025-07-08T09:29:40.621+0000] {processor.py:183} INFO - Processing /home/airflow/.local/lib/python3.8/site-packages/airflow/example_dags/example_latest_only_with_trigger.py took 0.439 seconds
[2025-07-08T09:30:11.161+0000] {processor.py:161} INFO - Started process (PID=3231) to work on /home/airflow/.local/lib/python3.8/site-packages/airflow/example_dags/example_latest_only_with_trigger.py
[2025-07-08T09:30:11.162+0000] {processor.py:830} INFO - Processing file /home/airflow/.local/lib/python3.8/site-packages/airflow/example_dags/example_latest_only_with_trigger.py for tasks to queue
[2025-07-08T09:30:11.174+0000] {logging_mixin.py:188} INFO - [2025-07-08T09:30:11.173+0000] {dagbag.py:538} INFO - Filling up the DagBag from /home/airflow/.local/lib/python3.8/site-packages/airflow/example_dags/example_latest_only_with_trigger.py
[2025-07-08T09:30:11.198+0000] {processor.py:840} INFO - DAG(s) 'latest_only_with_trigger' retrieved from /home/airflow/.local/lib/python3.8/site-packages/airflow/example_dags/example_latest_only_with_trigger.py
[2025-07-08T09:30:11.267+0000] {logging_mixin.py:188} INFO - [2025-07-08T09:30:11.266+0000] {dag.py:3036} INFO - Sync 1 DAGs
[2025-07-08T09:30:11.369+0000] {logging_mixin.py:188} INFO - [2025-07-08T09:30:11.368+0000] {dag.py:3823} INFO - Setting next_dagrun for latest_only_with_trigger to 2025-07-08 04:00:00+00:00, run_after=2025-07-08 08:00:00+00:00
[2025-07-08T09:30:11.457+0000] {processor.py:183} INFO - Processing /home/airflow/.local/lib/python3.8/site-packages/airflow/example_dags/example_latest_only_with_trigger.py took 0.316 seconds
[2025-07-08T09:30:41.755+0000] {processor.py:161} INFO - Started process (PID=3298) to work on /home/airflow/.local/lib/python3.8/site-packages/airflow/example_dags/example_latest_only_with_trigger.py
[2025-07-08T09:30:41.757+0000] {processor.py:830} INFO - Processing file /home/airflow/.local/lib/python3.8/site-packages/airflow/example_dags/example_latest_only_with_trigger.py for tasks to queue
[2025-07-08T09:30:41.761+0000] {logging_mixin.py:188} INFO - [2025-07-08T09:30:41.760+0000] {dagbag.py:538} INFO - Filling up the DagBag from /home/airflow/.local/lib/python3.8/site-packages/airflow/example_dags/example_latest_only_with_trigger.py
[2025-07-08T09:30:41.780+0000] {processor.py:840} INFO - DAG(s) 'latest_only_with_trigger' retrieved from /home/airflow/.local/lib/python3.8/site-packages/airflow/example_dags/example_latest_only_with_trigger.py
[2025-07-08T09:30:41.921+0000] {logging_mixin.py:188} INFO - [2025-07-08T09:30:41.921+0000] {dag.py:3036} INFO - Sync 1 DAGs
[2025-07-08T09:30:42.024+0000] {logging_mixin.py:188} INFO - [2025-07-08T09:30:42.024+0000] {dag.py:3823} INFO - Setting next_dagrun for latest_only_with_trigger to 2025-07-08 04:00:00+00:00, run_after=2025-07-08 08:00:00+00:00
[2025-07-08T09:30:42.079+0000] {processor.py:183} INFO - Processing /home/airflow/.local/lib/python3.8/site-packages/airflow/example_dags/example_latest_only_with_trigger.py took 0.339 seconds
[2025-07-08T09:31:12.630+0000] {processor.py:161} INFO - Started process (PID=3364) to work on /home/airflow/.local/lib/python3.8/site-packages/airflow/example_dags/example_latest_only_with_trigger.py
[2025-07-08T09:31:12.632+0000] {processor.py:830} INFO - Processing file /home/airflow/.local/lib/python3.8/site-packages/airflow/example_dags/example_latest_only_with_trigger.py for tasks to queue
[2025-07-08T09:31:12.635+0000] {logging_mixin.py:188} INFO - [2025-07-08T09:31:12.634+0000] {dagbag.py:538} INFO - Filling up the DagBag from /home/airflow/.local/lib/python3.8/site-packages/airflow/example_dags/example_latest_only_with_trigger.py
[2025-07-08T09:31:12.659+0000] {processor.py:840} INFO - DAG(s) 'latest_only_with_trigger' retrieved from /home/airflow/.local/lib/python3.8/site-packages/airflow/example_dags/example_latest_only_with_trigger.py
[2025-07-08T09:31:12.739+0000] {logging_mixin.py:188} INFO - [2025-07-08T09:31:12.738+0000] {dag.py:3036} INFO - Sync 1 DAGs
[2025-07-08T09:31:12.822+0000] {logging_mixin.py:188} INFO - [2025-07-08T09:31:12.822+0000] {dag.py:3823} INFO - Setting next_dagrun for latest_only_with_trigger to 2025-07-08 04:00:00+00:00, run_after=2025-07-08 08:00:00+00:00
[2025-07-08T09:31:12.914+0000] {processor.py:183} INFO - Processing /home/airflow/.local/lib/python3.8/site-packages/airflow/example_dags/example_latest_only_with_trigger.py took 0.304 seconds
[2025-07-08T09:31:43.255+0000] {processor.py:161} INFO - Started process (PID=3430) to work on /home/airflow/.local/lib/python3.8/site-packages/airflow/example_dags/example_latest_only_with_trigger.py
[2025-07-08T09:31:43.266+0000] {processor.py:830} INFO - Processing file /home/airflow/.local/lib/python3.8/site-packages/airflow/example_dags/example_latest_only_with_trigger.py for tasks to queue
[2025-07-08T09:31:43.269+0000] {logging_mixin.py:188} INFO - [2025-07-08T09:31:43.268+0000] {dagbag.py:538} INFO - Filling up the DagBag from /home/airflow/.local/lib/python3.8/site-packages/airflow/example_dags/example_latest_only_with_trigger.py
[2025-07-08T09:31:43.288+0000] {processor.py:840} INFO - DAG(s) 'latest_only_with_trigger' retrieved from /home/airflow/.local/lib/python3.8/site-packages/airflow/example_dags/example_latest_only_with_trigger.py
[2025-07-08T09:31:43.376+0000] {logging_mixin.py:188} INFO - [2025-07-08T09:31:43.373+0000] {dag.py:3036} INFO - Sync 1 DAGs
[2025-07-08T09:31:43.440+0000] {logging_mixin.py:188} INFO - [2025-07-08T09:31:43.439+0000] {dag.py:3823} INFO - Setting next_dagrun for latest_only_with_trigger to 2025-07-08 04:00:00+00:00, run_after=2025-07-08 08:00:00+00:00
[2025-07-08T09:31:43.506+0000] {processor.py:183} INFO - Processing /home/airflow/.local/lib/python3.8/site-packages/airflow/example_dags/example_latest_only_with_trigger.py took 0.260 seconds
[2025-07-08T09:32:13.852+0000] {processor.py:161} INFO - Started process (PID=3496) to work on /home/airflow/.local/lib/python3.8/site-packages/airflow/example_dags/example_latest_only_with_trigger.py
[2025-07-08T09:32:13.853+0000] {processor.py:830} INFO - Processing file /home/airflow/.local/lib/python3.8/site-packages/airflow/example_dags/example_latest_only_with_trigger.py for tasks to queue
[2025-07-08T09:32:13.857+0000] {logging_mixin.py:188} INFO - [2025-07-08T09:32:13.856+0000] {dagbag.py:538} INFO - Filling up the DagBag from /home/airflow/.local/lib/python3.8/site-packages/airflow/example_dags/example_latest_only_with_trigger.py
[2025-07-08T09:32:13.867+0000] {processor.py:840} INFO - DAG(s) 'latest_only_with_trigger' retrieved from /home/airflow/.local/lib/python3.8/site-packages/airflow/example_dags/example_latest_only_with_trigger.py
[2025-07-08T09:32:13.907+0000] {logging_mixin.py:188} INFO - [2025-07-08T09:32:13.907+0000] {dag.py:3036} INFO - Sync 1 DAGs
[2025-07-08T09:32:13.957+0000] {logging_mixin.py:188} INFO - [2025-07-08T09:32:13.957+0000] {dag.py:3823} INFO - Setting next_dagrun for latest_only_with_trigger to 2025-07-08 04:00:00+00:00, run_after=2025-07-08 08:00:00+00:00
[2025-07-08T09:32:14.006+0000] {processor.py:183} INFO - Processing /home/airflow/.local/lib/python3.8/site-packages/airflow/example_dags/example_latest_only_with_trigger.py took 0.160 seconds
[2025-07-08T09:32:44.989+0000] {processor.py:161} INFO - Started process (PID=3562) to work on /home/airflow/.local/lib/python3.8/site-packages/airflow/example_dags/example_latest_only_with_trigger.py
[2025-07-08T09:32:45.004+0000] {processor.py:830} INFO - Processing file /home/airflow/.local/lib/python3.8/site-packages/airflow/example_dags/example_latest_only_with_trigger.py for tasks to queue
[2025-07-08T09:32:45.007+0000] {logging_mixin.py:188} INFO - [2025-07-08T09:32:45.007+0000] {dagbag.py:538} INFO - Filling up the DagBag from /home/airflow/.local/lib/python3.8/site-packages/airflow/example_dags/example_latest_only_with_trigger.py
[2025-07-08T09:32:45.023+0000] {processor.py:840} INFO - DAG(s) 'latest_only_with_trigger' retrieved from /home/airflow/.local/lib/python3.8/site-packages/airflow/example_dags/example_latest_only_with_trigger.py
[2025-07-08T09:32:45.080+0000] {logging_mixin.py:188} INFO - [2025-07-08T09:32:45.080+0000] {dag.py:3036} INFO - Sync 1 DAGs
[2025-07-08T09:32:45.170+0000] {logging_mixin.py:188} INFO - [2025-07-08T09:32:45.169+0000] {dag.py:3823} INFO - Setting next_dagrun for latest_only_with_trigger to 2025-07-08 04:00:00+00:00, run_after=2025-07-08 08:00:00+00:00
[2025-07-08T09:32:45.242+0000] {processor.py:183} INFO - Processing /home/airflow/.local/lib/python3.8/site-packages/airflow/example_dags/example_latest_only_with_trigger.py took 0.259 seconds
[2025-07-08T09:33:15.641+0000] {processor.py:161} INFO - Started process (PID=3628) to work on /home/airflow/.local/lib/python3.8/site-packages/airflow/example_dags/example_latest_only_with_trigger.py
[2025-07-08T09:33:15.642+0000] {processor.py:830} INFO - Processing file /home/airflow/.local/lib/python3.8/site-packages/airflow/example_dags/example_latest_only_with_trigger.py for tasks to queue
[2025-07-08T09:33:15.647+0000] {logging_mixin.py:188} INFO - [2025-07-08T09:33:15.647+0000] {dagbag.py:538} INFO - Filling up the DagBag from /home/airflow/.local/lib/python3.8/site-packages/airflow/example_dags/example_latest_only_with_trigger.py
[2025-07-08T09:33:15.664+0000] {processor.py:840} INFO - DAG(s) 'latest_only_with_trigger' retrieved from /home/airflow/.local/lib/python3.8/site-packages/airflow/example_dags/example_latest_only_with_trigger.py
[2025-07-08T09:33:15.741+0000] {logging_mixin.py:188} INFO - [2025-07-08T09:33:15.741+0000] {dag.py:3036} INFO - Sync 1 DAGs
[2025-07-08T09:33:15.818+0000] {logging_mixin.py:188} INFO - [2025-07-08T09:33:15.818+0000] {dag.py:3823} INFO - Setting next_dagrun for latest_only_with_trigger to 2025-07-08 04:00:00+00:00, run_after=2025-07-08 08:00:00+00:00
[2025-07-08T09:33:15.920+0000] {processor.py:183} INFO - Processing /home/airflow/.local/lib/python3.8/site-packages/airflow/example_dags/example_latest_only_with_trigger.py took 0.298 seconds
[2025-07-08T09:33:47.017+0000] {processor.py:161} INFO - Started process (PID=3693) to work on /home/airflow/.local/lib/python3.8/site-packages/airflow/example_dags/example_latest_only_with_trigger.py
[2025-07-08T09:33:47.020+0000] {processor.py:830} INFO - Processing file /home/airflow/.local/lib/python3.8/site-packages/airflow/example_dags/example_latest_only_with_trigger.py for tasks to queue
[2025-07-08T09:33:47.023+0000] {logging_mixin.py:188} INFO - [2025-07-08T09:33:47.022+0000] {dagbag.py:538} INFO - Filling up the DagBag from /home/airflow/.local/lib/python3.8/site-packages/airflow/example_dags/example_latest_only_with_trigger.py
[2025-07-08T09:33:47.034+0000] {processor.py:840} INFO - DAG(s) 'latest_only_with_trigger' retrieved from /home/airflow/.local/lib/python3.8/site-packages/airflow/example_dags/example_latest_only_with_trigger.py
[2025-07-08T09:33:47.076+0000] {logging_mixin.py:188} INFO - [2025-07-08T09:33:47.075+0000] {dag.py:3036} INFO - Sync 1 DAGs
[2025-07-08T09:33:47.129+0000] {logging_mixin.py:188} INFO - [2025-07-08T09:33:47.129+0000] {dag.py:3823} INFO - Setting next_dagrun for latest_only_with_trigger to 2025-07-08 04:00:00+00:00, run_after=2025-07-08 08:00:00+00:00
[2025-07-08T09:33:47.167+0000] {processor.py:183} INFO - Processing /home/airflow/.local/lib/python3.8/site-packages/airflow/example_dags/example_latest_only_with_trigger.py took 0.156 seconds
[2025-07-08T09:34:18.171+0000] {processor.py:161} INFO - Started process (PID=3759) to work on /home/airflow/.local/lib/python3.8/site-packages/airflow/example_dags/example_latest_only_with_trigger.py
[2025-07-08T09:34:18.217+0000] {processor.py:830} INFO - Processing file /home/airflow/.local/lib/python3.8/site-packages/airflow/example_dags/example_latest_only_with_trigger.py for tasks to queue
[2025-07-08T09:34:18.221+0000] {logging_mixin.py:188} INFO - [2025-07-08T09:34:18.221+0000] {dagbag.py:538} INFO - Filling up the DagBag from /home/airflow/.local/lib/python3.8/site-packages/airflow/example_dags/example_latest_only_with_trigger.py
[2025-07-08T09:34:18.268+0000] {processor.py:840} INFO - DAG(s) 'latest_only_with_trigger' retrieved from /home/airflow/.local/lib/python3.8/site-packages/airflow/example_dags/example_latest_only_with_trigger.py
[2025-07-08T09:34:18.351+0000] {logging_mixin.py:188} INFO - [2025-07-08T09:34:18.351+0000] {dag.py:3036} INFO - Sync 1 DAGs
[2025-07-08T09:34:18.426+0000] {logging_mixin.py:188} INFO - [2025-07-08T09:34:18.425+0000] {dag.py:3823} INFO - Setting next_dagrun for latest_only_with_trigger to 2025-07-08 04:00:00+00:00, run_after=2025-07-08 08:00:00+00:00
[2025-07-08T09:34:18.472+0000] {processor.py:183} INFO - Processing /home/airflow/.local/lib/python3.8/site-packages/airflow/example_dags/example_latest_only_with_trigger.py took 0.318 seconds
[2025-07-08T09:34:50.115+0000] {processor.py:161} INFO - Started process (PID=3825) to work on /home/airflow/.local/lib/python3.8/site-packages/airflow/example_dags/example_latest_only_with_trigger.py
[2025-07-08T09:34:50.140+0000] {processor.py:830} INFO - Processing file /home/airflow/.local/lib/python3.8/site-packages/airflow/example_dags/example_latest_only_with_trigger.py for tasks to queue
[2025-07-08T09:34:50.151+0000] {logging_mixin.py:188} INFO - [2025-07-08T09:34:50.150+0000] {dagbag.py:538} INFO - Filling up the DagBag from /home/airflow/.local/lib/python3.8/site-packages/airflow/example_dags/example_latest_only_with_trigger.py
[2025-07-08T09:34:50.222+0000] {processor.py:840} INFO - DAG(s) 'latest_only_with_trigger' retrieved from /home/airflow/.local/lib/python3.8/site-packages/airflow/example_dags/example_latest_only_with_trigger.py
[2025-07-08T09:34:50.437+0000] {logging_mixin.py:188} INFO - [2025-07-08T09:34:50.437+0000] {dag.py:3036} INFO - Sync 1 DAGs
[2025-07-08T09:34:50.611+0000] {logging_mixin.py:188} INFO - [2025-07-08T09:34:50.610+0000] {dag.py:3823} INFO - Setting next_dagrun for latest_only_with_trigger to 2025-07-08 04:00:00+00:00, run_after=2025-07-08 08:00:00+00:00
[2025-07-08T09:34:50.774+0000] {processor.py:183} INFO - Processing /home/airflow/.local/lib/python3.8/site-packages/airflow/example_dags/example_latest_only_with_trigger.py took 0.669 seconds
[2025-07-08T09:35:21.245+0000] {processor.py:161} INFO - Started process (PID=3891) to work on /home/airflow/.local/lib/python3.8/site-packages/airflow/example_dags/example_latest_only_with_trigger.py
[2025-07-08T09:35:21.265+0000] {processor.py:830} INFO - Processing file /home/airflow/.local/lib/python3.8/site-packages/airflow/example_dags/example_latest_only_with_trigger.py for tasks to queue
[2025-07-08T09:35:21.281+0000] {logging_mixin.py:188} INFO - [2025-07-08T09:35:21.280+0000] {dagbag.py:538} INFO - Filling up the DagBag from /home/airflow/.local/lib/python3.8/site-packages/airflow/example_dags/example_latest_only_with_trigger.py
[2025-07-08T09:35:21.307+0000] {processor.py:840} INFO - DAG(s) 'latest_only_with_trigger' retrieved from /home/airflow/.local/lib/python3.8/site-packages/airflow/example_dags/example_latest_only_with_trigger.py
[2025-07-08T09:35:21.445+0000] {logging_mixin.py:188} INFO - [2025-07-08T09:35:21.445+0000] {dag.py:3036} INFO - Sync 1 DAGs
[2025-07-08T09:35:21.558+0000] {logging_mixin.py:188} INFO - [2025-07-08T09:35:21.558+0000] {dag.py:3823} INFO - Setting next_dagrun for latest_only_with_trigger to 2025-07-08 04:00:00+00:00, run_after=2025-07-08 08:00:00+00:00
[2025-07-08T09:35:21.673+0000] {processor.py:183} INFO - Processing /home/airflow/.local/lib/python3.8/site-packages/airflow/example_dags/example_latest_only_with_trigger.py took 0.451 seconds
[2025-07-08T09:35:52.291+0000] {processor.py:161} INFO - Started process (PID=3950) to work on /home/airflow/.local/lib/python3.8/site-packages/airflow/example_dags/example_latest_only_with_trigger.py
[2025-07-08T09:35:52.293+0000] {processor.py:830} INFO - Processing file /home/airflow/.local/lib/python3.8/site-packages/airflow/example_dags/example_latest_only_with_trigger.py for tasks to queue
[2025-07-08T09:35:52.296+0000] {logging_mixin.py:188} INFO - [2025-07-08T09:35:52.295+0000] {dagbag.py:538} INFO - Filling up the DagBag from /home/airflow/.local/lib/python3.8/site-packages/airflow/example_dags/example_latest_only_with_trigger.py
[2025-07-08T09:35:52.308+0000] {processor.py:840} INFO - DAG(s) 'latest_only_with_trigger' retrieved from /home/airflow/.local/lib/python3.8/site-packages/airflow/example_dags/example_latest_only_with_trigger.py
[2025-07-08T09:35:52.351+0000] {logging_mixin.py:188} INFO - [2025-07-08T09:35:52.350+0000] {dag.py:3036} INFO - Sync 1 DAGs
[2025-07-08T09:35:52.398+0000] {logging_mixin.py:188} INFO - [2025-07-08T09:35:52.398+0000] {dag.py:3823} INFO - Setting next_dagrun for latest_only_with_trigger to 2025-07-08 04:00:00+00:00, run_after=2025-07-08 08:00:00+00:00
[2025-07-08T09:35:52.431+0000] {processor.py:183} INFO - Processing /home/airflow/.local/lib/python3.8/site-packages/airflow/example_dags/example_latest_only_with_trigger.py took 0.147 seconds
[2025-07-08T09:36:22.673+0000] {processor.py:161} INFO - Started process (PID=4016) to work on /home/airflow/.local/lib/python3.8/site-packages/airflow/example_dags/example_latest_only_with_trigger.py
[2025-07-08T09:36:22.675+0000] {processor.py:830} INFO - Processing file /home/airflow/.local/lib/python3.8/site-packages/airflow/example_dags/example_latest_only_with_trigger.py for tasks to queue
[2025-07-08T09:36:22.679+0000] {logging_mixin.py:188} INFO - [2025-07-08T09:36:22.678+0000] {dagbag.py:538} INFO - Filling up the DagBag from /home/airflow/.local/lib/python3.8/site-packages/airflow/example_dags/example_latest_only_with_trigger.py
[2025-07-08T09:36:22.690+0000] {processor.py:840} INFO - DAG(s) 'latest_only_with_trigger' retrieved from /home/airflow/.local/lib/python3.8/site-packages/airflow/example_dags/example_latest_only_with_trigger.py
[2025-07-08T09:36:22.733+0000] {logging_mixin.py:188} INFO - [2025-07-08T09:36:22.732+0000] {dag.py:3036} INFO - Sync 1 DAGs
[2025-07-08T09:36:22.780+0000] {logging_mixin.py:188} INFO - [2025-07-08T09:36:22.780+0000] {dag.py:3823} INFO - Setting next_dagrun for latest_only_with_trigger to 2025-07-08 04:00:00+00:00, run_after=2025-07-08 08:00:00+00:00
[2025-07-08T09:36:22.819+0000] {processor.py:183} INFO - Processing /home/airflow/.local/lib/python3.8/site-packages/airflow/example_dags/example_latest_only_with_trigger.py took 0.153 seconds
[2025-07-08T09:36:53.021+0000] {processor.py:161} INFO - Started process (PID=4084) to work on /home/airflow/.local/lib/python3.8/site-packages/airflow/example_dags/example_latest_only_with_trigger.py
[2025-07-08T09:36:53.022+0000] {processor.py:830} INFO - Processing file /home/airflow/.local/lib/python3.8/site-packages/airflow/example_dags/example_latest_only_with_trigger.py for tasks to queue
[2025-07-08T09:36:53.024+0000] {logging_mixin.py:188} INFO - [2025-07-08T09:36:53.024+0000] {dagbag.py:538} INFO - Filling up the DagBag from /home/airflow/.local/lib/python3.8/site-packages/airflow/example_dags/example_latest_only_with_trigger.py
[2025-07-08T09:36:53.033+0000] {processor.py:840} INFO - DAG(s) 'latest_only_with_trigger' retrieved from /home/airflow/.local/lib/python3.8/site-packages/airflow/example_dags/example_latest_only_with_trigger.py
[2025-07-08T09:36:53.066+0000] {logging_mixin.py:188} INFO - [2025-07-08T09:36:53.066+0000] {dag.py:3036} INFO - Sync 1 DAGs
[2025-07-08T09:36:53.102+0000] {logging_mixin.py:188} INFO - [2025-07-08T09:36:53.102+0000] {dag.py:3823} INFO - Setting next_dagrun for latest_only_with_trigger to 2025-07-08 04:00:00+00:00, run_after=2025-07-08 08:00:00+00:00
[2025-07-08T09:36:53.131+0000] {processor.py:183} INFO - Processing /home/airflow/.local/lib/python3.8/site-packages/airflow/example_dags/example_latest_only_with_trigger.py took 0.115 seconds
[2025-07-08T09:37:23.673+0000] {processor.py:161} INFO - Started process (PID=4150) to work on /home/airflow/.local/lib/python3.8/site-packages/airflow/example_dags/example_latest_only_with_trigger.py
[2025-07-08T09:37:23.676+0000] {processor.py:830} INFO - Processing file /home/airflow/.local/lib/python3.8/site-packages/airflow/example_dags/example_latest_only_with_trigger.py for tasks to queue
[2025-07-08T09:37:23.679+0000] {logging_mixin.py:188} INFO - [2025-07-08T09:37:23.678+0000] {dagbag.py:538} INFO - Filling up the DagBag from /home/airflow/.local/lib/python3.8/site-packages/airflow/example_dags/example_latest_only_with_trigger.py
[2025-07-08T09:37:23.693+0000] {processor.py:840} INFO - DAG(s) 'latest_only_with_trigger' retrieved from /home/airflow/.local/lib/python3.8/site-packages/airflow/example_dags/example_latest_only_with_trigger.py
[2025-07-08T09:37:23.761+0000] {logging_mixin.py:188} INFO - [2025-07-08T09:37:23.761+0000] {dag.py:3036} INFO - Sync 1 DAGs
[2025-07-08T09:37:23.816+0000] {logging_mixin.py:188} INFO - [2025-07-08T09:37:23.815+0000] {dag.py:3823} INFO - Setting next_dagrun for latest_only_with_trigger to 2025-07-08 04:00:00+00:00, run_after=2025-07-08 08:00:00+00:00
[2025-07-08T09:37:23.856+0000] {processor.py:183} INFO - Processing /home/airflow/.local/lib/python3.8/site-packages/airflow/example_dags/example_latest_only_with_trigger.py took 0.198 seconds
[2025-07-08T09:37:54.611+0000] {processor.py:161} INFO - Started process (PID=4218) to work on /home/airflow/.local/lib/python3.8/site-packages/airflow/example_dags/example_latest_only_with_trigger.py
[2025-07-08T09:37:54.615+0000] {processor.py:830} INFO - Processing file /home/airflow/.local/lib/python3.8/site-packages/airflow/example_dags/example_latest_only_with_trigger.py for tasks to queue
[2025-07-08T09:37:54.618+0000] {logging_mixin.py:188} INFO - [2025-07-08T09:37:54.618+0000] {dagbag.py:538} INFO - Filling up the DagBag from /home/airflow/.local/lib/python3.8/site-packages/airflow/example_dags/example_latest_only_with_trigger.py
[2025-07-08T09:37:54.640+0000] {processor.py:840} INFO - DAG(s) 'latest_only_with_trigger' retrieved from /home/airflow/.local/lib/python3.8/site-packages/airflow/example_dags/example_latest_only_with_trigger.py
[2025-07-08T09:37:54.742+0000] {logging_mixin.py:188} INFO - [2025-07-08T09:37:54.741+0000] {dag.py:3036} INFO - Sync 1 DAGs
[2025-07-08T09:37:54.818+0000] {logging_mixin.py:188} INFO - [2025-07-08T09:37:54.818+0000] {dag.py:3823} INFO - Setting next_dagrun for latest_only_with_trigger to 2025-07-08 04:00:00+00:00, run_after=2025-07-08 08:00:00+00:00
[2025-07-08T09:37:54.890+0000] {processor.py:183} INFO - Processing /home/airflow/.local/lib/python3.8/site-packages/airflow/example_dags/example_latest_only_with_trigger.py took 0.286 seconds
[2025-07-08T09:38:25.375+0000] {processor.py:161} INFO - Started process (PID=4285) to work on /home/airflow/.local/lib/python3.8/site-packages/airflow/example_dags/example_latest_only_with_trigger.py
[2025-07-08T09:38:25.383+0000] {processor.py:830} INFO - Processing file /home/airflow/.local/lib/python3.8/site-packages/airflow/example_dags/example_latest_only_with_trigger.py for tasks to queue
[2025-07-08T09:38:25.386+0000] {logging_mixin.py:188} INFO - [2025-07-08T09:38:25.386+0000] {dagbag.py:538} INFO - Filling up the DagBag from /home/airflow/.local/lib/python3.8/site-packages/airflow/example_dags/example_latest_only_with_trigger.py
[2025-07-08T09:38:25.411+0000] {processor.py:840} INFO - DAG(s) 'latest_only_with_trigger' retrieved from /home/airflow/.local/lib/python3.8/site-packages/airflow/example_dags/example_latest_only_with_trigger.py
[2025-07-08T09:38:25.461+0000] {logging_mixin.py:188} INFO - [2025-07-08T09:38:25.460+0000] {dag.py:3036} INFO - Sync 1 DAGs
[2025-07-08T09:38:25.526+0000] {logging_mixin.py:188} INFO - [2025-07-08T09:38:25.525+0000] {dag.py:3823} INFO - Setting next_dagrun for latest_only_with_trigger to 2025-07-08 04:00:00+00:00, run_after=2025-07-08 08:00:00+00:00
[2025-07-08T09:38:25.571+0000] {processor.py:183} INFO - Processing /home/airflow/.local/lib/python3.8/site-packages/airflow/example_dags/example_latest_only_with_trigger.py took 0.204 seconds
[2025-07-08T09:38:55.748+0000] {processor.py:161} INFO - Started process (PID=4351) to work on /home/airflow/.local/lib/python3.8/site-packages/airflow/example_dags/example_latest_only_with_trigger.py
[2025-07-08T09:38:55.766+0000] {processor.py:830} INFO - Processing file /home/airflow/.local/lib/python3.8/site-packages/airflow/example_dags/example_latest_only_with_trigger.py for tasks to queue
[2025-07-08T09:38:55.769+0000] {logging_mixin.py:188} INFO - [2025-07-08T09:38:55.769+0000] {dagbag.py:538} INFO - Filling up the DagBag from /home/airflow/.local/lib/python3.8/site-packages/airflow/example_dags/example_latest_only_with_trigger.py
[2025-07-08T09:38:55.784+0000] {processor.py:840} INFO - DAG(s) 'latest_only_with_trigger' retrieved from /home/airflow/.local/lib/python3.8/site-packages/airflow/example_dags/example_latest_only_with_trigger.py
[2025-07-08T09:38:55.868+0000] {logging_mixin.py:188} INFO - [2025-07-08T09:38:55.867+0000] {dag.py:3036} INFO - Sync 1 DAGs
[2025-07-08T09:38:55.928+0000] {logging_mixin.py:188} INFO - [2025-07-08T09:38:55.928+0000] {dag.py:3823} INFO - Setting next_dagrun for latest_only_with_trigger to 2025-07-08 04:00:00+00:00, run_after=2025-07-08 08:00:00+00:00
[2025-07-08T09:38:55.964+0000] {processor.py:183} INFO - Processing /home/airflow/.local/lib/python3.8/site-packages/airflow/example_dags/example_latest_only_with_trigger.py took 0.231 seconds
[2025-07-08T09:39:26.478+0000] {processor.py:161} INFO - Started process (PID=4418) to work on /home/airflow/.local/lib/python3.8/site-packages/airflow/example_dags/example_latest_only_with_trigger.py
[2025-07-08T09:39:26.484+0000] {processor.py:830} INFO - Processing file /home/airflow/.local/lib/python3.8/site-packages/airflow/example_dags/example_latest_only_with_trigger.py for tasks to queue
[2025-07-08T09:39:26.487+0000] {logging_mixin.py:188} INFO - [2025-07-08T09:39:26.487+0000] {dagbag.py:538} INFO - Filling up the DagBag from /home/airflow/.local/lib/python3.8/site-packages/airflow/example_dags/example_latest_only_with_trigger.py
[2025-07-08T09:39:26.503+0000] {processor.py:840} INFO - DAG(s) 'latest_only_with_trigger' retrieved from /home/airflow/.local/lib/python3.8/site-packages/airflow/example_dags/example_latest_only_with_trigger.py
[2025-07-08T09:39:26.547+0000] {logging_mixin.py:188} INFO - [2025-07-08T09:39:26.547+0000] {dag.py:3036} INFO - Sync 1 DAGs
[2025-07-08T09:39:26.593+0000] {logging_mixin.py:188} INFO - [2025-07-08T09:39:26.592+0000] {dag.py:3823} INFO - Setting next_dagrun for latest_only_with_trigger to 2025-07-08 04:00:00+00:00, run_after=2025-07-08 08:00:00+00:00
[2025-07-08T09:39:26.626+0000] {processor.py:183} INFO - Processing /home/airflow/.local/lib/python3.8/site-packages/airflow/example_dags/example_latest_only_with_trigger.py took 0.154 seconds
[2025-07-08T09:39:57.055+0000] {processor.py:161} INFO - Started process (PID=4485) to work on /home/airflow/.local/lib/python3.8/site-packages/airflow/example_dags/example_latest_only_with_trigger.py
[2025-07-08T09:39:57.056+0000] {processor.py:830} INFO - Processing file /home/airflow/.local/lib/python3.8/site-packages/airflow/example_dags/example_latest_only_with_trigger.py for tasks to queue
[2025-07-08T09:39:57.060+0000] {logging_mixin.py:188} INFO - [2025-07-08T09:39:57.059+0000] {dagbag.py:538} INFO - Filling up the DagBag from /home/airflow/.local/lib/python3.8/site-packages/airflow/example_dags/example_latest_only_with_trigger.py
[2025-07-08T09:39:57.088+0000] {processor.py:840} INFO - DAG(s) 'latest_only_with_trigger' retrieved from /home/airflow/.local/lib/python3.8/site-packages/airflow/example_dags/example_latest_only_with_trigger.py
[2025-07-08T09:39:57.152+0000] {logging_mixin.py:188} INFO - [2025-07-08T09:39:57.152+0000] {dag.py:3036} INFO - Sync 1 DAGs
[2025-07-08T09:39:57.199+0000] {logging_mixin.py:188} INFO - [2025-07-08T09:39:57.199+0000] {dag.py:3823} INFO - Setting next_dagrun for latest_only_with_trigger to 2025-07-08 04:00:00+00:00, run_after=2025-07-08 08:00:00+00:00
[2025-07-08T09:39:57.234+0000] {processor.py:183} INFO - Processing /home/airflow/.local/lib/python3.8/site-packages/airflow/example_dags/example_latest_only_with_trigger.py took 0.199 seconds
[2025-07-08T09:40:27.968+0000] {processor.py:161} INFO - Started process (PID=4550) to work on /home/airflow/.local/lib/python3.8/site-packages/airflow/example_dags/example_latest_only_with_trigger.py
[2025-07-08T09:40:27.975+0000] {processor.py:830} INFO - Processing file /home/airflow/.local/lib/python3.8/site-packages/airflow/example_dags/example_latest_only_with_trigger.py for tasks to queue
[2025-07-08T09:40:27.978+0000] {logging_mixin.py:188} INFO - [2025-07-08T09:40:27.978+0000] {dagbag.py:538} INFO - Filling up the DagBag from /home/airflow/.local/lib/python3.8/site-packages/airflow/example_dags/example_latest_only_with_trigger.py
[2025-07-08T09:40:28.002+0000] {processor.py:840} INFO - DAG(s) 'latest_only_with_trigger' retrieved from /home/airflow/.local/lib/python3.8/site-packages/airflow/example_dags/example_latest_only_with_trigger.py
[2025-07-08T09:40:28.093+0000] {logging_mixin.py:188} INFO - [2025-07-08T09:40:28.092+0000] {dag.py:3036} INFO - Sync 1 DAGs
[2025-07-08T09:40:28.281+0000] {logging_mixin.py:188} INFO - [2025-07-08T09:40:28.281+0000] {dag.py:3823} INFO - Setting next_dagrun for latest_only_with_trigger to 2025-07-08 04:00:00+00:00, run_after=2025-07-08 08:00:00+00:00
[2025-07-08T09:40:28.373+0000] {processor.py:183} INFO - Processing /home/airflow/.local/lib/python3.8/site-packages/airflow/example_dags/example_latest_only_with_trigger.py took 0.411 seconds
[2025-07-08T09:40:58.848+0000] {processor.py:161} INFO - Started process (PID=4610) to work on /home/airflow/.local/lib/python3.8/site-packages/airflow/example_dags/example_latest_only_with_trigger.py
[2025-07-08T09:40:58.851+0000] {processor.py:830} INFO - Processing file /home/airflow/.local/lib/python3.8/site-packages/airflow/example_dags/example_latest_only_with_trigger.py for tasks to queue
[2025-07-08T09:40:58.854+0000] {logging_mixin.py:188} INFO - [2025-07-08T09:40:58.853+0000] {dagbag.py:538} INFO - Filling up the DagBag from /home/airflow/.local/lib/python3.8/site-packages/airflow/example_dags/example_latest_only_with_trigger.py
[2025-07-08T09:40:58.866+0000] {processor.py:840} INFO - DAG(s) 'latest_only_with_trigger' retrieved from /home/airflow/.local/lib/python3.8/site-packages/airflow/example_dags/example_latest_only_with_trigger.py
[2025-07-08T09:40:58.906+0000] {logging_mixin.py:188} INFO - [2025-07-08T09:40:58.905+0000] {dag.py:3036} INFO - Sync 1 DAGs
[2025-07-08T09:40:58.955+0000] {logging_mixin.py:188} INFO - [2025-07-08T09:40:58.954+0000] {dag.py:3823} INFO - Setting next_dagrun for latest_only_with_trigger to 2025-07-08 04:00:00+00:00, run_after=2025-07-08 08:00:00+00:00
[2025-07-08T09:40:58.990+0000] {processor.py:183} INFO - Processing /home/airflow/.local/lib/python3.8/site-packages/airflow/example_dags/example_latest_only_with_trigger.py took 0.164 seconds
[2025-07-08T09:41:29.297+0000] {processor.py:161} INFO - Started process (PID=4676) to work on /home/airflow/.local/lib/python3.8/site-packages/airflow/example_dags/example_latest_only_with_trigger.py
[2025-07-08T09:41:29.299+0000] {processor.py:830} INFO - Processing file /home/airflow/.local/lib/python3.8/site-packages/airflow/example_dags/example_latest_only_with_trigger.py for tasks to queue
[2025-07-08T09:41:29.302+0000] {logging_mixin.py:188} INFO - [2025-07-08T09:41:29.301+0000] {dagbag.py:538} INFO - Filling up the DagBag from /home/airflow/.local/lib/python3.8/site-packages/airflow/example_dags/example_latest_only_with_trigger.py
[2025-07-08T09:41:29.312+0000] {processor.py:840} INFO - DAG(s) 'latest_only_with_trigger' retrieved from /home/airflow/.local/lib/python3.8/site-packages/airflow/example_dags/example_latest_only_with_trigger.py
[2025-07-08T09:41:29.346+0000] {logging_mixin.py:188} INFO - [2025-07-08T09:41:29.345+0000] {dag.py:3036} INFO - Sync 1 DAGs
[2025-07-08T09:41:29.393+0000] {logging_mixin.py:188} INFO - [2025-07-08T09:41:29.393+0000] {dag.py:3823} INFO - Setting next_dagrun for latest_only_with_trigger to 2025-07-08 04:00:00+00:00, run_after=2025-07-08 08:00:00+00:00
[2025-07-08T09:41:29.425+0000] {processor.py:183} INFO - Processing /home/airflow/.local/lib/python3.8/site-packages/airflow/example_dags/example_latest_only_with_trigger.py took 0.133 seconds
[2025-07-08T09:42:00.229+0000] {processor.py:161} INFO - Started process (PID=4742) to work on /home/airflow/.local/lib/python3.8/site-packages/airflow/example_dags/example_latest_only_with_trigger.py
[2025-07-08T09:42:00.231+0000] {processor.py:830} INFO - Processing file /home/airflow/.local/lib/python3.8/site-packages/airflow/example_dags/example_latest_only_with_trigger.py for tasks to queue
[2025-07-08T09:42:00.254+0000] {logging_mixin.py:188} INFO - [2025-07-08T09:42:00.253+0000] {dagbag.py:538} INFO - Filling up the DagBag from /home/airflow/.local/lib/python3.8/site-packages/airflow/example_dags/example_latest_only_with_trigger.py
[2025-07-08T09:42:00.273+0000] {processor.py:840} INFO - DAG(s) 'latest_only_with_trigger' retrieved from /home/airflow/.local/lib/python3.8/site-packages/airflow/example_dags/example_latest_only_with_trigger.py
[2025-07-08T09:42:00.321+0000] {logging_mixin.py:188} INFO - [2025-07-08T09:42:00.320+0000] {dag.py:3036} INFO - Sync 1 DAGs
[2025-07-08T09:42:00.366+0000] {logging_mixin.py:188} INFO - [2025-07-08T09:42:00.365+0000] {dag.py:3823} INFO - Setting next_dagrun for latest_only_with_trigger to 2025-07-08 04:00:00+00:00, run_after=2025-07-08 08:00:00+00:00
[2025-07-08T09:42:00.401+0000] {processor.py:183} INFO - Processing /home/airflow/.local/lib/python3.8/site-packages/airflow/example_dags/example_latest_only_with_trigger.py took 0.187 seconds
[2025-07-08T09:42:31.100+0000] {processor.py:161} INFO - Started process (PID=4806) to work on /home/airflow/.local/lib/python3.8/site-packages/airflow/example_dags/example_latest_only_with_trigger.py
[2025-07-08T09:42:31.105+0000] {processor.py:830} INFO - Processing file /home/airflow/.local/lib/python3.8/site-packages/airflow/example_dags/example_latest_only_with_trigger.py for tasks to queue
[2025-07-08T09:42:31.108+0000] {logging_mixin.py:188} INFO - [2025-07-08T09:42:31.108+0000] {dagbag.py:538} INFO - Filling up the DagBag from /home/airflow/.local/lib/python3.8/site-packages/airflow/example_dags/example_latest_only_with_trigger.py
[2025-07-08T09:42:31.126+0000] {processor.py:840} INFO - DAG(s) 'latest_only_with_trigger' retrieved from /home/airflow/.local/lib/python3.8/site-packages/airflow/example_dags/example_latest_only_with_trigger.py
[2025-07-08T09:42:31.198+0000] {logging_mixin.py:188} INFO - [2025-07-08T09:42:31.198+0000] {dag.py:3036} INFO - Sync 1 DAGs
[2025-07-08T09:42:31.244+0000] {logging_mixin.py:188} INFO - [2025-07-08T09:42:31.243+0000] {dag.py:3823} INFO - Setting next_dagrun for latest_only_with_trigger to 2025-07-08 04:00:00+00:00, run_after=2025-07-08 08:00:00+00:00
[2025-07-08T09:42:31.279+0000] {processor.py:183} INFO - Processing /home/airflow/.local/lib/python3.8/site-packages/airflow/example_dags/example_latest_only_with_trigger.py took 0.192 seconds
[2025-07-08T09:43:01.643+0000] {processor.py:161} INFO - Started process (PID=4866) to work on /home/airflow/.local/lib/python3.8/site-packages/airflow/example_dags/example_latest_only_with_trigger.py
[2025-07-08T09:43:01.644+0000] {processor.py:830} INFO - Processing file /home/airflow/.local/lib/python3.8/site-packages/airflow/example_dags/example_latest_only_with_trigger.py for tasks to queue
[2025-07-08T09:43:01.647+0000] {logging_mixin.py:188} INFO - [2025-07-08T09:43:01.647+0000] {dagbag.py:538} INFO - Filling up the DagBag from /home/airflow/.local/lib/python3.8/site-packages/airflow/example_dags/example_latest_only_with_trigger.py
[2025-07-08T09:43:01.658+0000] {processor.py:840} INFO - DAG(s) 'latest_only_with_trigger' retrieved from /home/airflow/.local/lib/python3.8/site-packages/airflow/example_dags/example_latest_only_with_trigger.py
[2025-07-08T09:43:01.705+0000] {logging_mixin.py:188} INFO - [2025-07-08T09:43:01.704+0000] {dag.py:3036} INFO - Sync 1 DAGs
[2025-07-08T09:43:01.803+0000] {logging_mixin.py:188} INFO - [2025-07-08T09:43:01.803+0000] {dag.py:3823} INFO - Setting next_dagrun for latest_only_with_trigger to 2025-07-08 04:00:00+00:00, run_after=2025-07-08 08:00:00+00:00
[2025-07-08T09:43:01.839+0000] {processor.py:183} INFO - Processing /home/airflow/.local/lib/python3.8/site-packages/airflow/example_dags/example_latest_only_with_trigger.py took 0.203 seconds
[2025-07-08T09:43:32.092+0000] {processor.py:161} INFO - Started process (PID=4931) to work on /home/airflow/.local/lib/python3.8/site-packages/airflow/example_dags/example_latest_only_with_trigger.py
[2025-07-08T09:43:32.100+0000] {processor.py:830} INFO - Processing file /home/airflow/.local/lib/python3.8/site-packages/airflow/example_dags/example_latest_only_with_trigger.py for tasks to queue
[2025-07-08T09:43:32.104+0000] {logging_mixin.py:188} INFO - [2025-07-08T09:43:32.103+0000] {dagbag.py:538} INFO - Filling up the DagBag from /home/airflow/.local/lib/python3.8/site-packages/airflow/example_dags/example_latest_only_with_trigger.py
[2025-07-08T09:43:32.115+0000] {processor.py:840} INFO - DAG(s) 'latest_only_with_trigger' retrieved from /home/airflow/.local/lib/python3.8/site-packages/airflow/example_dags/example_latest_only_with_trigger.py
[2025-07-08T09:43:32.157+0000] {logging_mixin.py:188} INFO - [2025-07-08T09:43:32.156+0000] {dag.py:3036} INFO - Sync 1 DAGs
[2025-07-08T09:43:32.203+0000] {logging_mixin.py:188} INFO - [2025-07-08T09:43:32.203+0000] {dag.py:3823} INFO - Setting next_dagrun for latest_only_with_trigger to 2025-07-08 04:00:00+00:00, run_after=2025-07-08 08:00:00+00:00
[2025-07-08T09:43:32.239+0000] {processor.py:183} INFO - Processing /home/airflow/.local/lib/python3.8/site-packages/airflow/example_dags/example_latest_only_with_trigger.py took 0.163 seconds
[2025-07-08T09:44:02.867+0000] {processor.py:161} INFO - Started process (PID=4997) to work on /home/airflow/.local/lib/python3.8/site-packages/airflow/example_dags/example_latest_only_with_trigger.py
[2025-07-08T09:44:02.877+0000] {processor.py:830} INFO - Processing file /home/airflow/.local/lib/python3.8/site-packages/airflow/example_dags/example_latest_only_with_trigger.py for tasks to queue
[2025-07-08T09:44:02.880+0000] {logging_mixin.py:188} INFO - [2025-07-08T09:44:02.880+0000] {dagbag.py:538} INFO - Filling up the DagBag from /home/airflow/.local/lib/python3.8/site-packages/airflow/example_dags/example_latest_only_with_trigger.py
[2025-07-08T09:44:02.902+0000] {processor.py:840} INFO - DAG(s) 'latest_only_with_trigger' retrieved from /home/airflow/.local/lib/python3.8/site-packages/airflow/example_dags/example_latest_only_with_trigger.py
[2025-07-08T09:44:02.957+0000] {logging_mixin.py:188} INFO - [2025-07-08T09:44:02.957+0000] {dag.py:3036} INFO - Sync 1 DAGs
[2025-07-08T09:44:03.007+0000] {logging_mixin.py:188} INFO - [2025-07-08T09:44:03.007+0000] {dag.py:3823} INFO - Setting next_dagrun for latest_only_with_trigger to 2025-07-08 04:00:00+00:00, run_after=2025-07-08 08:00:00+00:00
[2025-07-08T09:44:03.064+0000] {processor.py:183} INFO - Processing /home/airflow/.local/lib/python3.8/site-packages/airflow/example_dags/example_latest_only_with_trigger.py took 0.204 seconds
[2025-07-08T09:44:34.601+0000] {processor.py:161} INFO - Started process (PID=5062) to work on /home/airflow/.local/lib/python3.8/site-packages/airflow/example_dags/example_latest_only_with_trigger.py
[2025-07-08T09:44:34.608+0000] {processor.py:830} INFO - Processing file /home/airflow/.local/lib/python3.8/site-packages/airflow/example_dags/example_latest_only_with_trigger.py for tasks to queue
[2025-07-08T09:44:34.611+0000] {logging_mixin.py:188} INFO - [2025-07-08T09:44:34.611+0000] {dagbag.py:538} INFO - Filling up the DagBag from /home/airflow/.local/lib/python3.8/site-packages/airflow/example_dags/example_latest_only_with_trigger.py
[2025-07-08T09:44:34.622+0000] {processor.py:840} INFO - DAG(s) 'latest_only_with_trigger' retrieved from /home/airflow/.local/lib/python3.8/site-packages/airflow/example_dags/example_latest_only_with_trigger.py
[2025-07-08T09:44:34.665+0000] {logging_mixin.py:188} INFO - [2025-07-08T09:44:34.665+0000] {dag.py:3036} INFO - Sync 1 DAGs
[2025-07-08T09:44:34.712+0000] {logging_mixin.py:188} INFO - [2025-07-08T09:44:34.711+0000] {dag.py:3823} INFO - Setting next_dagrun for latest_only_with_trigger to 2025-07-08 04:00:00+00:00, run_after=2025-07-08 08:00:00+00:00
[2025-07-08T09:44:34.762+0000] {processor.py:183} INFO - Processing /home/airflow/.local/lib/python3.8/site-packages/airflow/example_dags/example_latest_only_with_trigger.py took 0.184 seconds
[2025-07-08T09:45:06.799+0000] {processor.py:161} INFO - Started process (PID=5128) to work on /home/airflow/.local/lib/python3.8/site-packages/airflow/example_dags/example_latest_only_with_trigger.py
[2025-07-08T09:45:06.800+0000] {processor.py:830} INFO - Processing file /home/airflow/.local/lib/python3.8/site-packages/airflow/example_dags/example_latest_only_with_trigger.py for tasks to queue
[2025-07-08T09:45:06.803+0000] {logging_mixin.py:188} INFO - [2025-07-08T09:45:06.803+0000] {dagbag.py:538} INFO - Filling up the DagBag from /home/airflow/.local/lib/python3.8/site-packages/airflow/example_dags/example_latest_only_with_trigger.py
[2025-07-08T09:45:06.814+0000] {processor.py:840} INFO - DAG(s) 'latest_only_with_trigger' retrieved from /home/airflow/.local/lib/python3.8/site-packages/airflow/example_dags/example_latest_only_with_trigger.py
[2025-07-08T09:45:06.869+0000] {logging_mixin.py:188} INFO - [2025-07-08T09:45:06.869+0000] {dag.py:3036} INFO - Sync 1 DAGs
[2025-07-08T09:45:06.943+0000] {logging_mixin.py:188} INFO - [2025-07-08T09:45:06.942+0000] {dag.py:3823} INFO - Setting next_dagrun for latest_only_with_trigger to 2025-07-08 04:00:00+00:00, run_after=2025-07-08 08:00:00+00:00
[2025-07-08T09:45:07.005+0000] {processor.py:183} INFO - Processing /home/airflow/.local/lib/python3.8/site-packages/airflow/example_dags/example_latest_only_with_trigger.py took 0.212 seconds
[2025-07-08T09:45:37.961+0000] {processor.py:161} INFO - Started process (PID=5194) to work on /home/airflow/.local/lib/python3.8/site-packages/airflow/example_dags/example_latest_only_with_trigger.py
[2025-07-08T09:45:37.964+0000] {processor.py:830} INFO - Processing file /home/airflow/.local/lib/python3.8/site-packages/airflow/example_dags/example_latest_only_with_trigger.py for tasks to queue
[2025-07-08T09:45:37.967+0000] {logging_mixin.py:188} INFO - [2025-07-08T09:45:37.966+0000] {dagbag.py:538} INFO - Filling up the DagBag from /home/airflow/.local/lib/python3.8/site-packages/airflow/example_dags/example_latest_only_with_trigger.py
[2025-07-08T09:45:37.987+0000] {processor.py:840} INFO - DAG(s) 'latest_only_with_trigger' retrieved from /home/airflow/.local/lib/python3.8/site-packages/airflow/example_dags/example_latest_only_with_trigger.py
[2025-07-08T09:45:38.029+0000] {logging_mixin.py:188} INFO - [2025-07-08T09:45:38.028+0000] {dag.py:3036} INFO - Sync 1 DAGs
[2025-07-08T09:45:38.068+0000] {logging_mixin.py:188} INFO - [2025-07-08T09:45:38.068+0000] {dag.py:3823} INFO - Setting next_dagrun for latest_only_with_trigger to 2025-07-08 04:00:00+00:00, run_after=2025-07-08 08:00:00+00:00
[2025-07-08T09:45:38.129+0000] {processor.py:183} INFO - Processing /home/airflow/.local/lib/python3.8/site-packages/airflow/example_dags/example_latest_only_with_trigger.py took 0.195 seconds
[2025-07-08T09:46:08.211+0000] {processor.py:161} INFO - Started process (PID=5252) to work on /home/airflow/.local/lib/python3.8/site-packages/airflow/example_dags/example_latest_only_with_trigger.py
[2025-07-08T09:46:08.212+0000] {processor.py:830} INFO - Processing file /home/airflow/.local/lib/python3.8/site-packages/airflow/example_dags/example_latest_only_with_trigger.py for tasks to queue
[2025-07-08T09:46:08.215+0000] {logging_mixin.py:188} INFO - [2025-07-08T09:46:08.215+0000] {dagbag.py:538} INFO - Filling up the DagBag from /home/airflow/.local/lib/python3.8/site-packages/airflow/example_dags/example_latest_only_with_trigger.py
[2025-07-08T09:46:08.224+0000] {processor.py:840} INFO - DAG(s) 'latest_only_with_trigger' retrieved from /home/airflow/.local/lib/python3.8/site-packages/airflow/example_dags/example_latest_only_with_trigger.py
[2025-07-08T09:46:08.265+0000] {logging_mixin.py:188} INFO - [2025-07-08T09:46:08.264+0000] {dag.py:3036} INFO - Sync 1 DAGs
[2025-07-08T09:46:08.331+0000] {logging_mixin.py:188} INFO - [2025-07-08T09:46:08.331+0000] {dag.py:3823} INFO - Setting next_dagrun for latest_only_with_trigger to 2025-07-08 04:00:00+00:00, run_after=2025-07-08 08:00:00+00:00
[2025-07-08T09:46:08.404+0000] {processor.py:183} INFO - Processing /home/airflow/.local/lib/python3.8/site-packages/airflow/example_dags/example_latest_only_with_trigger.py took 0.199 seconds
[2025-07-08T09:46:38.910+0000] {processor.py:161} INFO - Started process (PID=5319) to work on /home/airflow/.local/lib/python3.8/site-packages/airflow/example_dags/example_latest_only_with_trigger.py
[2025-07-08T09:46:38.912+0000] {processor.py:830} INFO - Processing file /home/airflow/.local/lib/python3.8/site-packages/airflow/example_dags/example_latest_only_with_trigger.py for tasks to queue
[2025-07-08T09:46:38.916+0000] {logging_mixin.py:188} INFO - [2025-07-08T09:46:38.915+0000] {dagbag.py:538} INFO - Filling up the DagBag from /home/airflow/.local/lib/python3.8/site-packages/airflow/example_dags/example_latest_only_with_trigger.py
[2025-07-08T09:46:38.929+0000] {processor.py:840} INFO - DAG(s) 'latest_only_with_trigger' retrieved from /home/airflow/.local/lib/python3.8/site-packages/airflow/example_dags/example_latest_only_with_trigger.py
[2025-07-08T09:46:38.977+0000] {logging_mixin.py:188} INFO - [2025-07-08T09:46:38.977+0000] {dag.py:3036} INFO - Sync 1 DAGs
[2025-07-08T09:46:39.035+0000] {logging_mixin.py:188} INFO - [2025-07-08T09:46:39.034+0000] {dag.py:3823} INFO - Setting next_dagrun for latest_only_with_trigger to 2025-07-08 04:00:00+00:00, run_after=2025-07-08 08:00:00+00:00
[2025-07-08T09:46:39.083+0000] {processor.py:183} INFO - Processing /home/airflow/.local/lib/python3.8/site-packages/airflow/example_dags/example_latest_only_with_trigger.py took 0.181 seconds
[2025-07-08T09:47:09.631+0000] {processor.py:161} INFO - Started process (PID=5383) to work on /home/airflow/.local/lib/python3.8/site-packages/airflow/example_dags/example_latest_only_with_trigger.py
[2025-07-08T09:47:09.632+0000] {processor.py:830} INFO - Processing file /home/airflow/.local/lib/python3.8/site-packages/airflow/example_dags/example_latest_only_with_trigger.py for tasks to queue
[2025-07-08T09:47:09.635+0000] {logging_mixin.py:188} INFO - [2025-07-08T09:47:09.635+0000] {dagbag.py:538} INFO - Filling up the DagBag from /home/airflow/.local/lib/python3.8/site-packages/airflow/example_dags/example_latest_only_with_trigger.py
[2025-07-08T09:47:09.646+0000] {processor.py:840} INFO - DAG(s) 'latest_only_with_trigger' retrieved from /home/airflow/.local/lib/python3.8/site-packages/airflow/example_dags/example_latest_only_with_trigger.py
[2025-07-08T09:47:09.685+0000] {logging_mixin.py:188} INFO - [2025-07-08T09:47:09.684+0000] {dag.py:3036} INFO - Sync 1 DAGs
[2025-07-08T09:47:09.731+0000] {logging_mixin.py:188} INFO - [2025-07-08T09:47:09.730+0000] {dag.py:3823} INFO - Setting next_dagrun for latest_only_with_trigger to 2025-07-08 04:00:00+00:00, run_after=2025-07-08 08:00:00+00:00
[2025-07-08T09:47:09.763+0000] {processor.py:183} INFO - Processing /home/airflow/.local/lib/python3.8/site-packages/airflow/example_dags/example_latest_only_with_trigger.py took 0.139 seconds
[2025-07-08T09:47:40.005+0000] {processor.py:161} INFO - Started process (PID=5448) to work on /home/airflow/.local/lib/python3.8/site-packages/airflow/example_dags/example_latest_only_with_trigger.py
[2025-07-08T09:47:40.007+0000] {processor.py:830} INFO - Processing file /home/airflow/.local/lib/python3.8/site-packages/airflow/example_dags/example_latest_only_with_trigger.py for tasks to queue
[2025-07-08T09:47:40.010+0000] {logging_mixin.py:188} INFO - [2025-07-08T09:47:40.010+0000] {dagbag.py:538} INFO - Filling up the DagBag from /home/airflow/.local/lib/python3.8/site-packages/airflow/example_dags/example_latest_only_with_trigger.py
[2025-07-08T09:47:40.021+0000] {processor.py:840} INFO - DAG(s) 'latest_only_with_trigger' retrieved from /home/airflow/.local/lib/python3.8/site-packages/airflow/example_dags/example_latest_only_with_trigger.py
[2025-07-08T09:47:40.061+0000] {logging_mixin.py:188} INFO - [2025-07-08T09:47:40.061+0000] {dag.py:3036} INFO - Sync 1 DAGs
[2025-07-08T09:47:40.115+0000] {logging_mixin.py:188} INFO - [2025-07-08T09:47:40.115+0000] {dag.py:3823} INFO - Setting next_dagrun for latest_only_with_trigger to 2025-07-08 04:00:00+00:00, run_after=2025-07-08 08:00:00+00:00
[2025-07-08T09:47:40.154+0000] {processor.py:183} INFO - Processing /home/airflow/.local/lib/python3.8/site-packages/airflow/example_dags/example_latest_only_with_trigger.py took 0.156 seconds
[2025-07-08T09:48:10.597+0000] {processor.py:161} INFO - Started process (PID=5514) to work on /home/airflow/.local/lib/python3.8/site-packages/airflow/example_dags/example_latest_only_with_trigger.py
[2025-07-08T09:48:10.606+0000] {processor.py:830} INFO - Processing file /home/airflow/.local/lib/python3.8/site-packages/airflow/example_dags/example_latest_only_with_trigger.py for tasks to queue
[2025-07-08T09:48:10.609+0000] {logging_mixin.py:188} INFO - [2025-07-08T09:48:10.608+0000] {dagbag.py:538} INFO - Filling up the DagBag from /home/airflow/.local/lib/python3.8/site-packages/airflow/example_dags/example_latest_only_with_trigger.py
[2025-07-08T09:48:10.621+0000] {processor.py:840} INFO - DAG(s) 'latest_only_with_trigger' retrieved from /home/airflow/.local/lib/python3.8/site-packages/airflow/example_dags/example_latest_only_with_trigger.py
[2025-07-08T09:48:10.663+0000] {logging_mixin.py:188} INFO - [2025-07-08T09:48:10.663+0000] {dag.py:3036} INFO - Sync 1 DAGs
[2025-07-08T09:48:10.710+0000] {logging_mixin.py:188} INFO - [2025-07-08T09:48:10.709+0000] {dag.py:3823} INFO - Setting next_dagrun for latest_only_with_trigger to 2025-07-08 04:00:00+00:00, run_after=2025-07-08 08:00:00+00:00
[2025-07-08T09:48:10.745+0000] {processor.py:183} INFO - Processing /home/airflow/.local/lib/python3.8/site-packages/airflow/example_dags/example_latest_only_with_trigger.py took 0.154 seconds
[2025-07-08T09:48:41.262+0000] {processor.py:161} INFO - Started process (PID=5580) to work on /home/airflow/.local/lib/python3.8/site-packages/airflow/example_dags/example_latest_only_with_trigger.py
[2025-07-08T09:48:41.284+0000] {processor.py:830} INFO - Processing file /home/airflow/.local/lib/python3.8/site-packages/airflow/example_dags/example_latest_only_with_trigger.py for tasks to queue
[2025-07-08T09:48:41.304+0000] {logging_mixin.py:188} INFO - [2025-07-08T09:48:41.287+0000] {dagbag.py:538} INFO - Filling up the DagBag from /home/airflow/.local/lib/python3.8/site-packages/airflow/example_dags/example_latest_only_with_trigger.py
[2025-07-08T09:48:41.348+0000] {processor.py:840} INFO - DAG(s) 'latest_only_with_trigger' retrieved from /home/airflow/.local/lib/python3.8/site-packages/airflow/example_dags/example_latest_only_with_trigger.py
[2025-07-08T09:48:41.505+0000] {logging_mixin.py:188} INFO - [2025-07-08T09:48:41.505+0000] {dag.py:3036} INFO - Sync 1 DAGs
[2025-07-08T09:48:41.577+0000] {logging_mixin.py:188} INFO - [2025-07-08T09:48:41.577+0000] {dag.py:3823} INFO - Setting next_dagrun for latest_only_with_trigger to 2025-07-08 04:00:00+00:00, run_after=2025-07-08 08:00:00+00:00
[2025-07-08T09:48:41.628+0000] {processor.py:183} INFO - Processing /home/airflow/.local/lib/python3.8/site-packages/airflow/example_dags/example_latest_only_with_trigger.py took 0.402 seconds
[2025-07-08T09:49:12.162+0000] {processor.py:161} INFO - Started process (PID=5644) to work on /home/airflow/.local/lib/python3.8/site-packages/airflow/example_dags/example_latest_only_with_trigger.py
[2025-07-08T09:49:12.163+0000] {processor.py:830} INFO - Processing file /home/airflow/.local/lib/python3.8/site-packages/airflow/example_dags/example_latest_only_with_trigger.py for tasks to queue
[2025-07-08T09:49:12.200+0000] {logging_mixin.py:188} INFO - [2025-07-08T09:49:12.179+0000] {dagbag.py:538} INFO - Filling up the DagBag from /home/airflow/.local/lib/python3.8/site-packages/airflow/example_dags/example_latest_only_with_trigger.py
[2025-07-08T09:49:12.231+0000] {processor.py:840} INFO - DAG(s) 'latest_only_with_trigger' retrieved from /home/airflow/.local/lib/python3.8/site-packages/airflow/example_dags/example_latest_only_with_trigger.py
[2025-07-08T09:49:12.315+0000] {logging_mixin.py:188} INFO - [2025-07-08T09:49:12.315+0000] {dag.py:3036} INFO - Sync 1 DAGs
[2025-07-08T09:49:12.452+0000] {logging_mixin.py:188} INFO - [2025-07-08T09:49:12.451+0000] {dag.py:3823} INFO - Setting next_dagrun for latest_only_with_trigger to 2025-07-08 04:00:00+00:00, run_after=2025-07-08 08:00:00+00:00
[2025-07-08T09:49:12.512+0000] {processor.py:183} INFO - Processing /home/airflow/.local/lib/python3.8/site-packages/airflow/example_dags/example_latest_only_with_trigger.py took 0.382 seconds
[2025-07-08T09:49:42.961+0000] {processor.py:161} INFO - Started process (PID=5703) to work on /home/airflow/.local/lib/python3.8/site-packages/airflow/example_dags/example_latest_only_with_trigger.py
[2025-07-08T09:49:42.972+0000] {processor.py:830} INFO - Processing file /home/airflow/.local/lib/python3.8/site-packages/airflow/example_dags/example_latest_only_with_trigger.py for tasks to queue
[2025-07-08T09:49:42.976+0000] {logging_mixin.py:188} INFO - [2025-07-08T09:49:42.975+0000] {dagbag.py:538} INFO - Filling up the DagBag from /home/airflow/.local/lib/python3.8/site-packages/airflow/example_dags/example_latest_only_with_trigger.py
[2025-07-08T09:49:42.996+0000] {processor.py:840} INFO - DAG(s) 'latest_only_with_trigger' retrieved from /home/airflow/.local/lib/python3.8/site-packages/airflow/example_dags/example_latest_only_with_trigger.py
[2025-07-08T09:49:43.141+0000] {logging_mixin.py:188} INFO - [2025-07-08T09:49:43.140+0000] {dag.py:3036} INFO - Sync 1 DAGs
[2025-07-08T09:49:43.313+0000] {logging_mixin.py:188} INFO - [2025-07-08T09:49:43.312+0000] {dag.py:3823} INFO - Setting next_dagrun for latest_only_with_trigger to 2025-07-08 04:00:00+00:00, run_after=2025-07-08 08:00:00+00:00
[2025-07-08T09:49:43.426+0000] {processor.py:183} INFO - Processing /home/airflow/.local/lib/python3.8/site-packages/airflow/example_dags/example_latest_only_with_trigger.py took 0.491 seconds
[2025-07-08T09:50:13.948+0000] {processor.py:161} INFO - Started process (PID=5769) to work on /home/airflow/.local/lib/python3.8/site-packages/airflow/example_dags/example_latest_only_with_trigger.py
[2025-07-08T09:50:13.949+0000] {processor.py:830} INFO - Processing file /home/airflow/.local/lib/python3.8/site-packages/airflow/example_dags/example_latest_only_with_trigger.py for tasks to queue
[2025-07-08T09:50:13.951+0000] {logging_mixin.py:188} INFO - [2025-07-08T09:50:13.951+0000] {dagbag.py:538} INFO - Filling up the DagBag from /home/airflow/.local/lib/python3.8/site-packages/airflow/example_dags/example_latest_only_with_trigger.py
[2025-07-08T09:50:13.960+0000] {processor.py:840} INFO - DAG(s) 'latest_only_with_trigger' retrieved from /home/airflow/.local/lib/python3.8/site-packages/airflow/example_dags/example_latest_only_with_trigger.py
[2025-07-08T09:50:13.995+0000] {logging_mixin.py:188} INFO - [2025-07-08T09:50:13.995+0000] {dag.py:3036} INFO - Sync 1 DAGs
[2025-07-08T09:50:14.034+0000] {logging_mixin.py:188} INFO - [2025-07-08T09:50:14.034+0000] {dag.py:3823} INFO - Setting next_dagrun for latest_only_with_trigger to 2025-07-08 04:00:00+00:00, run_after=2025-07-08 08:00:00+00:00
[2025-07-08T09:50:14.063+0000] {processor.py:183} INFO - Processing /home/airflow/.local/lib/python3.8/site-packages/airflow/example_dags/example_latest_only_with_trigger.py took 0.121 seconds
[2025-07-08T09:50:44.327+0000] {processor.py:161} INFO - Started process (PID=5835) to work on /home/airflow/.local/lib/python3.8/site-packages/airflow/example_dags/example_latest_only_with_trigger.py
[2025-07-08T09:50:44.329+0000] {processor.py:830} INFO - Processing file /home/airflow/.local/lib/python3.8/site-packages/airflow/example_dags/example_latest_only_with_trigger.py for tasks to queue
[2025-07-08T09:50:44.332+0000] {logging_mixin.py:188} INFO - [2025-07-08T09:50:44.331+0000] {dagbag.py:538} INFO - Filling up the DagBag from /home/airflow/.local/lib/python3.8/site-packages/airflow/example_dags/example_latest_only_with_trigger.py
[2025-07-08T09:50:44.342+0000] {processor.py:840} INFO - DAG(s) 'latest_only_with_trigger' retrieved from /home/airflow/.local/lib/python3.8/site-packages/airflow/example_dags/example_latest_only_with_trigger.py
[2025-07-08T09:50:44.379+0000] {logging_mixin.py:188} INFO - [2025-07-08T09:50:44.379+0000] {dag.py:3036} INFO - Sync 1 DAGs
[2025-07-08T09:50:44.417+0000] {logging_mixin.py:188} INFO - [2025-07-08T09:50:44.416+0000] {dag.py:3823} INFO - Setting next_dagrun for latest_only_with_trigger to 2025-07-08 04:00:00+00:00, run_after=2025-07-08 08:00:00+00:00
[2025-07-08T09:50:44.448+0000] {processor.py:183} INFO - Processing /home/airflow/.local/lib/python3.8/site-packages/airflow/example_dags/example_latest_only_with_trigger.py took 0.127 seconds
[2025-07-08T09:51:14.908+0000] {processor.py:161} INFO - Started process (PID=5901) to work on /home/airflow/.local/lib/python3.8/site-packages/airflow/example_dags/example_latest_only_with_trigger.py
[2025-07-08T09:51:14.909+0000] {processor.py:830} INFO - Processing file /home/airflow/.local/lib/python3.8/site-packages/airflow/example_dags/example_latest_only_with_trigger.py for tasks to queue
[2025-07-08T09:51:14.912+0000] {logging_mixin.py:188} INFO - [2025-07-08T09:51:14.912+0000] {dagbag.py:538} INFO - Filling up the DagBag from /home/airflow/.local/lib/python3.8/site-packages/airflow/example_dags/example_latest_only_with_trigger.py
[2025-07-08T09:51:14.924+0000] {processor.py:840} INFO - DAG(s) 'latest_only_with_trigger' retrieved from /home/airflow/.local/lib/python3.8/site-packages/airflow/example_dags/example_latest_only_with_trigger.py
[2025-07-08T09:51:14.961+0000] {logging_mixin.py:188} INFO - [2025-07-08T09:51:14.960+0000] {dag.py:3036} INFO - Sync 1 DAGs
[2025-07-08T09:51:14.998+0000] {logging_mixin.py:188} INFO - [2025-07-08T09:51:14.997+0000] {dag.py:3823} INFO - Setting next_dagrun for latest_only_with_trigger to 2025-07-08 04:00:00+00:00, run_after=2025-07-08 08:00:00+00:00
[2025-07-08T09:51:15.028+0000] {processor.py:183} INFO - Processing /home/airflow/.local/lib/python3.8/site-packages/airflow/example_dags/example_latest_only_with_trigger.py took 0.127 seconds
[2025-07-08T09:51:46.023+0000] {processor.py:161} INFO - Started process (PID=5967) to work on /home/airflow/.local/lib/python3.8/site-packages/airflow/example_dags/example_latest_only_with_trigger.py
[2025-07-08T09:51:46.032+0000] {processor.py:830} INFO - Processing file /home/airflow/.local/lib/python3.8/site-packages/airflow/example_dags/example_latest_only_with_trigger.py for tasks to queue
[2025-07-08T09:51:46.035+0000] {logging_mixin.py:188} INFO - [2025-07-08T09:51:46.035+0000] {dagbag.py:538} INFO - Filling up the DagBag from /home/airflow/.local/lib/python3.8/site-packages/airflow/example_dags/example_latest_only_with_trigger.py
[2025-07-08T09:51:46.069+0000] {processor.py:840} INFO - DAG(s) 'latest_only_with_trigger' retrieved from /home/airflow/.local/lib/python3.8/site-packages/airflow/example_dags/example_latest_only_with_trigger.py
[2025-07-08T09:51:46.141+0000] {logging_mixin.py:188} INFO - [2025-07-08T09:51:46.141+0000] {dag.py:3036} INFO - Sync 1 DAGs
[2025-07-08T09:51:46.221+0000] {logging_mixin.py:188} INFO - [2025-07-08T09:51:46.220+0000] {dag.py:3823} INFO - Setting next_dagrun for latest_only_with_trigger to 2025-07-08 04:00:00+00:00, run_after=2025-07-08 08:00:00+00:00
[2025-07-08T09:51:46.313+0000] {processor.py:183} INFO - Processing /home/airflow/.local/lib/python3.8/site-packages/airflow/example_dags/example_latest_only_with_trigger.py took 0.302 seconds
[2025-07-08T09:52:17.562+0000] {processor.py:161} INFO - Started process (PID=6035) to work on /home/airflow/.local/lib/python3.8/site-packages/airflow/example_dags/example_latest_only_with_trigger.py
[2025-07-08T09:52:17.565+0000] {processor.py:830} INFO - Processing file /home/airflow/.local/lib/python3.8/site-packages/airflow/example_dags/example_latest_only_with_trigger.py for tasks to queue
[2025-07-08T09:52:17.571+0000] {logging_mixin.py:188} INFO - [2025-07-08T09:52:17.570+0000] {dagbag.py:538} INFO - Filling up the DagBag from /home/airflow/.local/lib/python3.8/site-packages/airflow/example_dags/example_latest_only_with_trigger.py
[2025-07-08T09:52:17.626+0000] {processor.py:840} INFO - DAG(s) 'latest_only_with_trigger' retrieved from /home/airflow/.local/lib/python3.8/site-packages/airflow/example_dags/example_latest_only_with_trigger.py
[2025-07-08T09:52:17.752+0000] {logging_mixin.py:188} INFO - [2025-07-08T09:52:17.751+0000] {dag.py:3036} INFO - Sync 1 DAGs
[2025-07-08T09:52:17.843+0000] {logging_mixin.py:188} INFO - [2025-07-08T09:52:17.843+0000] {dag.py:3823} INFO - Setting next_dagrun for latest_only_with_trigger to 2025-07-08 04:00:00+00:00, run_after=2025-07-08 08:00:00+00:00
[2025-07-08T09:52:17.934+0000] {processor.py:183} INFO - Processing /home/airflow/.local/lib/python3.8/site-packages/airflow/example_dags/example_latest_only_with_trigger.py took 0.386 seconds
[2025-07-08T09:52:49.603+0000] {processor.py:161} INFO - Started process (PID=6096) to work on /home/airflow/.local/lib/python3.8/site-packages/airflow/example_dags/example_latest_only_with_trigger.py
[2025-07-08T09:52:49.607+0000] {processor.py:830} INFO - Processing file /home/airflow/.local/lib/python3.8/site-packages/airflow/example_dags/example_latest_only_with_trigger.py for tasks to queue
[2025-07-08T09:52:49.611+0000] {logging_mixin.py:188} INFO - [2025-07-08T09:52:49.610+0000] {dagbag.py:538} INFO - Filling up the DagBag from /home/airflow/.local/lib/python3.8/site-packages/airflow/example_dags/example_latest_only_with_trigger.py
[2025-07-08T09:52:49.642+0000] {processor.py:840} INFO - DAG(s) 'latest_only_with_trigger' retrieved from /home/airflow/.local/lib/python3.8/site-packages/airflow/example_dags/example_latest_only_with_trigger.py
[2025-07-08T09:52:49.724+0000] {logging_mixin.py:188} INFO - [2025-07-08T09:52:49.724+0000] {dag.py:3036} INFO - Sync 1 DAGs
[2025-07-08T09:52:49.834+0000] {logging_mixin.py:188} INFO - [2025-07-08T09:52:49.834+0000] {dag.py:3823} INFO - Setting next_dagrun for latest_only_with_trigger to 2025-07-08 04:00:00+00:00, run_after=2025-07-08 08:00:00+00:00
[2025-07-08T09:52:49.998+0000] {processor.py:183} INFO - Processing /home/airflow/.local/lib/python3.8/site-packages/airflow/example_dags/example_latest_only_with_trigger.py took 0.401 seconds
[2025-07-08T09:53:20.275+0000] {processor.py:161} INFO - Started process (PID=6162) to work on /home/airflow/.local/lib/python3.8/site-packages/airflow/example_dags/example_latest_only_with_trigger.py
[2025-07-08T09:53:20.281+0000] {processor.py:830} INFO - Processing file /home/airflow/.local/lib/python3.8/site-packages/airflow/example_dags/example_latest_only_with_trigger.py for tasks to queue
[2025-07-08T09:53:20.288+0000] {logging_mixin.py:188} INFO - [2025-07-08T09:53:20.283+0000] {dagbag.py:538} INFO - Filling up the DagBag from /home/airflow/.local/lib/python3.8/site-packages/airflow/example_dags/example_latest_only_with_trigger.py
[2025-07-08T09:53:20.324+0000] {processor.py:840} INFO - DAG(s) 'latest_only_with_trigger' retrieved from /home/airflow/.local/lib/python3.8/site-packages/airflow/example_dags/example_latest_only_with_trigger.py
[2025-07-08T09:53:20.440+0000] {logging_mixin.py:188} INFO - [2025-07-08T09:53:20.439+0000] {dag.py:3036} INFO - Sync 1 DAGs
[2025-07-08T09:53:20.501+0000] {logging_mixin.py:188} INFO - [2025-07-08T09:53:20.501+0000] {dag.py:3823} INFO - Setting next_dagrun for latest_only_with_trigger to 2025-07-08 04:00:00+00:00, run_after=2025-07-08 08:00:00+00:00
[2025-07-08T09:53:20.541+0000] {processor.py:183} INFO - Processing /home/airflow/.local/lib/python3.8/site-packages/airflow/example_dags/example_latest_only_with_trigger.py took 0.284 seconds
[2025-07-08T09:53:50.933+0000] {processor.py:161} INFO - Started process (PID=6231) to work on /home/airflow/.local/lib/python3.8/site-packages/airflow/example_dags/example_latest_only_with_trigger.py
[2025-07-08T09:53:50.935+0000] {processor.py:830} INFO - Processing file /home/airflow/.local/lib/python3.8/site-packages/airflow/example_dags/example_latest_only_with_trigger.py for tasks to queue
[2025-07-08T09:53:50.938+0000] {logging_mixin.py:188} INFO - [2025-07-08T09:53:50.938+0000] {dagbag.py:538} INFO - Filling up the DagBag from /home/airflow/.local/lib/python3.8/site-packages/airflow/example_dags/example_latest_only_with_trigger.py
[2025-07-08T09:53:50.960+0000] {processor.py:840} INFO - DAG(s) 'latest_only_with_trigger' retrieved from /home/airflow/.local/lib/python3.8/site-packages/airflow/example_dags/example_latest_only_with_trigger.py
[2025-07-08T09:53:51.073+0000] {logging_mixin.py:188} INFO - [2025-07-08T09:53:51.073+0000] {dag.py:3036} INFO - Sync 1 DAGs
[2025-07-08T09:53:51.172+0000] {logging_mixin.py:188} INFO - [2025-07-08T09:53:51.172+0000] {dag.py:3823} INFO - Setting next_dagrun for latest_only_with_trigger to 2025-07-08 04:00:00+00:00, run_after=2025-07-08 08:00:00+00:00
[2025-07-08T09:53:51.291+0000] {processor.py:183} INFO - Processing /home/airflow/.local/lib/python3.8/site-packages/airflow/example_dags/example_latest_only_with_trigger.py took 0.373 seconds
[2025-07-08T09:54:21.391+0000] {processor.py:161} INFO - Started process (PID=6299) to work on /home/airflow/.local/lib/python3.8/site-packages/airflow/example_dags/example_latest_only_with_trigger.py
[2025-07-08T09:54:21.396+0000] {processor.py:830} INFO - Processing file /home/airflow/.local/lib/python3.8/site-packages/airflow/example_dags/example_latest_only_with_trigger.py for tasks to queue
[2025-07-08T09:54:21.403+0000] {logging_mixin.py:188} INFO - [2025-07-08T09:54:21.399+0000] {dagbag.py:538} INFO - Filling up the DagBag from /home/airflow/.local/lib/python3.8/site-packages/airflow/example_dags/example_latest_only_with_trigger.py
[2025-07-08T09:54:21.433+0000] {processor.py:840} INFO - DAG(s) 'latest_only_with_trigger' retrieved from /home/airflow/.local/lib/python3.8/site-packages/airflow/example_dags/example_latest_only_with_trigger.py
[2025-07-08T09:54:21.513+0000] {logging_mixin.py:188} INFO - [2025-07-08T09:54:21.513+0000] {dag.py:3036} INFO - Sync 1 DAGs
[2025-07-08T09:54:21.566+0000] {logging_mixin.py:188} INFO - [2025-07-08T09:54:21.562+0000] {dag.py:3823} INFO - Setting next_dagrun for latest_only_with_trigger to 2025-07-08 04:00:00+00:00, run_after=2025-07-08 08:00:00+00:00
[2025-07-08T09:54:21.630+0000] {processor.py:183} INFO - Processing /home/airflow/.local/lib/python3.8/site-packages/airflow/example_dags/example_latest_only_with_trigger.py took 0.264 seconds
[2025-07-08T09:54:52.340+0000] {processor.py:161} INFO - Started process (PID=6367) to work on /home/airflow/.local/lib/python3.8/site-packages/airflow/example_dags/example_latest_only_with_trigger.py
[2025-07-08T09:54:52.364+0000] {processor.py:830} INFO - Processing file /home/airflow/.local/lib/python3.8/site-packages/airflow/example_dags/example_latest_only_with_trigger.py for tasks to queue
[2025-07-08T09:54:52.373+0000] {logging_mixin.py:188} INFO - [2025-07-08T09:54:52.367+0000] {dagbag.py:538} INFO - Filling up the DagBag from /home/airflow/.local/lib/python3.8/site-packages/airflow/example_dags/example_latest_only_with_trigger.py
[2025-07-08T09:54:52.417+0000] {processor.py:840} INFO - DAG(s) 'latest_only_with_trigger' retrieved from /home/airflow/.local/lib/python3.8/site-packages/airflow/example_dags/example_latest_only_with_trigger.py
[2025-07-08T09:54:52.593+0000] {logging_mixin.py:188} INFO - [2025-07-08T09:54:52.593+0000] {dag.py:3036} INFO - Sync 1 DAGs
[2025-07-08T09:54:52.684+0000] {logging_mixin.py:188} INFO - [2025-07-08T09:54:52.683+0000] {dag.py:3823} INFO - Setting next_dagrun for latest_only_with_trigger to 2025-07-08 04:00:00+00:00, run_after=2025-07-08 08:00:00+00:00
[2025-07-08T09:54:52.752+0000] {processor.py:183} INFO - Processing /home/airflow/.local/lib/python3.8/site-packages/airflow/example_dags/example_latest_only_with_trigger.py took 0.419 seconds
[2025-07-08T09:55:23.269+0000] {processor.py:161} INFO - Started process (PID=6427) to work on /home/airflow/.local/lib/python3.8/site-packages/airflow/example_dags/example_latest_only_with_trigger.py
[2025-07-08T09:55:23.270+0000] {processor.py:830} INFO - Processing file /home/airflow/.local/lib/python3.8/site-packages/airflow/example_dags/example_latest_only_with_trigger.py for tasks to queue
[2025-07-08T09:55:23.273+0000] {logging_mixin.py:188} INFO - [2025-07-08T09:55:23.273+0000] {dagbag.py:538} INFO - Filling up the DagBag from /home/airflow/.local/lib/python3.8/site-packages/airflow/example_dags/example_latest_only_with_trigger.py
[2025-07-08T09:55:23.285+0000] {processor.py:840} INFO - DAG(s) 'latest_only_with_trigger' retrieved from /home/airflow/.local/lib/python3.8/site-packages/airflow/example_dags/example_latest_only_with_trigger.py
[2025-07-08T09:55:23.324+0000] {logging_mixin.py:188} INFO - [2025-07-08T09:55:23.324+0000] {dag.py:3036} INFO - Sync 1 DAGs
[2025-07-08T09:55:23.370+0000] {logging_mixin.py:188} INFO - [2025-07-08T09:55:23.370+0000] {dag.py:3823} INFO - Setting next_dagrun for latest_only_with_trigger to 2025-07-08 04:00:00+00:00, run_after=2025-07-08 08:00:00+00:00
[2025-07-08T09:55:23.404+0000] {processor.py:183} INFO - Processing /home/airflow/.local/lib/python3.8/site-packages/airflow/example_dags/example_latest_only_with_trigger.py took 0.142 seconds
[2025-07-08T09:55:54.210+0000] {processor.py:161} INFO - Started process (PID=6493) to work on /home/airflow/.local/lib/python3.8/site-packages/airflow/example_dags/example_latest_only_with_trigger.py
[2025-07-08T09:55:54.212+0000] {processor.py:830} INFO - Processing file /home/airflow/.local/lib/python3.8/site-packages/airflow/example_dags/example_latest_only_with_trigger.py for tasks to queue
[2025-07-08T09:55:54.215+0000] {logging_mixin.py:188} INFO - [2025-07-08T09:55:54.215+0000] {dagbag.py:538} INFO - Filling up the DagBag from /home/airflow/.local/lib/python3.8/site-packages/airflow/example_dags/example_latest_only_with_trigger.py
[2025-07-08T09:55:54.226+0000] {processor.py:840} INFO - DAG(s) 'latest_only_with_trigger' retrieved from /home/airflow/.local/lib/python3.8/site-packages/airflow/example_dags/example_latest_only_with_trigger.py
[2025-07-08T09:55:54.266+0000] {logging_mixin.py:188} INFO - [2025-07-08T09:55:54.266+0000] {dag.py:3036} INFO - Sync 1 DAGs
[2025-07-08T09:55:54.312+0000] {logging_mixin.py:188} INFO - [2025-07-08T09:55:54.312+0000] {dag.py:3823} INFO - Setting next_dagrun for latest_only_with_trigger to 2025-07-08 04:00:00+00:00, run_after=2025-07-08 08:00:00+00:00
[2025-07-08T09:55:54.349+0000] {processor.py:183} INFO - Processing /home/airflow/.local/lib/python3.8/site-packages/airflow/example_dags/example_latest_only_with_trigger.py took 0.145 seconds
[2025-07-08T09:56:25.305+0000] {processor.py:161} INFO - Started process (PID=6566) to work on /home/airflow/.local/lib/python3.8/site-packages/airflow/example_dags/example_latest_only_with_trigger.py
[2025-07-08T09:56:25.306+0000] {processor.py:830} INFO - Processing file /home/airflow/.local/lib/python3.8/site-packages/airflow/example_dags/example_latest_only_with_trigger.py for tasks to queue
[2025-07-08T09:56:25.310+0000] {logging_mixin.py:188} INFO - [2025-07-08T09:56:25.309+0000] {dagbag.py:538} INFO - Filling up the DagBag from /home/airflow/.local/lib/python3.8/site-packages/airflow/example_dags/example_latest_only_with_trigger.py
[2025-07-08T09:56:25.322+0000] {processor.py:840} INFO - DAG(s) 'latest_only_with_trigger' retrieved from /home/airflow/.local/lib/python3.8/site-packages/airflow/example_dags/example_latest_only_with_trigger.py
[2025-07-08T09:56:25.366+0000] {logging_mixin.py:188} INFO - [2025-07-08T09:56:25.366+0000] {dag.py:3036} INFO - Sync 1 DAGs
[2025-07-08T09:56:25.416+0000] {logging_mixin.py:188} INFO - [2025-07-08T09:56:25.416+0000] {dag.py:3823} INFO - Setting next_dagrun for latest_only_with_trigger to 2025-07-08 04:00:00+00:00, run_after=2025-07-08 08:00:00+00:00
[2025-07-08T09:56:25.463+0000] {processor.py:183} INFO - Processing /home/airflow/.local/lib/python3.8/site-packages/airflow/example_dags/example_latest_only_with_trigger.py took 0.165 seconds
[2025-07-08T09:56:55.568+0000] {processor.py:161} INFO - Started process (PID=6630) to work on /home/airflow/.local/lib/python3.8/site-packages/airflow/example_dags/example_latest_only_with_trigger.py
[2025-07-08T09:56:55.573+0000] {processor.py:830} INFO - Processing file /home/airflow/.local/lib/python3.8/site-packages/airflow/example_dags/example_latest_only_with_trigger.py for tasks to queue
[2025-07-08T09:56:55.576+0000] {logging_mixin.py:188} INFO - [2025-07-08T09:56:55.576+0000] {dagbag.py:538} INFO - Filling up the DagBag from /home/airflow/.local/lib/python3.8/site-packages/airflow/example_dags/example_latest_only_with_trigger.py
[2025-07-08T09:56:55.587+0000] {processor.py:840} INFO - DAG(s) 'latest_only_with_trigger' retrieved from /home/airflow/.local/lib/python3.8/site-packages/airflow/example_dags/example_latest_only_with_trigger.py
[2025-07-08T09:56:55.629+0000] {logging_mixin.py:188} INFO - [2025-07-08T09:56:55.629+0000] {dag.py:3036} INFO - Sync 1 DAGs
[2025-07-08T09:56:55.685+0000] {logging_mixin.py:188} INFO - [2025-07-08T09:56:55.684+0000] {dag.py:3823} INFO - Setting next_dagrun for latest_only_with_trigger to 2025-07-08 04:00:00+00:00, run_after=2025-07-08 08:00:00+00:00
[2025-07-08T09:56:55.730+0000] {processor.py:183} INFO - Processing /home/airflow/.local/lib/python3.8/site-packages/airflow/example_dags/example_latest_only_with_trigger.py took 0.168 seconds
[2025-07-08T09:57:26.237+0000] {processor.py:161} INFO - Started process (PID=6695) to work on /home/airflow/.local/lib/python3.8/site-packages/airflow/example_dags/example_latest_only_with_trigger.py
[2025-07-08T09:57:26.238+0000] {processor.py:830} INFO - Processing file /home/airflow/.local/lib/python3.8/site-packages/airflow/example_dags/example_latest_only_with_trigger.py for tasks to queue
[2025-07-08T09:57:26.252+0000] {logging_mixin.py:188} INFO - [2025-07-08T09:57:26.252+0000] {dagbag.py:538} INFO - Filling up the DagBag from /home/airflow/.local/lib/python3.8/site-packages/airflow/example_dags/example_latest_only_with_trigger.py
[2025-07-08T09:57:26.271+0000] {processor.py:840} INFO - DAG(s) 'latest_only_with_trigger' retrieved from /home/airflow/.local/lib/python3.8/site-packages/airflow/example_dags/example_latest_only_with_trigger.py
[2025-07-08T09:57:26.331+0000] {logging_mixin.py:188} INFO - [2025-07-08T09:57:26.330+0000] {dag.py:3036} INFO - Sync 1 DAGs
[2025-07-08T09:57:26.376+0000] {logging_mixin.py:188} INFO - [2025-07-08T09:57:26.376+0000] {dag.py:3823} INFO - Setting next_dagrun for latest_only_with_trigger to 2025-07-08 04:00:00+00:00, run_after=2025-07-08 08:00:00+00:00
[2025-07-08T09:57:26.419+0000] {processor.py:183} INFO - Processing /home/airflow/.local/lib/python3.8/site-packages/airflow/example_dags/example_latest_only_with_trigger.py took 0.197 seconds
[2025-07-08T09:57:56.649+0000] {processor.py:161} INFO - Started process (PID=6754) to work on /home/airflow/.local/lib/python3.8/site-packages/airflow/example_dags/example_latest_only_with_trigger.py
[2025-07-08T09:57:56.651+0000] {processor.py:830} INFO - Processing file /home/airflow/.local/lib/python3.8/site-packages/airflow/example_dags/example_latest_only_with_trigger.py for tasks to queue
[2025-07-08T09:57:56.654+0000] {logging_mixin.py:188} INFO - [2025-07-08T09:57:56.654+0000] {dagbag.py:538} INFO - Filling up the DagBag from /home/airflow/.local/lib/python3.8/site-packages/airflow/example_dags/example_latest_only_with_trigger.py
[2025-07-08T09:57:56.665+0000] {processor.py:840} INFO - DAG(s) 'latest_only_with_trigger' retrieved from /home/airflow/.local/lib/python3.8/site-packages/airflow/example_dags/example_latest_only_with_trigger.py
[2025-07-08T09:57:56.707+0000] {logging_mixin.py:188} INFO - [2025-07-08T09:57:56.707+0000] {dag.py:3036} INFO - Sync 1 DAGs
[2025-07-08T09:57:56.754+0000] {logging_mixin.py:188} INFO - [2025-07-08T09:57:56.753+0000] {dag.py:3823} INFO - Setting next_dagrun for latest_only_with_trigger to 2025-07-08 04:00:00+00:00, run_after=2025-07-08 08:00:00+00:00
[2025-07-08T09:57:56.796+0000] {processor.py:183} INFO - Processing /home/airflow/.local/lib/python3.8/site-packages/airflow/example_dags/example_latest_only_with_trigger.py took 0.153 seconds
[2025-07-08T09:58:28.292+0000] {processor.py:161} INFO - Started process (PID=6824) to work on /home/airflow/.local/lib/python3.8/site-packages/airflow/example_dags/example_latest_only_with_trigger.py
[2025-07-08T09:58:28.293+0000] {processor.py:830} INFO - Processing file /home/airflow/.local/lib/python3.8/site-packages/airflow/example_dags/example_latest_only_with_trigger.py for tasks to queue
[2025-07-08T09:58:28.296+0000] {logging_mixin.py:188} INFO - [2025-07-08T09:58:28.296+0000] {dagbag.py:538} INFO - Filling up the DagBag from /home/airflow/.local/lib/python3.8/site-packages/airflow/example_dags/example_latest_only_with_trigger.py
[2025-07-08T09:58:28.309+0000] {processor.py:840} INFO - DAG(s) 'latest_only_with_trigger' retrieved from /home/airflow/.local/lib/python3.8/site-packages/airflow/example_dags/example_latest_only_with_trigger.py
[2025-07-08T09:58:28.379+0000] {logging_mixin.py:188} INFO - [2025-07-08T09:58:28.378+0000] {dag.py:3036} INFO - Sync 1 DAGs
[2025-07-08T09:58:28.475+0000] {logging_mixin.py:188} INFO - [2025-07-08T09:58:28.475+0000] {dag.py:3823} INFO - Setting next_dagrun for latest_only_with_trigger to 2025-07-08 04:00:00+00:00, run_after=2025-07-08 08:00:00+00:00
[2025-07-08T09:58:28.557+0000] {processor.py:183} INFO - Processing /home/airflow/.local/lib/python3.8/site-packages/airflow/example_dags/example_latest_only_with_trigger.py took 0.271 seconds
[2025-07-08T09:58:59.852+0000] {processor.py:161} INFO - Started process (PID=6891) to work on /home/airflow/.local/lib/python3.8/site-packages/airflow/example_dags/example_latest_only_with_trigger.py
[2025-07-08T09:58:59.855+0000] {processor.py:830} INFO - Processing file /home/airflow/.local/lib/python3.8/site-packages/airflow/example_dags/example_latest_only_with_trigger.py for tasks to queue
[2025-07-08T09:58:59.858+0000] {logging_mixin.py:188} INFO - [2025-07-08T09:58:59.858+0000] {dagbag.py:538} INFO - Filling up the DagBag from /home/airflow/.local/lib/python3.8/site-packages/airflow/example_dags/example_latest_only_with_trigger.py
[2025-07-08T09:58:59.871+0000] {processor.py:840} INFO - DAG(s) 'latest_only_with_trigger' retrieved from /home/airflow/.local/lib/python3.8/site-packages/airflow/example_dags/example_latest_only_with_trigger.py
[2025-07-08T09:58:59.916+0000] {logging_mixin.py:188} INFO - [2025-07-08T09:58:59.916+0000] {dag.py:3036} INFO - Sync 1 DAGs
[2025-07-08T09:58:59.963+0000] {logging_mixin.py:188} INFO - [2025-07-08T09:58:59.963+0000] {dag.py:3823} INFO - Setting next_dagrun for latest_only_with_trigger to 2025-07-08 04:00:00+00:00, run_after=2025-07-08 08:00:00+00:00
[2025-07-08T09:58:59.994+0000] {processor.py:183} INFO - Processing /home/airflow/.local/lib/python3.8/site-packages/airflow/example_dags/example_latest_only_with_trigger.py took 0.149 seconds
[2025-07-08T09:59:31.353+0000] {processor.py:161} INFO - Started process (PID=6957) to work on /home/airflow/.local/lib/python3.8/site-packages/airflow/example_dags/example_latest_only_with_trigger.py
[2025-07-08T09:59:31.356+0000] {processor.py:830} INFO - Processing file /home/airflow/.local/lib/python3.8/site-packages/airflow/example_dags/example_latest_only_with_trigger.py for tasks to queue
[2025-07-08T09:59:31.359+0000] {logging_mixin.py:188} INFO - [2025-07-08T09:59:31.359+0000] {dagbag.py:538} INFO - Filling up the DagBag from /home/airflow/.local/lib/python3.8/site-packages/airflow/example_dags/example_latest_only_with_trigger.py
[2025-07-08T09:59:31.393+0000] {processor.py:840} INFO - DAG(s) 'latest_only_with_trigger' retrieved from /home/airflow/.local/lib/python3.8/site-packages/airflow/example_dags/example_latest_only_with_trigger.py
[2025-07-08T09:59:31.465+0000] {logging_mixin.py:188} INFO - [2025-07-08T09:59:31.464+0000] {dag.py:3036} INFO - Sync 1 DAGs
[2025-07-08T09:59:31.564+0000] {logging_mixin.py:188} INFO - [2025-07-08T09:59:31.563+0000] {dag.py:3823} INFO - Setting next_dagrun for latest_only_with_trigger to 2025-07-08 04:00:00+00:00, run_after=2025-07-08 08:00:00+00:00
[2025-07-08T09:59:31.634+0000] {processor.py:183} INFO - Processing /home/airflow/.local/lib/python3.8/site-packages/airflow/example_dags/example_latest_only_with_trigger.py took 0.303 seconds
[2025-07-08T10:00:02.481+0000] {processor.py:161} INFO - Started process (PID=7025) to work on /home/airflow/.local/lib/python3.8/site-packages/airflow/example_dags/example_latest_only_with_trigger.py
[2025-07-08T10:00:02.483+0000] {processor.py:830} INFO - Processing file /home/airflow/.local/lib/python3.8/site-packages/airflow/example_dags/example_latest_only_with_trigger.py for tasks to queue
[2025-07-08T10:00:02.505+0000] {logging_mixin.py:188} INFO - [2025-07-08T10:00:02.504+0000] {dagbag.py:538} INFO - Filling up the DagBag from /home/airflow/.local/lib/python3.8/site-packages/airflow/example_dags/example_latest_only_with_trigger.py
[2025-07-08T10:00:02.531+0000] {processor.py:840} INFO - DAG(s) 'latest_only_with_trigger' retrieved from /home/airflow/.local/lib/python3.8/site-packages/airflow/example_dags/example_latest_only_with_trigger.py
[2025-07-08T10:00:02.623+0000] {logging_mixin.py:188} INFO - [2025-07-08T10:00:02.623+0000] {dag.py:3036} INFO - Sync 1 DAGs
[2025-07-08T10:00:02.739+0000] {logging_mixin.py:188} INFO - [2025-07-08T10:00:02.738+0000] {dag.py:3823} INFO - Setting next_dagrun for latest_only_with_trigger to 2025-07-08 04:00:00+00:00, run_after=2025-07-08 08:00:00+00:00
[2025-07-08T10:00:02.870+0000] {processor.py:183} INFO - Processing /home/airflow/.local/lib/python3.8/site-packages/airflow/example_dags/example_latest_only_with_trigger.py took 0.395 seconds
[2025-07-08T10:00:33.008+0000] {processor.py:161} INFO - Started process (PID=7090) to work on /home/airflow/.local/lib/python3.8/site-packages/airflow/example_dags/example_latest_only_with_trigger.py
[2025-07-08T10:00:33.010+0000] {processor.py:830} INFO - Processing file /home/airflow/.local/lib/python3.8/site-packages/airflow/example_dags/example_latest_only_with_trigger.py for tasks to queue
[2025-07-08T10:00:33.013+0000] {logging_mixin.py:188} INFO - [2025-07-08T10:00:33.012+0000] {dagbag.py:538} INFO - Filling up the DagBag from /home/airflow/.local/lib/python3.8/site-packages/airflow/example_dags/example_latest_only_with_trigger.py
[2025-07-08T10:00:33.025+0000] {processor.py:840} INFO - DAG(s) 'latest_only_with_trigger' retrieved from /home/airflow/.local/lib/python3.8/site-packages/airflow/example_dags/example_latest_only_with_trigger.py
[2025-07-08T10:00:33.066+0000] {logging_mixin.py:188} INFO - [2025-07-08T10:00:33.066+0000] {dag.py:3036} INFO - Sync 1 DAGs
[2025-07-08T10:00:33.119+0000] {logging_mixin.py:188} INFO - [2025-07-08T10:00:33.119+0000] {dag.py:3823} INFO - Setting next_dagrun for latest_only_with_trigger to 2025-07-08 04:00:00+00:00, run_after=2025-07-08 08:00:00+00:00
[2025-07-08T10:00:33.187+0000] {processor.py:183} INFO - Processing /home/airflow/.local/lib/python3.8/site-packages/airflow/example_dags/example_latest_only_with_trigger.py took 0.186 seconds
[2025-07-08T10:01:03.451+0000] {processor.py:161} INFO - Started process (PID=7158) to work on /home/airflow/.local/lib/python3.8/site-packages/airflow/example_dags/example_latest_only_with_trigger.py
[2025-07-08T10:01:03.453+0000] {processor.py:830} INFO - Processing file /home/airflow/.local/lib/python3.8/site-packages/airflow/example_dags/example_latest_only_with_trigger.py for tasks to queue
[2025-07-08T10:01:03.456+0000] {logging_mixin.py:188} INFO - [2025-07-08T10:01:03.456+0000] {dagbag.py:538} INFO - Filling up the DagBag from /home/airflow/.local/lib/python3.8/site-packages/airflow/example_dags/example_latest_only_with_trigger.py
[2025-07-08T10:01:03.469+0000] {processor.py:840} INFO - DAG(s) 'latest_only_with_trigger' retrieved from /home/airflow/.local/lib/python3.8/site-packages/airflow/example_dags/example_latest_only_with_trigger.py
[2025-07-08T10:01:03.524+0000] {logging_mixin.py:188} INFO - [2025-07-08T10:01:03.524+0000] {dag.py:3036} INFO - Sync 1 DAGs
[2025-07-08T10:01:03.597+0000] {logging_mixin.py:188} INFO - [2025-07-08T10:01:03.597+0000] {dag.py:3823} INFO - Setting next_dagrun for latest_only_with_trigger to 2025-07-08 04:00:00+00:00, run_after=2025-07-08 08:00:00+00:00
[2025-07-08T10:01:03.638+0000] {processor.py:183} INFO - Processing /home/airflow/.local/lib/python3.8/site-packages/airflow/example_dags/example_latest_only_with_trigger.py took 0.195 seconds
[2025-07-08T10:01:33.844+0000] {processor.py:161} INFO - Started process (PID=7226) to work on /home/airflow/.local/lib/python3.8/site-packages/airflow/example_dags/example_latest_only_with_trigger.py
[2025-07-08T10:01:33.846+0000] {processor.py:830} INFO - Processing file /home/airflow/.local/lib/python3.8/site-packages/airflow/example_dags/example_latest_only_with_trigger.py for tasks to queue
[2025-07-08T10:01:33.852+0000] {logging_mixin.py:188} INFO - [2025-07-08T10:01:33.851+0000] {dagbag.py:538} INFO - Filling up the DagBag from /home/airflow/.local/lib/python3.8/site-packages/airflow/example_dags/example_latest_only_with_trigger.py
[2025-07-08T10:01:33.875+0000] {processor.py:840} INFO - DAG(s) 'latest_only_with_trigger' retrieved from /home/airflow/.local/lib/python3.8/site-packages/airflow/example_dags/example_latest_only_with_trigger.py
[2025-07-08T10:01:33.950+0000] {logging_mixin.py:188} INFO - [2025-07-08T10:01:33.949+0000] {dag.py:3036} INFO - Sync 1 DAGs
[2025-07-08T10:01:33.994+0000] {logging_mixin.py:188} INFO - [2025-07-08T10:01:33.994+0000] {dag.py:3823} INFO - Setting next_dagrun for latest_only_with_trigger to 2025-07-08 04:00:00+00:00, run_after=2025-07-08 08:00:00+00:00
[2025-07-08T10:01:34.030+0000] {processor.py:183} INFO - Processing /home/airflow/.local/lib/python3.8/site-packages/airflow/example_dags/example_latest_only_with_trigger.py took 0.201 seconds
[2025-07-08T10:02:04.653+0000] {processor.py:161} INFO - Started process (PID=7293) to work on /home/airflow/.local/lib/python3.8/site-packages/airflow/example_dags/example_latest_only_with_trigger.py
[2025-07-08T10:02:04.662+0000] {processor.py:830} INFO - Processing file /home/airflow/.local/lib/python3.8/site-packages/airflow/example_dags/example_latest_only_with_trigger.py for tasks to queue
[2025-07-08T10:02:04.667+0000] {logging_mixin.py:188} INFO - [2025-07-08T10:02:04.666+0000] {dagbag.py:538} INFO - Filling up the DagBag from /home/airflow/.local/lib/python3.8/site-packages/airflow/example_dags/example_latest_only_with_trigger.py
[2025-07-08T10:02:04.680+0000] {processor.py:840} INFO - DAG(s) 'latest_only_with_trigger' retrieved from /home/airflow/.local/lib/python3.8/site-packages/airflow/example_dags/example_latest_only_with_trigger.py
[2025-07-08T10:02:04.737+0000] {logging_mixin.py:188} INFO - [2025-07-08T10:02:04.736+0000] {dag.py:3036} INFO - Sync 1 DAGs
[2025-07-08T10:02:04.792+0000] {logging_mixin.py:188} INFO - [2025-07-08T10:02:04.792+0000] {dag.py:3823} INFO - Setting next_dagrun for latest_only_with_trigger to 2025-07-08 04:00:00+00:00, run_after=2025-07-08 08:00:00+00:00
[2025-07-08T10:02:04.841+0000] {processor.py:183} INFO - Processing /home/airflow/.local/lib/python3.8/site-packages/airflow/example_dags/example_latest_only_with_trigger.py took 0.205 seconds
[2025-07-08T10:02:35.764+0000] {processor.py:161} INFO - Started process (PID=7353) to work on /home/airflow/.local/lib/python3.8/site-packages/airflow/example_dags/example_latest_only_with_trigger.py
[2025-07-08T10:02:35.767+0000] {processor.py:830} INFO - Processing file /home/airflow/.local/lib/python3.8/site-packages/airflow/example_dags/example_latest_only_with_trigger.py for tasks to queue
[2025-07-08T10:02:35.771+0000] {logging_mixin.py:188} INFO - [2025-07-08T10:02:35.770+0000] {dagbag.py:538} INFO - Filling up the DagBag from /home/airflow/.local/lib/python3.8/site-packages/airflow/example_dags/example_latest_only_with_trigger.py
[2025-07-08T10:02:35.790+0000] {processor.py:840} INFO - DAG(s) 'latest_only_with_trigger' retrieved from /home/airflow/.local/lib/python3.8/site-packages/airflow/example_dags/example_latest_only_with_trigger.py
[2025-07-08T10:02:35.847+0000] {logging_mixin.py:188} INFO - [2025-07-08T10:02:35.847+0000] {dag.py:3036} INFO - Sync 1 DAGs
[2025-07-08T10:02:35.898+0000] {logging_mixin.py:188} INFO - [2025-07-08T10:02:35.898+0000] {dag.py:3823} INFO - Setting next_dagrun for latest_only_with_trigger to 2025-07-08 04:00:00+00:00, run_after=2025-07-08 08:00:00+00:00
[2025-07-08T10:02:35.935+0000] {processor.py:183} INFO - Processing /home/airflow/.local/lib/python3.8/site-packages/airflow/example_dags/example_latest_only_with_trigger.py took 0.177 seconds
[2025-07-08T10:03:07.670+0000] {processor.py:161} INFO - Started process (PID=7422) to work on /home/airflow/.local/lib/python3.8/site-packages/airflow/example_dags/example_latest_only_with_trigger.py
[2025-07-08T10:03:07.678+0000] {processor.py:830} INFO - Processing file /home/airflow/.local/lib/python3.8/site-packages/airflow/example_dags/example_latest_only_with_trigger.py for tasks to queue
[2025-07-08T10:03:07.706+0000] {logging_mixin.py:188} INFO - [2025-07-08T10:03:07.705+0000] {dagbag.py:538} INFO - Filling up the DagBag from /home/airflow/.local/lib/python3.8/site-packages/airflow/example_dags/example_latest_only_with_trigger.py
[2025-07-08T10:03:07.741+0000] {processor.py:840} INFO - DAG(s) 'latest_only_with_trigger' retrieved from /home/airflow/.local/lib/python3.8/site-packages/airflow/example_dags/example_latest_only_with_trigger.py
[2025-07-08T10:03:07.793+0000] {logging_mixin.py:188} INFO - [2025-07-08T10:03:07.793+0000] {dag.py:3036} INFO - Sync 1 DAGs
[2025-07-08T10:03:07.846+0000] {logging_mixin.py:188} INFO - [2025-07-08T10:03:07.846+0000] {dag.py:3823} INFO - Setting next_dagrun for latest_only_with_trigger to 2025-07-08 04:00:00+00:00, run_after=2025-07-08 08:00:00+00:00
[2025-07-08T10:03:07.880+0000] {processor.py:183} INFO - Processing /home/airflow/.local/lib/python3.8/site-packages/airflow/example_dags/example_latest_only_with_trigger.py took 0.222 seconds
[2025-07-08T10:03:39.776+0000] {processor.py:161} INFO - Started process (PID=7485) to work on /home/airflow/.local/lib/python3.8/site-packages/airflow/example_dags/example_latest_only_with_trigger.py
[2025-07-08T10:03:39.784+0000] {processor.py:830} INFO - Processing file /home/airflow/.local/lib/python3.8/site-packages/airflow/example_dags/example_latest_only_with_trigger.py for tasks to queue
[2025-07-08T10:03:39.788+0000] {logging_mixin.py:188} INFO - [2025-07-08T10:03:39.787+0000] {dagbag.py:538} INFO - Filling up the DagBag from /home/airflow/.local/lib/python3.8/site-packages/airflow/example_dags/example_latest_only_with_trigger.py
[2025-07-08T10:03:39.836+0000] {processor.py:840} INFO - DAG(s) 'latest_only_with_trigger' retrieved from /home/airflow/.local/lib/python3.8/site-packages/airflow/example_dags/example_latest_only_with_trigger.py
[2025-07-08T10:03:39.928+0000] {logging_mixin.py:188} INFO - [2025-07-08T10:03:39.927+0000] {dag.py:3036} INFO - Sync 1 DAGs
[2025-07-08T10:03:40.135+0000] {logging_mixin.py:188} INFO - [2025-07-08T10:03:40.133+0000] {dag.py:3823} INFO - Setting next_dagrun for latest_only_with_trigger to 2025-07-08 04:00:00+00:00, run_after=2025-07-08 08:00:00+00:00
[2025-07-08T10:03:40.303+0000] {processor.py:183} INFO - Processing /home/airflow/.local/lib/python3.8/site-packages/airflow/example_dags/example_latest_only_with_trigger.py took 0.568 seconds
[2025-07-08T10:04:10.514+0000] {processor.py:161} INFO - Started process (PID=7546) to work on /home/airflow/.local/lib/python3.8/site-packages/airflow/example_dags/example_latest_only_with_trigger.py
[2025-07-08T10:04:10.516+0000] {processor.py:830} INFO - Processing file /home/airflow/.local/lib/python3.8/site-packages/airflow/example_dags/example_latest_only_with_trigger.py for tasks to queue
[2025-07-08T10:04:10.519+0000] {logging_mixin.py:188} INFO - [2025-07-08T10:04:10.519+0000] {dagbag.py:538} INFO - Filling up the DagBag from /home/airflow/.local/lib/python3.8/site-packages/airflow/example_dags/example_latest_only_with_trigger.py
[2025-07-08T10:04:10.532+0000] {processor.py:840} INFO - DAG(s) 'latest_only_with_trigger' retrieved from /home/airflow/.local/lib/python3.8/site-packages/airflow/example_dags/example_latest_only_with_trigger.py
[2025-07-08T10:04:10.593+0000] {logging_mixin.py:188} INFO - [2025-07-08T10:04:10.592+0000] {dag.py:3036} INFO - Sync 1 DAGs
[2025-07-08T10:04:10.643+0000] {logging_mixin.py:188} INFO - [2025-07-08T10:04:10.642+0000] {dag.py:3823} INFO - Setting next_dagrun for latest_only_with_trigger to 2025-07-08 04:00:00+00:00, run_after=2025-07-08 08:00:00+00:00
[2025-07-08T10:04:10.692+0000] {processor.py:183} INFO - Processing /home/airflow/.local/lib/python3.8/site-packages/airflow/example_dags/example_latest_only_with_trigger.py took 0.185 seconds
[2025-07-08T10:04:41.332+0000] {processor.py:161} INFO - Started process (PID=7614) to work on /home/airflow/.local/lib/python3.8/site-packages/airflow/example_dags/example_latest_only_with_trigger.py
[2025-07-08T10:04:41.340+0000] {processor.py:830} INFO - Processing file /home/airflow/.local/lib/python3.8/site-packages/airflow/example_dags/example_latest_only_with_trigger.py for tasks to queue
[2025-07-08T10:04:41.343+0000] {logging_mixin.py:188} INFO - [2025-07-08T10:04:41.342+0000] {dagbag.py:538} INFO - Filling up the DagBag from /home/airflow/.local/lib/python3.8/site-packages/airflow/example_dags/example_latest_only_with_trigger.py
[2025-07-08T10:04:41.366+0000] {processor.py:840} INFO - DAG(s) 'latest_only_with_trigger' retrieved from /home/airflow/.local/lib/python3.8/site-packages/airflow/example_dags/example_latest_only_with_trigger.py
[2025-07-08T10:04:41.486+0000] {logging_mixin.py:188} INFO - [2025-07-08T10:04:41.485+0000] {dag.py:3036} INFO - Sync 1 DAGs
[2025-07-08T10:04:41.596+0000] {logging_mixin.py:188} INFO - [2025-07-08T10:04:41.595+0000] {dag.py:3823} INFO - Setting next_dagrun for latest_only_with_trigger to 2025-07-08 04:00:00+00:00, run_after=2025-07-08 08:00:00+00:00
[2025-07-08T10:04:41.629+0000] {processor.py:183} INFO - Processing /home/airflow/.local/lib/python3.8/site-packages/airflow/example_dags/example_latest_only_with_trigger.py took 0.317 seconds
[2025-07-08T10:05:12.582+0000] {processor.py:161} INFO - Started process (PID=7682) to work on /home/airflow/.local/lib/python3.8/site-packages/airflow/example_dags/example_latest_only_with_trigger.py
[2025-07-08T10:05:12.583+0000] {processor.py:830} INFO - Processing file /home/airflow/.local/lib/python3.8/site-packages/airflow/example_dags/example_latest_only_with_trigger.py for tasks to queue
[2025-07-08T10:05:12.587+0000] {logging_mixin.py:188} INFO - [2025-07-08T10:05:12.586+0000] {dagbag.py:538} INFO - Filling up the DagBag from /home/airflow/.local/lib/python3.8/site-packages/airflow/example_dags/example_latest_only_with_trigger.py
[2025-07-08T10:05:12.598+0000] {processor.py:840} INFO - DAG(s) 'latest_only_with_trigger' retrieved from /home/airflow/.local/lib/python3.8/site-packages/airflow/example_dags/example_latest_only_with_trigger.py
[2025-07-08T10:05:12.639+0000] {logging_mixin.py:188} INFO - [2025-07-08T10:05:12.638+0000] {dag.py:3036} INFO - Sync 1 DAGs
[2025-07-08T10:05:12.684+0000] {logging_mixin.py:188} INFO - [2025-07-08T10:05:12.683+0000] {dag.py:3823} INFO - Setting next_dagrun for latest_only_with_trigger to 2025-07-08 04:00:00+00:00, run_after=2025-07-08 08:00:00+00:00
[2025-07-08T10:05:12.720+0000] {processor.py:183} INFO - Processing /home/airflow/.local/lib/python3.8/site-packages/airflow/example_dags/example_latest_only_with_trigger.py took 0.145 seconds
[2025-07-08T10:05:43.089+0000] {processor.py:161} INFO - Started process (PID=7751) to work on /home/airflow/.local/lib/python3.8/site-packages/airflow/example_dags/example_latest_only_with_trigger.py
[2025-07-08T10:05:43.093+0000] {processor.py:830} INFO - Processing file /home/airflow/.local/lib/python3.8/site-packages/airflow/example_dags/example_latest_only_with_trigger.py for tasks to queue
[2025-07-08T10:05:43.098+0000] {logging_mixin.py:188} INFO - [2025-07-08T10:05:43.098+0000] {dagbag.py:538} INFO - Filling up the DagBag from /home/airflow/.local/lib/python3.8/site-packages/airflow/example_dags/example_latest_only_with_trigger.py
[2025-07-08T10:05:43.117+0000] {processor.py:840} INFO - DAG(s) 'latest_only_with_trigger' retrieved from /home/airflow/.local/lib/python3.8/site-packages/airflow/example_dags/example_latest_only_with_trigger.py
[2025-07-08T10:05:43.184+0000] {logging_mixin.py:188} INFO - [2025-07-08T10:05:43.184+0000] {dag.py:3036} INFO - Sync 1 DAGs
[2025-07-08T10:05:43.229+0000] {logging_mixin.py:188} INFO - [2025-07-08T10:05:43.228+0000] {dag.py:3823} INFO - Setting next_dagrun for latest_only_with_trigger to 2025-07-08 04:00:00+00:00, run_after=2025-07-08 08:00:00+00:00
[2025-07-08T10:05:43.345+0000] {processor.py:183} INFO - Processing /home/airflow/.local/lib/python3.8/site-packages/airflow/example_dags/example_latest_only_with_trigger.py took 0.270 seconds
[2025-07-08T10:06:13.621+0000] {processor.py:161} INFO - Started process (PID=7818) to work on /home/airflow/.local/lib/python3.8/site-packages/airflow/example_dags/example_latest_only_with_trigger.py
[2025-07-08T10:06:13.623+0000] {processor.py:830} INFO - Processing file /home/airflow/.local/lib/python3.8/site-packages/airflow/example_dags/example_latest_only_with_trigger.py for tasks to queue
[2025-07-08T10:06:13.649+0000] {logging_mixin.py:188} INFO - [2025-07-08T10:06:13.649+0000] {dagbag.py:538} INFO - Filling up the DagBag from /home/airflow/.local/lib/python3.8/site-packages/airflow/example_dags/example_latest_only_with_trigger.py
[2025-07-08T10:06:13.676+0000] {processor.py:840} INFO - DAG(s) 'latest_only_with_trigger' retrieved from /home/airflow/.local/lib/python3.8/site-packages/airflow/example_dags/example_latest_only_with_trigger.py
[2025-07-08T10:06:13.753+0000] {logging_mixin.py:188} INFO - [2025-07-08T10:06:13.753+0000] {dag.py:3036} INFO - Sync 1 DAGs
[2025-07-08T10:06:13.834+0000] {logging_mixin.py:188} INFO - [2025-07-08T10:06:13.834+0000] {dag.py:3823} INFO - Setting next_dagrun for latest_only_with_trigger to 2025-07-08 04:00:00+00:00, run_after=2025-07-08 08:00:00+00:00
[2025-07-08T10:06:13.906+0000] {processor.py:183} INFO - Processing /home/airflow/.local/lib/python3.8/site-packages/airflow/example_dags/example_latest_only_with_trigger.py took 0.318 seconds
[2025-07-08T10:06:44.752+0000] {processor.py:161} INFO - Started process (PID=7878) to work on /home/airflow/.local/lib/python3.8/site-packages/airflow/example_dags/example_latest_only_with_trigger.py
[2025-07-08T10:06:44.754+0000] {processor.py:830} INFO - Processing file /home/airflow/.local/lib/python3.8/site-packages/airflow/example_dags/example_latest_only_with_trigger.py for tasks to queue
[2025-07-08T10:06:44.762+0000] {logging_mixin.py:188} INFO - [2025-07-08T10:06:44.761+0000] {dagbag.py:538} INFO - Filling up the DagBag from /home/airflow/.local/lib/python3.8/site-packages/airflow/example_dags/example_latest_only_with_trigger.py
[2025-07-08T10:06:44.779+0000] {processor.py:840} INFO - DAG(s) 'latest_only_with_trigger' retrieved from /home/airflow/.local/lib/python3.8/site-packages/airflow/example_dags/example_latest_only_with_trigger.py
[2025-07-08T10:06:44.814+0000] {logging_mixin.py:188} INFO - [2025-07-08T10:06:44.814+0000] {dag.py:3036} INFO - Sync 1 DAGs
[2025-07-08T10:06:44.858+0000] {logging_mixin.py:188} INFO - [2025-07-08T10:06:44.857+0000] {dag.py:3823} INFO - Setting next_dagrun for latest_only_with_trigger to 2025-07-08 04:00:00+00:00, run_after=2025-07-08 08:00:00+00:00
[2025-07-08T10:06:44.895+0000] {processor.py:183} INFO - Processing /home/airflow/.local/lib/python3.8/site-packages/airflow/example_dags/example_latest_only_with_trigger.py took 0.158 seconds
[2025-07-08T10:07:15.397+0000] {processor.py:161} INFO - Started process (PID=7946) to work on /home/airflow/.local/lib/python3.8/site-packages/airflow/example_dags/example_latest_only_with_trigger.py
[2025-07-08T10:07:15.399+0000] {processor.py:830} INFO - Processing file /home/airflow/.local/lib/python3.8/site-packages/airflow/example_dags/example_latest_only_with_trigger.py for tasks to queue
[2025-07-08T10:07:15.402+0000] {logging_mixin.py:188} INFO - [2025-07-08T10:07:15.401+0000] {dagbag.py:538} INFO - Filling up the DagBag from /home/airflow/.local/lib/python3.8/site-packages/airflow/example_dags/example_latest_only_with_trigger.py
[2025-07-08T10:07:15.411+0000] {processor.py:840} INFO - DAG(s) 'latest_only_with_trigger' retrieved from /home/airflow/.local/lib/python3.8/site-packages/airflow/example_dags/example_latest_only_with_trigger.py
[2025-07-08T10:07:15.446+0000] {logging_mixin.py:188} INFO - [2025-07-08T10:07:15.446+0000] {dag.py:3036} INFO - Sync 1 DAGs
[2025-07-08T10:07:15.483+0000] {logging_mixin.py:188} INFO - [2025-07-08T10:07:15.483+0000] {dag.py:3823} INFO - Setting next_dagrun for latest_only_with_trigger to 2025-07-08 04:00:00+00:00, run_after=2025-07-08 08:00:00+00:00
[2025-07-08T10:07:15.518+0000] {processor.py:183} INFO - Processing /home/airflow/.local/lib/python3.8/site-packages/airflow/example_dags/example_latest_only_with_trigger.py took 0.129 seconds
[2025-07-08T10:07:46.284+0000] {processor.py:161} INFO - Started process (PID=8013) to work on /home/airflow/.local/lib/python3.8/site-packages/airflow/example_dags/example_latest_only_with_trigger.py
[2025-07-08T10:07:46.286+0000] {processor.py:830} INFO - Processing file /home/airflow/.local/lib/python3.8/site-packages/airflow/example_dags/example_latest_only_with_trigger.py for tasks to queue
[2025-07-08T10:07:46.289+0000] {logging_mixin.py:188} INFO - [2025-07-08T10:07:46.288+0000] {dagbag.py:538} INFO - Filling up the DagBag from /home/airflow/.local/lib/python3.8/site-packages/airflow/example_dags/example_latest_only_with_trigger.py
[2025-07-08T10:07:46.301+0000] {processor.py:840} INFO - DAG(s) 'latest_only_with_trigger' retrieved from /home/airflow/.local/lib/python3.8/site-packages/airflow/example_dags/example_latest_only_with_trigger.py
[2025-07-08T10:07:46.344+0000] {logging_mixin.py:188} INFO - [2025-07-08T10:07:46.343+0000] {dag.py:3036} INFO - Sync 1 DAGs
[2025-07-08T10:07:46.390+0000] {logging_mixin.py:188} INFO - [2025-07-08T10:07:46.390+0000] {dag.py:3823} INFO - Setting next_dagrun for latest_only_with_trigger to 2025-07-08 04:00:00+00:00, run_after=2025-07-08 08:00:00+00:00
[2025-07-08T10:07:46.438+0000] {processor.py:183} INFO - Processing /home/airflow/.local/lib/python3.8/site-packages/airflow/example_dags/example_latest_only_with_trigger.py took 0.161 seconds
[2025-07-08T10:08:16.959+0000] {processor.py:161} INFO - Started process (PID=8079) to work on /home/airflow/.local/lib/python3.8/site-packages/airflow/example_dags/example_latest_only_with_trigger.py
[2025-07-08T10:08:16.961+0000] {processor.py:830} INFO - Processing file /home/airflow/.local/lib/python3.8/site-packages/airflow/example_dags/example_latest_only_with_trigger.py for tasks to queue
[2025-07-08T10:08:16.963+0000] {logging_mixin.py:188} INFO - [2025-07-08T10:08:16.963+0000] {dagbag.py:538} INFO - Filling up the DagBag from /home/airflow/.local/lib/python3.8/site-packages/airflow/example_dags/example_latest_only_with_trigger.py
[2025-07-08T10:08:16.992+0000] {processor.py:840} INFO - DAG(s) 'latest_only_with_trigger' retrieved from /home/airflow/.local/lib/python3.8/site-packages/airflow/example_dags/example_latest_only_with_trigger.py
[2025-07-08T10:08:17.058+0000] {logging_mixin.py:188} INFO - [2025-07-08T10:08:17.058+0000] {dag.py:3036} INFO - Sync 1 DAGs
[2025-07-08T10:08:17.103+0000] {logging_mixin.py:188} INFO - [2025-07-08T10:08:17.102+0000] {dag.py:3823} INFO - Setting next_dagrun for latest_only_with_trigger to 2025-07-08 04:00:00+00:00, run_after=2025-07-08 08:00:00+00:00
[2025-07-08T10:08:17.138+0000] {processor.py:183} INFO - Processing /home/airflow/.local/lib/python3.8/site-packages/airflow/example_dags/example_latest_only_with_trigger.py took 0.185 seconds
[2025-07-08T10:08:47.907+0000] {processor.py:161} INFO - Started process (PID=8138) to work on /home/airflow/.local/lib/python3.8/site-packages/airflow/example_dags/example_latest_only_with_trigger.py
[2025-07-08T10:08:47.917+0000] {processor.py:830} INFO - Processing file /home/airflow/.local/lib/python3.8/site-packages/airflow/example_dags/example_latest_only_with_trigger.py for tasks to queue
[2025-07-08T10:08:47.921+0000] {logging_mixin.py:188} INFO - [2025-07-08T10:08:47.920+0000] {dagbag.py:538} INFO - Filling up the DagBag from /home/airflow/.local/lib/python3.8/site-packages/airflow/example_dags/example_latest_only_with_trigger.py
[2025-07-08T10:08:47.950+0000] {processor.py:840} INFO - DAG(s) 'latest_only_with_trigger' retrieved from /home/airflow/.local/lib/python3.8/site-packages/airflow/example_dags/example_latest_only_with_trigger.py
[2025-07-08T10:08:48.042+0000] {logging_mixin.py:188} INFO - [2025-07-08T10:08:48.041+0000] {dag.py:3036} INFO - Sync 1 DAGs
[2025-07-08T10:08:48.138+0000] {logging_mixin.py:188} INFO - [2025-07-08T10:08:48.138+0000] {dag.py:3823} INFO - Setting next_dagrun for latest_only_with_trigger to 2025-07-08 04:00:00+00:00, run_after=2025-07-08 08:00:00+00:00
[2025-07-08T10:08:48.210+0000] {processor.py:183} INFO - Processing /home/airflow/.local/lib/python3.8/site-packages/airflow/example_dags/example_latest_only_with_trigger.py took 0.315 seconds
[2025-07-08T10:09:18.468+0000] {processor.py:161} INFO - Started process (PID=8203) to work on /home/airflow/.local/lib/python3.8/site-packages/airflow/example_dags/example_latest_only_with_trigger.py
[2025-07-08T10:09:18.473+0000] {processor.py:830} INFO - Processing file /home/airflow/.local/lib/python3.8/site-packages/airflow/example_dags/example_latest_only_with_trigger.py for tasks to queue
[2025-07-08T10:09:18.482+0000] {logging_mixin.py:188} INFO - [2025-07-08T10:09:18.481+0000] {dagbag.py:538} INFO - Filling up the DagBag from /home/airflow/.local/lib/python3.8/site-packages/airflow/example_dags/example_latest_only_with_trigger.py
[2025-07-08T10:09:18.496+0000] {processor.py:840} INFO - DAG(s) 'latest_only_with_trigger' retrieved from /home/airflow/.local/lib/python3.8/site-packages/airflow/example_dags/example_latest_only_with_trigger.py
[2025-07-08T10:09:18.547+0000] {logging_mixin.py:188} INFO - [2025-07-08T10:09:18.547+0000] {dag.py:3036} INFO - Sync 1 DAGs
[2025-07-08T10:09:18.605+0000] {logging_mixin.py:188} INFO - [2025-07-08T10:09:18.604+0000] {dag.py:3823} INFO - Setting next_dagrun for latest_only_with_trigger to 2025-07-08 04:00:00+00:00, run_after=2025-07-08 08:00:00+00:00
[2025-07-08T10:09:18.640+0000] {processor.py:183} INFO - Processing /home/airflow/.local/lib/python3.8/site-packages/airflow/example_dags/example_latest_only_with_trigger.py took 0.184 seconds
[2025-07-08T10:09:49.453+0000] {processor.py:161} INFO - Started process (PID=8271) to work on /home/airflow/.local/lib/python3.8/site-packages/airflow/example_dags/example_latest_only_with_trigger.py
[2025-07-08T10:09:49.455+0000] {processor.py:830} INFO - Processing file /home/airflow/.local/lib/python3.8/site-packages/airflow/example_dags/example_latest_only_with_trigger.py for tasks to queue
[2025-07-08T10:09:49.459+0000] {logging_mixin.py:188} INFO - [2025-07-08T10:09:49.458+0000] {dagbag.py:538} INFO - Filling up the DagBag from /home/airflow/.local/lib/python3.8/site-packages/airflow/example_dags/example_latest_only_with_trigger.py
[2025-07-08T10:09:49.470+0000] {processor.py:840} INFO - DAG(s) 'latest_only_with_trigger' retrieved from /home/airflow/.local/lib/python3.8/site-packages/airflow/example_dags/example_latest_only_with_trigger.py
[2025-07-08T10:09:49.531+0000] {logging_mixin.py:188} INFO - [2025-07-08T10:09:49.530+0000] {dag.py:3036} INFO - Sync 1 DAGs
[2025-07-08T10:09:49.603+0000] {logging_mixin.py:188} INFO - [2025-07-08T10:09:49.603+0000] {dag.py:3823} INFO - Setting next_dagrun for latest_only_with_trigger to 2025-07-08 04:00:00+00:00, run_after=2025-07-08 08:00:00+00:00
[2025-07-08T10:09:49.639+0000] {processor.py:183} INFO - Processing /home/airflow/.local/lib/python3.8/site-packages/airflow/example_dags/example_latest_only_with_trigger.py took 0.194 seconds
[2025-07-08T10:10:19.761+0000] {processor.py:161} INFO - Started process (PID=8340) to work on /home/airflow/.local/lib/python3.8/site-packages/airflow/example_dags/example_latest_only_with_trigger.py
[2025-07-08T10:10:19.763+0000] {processor.py:830} INFO - Processing file /home/airflow/.local/lib/python3.8/site-packages/airflow/example_dags/example_latest_only_with_trigger.py for tasks to queue
[2025-07-08T10:10:19.767+0000] {logging_mixin.py:188} INFO - [2025-07-08T10:10:19.766+0000] {dagbag.py:538} INFO - Filling up the DagBag from /home/airflow/.local/lib/python3.8/site-packages/airflow/example_dags/example_latest_only_with_trigger.py
[2025-07-08T10:10:19.778+0000] {processor.py:840} INFO - DAG(s) 'latest_only_with_trigger' retrieved from /home/airflow/.local/lib/python3.8/site-packages/airflow/example_dags/example_latest_only_with_trigger.py
[2025-07-08T10:10:19.833+0000] {logging_mixin.py:188} INFO - [2025-07-08T10:10:19.833+0000] {dag.py:3036} INFO - Sync 1 DAGs
[2025-07-08T10:10:19.882+0000] {logging_mixin.py:188} INFO - [2025-07-08T10:10:19.881+0000] {dag.py:3823} INFO - Setting next_dagrun for latest_only_with_trigger to 2025-07-08 04:00:00+00:00, run_after=2025-07-08 08:00:00+00:00
[2025-07-08T10:10:19.920+0000] {processor.py:183} INFO - Processing /home/airflow/.local/lib/python3.8/site-packages/airflow/example_dags/example_latest_only_with_trigger.py took 0.165 seconds
[2025-07-08T10:10:50.011+0000] {processor.py:161} INFO - Started process (PID=8407) to work on /home/airflow/.local/lib/python3.8/site-packages/airflow/example_dags/example_latest_only_with_trigger.py
[2025-07-08T10:10:50.013+0000] {processor.py:830} INFO - Processing file /home/airflow/.local/lib/python3.8/site-packages/airflow/example_dags/example_latest_only_with_trigger.py for tasks to queue
[2025-07-08T10:10:50.016+0000] {logging_mixin.py:188} INFO - [2025-07-08T10:10:50.016+0000] {dagbag.py:538} INFO - Filling up the DagBag from /home/airflow/.local/lib/python3.8/site-packages/airflow/example_dags/example_latest_only_with_trigger.py
[2025-07-08T10:10:50.029+0000] {processor.py:840} INFO - DAG(s) 'latest_only_with_trigger' retrieved from /home/airflow/.local/lib/python3.8/site-packages/airflow/example_dags/example_latest_only_with_trigger.py
[2025-07-08T10:10:50.067+0000] {logging_mixin.py:188} INFO - [2025-07-08T10:10:50.066+0000] {dag.py:3036} INFO - Sync 1 DAGs
[2025-07-08T10:10:50.114+0000] {logging_mixin.py:188} INFO - [2025-07-08T10:10:50.114+0000] {dag.py:3823} INFO - Setting next_dagrun for latest_only_with_trigger to 2025-07-08 04:00:00+00:00, run_after=2025-07-08 08:00:00+00:00
[2025-07-08T10:10:50.158+0000] {processor.py:183} INFO - Processing /home/airflow/.local/lib/python3.8/site-packages/airflow/example_dags/example_latest_only_with_trigger.py took 0.153 seconds
[2025-07-08T10:11:20.808+0000] {processor.py:161} INFO - Started process (PID=8475) to work on /home/airflow/.local/lib/python3.8/site-packages/airflow/example_dags/example_latest_only_with_trigger.py
[2025-07-08T10:11:20.810+0000] {processor.py:830} INFO - Processing file /home/airflow/.local/lib/python3.8/site-packages/airflow/example_dags/example_latest_only_with_trigger.py for tasks to queue
[2025-07-08T10:11:20.830+0000] {logging_mixin.py:188} INFO - [2025-07-08T10:11:20.820+0000] {dagbag.py:538} INFO - Filling up the DagBag from /home/airflow/.local/lib/python3.8/site-packages/airflow/example_dags/example_latest_only_with_trigger.py
[2025-07-08T10:11:20.869+0000] {processor.py:840} INFO - DAG(s) 'latest_only_with_trigger' retrieved from /home/airflow/.local/lib/python3.8/site-packages/airflow/example_dags/example_latest_only_with_trigger.py
[2025-07-08T10:11:20.916+0000] {logging_mixin.py:188} INFO - [2025-07-08T10:11:20.915+0000] {dag.py:3036} INFO - Sync 1 DAGs
[2025-07-08T10:11:20.961+0000] {logging_mixin.py:188} INFO - [2025-07-08T10:11:20.961+0000] {dag.py:3823} INFO - Setting next_dagrun for latest_only_with_trigger to 2025-07-08 04:00:00+00:00, run_after=2025-07-08 08:00:00+00:00
[2025-07-08T10:11:20.998+0000] {processor.py:183} INFO - Processing /home/airflow/.local/lib/python3.8/site-packages/airflow/example_dags/example_latest_only_with_trigger.py took 0.204 seconds
[2025-07-08T10:11:51.388+0000] {processor.py:161} INFO - Started process (PID=8535) to work on /home/airflow/.local/lib/python3.8/site-packages/airflow/example_dags/example_latest_only_with_trigger.py
[2025-07-08T10:11:51.391+0000] {processor.py:830} INFO - Processing file /home/airflow/.local/lib/python3.8/site-packages/airflow/example_dags/example_latest_only_with_trigger.py for tasks to queue
[2025-07-08T10:11:51.394+0000] {logging_mixin.py:188} INFO - [2025-07-08T10:11:51.393+0000] {dagbag.py:538} INFO - Filling up the DagBag from /home/airflow/.local/lib/python3.8/site-packages/airflow/example_dags/example_latest_only_with_trigger.py
[2025-07-08T10:11:51.405+0000] {processor.py:840} INFO - DAG(s) 'latest_only_with_trigger' retrieved from /home/airflow/.local/lib/python3.8/site-packages/airflow/example_dags/example_latest_only_with_trigger.py
[2025-07-08T10:11:51.444+0000] {logging_mixin.py:188} INFO - [2025-07-08T10:11:51.444+0000] {dag.py:3036} INFO - Sync 1 DAGs
[2025-07-08T10:11:51.488+0000] {logging_mixin.py:188} INFO - [2025-07-08T10:11:51.487+0000] {dag.py:3823} INFO - Setting next_dagrun for latest_only_with_trigger to 2025-07-08 04:00:00+00:00, run_after=2025-07-08 08:00:00+00:00
[2025-07-08T10:11:51.522+0000] {processor.py:183} INFO - Processing /home/airflow/.local/lib/python3.8/site-packages/airflow/example_dags/example_latest_only_with_trigger.py took 0.140 seconds
[2025-07-08T10:12:22.742+0000] {processor.py:161} INFO - Started process (PID=8604) to work on /home/airflow/.local/lib/python3.8/site-packages/airflow/example_dags/example_latest_only_with_trigger.py
[2025-07-08T10:12:22.743+0000] {processor.py:830} INFO - Processing file /home/airflow/.local/lib/python3.8/site-packages/airflow/example_dags/example_latest_only_with_trigger.py for tasks to queue
[2025-07-08T10:12:22.746+0000] {logging_mixin.py:188} INFO - [2025-07-08T10:12:22.746+0000] {dagbag.py:538} INFO - Filling up the DagBag from /home/airflow/.local/lib/python3.8/site-packages/airflow/example_dags/example_latest_only_with_trigger.py
[2025-07-08T10:12:22.759+0000] {processor.py:840} INFO - DAG(s) 'latest_only_with_trigger' retrieved from /home/airflow/.local/lib/python3.8/site-packages/airflow/example_dags/example_latest_only_with_trigger.py
[2025-07-08T10:12:22.803+0000] {logging_mixin.py:188} INFO - [2025-07-08T10:12:22.802+0000] {dag.py:3036} INFO - Sync 1 DAGs
[2025-07-08T10:12:22.850+0000] {logging_mixin.py:188} INFO - [2025-07-08T10:12:22.850+0000] {dag.py:3823} INFO - Setting next_dagrun for latest_only_with_trigger to 2025-07-08 04:00:00+00:00, run_after=2025-07-08 08:00:00+00:00
[2025-07-08T10:12:22.893+0000] {processor.py:183} INFO - Processing /home/airflow/.local/lib/python3.8/site-packages/airflow/example_dags/example_latest_only_with_trigger.py took 0.158 seconds
[2025-07-08T10:12:53.423+0000] {processor.py:161} INFO - Started process (PID=8670) to work on /home/airflow/.local/lib/python3.8/site-packages/airflow/example_dags/example_latest_only_with_trigger.py
[2025-07-08T10:12:53.425+0000] {processor.py:830} INFO - Processing file /home/airflow/.local/lib/python3.8/site-packages/airflow/example_dags/example_latest_only_with_trigger.py for tasks to queue
[2025-07-08T10:12:53.428+0000] {logging_mixin.py:188} INFO - [2025-07-08T10:12:53.428+0000] {dagbag.py:538} INFO - Filling up the DagBag from /home/airflow/.local/lib/python3.8/site-packages/airflow/example_dags/example_latest_only_with_trigger.py
[2025-07-08T10:12:53.447+0000] {processor.py:840} INFO - DAG(s) 'latest_only_with_trigger' retrieved from /home/airflow/.local/lib/python3.8/site-packages/airflow/example_dags/example_latest_only_with_trigger.py
[2025-07-08T10:12:53.495+0000] {logging_mixin.py:188} INFO - [2025-07-08T10:12:53.494+0000] {dag.py:3036} INFO - Sync 1 DAGs
[2025-07-08T10:12:53.548+0000] {logging_mixin.py:188} INFO - [2025-07-08T10:12:53.547+0000] {dag.py:3823} INFO - Setting next_dagrun for latest_only_with_trigger to 2025-07-08 04:00:00+00:00, run_after=2025-07-08 08:00:00+00:00
[2025-07-08T10:12:53.599+0000] {processor.py:183} INFO - Processing /home/airflow/.local/lib/python3.8/site-packages/airflow/example_dags/example_latest_only_with_trigger.py took 0.183 seconds
[2025-07-08T10:13:24.605+0000] {processor.py:161} INFO - Started process (PID=8738) to work on /home/airflow/.local/lib/python3.8/site-packages/airflow/example_dags/example_latest_only_with_trigger.py
[2025-07-08T10:13:24.612+0000] {processor.py:830} INFO - Processing file /home/airflow/.local/lib/python3.8/site-packages/airflow/example_dags/example_latest_only_with_trigger.py for tasks to queue
[2025-07-08T10:13:24.615+0000] {logging_mixin.py:188} INFO - [2025-07-08T10:13:24.615+0000] {dagbag.py:538} INFO - Filling up the DagBag from /home/airflow/.local/lib/python3.8/site-packages/airflow/example_dags/example_latest_only_with_trigger.py
[2025-07-08T10:13:24.643+0000] {processor.py:840} INFO - DAG(s) 'latest_only_with_trigger' retrieved from /home/airflow/.local/lib/python3.8/site-packages/airflow/example_dags/example_latest_only_with_trigger.py
[2025-07-08T10:13:24.740+0000] {logging_mixin.py:188} INFO - [2025-07-08T10:13:24.740+0000] {dag.py:3036} INFO - Sync 1 DAGs
[2025-07-08T10:13:24.806+0000] {logging_mixin.py:188} INFO - [2025-07-08T10:13:24.805+0000] {dag.py:3823} INFO - Setting next_dagrun for latest_only_with_trigger to 2025-07-08 04:00:00+00:00, run_after=2025-07-08 08:00:00+00:00
[2025-07-08T10:13:25.216+0000] {processor.py:183} INFO - Processing /home/airflow/.local/lib/python3.8/site-packages/airflow/example_dags/example_latest_only_with_trigger.py took 0.625 seconds
[2025-07-08T10:13:55.481+0000] {processor.py:161} INFO - Started process (PID=8800) to work on /home/airflow/.local/lib/python3.8/site-packages/airflow/example_dags/example_latest_only_with_trigger.py
[2025-07-08T10:13:55.488+0000] {processor.py:830} INFO - Processing file /home/airflow/.local/lib/python3.8/site-packages/airflow/example_dags/example_latest_only_with_trigger.py for tasks to queue
[2025-07-08T10:13:55.491+0000] {logging_mixin.py:188} INFO - [2025-07-08T10:13:55.490+0000] {dagbag.py:538} INFO - Filling up the DagBag from /home/airflow/.local/lib/python3.8/site-packages/airflow/example_dags/example_latest_only_with_trigger.py
[2025-07-08T10:13:55.513+0000] {processor.py:840} INFO - DAG(s) 'latest_only_with_trigger' retrieved from /home/airflow/.local/lib/python3.8/site-packages/airflow/example_dags/example_latest_only_with_trigger.py
[2025-07-08T10:13:55.567+0000] {logging_mixin.py:188} INFO - [2025-07-08T10:13:55.567+0000] {dag.py:3036} INFO - Sync 1 DAGs
[2025-07-08T10:13:55.605+0000] {logging_mixin.py:188} INFO - [2025-07-08T10:13:55.605+0000] {dag.py:3823} INFO - Setting next_dagrun for latest_only_with_trigger to 2025-07-08 04:00:00+00:00, run_after=2025-07-08 08:00:00+00:00
[2025-07-08T10:13:55.637+0000] {processor.py:183} INFO - Processing /home/airflow/.local/lib/python3.8/site-packages/airflow/example_dags/example_latest_only_with_trigger.py took 0.170 seconds
[2025-07-08T10:14:26.766+0000] {processor.py:161} INFO - Started process (PID=8869) to work on /home/airflow/.local/lib/python3.8/site-packages/airflow/example_dags/example_latest_only_with_trigger.py
[2025-07-08T10:14:26.772+0000] {processor.py:830} INFO - Processing file /home/airflow/.local/lib/python3.8/site-packages/airflow/example_dags/example_latest_only_with_trigger.py for tasks to queue
[2025-07-08T10:14:26.776+0000] {logging_mixin.py:188} INFO - [2025-07-08T10:14:26.775+0000] {dagbag.py:538} INFO - Filling up the DagBag from /home/airflow/.local/lib/python3.8/site-packages/airflow/example_dags/example_latest_only_with_trigger.py
[2025-07-08T10:14:26.812+0000] {processor.py:840} INFO - DAG(s) 'latest_only_with_trigger' retrieved from /home/airflow/.local/lib/python3.8/site-packages/airflow/example_dags/example_latest_only_with_trigger.py
[2025-07-08T10:14:26.869+0000] {logging_mixin.py:188} INFO - [2025-07-08T10:14:26.869+0000] {dag.py:3036} INFO - Sync 1 DAGs
[2025-07-08T10:14:26.950+0000] {logging_mixin.py:188} INFO - [2025-07-08T10:14:26.949+0000] {dag.py:3823} INFO - Setting next_dagrun for latest_only_with_trigger to 2025-07-08 04:00:00+00:00, run_after=2025-07-08 08:00:00+00:00
[2025-07-08T10:14:27.002+0000] {processor.py:183} INFO - Processing /home/airflow/.local/lib/python3.8/site-packages/airflow/example_dags/example_latest_only_with_trigger.py took 0.283 seconds
[2025-07-08T10:14:59.077+0000] {processor.py:161} INFO - Started process (PID=8936) to work on /home/airflow/.local/lib/python3.8/site-packages/airflow/example_dags/example_latest_only_with_trigger.py
[2025-07-08T10:14:59.079+0000] {processor.py:830} INFO - Processing file /home/airflow/.local/lib/python3.8/site-packages/airflow/example_dags/example_latest_only_with_trigger.py for tasks to queue
[2025-07-08T10:14:59.082+0000] {logging_mixin.py:188} INFO - [2025-07-08T10:14:59.082+0000] {dagbag.py:538} INFO - Filling up the DagBag from /home/airflow/.local/lib/python3.8/site-packages/airflow/example_dags/example_latest_only_with_trigger.py
[2025-07-08T10:14:59.111+0000] {processor.py:840} INFO - DAG(s) 'latest_only_with_trigger' retrieved from /home/airflow/.local/lib/python3.8/site-packages/airflow/example_dags/example_latest_only_with_trigger.py
[2025-07-08T10:14:59.169+0000] {logging_mixin.py:188} INFO - [2025-07-08T10:14:59.169+0000] {dag.py:3036} INFO - Sync 1 DAGs
[2025-07-08T10:14:59.215+0000] {logging_mixin.py:188} INFO - [2025-07-08T10:14:59.215+0000] {dag.py:3823} INFO - Setting next_dagrun for latest_only_with_trigger to 2025-07-08 04:00:00+00:00, run_after=2025-07-08 08:00:00+00:00
[2025-07-08T10:14:59.315+0000] {processor.py:183} INFO - Processing /home/airflow/.local/lib/python3.8/site-packages/airflow/example_dags/example_latest_only_with_trigger.py took 0.252 seconds
[2025-07-08T10:15:30.741+0000] {processor.py:161} INFO - Started process (PID=9003) to work on /home/airflow/.local/lib/python3.8/site-packages/airflow/example_dags/example_latest_only_with_trigger.py
[2025-07-08T10:15:30.758+0000] {processor.py:830} INFO - Processing file /home/airflow/.local/lib/python3.8/site-packages/airflow/example_dags/example_latest_only_with_trigger.py for tasks to queue
[2025-07-08T10:15:30.774+0000] {logging_mixin.py:188} INFO - [2025-07-08T10:15:30.774+0000] {dagbag.py:538} INFO - Filling up the DagBag from /home/airflow/.local/lib/python3.8/site-packages/airflow/example_dags/example_latest_only_with_trigger.py
[2025-07-08T10:15:30.805+0000] {processor.py:840} INFO - DAG(s) 'latest_only_with_trigger' retrieved from /home/airflow/.local/lib/python3.8/site-packages/airflow/example_dags/example_latest_only_with_trigger.py
[2025-07-08T10:15:30.954+0000] {logging_mixin.py:188} INFO - [2025-07-08T10:15:30.951+0000] {dag.py:3036} INFO - Sync 1 DAGs
[2025-07-08T10:15:31.129+0000] {logging_mixin.py:188} INFO - [2025-07-08T10:15:31.128+0000] {dag.py:3823} INFO - Setting next_dagrun for latest_only_with_trigger to 2025-07-08 04:00:00+00:00, run_after=2025-07-08 08:00:00+00:00
[2025-07-08T10:15:31.280+0000] {processor.py:183} INFO - Processing /home/airflow/.local/lib/python3.8/site-packages/airflow/example_dags/example_latest_only_with_trigger.py took 0.558 seconds
[2025-07-08T10:16:01.564+0000] {processor.py:161} INFO - Started process (PID=9061) to work on /home/airflow/.local/lib/python3.8/site-packages/airflow/example_dags/example_latest_only_with_trigger.py
[2025-07-08T10:16:01.566+0000] {processor.py:830} INFO - Processing file /home/airflow/.local/lib/python3.8/site-packages/airflow/example_dags/example_latest_only_with_trigger.py for tasks to queue
[2025-07-08T10:16:01.590+0000] {logging_mixin.py:188} INFO - [2025-07-08T10:16:01.589+0000] {dagbag.py:538} INFO - Filling up the DagBag from /home/airflow/.local/lib/python3.8/site-packages/airflow/example_dags/example_latest_only_with_trigger.py
[2025-07-08T10:16:01.645+0000] {processor.py:840} INFO - DAG(s) 'latest_only_with_trigger' retrieved from /home/airflow/.local/lib/python3.8/site-packages/airflow/example_dags/example_latest_only_with_trigger.py
[2025-07-08T10:16:01.793+0000] {logging_mixin.py:188} INFO - [2025-07-08T10:16:01.793+0000] {dag.py:3036} INFO - Sync 1 DAGs
[2025-07-08T10:16:01.951+0000] {logging_mixin.py:188} INFO - [2025-07-08T10:16:01.951+0000] {dag.py:3823} INFO - Setting next_dagrun for latest_only_with_trigger to 2025-07-08 04:00:00+00:00, run_after=2025-07-08 08:00:00+00:00
[2025-07-08T10:16:02.079+0000] {processor.py:183} INFO - Processing /home/airflow/.local/lib/python3.8/site-packages/airflow/example_dags/example_latest_only_with_trigger.py took 0.566 seconds
[2025-07-08T10:16:32.574+0000] {processor.py:161} INFO - Started process (PID=9131) to work on /home/airflow/.local/lib/python3.8/site-packages/airflow/example_dags/example_latest_only_with_trigger.py
[2025-07-08T10:16:32.579+0000] {processor.py:830} INFO - Processing file /home/airflow/.local/lib/python3.8/site-packages/airflow/example_dags/example_latest_only_with_trigger.py for tasks to queue
[2025-07-08T10:16:32.582+0000] {logging_mixin.py:188} INFO - [2025-07-08T10:16:32.581+0000] {dagbag.py:538} INFO - Filling up the DagBag from /home/airflow/.local/lib/python3.8/site-packages/airflow/example_dags/example_latest_only_with_trigger.py
[2025-07-08T10:16:32.595+0000] {processor.py:840} INFO - DAG(s) 'latest_only_with_trigger' retrieved from /home/airflow/.local/lib/python3.8/site-packages/airflow/example_dags/example_latest_only_with_trigger.py
[2025-07-08T10:16:32.699+0000] {logging_mixin.py:188} INFO - [2025-07-08T10:16:32.698+0000] {dag.py:3036} INFO - Sync 1 DAGs
[2025-07-08T10:16:32.803+0000] {logging_mixin.py:188} INFO - [2025-07-08T10:16:32.802+0000] {dag.py:3823} INFO - Setting next_dagrun for latest_only_with_trigger to 2025-07-08 04:00:00+00:00, run_after=2025-07-08 08:00:00+00:00
[2025-07-08T10:16:32.942+0000] {processor.py:183} INFO - Processing /home/airflow/.local/lib/python3.8/site-packages/airflow/example_dags/example_latest_only_with_trigger.py took 0.374 seconds
[2025-07-08T10:17:03.571+0000] {processor.py:161} INFO - Started process (PID=9197) to work on /home/airflow/.local/lib/python3.8/site-packages/airflow/example_dags/example_latest_only_with_trigger.py
[2025-07-08T10:17:03.593+0000] {processor.py:830} INFO - Processing file /home/airflow/.local/lib/python3.8/site-packages/airflow/example_dags/example_latest_only_with_trigger.py for tasks to queue
[2025-07-08T10:17:03.602+0000] {logging_mixin.py:188} INFO - [2025-07-08T10:17:03.601+0000] {dagbag.py:538} INFO - Filling up the DagBag from /home/airflow/.local/lib/python3.8/site-packages/airflow/example_dags/example_latest_only_with_trigger.py
[2025-07-08T10:17:03.624+0000] {processor.py:840} INFO - DAG(s) 'latest_only_with_trigger' retrieved from /home/airflow/.local/lib/python3.8/site-packages/airflow/example_dags/example_latest_only_with_trigger.py
[2025-07-08T10:17:03.725+0000] {logging_mixin.py:188} INFO - [2025-07-08T10:17:03.724+0000] {dag.py:3036} INFO - Sync 1 DAGs
[2025-07-08T10:17:03.870+0000] {logging_mixin.py:188} INFO - [2025-07-08T10:17:03.870+0000] {dag.py:3823} INFO - Setting next_dagrun for latest_only_with_trigger to 2025-07-08 04:00:00+00:00, run_after=2025-07-08 08:00:00+00:00
[2025-07-08T10:17:03.978+0000] {processor.py:183} INFO - Processing /home/airflow/.local/lib/python3.8/site-packages/airflow/example_dags/example_latest_only_with_trigger.py took 0.413 seconds
[2025-07-08T10:17:35.225+0000] {processor.py:161} INFO - Started process (PID=9258) to work on /home/airflow/.local/lib/python3.8/site-packages/airflow/example_dags/example_latest_only_with_trigger.py
[2025-07-08T10:17:35.231+0000] {processor.py:830} INFO - Processing file /home/airflow/.local/lib/python3.8/site-packages/airflow/example_dags/example_latest_only_with_trigger.py for tasks to queue
[2025-07-08T10:17:35.234+0000] {logging_mixin.py:188} INFO - [2025-07-08T10:17:35.233+0000] {dagbag.py:538} INFO - Filling up the DagBag from /home/airflow/.local/lib/python3.8/site-packages/airflow/example_dags/example_latest_only_with_trigger.py
[2025-07-08T10:17:35.561+0000] {processor.py:840} INFO - DAG(s) 'latest_only_with_trigger' retrieved from /home/airflow/.local/lib/python3.8/site-packages/airflow/example_dags/example_latest_only_with_trigger.py
[2025-07-08T10:17:35.615+0000] {logging_mixin.py:188} INFO - [2025-07-08T10:17:35.615+0000] {dag.py:3036} INFO - Sync 1 DAGs
[2025-07-08T10:17:35.658+0000] {logging_mixin.py:188} INFO - [2025-07-08T10:17:35.657+0000] {dag.py:3823} INFO - Setting next_dagrun for latest_only_with_trigger to 2025-07-08 04:00:00+00:00, run_after=2025-07-08 08:00:00+00:00
[2025-07-08T10:17:35.706+0000] {processor.py:183} INFO - Processing /home/airflow/.local/lib/python3.8/site-packages/airflow/example_dags/example_latest_only_with_trigger.py took 0.488 seconds
[2025-07-08T10:18:08.823+0000] {processor.py:161} INFO - Started process (PID=9327) to work on /home/airflow/.local/lib/python3.8/site-packages/airflow/example_dags/example_latest_only_with_trigger.py
[2025-07-08T10:18:08.826+0000] {processor.py:830} INFO - Processing file /home/airflow/.local/lib/python3.8/site-packages/airflow/example_dags/example_latest_only_with_trigger.py for tasks to queue
[2025-07-08T10:18:08.829+0000] {logging_mixin.py:188} INFO - [2025-07-08T10:18:08.829+0000] {dagbag.py:538} INFO - Filling up the DagBag from /home/airflow/.local/lib/python3.8/site-packages/airflow/example_dags/example_latest_only_with_trigger.py
[2025-07-08T10:18:08.852+0000] {processor.py:840} INFO - DAG(s) 'latest_only_with_trigger' retrieved from /home/airflow/.local/lib/python3.8/site-packages/airflow/example_dags/example_latest_only_with_trigger.py
[2025-07-08T10:18:08.958+0000] {logging_mixin.py:188} INFO - [2025-07-08T10:18:08.958+0000] {dag.py:3036} INFO - Sync 1 DAGs
[2025-07-08T10:18:09.090+0000] {logging_mixin.py:188} INFO - [2025-07-08T10:18:09.090+0000] {dag.py:3823} INFO - Setting next_dagrun for latest_only_with_trigger to 2025-07-08 04:00:00+00:00, run_after=2025-07-08 08:00:00+00:00
[2025-07-08T10:18:09.236+0000] {processor.py:183} INFO - Processing /home/airflow/.local/lib/python3.8/site-packages/airflow/example_dags/example_latest_only_with_trigger.py took 0.435 seconds
[2025-07-08T10:18:39.608+0000] {processor.py:161} INFO - Started process (PID=9396) to work on /home/airflow/.local/lib/python3.8/site-packages/airflow/example_dags/example_latest_only_with_trigger.py
[2025-07-08T10:18:39.617+0000] {processor.py:830} INFO - Processing file /home/airflow/.local/lib/python3.8/site-packages/airflow/example_dags/example_latest_only_with_trigger.py for tasks to queue
[2025-07-08T10:18:39.621+0000] {logging_mixin.py:188} INFO - [2025-07-08T10:18:39.620+0000] {dagbag.py:538} INFO - Filling up the DagBag from /home/airflow/.local/lib/python3.8/site-packages/airflow/example_dags/example_latest_only_with_trigger.py
[2025-07-08T10:18:39.640+0000] {processor.py:840} INFO - DAG(s) 'latest_only_with_trigger' retrieved from /home/airflow/.local/lib/python3.8/site-packages/airflow/example_dags/example_latest_only_with_trigger.py
[2025-07-08T10:18:39.713+0000] {logging_mixin.py:188} INFO - [2025-07-08T10:18:39.713+0000] {dag.py:3036} INFO - Sync 1 DAGs
[2025-07-08T10:18:39.788+0000] {logging_mixin.py:188} INFO - [2025-07-08T10:18:39.788+0000] {dag.py:3823} INFO - Setting next_dagrun for latest_only_with_trigger to 2025-07-08 04:00:00+00:00, run_after=2025-07-08 08:00:00+00:00
[2025-07-08T10:18:39.838+0000] {processor.py:183} INFO - Processing /home/airflow/.local/lib/python3.8/site-packages/airflow/example_dags/example_latest_only_with_trigger.py took 0.237 seconds
[2025-07-08T10:19:10.889+0000] {processor.py:161} INFO - Started process (PID=9464) to work on /home/airflow/.local/lib/python3.8/site-packages/airflow/example_dags/example_latest_only_with_trigger.py
[2025-07-08T10:19:10.896+0000] {processor.py:830} INFO - Processing file /home/airflow/.local/lib/python3.8/site-packages/airflow/example_dags/example_latest_only_with_trigger.py for tasks to queue
[2025-07-08T10:19:10.899+0000] {logging_mixin.py:188} INFO - [2025-07-08T10:19:10.899+0000] {dagbag.py:538} INFO - Filling up the DagBag from /home/airflow/.local/lib/python3.8/site-packages/airflow/example_dags/example_latest_only_with_trigger.py
[2025-07-08T10:19:10.946+0000] {processor.py:840} INFO - DAG(s) 'latest_only_with_trigger' retrieved from /home/airflow/.local/lib/python3.8/site-packages/airflow/example_dags/example_latest_only_with_trigger.py
[2025-07-08T10:19:11.014+0000] {logging_mixin.py:188} INFO - [2025-07-08T10:19:11.013+0000] {dag.py:3036} INFO - Sync 1 DAGs
[2025-07-08T10:19:11.139+0000] {logging_mixin.py:188} INFO - [2025-07-08T10:19:11.139+0000] {dag.py:3823} INFO - Setting next_dagrun for latest_only_with_trigger to 2025-07-08 04:00:00+00:00, run_after=2025-07-08 08:00:00+00:00
[2025-07-08T10:19:11.270+0000] {processor.py:183} INFO - Processing /home/airflow/.local/lib/python3.8/site-packages/airflow/example_dags/example_latest_only_with_trigger.py took 0.420 seconds
[2025-07-08T10:19:42.314+0000] {processor.py:161} INFO - Started process (PID=9529) to work on /home/airflow/.local/lib/python3.8/site-packages/airflow/example_dags/example_latest_only_with_trigger.py
[2025-07-08T10:19:42.315+0000] {processor.py:830} INFO - Processing file /home/airflow/.local/lib/python3.8/site-packages/airflow/example_dags/example_latest_only_with_trigger.py for tasks to queue
[2025-07-08T10:19:42.329+0000] {logging_mixin.py:188} INFO - [2025-07-08T10:19:42.328+0000] {dagbag.py:538} INFO - Filling up the DagBag from /home/airflow/.local/lib/python3.8/site-packages/airflow/example_dags/example_latest_only_with_trigger.py
[2025-07-08T10:19:42.360+0000] {processor.py:840} INFO - DAG(s) 'latest_only_with_trigger' retrieved from /home/airflow/.local/lib/python3.8/site-packages/airflow/example_dags/example_latest_only_with_trigger.py
[2025-07-08T10:19:42.425+0000] {logging_mixin.py:188} INFO - [2025-07-08T10:19:42.424+0000] {dag.py:3036} INFO - Sync 1 DAGs
[2025-07-08T10:19:42.493+0000] {logging_mixin.py:188} INFO - [2025-07-08T10:19:42.493+0000] {dag.py:3823} INFO - Setting next_dagrun for latest_only_with_trigger to 2025-07-08 04:00:00+00:00, run_after=2025-07-08 08:00:00+00:00
[2025-07-08T10:19:42.548+0000] {processor.py:183} INFO - Processing /home/airflow/.local/lib/python3.8/site-packages/airflow/example_dags/example_latest_only_with_trigger.py took 0.254 seconds
[2025-07-08T10:20:13.528+0000] {processor.py:161} INFO - Started process (PID=9596) to work on /home/airflow/.local/lib/python3.8/site-packages/airflow/example_dags/example_latest_only_with_trigger.py
[2025-07-08T10:20:13.544+0000] {processor.py:830} INFO - Processing file /home/airflow/.local/lib/python3.8/site-packages/airflow/example_dags/example_latest_only_with_trigger.py for tasks to queue
[2025-07-08T10:20:13.547+0000] {logging_mixin.py:188} INFO - [2025-07-08T10:20:13.547+0000] {dagbag.py:538} INFO - Filling up the DagBag from /home/airflow/.local/lib/python3.8/site-packages/airflow/example_dags/example_latest_only_with_trigger.py
[2025-07-08T10:20:13.571+0000] {processor.py:840} INFO - DAG(s) 'latest_only_with_trigger' retrieved from /home/airflow/.local/lib/python3.8/site-packages/airflow/example_dags/example_latest_only_with_trigger.py
[2025-07-08T10:20:13.691+0000] {logging_mixin.py:188} INFO - [2025-07-08T10:20:13.690+0000] {dag.py:3036} INFO - Sync 1 DAGs
[2025-07-08T10:20:13.854+0000] {logging_mixin.py:188} INFO - [2025-07-08T10:20:13.854+0000] {dag.py:3823} INFO - Setting next_dagrun for latest_only_with_trigger to 2025-07-08 04:00:00+00:00, run_after=2025-07-08 08:00:00+00:00
[2025-07-08T10:20:14.040+0000] {processor.py:183} INFO - Processing /home/airflow/.local/lib/python3.8/site-packages/airflow/example_dags/example_latest_only_with_trigger.py took 0.535 seconds
[2025-07-08T10:20:44.631+0000] {processor.py:161} INFO - Started process (PID=9656) to work on /home/airflow/.local/lib/python3.8/site-packages/airflow/example_dags/example_latest_only_with_trigger.py
[2025-07-08T10:20:44.633+0000] {processor.py:830} INFO - Processing file /home/airflow/.local/lib/python3.8/site-packages/airflow/example_dags/example_latest_only_with_trigger.py for tasks to queue
[2025-07-08T10:20:44.644+0000] {logging_mixin.py:188} INFO - [2025-07-08T10:20:44.635+0000] {dagbag.py:538} INFO - Filling up the DagBag from /home/airflow/.local/lib/python3.8/site-packages/airflow/example_dags/example_latest_only_with_trigger.py
[2025-07-08T10:20:44.658+0000] {processor.py:840} INFO - DAG(s) 'latest_only_with_trigger' retrieved from /home/airflow/.local/lib/python3.8/site-packages/airflow/example_dags/example_latest_only_with_trigger.py
[2025-07-08T10:20:44.705+0000] {logging_mixin.py:188} INFO - [2025-07-08T10:20:44.704+0000] {dag.py:3036} INFO - Sync 1 DAGs
[2025-07-08T10:20:44.753+0000] {logging_mixin.py:188} INFO - [2025-07-08T10:20:44.753+0000] {dag.py:3823} INFO - Setting next_dagrun for latest_only_with_trigger to 2025-07-08 04:00:00+00:00, run_after=2025-07-08 08:00:00+00:00
[2025-07-08T10:20:44.826+0000] {processor.py:183} INFO - Processing /home/airflow/.local/lib/python3.8/site-packages/airflow/example_dags/example_latest_only_with_trigger.py took 0.212 seconds
[2025-07-08T10:21:16.913+0000] {processor.py:161} INFO - Started process (PID=9727) to work on /home/airflow/.local/lib/python3.8/site-packages/airflow/example_dags/example_latest_only_with_trigger.py
[2025-07-08T10:21:16.924+0000] {processor.py:830} INFO - Processing file /home/airflow/.local/lib/python3.8/site-packages/airflow/example_dags/example_latest_only_with_trigger.py for tasks to queue
[2025-07-08T10:21:16.927+0000] {logging_mixin.py:188} INFO - [2025-07-08T10:21:16.927+0000] {dagbag.py:538} INFO - Filling up the DagBag from /home/airflow/.local/lib/python3.8/site-packages/airflow/example_dags/example_latest_only_with_trigger.py
[2025-07-08T10:21:16.969+0000] {processor.py:840} INFO - DAG(s) 'latest_only_with_trigger' retrieved from /home/airflow/.local/lib/python3.8/site-packages/airflow/example_dags/example_latest_only_with_trigger.py
[2025-07-08T10:21:17.109+0000] {logging_mixin.py:188} INFO - [2025-07-08T10:21:17.109+0000] {dag.py:3036} INFO - Sync 1 DAGs
[2025-07-08T10:21:17.253+0000] {logging_mixin.py:188} INFO - [2025-07-08T10:21:17.252+0000] {dag.py:3823} INFO - Setting next_dagrun for latest_only_with_trigger to 2025-07-08 04:00:00+00:00, run_after=2025-07-08 08:00:00+00:00
[2025-07-08T10:21:17.418+0000] {processor.py:183} INFO - Processing /home/airflow/.local/lib/python3.8/site-packages/airflow/example_dags/example_latest_only_with_trigger.py took 0.534 seconds
[2025-07-08T10:21:49.675+0000] {processor.py:161} INFO - Started process (PID=9795) to work on /home/airflow/.local/lib/python3.8/site-packages/airflow/example_dags/example_latest_only_with_trigger.py
[2025-07-08T10:21:49.685+0000] {processor.py:830} INFO - Processing file /home/airflow/.local/lib/python3.8/site-packages/airflow/example_dags/example_latest_only_with_trigger.py for tasks to queue
[2025-07-08T10:21:49.697+0000] {logging_mixin.py:188} INFO - [2025-07-08T10:21:49.696+0000] {dagbag.py:538} INFO - Filling up the DagBag from /home/airflow/.local/lib/python3.8/site-packages/airflow/example_dags/example_latest_only_with_trigger.py
[2025-07-08T10:21:49.726+0000] {processor.py:840} INFO - DAG(s) 'latest_only_with_trigger' retrieved from /home/airflow/.local/lib/python3.8/site-packages/airflow/example_dags/example_latest_only_with_trigger.py
[2025-07-08T10:21:49.857+0000] {logging_mixin.py:188} INFO - [2025-07-08T10:21:49.855+0000] {dag.py:3036} INFO - Sync 1 DAGs
[2025-07-08T10:21:49.909+0000] {logging_mixin.py:188} INFO - [2025-07-08T10:21:49.908+0000] {dag.py:3823} INFO - Setting next_dagrun for latest_only_with_trigger to 2025-07-08 04:00:00+00:00, run_after=2025-07-08 08:00:00+00:00
[2025-07-08T10:21:50.007+0000] {processor.py:183} INFO - Processing /home/airflow/.local/lib/python3.8/site-packages/airflow/example_dags/example_latest_only_with_trigger.py took 0.342 seconds
[2025-07-08T10:22:21.396+0000] {processor.py:161} INFO - Started process (PID=9862) to work on /home/airflow/.local/lib/python3.8/site-packages/airflow/example_dags/example_latest_only_with_trigger.py
[2025-07-08T10:22:21.398+0000] {processor.py:830} INFO - Processing file /home/airflow/.local/lib/python3.8/site-packages/airflow/example_dags/example_latest_only_with_trigger.py for tasks to queue
[2025-07-08T10:22:21.401+0000] {logging_mixin.py:188} INFO - [2025-07-08T10:22:21.400+0000] {dagbag.py:538} INFO - Filling up the DagBag from /home/airflow/.local/lib/python3.8/site-packages/airflow/example_dags/example_latest_only_with_trigger.py
[2025-07-08T10:22:21.431+0000] {processor.py:840} INFO - DAG(s) 'latest_only_with_trigger' retrieved from /home/airflow/.local/lib/python3.8/site-packages/airflow/example_dags/example_latest_only_with_trigger.py
[2025-07-08T10:22:21.507+0000] {logging_mixin.py:188} INFO - [2025-07-08T10:22:21.507+0000] {dag.py:3036} INFO - Sync 1 DAGs
[2025-07-08T10:22:21.582+0000] {logging_mixin.py:188} INFO - [2025-07-08T10:22:21.582+0000] {dag.py:3823} INFO - Setting next_dagrun for latest_only_with_trigger to 2025-07-08 04:00:00+00:00, run_after=2025-07-08 08:00:00+00:00
[2025-07-08T10:22:21.646+0000] {processor.py:183} INFO - Processing /home/airflow/.local/lib/python3.8/site-packages/airflow/example_dags/example_latest_only_with_trigger.py took 0.264 seconds
[2025-07-08T10:22:51.863+0000] {processor.py:161} INFO - Started process (PID=9928) to work on /home/airflow/.local/lib/python3.8/site-packages/airflow/example_dags/example_latest_only_with_trigger.py
[2025-07-08T10:22:51.865+0000] {processor.py:830} INFO - Processing file /home/airflow/.local/lib/python3.8/site-packages/airflow/example_dags/example_latest_only_with_trigger.py for tasks to queue
[2025-07-08T10:22:51.868+0000] {logging_mixin.py:188} INFO - [2025-07-08T10:22:51.867+0000] {dagbag.py:538} INFO - Filling up the DagBag from /home/airflow/.local/lib/python3.8/site-packages/airflow/example_dags/example_latest_only_with_trigger.py
[2025-07-08T10:22:51.890+0000] {processor.py:840} INFO - DAG(s) 'latest_only_with_trigger' retrieved from /home/airflow/.local/lib/python3.8/site-packages/airflow/example_dags/example_latest_only_with_trigger.py
[2025-07-08T10:22:51.934+0000] {logging_mixin.py:188} INFO - [2025-07-08T10:22:51.934+0000] {dag.py:3036} INFO - Sync 1 DAGs
[2025-07-08T10:22:51.982+0000] {logging_mixin.py:188} INFO - [2025-07-08T10:22:51.981+0000] {dag.py:3823} INFO - Setting next_dagrun for latest_only_with_trigger to 2025-07-08 04:00:00+00:00, run_after=2025-07-08 08:00:00+00:00
[2025-07-08T10:22:52.027+0000] {processor.py:183} INFO - Processing /home/airflow/.local/lib/python3.8/site-packages/airflow/example_dags/example_latest_only_with_trigger.py took 0.177 seconds
[2025-07-08T10:23:22.290+0000] {processor.py:161} INFO - Started process (PID=9986) to work on /home/airflow/.local/lib/python3.8/site-packages/airflow/example_dags/example_latest_only_with_trigger.py
[2025-07-08T10:23:22.293+0000] {processor.py:830} INFO - Processing file /home/airflow/.local/lib/python3.8/site-packages/airflow/example_dags/example_latest_only_with_trigger.py for tasks to queue
[2025-07-08T10:23:22.295+0000] {logging_mixin.py:188} INFO - [2025-07-08T10:23:22.295+0000] {dagbag.py:538} INFO - Filling up the DagBag from /home/airflow/.local/lib/python3.8/site-packages/airflow/example_dags/example_latest_only_with_trigger.py
[2025-07-08T10:23:22.308+0000] {processor.py:840} INFO - DAG(s) 'latest_only_with_trigger' retrieved from /home/airflow/.local/lib/python3.8/site-packages/airflow/example_dags/example_latest_only_with_trigger.py
[2025-07-08T10:23:22.356+0000] {logging_mixin.py:188} INFO - [2025-07-08T10:23:22.356+0000] {dag.py:3036} INFO - Sync 1 DAGs
[2025-07-08T10:23:22.401+0000] {logging_mixin.py:188} INFO - [2025-07-08T10:23:22.400+0000] {dag.py:3823} INFO - Setting next_dagrun for latest_only_with_trigger to 2025-07-08 04:00:00+00:00, run_after=2025-07-08 08:00:00+00:00
[2025-07-08T10:23:22.436+0000] {processor.py:183} INFO - Processing /home/airflow/.local/lib/python3.8/site-packages/airflow/example_dags/example_latest_only_with_trigger.py took 0.152 seconds
[2025-07-08T10:23:52.579+0000] {processor.py:161} INFO - Started process (PID=10054) to work on /home/airflow/.local/lib/python3.8/site-packages/airflow/example_dags/example_latest_only_with_trigger.py
[2025-07-08T10:23:52.580+0000] {processor.py:830} INFO - Processing file /home/airflow/.local/lib/python3.8/site-packages/airflow/example_dags/example_latest_only_with_trigger.py for tasks to queue
[2025-07-08T10:23:52.584+0000] {logging_mixin.py:188} INFO - [2025-07-08T10:23:52.583+0000] {dagbag.py:538} INFO - Filling up the DagBag from /home/airflow/.local/lib/python3.8/site-packages/airflow/example_dags/example_latest_only_with_trigger.py
[2025-07-08T10:23:52.596+0000] {processor.py:840} INFO - DAG(s) 'latest_only_with_trigger' retrieved from /home/airflow/.local/lib/python3.8/site-packages/airflow/example_dags/example_latest_only_with_trigger.py
[2025-07-08T10:23:52.646+0000] {logging_mixin.py:188} INFO - [2025-07-08T10:23:52.646+0000] {dag.py:3036} INFO - Sync 1 DAGs
[2025-07-08T10:23:52.711+0000] {logging_mixin.py:188} INFO - [2025-07-08T10:23:52.711+0000] {dag.py:3823} INFO - Setting next_dagrun for latest_only_with_trigger to 2025-07-08 04:00:00+00:00, run_after=2025-07-08 08:00:00+00:00
[2025-07-08T10:23:52.762+0000] {processor.py:183} INFO - Processing /home/airflow/.local/lib/python3.8/site-packages/airflow/example_dags/example_latest_only_with_trigger.py took 0.191 seconds
[2025-07-08T10:24:23.135+0000] {processor.py:161} INFO - Started process (PID=10122) to work on /home/airflow/.local/lib/python3.8/site-packages/airflow/example_dags/example_latest_only_with_trigger.py
[2025-07-08T10:24:23.144+0000] {processor.py:830} INFO - Processing file /home/airflow/.local/lib/python3.8/site-packages/airflow/example_dags/example_latest_only_with_trigger.py for tasks to queue
[2025-07-08T10:24:23.147+0000] {logging_mixin.py:188} INFO - [2025-07-08T10:24:23.147+0000] {dagbag.py:538} INFO - Filling up the DagBag from /home/airflow/.local/lib/python3.8/site-packages/airflow/example_dags/example_latest_only_with_trigger.py
[2025-07-08T10:24:23.174+0000] {processor.py:840} INFO - DAG(s) 'latest_only_with_trigger' retrieved from /home/airflow/.local/lib/python3.8/site-packages/airflow/example_dags/example_latest_only_with_trigger.py
[2025-07-08T10:24:23.291+0000] {logging_mixin.py:188} INFO - [2025-07-08T10:24:23.290+0000] {dag.py:3036} INFO - Sync 1 DAGs
[2025-07-08T10:24:23.496+0000] {logging_mixin.py:188} INFO - [2025-07-08T10:24:23.495+0000] {dag.py:3823} INFO - Setting next_dagrun for latest_only_with_trigger to 2025-07-08 04:00:00+00:00, run_after=2025-07-08 08:00:00+00:00
[2025-07-08T10:24:23.652+0000] {processor.py:183} INFO - Processing /home/airflow/.local/lib/python3.8/site-packages/airflow/example_dags/example_latest_only_with_trigger.py took 0.586 seconds
[2025-07-08T10:24:53.731+0000] {processor.py:161} INFO - Started process (PID=10182) to work on /home/airflow/.local/lib/python3.8/site-packages/airflow/example_dags/example_latest_only_with_trigger.py
[2025-07-08T10:24:53.733+0000] {processor.py:830} INFO - Processing file /home/airflow/.local/lib/python3.8/site-packages/airflow/example_dags/example_latest_only_with_trigger.py for tasks to queue
[2025-07-08T10:24:53.735+0000] {logging_mixin.py:188} INFO - [2025-07-08T10:24:53.735+0000] {dagbag.py:538} INFO - Filling up the DagBag from /home/airflow/.local/lib/python3.8/site-packages/airflow/example_dags/example_latest_only_with_trigger.py
[2025-07-08T10:24:53.744+0000] {processor.py:840} INFO - DAG(s) 'latest_only_with_trigger' retrieved from /home/airflow/.local/lib/python3.8/site-packages/airflow/example_dags/example_latest_only_with_trigger.py
[2025-07-08T10:24:53.778+0000] {logging_mixin.py:188} INFO - [2025-07-08T10:24:53.777+0000] {dag.py:3036} INFO - Sync 1 DAGs
[2025-07-08T10:24:53.816+0000] {logging_mixin.py:188} INFO - [2025-07-08T10:24:53.816+0000] {dag.py:3823} INFO - Setting next_dagrun for latest_only_with_trigger to 2025-07-08 04:00:00+00:00, run_after=2025-07-08 08:00:00+00:00
[2025-07-08T10:24:53.846+0000] {processor.py:183} INFO - Processing /home/airflow/.local/lib/python3.8/site-packages/airflow/example_dags/example_latest_only_with_trigger.py took 0.120 seconds
[2025-07-08T10:25:25.892+0000] {processor.py:161} INFO - Started process (PID=10249) to work on /home/airflow/.local/lib/python3.8/site-packages/airflow/example_dags/example_latest_only_with_trigger.py
[2025-07-08T10:25:25.894+0000] {processor.py:830} INFO - Processing file /home/airflow/.local/lib/python3.8/site-packages/airflow/example_dags/example_latest_only_with_trigger.py for tasks to queue
[2025-07-08T10:25:25.897+0000] {logging_mixin.py:188} INFO - [2025-07-08T10:25:25.896+0000] {dagbag.py:538} INFO - Filling up the DagBag from /home/airflow/.local/lib/python3.8/site-packages/airflow/example_dags/example_latest_only_with_trigger.py
[2025-07-08T10:25:25.948+0000] {processor.py:840} INFO - DAG(s) 'latest_only_with_trigger' retrieved from /home/airflow/.local/lib/python3.8/site-packages/airflow/example_dags/example_latest_only_with_trigger.py
[2025-07-08T10:25:26.047+0000] {logging_mixin.py:188} INFO - [2025-07-08T10:25:26.047+0000] {dag.py:3036} INFO - Sync 1 DAGs
[2025-07-08T10:25:26.099+0000] {logging_mixin.py:188} INFO - [2025-07-08T10:25:26.098+0000] {dag.py:3823} INFO - Setting next_dagrun for latest_only_with_trigger to 2025-07-08 04:00:00+00:00, run_after=2025-07-08 08:00:00+00:00
[2025-07-08T10:25:26.165+0000] {processor.py:183} INFO - Processing /home/airflow/.local/lib/python3.8/site-packages/airflow/example_dags/example_latest_only_with_trigger.py took 0.295 seconds
[2025-07-08T10:25:58.340+0000] {processor.py:161} INFO - Started process (PID=10315) to work on /home/airflow/.local/lib/python3.8/site-packages/airflow/example_dags/example_latest_only_with_trigger.py
[2025-07-08T10:25:58.342+0000] {processor.py:830} INFO - Processing file /home/airflow/.local/lib/python3.8/site-packages/airflow/example_dags/example_latest_only_with_trigger.py for tasks to queue
[2025-07-08T10:25:58.345+0000] {logging_mixin.py:188} INFO - [2025-07-08T10:25:58.345+0000] {dagbag.py:538} INFO - Filling up the DagBag from /home/airflow/.local/lib/python3.8/site-packages/airflow/example_dags/example_latest_only_with_trigger.py
[2025-07-08T10:25:58.364+0000] {processor.py:840} INFO - DAG(s) 'latest_only_with_trigger' retrieved from /home/airflow/.local/lib/python3.8/site-packages/airflow/example_dags/example_latest_only_with_trigger.py
[2025-07-08T10:25:58.445+0000] {logging_mixin.py:188} INFO - [2025-07-08T10:25:58.445+0000] {dag.py:3036} INFO - Sync 1 DAGs
[2025-07-08T10:25:58.529+0000] {logging_mixin.py:188} INFO - [2025-07-08T10:25:58.529+0000] {dag.py:3823} INFO - Setting next_dagrun for latest_only_with_trigger to 2025-07-08 04:00:00+00:00, run_after=2025-07-08 08:00:00+00:00
[2025-07-08T10:25:58.606+0000] {processor.py:183} INFO - Processing /home/airflow/.local/lib/python3.8/site-packages/airflow/example_dags/example_latest_only_with_trigger.py took 0.288 seconds
[2025-07-08T10:26:29.361+0000] {processor.py:161} INFO - Started process (PID=10375) to work on /home/airflow/.local/lib/python3.8/site-packages/airflow/example_dags/example_latest_only_with_trigger.py
[2025-07-08T10:26:29.362+0000] {processor.py:830} INFO - Processing file /home/airflow/.local/lib/python3.8/site-packages/airflow/example_dags/example_latest_only_with_trigger.py for tasks to queue
[2025-07-08T10:26:29.365+0000] {logging_mixin.py:188} INFO - [2025-07-08T10:26:29.364+0000] {dagbag.py:538} INFO - Filling up the DagBag from /home/airflow/.local/lib/python3.8/site-packages/airflow/example_dags/example_latest_only_with_trigger.py
[2025-07-08T10:26:29.375+0000] {processor.py:840} INFO - DAG(s) 'latest_only_with_trigger' retrieved from /home/airflow/.local/lib/python3.8/site-packages/airflow/example_dags/example_latest_only_with_trigger.py
[2025-07-08T10:26:29.444+0000] {logging_mixin.py:188} INFO - [2025-07-08T10:26:29.444+0000] {dag.py:3036} INFO - Sync 1 DAGs
[2025-07-08T10:26:29.494+0000] {logging_mixin.py:188} INFO - [2025-07-08T10:26:29.494+0000] {dag.py:3823} INFO - Setting next_dagrun for latest_only_with_trigger to 2025-07-08 04:00:00+00:00, run_after=2025-07-08 08:00:00+00:00
[2025-07-08T10:26:29.559+0000] {processor.py:183} INFO - Processing /home/airflow/.local/lib/python3.8/site-packages/airflow/example_dags/example_latest_only_with_trigger.py took 0.211 seconds
[2025-07-08T10:27:00.739+0000] {processor.py:161} INFO - Started process (PID=10443) to work on /home/airflow/.local/lib/python3.8/site-packages/airflow/example_dags/example_latest_only_with_trigger.py
[2025-07-08T10:27:00.744+0000] {processor.py:830} INFO - Processing file /home/airflow/.local/lib/python3.8/site-packages/airflow/example_dags/example_latest_only_with_trigger.py for tasks to queue
[2025-07-08T10:27:00.764+0000] {logging_mixin.py:188} INFO - [2025-07-08T10:27:00.764+0000] {dagbag.py:538} INFO - Filling up the DagBag from /home/airflow/.local/lib/python3.8/site-packages/airflow/example_dags/example_latest_only_with_trigger.py
[2025-07-08T10:27:00.787+0000] {processor.py:840} INFO - DAG(s) 'latest_only_with_trigger' retrieved from /home/airflow/.local/lib/python3.8/site-packages/airflow/example_dags/example_latest_only_with_trigger.py
[2025-07-08T10:27:00.911+0000] {logging_mixin.py:188} INFO - [2025-07-08T10:27:00.910+0000] {dag.py:3036} INFO - Sync 1 DAGs
[2025-07-08T10:27:01.020+0000] {logging_mixin.py:188} INFO - [2025-07-08T10:27:01.020+0000] {dag.py:3823} INFO - Setting next_dagrun for latest_only_with_trigger to 2025-07-08 04:00:00+00:00, run_after=2025-07-08 08:00:00+00:00
[2025-07-08T10:27:01.082+0000] {processor.py:183} INFO - Processing /home/airflow/.local/lib/python3.8/site-packages/airflow/example_dags/example_latest_only_with_trigger.py took 0.374 seconds
[2025-07-08T10:27:31.490+0000] {processor.py:161} INFO - Started process (PID=10508) to work on /home/airflow/.local/lib/python3.8/site-packages/airflow/example_dags/example_latest_only_with_trigger.py
[2025-07-08T10:27:31.512+0000] {processor.py:830} INFO - Processing file /home/airflow/.local/lib/python3.8/site-packages/airflow/example_dags/example_latest_only_with_trigger.py for tasks to queue
[2025-07-08T10:27:31.515+0000] {logging_mixin.py:188} INFO - [2025-07-08T10:27:31.514+0000] {dagbag.py:538} INFO - Filling up the DagBag from /home/airflow/.local/lib/python3.8/site-packages/airflow/example_dags/example_latest_only_with_trigger.py
[2025-07-08T10:27:31.535+0000] {processor.py:840} INFO - DAG(s) 'latest_only_with_trigger' retrieved from /home/airflow/.local/lib/python3.8/site-packages/airflow/example_dags/example_latest_only_with_trigger.py
[2025-07-08T10:27:31.641+0000] {logging_mixin.py:188} INFO - [2025-07-08T10:27:31.641+0000] {dag.py:3036} INFO - Sync 1 DAGs
[2025-07-08T10:27:31.722+0000] {logging_mixin.py:188} INFO - [2025-07-08T10:27:31.721+0000] {dag.py:3823} INFO - Setting next_dagrun for latest_only_with_trigger to 2025-07-08 04:00:00+00:00, run_after=2025-07-08 08:00:00+00:00
[2025-07-08T10:27:31.828+0000] {processor.py:183} INFO - Processing /home/airflow/.local/lib/python3.8/site-packages/airflow/example_dags/example_latest_only_with_trigger.py took 0.343 seconds
[2025-07-08T10:28:02.518+0000] {processor.py:161} INFO - Started process (PID=10576) to work on /home/airflow/.local/lib/python3.8/site-packages/airflow/example_dags/example_latest_only_with_trigger.py
[2025-07-08T10:28:02.533+0000] {processor.py:830} INFO - Processing file /home/airflow/.local/lib/python3.8/site-packages/airflow/example_dags/example_latest_only_with_trigger.py for tasks to queue
[2025-07-08T10:28:02.536+0000] {logging_mixin.py:188} INFO - [2025-07-08T10:28:02.535+0000] {dagbag.py:538} INFO - Filling up the DagBag from /home/airflow/.local/lib/python3.8/site-packages/airflow/example_dags/example_latest_only_with_trigger.py
[2025-07-08T10:28:02.596+0000] {processor.py:840} INFO - DAG(s) 'latest_only_with_trigger' retrieved from /home/airflow/.local/lib/python3.8/site-packages/airflow/example_dags/example_latest_only_with_trigger.py
[2025-07-08T10:28:02.733+0000] {logging_mixin.py:188} INFO - [2025-07-08T10:28:02.733+0000] {dag.py:3036} INFO - Sync 1 DAGs
[2025-07-08T10:28:02.862+0000] {logging_mixin.py:188} INFO - [2025-07-08T10:28:02.862+0000] {dag.py:3823} INFO - Setting next_dagrun for latest_only_with_trigger to 2025-07-08 04:00:00+00:00, run_after=2025-07-08 08:00:00+00:00
[2025-07-08T10:28:03.021+0000] {processor.py:183} INFO - Processing /home/airflow/.local/lib/python3.8/site-packages/airflow/example_dags/example_latest_only_with_trigger.py took 0.520 seconds
[2025-07-08T10:28:33.281+0000] {processor.py:161} INFO - Started process (PID=10636) to work on /home/airflow/.local/lib/python3.8/site-packages/airflow/example_dags/example_latest_only_with_trigger.py
[2025-07-08T10:28:33.283+0000] {processor.py:830} INFO - Processing file /home/airflow/.local/lib/python3.8/site-packages/airflow/example_dags/example_latest_only_with_trigger.py for tasks to queue
[2025-07-08T10:28:33.303+0000] {logging_mixin.py:188} INFO - [2025-07-08T10:28:33.302+0000] {dagbag.py:538} INFO - Filling up the DagBag from /home/airflow/.local/lib/python3.8/site-packages/airflow/example_dags/example_latest_only_with_trigger.py
[2025-07-08T10:28:33.353+0000] {processor.py:840} INFO - DAG(s) 'latest_only_with_trigger' retrieved from /home/airflow/.local/lib/python3.8/site-packages/airflow/example_dags/example_latest_only_with_trigger.py
[2025-07-08T10:28:33.455+0000] {logging_mixin.py:188} INFO - [2025-07-08T10:28:33.454+0000] {dag.py:3036} INFO - Sync 1 DAGs
[2025-07-08T10:28:33.562+0000] {logging_mixin.py:188} INFO - [2025-07-08T10:28:33.562+0000] {dag.py:3823} INFO - Setting next_dagrun for latest_only_with_trigger to 2025-07-08 04:00:00+00:00, run_after=2025-07-08 08:00:00+00:00
[2025-07-08T10:28:33.623+0000] {processor.py:183} INFO - Processing /home/airflow/.local/lib/python3.8/site-packages/airflow/example_dags/example_latest_only_with_trigger.py took 0.357 seconds
[2025-07-08T10:29:04.218+0000] {processor.py:161} INFO - Started process (PID=10704) to work on /home/airflow/.local/lib/python3.8/site-packages/airflow/example_dags/example_latest_only_with_trigger.py
[2025-07-08T10:29:04.251+0000] {processor.py:830} INFO - Processing file /home/airflow/.local/lib/python3.8/site-packages/airflow/example_dags/example_latest_only_with_trigger.py for tasks to queue
[2025-07-08T10:29:04.259+0000] {logging_mixin.py:188} INFO - [2025-07-08T10:29:04.259+0000] {dagbag.py:538} INFO - Filling up the DagBag from /home/airflow/.local/lib/python3.8/site-packages/airflow/example_dags/example_latest_only_with_trigger.py
[2025-07-08T10:29:04.378+0000] {processor.py:840} INFO - DAG(s) 'latest_only_with_trigger' retrieved from /home/airflow/.local/lib/python3.8/site-packages/airflow/example_dags/example_latest_only_with_trigger.py
[2025-07-08T10:29:04.534+0000] {logging_mixin.py:188} INFO - [2025-07-08T10:29:04.534+0000] {dag.py:3036} INFO - Sync 1 DAGs
[2025-07-08T10:29:04.758+0000] {logging_mixin.py:188} INFO - [2025-07-08T10:29:04.758+0000] {dag.py:3823} INFO - Setting next_dagrun for latest_only_with_trigger to 2025-07-08 04:00:00+00:00, run_after=2025-07-08 08:00:00+00:00
[2025-07-08T10:29:04.895+0000] {processor.py:183} INFO - Processing /home/airflow/.local/lib/python3.8/site-packages/airflow/example_dags/example_latest_only_with_trigger.py took 0.708 seconds
[2025-07-08T10:29:35.338+0000] {processor.py:161} INFO - Started process (PID=10764) to work on /home/airflow/.local/lib/python3.8/site-packages/airflow/example_dags/example_latest_only_with_trigger.py
[2025-07-08T10:29:35.347+0000] {processor.py:830} INFO - Processing file /home/airflow/.local/lib/python3.8/site-packages/airflow/example_dags/example_latest_only_with_trigger.py for tasks to queue
[2025-07-08T10:29:35.371+0000] {logging_mixin.py:188} INFO - [2025-07-08T10:29:35.370+0000] {dagbag.py:538} INFO - Filling up the DagBag from /home/airflow/.local/lib/python3.8/site-packages/airflow/example_dags/example_latest_only_with_trigger.py
[2025-07-08T10:29:35.462+0000] {processor.py:840} INFO - DAG(s) 'latest_only_with_trigger' retrieved from /home/airflow/.local/lib/python3.8/site-packages/airflow/example_dags/example_latest_only_with_trigger.py
[2025-07-08T10:29:35.635+0000] {logging_mixin.py:188} INFO - [2025-07-08T10:29:35.635+0000] {dag.py:3036} INFO - Sync 1 DAGs
[2025-07-08T10:29:35.804+0000] {logging_mixin.py:188} INFO - [2025-07-08T10:29:35.803+0000] {dag.py:3823} INFO - Setting next_dagrun for latest_only_with_trigger to 2025-07-08 04:00:00+00:00, run_after=2025-07-08 08:00:00+00:00
[2025-07-08T10:29:35.923+0000] {processor.py:183} INFO - Processing /home/airflow/.local/lib/python3.8/site-packages/airflow/example_dags/example_latest_only_with_trigger.py took 0.609 seconds
[2025-07-08T10:30:06.145+0000] {processor.py:161} INFO - Started process (PID=10832) to work on /home/airflow/.local/lib/python3.8/site-packages/airflow/example_dags/example_latest_only_with_trigger.py
[2025-07-08T10:30:06.160+0000] {processor.py:830} INFO - Processing file /home/airflow/.local/lib/python3.8/site-packages/airflow/example_dags/example_latest_only_with_trigger.py for tasks to queue
[2025-07-08T10:30:06.163+0000] {logging_mixin.py:188} INFO - [2025-07-08T10:30:06.163+0000] {dagbag.py:538} INFO - Filling up the DagBag from /home/airflow/.local/lib/python3.8/site-packages/airflow/example_dags/example_latest_only_with_trigger.py
[2025-07-08T10:30:06.206+0000] {processor.py:840} INFO - DAG(s) 'latest_only_with_trigger' retrieved from /home/airflow/.local/lib/python3.8/site-packages/airflow/example_dags/example_latest_only_with_trigger.py
[2025-07-08T10:30:06.249+0000] {logging_mixin.py:188} INFO - [2025-07-08T10:30:06.248+0000] {dag.py:3036} INFO - Sync 1 DAGs
[2025-07-08T10:30:06.314+0000] {logging_mixin.py:188} INFO - [2025-07-08T10:30:06.314+0000] {dag.py:3823} INFO - Setting next_dagrun for latest_only_with_trigger to 2025-07-08 04:00:00+00:00, run_after=2025-07-08 08:00:00+00:00
[2025-07-08T10:30:06.404+0000] {processor.py:183} INFO - Processing /home/airflow/.local/lib/python3.8/site-packages/airflow/example_dags/example_latest_only_with_trigger.py took 0.287 seconds
[2025-07-08T10:30:36.846+0000] {processor.py:161} INFO - Started process (PID=10891) to work on /home/airflow/.local/lib/python3.8/site-packages/airflow/example_dags/example_latest_only_with_trigger.py
[2025-07-08T10:30:36.848+0000] {processor.py:830} INFO - Processing file /home/airflow/.local/lib/python3.8/site-packages/airflow/example_dags/example_latest_only_with_trigger.py for tasks to queue
[2025-07-08T10:30:36.851+0000] {logging_mixin.py:188} INFO - [2025-07-08T10:30:36.850+0000] {dagbag.py:538} INFO - Filling up the DagBag from /home/airflow/.local/lib/python3.8/site-packages/airflow/example_dags/example_latest_only_with_trigger.py
[2025-07-08T10:30:36.861+0000] {processor.py:840} INFO - DAG(s) 'latest_only_with_trigger' retrieved from /home/airflow/.local/lib/python3.8/site-packages/airflow/example_dags/example_latest_only_with_trigger.py
[2025-07-08T10:30:36.898+0000] {logging_mixin.py:188} INFO - [2025-07-08T10:30:36.897+0000] {dag.py:3036} INFO - Sync 1 DAGs
[2025-07-08T10:30:36.971+0000] {logging_mixin.py:188} INFO - [2025-07-08T10:30:36.971+0000] {dag.py:3823} INFO - Setting next_dagrun for latest_only_with_trigger to 2025-07-08 04:00:00+00:00, run_after=2025-07-08 08:00:00+00:00
[2025-07-08T10:30:37.014+0000] {processor.py:183} INFO - Processing /home/airflow/.local/lib/python3.8/site-packages/airflow/example_dags/example_latest_only_with_trigger.py took 0.173 seconds
[2025-07-08T10:31:07.573+0000] {processor.py:161} INFO - Started process (PID=10959) to work on /home/airflow/.local/lib/python3.8/site-packages/airflow/example_dags/example_latest_only_with_trigger.py
[2025-07-08T10:31:07.584+0000] {processor.py:830} INFO - Processing file /home/airflow/.local/lib/python3.8/site-packages/airflow/example_dags/example_latest_only_with_trigger.py for tasks to queue
[2025-07-08T10:31:07.591+0000] {logging_mixin.py:188} INFO - [2025-07-08T10:31:07.590+0000] {dagbag.py:538} INFO - Filling up the DagBag from /home/airflow/.local/lib/python3.8/site-packages/airflow/example_dags/example_latest_only_with_trigger.py
[2025-07-08T10:31:07.627+0000] {processor.py:840} INFO - DAG(s) 'latest_only_with_trigger' retrieved from /home/airflow/.local/lib/python3.8/site-packages/airflow/example_dags/example_latest_only_with_trigger.py
[2025-07-08T10:31:07.709+0000] {logging_mixin.py:188} INFO - [2025-07-08T10:31:07.709+0000] {dag.py:3036} INFO - Sync 1 DAGs
[2025-07-08T10:31:07.858+0000] {logging_mixin.py:188} INFO - [2025-07-08T10:31:07.858+0000] {dag.py:3823} INFO - Setting next_dagrun for latest_only_with_trigger to 2025-07-08 04:00:00+00:00, run_after=2025-07-08 08:00:00+00:00
[2025-07-08T10:31:08.008+0000] {processor.py:183} INFO - Processing /home/airflow/.local/lib/python3.8/site-packages/airflow/example_dags/example_latest_only_with_trigger.py took 0.449 seconds
[2025-07-08T10:31:38.601+0000] {processor.py:161} INFO - Started process (PID=11020) to work on /home/airflow/.local/lib/python3.8/site-packages/airflow/example_dags/example_latest_only_with_trigger.py
[2025-07-08T10:31:38.602+0000] {processor.py:830} INFO - Processing file /home/airflow/.local/lib/python3.8/site-packages/airflow/example_dags/example_latest_only_with_trigger.py for tasks to queue
[2025-07-08T10:31:38.620+0000] {logging_mixin.py:188} INFO - [2025-07-08T10:31:38.619+0000] {dagbag.py:538} INFO - Filling up the DagBag from /home/airflow/.local/lib/python3.8/site-packages/airflow/example_dags/example_latest_only_with_trigger.py
[2025-07-08T10:31:38.643+0000] {processor.py:840} INFO - DAG(s) 'latest_only_with_trigger' retrieved from /home/airflow/.local/lib/python3.8/site-packages/airflow/example_dags/example_latest_only_with_trigger.py
[2025-07-08T10:31:38.751+0000] {logging_mixin.py:188} INFO - [2025-07-08T10:31:38.751+0000] {dag.py:3036} INFO - Sync 1 DAGs
[2025-07-08T10:31:38.802+0000] {logging_mixin.py:188} INFO - [2025-07-08T10:31:38.801+0000] {dag.py:3823} INFO - Setting next_dagrun for latest_only_with_trigger to 2025-07-08 04:00:00+00:00, run_after=2025-07-08 08:00:00+00:00
[2025-07-08T10:31:38.939+0000] {processor.py:183} INFO - Processing /home/airflow/.local/lib/python3.8/site-packages/airflow/example_dags/example_latest_only_with_trigger.py took 0.344 seconds
[2025-07-08T10:32:09.122+0000] {processor.py:161} INFO - Started process (PID=11087) to work on /home/airflow/.local/lib/python3.8/site-packages/airflow/example_dags/example_latest_only_with_trigger.py
[2025-07-08T10:32:09.124+0000] {processor.py:830} INFO - Processing file /home/airflow/.local/lib/python3.8/site-packages/airflow/example_dags/example_latest_only_with_trigger.py for tasks to queue
[2025-07-08T10:32:09.126+0000] {logging_mixin.py:188} INFO - [2025-07-08T10:32:09.125+0000] {dagbag.py:538} INFO - Filling up the DagBag from /home/airflow/.local/lib/python3.8/site-packages/airflow/example_dags/example_latest_only_with_trigger.py
[2025-07-08T10:32:09.137+0000] {processor.py:840} INFO - DAG(s) 'latest_only_with_trigger' retrieved from /home/airflow/.local/lib/python3.8/site-packages/airflow/example_dags/example_latest_only_with_trigger.py
[2025-07-08T10:32:09.180+0000] {logging_mixin.py:188} INFO - [2025-07-08T10:32:09.179+0000] {dag.py:3036} INFO - Sync 1 DAGs
[2025-07-08T10:32:09.244+0000] {logging_mixin.py:188} INFO - [2025-07-08T10:32:09.244+0000] {dag.py:3823} INFO - Setting next_dagrun for latest_only_with_trigger to 2025-07-08 04:00:00+00:00, run_after=2025-07-08 08:00:00+00:00
[2025-07-08T10:32:09.334+0000] {processor.py:183} INFO - Processing /home/airflow/.local/lib/python3.8/site-packages/airflow/example_dags/example_latest_only_with_trigger.py took 0.218 seconds
[2025-07-08T10:32:39.819+0000] {processor.py:161} INFO - Started process (PID=11155) to work on /home/airflow/.local/lib/python3.8/site-packages/airflow/example_dags/example_latest_only_with_trigger.py
[2025-07-08T10:32:39.821+0000] {processor.py:830} INFO - Processing file /home/airflow/.local/lib/python3.8/site-packages/airflow/example_dags/example_latest_only_with_trigger.py for tasks to queue
[2025-07-08T10:32:39.829+0000] {logging_mixin.py:188} INFO - [2025-07-08T10:32:39.828+0000] {dagbag.py:538} INFO - Filling up the DagBag from /home/airflow/.local/lib/python3.8/site-packages/airflow/example_dags/example_latest_only_with_trigger.py
[2025-07-08T10:32:39.847+0000] {processor.py:840} INFO - DAG(s) 'latest_only_with_trigger' retrieved from /home/airflow/.local/lib/python3.8/site-packages/airflow/example_dags/example_latest_only_with_trigger.py
[2025-07-08T10:32:39.925+0000] {logging_mixin.py:188} INFO - [2025-07-08T10:32:39.925+0000] {dag.py:3036} INFO - Sync 1 DAGs
[2025-07-08T10:32:39.998+0000] {logging_mixin.py:188} INFO - [2025-07-08T10:32:39.997+0000] {dag.py:3823} INFO - Setting next_dagrun for latest_only_with_trigger to 2025-07-08 04:00:00+00:00, run_after=2025-07-08 08:00:00+00:00
[2025-07-08T10:32:40.112+0000] {processor.py:183} INFO - Processing /home/airflow/.local/lib/python3.8/site-packages/airflow/example_dags/example_latest_only_with_trigger.py took 0.306 seconds
[2025-07-08T10:33:10.422+0000] {processor.py:161} INFO - Started process (PID=11223) to work on /home/airflow/.local/lib/python3.8/site-packages/airflow/example_dags/example_latest_only_with_trigger.py
[2025-07-08T10:33:10.435+0000] {processor.py:830} INFO - Processing file /home/airflow/.local/lib/python3.8/site-packages/airflow/example_dags/example_latest_only_with_trigger.py for tasks to queue
[2025-07-08T10:33:10.437+0000] {logging_mixin.py:188} INFO - [2025-07-08T10:33:10.436+0000] {dagbag.py:538} INFO - Filling up the DagBag from /home/airflow/.local/lib/python3.8/site-packages/airflow/example_dags/example_latest_only_with_trigger.py
[2025-07-08T10:33:10.484+0000] {processor.py:840} INFO - DAG(s) 'latest_only_with_trigger' retrieved from /home/airflow/.local/lib/python3.8/site-packages/airflow/example_dags/example_latest_only_with_trigger.py
[2025-07-08T10:33:10.577+0000] {logging_mixin.py:188} INFO - [2025-07-08T10:33:10.577+0000] {dag.py:3036} INFO - Sync 1 DAGs
[2025-07-08T10:33:10.669+0000] {logging_mixin.py:188} INFO - [2025-07-08T10:33:10.668+0000] {dag.py:3823} INFO - Setting next_dagrun for latest_only_with_trigger to 2025-07-08 04:00:00+00:00, run_after=2025-07-08 08:00:00+00:00
[2025-07-08T10:33:10.724+0000] {processor.py:183} INFO - Processing /home/airflow/.local/lib/python3.8/site-packages/airflow/example_dags/example_latest_only_with_trigger.py took 0.334 seconds
[2025-07-08T10:33:40.852+0000] {processor.py:161} INFO - Started process (PID=11291) to work on /home/airflow/.local/lib/python3.8/site-packages/airflow/example_dags/example_latest_only_with_trigger.py
[2025-07-08T10:33:40.854+0000] {processor.py:830} INFO - Processing file /home/airflow/.local/lib/python3.8/site-packages/airflow/example_dags/example_latest_only_with_trigger.py for tasks to queue
[2025-07-08T10:33:40.855+0000] {logging_mixin.py:188} INFO - [2025-07-08T10:33:40.855+0000] {dagbag.py:538} INFO - Filling up the DagBag from /home/airflow/.local/lib/python3.8/site-packages/airflow/example_dags/example_latest_only_with_trigger.py
[2025-07-08T10:33:40.867+0000] {processor.py:840} INFO - DAG(s) 'latest_only_with_trigger' retrieved from /home/airflow/.local/lib/python3.8/site-packages/airflow/example_dags/example_latest_only_with_trigger.py
[2025-07-08T10:33:40.909+0000] {logging_mixin.py:188} INFO - [2025-07-08T10:33:40.909+0000] {dag.py:3036} INFO - Sync 1 DAGs
[2025-07-08T10:33:40.955+0000] {logging_mixin.py:188} INFO - [2025-07-08T10:33:40.955+0000] {dag.py:3823} INFO - Setting next_dagrun for latest_only_with_trigger to 2025-07-08 04:00:00+00:00, run_after=2025-07-08 08:00:00+00:00
[2025-07-08T10:33:41.003+0000] {processor.py:183} INFO - Processing /home/airflow/.local/lib/python3.8/site-packages/airflow/example_dags/example_latest_only_with_trigger.py took 0.162 seconds
[2025-07-08T10:34:12.310+0000] {processor.py:161} INFO - Started process (PID=11357) to work on /home/airflow/.local/lib/python3.8/site-packages/airflow/example_dags/example_latest_only_with_trigger.py
[2025-07-08T10:34:12.318+0000] {processor.py:830} INFO - Processing file /home/airflow/.local/lib/python3.8/site-packages/airflow/example_dags/example_latest_only_with_trigger.py for tasks to queue
[2025-07-08T10:34:12.320+0000] {logging_mixin.py:188} INFO - [2025-07-08T10:34:12.319+0000] {dagbag.py:538} INFO - Filling up the DagBag from /home/airflow/.local/lib/python3.8/site-packages/airflow/example_dags/example_latest_only_with_trigger.py
[2025-07-08T10:34:12.343+0000] {processor.py:840} INFO - DAG(s) 'latest_only_with_trigger' retrieved from /home/airflow/.local/lib/python3.8/site-packages/airflow/example_dags/example_latest_only_with_trigger.py
[2025-07-08T10:34:12.515+0000] {logging_mixin.py:188} INFO - [2025-07-08T10:34:12.514+0000] {dag.py:3036} INFO - Sync 1 DAGs
[2025-07-08T10:34:12.651+0000] {logging_mixin.py:188} INFO - [2025-07-08T10:34:12.651+0000] {dag.py:3823} INFO - Setting next_dagrun for latest_only_with_trigger to 2025-07-08 04:00:00+00:00, run_after=2025-07-08 08:00:00+00:00
[2025-07-08T10:34:12.824+0000] {processor.py:183} INFO - Processing /home/airflow/.local/lib/python3.8/site-packages/airflow/example_dags/example_latest_only_with_trigger.py took 0.532 seconds
[2025-07-08T10:34:45.170+0000] {processor.py:161} INFO - Started process (PID=11420) to work on /home/airflow/.local/lib/python3.8/site-packages/airflow/example_dags/example_latest_only_with_trigger.py
[2025-07-08T10:34:45.182+0000] {processor.py:830} INFO - Processing file /home/airflow/.local/lib/python3.8/site-packages/airflow/example_dags/example_latest_only_with_trigger.py for tasks to queue
[2025-07-08T10:34:45.207+0000] {logging_mixin.py:188} INFO - [2025-07-08T10:34:45.204+0000] {dagbag.py:538} INFO - Filling up the DagBag from /home/airflow/.local/lib/python3.8/site-packages/airflow/example_dags/example_latest_only_with_trigger.py
[2025-07-08T10:34:45.320+0000] {processor.py:840} INFO - DAG(s) 'latest_only_with_trigger' retrieved from /home/airflow/.local/lib/python3.8/site-packages/airflow/example_dags/example_latest_only_with_trigger.py
[2025-07-08T10:34:45.449+0000] {logging_mixin.py:188} INFO - [2025-07-08T10:34:45.449+0000] {dag.py:3036} INFO - Sync 1 DAGs
[2025-07-08T10:34:45.550+0000] {logging_mixin.py:188} INFO - [2025-07-08T10:34:45.550+0000] {dag.py:3823} INFO - Setting next_dagrun for latest_only_with_trigger to 2025-07-08 04:00:00+00:00, run_after=2025-07-08 08:00:00+00:00
[2025-07-08T10:34:45.654+0000] {processor.py:183} INFO - Processing /home/airflow/.local/lib/python3.8/site-packages/airflow/example_dags/example_latest_only_with_trigger.py took 0.543 seconds
[2025-07-08T10:35:17.085+0000] {processor.py:161} INFO - Started process (PID=11492) to work on /home/airflow/.local/lib/python3.8/site-packages/airflow/example_dags/example_latest_only_with_trigger.py
[2025-07-08T10:35:17.098+0000] {processor.py:830} INFO - Processing file /home/airflow/.local/lib/python3.8/site-packages/airflow/example_dags/example_latest_only_with_trigger.py for tasks to queue
[2025-07-08T10:35:17.106+0000] {logging_mixin.py:188} INFO - [2025-07-08T10:35:17.099+0000] {dagbag.py:538} INFO - Filling up the DagBag from /home/airflow/.local/lib/python3.8/site-packages/airflow/example_dags/example_latest_only_with_trigger.py
[2025-07-08T10:35:17.272+0000] {processor.py:840} INFO - DAG(s) 'latest_only_with_trigger' retrieved from /home/airflow/.local/lib/python3.8/site-packages/airflow/example_dags/example_latest_only_with_trigger.py
[2025-07-08T10:35:17.513+0000] {logging_mixin.py:188} INFO - [2025-07-08T10:35:17.513+0000] {dag.py:3036} INFO - Sync 1 DAGs
[2025-07-08T10:35:17.820+0000] {logging_mixin.py:188} INFO - [2025-07-08T10:35:17.803+0000] {dag.py:3823} INFO - Setting next_dagrun for latest_only_with_trigger to 2025-07-08 04:00:00+00:00, run_after=2025-07-08 08:00:00+00:00
[2025-07-08T10:35:18.044+0000] {processor.py:183} INFO - Processing /home/airflow/.local/lib/python3.8/site-packages/airflow/example_dags/example_latest_only_with_trigger.py took 1.023 seconds
[2025-07-08T10:35:48.286+0000] {processor.py:161} INFO - Started process (PID=11549) to work on /home/airflow/.local/lib/python3.8/site-packages/airflow/example_dags/example_latest_only_with_trigger.py
[2025-07-08T10:35:48.298+0000] {processor.py:830} INFO - Processing file /home/airflow/.local/lib/python3.8/site-packages/airflow/example_dags/example_latest_only_with_trigger.py for tasks to queue
[2025-07-08T10:35:48.305+0000] {logging_mixin.py:188} INFO - [2025-07-08T10:35:48.299+0000] {dagbag.py:538} INFO - Filling up the DagBag from /home/airflow/.local/lib/python3.8/site-packages/airflow/example_dags/example_latest_only_with_trigger.py
[2025-07-08T10:35:48.321+0000] {processor.py:840} INFO - DAG(s) 'latest_only_with_trigger' retrieved from /home/airflow/.local/lib/python3.8/site-packages/airflow/example_dags/example_latest_only_with_trigger.py
[2025-07-08T10:35:48.429+0000] {logging_mixin.py:188} INFO - [2025-07-08T10:35:48.429+0000] {dag.py:3036} INFO - Sync 1 DAGs
[2025-07-08T10:35:48.477+0000] {logging_mixin.py:188} INFO - [2025-07-08T10:35:48.476+0000] {dag.py:3823} INFO - Setting next_dagrun for latest_only_with_trigger to 2025-07-08 04:00:00+00:00, run_after=2025-07-08 08:00:00+00:00
[2025-07-08T10:35:48.512+0000] {processor.py:183} INFO - Processing /home/airflow/.local/lib/python3.8/site-packages/airflow/example_dags/example_latest_only_with_trigger.py took 0.258 seconds
[2025-07-08T10:36:19.018+0000] {processor.py:161} INFO - Started process (PID=11617) to work on /home/airflow/.local/lib/python3.8/site-packages/airflow/example_dags/example_latest_only_with_trigger.py
[2025-07-08T10:36:19.023+0000] {processor.py:830} INFO - Processing file /home/airflow/.local/lib/python3.8/site-packages/airflow/example_dags/example_latest_only_with_trigger.py for tasks to queue
[2025-07-08T10:36:19.040+0000] {logging_mixin.py:188} INFO - [2025-07-08T10:36:19.025+0000] {dagbag.py:538} INFO - Filling up the DagBag from /home/airflow/.local/lib/python3.8/site-packages/airflow/example_dags/example_latest_only_with_trigger.py
[2025-07-08T10:36:19.069+0000] {processor.py:840} INFO - DAG(s) 'latest_only_with_trigger' retrieved from /home/airflow/.local/lib/python3.8/site-packages/airflow/example_dags/example_latest_only_with_trigger.py
[2025-07-08T10:36:19.123+0000] {logging_mixin.py:188} INFO - [2025-07-08T10:36:19.123+0000] {dag.py:3036} INFO - Sync 1 DAGs
[2025-07-08T10:36:19.187+0000] {logging_mixin.py:188} INFO - [2025-07-08T10:36:19.187+0000] {dag.py:3823} INFO - Setting next_dagrun for latest_only_with_trigger to 2025-07-08 04:00:00+00:00, run_after=2025-07-08 08:00:00+00:00
[2025-07-08T10:36:19.246+0000] {processor.py:183} INFO - Processing /home/airflow/.local/lib/python3.8/site-packages/airflow/example_dags/example_latest_only_with_trigger.py took 0.246 seconds
[2025-07-08T10:36:49.320+0000] {processor.py:161} INFO - Started process (PID=11677) to work on /home/airflow/.local/lib/python3.8/site-packages/airflow/example_dags/example_latest_only_with_trigger.py
[2025-07-08T10:36:49.321+0000] {processor.py:830} INFO - Processing file /home/airflow/.local/lib/python3.8/site-packages/airflow/example_dags/example_latest_only_with_trigger.py for tasks to queue
[2025-07-08T10:36:49.322+0000] {logging_mixin.py:188} INFO - [2025-07-08T10:36:49.322+0000] {dagbag.py:538} INFO - Filling up the DagBag from /home/airflow/.local/lib/python3.8/site-packages/airflow/example_dags/example_latest_only_with_trigger.py
[2025-07-08T10:36:49.332+0000] {processor.py:840} INFO - DAG(s) 'latest_only_with_trigger' retrieved from /home/airflow/.local/lib/python3.8/site-packages/airflow/example_dags/example_latest_only_with_trigger.py
[2025-07-08T10:36:49.368+0000] {logging_mixin.py:188} INFO - [2025-07-08T10:36:49.367+0000] {dag.py:3036} INFO - Sync 1 DAGs
[2025-07-08T10:36:49.409+0000] {logging_mixin.py:188} INFO - [2025-07-08T10:36:49.409+0000] {dag.py:3823} INFO - Setting next_dagrun for latest_only_with_trigger to 2025-07-08 04:00:00+00:00, run_after=2025-07-08 08:00:00+00:00
[2025-07-08T10:36:49.442+0000] {processor.py:183} INFO - Processing /home/airflow/.local/lib/python3.8/site-packages/airflow/example_dags/example_latest_only_with_trigger.py took 0.127 seconds
[2025-07-08T10:37:20.491+0000] {processor.py:161} INFO - Started process (PID=11752) to work on /home/airflow/.local/lib/python3.8/site-packages/airflow/example_dags/example_latest_only_with_trigger.py
[2025-07-08T10:37:20.493+0000] {processor.py:830} INFO - Processing file /home/airflow/.local/lib/python3.8/site-packages/airflow/example_dags/example_latest_only_with_trigger.py for tasks to queue
[2025-07-08T10:37:20.495+0000] {logging_mixin.py:188} INFO - [2025-07-08T10:37:20.495+0000] {dagbag.py:538} INFO - Filling up the DagBag from /home/airflow/.local/lib/python3.8/site-packages/airflow/example_dags/example_latest_only_with_trigger.py
[2025-07-08T10:37:20.508+0000] {processor.py:840} INFO - DAG(s) 'latest_only_with_trigger' retrieved from /home/airflow/.local/lib/python3.8/site-packages/airflow/example_dags/example_latest_only_with_trigger.py
[2025-07-08T10:37:20.571+0000] {logging_mixin.py:188} INFO - [2025-07-08T10:37:20.571+0000] {dag.py:3036} INFO - Sync 1 DAGs
[2025-07-08T10:37:20.626+0000] {logging_mixin.py:188} INFO - [2025-07-08T10:37:20.625+0000] {dag.py:3823} INFO - Setting next_dagrun for latest_only_with_trigger to 2025-07-08 04:00:00+00:00, run_after=2025-07-08 08:00:00+00:00
[2025-07-08T10:37:20.656+0000] {processor.py:183} INFO - Processing /home/airflow/.local/lib/python3.8/site-packages/airflow/example_dags/example_latest_only_with_trigger.py took 0.171 seconds
[2025-07-08T10:37:51.456+0000] {processor.py:161} INFO - Started process (PID=11820) to work on /home/airflow/.local/lib/python3.8/site-packages/airflow/example_dags/example_latest_only_with_trigger.py
[2025-07-08T10:37:51.457+0000] {processor.py:830} INFO - Processing file /home/airflow/.local/lib/python3.8/site-packages/airflow/example_dags/example_latest_only_with_trigger.py for tasks to queue
[2025-07-08T10:37:51.459+0000] {logging_mixin.py:188} INFO - [2025-07-08T10:37:51.458+0000] {dagbag.py:538} INFO - Filling up the DagBag from /home/airflow/.local/lib/python3.8/site-packages/airflow/example_dags/example_latest_only_with_trigger.py
[2025-07-08T10:37:51.492+0000] {processor.py:840} INFO - DAG(s) 'latest_only_with_trigger' retrieved from /home/airflow/.local/lib/python3.8/site-packages/airflow/example_dags/example_latest_only_with_trigger.py
[2025-07-08T10:37:51.651+0000] {logging_mixin.py:188} INFO - [2025-07-08T10:37:51.651+0000] {dag.py:3036} INFO - Sync 1 DAGs
[2025-07-08T10:37:51.852+0000] {logging_mixin.py:188} INFO - [2025-07-08T10:37:51.852+0000] {dag.py:3823} INFO - Setting next_dagrun for latest_only_with_trigger to 2025-07-08 04:00:00+00:00, run_after=2025-07-08 08:00:00+00:00
[2025-07-08T10:37:51.906+0000] {processor.py:183} INFO - Processing /home/airflow/.local/lib/python3.8/site-packages/airflow/example_dags/example_latest_only_with_trigger.py took 0.472 seconds
[2025-07-08T10:38:22.315+0000] {processor.py:161} INFO - Started process (PID=11882) to work on /home/airflow/.local/lib/python3.8/site-packages/airflow/example_dags/example_latest_only_with_trigger.py
[2025-07-08T10:38:22.319+0000] {processor.py:830} INFO - Processing file /home/airflow/.local/lib/python3.8/site-packages/airflow/example_dags/example_latest_only_with_trigger.py for tasks to queue
[2025-07-08T10:38:22.321+0000] {logging_mixin.py:188} INFO - [2025-07-08T10:38:22.321+0000] {dagbag.py:538} INFO - Filling up the DagBag from /home/airflow/.local/lib/python3.8/site-packages/airflow/example_dags/example_latest_only_with_trigger.py
[2025-07-08T10:38:22.343+0000] {processor.py:840} INFO - DAG(s) 'latest_only_with_trigger' retrieved from /home/airflow/.local/lib/python3.8/site-packages/airflow/example_dags/example_latest_only_with_trigger.py
[2025-07-08T10:38:22.398+0000] {logging_mixin.py:188} INFO - [2025-07-08T10:38:22.398+0000] {dag.py:3036} INFO - Sync 1 DAGs
[2025-07-08T10:38:22.474+0000] {logging_mixin.py:188} INFO - [2025-07-08T10:38:22.473+0000] {dag.py:3823} INFO - Setting next_dagrun for latest_only_with_trigger to 2025-07-08 04:00:00+00:00, run_after=2025-07-08 08:00:00+00:00
[2025-07-08T10:38:22.553+0000] {processor.py:183} INFO - Processing /home/airflow/.local/lib/python3.8/site-packages/airflow/example_dags/example_latest_only_with_trigger.py took 0.244 seconds
[2025-07-08T10:38:54.474+0000] {processor.py:161} INFO - Started process (PID=11954) to work on /home/airflow/.local/lib/python3.8/site-packages/airflow/example_dags/example_latest_only_with_trigger.py
[2025-07-08T10:38:54.476+0000] {processor.py:830} INFO - Processing file /home/airflow/.local/lib/python3.8/site-packages/airflow/example_dags/example_latest_only_with_trigger.py for tasks to queue
[2025-07-08T10:38:54.486+0000] {logging_mixin.py:188} INFO - [2025-07-08T10:38:54.485+0000] {dagbag.py:538} INFO - Filling up the DagBag from /home/airflow/.local/lib/python3.8/site-packages/airflow/example_dags/example_latest_only_with_trigger.py
[2025-07-08T10:38:54.506+0000] {processor.py:840} INFO - DAG(s) 'latest_only_with_trigger' retrieved from /home/airflow/.local/lib/python3.8/site-packages/airflow/example_dags/example_latest_only_with_trigger.py
[2025-07-08T10:38:54.625+0000] {logging_mixin.py:188} INFO - [2025-07-08T10:38:54.625+0000] {dag.py:3036} INFO - Sync 1 DAGs
[2025-07-08T10:38:54.754+0000] {logging_mixin.py:188} INFO - [2025-07-08T10:38:54.754+0000] {dag.py:3823} INFO - Setting next_dagrun for latest_only_with_trigger to 2025-07-08 04:00:00+00:00, run_after=2025-07-08 08:00:00+00:00
[2025-07-08T10:38:54.870+0000] {processor.py:183} INFO - Processing /home/airflow/.local/lib/python3.8/site-packages/airflow/example_dags/example_latest_only_with_trigger.py took 0.404 seconds
[2025-07-08T10:39:25.542+0000] {processor.py:161} INFO - Started process (PID=12012) to work on /home/airflow/.local/lib/python3.8/site-packages/airflow/example_dags/example_latest_only_with_trigger.py
[2025-07-08T10:39:25.548+0000] {processor.py:830} INFO - Processing file /home/airflow/.local/lib/python3.8/site-packages/airflow/example_dags/example_latest_only_with_trigger.py for tasks to queue
[2025-07-08T10:39:25.550+0000] {logging_mixin.py:188} INFO - [2025-07-08T10:39:25.549+0000] {dagbag.py:538} INFO - Filling up the DagBag from /home/airflow/.local/lib/python3.8/site-packages/airflow/example_dags/example_latest_only_with_trigger.py
[2025-07-08T10:39:25.570+0000] {processor.py:840} INFO - DAG(s) 'latest_only_with_trigger' retrieved from /home/airflow/.local/lib/python3.8/site-packages/airflow/example_dags/example_latest_only_with_trigger.py
[2025-07-08T10:39:25.670+0000] {logging_mixin.py:188} INFO - [2025-07-08T10:39:25.670+0000] {dag.py:3036} INFO - Sync 1 DAGs
[2025-07-08T10:39:25.778+0000] {logging_mixin.py:188} INFO - [2025-07-08T10:39:25.777+0000] {dag.py:3823} INFO - Setting next_dagrun for latest_only_with_trigger to 2025-07-08 04:00:00+00:00, run_after=2025-07-08 08:00:00+00:00
[2025-07-08T10:39:25.841+0000] {processor.py:183} INFO - Processing /home/airflow/.local/lib/python3.8/site-packages/airflow/example_dags/example_latest_only_with_trigger.py took 0.314 seconds
[2025-07-08T10:39:56.301+0000] {processor.py:161} INFO - Started process (PID=12081) to work on /home/airflow/.local/lib/python3.8/site-packages/airflow/example_dags/example_latest_only_with_trigger.py
[2025-07-08T10:39:56.303+0000] {processor.py:830} INFO - Processing file /home/airflow/.local/lib/python3.8/site-packages/airflow/example_dags/example_latest_only_with_trigger.py for tasks to queue
[2025-07-08T10:39:56.307+0000] {logging_mixin.py:188} INFO - [2025-07-08T10:39:56.307+0000] {dagbag.py:538} INFO - Filling up the DagBag from /home/airflow/.local/lib/python3.8/site-packages/airflow/example_dags/example_latest_only_with_trigger.py
[2025-07-08T10:39:56.319+0000] {processor.py:840} INFO - DAG(s) 'latest_only_with_trigger' retrieved from /home/airflow/.local/lib/python3.8/site-packages/airflow/example_dags/example_latest_only_with_trigger.py
[2025-07-08T10:39:56.368+0000] {logging_mixin.py:188} INFO - [2025-07-08T10:39:56.368+0000] {dag.py:3036} INFO - Sync 1 DAGs
[2025-07-08T10:39:56.427+0000] {logging_mixin.py:188} INFO - [2025-07-08T10:39:56.427+0000] {dag.py:3823} INFO - Setting next_dagrun for latest_only_with_trigger to 2025-07-08 04:00:00+00:00, run_after=2025-07-08 08:00:00+00:00
[2025-07-08T10:39:56.463+0000] {processor.py:183} INFO - Processing /home/airflow/.local/lib/python3.8/site-packages/airflow/example_dags/example_latest_only_with_trigger.py took 0.192 seconds
[2025-07-08T10:40:26.703+0000] {processor.py:161} INFO - Started process (PID=12149) to work on /home/airflow/.local/lib/python3.8/site-packages/airflow/example_dags/example_latest_only_with_trigger.py
[2025-07-08T10:40:26.718+0000] {processor.py:830} INFO - Processing file /home/airflow/.local/lib/python3.8/site-packages/airflow/example_dags/example_latest_only_with_trigger.py for tasks to queue
[2025-07-08T10:40:26.722+0000] {logging_mixin.py:188} INFO - [2025-07-08T10:40:26.720+0000] {dagbag.py:538} INFO - Filling up the DagBag from /home/airflow/.local/lib/python3.8/site-packages/airflow/example_dags/example_latest_only_with_trigger.py
[2025-07-08T10:40:26.778+0000] {processor.py:840} INFO - DAG(s) 'latest_only_with_trigger' retrieved from /home/airflow/.local/lib/python3.8/site-packages/airflow/example_dags/example_latest_only_with_trigger.py
[2025-07-08T10:40:26.917+0000] {logging_mixin.py:188} INFO - [2025-07-08T10:40:26.917+0000] {dag.py:3036} INFO - Sync 1 DAGs
[2025-07-08T10:40:27.092+0000] {logging_mixin.py:188} INFO - [2025-07-08T10:40:27.092+0000] {dag.py:3823} INFO - Setting next_dagrun for latest_only_with_trigger to 2025-07-08 04:00:00+00:00, run_after=2025-07-08 08:00:00+00:00
[2025-07-08T10:40:27.238+0000] {processor.py:183} INFO - Processing /home/airflow/.local/lib/python3.8/site-packages/airflow/example_dags/example_latest_only_with_trigger.py took 0.567 seconds
[2025-07-08T10:40:57.821+0000] {processor.py:161} INFO - Started process (PID=12210) to work on /home/airflow/.local/lib/python3.8/site-packages/airflow/example_dags/example_latest_only_with_trigger.py
[2025-07-08T10:40:57.823+0000] {processor.py:830} INFO - Processing file /home/airflow/.local/lib/python3.8/site-packages/airflow/example_dags/example_latest_only_with_trigger.py for tasks to queue
[2025-07-08T10:40:57.824+0000] {logging_mixin.py:188} INFO - [2025-07-08T10:40:57.824+0000] {dagbag.py:538} INFO - Filling up the DagBag from /home/airflow/.local/lib/python3.8/site-packages/airflow/example_dags/example_latest_only_with_trigger.py
[2025-07-08T10:40:57.841+0000] {processor.py:840} INFO - DAG(s) 'latest_only_with_trigger' retrieved from /home/airflow/.local/lib/python3.8/site-packages/airflow/example_dags/example_latest_only_with_trigger.py
[2025-07-08T10:40:57.889+0000] {logging_mixin.py:188} INFO - [2025-07-08T10:40:57.889+0000] {dag.py:3036} INFO - Sync 1 DAGs
[2025-07-08T10:40:57.938+0000] {logging_mixin.py:188} INFO - [2025-07-08T10:40:57.937+0000] {dag.py:3823} INFO - Setting next_dagrun for latest_only_with_trigger to 2025-07-08 04:00:00+00:00, run_after=2025-07-08 08:00:00+00:00
[2025-07-08T10:40:57.971+0000] {processor.py:183} INFO - Processing /home/airflow/.local/lib/python3.8/site-packages/airflow/example_dags/example_latest_only_with_trigger.py took 0.156 seconds
[2025-07-08T10:41:28.788+0000] {processor.py:161} INFO - Started process (PID=12278) to work on /home/airflow/.local/lib/python3.8/site-packages/airflow/example_dags/example_latest_only_with_trigger.py
[2025-07-08T10:41:28.794+0000] {processor.py:830} INFO - Processing file /home/airflow/.local/lib/python3.8/site-packages/airflow/example_dags/example_latest_only_with_trigger.py for tasks to queue
[2025-07-08T10:41:28.804+0000] {logging_mixin.py:188} INFO - [2025-07-08T10:41:28.803+0000] {dagbag.py:538} INFO - Filling up the DagBag from /home/airflow/.local/lib/python3.8/site-packages/airflow/example_dags/example_latest_only_with_trigger.py
[2025-07-08T10:41:28.844+0000] {processor.py:840} INFO - DAG(s) 'latest_only_with_trigger' retrieved from /home/airflow/.local/lib/python3.8/site-packages/airflow/example_dags/example_latest_only_with_trigger.py
[2025-07-08T10:41:28.919+0000] {logging_mixin.py:188} INFO - [2025-07-08T10:41:28.918+0000] {dag.py:3036} INFO - Sync 1 DAGs
[2025-07-08T10:41:29.012+0000] {logging_mixin.py:188} INFO - [2025-07-08T10:41:29.011+0000] {dag.py:3823} INFO - Setting next_dagrun for latest_only_with_trigger to 2025-07-08 04:00:00+00:00, run_after=2025-07-08 08:00:00+00:00
[2025-07-08T10:41:29.117+0000] {processor.py:183} INFO - Processing /home/airflow/.local/lib/python3.8/site-packages/airflow/example_dags/example_latest_only_with_trigger.py took 0.338 seconds
[2025-07-08T10:41:59.567+0000] {processor.py:161} INFO - Started process (PID=12338) to work on /home/airflow/.local/lib/python3.8/site-packages/airflow/example_dags/example_latest_only_with_trigger.py
[2025-07-08T10:41:59.581+0000] {processor.py:830} INFO - Processing file /home/airflow/.local/lib/python3.8/site-packages/airflow/example_dags/example_latest_only_with_trigger.py for tasks to queue
[2025-07-08T10:41:59.582+0000] {logging_mixin.py:188} INFO - [2025-07-08T10:41:59.582+0000] {dagbag.py:538} INFO - Filling up the DagBag from /home/airflow/.local/lib/python3.8/site-packages/airflow/example_dags/example_latest_only_with_trigger.py
[2025-07-08T10:41:59.623+0000] {processor.py:840} INFO - DAG(s) 'latest_only_with_trigger' retrieved from /home/airflow/.local/lib/python3.8/site-packages/airflow/example_dags/example_latest_only_with_trigger.py
[2025-07-08T10:41:59.705+0000] {logging_mixin.py:188} INFO - [2025-07-08T10:41:59.705+0000] {dag.py:3036} INFO - Sync 1 DAGs
[2025-07-08T10:41:59.789+0000] {logging_mixin.py:188} INFO - [2025-07-08T10:41:59.789+0000] {dag.py:3823} INFO - Setting next_dagrun for latest_only_with_trigger to 2025-07-08 04:00:00+00:00, run_after=2025-07-08 08:00:00+00:00
[2025-07-08T10:41:59.848+0000] {processor.py:183} INFO - Processing /home/airflow/.local/lib/python3.8/site-packages/airflow/example_dags/example_latest_only_with_trigger.py took 0.298 seconds
[2025-07-08T10:42:30.619+0000] {processor.py:161} INFO - Started process (PID=12405) to work on /home/airflow/.local/lib/python3.8/site-packages/airflow/example_dags/example_latest_only_with_trigger.py
[2025-07-08T10:42:30.628+0000] {processor.py:830} INFO - Processing file /home/airflow/.local/lib/python3.8/site-packages/airflow/example_dags/example_latest_only_with_trigger.py for tasks to queue
[2025-07-08T10:42:30.630+0000] {logging_mixin.py:188} INFO - [2025-07-08T10:42:30.629+0000] {dagbag.py:538} INFO - Filling up the DagBag from /home/airflow/.local/lib/python3.8/site-packages/airflow/example_dags/example_latest_only_with_trigger.py
[2025-07-08T10:42:30.657+0000] {processor.py:840} INFO - DAG(s) 'latest_only_with_trigger' retrieved from /home/airflow/.local/lib/python3.8/site-packages/airflow/example_dags/example_latest_only_with_trigger.py
[2025-07-08T10:42:30.769+0000] {logging_mixin.py:188} INFO - [2025-07-08T10:42:30.768+0000] {dag.py:3036} INFO - Sync 1 DAGs
[2025-07-08T10:42:30.894+0000] {logging_mixin.py:188} INFO - [2025-07-08T10:42:30.894+0000] {dag.py:3823} INFO - Setting next_dagrun for latest_only_with_trigger to 2025-07-08 04:00:00+00:00, run_after=2025-07-08 08:00:00+00:00
[2025-07-08T10:42:30.990+0000] {processor.py:183} INFO - Processing /home/airflow/.local/lib/python3.8/site-packages/airflow/example_dags/example_latest_only_with_trigger.py took 0.388 seconds
[2025-07-08T10:43:01.242+0000] {processor.py:161} INFO - Started process (PID=12472) to work on /home/airflow/.local/lib/python3.8/site-packages/airflow/example_dags/example_latest_only_with_trigger.py
[2025-07-08T10:43:01.249+0000] {processor.py:830} INFO - Processing file /home/airflow/.local/lib/python3.8/site-packages/airflow/example_dags/example_latest_only_with_trigger.py for tasks to queue
[2025-07-08T10:43:01.251+0000] {logging_mixin.py:188} INFO - [2025-07-08T10:43:01.250+0000] {dagbag.py:538} INFO - Filling up the DagBag from /home/airflow/.local/lib/python3.8/site-packages/airflow/example_dags/example_latest_only_with_trigger.py
[2025-07-08T10:43:01.283+0000] {processor.py:840} INFO - DAG(s) 'latest_only_with_trigger' retrieved from /home/airflow/.local/lib/python3.8/site-packages/airflow/example_dags/example_latest_only_with_trigger.py
[2025-07-08T10:43:01.375+0000] {logging_mixin.py:188} INFO - [2025-07-08T10:43:01.374+0000] {dag.py:3036} INFO - Sync 1 DAGs
[2025-07-08T10:43:01.530+0000] {logging_mixin.py:188} INFO - [2025-07-08T10:43:01.530+0000] {dag.py:3823} INFO - Setting next_dagrun for latest_only_with_trigger to 2025-07-08 04:00:00+00:00, run_after=2025-07-08 08:00:00+00:00
[2025-07-08T10:43:01.653+0000] {processor.py:183} INFO - Processing /home/airflow/.local/lib/python3.8/site-packages/airflow/example_dags/example_latest_only_with_trigger.py took 0.418 seconds
[2025-07-08T10:43:33.955+0000] {processor.py:161} INFO - Started process (PID=12532) to work on /home/airflow/.local/lib/python3.8/site-packages/airflow/example_dags/example_latest_only_with_trigger.py
[2025-07-08T10:43:33.972+0000] {processor.py:830} INFO - Processing file /home/airflow/.local/lib/python3.8/site-packages/airflow/example_dags/example_latest_only_with_trigger.py for tasks to queue
[2025-07-08T10:43:33.974+0000] {logging_mixin.py:188} INFO - [2025-07-08T10:43:33.973+0000] {dagbag.py:538} INFO - Filling up the DagBag from /home/airflow/.local/lib/python3.8/site-packages/airflow/example_dags/example_latest_only_with_trigger.py
[2025-07-08T10:43:34.007+0000] {processor.py:840} INFO - DAG(s) 'latest_only_with_trigger' retrieved from /home/airflow/.local/lib/python3.8/site-packages/airflow/example_dags/example_latest_only_with_trigger.py
[2025-07-08T10:43:34.203+0000] {logging_mixin.py:188} INFO - [2025-07-08T10:43:34.203+0000] {dag.py:3036} INFO - Sync 1 DAGs
[2025-07-08T10:43:34.367+0000] {logging_mixin.py:188} INFO - [2025-07-08T10:43:34.367+0000] {dag.py:3823} INFO - Setting next_dagrun for latest_only_with_trigger to 2025-07-08 04:00:00+00:00, run_after=2025-07-08 08:00:00+00:00
[2025-07-08T10:43:34.491+0000] {processor.py:183} INFO - Processing /home/airflow/.local/lib/python3.8/site-packages/airflow/example_dags/example_latest_only_with_trigger.py took 0.589 seconds
[2025-07-08T10:44:05.498+0000] {processor.py:161} INFO - Started process (PID=12599) to work on /home/airflow/.local/lib/python3.8/site-packages/airflow/example_dags/example_latest_only_with_trigger.py
[2025-07-08T10:44:05.517+0000] {processor.py:830} INFO - Processing file /home/airflow/.local/lib/python3.8/site-packages/airflow/example_dags/example_latest_only_with_trigger.py for tasks to queue
[2025-07-08T10:44:05.518+0000] {logging_mixin.py:188} INFO - [2025-07-08T10:44:05.518+0000] {dagbag.py:538} INFO - Filling up the DagBag from /home/airflow/.local/lib/python3.8/site-packages/airflow/example_dags/example_latest_only_with_trigger.py
[2025-07-08T10:44:05.583+0000] {processor.py:840} INFO - DAG(s) 'latest_only_with_trigger' retrieved from /home/airflow/.local/lib/python3.8/site-packages/airflow/example_dags/example_latest_only_with_trigger.py
[2025-07-08T10:44:05.673+0000] {logging_mixin.py:188} INFO - [2025-07-08T10:44:05.672+0000] {dag.py:3036} INFO - Sync 1 DAGs
[2025-07-08T10:44:05.831+0000] {logging_mixin.py:188} INFO - [2025-07-08T10:44:05.831+0000] {dag.py:3823} INFO - Setting next_dagrun for latest_only_with_trigger to 2025-07-08 04:00:00+00:00, run_after=2025-07-08 08:00:00+00:00
[2025-07-08T10:44:05.946+0000] {processor.py:183} INFO - Processing /home/airflow/.local/lib/python3.8/site-packages/airflow/example_dags/example_latest_only_with_trigger.py took 0.539 seconds
[2025-07-08T10:44:36.076+0000] {processor.py:161} INFO - Started process (PID=12659) to work on /home/airflow/.local/lib/python3.8/site-packages/airflow/example_dags/example_latest_only_with_trigger.py
[2025-07-08T10:44:36.082+0000] {processor.py:830} INFO - Processing file /home/airflow/.local/lib/python3.8/site-packages/airflow/example_dags/example_latest_only_with_trigger.py for tasks to queue
[2025-07-08T10:44:36.084+0000] {logging_mixin.py:188} INFO - [2025-07-08T10:44:36.083+0000] {dagbag.py:538} INFO - Filling up the DagBag from /home/airflow/.local/lib/python3.8/site-packages/airflow/example_dags/example_latest_only_with_trigger.py
[2025-07-08T10:44:36.130+0000] {processor.py:840} INFO - DAG(s) 'latest_only_with_trigger' retrieved from /home/airflow/.local/lib/python3.8/site-packages/airflow/example_dags/example_latest_only_with_trigger.py
[2025-07-08T10:44:36.185+0000] {logging_mixin.py:188} INFO - [2025-07-08T10:44:36.184+0000] {dag.py:3036} INFO - Sync 1 DAGs
[2025-07-08T10:44:36.243+0000] {logging_mixin.py:188} INFO - [2025-07-08T10:44:36.242+0000] {dag.py:3823} INFO - Setting next_dagrun for latest_only_with_trigger to 2025-07-08 04:00:00+00:00, run_after=2025-07-08 08:00:00+00:00
[2025-07-08T10:44:36.307+0000] {processor.py:183} INFO - Processing /home/airflow/.local/lib/python3.8/site-packages/airflow/example_dags/example_latest_only_with_trigger.py took 0.260 seconds
[2025-07-08T10:45:12.483+0000] {processor.py:161} INFO - Started process (PID=12729) to work on /home/airflow/.local/lib/python3.8/site-packages/airflow/example_dags/example_latest_only_with_trigger.py
[2025-07-08T10:45:12.501+0000] {processor.py:830} INFO - Processing file /home/airflow/.local/lib/python3.8/site-packages/airflow/example_dags/example_latest_only_with_trigger.py for tasks to queue
[2025-07-08T10:45:12.502+0000] {logging_mixin.py:188} INFO - [2025-07-08T10:45:12.502+0000] {dagbag.py:538} INFO - Filling up the DagBag from /home/airflow/.local/lib/python3.8/site-packages/airflow/example_dags/example_latest_only_with_trigger.py
[2025-07-08T10:45:12.548+0000] {processor.py:840} INFO - DAG(s) 'latest_only_with_trigger' retrieved from /home/airflow/.local/lib/python3.8/site-packages/airflow/example_dags/example_latest_only_with_trigger.py
[2025-07-08T10:45:12.668+0000] {logging_mixin.py:188} INFO - [2025-07-08T10:45:12.667+0000] {dag.py:3036} INFO - Sync 1 DAGs
[2025-07-08T10:45:12.793+0000] {logging_mixin.py:188} INFO - [2025-07-08T10:45:12.793+0000] {dag.py:3823} INFO - Setting next_dagrun for latest_only_with_trigger to 2025-07-08 04:00:00+00:00, run_after=2025-07-08 08:00:00+00:00
[2025-07-08T10:45:12.894+0000] {processor.py:183} INFO - Processing /home/airflow/.local/lib/python3.8/site-packages/airflow/example_dags/example_latest_only_with_trigger.py took 0.421 seconds
[2025-07-08T10:45:47.472+0000] {processor.py:161} INFO - Started process (PID=12801) to work on /home/airflow/.local/lib/python3.8/site-packages/airflow/example_dags/example_latest_only_with_trigger.py
[2025-07-08T10:45:47.479+0000] {processor.py:830} INFO - Processing file /home/airflow/.local/lib/python3.8/site-packages/airflow/example_dags/example_latest_only_with_trigger.py for tasks to queue
[2025-07-08T10:45:47.481+0000] {logging_mixin.py:188} INFO - [2025-07-08T10:45:47.480+0000] {dagbag.py:538} INFO - Filling up the DagBag from /home/airflow/.local/lib/python3.8/site-packages/airflow/example_dags/example_latest_only_with_trigger.py
[2025-07-08T10:45:47.534+0000] {processor.py:840} INFO - DAG(s) 'latest_only_with_trigger' retrieved from /home/airflow/.local/lib/python3.8/site-packages/airflow/example_dags/example_latest_only_with_trigger.py
[2025-07-08T10:45:47.674+0000] {logging_mixin.py:188} INFO - [2025-07-08T10:45:47.674+0000] {dag.py:3036} INFO - Sync 1 DAGs
[2025-07-08T10:45:47.771+0000] {logging_mixin.py:188} INFO - [2025-07-08T10:45:47.770+0000] {dag.py:3823} INFO - Setting next_dagrun for latest_only_with_trigger to 2025-07-08 04:00:00+00:00, run_after=2025-07-08 08:00:00+00:00
[2025-07-08T10:45:47.870+0000] {processor.py:183} INFO - Processing /home/airflow/.local/lib/python3.8/site-packages/airflow/example_dags/example_latest_only_with_trigger.py took 0.436 seconds
[2025-07-08T10:46:20.096+0000] {processor.py:161} INFO - Started process (PID=12868) to work on /home/airflow/.local/lib/python3.8/site-packages/airflow/example_dags/example_latest_only_with_trigger.py
[2025-07-08T10:46:20.097+0000] {processor.py:830} INFO - Processing file /home/airflow/.local/lib/python3.8/site-packages/airflow/example_dags/example_latest_only_with_trigger.py for tasks to queue
[2025-07-08T10:46:20.099+0000] {logging_mixin.py:188} INFO - [2025-07-08T10:46:20.098+0000] {dagbag.py:538} INFO - Filling up the DagBag from /home/airflow/.local/lib/python3.8/site-packages/airflow/example_dags/example_latest_only_with_trigger.py
[2025-07-08T10:46:20.163+0000] {processor.py:840} INFO - DAG(s) 'latest_only_with_trigger' retrieved from /home/airflow/.local/lib/python3.8/site-packages/airflow/example_dags/example_latest_only_with_trigger.py
[2025-07-08T10:46:20.276+0000] {logging_mixin.py:188} INFO - [2025-07-08T10:46:20.275+0000] {dag.py:3036} INFO - Sync 1 DAGs
[2025-07-08T10:46:20.410+0000] {logging_mixin.py:188} INFO - [2025-07-08T10:46:20.410+0000] {dag.py:3823} INFO - Setting next_dagrun for latest_only_with_trigger to 2025-07-08 04:00:00+00:00, run_after=2025-07-08 08:00:00+00:00
[2025-07-08T10:46:20.521+0000] {processor.py:183} INFO - Processing /home/airflow/.local/lib/python3.8/site-packages/airflow/example_dags/example_latest_only_with_trigger.py took 0.448 seconds
[2025-07-08T10:46:50.678+0000] {processor.py:161} INFO - Started process (PID=12926) to work on /home/airflow/.local/lib/python3.8/site-packages/airflow/example_dags/example_latest_only_with_trigger.py
[2025-07-08T10:46:50.686+0000] {processor.py:830} INFO - Processing file /home/airflow/.local/lib/python3.8/site-packages/airflow/example_dags/example_latest_only_with_trigger.py for tasks to queue
[2025-07-08T10:46:50.688+0000] {logging_mixin.py:188} INFO - [2025-07-08T10:46:50.687+0000] {dagbag.py:538} INFO - Filling up the DagBag from /home/airflow/.local/lib/python3.8/site-packages/airflow/example_dags/example_latest_only_with_trigger.py
[2025-07-08T10:46:50.709+0000] {processor.py:840} INFO - DAG(s) 'latest_only_with_trigger' retrieved from /home/airflow/.local/lib/python3.8/site-packages/airflow/example_dags/example_latest_only_with_trigger.py
[2025-07-08T10:46:50.770+0000] {logging_mixin.py:188} INFO - [2025-07-08T10:46:50.769+0000] {dag.py:3036} INFO - Sync 1 DAGs
[2025-07-08T10:46:50.816+0000] {logging_mixin.py:188} INFO - [2025-07-08T10:46:50.815+0000] {dag.py:3823} INFO - Setting next_dagrun for latest_only_with_trigger to 2025-07-08 04:00:00+00:00, run_after=2025-07-08 08:00:00+00:00
[2025-07-08T10:46:50.918+0000] {processor.py:183} INFO - Processing /home/airflow/.local/lib/python3.8/site-packages/airflow/example_dags/example_latest_only_with_trigger.py took 0.247 seconds
[2025-07-08T10:47:21.311+0000] {processor.py:161} INFO - Started process (PID=12993) to work on /home/airflow/.local/lib/python3.8/site-packages/airflow/example_dags/example_latest_only_with_trigger.py
[2025-07-08T10:47:21.325+0000] {processor.py:830} INFO - Processing file /home/airflow/.local/lib/python3.8/site-packages/airflow/example_dags/example_latest_only_with_trigger.py for tasks to queue
[2025-07-08T10:47:21.326+0000] {logging_mixin.py:188} INFO - [2025-07-08T10:47:21.326+0000] {dagbag.py:538} INFO - Filling up the DagBag from /home/airflow/.local/lib/python3.8/site-packages/airflow/example_dags/example_latest_only_with_trigger.py
[2025-07-08T10:47:21.375+0000] {processor.py:840} INFO - DAG(s) 'latest_only_with_trigger' retrieved from /home/airflow/.local/lib/python3.8/site-packages/airflow/example_dags/example_latest_only_with_trigger.py
[2025-07-08T10:47:21.481+0000] {logging_mixin.py:188} INFO - [2025-07-08T10:47:21.480+0000] {dag.py:3036} INFO - Sync 1 DAGs
[2025-07-08T10:47:21.606+0000] {logging_mixin.py:188} INFO - [2025-07-08T10:47:21.606+0000] {dag.py:3823} INFO - Setting next_dagrun for latest_only_with_trigger to 2025-07-08 04:00:00+00:00, run_after=2025-07-08 08:00:00+00:00
[2025-07-08T10:47:21.736+0000] {processor.py:183} INFO - Processing /home/airflow/.local/lib/python3.8/site-packages/airflow/example_dags/example_latest_only_with_trigger.py took 0.440 seconds
[2025-07-08T10:47:52.106+0000] {processor.py:161} INFO - Started process (PID=13054) to work on /home/airflow/.local/lib/python3.8/site-packages/airflow/example_dags/example_latest_only_with_trigger.py
[2025-07-08T10:47:52.108+0000] {processor.py:830} INFO - Processing file /home/airflow/.local/lib/python3.8/site-packages/airflow/example_dags/example_latest_only_with_trigger.py for tasks to queue
[2025-07-08T10:47:52.109+0000] {logging_mixin.py:188} INFO - [2025-07-08T10:47:52.109+0000] {dagbag.py:538} INFO - Filling up the DagBag from /home/airflow/.local/lib/python3.8/site-packages/airflow/example_dags/example_latest_only_with_trigger.py
[2025-07-08T10:47:52.119+0000] {processor.py:840} INFO - DAG(s) 'latest_only_with_trigger' retrieved from /home/airflow/.local/lib/python3.8/site-packages/airflow/example_dags/example_latest_only_with_trigger.py
[2025-07-08T10:47:52.156+0000] {logging_mixin.py:188} INFO - [2025-07-08T10:47:52.156+0000] {dag.py:3036} INFO - Sync 1 DAGs
[2025-07-08T10:47:52.199+0000] {logging_mixin.py:188} INFO - [2025-07-08T10:47:52.199+0000] {dag.py:3823} INFO - Setting next_dagrun for latest_only_with_trigger to 2025-07-08 04:00:00+00:00, run_after=2025-07-08 08:00:00+00:00
[2025-07-08T10:47:52.228+0000] {processor.py:183} INFO - Processing /home/airflow/.local/lib/python3.8/site-packages/airflow/example_dags/example_latest_only_with_trigger.py took 0.128 seconds
[2025-07-08T10:48:23.390+0000] {processor.py:161} INFO - Started process (PID=13120) to work on /home/airflow/.local/lib/python3.8/site-packages/airflow/example_dags/example_latest_only_with_trigger.py
[2025-07-08T10:48:23.392+0000] {processor.py:830} INFO - Processing file /home/airflow/.local/lib/python3.8/site-packages/airflow/example_dags/example_latest_only_with_trigger.py for tasks to queue
[2025-07-08T10:48:23.393+0000] {logging_mixin.py:188} INFO - [2025-07-08T10:48:23.393+0000] {dagbag.py:538} INFO - Filling up the DagBag from /home/airflow/.local/lib/python3.8/site-packages/airflow/example_dags/example_latest_only_with_trigger.py
[2025-07-08T10:48:23.423+0000] {processor.py:840} INFO - DAG(s) 'latest_only_with_trigger' retrieved from /home/airflow/.local/lib/python3.8/site-packages/airflow/example_dags/example_latest_only_with_trigger.py
[2025-07-08T10:48:23.581+0000] {logging_mixin.py:188} INFO - [2025-07-08T10:48:23.580+0000] {dag.py:3036} INFO - Sync 1 DAGs
[2025-07-08T10:48:23.711+0000] {logging_mixin.py:188} INFO - [2025-07-08T10:48:23.711+0000] {dag.py:3823} INFO - Setting next_dagrun for latest_only_with_trigger to 2025-07-08 04:00:00+00:00, run_after=2025-07-08 08:00:00+00:00
[2025-07-08T10:48:23.833+0000] {processor.py:183} INFO - Processing /home/airflow/.local/lib/python3.8/site-packages/airflow/example_dags/example_latest_only_with_trigger.py took 0.468 seconds
[2025-07-08T10:48:54.221+0000] {processor.py:161} INFO - Started process (PID=13181) to work on /home/airflow/.local/lib/python3.8/site-packages/airflow/example_dags/example_latest_only_with_trigger.py
[2025-07-08T10:48:54.222+0000] {processor.py:830} INFO - Processing file /home/airflow/.local/lib/python3.8/site-packages/airflow/example_dags/example_latest_only_with_trigger.py for tasks to queue
[2025-07-08T10:48:54.224+0000] {logging_mixin.py:188} INFO - [2025-07-08T10:48:54.223+0000] {dagbag.py:538} INFO - Filling up the DagBag from /home/airflow/.local/lib/python3.8/site-packages/airflow/example_dags/example_latest_only_with_trigger.py
[2025-07-08T10:48:54.233+0000] {processor.py:840} INFO - DAG(s) 'latest_only_with_trigger' retrieved from /home/airflow/.local/lib/python3.8/site-packages/airflow/example_dags/example_latest_only_with_trigger.py
[2025-07-08T10:48:54.269+0000] {logging_mixin.py:188} INFO - [2025-07-08T10:48:54.268+0000] {dag.py:3036} INFO - Sync 1 DAGs
[2025-07-08T10:48:54.304+0000] {logging_mixin.py:188} INFO - [2025-07-08T10:48:54.304+0000] {dag.py:3823} INFO - Setting next_dagrun for latest_only_with_trigger to 2025-07-08 04:00:00+00:00, run_after=2025-07-08 08:00:00+00:00
[2025-07-08T10:48:54.334+0000] {processor.py:183} INFO - Processing /home/airflow/.local/lib/python3.8/site-packages/airflow/example_dags/example_latest_only_with_trigger.py took 0.118 seconds
[2025-07-08T10:49:29.856+0000] {processor.py:161} INFO - Started process (PID=13248) to work on /home/airflow/.local/lib/python3.8/site-packages/airflow/example_dags/example_latest_only_with_trigger.py
[2025-07-08T10:49:29.860+0000] {processor.py:830} INFO - Processing file /home/airflow/.local/lib/python3.8/site-packages/airflow/example_dags/example_latest_only_with_trigger.py for tasks to queue
[2025-07-08T10:49:29.862+0000] {logging_mixin.py:188} INFO - [2025-07-08T10:49:29.861+0000] {dagbag.py:538} INFO - Filling up the DagBag from /home/airflow/.local/lib/python3.8/site-packages/airflow/example_dags/example_latest_only_with_trigger.py
[2025-07-08T10:49:29.917+0000] {processor.py:840} INFO - DAG(s) 'latest_only_with_trigger' retrieved from /home/airflow/.local/lib/python3.8/site-packages/airflow/example_dags/example_latest_only_with_trigger.py
[2025-07-08T10:49:30.045+0000] {logging_mixin.py:188} INFO - [2025-07-08T10:49:30.045+0000] {dag.py:3036} INFO - Sync 1 DAGs
[2025-07-08T10:49:30.191+0000] {logging_mixin.py:188} INFO - [2025-07-08T10:49:30.191+0000] {dag.py:3823} INFO - Setting next_dagrun for latest_only_with_trigger to 2025-07-08 04:00:00+00:00, run_after=2025-07-08 08:00:00+00:00
[2025-07-08T10:49:30.304+0000] {processor.py:183} INFO - Processing /home/airflow/.local/lib/python3.8/site-packages/airflow/example_dags/example_latest_only_with_trigger.py took 0.482 seconds
[2025-07-08T10:50:00.924+0000] {processor.py:161} INFO - Started process (PID=13315) to work on /home/airflow/.local/lib/python3.8/site-packages/airflow/example_dags/example_latest_only_with_trigger.py
[2025-07-08T10:50:00.937+0000] {processor.py:830} INFO - Processing file /home/airflow/.local/lib/python3.8/site-packages/airflow/example_dags/example_latest_only_with_trigger.py for tasks to queue
[2025-07-08T10:50:00.939+0000] {logging_mixin.py:188} INFO - [2025-07-08T10:50:00.938+0000] {dagbag.py:538} INFO - Filling up the DagBag from /home/airflow/.local/lib/python3.8/site-packages/airflow/example_dags/example_latest_only_with_trigger.py
[2025-07-08T10:50:00.975+0000] {processor.py:840} INFO - DAG(s) 'latest_only_with_trigger' retrieved from /home/airflow/.local/lib/python3.8/site-packages/airflow/example_dags/example_latest_only_with_trigger.py
[2025-07-08T10:50:01.067+0000] {logging_mixin.py:188} INFO - [2025-07-08T10:50:01.067+0000] {dag.py:3036} INFO - Sync 1 DAGs
[2025-07-08T10:50:01.232+0000] {logging_mixin.py:188} INFO - [2025-07-08T10:50:01.232+0000] {dag.py:3823} INFO - Setting next_dagrun for latest_only_with_trigger to 2025-07-08 04:00:00+00:00, run_after=2025-07-08 08:00:00+00:00
[2025-07-08T10:50:01.327+0000] {processor.py:183} INFO - Processing /home/airflow/.local/lib/python3.8/site-packages/airflow/example_dags/example_latest_only_with_trigger.py took 0.418 seconds
[2025-07-08T10:50:35.342+0000] {processor.py:161} INFO - Started process (PID=13378) to work on /home/airflow/.local/lib/python3.8/site-packages/airflow/example_dags/example_latest_only_with_trigger.py
[2025-07-08T10:50:35.345+0000] {processor.py:830} INFO - Processing file /home/airflow/.local/lib/python3.8/site-packages/airflow/example_dags/example_latest_only_with_trigger.py for tasks to queue
[2025-07-08T10:50:35.346+0000] {logging_mixin.py:188} INFO - [2025-07-08T10:50:35.346+0000] {dagbag.py:538} INFO - Filling up the DagBag from /home/airflow/.local/lib/python3.8/site-packages/airflow/example_dags/example_latest_only_with_trigger.py
[2025-07-08T10:50:35.368+0000] {processor.py:840} INFO - DAG(s) 'latest_only_with_trigger' retrieved from /home/airflow/.local/lib/python3.8/site-packages/airflow/example_dags/example_latest_only_with_trigger.py
[2025-07-08T10:50:35.427+0000] {logging_mixin.py:188} INFO - [2025-07-08T10:50:35.426+0000] {dag.py:3036} INFO - Sync 1 DAGs
[2025-07-08T10:50:35.479+0000] {logging_mixin.py:188} INFO - [2025-07-08T10:50:35.478+0000] {dag.py:3823} INFO - Setting next_dagrun for latest_only_with_trigger to 2025-07-08 04:00:00+00:00, run_after=2025-07-08 08:00:00+00:00
[2025-07-08T10:50:35.553+0000] {processor.py:183} INFO - Processing /home/airflow/.local/lib/python3.8/site-packages/airflow/example_dags/example_latest_only_with_trigger.py took 0.242 seconds
[2025-07-08T10:51:07.132+0000] {processor.py:161} INFO - Started process (PID=13445) to work on /home/airflow/.local/lib/python3.8/site-packages/airflow/example_dags/example_latest_only_with_trigger.py
[2025-07-08T10:51:07.133+0000] {processor.py:830} INFO - Processing file /home/airflow/.local/lib/python3.8/site-packages/airflow/example_dags/example_latest_only_with_trigger.py for tasks to queue
[2025-07-08T10:51:07.135+0000] {logging_mixin.py:188} INFO - [2025-07-08T10:51:07.134+0000] {dagbag.py:538} INFO - Filling up the DagBag from /home/airflow/.local/lib/python3.8/site-packages/airflow/example_dags/example_latest_only_with_trigger.py
[2025-07-08T10:51:07.163+0000] {processor.py:840} INFO - DAG(s) 'latest_only_with_trigger' retrieved from /home/airflow/.local/lib/python3.8/site-packages/airflow/example_dags/example_latest_only_with_trigger.py
[2025-07-08T10:51:07.285+0000] {logging_mixin.py:188} INFO - [2025-07-08T10:51:07.285+0000] {dag.py:3036} INFO - Sync 1 DAGs
[2025-07-08T10:51:07.458+0000] {logging_mixin.py:188} INFO - [2025-07-08T10:51:07.457+0000] {dag.py:3823} INFO - Setting next_dagrun for latest_only_with_trigger to 2025-07-08 04:00:00+00:00, run_after=2025-07-08 08:00:00+00:00
[2025-07-08T10:51:07.656+0000] {processor.py:183} INFO - Processing /home/airflow/.local/lib/python3.8/site-packages/airflow/example_dags/example_latest_only_with_trigger.py took 0.542 seconds
[2025-07-08T10:51:38.202+0000] {processor.py:161} INFO - Started process (PID=13502) to work on /home/airflow/.local/lib/python3.8/site-packages/airflow/example_dags/example_latest_only_with_trigger.py
[2025-07-08T10:51:38.204+0000] {processor.py:830} INFO - Processing file /home/airflow/.local/lib/python3.8/site-packages/airflow/example_dags/example_latest_only_with_trigger.py for tasks to queue
[2025-07-08T10:51:38.205+0000] {logging_mixin.py:188} INFO - [2025-07-08T10:51:38.205+0000] {dagbag.py:538} INFO - Filling up the DagBag from /home/airflow/.local/lib/python3.8/site-packages/airflow/example_dags/example_latest_only_with_trigger.py
[2025-07-08T10:51:38.219+0000] {processor.py:840} INFO - DAG(s) 'latest_only_with_trigger' retrieved from /home/airflow/.local/lib/python3.8/site-packages/airflow/example_dags/example_latest_only_with_trigger.py
[2025-07-08T10:51:38.259+0000] {logging_mixin.py:188} INFO - [2025-07-08T10:51:38.258+0000] {dag.py:3036} INFO - Sync 1 DAGs
[2025-07-08T10:51:38.305+0000] {logging_mixin.py:188} INFO - [2025-07-08T10:51:38.304+0000] {dag.py:3823} INFO - Setting next_dagrun for latest_only_with_trigger to 2025-07-08 04:00:00+00:00, run_after=2025-07-08 08:00:00+00:00
[2025-07-08T10:51:38.350+0000] {processor.py:183} INFO - Processing /home/airflow/.local/lib/python3.8/site-packages/airflow/example_dags/example_latest_only_with_trigger.py took 0.154 seconds
[2025-07-08T10:52:09.971+0000] {processor.py:161} INFO - Started process (PID=13571) to work on /home/airflow/.local/lib/python3.8/site-packages/airflow/example_dags/example_latest_only_with_trigger.py
[2025-07-08T10:52:09.997+0000] {processor.py:830} INFO - Processing file /home/airflow/.local/lib/python3.8/site-packages/airflow/example_dags/example_latest_only_with_trigger.py for tasks to queue
[2025-07-08T10:52:09.999+0000] {logging_mixin.py:188} INFO - [2025-07-08T10:52:09.998+0000] {dagbag.py:538} INFO - Filling up the DagBag from /home/airflow/.local/lib/python3.8/site-packages/airflow/example_dags/example_latest_only_with_trigger.py
[2025-07-08T10:52:10.103+0000] {processor.py:840} INFO - DAG(s) 'latest_only_with_trigger' retrieved from /home/airflow/.local/lib/python3.8/site-packages/airflow/example_dags/example_latest_only_with_trigger.py
[2025-07-08T10:52:10.269+0000] {logging_mixin.py:188} INFO - [2025-07-08T10:52:10.268+0000] {dag.py:3036} INFO - Sync 1 DAGs
[2025-07-08T10:52:10.467+0000] {logging_mixin.py:188} INFO - [2025-07-08T10:52:10.466+0000] {dag.py:3823} INFO - Setting next_dagrun for latest_only_with_trigger to 2025-07-08 04:00:00+00:00, run_after=2025-07-08 08:00:00+00:00
[2025-07-08T10:52:10.619+0000] {processor.py:183} INFO - Processing /home/airflow/.local/lib/python3.8/site-packages/airflow/example_dags/example_latest_only_with_trigger.py took 0.669 seconds
[2025-07-08T10:52:41.521+0000] {processor.py:161} INFO - Started process (PID=13631) to work on /home/airflow/.local/lib/python3.8/site-packages/airflow/example_dags/example_latest_only_with_trigger.py
[2025-07-08T10:52:41.523+0000] {processor.py:830} INFO - Processing file /home/airflow/.local/lib/python3.8/site-packages/airflow/example_dags/example_latest_only_with_trigger.py for tasks to queue
[2025-07-08T10:52:41.556+0000] {logging_mixin.py:188} INFO - [2025-07-08T10:52:41.536+0000] {dagbag.py:538} INFO - Filling up the DagBag from /home/airflow/.local/lib/python3.8/site-packages/airflow/example_dags/example_latest_only_with_trigger.py
[2025-07-08T10:52:41.589+0000] {processor.py:840} INFO - DAG(s) 'latest_only_with_trigger' retrieved from /home/airflow/.local/lib/python3.8/site-packages/airflow/example_dags/example_latest_only_with_trigger.py
[2025-07-08T10:52:41.683+0000] {logging_mixin.py:188} INFO - [2025-07-08T10:52:41.682+0000] {dag.py:3036} INFO - Sync 1 DAGs
[2025-07-08T10:52:41.796+0000] {logging_mixin.py:188} INFO - [2025-07-08T10:52:41.795+0000] {dag.py:3823} INFO - Setting next_dagrun for latest_only_with_trigger to 2025-07-08 04:00:00+00:00, run_after=2025-07-08 08:00:00+00:00
[2025-07-08T10:52:41.884+0000] {processor.py:183} INFO - Processing /home/airflow/.local/lib/python3.8/site-packages/airflow/example_dags/example_latest_only_with_trigger.py took 0.427 seconds
[2025-07-08T10:53:12.740+0000] {processor.py:161} INFO - Started process (PID=13698) to work on /home/airflow/.local/lib/python3.8/site-packages/airflow/example_dags/example_latest_only_with_trigger.py
[2025-07-08T10:53:12.752+0000] {processor.py:830} INFO - Processing file /home/airflow/.local/lib/python3.8/site-packages/airflow/example_dags/example_latest_only_with_trigger.py for tasks to queue
[2025-07-08T10:53:12.773+0000] {logging_mixin.py:188} INFO - [2025-07-08T10:53:12.772+0000] {dagbag.py:538} INFO - Filling up the DagBag from /home/airflow/.local/lib/python3.8/site-packages/airflow/example_dags/example_latest_only_with_trigger.py
[2025-07-08T10:53:12.807+0000] {processor.py:840} INFO - DAG(s) 'latest_only_with_trigger' retrieved from /home/airflow/.local/lib/python3.8/site-packages/airflow/example_dags/example_latest_only_with_trigger.py
[2025-07-08T10:53:13.032+0000] {logging_mixin.py:188} INFO - [2025-07-08T10:53:13.032+0000] {dag.py:3036} INFO - Sync 1 DAGs
[2025-07-08T10:53:13.178+0000] {logging_mixin.py:188} INFO - [2025-07-08T10:53:13.177+0000] {dag.py:3823} INFO - Setting next_dagrun for latest_only_with_trigger to 2025-07-08 04:00:00+00:00, run_after=2025-07-08 08:00:00+00:00
[2025-07-08T10:53:13.312+0000] {processor.py:183} INFO - Processing /home/airflow/.local/lib/python3.8/site-packages/airflow/example_dags/example_latest_only_with_trigger.py took 0.641 seconds
[2025-07-08T10:53:43.511+0000] {processor.py:161} INFO - Started process (PID=13763) to work on /home/airflow/.local/lib/python3.8/site-packages/airflow/example_dags/example_latest_only_with_trigger.py
[2025-07-08T10:53:43.525+0000] {processor.py:830} INFO - Processing file /home/airflow/.local/lib/python3.8/site-packages/airflow/example_dags/example_latest_only_with_trigger.py for tasks to queue
[2025-07-08T10:53:43.528+0000] {logging_mixin.py:188} INFO - [2025-07-08T10:53:43.527+0000] {dagbag.py:538} INFO - Filling up the DagBag from /home/airflow/.local/lib/python3.8/site-packages/airflow/example_dags/example_latest_only_with_trigger.py
[2025-07-08T10:53:43.555+0000] {processor.py:840} INFO - DAG(s) 'latest_only_with_trigger' retrieved from /home/airflow/.local/lib/python3.8/site-packages/airflow/example_dags/example_latest_only_with_trigger.py
[2025-07-08T10:53:43.665+0000] {logging_mixin.py:188} INFO - [2025-07-08T10:53:43.665+0000] {dag.py:3036} INFO - Sync 1 DAGs
[2025-07-08T10:53:43.745+0000] {logging_mixin.py:188} INFO - [2025-07-08T10:53:43.744+0000] {dag.py:3823} INFO - Setting next_dagrun for latest_only_with_trigger to 2025-07-08 04:00:00+00:00, run_after=2025-07-08 08:00:00+00:00
[2025-07-08T10:53:43.812+0000] {processor.py:183} INFO - Processing /home/airflow/.local/lib/python3.8/site-packages/airflow/example_dags/example_latest_only_with_trigger.py took 0.319 seconds
[2025-07-08T10:54:15.191+0000] {processor.py:161} INFO - Started process (PID=13825) to work on /home/airflow/.local/lib/python3.8/site-packages/airflow/example_dags/example_latest_only_with_trigger.py
[2025-07-08T10:54:15.200+0000] {processor.py:830} INFO - Processing file /home/airflow/.local/lib/python3.8/site-packages/airflow/example_dags/example_latest_only_with_trigger.py for tasks to queue
[2025-07-08T10:54:15.201+0000] {logging_mixin.py:188} INFO - [2025-07-08T10:54:15.201+0000] {dagbag.py:538} INFO - Filling up the DagBag from /home/airflow/.local/lib/python3.8/site-packages/airflow/example_dags/example_latest_only_with_trigger.py
[2025-07-08T10:54:15.239+0000] {processor.py:840} INFO - DAG(s) 'latest_only_with_trigger' retrieved from /home/airflow/.local/lib/python3.8/site-packages/airflow/example_dags/example_latest_only_with_trigger.py
[2025-07-08T10:54:15.361+0000] {logging_mixin.py:188} INFO - [2025-07-08T10:54:15.361+0000] {dag.py:3036} INFO - Sync 1 DAGs
[2025-07-08T10:54:15.502+0000] {logging_mixin.py:188} INFO - [2025-07-08T10:54:15.502+0000] {dag.py:3823} INFO - Setting next_dagrun for latest_only_with_trigger to 2025-07-08 04:00:00+00:00, run_after=2025-07-08 08:00:00+00:00
[2025-07-08T10:54:15.572+0000] {processor.py:183} INFO - Processing /home/airflow/.local/lib/python3.8/site-packages/airflow/example_dags/example_latest_only_with_trigger.py took 0.395 seconds
