[2025-07-08T09:05:50.158+0000] {processor.py:161} INFO - Started process (PID=173) to work on /home/airflow/.local/lib/python3.8/site-packages/airflow/example_dags/example_setup_teardown_taskflow.py
[2025-07-08T09:05:50.159+0000] {processor.py:830} INFO - Processing file /home/airflow/.local/lib/python3.8/site-packages/airflow/example_dags/example_setup_teardown_taskflow.py for tasks to queue
[2025-07-08T09:05:50.162+0000] {logging_mixin.py:188} INFO - [2025-07-08T09:05:50.162+0000] {dagbag.py:538} INFO - Filling up the DagBag from /home/airflow/.local/lib/python3.8/site-packages/airflow/example_dags/example_setup_teardown_taskflow.py
[2025-07-08T09:05:50.185+0000] {processor.py:840} INFO - DAG(s) 'example_setup_teardown_taskflow' retrieved from /home/airflow/.local/lib/python3.8/site-packages/airflow/example_dags/example_setup_teardown_taskflow.py
[2025-07-08T09:05:50.417+0000] {logging_mixin.py:188} INFO - [2025-07-08T09:05:50.416+0000] {dag.py:3036} INFO - Sync 1 DAGs
[2025-07-08T09:05:50.458+0000] {logging_mixin.py:188} INFO - [2025-07-08T09:05:50.458+0000] {dag.py:3823} INFO - Setting next_dagrun for example_setup_teardown_taskflow to 2025-07-07 00:00:00+00:00, run_after=2025-07-08 00:00:00+00:00
[2025-07-08T09:05:50.498+0000] {processor.py:183} INFO - Processing /home/airflow/.local/lib/python3.8/site-packages/airflow/example_dags/example_setup_teardown_taskflow.py took 0.347 seconds
[2025-07-08T09:06:21.183+0000] {processor.py:161} INFO - Started process (PID=238) to work on /home/airflow/.local/lib/python3.8/site-packages/airflow/example_dags/example_setup_teardown_taskflow.py
[2025-07-08T09:06:21.187+0000] {processor.py:830} INFO - Processing file /home/airflow/.local/lib/python3.8/site-packages/airflow/example_dags/example_setup_teardown_taskflow.py for tasks to queue
[2025-07-08T09:06:21.190+0000] {logging_mixin.py:188} INFO - [2025-07-08T09:06:21.190+0000] {dagbag.py:538} INFO - Filling up the DagBag from /home/airflow/.local/lib/python3.8/site-packages/airflow/example_dags/example_setup_teardown_taskflow.py
[2025-07-08T09:06:21.230+0000] {processor.py:840} INFO - DAG(s) 'example_setup_teardown_taskflow' retrieved from /home/airflow/.local/lib/python3.8/site-packages/airflow/example_dags/example_setup_teardown_taskflow.py
[2025-07-08T09:06:21.290+0000] {logging_mixin.py:188} INFO - [2025-07-08T09:06:21.290+0000] {dag.py:3036} INFO - Sync 1 DAGs
[2025-07-08T09:06:21.467+0000] {logging_mixin.py:188} INFO - [2025-07-08T09:06:21.466+0000] {dag.py:3823} INFO - Setting next_dagrun for example_setup_teardown_taskflow to 2025-07-07 00:00:00+00:00, run_after=2025-07-08 00:00:00+00:00
[2025-07-08T09:06:21.549+0000] {processor.py:183} INFO - Processing /home/airflow/.local/lib/python3.8/site-packages/airflow/example_dags/example_setup_teardown_taskflow.py took 0.372 seconds
[2025-07-08T09:06:51.827+0000] {processor.py:161} INFO - Started process (PID=300) to work on /home/airflow/.local/lib/python3.8/site-packages/airflow/example_dags/example_setup_teardown_taskflow.py
[2025-07-08T09:06:51.835+0000] {processor.py:830} INFO - Processing file /home/airflow/.local/lib/python3.8/site-packages/airflow/example_dags/example_setup_teardown_taskflow.py for tasks to queue
[2025-07-08T09:06:51.838+0000] {logging_mixin.py:188} INFO - [2025-07-08T09:06:51.838+0000] {dagbag.py:538} INFO - Filling up the DagBag from /home/airflow/.local/lib/python3.8/site-packages/airflow/example_dags/example_setup_teardown_taskflow.py
[2025-07-08T09:06:51.899+0000] {processor.py:840} INFO - DAG(s) 'example_setup_teardown_taskflow' retrieved from /home/airflow/.local/lib/python3.8/site-packages/airflow/example_dags/example_setup_teardown_taskflow.py
[2025-07-08T09:06:51.994+0000] {logging_mixin.py:188} INFO - [2025-07-08T09:06:51.994+0000] {dag.py:3036} INFO - Sync 1 DAGs
[2025-07-08T09:06:52.048+0000] {logging_mixin.py:188} INFO - [2025-07-08T09:06:52.047+0000] {dag.py:3823} INFO - Setting next_dagrun for example_setup_teardown_taskflow to 2025-07-07 00:00:00+00:00, run_after=2025-07-08 00:00:00+00:00
[2025-07-08T09:06:52.085+0000] {processor.py:183} INFO - Processing /home/airflow/.local/lib/python3.8/site-packages/airflow/example_dags/example_setup_teardown_taskflow.py took 0.268 seconds
[2025-07-08T09:07:22.488+0000] {processor.py:161} INFO - Started process (PID=357) to work on /home/airflow/.local/lib/python3.8/site-packages/airflow/example_dags/example_setup_teardown_taskflow.py
[2025-07-08T09:07:22.490+0000] {processor.py:830} INFO - Processing file /home/airflow/.local/lib/python3.8/site-packages/airflow/example_dags/example_setup_teardown_taskflow.py for tasks to queue
[2025-07-08T09:07:22.493+0000] {logging_mixin.py:188} INFO - [2025-07-08T09:07:22.492+0000] {dagbag.py:538} INFO - Filling up the DagBag from /home/airflow/.local/lib/python3.8/site-packages/airflow/example_dags/example_setup_teardown_taskflow.py
[2025-07-08T09:07:22.519+0000] {processor.py:840} INFO - DAG(s) 'example_setup_teardown_taskflow' retrieved from /home/airflow/.local/lib/python3.8/site-packages/airflow/example_dags/example_setup_teardown_taskflow.py
[2025-07-08T09:07:22.562+0000] {logging_mixin.py:188} INFO - [2025-07-08T09:07:22.561+0000] {dag.py:3036} INFO - Sync 1 DAGs
[2025-07-08T09:07:22.624+0000] {logging_mixin.py:188} INFO - [2025-07-08T09:07:22.621+0000] {dag.py:3823} INFO - Setting next_dagrun for example_setup_teardown_taskflow to 2025-07-07 00:00:00+00:00, run_after=2025-07-08 00:00:00+00:00
[2025-07-08T09:07:22.671+0000] {processor.py:183} INFO - Processing /home/airflow/.local/lib/python3.8/site-packages/airflow/example_dags/example_setup_teardown_taskflow.py took 0.203 seconds
[2025-07-08T09:07:53.161+0000] {processor.py:161} INFO - Started process (PID=423) to work on /home/airflow/.local/lib/python3.8/site-packages/airflow/example_dags/example_setup_teardown_taskflow.py
[2025-07-08T09:07:53.163+0000] {processor.py:830} INFO - Processing file /home/airflow/.local/lib/python3.8/site-packages/airflow/example_dags/example_setup_teardown_taskflow.py for tasks to queue
[2025-07-08T09:07:53.167+0000] {logging_mixin.py:188} INFO - [2025-07-08T09:07:53.167+0000] {dagbag.py:538} INFO - Filling up the DagBag from /home/airflow/.local/lib/python3.8/site-packages/airflow/example_dags/example_setup_teardown_taskflow.py
[2025-07-08T09:07:53.186+0000] {processor.py:840} INFO - DAG(s) 'example_setup_teardown_taskflow' retrieved from /home/airflow/.local/lib/python3.8/site-packages/airflow/example_dags/example_setup_teardown_taskflow.py
[2025-07-08T09:07:53.231+0000] {logging_mixin.py:188} INFO - [2025-07-08T09:07:53.231+0000] {dag.py:3036} INFO - Sync 1 DAGs
[2025-07-08T09:07:53.277+0000] {logging_mixin.py:188} INFO - [2025-07-08T09:07:53.277+0000] {dag.py:3823} INFO - Setting next_dagrun for example_setup_teardown_taskflow to 2025-07-07 00:00:00+00:00, run_after=2025-07-08 00:00:00+00:00
[2025-07-08T09:07:53.309+0000] {processor.py:183} INFO - Processing /home/airflow/.local/lib/python3.8/site-packages/airflow/example_dags/example_setup_teardown_taskflow.py took 0.154 seconds
[2025-07-08T09:08:24.299+0000] {processor.py:161} INFO - Started process (PID=488) to work on /home/airflow/.local/lib/python3.8/site-packages/airflow/example_dags/example_setup_teardown_taskflow.py
[2025-07-08T09:08:24.300+0000] {processor.py:830} INFO - Processing file /home/airflow/.local/lib/python3.8/site-packages/airflow/example_dags/example_setup_teardown_taskflow.py for tasks to queue
[2025-07-08T09:08:24.303+0000] {logging_mixin.py:188} INFO - [2025-07-08T09:08:24.302+0000] {dagbag.py:538} INFO - Filling up the DagBag from /home/airflow/.local/lib/python3.8/site-packages/airflow/example_dags/example_setup_teardown_taskflow.py
[2025-07-08T09:08:24.317+0000] {processor.py:840} INFO - DAG(s) 'example_setup_teardown_taskflow' retrieved from /home/airflow/.local/lib/python3.8/site-packages/airflow/example_dags/example_setup_teardown_taskflow.py
[2025-07-08T09:08:24.350+0000] {logging_mixin.py:188} INFO - [2025-07-08T09:08:24.349+0000] {dag.py:3036} INFO - Sync 1 DAGs
[2025-07-08T09:08:24.384+0000] {logging_mixin.py:188} INFO - [2025-07-08T09:08:24.384+0000] {dag.py:3823} INFO - Setting next_dagrun for example_setup_teardown_taskflow to 2025-07-07 00:00:00+00:00, run_after=2025-07-08 00:00:00+00:00
[2025-07-08T09:08:24.418+0000] {processor.py:183} INFO - Processing /home/airflow/.local/lib/python3.8/site-packages/airflow/example_dags/example_setup_teardown_taskflow.py took 0.124 seconds
[2025-07-08T09:08:55.787+0000] {processor.py:161} INFO - Started process (PID=553) to work on /home/airflow/.local/lib/python3.8/site-packages/airflow/example_dags/example_setup_teardown_taskflow.py
[2025-07-08T09:08:55.789+0000] {processor.py:830} INFO - Processing file /home/airflow/.local/lib/python3.8/site-packages/airflow/example_dags/example_setup_teardown_taskflow.py for tasks to queue
[2025-07-08T09:08:55.795+0000] {logging_mixin.py:188} INFO - [2025-07-08T09:08:55.794+0000] {dagbag.py:538} INFO - Filling up the DagBag from /home/airflow/.local/lib/python3.8/site-packages/airflow/example_dags/example_setup_teardown_taskflow.py
[2025-07-08T09:08:55.814+0000] {processor.py:840} INFO - DAG(s) 'example_setup_teardown_taskflow' retrieved from /home/airflow/.local/lib/python3.8/site-packages/airflow/example_dags/example_setup_teardown_taskflow.py
[2025-07-08T09:08:55.856+0000] {logging_mixin.py:188} INFO - [2025-07-08T09:08:55.856+0000] {dag.py:3036} INFO - Sync 1 DAGs
[2025-07-08T09:08:55.901+0000] {logging_mixin.py:188} INFO - [2025-07-08T09:08:55.900+0000] {dag.py:3823} INFO - Setting next_dagrun for example_setup_teardown_taskflow to 2025-07-07 00:00:00+00:00, run_after=2025-07-08 00:00:00+00:00
[2025-07-08T09:08:55.947+0000] {processor.py:183} INFO - Processing /home/airflow/.local/lib/python3.8/site-packages/airflow/example_dags/example_setup_teardown_taskflow.py took 0.166 seconds
[2025-07-08T09:09:26.892+0000] {processor.py:161} INFO - Started process (PID=617) to work on /home/airflow/.local/lib/python3.8/site-packages/airflow/example_dags/example_setup_teardown_taskflow.py
[2025-07-08T09:09:26.894+0000] {processor.py:830} INFO - Processing file /home/airflow/.local/lib/python3.8/site-packages/airflow/example_dags/example_setup_teardown_taskflow.py for tasks to queue
[2025-07-08T09:09:26.897+0000] {logging_mixin.py:188} INFO - [2025-07-08T09:09:26.897+0000] {dagbag.py:538} INFO - Filling up the DagBag from /home/airflow/.local/lib/python3.8/site-packages/airflow/example_dags/example_setup_teardown_taskflow.py
[2025-07-08T09:09:26.927+0000] {processor.py:840} INFO - DAG(s) 'example_setup_teardown_taskflow' retrieved from /home/airflow/.local/lib/python3.8/site-packages/airflow/example_dags/example_setup_teardown_taskflow.py
[2025-07-08T09:09:27.011+0000] {logging_mixin.py:188} INFO - [2025-07-08T09:09:27.010+0000] {dag.py:3036} INFO - Sync 1 DAGs
[2025-07-08T09:09:27.146+0000] {logging_mixin.py:188} INFO - [2025-07-08T09:09:27.146+0000] {dag.py:3823} INFO - Setting next_dagrun for example_setup_teardown_taskflow to 2025-07-07 00:00:00+00:00, run_after=2025-07-08 00:00:00+00:00
[2025-07-08T09:09:27.239+0000] {processor.py:183} INFO - Processing /home/airflow/.local/lib/python3.8/site-packages/airflow/example_dags/example_setup_teardown_taskflow.py took 0.372 seconds
[2025-07-08T09:09:57.411+0000] {processor.py:161} INFO - Started process (PID=674) to work on /home/airflow/.local/lib/python3.8/site-packages/airflow/example_dags/example_setup_teardown_taskflow.py
[2025-07-08T09:09:57.413+0000] {processor.py:830} INFO - Processing file /home/airflow/.local/lib/python3.8/site-packages/airflow/example_dags/example_setup_teardown_taskflow.py for tasks to queue
[2025-07-08T09:09:57.416+0000] {logging_mixin.py:188} INFO - [2025-07-08T09:09:57.415+0000] {dagbag.py:538} INFO - Filling up the DagBag from /home/airflow/.local/lib/python3.8/site-packages/airflow/example_dags/example_setup_teardown_taskflow.py
[2025-07-08T09:09:57.435+0000] {processor.py:840} INFO - DAG(s) 'example_setup_teardown_taskflow' retrieved from /home/airflow/.local/lib/python3.8/site-packages/airflow/example_dags/example_setup_teardown_taskflow.py
[2025-07-08T09:09:57.478+0000] {logging_mixin.py:188} INFO - [2025-07-08T09:09:57.477+0000] {dag.py:3036} INFO - Sync 1 DAGs
[2025-07-08T09:09:57.525+0000] {logging_mixin.py:188} INFO - [2025-07-08T09:09:57.525+0000] {dag.py:3823} INFO - Setting next_dagrun for example_setup_teardown_taskflow to 2025-07-07 00:00:00+00:00, run_after=2025-07-08 00:00:00+00:00
[2025-07-08T09:09:57.559+0000] {processor.py:183} INFO - Processing /home/airflow/.local/lib/python3.8/site-packages/airflow/example_dags/example_setup_teardown_taskflow.py took 0.154 seconds
[2025-07-08T09:10:27.989+0000] {processor.py:161} INFO - Started process (PID=738) to work on /home/airflow/.local/lib/python3.8/site-packages/airflow/example_dags/example_setup_teardown_taskflow.py
[2025-07-08T09:10:27.991+0000] {processor.py:830} INFO - Processing file /home/airflow/.local/lib/python3.8/site-packages/airflow/example_dags/example_setup_teardown_taskflow.py for tasks to queue
[2025-07-08T09:10:27.993+0000] {logging_mixin.py:188} INFO - [2025-07-08T09:10:27.993+0000] {dagbag.py:538} INFO - Filling up the DagBag from /home/airflow/.local/lib/python3.8/site-packages/airflow/example_dags/example_setup_teardown_taskflow.py
[2025-07-08T09:10:28.011+0000] {processor.py:840} INFO - DAG(s) 'example_setup_teardown_taskflow' retrieved from /home/airflow/.local/lib/python3.8/site-packages/airflow/example_dags/example_setup_teardown_taskflow.py
[2025-07-08T09:10:28.052+0000] {logging_mixin.py:188} INFO - [2025-07-08T09:10:28.052+0000] {dag.py:3036} INFO - Sync 1 DAGs
[2025-07-08T09:10:28.109+0000] {logging_mixin.py:188} INFO - [2025-07-08T09:10:28.108+0000] {dag.py:3823} INFO - Setting next_dagrun for example_setup_teardown_taskflow to 2025-07-07 00:00:00+00:00, run_after=2025-07-08 00:00:00+00:00
[2025-07-08T09:10:28.141+0000] {processor.py:183} INFO - Processing /home/airflow/.local/lib/python3.8/site-packages/airflow/example_dags/example_setup_teardown_taskflow.py took 0.159 seconds
[2025-07-08T09:10:58.663+0000] {processor.py:161} INFO - Started process (PID=803) to work on /home/airflow/.local/lib/python3.8/site-packages/airflow/example_dags/example_setup_teardown_taskflow.py
[2025-07-08T09:10:58.664+0000] {processor.py:830} INFO - Processing file /home/airflow/.local/lib/python3.8/site-packages/airflow/example_dags/example_setup_teardown_taskflow.py for tasks to queue
[2025-07-08T09:10:58.673+0000] {logging_mixin.py:188} INFO - [2025-07-08T09:10:58.672+0000] {dagbag.py:538} INFO - Filling up the DagBag from /home/airflow/.local/lib/python3.8/site-packages/airflow/example_dags/example_setup_teardown_taskflow.py
[2025-07-08T09:10:58.699+0000] {processor.py:840} INFO - DAG(s) 'example_setup_teardown_taskflow' retrieved from /home/airflow/.local/lib/python3.8/site-packages/airflow/example_dags/example_setup_teardown_taskflow.py
[2025-07-08T09:10:58.750+0000] {logging_mixin.py:188} INFO - [2025-07-08T09:10:58.749+0000] {dag.py:3036} INFO - Sync 1 DAGs
[2025-07-08T09:10:58.798+0000] {logging_mixin.py:188} INFO - [2025-07-08T09:10:58.798+0000] {dag.py:3823} INFO - Setting next_dagrun for example_setup_teardown_taskflow to 2025-07-07 00:00:00+00:00, run_after=2025-07-08 00:00:00+00:00
[2025-07-08T09:10:58.833+0000] {processor.py:183} INFO - Processing /home/airflow/.local/lib/python3.8/site-packages/airflow/example_dags/example_setup_teardown_taskflow.py took 0.175 seconds
[2025-07-08T09:11:29.641+0000] {processor.py:161} INFO - Started process (PID=870) to work on /home/airflow/.local/lib/python3.8/site-packages/airflow/example_dags/example_setup_teardown_taskflow.py
[2025-07-08T09:11:29.643+0000] {processor.py:830} INFO - Processing file /home/airflow/.local/lib/python3.8/site-packages/airflow/example_dags/example_setup_teardown_taskflow.py for tasks to queue
[2025-07-08T09:11:29.646+0000] {logging_mixin.py:188} INFO - [2025-07-08T09:11:29.646+0000] {dagbag.py:538} INFO - Filling up the DagBag from /home/airflow/.local/lib/python3.8/site-packages/airflow/example_dags/example_setup_teardown_taskflow.py
[2025-07-08T09:11:29.664+0000] {processor.py:840} INFO - DAG(s) 'example_setup_teardown_taskflow' retrieved from /home/airflow/.local/lib/python3.8/site-packages/airflow/example_dags/example_setup_teardown_taskflow.py
[2025-07-08T09:11:29.706+0000] {logging_mixin.py:188} INFO - [2025-07-08T09:11:29.705+0000] {dag.py:3036} INFO - Sync 1 DAGs
[2025-07-08T09:11:29.751+0000] {logging_mixin.py:188} INFO - [2025-07-08T09:11:29.751+0000] {dag.py:3823} INFO - Setting next_dagrun for example_setup_teardown_taskflow to 2025-07-07 00:00:00+00:00, run_after=2025-07-08 00:00:00+00:00
[2025-07-08T09:11:29.786+0000] {processor.py:183} INFO - Processing /home/airflow/.local/lib/python3.8/site-packages/airflow/example_dags/example_setup_teardown_taskflow.py took 0.151 seconds
[2025-07-08T09:12:00.869+0000] {processor.py:161} INFO - Started process (PID=936) to work on /home/airflow/.local/lib/python3.8/site-packages/airflow/example_dags/example_setup_teardown_taskflow.py
[2025-07-08T09:12:00.871+0000] {processor.py:830} INFO - Processing file /home/airflow/.local/lib/python3.8/site-packages/airflow/example_dags/example_setup_teardown_taskflow.py for tasks to queue
[2025-07-08T09:12:00.874+0000] {logging_mixin.py:188} INFO - [2025-07-08T09:12:00.873+0000] {dagbag.py:538} INFO - Filling up the DagBag from /home/airflow/.local/lib/python3.8/site-packages/airflow/example_dags/example_setup_teardown_taskflow.py
[2025-07-08T09:12:00.892+0000] {processor.py:840} INFO - DAG(s) 'example_setup_teardown_taskflow' retrieved from /home/airflow/.local/lib/python3.8/site-packages/airflow/example_dags/example_setup_teardown_taskflow.py
[2025-07-08T09:12:00.970+0000] {logging_mixin.py:188} INFO - [2025-07-08T09:12:00.970+0000] {dag.py:3036} INFO - Sync 1 DAGs
[2025-07-08T09:12:01.017+0000] {logging_mixin.py:188} INFO - [2025-07-08T09:12:01.016+0000] {dag.py:3823} INFO - Setting next_dagrun for example_setup_teardown_taskflow to 2025-07-07 00:00:00+00:00, run_after=2025-07-08 00:00:00+00:00
[2025-07-08T09:12:01.055+0000] {processor.py:183} INFO - Processing /home/airflow/.local/lib/python3.8/site-packages/airflow/example_dags/example_setup_teardown_taskflow.py took 0.192 seconds
[2025-07-08T09:12:31.489+0000] {processor.py:161} INFO - Started process (PID=1003) to work on /home/airflow/.local/lib/python3.8/site-packages/airflow/example_dags/example_setup_teardown_taskflow.py
[2025-07-08T09:12:31.502+0000] {processor.py:830} INFO - Processing file /home/airflow/.local/lib/python3.8/site-packages/airflow/example_dags/example_setup_teardown_taskflow.py for tasks to queue
[2025-07-08T09:12:31.505+0000] {logging_mixin.py:188} INFO - [2025-07-08T09:12:31.505+0000] {dagbag.py:538} INFO - Filling up the DagBag from /home/airflow/.local/lib/python3.8/site-packages/airflow/example_dags/example_setup_teardown_taskflow.py
[2025-07-08T09:12:31.568+0000] {processor.py:840} INFO - DAG(s) 'example_setup_teardown_taskflow' retrieved from /home/airflow/.local/lib/python3.8/site-packages/airflow/example_dags/example_setup_teardown_taskflow.py
[2025-07-08T09:12:31.631+0000] {logging_mixin.py:188} INFO - [2025-07-08T09:12:31.631+0000] {dag.py:3036} INFO - Sync 1 DAGs
[2025-07-08T09:12:31.675+0000] {logging_mixin.py:188} INFO - [2025-07-08T09:12:31.675+0000] {dag.py:3823} INFO - Setting next_dagrun for example_setup_teardown_taskflow to 2025-07-07 00:00:00+00:00, run_after=2025-07-08 00:00:00+00:00
[2025-07-08T09:12:31.708+0000] {processor.py:183} INFO - Processing /home/airflow/.local/lib/python3.8/site-packages/airflow/example_dags/example_setup_teardown_taskflow.py took 0.242 seconds
[2025-07-08T09:13:03.057+0000] {processor.py:161} INFO - Started process (PID=1071) to work on /home/airflow/.local/lib/python3.8/site-packages/airflow/example_dags/example_setup_teardown_taskflow.py
[2025-07-08T09:13:03.058+0000] {processor.py:830} INFO - Processing file /home/airflow/.local/lib/python3.8/site-packages/airflow/example_dags/example_setup_teardown_taskflow.py for tasks to queue
[2025-07-08T09:13:03.074+0000] {logging_mixin.py:188} INFO - [2025-07-08T09:13:03.074+0000] {dagbag.py:538} INFO - Filling up the DagBag from /home/airflow/.local/lib/python3.8/site-packages/airflow/example_dags/example_setup_teardown_taskflow.py
[2025-07-08T09:13:03.161+0000] {processor.py:840} INFO - DAG(s) 'example_setup_teardown_taskflow' retrieved from /home/airflow/.local/lib/python3.8/site-packages/airflow/example_dags/example_setup_teardown_taskflow.py
[2025-07-08T09:13:03.316+0000] {logging_mixin.py:188} INFO - [2025-07-08T09:13:03.315+0000] {dag.py:3036} INFO - Sync 1 DAGs
[2025-07-08T09:13:03.373+0000] {logging_mixin.py:188} INFO - [2025-07-08T09:13:03.372+0000] {dag.py:3823} INFO - Setting next_dagrun for example_setup_teardown_taskflow to 2025-07-07 00:00:00+00:00, run_after=2025-07-08 00:00:00+00:00
[2025-07-08T09:13:03.441+0000] {processor.py:183} INFO - Processing /home/airflow/.local/lib/python3.8/site-packages/airflow/example_dags/example_setup_teardown_taskflow.py took 0.400 seconds
[2025-07-08T09:13:34.082+0000] {processor.py:161} INFO - Started process (PID=1138) to work on /home/airflow/.local/lib/python3.8/site-packages/airflow/example_dags/example_setup_teardown_taskflow.py
[2025-07-08T09:13:34.096+0000] {processor.py:830} INFO - Processing file /home/airflow/.local/lib/python3.8/site-packages/airflow/example_dags/example_setup_teardown_taskflow.py for tasks to queue
[2025-07-08T09:13:34.113+0000] {logging_mixin.py:188} INFO - [2025-07-08T09:13:34.112+0000] {dagbag.py:538} INFO - Filling up the DagBag from /home/airflow/.local/lib/python3.8/site-packages/airflow/example_dags/example_setup_teardown_taskflow.py
[2025-07-08T09:13:34.187+0000] {processor.py:840} INFO - DAG(s) 'example_setup_teardown_taskflow' retrieved from /home/airflow/.local/lib/python3.8/site-packages/airflow/example_dags/example_setup_teardown_taskflow.py
[2025-07-08T09:13:34.343+0000] {logging_mixin.py:188} INFO - [2025-07-08T09:13:34.343+0000] {dag.py:3036} INFO - Sync 1 DAGs
[2025-07-08T09:13:34.532+0000] {logging_mixin.py:188} INFO - [2025-07-08T09:13:34.532+0000] {dag.py:3823} INFO - Setting next_dagrun for example_setup_teardown_taskflow to 2025-07-07 00:00:00+00:00, run_after=2025-07-08 00:00:00+00:00
[2025-07-08T09:13:34.660+0000] {processor.py:183} INFO - Processing /home/airflow/.local/lib/python3.8/site-packages/airflow/example_dags/example_setup_teardown_taskflow.py took 0.605 seconds
[2025-07-08T09:14:05.132+0000] {processor.py:161} INFO - Started process (PID=1195) to work on /home/airflow/.local/lib/python3.8/site-packages/airflow/example_dags/example_setup_teardown_taskflow.py
[2025-07-08T09:14:05.133+0000] {processor.py:830} INFO - Processing file /home/airflow/.local/lib/python3.8/site-packages/airflow/example_dags/example_setup_teardown_taskflow.py for tasks to queue
[2025-07-08T09:14:05.136+0000] {logging_mixin.py:188} INFO - [2025-07-08T09:14:05.136+0000] {dagbag.py:538} INFO - Filling up the DagBag from /home/airflow/.local/lib/python3.8/site-packages/airflow/example_dags/example_setup_teardown_taskflow.py
[2025-07-08T09:14:05.157+0000] {processor.py:840} INFO - DAG(s) 'example_setup_teardown_taskflow' retrieved from /home/airflow/.local/lib/python3.8/site-packages/airflow/example_dags/example_setup_teardown_taskflow.py
[2025-07-08T09:14:05.205+0000] {logging_mixin.py:188} INFO - [2025-07-08T09:14:05.204+0000] {dag.py:3036} INFO - Sync 1 DAGs
[2025-07-08T09:14:05.259+0000] {logging_mixin.py:188} INFO - [2025-07-08T09:14:05.258+0000] {dag.py:3823} INFO - Setting next_dagrun for example_setup_teardown_taskflow to 2025-07-07 00:00:00+00:00, run_after=2025-07-08 00:00:00+00:00
[2025-07-08T09:14:05.297+0000] {processor.py:183} INFO - Processing /home/airflow/.local/lib/python3.8/site-packages/airflow/example_dags/example_setup_teardown_taskflow.py took 0.172 seconds
[2025-07-08T09:14:35.758+0000] {processor.py:161} INFO - Started process (PID=1262) to work on /home/airflow/.local/lib/python3.8/site-packages/airflow/example_dags/example_setup_teardown_taskflow.py
[2025-07-08T09:14:35.760+0000] {processor.py:830} INFO - Processing file /home/airflow/.local/lib/python3.8/site-packages/airflow/example_dags/example_setup_teardown_taskflow.py for tasks to queue
[2025-07-08T09:14:35.763+0000] {logging_mixin.py:188} INFO - [2025-07-08T09:14:35.763+0000] {dagbag.py:538} INFO - Filling up the DagBag from /home/airflow/.local/lib/python3.8/site-packages/airflow/example_dags/example_setup_teardown_taskflow.py
[2025-07-08T09:14:35.784+0000] {processor.py:840} INFO - DAG(s) 'example_setup_teardown_taskflow' retrieved from /home/airflow/.local/lib/python3.8/site-packages/airflow/example_dags/example_setup_teardown_taskflow.py
[2025-07-08T09:14:35.835+0000] {logging_mixin.py:188} INFO - [2025-07-08T09:14:35.834+0000] {dag.py:3036} INFO - Sync 1 DAGs
[2025-07-08T09:14:35.885+0000] {logging_mixin.py:188} INFO - [2025-07-08T09:14:35.885+0000] {dag.py:3823} INFO - Setting next_dagrun for example_setup_teardown_taskflow to 2025-07-07 00:00:00+00:00, run_after=2025-07-08 00:00:00+00:00
[2025-07-08T09:14:35.924+0000] {processor.py:183} INFO - Processing /home/airflow/.local/lib/python3.8/site-packages/airflow/example_dags/example_setup_teardown_taskflow.py took 0.172 seconds
[2025-07-08T09:15:06.333+0000] {processor.py:161} INFO - Started process (PID=1327) to work on /home/airflow/.local/lib/python3.8/site-packages/airflow/example_dags/example_setup_teardown_taskflow.py
[2025-07-08T09:15:06.335+0000] {processor.py:830} INFO - Processing file /home/airflow/.local/lib/python3.8/site-packages/airflow/example_dags/example_setup_teardown_taskflow.py for tasks to queue
[2025-07-08T09:15:06.338+0000] {logging_mixin.py:188} INFO - [2025-07-08T09:15:06.337+0000] {dagbag.py:538} INFO - Filling up the DagBag from /home/airflow/.local/lib/python3.8/site-packages/airflow/example_dags/example_setup_teardown_taskflow.py
[2025-07-08T09:15:06.360+0000] {processor.py:840} INFO - DAG(s) 'example_setup_teardown_taskflow' retrieved from /home/airflow/.local/lib/python3.8/site-packages/airflow/example_dags/example_setup_teardown_taskflow.py
[2025-07-08T09:15:06.405+0000] {logging_mixin.py:188} INFO - [2025-07-08T09:15:06.405+0000] {dag.py:3036} INFO - Sync 1 DAGs
[2025-07-08T09:15:06.455+0000] {logging_mixin.py:188} INFO - [2025-07-08T09:15:06.455+0000] {dag.py:3823} INFO - Setting next_dagrun for example_setup_teardown_taskflow to 2025-07-07 00:00:00+00:00, run_after=2025-07-08 00:00:00+00:00
[2025-07-08T09:15:06.491+0000] {processor.py:183} INFO - Processing /home/airflow/.local/lib/python3.8/site-packages/airflow/example_dags/example_setup_teardown_taskflow.py took 0.164 seconds
[2025-07-08T09:15:36.977+0000] {processor.py:161} INFO - Started process (PID=1395) to work on /home/airflow/.local/lib/python3.8/site-packages/airflow/example_dags/example_setup_teardown_taskflow.py
[2025-07-08T09:15:36.979+0000] {processor.py:830} INFO - Processing file /home/airflow/.local/lib/python3.8/site-packages/airflow/example_dags/example_setup_teardown_taskflow.py for tasks to queue
[2025-07-08T09:15:36.982+0000] {logging_mixin.py:188} INFO - [2025-07-08T09:15:36.981+0000] {dagbag.py:538} INFO - Filling up the DagBag from /home/airflow/.local/lib/python3.8/site-packages/airflow/example_dags/example_setup_teardown_taskflow.py
[2025-07-08T09:15:37.000+0000] {processor.py:840} INFO - DAG(s) 'example_setup_teardown_taskflow' retrieved from /home/airflow/.local/lib/python3.8/site-packages/airflow/example_dags/example_setup_teardown_taskflow.py
[2025-07-08T09:15:37.044+0000] {logging_mixin.py:188} INFO - [2025-07-08T09:15:37.043+0000] {dag.py:3036} INFO - Sync 1 DAGs
[2025-07-08T09:15:37.088+0000] {logging_mixin.py:188} INFO - [2025-07-08T09:15:37.088+0000] {dag.py:3823} INFO - Setting next_dagrun for example_setup_teardown_taskflow to 2025-07-07 00:00:00+00:00, run_after=2025-07-08 00:00:00+00:00
[2025-07-08T09:15:37.126+0000] {processor.py:183} INFO - Processing /home/airflow/.local/lib/python3.8/site-packages/airflow/example_dags/example_setup_teardown_taskflow.py took 0.155 seconds
[2025-07-08T09:16:07.403+0000] {processor.py:161} INFO - Started process (PID=1461) to work on /home/airflow/.local/lib/python3.8/site-packages/airflow/example_dags/example_setup_teardown_taskflow.py
[2025-07-08T09:16:07.417+0000] {processor.py:830} INFO - Processing file /home/airflow/.local/lib/python3.8/site-packages/airflow/example_dags/example_setup_teardown_taskflow.py for tasks to queue
[2025-07-08T09:16:07.420+0000] {logging_mixin.py:188} INFO - [2025-07-08T09:16:07.419+0000] {dagbag.py:538} INFO - Filling up the DagBag from /home/airflow/.local/lib/python3.8/site-packages/airflow/example_dags/example_setup_teardown_taskflow.py
[2025-07-08T09:16:07.456+0000] {processor.py:840} INFO - DAG(s) 'example_setup_teardown_taskflow' retrieved from /home/airflow/.local/lib/python3.8/site-packages/airflow/example_dags/example_setup_teardown_taskflow.py
[2025-07-08T09:16:07.530+0000] {logging_mixin.py:188} INFO - [2025-07-08T09:16:07.530+0000] {dag.py:3036} INFO - Sync 1 DAGs
[2025-07-08T09:16:07.617+0000] {logging_mixin.py:188} INFO - [2025-07-08T09:16:07.617+0000] {dag.py:3823} INFO - Setting next_dagrun for example_setup_teardown_taskflow to 2025-07-07 00:00:00+00:00, run_after=2025-07-08 00:00:00+00:00
[2025-07-08T09:16:07.689+0000] {processor.py:183} INFO - Processing /home/airflow/.local/lib/python3.8/site-packages/airflow/example_dags/example_setup_teardown_taskflow.py took 0.292 seconds
[2025-07-08T09:16:37.997+0000] {processor.py:161} INFO - Started process (PID=1526) to work on /home/airflow/.local/lib/python3.8/site-packages/airflow/example_dags/example_setup_teardown_taskflow.py
[2025-07-08T09:16:38.004+0000] {processor.py:830} INFO - Processing file /home/airflow/.local/lib/python3.8/site-packages/airflow/example_dags/example_setup_teardown_taskflow.py for tasks to queue
[2025-07-08T09:16:38.015+0000] {logging_mixin.py:188} INFO - [2025-07-08T09:16:38.014+0000] {dagbag.py:538} INFO - Filling up the DagBag from /home/airflow/.local/lib/python3.8/site-packages/airflow/example_dags/example_setup_teardown_taskflow.py
[2025-07-08T09:16:38.035+0000] {processor.py:840} INFO - DAG(s) 'example_setup_teardown_taskflow' retrieved from /home/airflow/.local/lib/python3.8/site-packages/airflow/example_dags/example_setup_teardown_taskflow.py
[2025-07-08T09:16:38.137+0000] {logging_mixin.py:188} INFO - [2025-07-08T09:16:38.137+0000] {dag.py:3036} INFO - Sync 1 DAGs
[2025-07-08T09:16:38.210+0000] {logging_mixin.py:188} INFO - [2025-07-08T09:16:38.209+0000] {dag.py:3823} INFO - Setting next_dagrun for example_setup_teardown_taskflow to 2025-07-07 00:00:00+00:00, run_after=2025-07-08 00:00:00+00:00
[2025-07-08T09:16:38.330+0000] {processor.py:183} INFO - Processing /home/airflow/.local/lib/python3.8/site-packages/airflow/example_dags/example_setup_teardown_taskflow.py took 0.340 seconds
[2025-07-08T09:17:08.847+0000] {processor.py:161} INFO - Started process (PID=1594) to work on /home/airflow/.local/lib/python3.8/site-packages/airflow/example_dags/example_setup_teardown_taskflow.py
[2025-07-08T09:17:08.857+0000] {processor.py:830} INFO - Processing file /home/airflow/.local/lib/python3.8/site-packages/airflow/example_dags/example_setup_teardown_taskflow.py for tasks to queue
[2025-07-08T09:17:08.860+0000] {logging_mixin.py:188} INFO - [2025-07-08T09:17:08.859+0000] {dagbag.py:538} INFO - Filling up the DagBag from /home/airflow/.local/lib/python3.8/site-packages/airflow/example_dags/example_setup_teardown_taskflow.py
[2025-07-08T09:17:08.890+0000] {processor.py:840} INFO - DAG(s) 'example_setup_teardown_taskflow' retrieved from /home/airflow/.local/lib/python3.8/site-packages/airflow/example_dags/example_setup_teardown_taskflow.py
[2025-07-08T09:17:08.972+0000] {logging_mixin.py:188} INFO - [2025-07-08T09:17:08.972+0000] {dag.py:3036} INFO - Sync 1 DAGs
[2025-07-08T09:17:09.018+0000] {logging_mixin.py:188} INFO - [2025-07-08T09:17:09.017+0000] {dag.py:3823} INFO - Setting next_dagrun for example_setup_teardown_taskflow to 2025-07-07 00:00:00+00:00, run_after=2025-07-08 00:00:00+00:00
[2025-07-08T09:17:09.051+0000] {processor.py:183} INFO - Processing /home/airflow/.local/lib/python3.8/site-packages/airflow/example_dags/example_setup_teardown_taskflow.py took 0.218 seconds
[2025-07-08T09:17:39.764+0000] {processor.py:161} INFO - Started process (PID=1658) to work on /home/airflow/.local/lib/python3.8/site-packages/airflow/example_dags/example_setup_teardown_taskflow.py
[2025-07-08T09:17:39.774+0000] {processor.py:830} INFO - Processing file /home/airflow/.local/lib/python3.8/site-packages/airflow/example_dags/example_setup_teardown_taskflow.py for tasks to queue
[2025-07-08T09:17:39.777+0000] {logging_mixin.py:188} INFO - [2025-07-08T09:17:39.776+0000] {dagbag.py:538} INFO - Filling up the DagBag from /home/airflow/.local/lib/python3.8/site-packages/airflow/example_dags/example_setup_teardown_taskflow.py
[2025-07-08T09:17:39.818+0000] {processor.py:840} INFO - DAG(s) 'example_setup_teardown_taskflow' retrieved from /home/airflow/.local/lib/python3.8/site-packages/airflow/example_dags/example_setup_teardown_taskflow.py
[2025-07-08T09:17:39.900+0000] {logging_mixin.py:188} INFO - [2025-07-08T09:17:39.900+0000] {dag.py:3036} INFO - Sync 1 DAGs
[2025-07-08T09:17:39.966+0000] {logging_mixin.py:188} INFO - [2025-07-08T09:17:39.965+0000] {dag.py:3823} INFO - Setting next_dagrun for example_setup_teardown_taskflow to 2025-07-07 00:00:00+00:00, run_after=2025-07-08 00:00:00+00:00
[2025-07-08T09:17:40.019+0000] {processor.py:183} INFO - Processing /home/airflow/.local/lib/python3.8/site-packages/airflow/example_dags/example_setup_teardown_taskflow.py took 0.290 seconds
[2025-07-08T09:18:10.273+0000] {processor.py:161} INFO - Started process (PID=1717) to work on /home/airflow/.local/lib/python3.8/site-packages/airflow/example_dags/example_setup_teardown_taskflow.py
[2025-07-08T09:18:10.275+0000] {processor.py:830} INFO - Processing file /home/airflow/.local/lib/python3.8/site-packages/airflow/example_dags/example_setup_teardown_taskflow.py for tasks to queue
[2025-07-08T09:18:10.279+0000] {logging_mixin.py:188} INFO - [2025-07-08T09:18:10.279+0000] {dagbag.py:538} INFO - Filling up the DagBag from /home/airflow/.local/lib/python3.8/site-packages/airflow/example_dags/example_setup_teardown_taskflow.py
[2025-07-08T09:18:10.311+0000] {processor.py:840} INFO - DAG(s) 'example_setup_teardown_taskflow' retrieved from /home/airflow/.local/lib/python3.8/site-packages/airflow/example_dags/example_setup_teardown_taskflow.py
[2025-07-08T09:18:10.358+0000] {logging_mixin.py:188} INFO - [2025-07-08T09:18:10.357+0000] {dag.py:3036} INFO - Sync 1 DAGs
[2025-07-08T09:18:10.416+0000] {logging_mixin.py:188} INFO - [2025-07-08T09:18:10.415+0000] {dag.py:3823} INFO - Setting next_dagrun for example_setup_teardown_taskflow to 2025-07-07 00:00:00+00:00, run_after=2025-07-08 00:00:00+00:00
[2025-07-08T09:18:10.450+0000] {processor.py:183} INFO - Processing /home/airflow/.local/lib/python3.8/site-packages/airflow/example_dags/example_setup_teardown_taskflow.py took 0.184 seconds
[2025-07-08T09:18:41.288+0000] {processor.py:161} INFO - Started process (PID=1782) to work on /home/airflow/.local/lib/python3.8/site-packages/airflow/example_dags/example_setup_teardown_taskflow.py
[2025-07-08T09:18:41.289+0000] {processor.py:830} INFO - Processing file /home/airflow/.local/lib/python3.8/site-packages/airflow/example_dags/example_setup_teardown_taskflow.py for tasks to queue
[2025-07-08T09:18:41.300+0000] {logging_mixin.py:188} INFO - [2025-07-08T09:18:41.299+0000] {dagbag.py:538} INFO - Filling up the DagBag from /home/airflow/.local/lib/python3.8/site-packages/airflow/example_dags/example_setup_teardown_taskflow.py
[2025-07-08T09:18:41.335+0000] {processor.py:840} INFO - DAG(s) 'example_setup_teardown_taskflow' retrieved from /home/airflow/.local/lib/python3.8/site-packages/airflow/example_dags/example_setup_teardown_taskflow.py
[2025-07-08T09:18:41.407+0000] {logging_mixin.py:188} INFO - [2025-07-08T09:18:41.406+0000] {dag.py:3036} INFO - Sync 1 DAGs
[2025-07-08T09:18:41.450+0000] {logging_mixin.py:188} INFO - [2025-07-08T09:18:41.450+0000] {dag.py:3823} INFO - Setting next_dagrun for example_setup_teardown_taskflow to 2025-07-07 00:00:00+00:00, run_after=2025-07-08 00:00:00+00:00
[2025-07-08T09:18:41.491+0000] {processor.py:183} INFO - Processing /home/airflow/.local/lib/python3.8/site-packages/airflow/example_dags/example_setup_teardown_taskflow.py took 0.209 seconds
[2025-07-08T09:19:12.412+0000] {processor.py:161} INFO - Started process (PID=1848) to work on /home/airflow/.local/lib/python3.8/site-packages/airflow/example_dags/example_setup_teardown_taskflow.py
[2025-07-08T09:19:12.414+0000] {processor.py:830} INFO - Processing file /home/airflow/.local/lib/python3.8/site-packages/airflow/example_dags/example_setup_teardown_taskflow.py for tasks to queue
[2025-07-08T09:19:12.417+0000] {logging_mixin.py:188} INFO - [2025-07-08T09:19:12.416+0000] {dagbag.py:538} INFO - Filling up the DagBag from /home/airflow/.local/lib/python3.8/site-packages/airflow/example_dags/example_setup_teardown_taskflow.py
[2025-07-08T09:19:12.452+0000] {processor.py:840} INFO - DAG(s) 'example_setup_teardown_taskflow' retrieved from /home/airflow/.local/lib/python3.8/site-packages/airflow/example_dags/example_setup_teardown_taskflow.py
[2025-07-08T09:19:12.541+0000] {logging_mixin.py:188} INFO - [2025-07-08T09:19:12.541+0000] {dag.py:3036} INFO - Sync 1 DAGs
[2025-07-08T09:19:12.597+0000] {logging_mixin.py:188} INFO - [2025-07-08T09:19:12.596+0000] {dag.py:3823} INFO - Setting next_dagrun for example_setup_teardown_taskflow to 2025-07-07 00:00:00+00:00, run_after=2025-07-08 00:00:00+00:00
[2025-07-08T09:19:12.645+0000] {processor.py:183} INFO - Processing /home/airflow/.local/lib/python3.8/site-packages/airflow/example_dags/example_setup_teardown_taskflow.py took 0.248 seconds
[2025-07-08T09:19:43.383+0000] {processor.py:161} INFO - Started process (PID=1912) to work on /home/airflow/.local/lib/python3.8/site-packages/airflow/example_dags/example_setup_teardown_taskflow.py
[2025-07-08T09:19:43.392+0000] {processor.py:830} INFO - Processing file /home/airflow/.local/lib/python3.8/site-packages/airflow/example_dags/example_setup_teardown_taskflow.py for tasks to queue
[2025-07-08T09:19:43.396+0000] {logging_mixin.py:188} INFO - [2025-07-08T09:19:43.395+0000] {dagbag.py:538} INFO - Filling up the DagBag from /home/airflow/.local/lib/python3.8/site-packages/airflow/example_dags/example_setup_teardown_taskflow.py
[2025-07-08T09:19:43.436+0000] {processor.py:840} INFO - DAG(s) 'example_setup_teardown_taskflow' retrieved from /home/airflow/.local/lib/python3.8/site-packages/airflow/example_dags/example_setup_teardown_taskflow.py
[2025-07-08T09:19:43.517+0000] {logging_mixin.py:188} INFO - [2025-07-08T09:19:43.517+0000] {dag.py:3036} INFO - Sync 1 DAGs
[2025-07-08T09:19:43.601+0000] {logging_mixin.py:188} INFO - [2025-07-08T09:19:43.601+0000] {dag.py:3823} INFO - Setting next_dagrun for example_setup_teardown_taskflow to 2025-07-07 00:00:00+00:00, run_after=2025-07-08 00:00:00+00:00
[2025-07-08T09:19:43.678+0000] {processor.py:183} INFO - Processing /home/airflow/.local/lib/python3.8/site-packages/airflow/example_dags/example_setup_teardown_taskflow.py took 0.328 seconds
[2025-07-08T09:20:13.908+0000] {processor.py:161} INFO - Started process (PID=1971) to work on /home/airflow/.local/lib/python3.8/site-packages/airflow/example_dags/example_setup_teardown_taskflow.py
[2025-07-08T09:20:13.911+0000] {processor.py:830} INFO - Processing file /home/airflow/.local/lib/python3.8/site-packages/airflow/example_dags/example_setup_teardown_taskflow.py for tasks to queue
[2025-07-08T09:20:13.914+0000] {logging_mixin.py:188} INFO - [2025-07-08T09:20:13.913+0000] {dagbag.py:538} INFO - Filling up the DagBag from /home/airflow/.local/lib/python3.8/site-packages/airflow/example_dags/example_setup_teardown_taskflow.py
[2025-07-08T09:20:13.935+0000] {processor.py:840} INFO - DAG(s) 'example_setup_teardown_taskflow' retrieved from /home/airflow/.local/lib/python3.8/site-packages/airflow/example_dags/example_setup_teardown_taskflow.py
[2025-07-08T09:20:13.973+0000] {logging_mixin.py:188} INFO - [2025-07-08T09:20:13.972+0000] {dag.py:3036} INFO - Sync 1 DAGs
[2025-07-08T09:20:14.023+0000] {logging_mixin.py:188} INFO - [2025-07-08T09:20:14.022+0000] {dag.py:3823} INFO - Setting next_dagrun for example_setup_teardown_taskflow to 2025-07-07 00:00:00+00:00, run_after=2025-07-08 00:00:00+00:00
[2025-07-08T09:20:14.059+0000] {processor.py:183} INFO - Processing /home/airflow/.local/lib/python3.8/site-packages/airflow/example_dags/example_setup_teardown_taskflow.py took 0.157 seconds
[2025-07-08T09:20:44.710+0000] {processor.py:161} INFO - Started process (PID=2038) to work on /home/airflow/.local/lib/python3.8/site-packages/airflow/example_dags/example_setup_teardown_taskflow.py
[2025-07-08T09:20:44.712+0000] {processor.py:830} INFO - Processing file /home/airflow/.local/lib/python3.8/site-packages/airflow/example_dags/example_setup_teardown_taskflow.py for tasks to queue
[2025-07-08T09:20:44.715+0000] {logging_mixin.py:188} INFO - [2025-07-08T09:20:44.715+0000] {dagbag.py:538} INFO - Filling up the DagBag from /home/airflow/.local/lib/python3.8/site-packages/airflow/example_dags/example_setup_teardown_taskflow.py
[2025-07-08T09:20:44.735+0000] {processor.py:840} INFO - DAG(s) 'example_setup_teardown_taskflow' retrieved from /home/airflow/.local/lib/python3.8/site-packages/airflow/example_dags/example_setup_teardown_taskflow.py
[2025-07-08T09:20:44.770+0000] {logging_mixin.py:188} INFO - [2025-07-08T09:20:44.770+0000] {dag.py:3036} INFO - Sync 1 DAGs
[2025-07-08T09:20:44.809+0000] {logging_mixin.py:188} INFO - [2025-07-08T09:20:44.808+0000] {dag.py:3823} INFO - Setting next_dagrun for example_setup_teardown_taskflow to 2025-07-07 00:00:00+00:00, run_after=2025-07-08 00:00:00+00:00
[2025-07-08T09:20:44.837+0000] {processor.py:183} INFO - Processing /home/airflow/.local/lib/python3.8/site-packages/airflow/example_dags/example_setup_teardown_taskflow.py took 0.133 seconds
[2025-07-08T09:21:15.204+0000] {processor.py:161} INFO - Started process (PID=2104) to work on /home/airflow/.local/lib/python3.8/site-packages/airflow/example_dags/example_setup_teardown_taskflow.py
[2025-07-08T09:21:15.206+0000] {processor.py:830} INFO - Processing file /home/airflow/.local/lib/python3.8/site-packages/airflow/example_dags/example_setup_teardown_taskflow.py for tasks to queue
[2025-07-08T09:21:15.209+0000] {logging_mixin.py:188} INFO - [2025-07-08T09:21:15.208+0000] {dagbag.py:538} INFO - Filling up the DagBag from /home/airflow/.local/lib/python3.8/site-packages/airflow/example_dags/example_setup_teardown_taskflow.py
[2025-07-08T09:21:15.223+0000] {processor.py:840} INFO - DAG(s) 'example_setup_teardown_taskflow' retrieved from /home/airflow/.local/lib/python3.8/site-packages/airflow/example_dags/example_setup_teardown_taskflow.py
[2025-07-08T09:21:15.257+0000] {logging_mixin.py:188} INFO - [2025-07-08T09:21:15.257+0000] {dag.py:3036} INFO - Sync 1 DAGs
[2025-07-08T09:21:15.292+0000] {logging_mixin.py:188} INFO - [2025-07-08T09:21:15.292+0000] {dag.py:3823} INFO - Setting next_dagrun for example_setup_teardown_taskflow to 2025-07-07 00:00:00+00:00, run_after=2025-07-08 00:00:00+00:00
[2025-07-08T09:21:15.327+0000] {processor.py:183} INFO - Processing /home/airflow/.local/lib/python3.8/site-packages/airflow/example_dags/example_setup_teardown_taskflow.py took 0.127 seconds
[2025-07-08T09:21:45.759+0000] {processor.py:161} INFO - Started process (PID=2170) to work on /home/airflow/.local/lib/python3.8/site-packages/airflow/example_dags/example_setup_teardown_taskflow.py
[2025-07-08T09:21:45.761+0000] {processor.py:830} INFO - Processing file /home/airflow/.local/lib/python3.8/site-packages/airflow/example_dags/example_setup_teardown_taskflow.py for tasks to queue
[2025-07-08T09:21:45.763+0000] {logging_mixin.py:188} INFO - [2025-07-08T09:21:45.763+0000] {dagbag.py:538} INFO - Filling up the DagBag from /home/airflow/.local/lib/python3.8/site-packages/airflow/example_dags/example_setup_teardown_taskflow.py
[2025-07-08T09:21:45.778+0000] {processor.py:840} INFO - DAG(s) 'example_setup_teardown_taskflow' retrieved from /home/airflow/.local/lib/python3.8/site-packages/airflow/example_dags/example_setup_teardown_taskflow.py
[2025-07-08T09:21:45.813+0000] {logging_mixin.py:188} INFO - [2025-07-08T09:21:45.812+0000] {dag.py:3036} INFO - Sync 1 DAGs
[2025-07-08T09:21:45.846+0000] {logging_mixin.py:188} INFO - [2025-07-08T09:21:45.846+0000] {dag.py:3823} INFO - Setting next_dagrun for example_setup_teardown_taskflow to 2025-07-07 00:00:00+00:00, run_after=2025-07-08 00:00:00+00:00
[2025-07-08T09:21:45.876+0000] {processor.py:183} INFO - Processing /home/airflow/.local/lib/python3.8/site-packages/airflow/example_dags/example_setup_teardown_taskflow.py took 0.122 seconds
[2025-07-08T09:22:17.519+0000] {processor.py:161} INFO - Started process (PID=2236) to work on /home/airflow/.local/lib/python3.8/site-packages/airflow/example_dags/example_setup_teardown_taskflow.py
[2025-07-08T09:22:17.533+0000] {processor.py:830} INFO - Processing file /home/airflow/.local/lib/python3.8/site-packages/airflow/example_dags/example_setup_teardown_taskflow.py for tasks to queue
[2025-07-08T09:22:17.536+0000] {logging_mixin.py:188} INFO - [2025-07-08T09:22:17.536+0000] {dagbag.py:538} INFO - Filling up the DagBag from /home/airflow/.local/lib/python3.8/site-packages/airflow/example_dags/example_setup_teardown_taskflow.py
[2025-07-08T09:22:17.653+0000] {processor.py:840} INFO - DAG(s) 'example_setup_teardown_taskflow' retrieved from /home/airflow/.local/lib/python3.8/site-packages/airflow/example_dags/example_setup_teardown_taskflow.py
[2025-07-08T09:22:17.829+0000] {logging_mixin.py:188} INFO - [2025-07-08T09:22:17.829+0000] {dag.py:3036} INFO - Sync 1 DAGs
[2025-07-08T09:22:18.001+0000] {logging_mixin.py:188} INFO - [2025-07-08T09:22:18.000+0000] {dag.py:3823} INFO - Setting next_dagrun for example_setup_teardown_taskflow to 2025-07-07 00:00:00+00:00, run_after=2025-07-08 00:00:00+00:00
[2025-07-08T09:22:18.112+0000] {processor.py:183} INFO - Processing /home/airflow/.local/lib/python3.8/site-packages/airflow/example_dags/example_setup_teardown_taskflow.py took 0.607 seconds
[2025-07-08T09:22:48.632+0000] {processor.py:161} INFO - Started process (PID=2300) to work on /home/airflow/.local/lib/python3.8/site-packages/airflow/example_dags/example_setup_teardown_taskflow.py
[2025-07-08T09:22:48.634+0000] {processor.py:830} INFO - Processing file /home/airflow/.local/lib/python3.8/site-packages/airflow/example_dags/example_setup_teardown_taskflow.py for tasks to queue
[2025-07-08T09:22:48.637+0000] {logging_mixin.py:188} INFO - [2025-07-08T09:22:48.636+0000] {dagbag.py:538} INFO - Filling up the DagBag from /home/airflow/.local/lib/python3.8/site-packages/airflow/example_dags/example_setup_teardown_taskflow.py
[2025-07-08T09:22:48.658+0000] {processor.py:840} INFO - DAG(s) 'example_setup_teardown_taskflow' retrieved from /home/airflow/.local/lib/python3.8/site-packages/airflow/example_dags/example_setup_teardown_taskflow.py
[2025-07-08T09:22:48.842+0000] {logging_mixin.py:188} INFO - [2025-07-08T09:22:48.842+0000] {dag.py:3036} INFO - Sync 1 DAGs
[2025-07-08T09:22:48.999+0000] {logging_mixin.py:188} INFO - [2025-07-08T09:22:48.998+0000] {dag.py:3823} INFO - Setting next_dagrun for example_setup_teardown_taskflow to 2025-07-07 00:00:00+00:00, run_after=2025-07-08 00:00:00+00:00
[2025-07-08T09:22:49.124+0000] {processor.py:183} INFO - Processing /home/airflow/.local/lib/python3.8/site-packages/airflow/example_dags/example_setup_teardown_taskflow.py took 0.503 seconds
[2025-07-08T09:23:19.204+0000] {processor.py:161} INFO - Started process (PID=2360) to work on /home/airflow/.local/lib/python3.8/site-packages/airflow/example_dags/example_setup_teardown_taskflow.py
[2025-07-08T09:23:19.206+0000] {processor.py:830} INFO - Processing file /home/airflow/.local/lib/python3.8/site-packages/airflow/example_dags/example_setup_teardown_taskflow.py for tasks to queue
[2025-07-08T09:23:19.209+0000] {logging_mixin.py:188} INFO - [2025-07-08T09:23:19.208+0000] {dagbag.py:538} INFO - Filling up the DagBag from /home/airflow/.local/lib/python3.8/site-packages/airflow/example_dags/example_setup_teardown_taskflow.py
[2025-07-08T09:23:19.239+0000] {processor.py:840} INFO - DAG(s) 'example_setup_teardown_taskflow' retrieved from /home/airflow/.local/lib/python3.8/site-packages/airflow/example_dags/example_setup_teardown_taskflow.py
[2025-07-08T09:23:19.324+0000] {logging_mixin.py:188} INFO - [2025-07-08T09:23:19.323+0000] {dag.py:3036} INFO - Sync 1 DAGs
[2025-07-08T09:23:19.369+0000] {logging_mixin.py:188} INFO - [2025-07-08T09:23:19.369+0000] {dag.py:3823} INFO - Setting next_dagrun for example_setup_teardown_taskflow to 2025-07-07 00:00:00+00:00, run_after=2025-07-08 00:00:00+00:00
[2025-07-08T09:23:19.406+0000] {processor.py:183} INFO - Processing /home/airflow/.local/lib/python3.8/site-packages/airflow/example_dags/example_setup_teardown_taskflow.py took 0.209 seconds
[2025-07-08T09:23:49.463+0000] {processor.py:161} INFO - Started process (PID=2427) to work on /home/airflow/.local/lib/python3.8/site-packages/airflow/example_dags/example_setup_teardown_taskflow.py
[2025-07-08T09:23:49.464+0000] {processor.py:830} INFO - Processing file /home/airflow/.local/lib/python3.8/site-packages/airflow/example_dags/example_setup_teardown_taskflow.py for tasks to queue
[2025-07-08T09:23:49.467+0000] {logging_mixin.py:188} INFO - [2025-07-08T09:23:49.467+0000] {dagbag.py:538} INFO - Filling up the DagBag from /home/airflow/.local/lib/python3.8/site-packages/airflow/example_dags/example_setup_teardown_taskflow.py
[2025-07-08T09:23:49.487+0000] {processor.py:840} INFO - DAG(s) 'example_setup_teardown_taskflow' retrieved from /home/airflow/.local/lib/python3.8/site-packages/airflow/example_dags/example_setup_teardown_taskflow.py
[2025-07-08T09:23:49.532+0000] {logging_mixin.py:188} INFO - [2025-07-08T09:23:49.531+0000] {dag.py:3036} INFO - Sync 1 DAGs
[2025-07-08T09:23:49.588+0000] {logging_mixin.py:188} INFO - [2025-07-08T09:23:49.588+0000] {dag.py:3823} INFO - Setting next_dagrun for example_setup_teardown_taskflow to 2025-07-07 00:00:00+00:00, run_after=2025-07-08 00:00:00+00:00
[2025-07-08T09:23:49.635+0000] {processor.py:183} INFO - Processing /home/airflow/.local/lib/python3.8/site-packages/airflow/example_dags/example_setup_teardown_taskflow.py took 0.178 seconds
[2025-07-08T09:24:19.762+0000] {processor.py:161} INFO - Started process (PID=2493) to work on /home/airflow/.local/lib/python3.8/site-packages/airflow/example_dags/example_setup_teardown_taskflow.py
[2025-07-08T09:24:19.768+0000] {processor.py:830} INFO - Processing file /home/airflow/.local/lib/python3.8/site-packages/airflow/example_dags/example_setup_teardown_taskflow.py for tasks to queue
[2025-07-08T09:24:19.775+0000] {logging_mixin.py:188} INFO - [2025-07-08T09:24:19.775+0000] {dagbag.py:538} INFO - Filling up the DagBag from /home/airflow/.local/lib/python3.8/site-packages/airflow/example_dags/example_setup_teardown_taskflow.py
[2025-07-08T09:24:19.819+0000] {processor.py:840} INFO - DAG(s) 'example_setup_teardown_taskflow' retrieved from /home/airflow/.local/lib/python3.8/site-packages/airflow/example_dags/example_setup_teardown_taskflow.py
[2025-07-08T09:24:19.902+0000] {logging_mixin.py:188} INFO - [2025-07-08T09:24:19.897+0000] {dag.py:3036} INFO - Sync 1 DAGs
[2025-07-08T09:24:19.978+0000] {logging_mixin.py:188} INFO - [2025-07-08T09:24:19.978+0000] {dag.py:3823} INFO - Setting next_dagrun for example_setup_teardown_taskflow to 2025-07-07 00:00:00+00:00, run_after=2025-07-08 00:00:00+00:00
[2025-07-08T09:24:20.031+0000] {processor.py:183} INFO - Processing /home/airflow/.local/lib/python3.8/site-packages/airflow/example_dags/example_setup_teardown_taskflow.py took 0.284 seconds
[2025-07-08T09:24:50.908+0000] {processor.py:161} INFO - Started process (PID=2560) to work on /home/airflow/.local/lib/python3.8/site-packages/airflow/example_dags/example_setup_teardown_taskflow.py
[2025-07-08T09:24:50.910+0000] {processor.py:830} INFO - Processing file /home/airflow/.local/lib/python3.8/site-packages/airflow/example_dags/example_setup_teardown_taskflow.py for tasks to queue
[2025-07-08T09:24:50.913+0000] {logging_mixin.py:188} INFO - [2025-07-08T09:24:50.913+0000] {dagbag.py:538} INFO - Filling up the DagBag from /home/airflow/.local/lib/python3.8/site-packages/airflow/example_dags/example_setup_teardown_taskflow.py
[2025-07-08T09:24:50.931+0000] {processor.py:840} INFO - DAG(s) 'example_setup_teardown_taskflow' retrieved from /home/airflow/.local/lib/python3.8/site-packages/airflow/example_dags/example_setup_teardown_taskflow.py
[2025-07-08T09:24:50.972+0000] {logging_mixin.py:188} INFO - [2025-07-08T09:24:50.971+0000] {dag.py:3036} INFO - Sync 1 DAGs
[2025-07-08T09:24:51.017+0000] {logging_mixin.py:188} INFO - [2025-07-08T09:24:51.016+0000] {dag.py:3823} INFO - Setting next_dagrun for example_setup_teardown_taskflow to 2025-07-07 00:00:00+00:00, run_after=2025-07-08 00:00:00+00:00
[2025-07-08T09:24:51.054+0000] {processor.py:183} INFO - Processing /home/airflow/.local/lib/python3.8/site-packages/airflow/example_dags/example_setup_teardown_taskflow.py took 0.152 seconds
[2025-07-08T09:25:21.438+0000] {processor.py:161} INFO - Started process (PID=2626) to work on /home/airflow/.local/lib/python3.8/site-packages/airflow/example_dags/example_setup_teardown_taskflow.py
[2025-07-08T09:25:21.444+0000] {processor.py:830} INFO - Processing file /home/airflow/.local/lib/python3.8/site-packages/airflow/example_dags/example_setup_teardown_taskflow.py for tasks to queue
[2025-07-08T09:25:21.447+0000] {logging_mixin.py:188} INFO - [2025-07-08T09:25:21.447+0000] {dagbag.py:538} INFO - Filling up the DagBag from /home/airflow/.local/lib/python3.8/site-packages/airflow/example_dags/example_setup_teardown_taskflow.py
[2025-07-08T09:25:21.480+0000] {processor.py:840} INFO - DAG(s) 'example_setup_teardown_taskflow' retrieved from /home/airflow/.local/lib/python3.8/site-packages/airflow/example_dags/example_setup_teardown_taskflow.py
[2025-07-08T09:25:21.558+0000] {logging_mixin.py:188} INFO - [2025-07-08T09:25:21.557+0000] {dag.py:3036} INFO - Sync 1 DAGs
[2025-07-08T09:25:21.642+0000] {logging_mixin.py:188} INFO - [2025-07-08T09:25:21.642+0000] {dag.py:3823} INFO - Setting next_dagrun for example_setup_teardown_taskflow to 2025-07-07 00:00:00+00:00, run_after=2025-07-08 00:00:00+00:00
[2025-07-08T09:25:22.212+0000] {processor.py:183} INFO - Processing /home/airflow/.local/lib/python3.8/site-packages/airflow/example_dags/example_setup_teardown_taskflow.py took 0.788 seconds
[2025-07-08T09:25:53.567+0000] {processor.py:161} INFO - Started process (PID=2693) to work on /home/airflow/.local/lib/python3.8/site-packages/airflow/example_dags/example_setup_teardown_taskflow.py
[2025-07-08T09:25:53.577+0000] {processor.py:830} INFO - Processing file /home/airflow/.local/lib/python3.8/site-packages/airflow/example_dags/example_setup_teardown_taskflow.py for tasks to queue
[2025-07-08T09:25:53.580+0000] {logging_mixin.py:188} INFO - [2025-07-08T09:25:53.579+0000] {dagbag.py:538} INFO - Filling up the DagBag from /home/airflow/.local/lib/python3.8/site-packages/airflow/example_dags/example_setup_teardown_taskflow.py
[2025-07-08T09:25:53.619+0000] {processor.py:840} INFO - DAG(s) 'example_setup_teardown_taskflow' retrieved from /home/airflow/.local/lib/python3.8/site-packages/airflow/example_dags/example_setup_teardown_taskflow.py
[2025-07-08T09:25:53.693+0000] {logging_mixin.py:188} INFO - [2025-07-08T09:25:53.693+0000] {dag.py:3036} INFO - Sync 1 DAGs
[2025-07-08T09:25:54.230+0000] {logging_mixin.py:188} INFO - [2025-07-08T09:25:54.229+0000] {dag.py:3823} INFO - Setting next_dagrun for example_setup_teardown_taskflow to 2025-07-07 00:00:00+00:00, run_after=2025-07-08 00:00:00+00:00
[2025-07-08T09:25:54.265+0000] {processor.py:183} INFO - Processing /home/airflow/.local/lib/python3.8/site-packages/airflow/example_dags/example_setup_teardown_taskflow.py took 0.709 seconds
[2025-07-08T09:26:25.836+0000] {processor.py:161} INFO - Started process (PID=2759) to work on /home/airflow/.local/lib/python3.8/site-packages/airflow/example_dags/example_setup_teardown_taskflow.py
[2025-07-08T09:26:25.840+0000] {processor.py:830} INFO - Processing file /home/airflow/.local/lib/python3.8/site-packages/airflow/example_dags/example_setup_teardown_taskflow.py for tasks to queue
[2025-07-08T09:26:25.854+0000] {logging_mixin.py:188} INFO - [2025-07-08T09:26:25.843+0000] {dagbag.py:538} INFO - Filling up the DagBag from /home/airflow/.local/lib/python3.8/site-packages/airflow/example_dags/example_setup_teardown_taskflow.py
[2025-07-08T09:26:25.934+0000] {processor.py:840} INFO - DAG(s) 'example_setup_teardown_taskflow' retrieved from /home/airflow/.local/lib/python3.8/site-packages/airflow/example_dags/example_setup_teardown_taskflow.py
[2025-07-08T09:26:26.077+0000] {logging_mixin.py:188} INFO - [2025-07-08T09:26:26.077+0000] {dag.py:3036} INFO - Sync 1 DAGs
[2025-07-08T09:26:26.916+0000] {logging_mixin.py:188} INFO - [2025-07-08T09:26:26.907+0000] {dag.py:3823} INFO - Setting next_dagrun for example_setup_teardown_taskflow to 2025-07-07 00:00:00+00:00, run_after=2025-07-08 00:00:00+00:00
[2025-07-08T09:26:27.034+0000] {processor.py:183} INFO - Processing /home/airflow/.local/lib/python3.8/site-packages/airflow/example_dags/example_setup_teardown_taskflow.py took 1.230 seconds
[2025-07-08T09:26:57.472+0000] {processor.py:161} INFO - Started process (PID=2819) to work on /home/airflow/.local/lib/python3.8/site-packages/airflow/example_dags/example_setup_teardown_taskflow.py
[2025-07-08T09:26:57.474+0000] {processor.py:830} INFO - Processing file /home/airflow/.local/lib/python3.8/site-packages/airflow/example_dags/example_setup_teardown_taskflow.py for tasks to queue
[2025-07-08T09:26:57.478+0000] {logging_mixin.py:188} INFO - [2025-07-08T09:26:57.478+0000] {dagbag.py:538} INFO - Filling up the DagBag from /home/airflow/.local/lib/python3.8/site-packages/airflow/example_dags/example_setup_teardown_taskflow.py
[2025-07-08T09:26:57.509+0000] {processor.py:840} INFO - DAG(s) 'example_setup_teardown_taskflow' retrieved from /home/airflow/.local/lib/python3.8/site-packages/airflow/example_dags/example_setup_teardown_taskflow.py
[2025-07-08T09:26:57.850+0000] {logging_mixin.py:188} INFO - [2025-07-08T09:26:57.849+0000] {dag.py:3036} INFO - Sync 1 DAGs
[2025-07-08T09:26:57.901+0000] {logging_mixin.py:188} INFO - [2025-07-08T09:26:57.901+0000] {dag.py:3823} INFO - Setting next_dagrun for example_setup_teardown_taskflow to 2025-07-07 00:00:00+00:00, run_after=2025-07-08 00:00:00+00:00
[2025-07-08T09:26:57.935+0000] {processor.py:183} INFO - Processing /home/airflow/.local/lib/python3.8/site-packages/airflow/example_dags/example_setup_teardown_taskflow.py took 0.471 seconds
[2025-07-08T09:27:28.155+0000] {processor.py:161} INFO - Started process (PID=2884) to work on /home/airflow/.local/lib/python3.8/site-packages/airflow/example_dags/example_setup_teardown_taskflow.py
[2025-07-08T09:27:28.164+0000] {processor.py:830} INFO - Processing file /home/airflow/.local/lib/python3.8/site-packages/airflow/example_dags/example_setup_teardown_taskflow.py for tasks to queue
[2025-07-08T09:27:28.167+0000] {logging_mixin.py:188} INFO - [2025-07-08T09:27:28.166+0000] {dagbag.py:538} INFO - Filling up the DagBag from /home/airflow/.local/lib/python3.8/site-packages/airflow/example_dags/example_setup_teardown_taskflow.py
[2025-07-08T09:27:28.189+0000] {processor.py:840} INFO - DAG(s) 'example_setup_teardown_taskflow' retrieved from /home/airflow/.local/lib/python3.8/site-packages/airflow/example_dags/example_setup_teardown_taskflow.py
[2025-07-08T09:27:28.523+0000] {logging_mixin.py:188} INFO - [2025-07-08T09:27:28.523+0000] {dag.py:3036} INFO - Sync 1 DAGs
[2025-07-08T09:27:28.568+0000] {logging_mixin.py:188} INFO - [2025-07-08T09:27:28.567+0000] {dag.py:3823} INFO - Setting next_dagrun for example_setup_teardown_taskflow to 2025-07-07 00:00:00+00:00, run_after=2025-07-08 00:00:00+00:00
[2025-07-08T09:27:28.602+0000] {processor.py:183} INFO - Processing /home/airflow/.local/lib/python3.8/site-packages/airflow/example_dags/example_setup_teardown_taskflow.py took 0.453 seconds
[2025-07-08T09:27:58.907+0000] {processor.py:161} INFO - Started process (PID=2950) to work on /home/airflow/.local/lib/python3.8/site-packages/airflow/example_dags/example_setup_teardown_taskflow.py
[2025-07-08T09:27:58.916+0000] {processor.py:830} INFO - Processing file /home/airflow/.local/lib/python3.8/site-packages/airflow/example_dags/example_setup_teardown_taskflow.py for tasks to queue
[2025-07-08T09:27:58.919+0000] {logging_mixin.py:188} INFO - [2025-07-08T09:27:58.918+0000] {dagbag.py:538} INFO - Filling up the DagBag from /home/airflow/.local/lib/python3.8/site-packages/airflow/example_dags/example_setup_teardown_taskflow.py
[2025-07-08T09:27:58.946+0000] {processor.py:840} INFO - DAG(s) 'example_setup_teardown_taskflow' retrieved from /home/airflow/.local/lib/python3.8/site-packages/airflow/example_dags/example_setup_teardown_taskflow.py
[2025-07-08T09:27:59.035+0000] {logging_mixin.py:188} INFO - [2025-07-08T09:27:59.035+0000] {dag.py:3036} INFO - Sync 1 DAGs
[2025-07-08T09:27:59.096+0000] {logging_mixin.py:188} INFO - [2025-07-08T09:27:59.095+0000] {dag.py:3823} INFO - Setting next_dagrun for example_setup_teardown_taskflow to 2025-07-07 00:00:00+00:00, run_after=2025-07-08 00:00:00+00:00
[2025-07-08T09:27:59.140+0000] {processor.py:183} INFO - Processing /home/airflow/.local/lib/python3.8/site-packages/airflow/example_dags/example_setup_teardown_taskflow.py took 0.242 seconds
[2025-07-08T09:28:29.892+0000] {processor.py:161} INFO - Started process (PID=3016) to work on /home/airflow/.local/lib/python3.8/site-packages/airflow/example_dags/example_setup_teardown_taskflow.py
[2025-07-08T09:28:29.894+0000] {processor.py:830} INFO - Processing file /home/airflow/.local/lib/python3.8/site-packages/airflow/example_dags/example_setup_teardown_taskflow.py for tasks to queue
[2025-07-08T09:28:29.897+0000] {logging_mixin.py:188} INFO - [2025-07-08T09:28:29.897+0000] {dagbag.py:538} INFO - Filling up the DagBag from /home/airflow/.local/lib/python3.8/site-packages/airflow/example_dags/example_setup_teardown_taskflow.py
[2025-07-08T09:28:29.938+0000] {processor.py:840} INFO - DAG(s) 'example_setup_teardown_taskflow' retrieved from /home/airflow/.local/lib/python3.8/site-packages/airflow/example_dags/example_setup_teardown_taskflow.py
[2025-07-08T09:28:30.029+0000] {logging_mixin.py:188} INFO - [2025-07-08T09:28:30.028+0000] {dag.py:3036} INFO - Sync 1 DAGs
[2025-07-08T09:28:30.116+0000] {logging_mixin.py:188} INFO - [2025-07-08T09:28:30.115+0000] {dag.py:3823} INFO - Setting next_dagrun for example_setup_teardown_taskflow to 2025-07-07 00:00:00+00:00, run_after=2025-07-08 00:00:00+00:00
[2025-07-08T09:28:30.152+0000] {processor.py:183} INFO - Processing /home/airflow/.local/lib/python3.8/site-packages/airflow/example_dags/example_setup_teardown_taskflow.py took 0.278 seconds
[2025-07-08T09:29:00.444+0000] {processor.py:161} INFO - Started process (PID=3081) to work on /home/airflow/.local/lib/python3.8/site-packages/airflow/example_dags/example_setup_teardown_taskflow.py
[2025-07-08T09:29:00.448+0000] {processor.py:830} INFO - Processing file /home/airflow/.local/lib/python3.8/site-packages/airflow/example_dags/example_setup_teardown_taskflow.py for tasks to queue
[2025-07-08T09:29:00.451+0000] {logging_mixin.py:188} INFO - [2025-07-08T09:29:00.451+0000] {dagbag.py:538} INFO - Filling up the DagBag from /home/airflow/.local/lib/python3.8/site-packages/airflow/example_dags/example_setup_teardown_taskflow.py
[2025-07-08T09:29:00.490+0000] {processor.py:840} INFO - DAG(s) 'example_setup_teardown_taskflow' retrieved from /home/airflow/.local/lib/python3.8/site-packages/airflow/example_dags/example_setup_teardown_taskflow.py
[2025-07-08T09:29:00.601+0000] {logging_mixin.py:188} INFO - [2025-07-08T09:29:00.601+0000] {dag.py:3036} INFO - Sync 1 DAGs
[2025-07-08T09:29:00.697+0000] {logging_mixin.py:188} INFO - [2025-07-08T09:29:00.697+0000] {dag.py:3823} INFO - Setting next_dagrun for example_setup_teardown_taskflow to 2025-07-07 00:00:00+00:00, run_after=2025-07-08 00:00:00+00:00
[2025-07-08T09:29:00.766+0000] {processor.py:183} INFO - Processing /home/airflow/.local/lib/python3.8/site-packages/airflow/example_dags/example_setup_teardown_taskflow.py took 0.338 seconds
[2025-07-08T09:29:31.189+0000] {processor.py:161} INFO - Started process (PID=3147) to work on /home/airflow/.local/lib/python3.8/site-packages/airflow/example_dags/example_setup_teardown_taskflow.py
[2025-07-08T09:29:31.197+0000] {processor.py:830} INFO - Processing file /home/airflow/.local/lib/python3.8/site-packages/airflow/example_dags/example_setup_teardown_taskflow.py for tasks to queue
[2025-07-08T09:29:31.201+0000] {logging_mixin.py:188} INFO - [2025-07-08T09:29:31.200+0000] {dagbag.py:538} INFO - Filling up the DagBag from /home/airflow/.local/lib/python3.8/site-packages/airflow/example_dags/example_setup_teardown_taskflow.py
[2025-07-08T09:29:31.227+0000] {processor.py:840} INFO - DAG(s) 'example_setup_teardown_taskflow' retrieved from /home/airflow/.local/lib/python3.8/site-packages/airflow/example_dags/example_setup_teardown_taskflow.py
[2025-07-08T09:29:31.346+0000] {logging_mixin.py:188} INFO - [2025-07-08T09:29:31.346+0000] {dag.py:3036} INFO - Sync 1 DAGs
[2025-07-08T09:29:31.417+0000] {logging_mixin.py:188} INFO - [2025-07-08T09:29:31.417+0000] {dag.py:3823} INFO - Setting next_dagrun for example_setup_teardown_taskflow to 2025-07-07 00:00:00+00:00, run_after=2025-07-08 00:00:00+00:00
[2025-07-08T09:29:31.471+0000] {processor.py:183} INFO - Processing /home/airflow/.local/lib/python3.8/site-packages/airflow/example_dags/example_setup_teardown_taskflow.py took 0.296 seconds
[2025-07-08T09:30:01.608+0000] {processor.py:161} INFO - Started process (PID=3212) to work on /home/airflow/.local/lib/python3.8/site-packages/airflow/example_dags/example_setup_teardown_taskflow.py
[2025-07-08T09:30:01.620+0000] {processor.py:830} INFO - Processing file /home/airflow/.local/lib/python3.8/site-packages/airflow/example_dags/example_setup_teardown_taskflow.py for tasks to queue
[2025-07-08T09:30:01.623+0000] {logging_mixin.py:188} INFO - [2025-07-08T09:30:01.623+0000] {dagbag.py:538} INFO - Filling up the DagBag from /home/airflow/.local/lib/python3.8/site-packages/airflow/example_dags/example_setup_teardown_taskflow.py
[2025-07-08T09:30:01.679+0000] {processor.py:840} INFO - DAG(s) 'example_setup_teardown_taskflow' retrieved from /home/airflow/.local/lib/python3.8/site-packages/airflow/example_dags/example_setup_teardown_taskflow.py
[2025-07-08T09:30:01.727+0000] {logging_mixin.py:188} INFO - [2025-07-08T09:30:01.726+0000] {dag.py:3036} INFO - Sync 1 DAGs
[2025-07-08T09:30:01.774+0000] {logging_mixin.py:188} INFO - [2025-07-08T09:30:01.773+0000] {dag.py:3823} INFO - Setting next_dagrun for example_setup_teardown_taskflow to 2025-07-07 00:00:00+00:00, run_after=2025-07-08 00:00:00+00:00
[2025-07-08T09:30:01.861+0000] {processor.py:183} INFO - Processing /home/airflow/.local/lib/python3.8/site-packages/airflow/example_dags/example_setup_teardown_taskflow.py took 0.276 seconds
[2025-07-08T09:30:32.484+0000] {processor.py:161} INFO - Started process (PID=3271) to work on /home/airflow/.local/lib/python3.8/site-packages/airflow/example_dags/example_setup_teardown_taskflow.py
[2025-07-08T09:30:32.487+0000] {processor.py:830} INFO - Processing file /home/airflow/.local/lib/python3.8/site-packages/airflow/example_dags/example_setup_teardown_taskflow.py for tasks to queue
[2025-07-08T09:30:32.490+0000] {logging_mixin.py:188} INFO - [2025-07-08T09:30:32.490+0000] {dagbag.py:538} INFO - Filling up the DagBag from /home/airflow/.local/lib/python3.8/site-packages/airflow/example_dags/example_setup_teardown_taskflow.py
[2025-07-08T09:30:32.514+0000] {processor.py:840} INFO - DAG(s) 'example_setup_teardown_taskflow' retrieved from /home/airflow/.local/lib/python3.8/site-packages/airflow/example_dags/example_setup_teardown_taskflow.py
[2025-07-08T09:30:32.557+0000] {logging_mixin.py:188} INFO - [2025-07-08T09:30:32.557+0000] {dag.py:3036} INFO - Sync 1 DAGs
[2025-07-08T09:30:32.604+0000] {logging_mixin.py:188} INFO - [2025-07-08T09:30:32.604+0000] {dag.py:3823} INFO - Setting next_dagrun for example_setup_teardown_taskflow to 2025-07-07 00:00:00+00:00, run_after=2025-07-08 00:00:00+00:00
[2025-07-08T09:30:32.641+0000] {processor.py:183} INFO - Processing /home/airflow/.local/lib/python3.8/site-packages/airflow/example_dags/example_setup_teardown_taskflow.py took 0.163 seconds
[2025-07-08T09:31:03.047+0000] {processor.py:161} INFO - Started process (PID=3337) to work on /home/airflow/.local/lib/python3.8/site-packages/airflow/example_dags/example_setup_teardown_taskflow.py
[2025-07-08T09:31:03.049+0000] {processor.py:830} INFO - Processing file /home/airflow/.local/lib/python3.8/site-packages/airflow/example_dags/example_setup_teardown_taskflow.py for tasks to queue
[2025-07-08T09:31:03.052+0000] {logging_mixin.py:188} INFO - [2025-07-08T09:31:03.052+0000] {dagbag.py:538} INFO - Filling up the DagBag from /home/airflow/.local/lib/python3.8/site-packages/airflow/example_dags/example_setup_teardown_taskflow.py
[2025-07-08T09:31:03.074+0000] {processor.py:840} INFO - DAG(s) 'example_setup_teardown_taskflow' retrieved from /home/airflow/.local/lib/python3.8/site-packages/airflow/example_dags/example_setup_teardown_taskflow.py
[2025-07-08T09:31:03.123+0000] {logging_mixin.py:188} INFO - [2025-07-08T09:31:03.122+0000] {dag.py:3036} INFO - Sync 1 DAGs
[2025-07-08T09:31:03.175+0000] {logging_mixin.py:188} INFO - [2025-07-08T09:31:03.175+0000] {dag.py:3823} INFO - Setting next_dagrun for example_setup_teardown_taskflow to 2025-07-07 00:00:00+00:00, run_after=2025-07-08 00:00:00+00:00
[2025-07-08T09:31:03.230+0000] {processor.py:183} INFO - Processing /home/airflow/.local/lib/python3.8/site-packages/airflow/example_dags/example_setup_teardown_taskflow.py took 0.190 seconds
[2025-07-08T09:31:33.582+0000] {processor.py:161} INFO - Started process (PID=3403) to work on /home/airflow/.local/lib/python3.8/site-packages/airflow/example_dags/example_setup_teardown_taskflow.py
[2025-07-08T09:31:33.584+0000] {processor.py:830} INFO - Processing file /home/airflow/.local/lib/python3.8/site-packages/airflow/example_dags/example_setup_teardown_taskflow.py for tasks to queue
[2025-07-08T09:31:33.587+0000] {logging_mixin.py:188} INFO - [2025-07-08T09:31:33.586+0000] {dagbag.py:538} INFO - Filling up the DagBag from /home/airflow/.local/lib/python3.8/site-packages/airflow/example_dags/example_setup_teardown_taskflow.py
[2025-07-08T09:31:33.608+0000] {processor.py:840} INFO - DAG(s) 'example_setup_teardown_taskflow' retrieved from /home/airflow/.local/lib/python3.8/site-packages/airflow/example_dags/example_setup_teardown_taskflow.py
[2025-07-08T09:31:33.659+0000] {logging_mixin.py:188} INFO - [2025-07-08T09:31:33.658+0000] {dag.py:3036} INFO - Sync 1 DAGs
[2025-07-08T09:31:33.712+0000] {logging_mixin.py:188} INFO - [2025-07-08T09:31:33.712+0000] {dag.py:3823} INFO - Setting next_dagrun for example_setup_teardown_taskflow to 2025-07-07 00:00:00+00:00, run_after=2025-07-08 00:00:00+00:00
[2025-07-08T09:31:33.768+0000] {processor.py:183} INFO - Processing /home/airflow/.local/lib/python3.8/site-packages/airflow/example_dags/example_setup_teardown_taskflow.py took 0.192 seconds
[2025-07-08T09:32:04.366+0000] {processor.py:161} INFO - Started process (PID=3469) to work on /home/airflow/.local/lib/python3.8/site-packages/airflow/example_dags/example_setup_teardown_taskflow.py
[2025-07-08T09:32:04.368+0000] {processor.py:830} INFO - Processing file /home/airflow/.local/lib/python3.8/site-packages/airflow/example_dags/example_setup_teardown_taskflow.py for tasks to queue
[2025-07-08T09:32:04.371+0000] {logging_mixin.py:188} INFO - [2025-07-08T09:32:04.371+0000] {dagbag.py:538} INFO - Filling up the DagBag from /home/airflow/.local/lib/python3.8/site-packages/airflow/example_dags/example_setup_teardown_taskflow.py
[2025-07-08T09:32:04.393+0000] {processor.py:840} INFO - DAG(s) 'example_setup_teardown_taskflow' retrieved from /home/airflow/.local/lib/python3.8/site-packages/airflow/example_dags/example_setup_teardown_taskflow.py
[2025-07-08T09:32:04.451+0000] {logging_mixin.py:188} INFO - [2025-07-08T09:32:04.451+0000] {dag.py:3036} INFO - Sync 1 DAGs
[2025-07-08T09:32:04.504+0000] {logging_mixin.py:188} INFO - [2025-07-08T09:32:04.504+0000] {dag.py:3823} INFO - Setting next_dagrun for example_setup_teardown_taskflow to 2025-07-07 00:00:00+00:00, run_after=2025-07-08 00:00:00+00:00
[2025-07-08T09:32:04.552+0000] {processor.py:183} INFO - Processing /home/airflow/.local/lib/python3.8/site-packages/airflow/example_dags/example_setup_teardown_taskflow.py took 0.192 seconds
[2025-07-08T09:32:34.657+0000] {processor.py:161} INFO - Started process (PID=3535) to work on /home/airflow/.local/lib/python3.8/site-packages/airflow/example_dags/example_setup_teardown_taskflow.py
[2025-07-08T09:32:34.659+0000] {processor.py:830} INFO - Processing file /home/airflow/.local/lib/python3.8/site-packages/airflow/example_dags/example_setup_teardown_taskflow.py for tasks to queue
[2025-07-08T09:32:34.662+0000] {logging_mixin.py:188} INFO - [2025-07-08T09:32:34.661+0000] {dagbag.py:538} INFO - Filling up the DagBag from /home/airflow/.local/lib/python3.8/site-packages/airflow/example_dags/example_setup_teardown_taskflow.py
[2025-07-08T09:32:34.682+0000] {processor.py:840} INFO - DAG(s) 'example_setup_teardown_taskflow' retrieved from /home/airflow/.local/lib/python3.8/site-packages/airflow/example_dags/example_setup_teardown_taskflow.py
[2025-07-08T09:32:34.769+0000] {logging_mixin.py:188} INFO - [2025-07-08T09:32:34.768+0000] {dag.py:3036} INFO - Sync 1 DAGs
[2025-07-08T09:32:34.818+0000] {logging_mixin.py:188} INFO - [2025-07-08T09:32:34.817+0000] {dag.py:3823} INFO - Setting next_dagrun for example_setup_teardown_taskflow to 2025-07-07 00:00:00+00:00, run_after=2025-07-08 00:00:00+00:00
[2025-07-08T09:32:34.863+0000] {processor.py:183} INFO - Processing /home/airflow/.local/lib/python3.8/site-packages/airflow/example_dags/example_setup_teardown_taskflow.py took 0.212 seconds
[2025-07-08T09:33:05.532+0000] {processor.py:161} INFO - Started process (PID=3601) to work on /home/airflow/.local/lib/python3.8/site-packages/airflow/example_dags/example_setup_teardown_taskflow.py
[2025-07-08T09:33:05.535+0000] {processor.py:830} INFO - Processing file /home/airflow/.local/lib/python3.8/site-packages/airflow/example_dags/example_setup_teardown_taskflow.py for tasks to queue
[2025-07-08T09:33:05.538+0000] {logging_mixin.py:188} INFO - [2025-07-08T09:33:05.538+0000] {dagbag.py:538} INFO - Filling up the DagBag from /home/airflow/.local/lib/python3.8/site-packages/airflow/example_dags/example_setup_teardown_taskflow.py
[2025-07-08T09:33:05.569+0000] {processor.py:840} INFO - DAG(s) 'example_setup_teardown_taskflow' retrieved from /home/airflow/.local/lib/python3.8/site-packages/airflow/example_dags/example_setup_teardown_taskflow.py
[2025-07-08T09:33:05.618+0000] {logging_mixin.py:188} INFO - [2025-07-08T09:33:05.617+0000] {dag.py:3036} INFO - Sync 1 DAGs
[2025-07-08T09:33:05.664+0000] {logging_mixin.py:188} INFO - [2025-07-08T09:33:05.663+0000] {dag.py:3823} INFO - Setting next_dagrun for example_setup_teardown_taskflow to 2025-07-07 00:00:00+00:00, run_after=2025-07-08 00:00:00+00:00
[2025-07-08T09:33:05.704+0000] {processor.py:183} INFO - Processing /home/airflow/.local/lib/python3.8/site-packages/airflow/example_dags/example_setup_teardown_taskflow.py took 0.179 seconds
[2025-07-08T09:33:36.137+0000] {processor.py:161} INFO - Started process (PID=3666) to work on /home/airflow/.local/lib/python3.8/site-packages/airflow/example_dags/example_setup_teardown_taskflow.py
[2025-07-08T09:33:36.138+0000] {processor.py:830} INFO - Processing file /home/airflow/.local/lib/python3.8/site-packages/airflow/example_dags/example_setup_teardown_taskflow.py for tasks to queue
[2025-07-08T09:33:36.142+0000] {logging_mixin.py:188} INFO - [2025-07-08T09:33:36.142+0000] {dagbag.py:538} INFO - Filling up the DagBag from /home/airflow/.local/lib/python3.8/site-packages/airflow/example_dags/example_setup_teardown_taskflow.py
[2025-07-08T09:33:36.166+0000] {processor.py:840} INFO - DAG(s) 'example_setup_teardown_taskflow' retrieved from /home/airflow/.local/lib/python3.8/site-packages/airflow/example_dags/example_setup_teardown_taskflow.py
[2025-07-08T09:33:36.209+0000] {logging_mixin.py:188} INFO - [2025-07-08T09:33:36.208+0000] {dag.py:3036} INFO - Sync 1 DAGs
[2025-07-08T09:33:36.263+0000] {logging_mixin.py:188} INFO - [2025-07-08T09:33:36.262+0000] {dag.py:3823} INFO - Setting next_dagrun for example_setup_teardown_taskflow to 2025-07-07 00:00:00+00:00, run_after=2025-07-08 00:00:00+00:00
[2025-07-08T09:33:36.334+0000] {processor.py:183} INFO - Processing /home/airflow/.local/lib/python3.8/site-packages/airflow/example_dags/example_setup_teardown_taskflow.py took 0.207 seconds
[2025-07-08T09:34:06.637+0000] {processor.py:161} INFO - Started process (PID=3732) to work on /home/airflow/.local/lib/python3.8/site-packages/airflow/example_dags/example_setup_teardown_taskflow.py
[2025-07-08T09:34:06.640+0000] {processor.py:830} INFO - Processing file /home/airflow/.local/lib/python3.8/site-packages/airflow/example_dags/example_setup_teardown_taskflow.py for tasks to queue
[2025-07-08T09:34:06.643+0000] {logging_mixin.py:188} INFO - [2025-07-08T09:34:06.642+0000] {dagbag.py:538} INFO - Filling up the DagBag from /home/airflow/.local/lib/python3.8/site-packages/airflow/example_dags/example_setup_teardown_taskflow.py
[2025-07-08T09:34:06.662+0000] {processor.py:840} INFO - DAG(s) 'example_setup_teardown_taskflow' retrieved from /home/airflow/.local/lib/python3.8/site-packages/airflow/example_dags/example_setup_teardown_taskflow.py
[2025-07-08T09:34:06.720+0000] {logging_mixin.py:188} INFO - [2025-07-08T09:34:06.719+0000] {dag.py:3036} INFO - Sync 1 DAGs
[2025-07-08T09:34:06.764+0000] {logging_mixin.py:188} INFO - [2025-07-08T09:34:06.764+0000] {dag.py:3823} INFO - Setting next_dagrun for example_setup_teardown_taskflow to 2025-07-07 00:00:00+00:00, run_after=2025-07-08 00:00:00+00:00
[2025-07-08T09:34:06.798+0000] {processor.py:183} INFO - Processing /home/airflow/.local/lib/python3.8/site-packages/airflow/example_dags/example_setup_teardown_taskflow.py took 0.166 seconds
[2025-07-08T09:34:37.842+0000] {processor.py:161} INFO - Started process (PID=3797) to work on /home/airflow/.local/lib/python3.8/site-packages/airflow/example_dags/example_setup_teardown_taskflow.py
[2025-07-08T09:34:37.844+0000] {processor.py:830} INFO - Processing file /home/airflow/.local/lib/python3.8/site-packages/airflow/example_dags/example_setup_teardown_taskflow.py for tasks to queue
[2025-07-08T09:34:37.847+0000] {logging_mixin.py:188} INFO - [2025-07-08T09:34:37.846+0000] {dagbag.py:538} INFO - Filling up the DagBag from /home/airflow/.local/lib/python3.8/site-packages/airflow/example_dags/example_setup_teardown_taskflow.py
[2025-07-08T09:34:37.865+0000] {processor.py:840} INFO - DAG(s) 'example_setup_teardown_taskflow' retrieved from /home/airflow/.local/lib/python3.8/site-packages/airflow/example_dags/example_setup_teardown_taskflow.py
[2025-07-08T09:34:37.904+0000] {logging_mixin.py:188} INFO - [2025-07-08T09:34:37.904+0000] {dag.py:3036} INFO - Sync 1 DAGs
[2025-07-08T09:34:37.948+0000] {logging_mixin.py:188} INFO - [2025-07-08T09:34:37.947+0000] {dag.py:3823} INFO - Setting next_dagrun for example_setup_teardown_taskflow to 2025-07-07 00:00:00+00:00, run_after=2025-07-08 00:00:00+00:00
[2025-07-08T09:34:37.982+0000] {processor.py:183} INFO - Processing /home/airflow/.local/lib/python3.8/site-packages/airflow/example_dags/example_setup_teardown_taskflow.py took 0.145 seconds
[2025-07-08T09:35:09.245+0000] {processor.py:161} INFO - Started process (PID=3864) to work on /home/airflow/.local/lib/python3.8/site-packages/airflow/example_dags/example_setup_teardown_taskflow.py
[2025-07-08T09:35:09.248+0000] {processor.py:830} INFO - Processing file /home/airflow/.local/lib/python3.8/site-packages/airflow/example_dags/example_setup_teardown_taskflow.py for tasks to queue
[2025-07-08T09:35:09.251+0000] {logging_mixin.py:188} INFO - [2025-07-08T09:35:09.250+0000] {dagbag.py:538} INFO - Filling up the DagBag from /home/airflow/.local/lib/python3.8/site-packages/airflow/example_dags/example_setup_teardown_taskflow.py
[2025-07-08T09:35:09.383+0000] {processor.py:840} INFO - DAG(s) 'example_setup_teardown_taskflow' retrieved from /home/airflow/.local/lib/python3.8/site-packages/airflow/example_dags/example_setup_teardown_taskflow.py
[2025-07-08T09:35:09.645+0000] {logging_mixin.py:188} INFO - [2025-07-08T09:35:09.619+0000] {dag.py:3036} INFO - Sync 1 DAGs
[2025-07-08T09:35:09.773+0000] {logging_mixin.py:188} INFO - [2025-07-08T09:35:09.773+0000] {dag.py:3823} INFO - Setting next_dagrun for example_setup_teardown_taskflow to 2025-07-07 00:00:00+00:00, run_after=2025-07-08 00:00:00+00:00
[2025-07-08T09:35:09.870+0000] {processor.py:183} INFO - Processing /home/airflow/.local/lib/python3.8/site-packages/airflow/example_dags/example_setup_teardown_taskflow.py took 0.648 seconds
[2025-07-08T09:35:40.373+0000] {processor.py:161} INFO - Started process (PID=3922) to work on /home/airflow/.local/lib/python3.8/site-packages/airflow/example_dags/example_setup_teardown_taskflow.py
[2025-07-08T09:35:40.375+0000] {processor.py:830} INFO - Processing file /home/airflow/.local/lib/python3.8/site-packages/airflow/example_dags/example_setup_teardown_taskflow.py for tasks to queue
[2025-07-08T09:35:40.378+0000] {logging_mixin.py:188} INFO - [2025-07-08T09:35:40.377+0000] {dagbag.py:538} INFO - Filling up the DagBag from /home/airflow/.local/lib/python3.8/site-packages/airflow/example_dags/example_setup_teardown_taskflow.py
[2025-07-08T09:35:40.430+0000] {processor.py:840} INFO - DAG(s) 'example_setup_teardown_taskflow' retrieved from /home/airflow/.local/lib/python3.8/site-packages/airflow/example_dags/example_setup_teardown_taskflow.py
[2025-07-08T09:35:40.536+0000] {logging_mixin.py:188} INFO - [2025-07-08T09:35:40.535+0000] {dag.py:3036} INFO - Sync 1 DAGs
[2025-07-08T09:35:40.656+0000] {logging_mixin.py:188} INFO - [2025-07-08T09:35:40.655+0000] {dag.py:3823} INFO - Setting next_dagrun for example_setup_teardown_taskflow to 2025-07-07 00:00:00+00:00, run_after=2025-07-08 00:00:00+00:00
[2025-07-08T09:35:40.736+0000] {processor.py:183} INFO - Processing /home/airflow/.local/lib/python3.8/site-packages/airflow/example_dags/example_setup_teardown_taskflow.py took 0.386 seconds
[2025-07-08T09:36:10.960+0000] {processor.py:161} INFO - Started process (PID=3986) to work on /home/airflow/.local/lib/python3.8/site-packages/airflow/example_dags/example_setup_teardown_taskflow.py
[2025-07-08T09:36:10.962+0000] {processor.py:830} INFO - Processing file /home/airflow/.local/lib/python3.8/site-packages/airflow/example_dags/example_setup_teardown_taskflow.py for tasks to queue
[2025-07-08T09:36:10.965+0000] {logging_mixin.py:188} INFO - [2025-07-08T09:36:10.964+0000] {dagbag.py:538} INFO - Filling up the DagBag from /home/airflow/.local/lib/python3.8/site-packages/airflow/example_dags/example_setup_teardown_taskflow.py
[2025-07-08T09:36:10.983+0000] {processor.py:840} INFO - DAG(s) 'example_setup_teardown_taskflow' retrieved from /home/airflow/.local/lib/python3.8/site-packages/airflow/example_dags/example_setup_teardown_taskflow.py
[2025-07-08T09:36:11.077+0000] {logging_mixin.py:188} INFO - [2025-07-08T09:36:11.077+0000] {dag.py:3036} INFO - Sync 1 DAGs
[2025-07-08T09:36:11.177+0000] {logging_mixin.py:188} INFO - [2025-07-08T09:36:11.175+0000] {dag.py:3823} INFO - Setting next_dagrun for example_setup_teardown_taskflow to 2025-07-07 00:00:00+00:00, run_after=2025-07-08 00:00:00+00:00
[2025-07-08T09:36:11.278+0000] {processor.py:183} INFO - Processing /home/airflow/.local/lib/python3.8/site-packages/airflow/example_dags/example_setup_teardown_taskflow.py took 0.350 seconds
[2025-07-08T09:36:41.707+0000] {processor.py:161} INFO - Started process (PID=4055) to work on /home/airflow/.local/lib/python3.8/site-packages/airflow/example_dags/example_setup_teardown_taskflow.py
[2025-07-08T09:36:41.724+0000] {processor.py:830} INFO - Processing file /home/airflow/.local/lib/python3.8/site-packages/airflow/example_dags/example_setup_teardown_taskflow.py for tasks to queue
[2025-07-08T09:36:41.733+0000] {logging_mixin.py:188} INFO - [2025-07-08T09:36:41.733+0000] {dagbag.py:538} INFO - Filling up the DagBag from /home/airflow/.local/lib/python3.8/site-packages/airflow/example_dags/example_setup_teardown_taskflow.py
[2025-07-08T09:36:41.766+0000] {processor.py:840} INFO - DAG(s) 'example_setup_teardown_taskflow' retrieved from /home/airflow/.local/lib/python3.8/site-packages/airflow/example_dags/example_setup_teardown_taskflow.py
[2025-07-08T09:36:41.825+0000] {logging_mixin.py:188} INFO - [2025-07-08T09:36:41.825+0000] {dag.py:3036} INFO - Sync 1 DAGs
[2025-07-08T09:36:41.927+0000] {logging_mixin.py:188} INFO - [2025-07-08T09:36:41.924+0000] {dag.py:3823} INFO - Setting next_dagrun for example_setup_teardown_taskflow to 2025-07-07 00:00:00+00:00, run_after=2025-07-08 00:00:00+00:00
[2025-07-08T09:36:42.024+0000] {processor.py:183} INFO - Processing /home/airflow/.local/lib/python3.8/site-packages/airflow/example_dags/example_setup_teardown_taskflow.py took 0.325 seconds
[2025-07-08T09:37:12.664+0000] {processor.py:161} INFO - Started process (PID=4121) to work on /home/airflow/.local/lib/python3.8/site-packages/airflow/example_dags/example_setup_teardown_taskflow.py
[2025-07-08T09:37:12.666+0000] {processor.py:830} INFO - Processing file /home/airflow/.local/lib/python3.8/site-packages/airflow/example_dags/example_setup_teardown_taskflow.py for tasks to queue
[2025-07-08T09:37:12.669+0000] {logging_mixin.py:188} INFO - [2025-07-08T09:37:12.668+0000] {dagbag.py:538} INFO - Filling up the DagBag from /home/airflow/.local/lib/python3.8/site-packages/airflow/example_dags/example_setup_teardown_taskflow.py
[2025-07-08T09:37:12.714+0000] {processor.py:840} INFO - DAG(s) 'example_setup_teardown_taskflow' retrieved from /home/airflow/.local/lib/python3.8/site-packages/airflow/example_dags/example_setup_teardown_taskflow.py
[2025-07-08T09:37:12.764+0000] {logging_mixin.py:188} INFO - [2025-07-08T09:37:12.763+0000] {dag.py:3036} INFO - Sync 1 DAGs
[2025-07-08T09:37:12.850+0000] {logging_mixin.py:188} INFO - [2025-07-08T09:37:12.849+0000] {dag.py:3823} INFO - Setting next_dagrun for example_setup_teardown_taskflow to 2025-07-07 00:00:00+00:00, run_after=2025-07-08 00:00:00+00:00
[2025-07-08T09:37:12.962+0000] {processor.py:183} INFO - Processing /home/airflow/.local/lib/python3.8/site-packages/airflow/example_dags/example_setup_teardown_taskflow.py took 0.303 seconds
[2025-07-08T09:37:43.394+0000] {processor.py:161} INFO - Started process (PID=4190) to work on /home/airflow/.local/lib/python3.8/site-packages/airflow/example_dags/example_setup_teardown_taskflow.py
[2025-07-08T09:37:43.410+0000] {processor.py:830} INFO - Processing file /home/airflow/.local/lib/python3.8/site-packages/airflow/example_dags/example_setup_teardown_taskflow.py for tasks to queue
[2025-07-08T09:37:43.414+0000] {logging_mixin.py:188} INFO - [2025-07-08T09:37:43.413+0000] {dagbag.py:538} INFO - Filling up the DagBag from /home/airflow/.local/lib/python3.8/site-packages/airflow/example_dags/example_setup_teardown_taskflow.py
[2025-07-08T09:37:43.517+0000] {processor.py:840} INFO - DAG(s) 'example_setup_teardown_taskflow' retrieved from /home/airflow/.local/lib/python3.8/site-packages/airflow/example_dags/example_setup_teardown_taskflow.py
[2025-07-08T09:37:43.597+0000] {logging_mixin.py:188} INFO - [2025-07-08T09:37:43.597+0000] {dag.py:3036} INFO - Sync 1 DAGs
[2025-07-08T09:37:43.683+0000] {logging_mixin.py:188} INFO - [2025-07-08T09:37:43.683+0000] {dag.py:3823} INFO - Setting next_dagrun for example_setup_teardown_taskflow to 2025-07-07 00:00:00+00:00, run_after=2025-07-08 00:00:00+00:00
[2025-07-08T09:37:43.777+0000] {processor.py:183} INFO - Processing /home/airflow/.local/lib/python3.8/site-packages/airflow/example_dags/example_setup_teardown_taskflow.py took 0.391 seconds
[2025-07-08T09:38:13.930+0000] {processor.py:161} INFO - Started process (PID=4256) to work on /home/airflow/.local/lib/python3.8/site-packages/airflow/example_dags/example_setup_teardown_taskflow.py
[2025-07-08T09:38:13.932+0000] {processor.py:830} INFO - Processing file /home/airflow/.local/lib/python3.8/site-packages/airflow/example_dags/example_setup_teardown_taskflow.py for tasks to queue
[2025-07-08T09:38:13.935+0000] {logging_mixin.py:188} INFO - [2025-07-08T09:38:13.934+0000] {dagbag.py:538} INFO - Filling up the DagBag from /home/airflow/.local/lib/python3.8/site-packages/airflow/example_dags/example_setup_teardown_taskflow.py
[2025-07-08T09:38:13.954+0000] {processor.py:840} INFO - DAG(s) 'example_setup_teardown_taskflow' retrieved from /home/airflow/.local/lib/python3.8/site-packages/airflow/example_dags/example_setup_teardown_taskflow.py
[2025-07-08T09:38:14.024+0000] {logging_mixin.py:188} INFO - [2025-07-08T09:38:14.023+0000] {dag.py:3036} INFO - Sync 1 DAGs
[2025-07-08T09:38:14.110+0000] {logging_mixin.py:188} INFO - [2025-07-08T09:38:14.110+0000] {dag.py:3823} INFO - Setting next_dagrun for example_setup_teardown_taskflow to 2025-07-07 00:00:00+00:00, run_after=2025-07-08 00:00:00+00:00
[2025-07-08T09:38:14.184+0000] {processor.py:183} INFO - Processing /home/airflow/.local/lib/python3.8/site-packages/airflow/example_dags/example_setup_teardown_taskflow.py took 0.260 seconds
[2025-07-08T09:38:44.435+0000] {processor.py:161} INFO - Started process (PID=4323) to work on /home/airflow/.local/lib/python3.8/site-packages/airflow/example_dags/example_setup_teardown_taskflow.py
[2025-07-08T09:38:44.449+0000] {processor.py:830} INFO - Processing file /home/airflow/.local/lib/python3.8/site-packages/airflow/example_dags/example_setup_teardown_taskflow.py for tasks to queue
[2025-07-08T09:38:44.452+0000] {logging_mixin.py:188} INFO - [2025-07-08T09:38:44.451+0000] {dagbag.py:538} INFO - Filling up the DagBag from /home/airflow/.local/lib/python3.8/site-packages/airflow/example_dags/example_setup_teardown_taskflow.py
[2025-07-08T09:38:44.504+0000] {processor.py:840} INFO - DAG(s) 'example_setup_teardown_taskflow' retrieved from /home/airflow/.local/lib/python3.8/site-packages/airflow/example_dags/example_setup_teardown_taskflow.py
[2025-07-08T09:38:44.608+0000] {logging_mixin.py:188} INFO - [2025-07-08T09:38:44.607+0000] {dag.py:3036} INFO - Sync 1 DAGs
[2025-07-08T09:38:44.703+0000] {logging_mixin.py:188} INFO - [2025-07-08T09:38:44.703+0000] {dag.py:3823} INFO - Setting next_dagrun for example_setup_teardown_taskflow to 2025-07-07 00:00:00+00:00, run_after=2025-07-08 00:00:00+00:00
[2025-07-08T09:38:44.807+0000] {processor.py:183} INFO - Processing /home/airflow/.local/lib/python3.8/site-packages/airflow/example_dags/example_setup_teardown_taskflow.py took 0.389 seconds
[2025-07-08T09:39:14.973+0000] {processor.py:161} INFO - Started process (PID=4390) to work on /home/airflow/.local/lib/python3.8/site-packages/airflow/example_dags/example_setup_teardown_taskflow.py
[2025-07-08T09:39:14.975+0000] {processor.py:830} INFO - Processing file /home/airflow/.local/lib/python3.8/site-packages/airflow/example_dags/example_setup_teardown_taskflow.py for tasks to queue
[2025-07-08T09:39:14.989+0000] {logging_mixin.py:188} INFO - [2025-07-08T09:39:14.988+0000] {dagbag.py:538} INFO - Filling up the DagBag from /home/airflow/.local/lib/python3.8/site-packages/airflow/example_dags/example_setup_teardown_taskflow.py
[2025-07-08T09:39:15.021+0000] {processor.py:840} INFO - DAG(s) 'example_setup_teardown_taskflow' retrieved from /home/airflow/.local/lib/python3.8/site-packages/airflow/example_dags/example_setup_teardown_taskflow.py
[2025-07-08T09:39:15.068+0000] {logging_mixin.py:188} INFO - [2025-07-08T09:39:15.067+0000] {dag.py:3036} INFO - Sync 1 DAGs
[2025-07-08T09:39:15.114+0000] {logging_mixin.py:188} INFO - [2025-07-08T09:39:15.113+0000] {dag.py:3823} INFO - Setting next_dagrun for example_setup_teardown_taskflow to 2025-07-07 00:00:00+00:00, run_after=2025-07-08 00:00:00+00:00
[2025-07-08T09:39:15.147+0000] {processor.py:183} INFO - Processing /home/airflow/.local/lib/python3.8/site-packages/airflow/example_dags/example_setup_teardown_taskflow.py took 0.196 seconds
[2025-07-08T09:39:45.906+0000] {processor.py:161} INFO - Started process (PID=4456) to work on /home/airflow/.local/lib/python3.8/site-packages/airflow/example_dags/example_setup_teardown_taskflow.py
[2025-07-08T09:39:45.917+0000] {processor.py:830} INFO - Processing file /home/airflow/.local/lib/python3.8/site-packages/airflow/example_dags/example_setup_teardown_taskflow.py for tasks to queue
[2025-07-08T09:39:45.921+0000] {logging_mixin.py:188} INFO - [2025-07-08T09:39:45.921+0000] {dagbag.py:538} INFO - Filling up the DagBag from /home/airflow/.local/lib/python3.8/site-packages/airflow/example_dags/example_setup_teardown_taskflow.py
[2025-07-08T09:39:45.970+0000] {processor.py:840} INFO - DAG(s) 'example_setup_teardown_taskflow' retrieved from /home/airflow/.local/lib/python3.8/site-packages/airflow/example_dags/example_setup_teardown_taskflow.py
[2025-07-08T09:39:46.085+0000] {logging_mixin.py:188} INFO - [2025-07-08T09:39:46.085+0000] {dag.py:3036} INFO - Sync 1 DAGs
[2025-07-08T09:39:46.188+0000] {logging_mixin.py:188} INFO - [2025-07-08T09:39:46.188+0000] {dag.py:3823} INFO - Setting next_dagrun for example_setup_teardown_taskflow to 2025-07-07 00:00:00+00:00, run_after=2025-07-08 00:00:00+00:00
[2025-07-08T09:39:46.263+0000] {processor.py:183} INFO - Processing /home/airflow/.local/lib/python3.8/site-packages/airflow/example_dags/example_setup_teardown_taskflow.py took 0.388 seconds
[2025-07-08T09:40:16.647+0000] {processor.py:161} INFO - Started process (PID=4523) to work on /home/airflow/.local/lib/python3.8/site-packages/airflow/example_dags/example_setup_teardown_taskflow.py
[2025-07-08T09:40:16.661+0000] {processor.py:830} INFO - Processing file /home/airflow/.local/lib/python3.8/site-packages/airflow/example_dags/example_setup_teardown_taskflow.py for tasks to queue
[2025-07-08T09:40:16.664+0000] {logging_mixin.py:188} INFO - [2025-07-08T09:40:16.663+0000] {dagbag.py:538} INFO - Filling up the DagBag from /home/airflow/.local/lib/python3.8/site-packages/airflow/example_dags/example_setup_teardown_taskflow.py
[2025-07-08T09:40:16.699+0000] {processor.py:840} INFO - DAG(s) 'example_setup_teardown_taskflow' retrieved from /home/airflow/.local/lib/python3.8/site-packages/airflow/example_dags/example_setup_teardown_taskflow.py
[2025-07-08T09:40:16.782+0000] {logging_mixin.py:188} INFO - [2025-07-08T09:40:16.781+0000] {dag.py:3036} INFO - Sync 1 DAGs
[2025-07-08T09:40:16.877+0000] {logging_mixin.py:188} INFO - [2025-07-08T09:40:16.877+0000] {dag.py:3823} INFO - Setting next_dagrun for example_setup_teardown_taskflow to 2025-07-07 00:00:00+00:00, run_after=2025-07-08 00:00:00+00:00
[2025-07-08T09:40:16.929+0000] {processor.py:183} INFO - Processing /home/airflow/.local/lib/python3.8/site-packages/airflow/example_dags/example_setup_teardown_taskflow.py took 0.289 seconds
[2025-07-08T09:40:47.081+0000] {processor.py:161} INFO - Started process (PID=4590) to work on /home/airflow/.local/lib/python3.8/site-packages/airflow/example_dags/example_setup_teardown_taskflow.py
[2025-07-08T09:40:47.083+0000] {processor.py:830} INFO - Processing file /home/airflow/.local/lib/python3.8/site-packages/airflow/example_dags/example_setup_teardown_taskflow.py for tasks to queue
[2025-07-08T09:40:47.087+0000] {logging_mixin.py:188} INFO - [2025-07-08T09:40:47.086+0000] {dagbag.py:538} INFO - Filling up the DagBag from /home/airflow/.local/lib/python3.8/site-packages/airflow/example_dags/example_setup_teardown_taskflow.py
[2025-07-08T09:40:47.157+0000] {processor.py:840} INFO - DAG(s) 'example_setup_teardown_taskflow' retrieved from /home/airflow/.local/lib/python3.8/site-packages/airflow/example_dags/example_setup_teardown_taskflow.py
[2025-07-08T09:40:47.229+0000] {logging_mixin.py:188} INFO - [2025-07-08T09:40:47.228+0000] {dag.py:3036} INFO - Sync 1 DAGs
[2025-07-08T09:40:47.318+0000] {logging_mixin.py:188} INFO - [2025-07-08T09:40:47.318+0000] {dag.py:3823} INFO - Setting next_dagrun for example_setup_teardown_taskflow to 2025-07-07 00:00:00+00:00, run_after=2025-07-08 00:00:00+00:00
[2025-07-08T09:40:47.368+0000] {processor.py:183} INFO - Processing /home/airflow/.local/lib/python3.8/site-packages/airflow/example_dags/example_setup_teardown_taskflow.py took 0.302 seconds
[2025-07-08T09:41:17.966+0000] {processor.py:161} INFO - Started process (PID=4648) to work on /home/airflow/.local/lib/python3.8/site-packages/airflow/example_dags/example_setup_teardown_taskflow.py
[2025-07-08T09:41:17.968+0000] {processor.py:830} INFO - Processing file /home/airflow/.local/lib/python3.8/site-packages/airflow/example_dags/example_setup_teardown_taskflow.py for tasks to queue
[2025-07-08T09:41:17.971+0000] {logging_mixin.py:188} INFO - [2025-07-08T09:41:17.971+0000] {dagbag.py:538} INFO - Filling up the DagBag from /home/airflow/.local/lib/python3.8/site-packages/airflow/example_dags/example_setup_teardown_taskflow.py
[2025-07-08T09:41:18.026+0000] {processor.py:840} INFO - DAG(s) 'example_setup_teardown_taskflow' retrieved from /home/airflow/.local/lib/python3.8/site-packages/airflow/example_dags/example_setup_teardown_taskflow.py
[2025-07-08T09:41:18.073+0000] {logging_mixin.py:188} INFO - [2025-07-08T09:41:18.073+0000] {dag.py:3036} INFO - Sync 1 DAGs
[2025-07-08T09:41:18.110+0000] {logging_mixin.py:188} INFO - [2025-07-08T09:41:18.109+0000] {dag.py:3823} INFO - Setting next_dagrun for example_setup_teardown_taskflow to 2025-07-07 00:00:00+00:00, run_after=2025-07-08 00:00:00+00:00
[2025-07-08T09:41:18.141+0000] {processor.py:183} INFO - Processing /home/airflow/.local/lib/python3.8/site-packages/airflow/example_dags/example_setup_teardown_taskflow.py took 0.182 seconds
[2025-07-08T09:41:48.298+0000] {processor.py:161} INFO - Started process (PID=4714) to work on /home/airflow/.local/lib/python3.8/site-packages/airflow/example_dags/example_setup_teardown_taskflow.py
[2025-07-08T09:41:48.300+0000] {processor.py:830} INFO - Processing file /home/airflow/.local/lib/python3.8/site-packages/airflow/example_dags/example_setup_teardown_taskflow.py for tasks to queue
[2025-07-08T09:41:48.303+0000] {logging_mixin.py:188} INFO - [2025-07-08T09:41:48.303+0000] {dagbag.py:538} INFO - Filling up the DagBag from /home/airflow/.local/lib/python3.8/site-packages/airflow/example_dags/example_setup_teardown_taskflow.py
[2025-07-08T09:41:48.323+0000] {processor.py:840} INFO - DAG(s) 'example_setup_teardown_taskflow' retrieved from /home/airflow/.local/lib/python3.8/site-packages/airflow/example_dags/example_setup_teardown_taskflow.py
[2025-07-08T09:41:48.362+0000] {logging_mixin.py:188} INFO - [2025-07-08T09:41:48.362+0000] {dag.py:3036} INFO - Sync 1 DAGs
[2025-07-08T09:41:48.400+0000] {logging_mixin.py:188} INFO - [2025-07-08T09:41:48.400+0000] {dag.py:3823} INFO - Setting next_dagrun for example_setup_teardown_taskflow to 2025-07-07 00:00:00+00:00, run_after=2025-07-08 00:00:00+00:00
[2025-07-08T09:41:48.432+0000] {processor.py:183} INFO - Processing /home/airflow/.local/lib/python3.8/site-packages/airflow/example_dags/example_setup_teardown_taskflow.py took 0.140 seconds
[2025-07-08T09:42:18.979+0000] {processor.py:161} INFO - Started process (PID=4780) to work on /home/airflow/.local/lib/python3.8/site-packages/airflow/example_dags/example_setup_teardown_taskflow.py
[2025-07-08T09:42:18.996+0000] {processor.py:830} INFO - Processing file /home/airflow/.local/lib/python3.8/site-packages/airflow/example_dags/example_setup_teardown_taskflow.py for tasks to queue
[2025-07-08T09:42:18.999+0000] {logging_mixin.py:188} INFO - [2025-07-08T09:42:18.999+0000] {dagbag.py:538} INFO - Filling up the DagBag from /home/airflow/.local/lib/python3.8/site-packages/airflow/example_dags/example_setup_teardown_taskflow.py
[2025-07-08T09:42:19.025+0000] {processor.py:840} INFO - DAG(s) 'example_setup_teardown_taskflow' retrieved from /home/airflow/.local/lib/python3.8/site-packages/airflow/example_dags/example_setup_teardown_taskflow.py
[2025-07-08T09:42:19.129+0000] {logging_mixin.py:188} INFO - [2025-07-08T09:42:19.129+0000] {dag.py:3036} INFO - Sync 1 DAGs
[2025-07-08T09:42:19.222+0000] {logging_mixin.py:188} INFO - [2025-07-08T09:42:19.222+0000] {dag.py:3823} INFO - Setting next_dagrun for example_setup_teardown_taskflow to 2025-07-07 00:00:00+00:00, run_after=2025-07-08 00:00:00+00:00
[2025-07-08T09:42:19.286+0000] {processor.py:183} INFO - Processing /home/airflow/.local/lib/python3.8/site-packages/airflow/example_dags/example_setup_teardown_taskflow.py took 0.314 seconds
[2025-07-08T09:42:49.631+0000] {processor.py:161} INFO - Started process (PID=4846) to work on /home/airflow/.local/lib/python3.8/site-packages/airflow/example_dags/example_setup_teardown_taskflow.py
[2025-07-08T09:42:49.640+0000] {processor.py:830} INFO - Processing file /home/airflow/.local/lib/python3.8/site-packages/airflow/example_dags/example_setup_teardown_taskflow.py for tasks to queue
[2025-07-08T09:42:49.654+0000] {logging_mixin.py:188} INFO - [2025-07-08T09:42:49.653+0000] {dagbag.py:538} INFO - Filling up the DagBag from /home/airflow/.local/lib/python3.8/site-packages/airflow/example_dags/example_setup_teardown_taskflow.py
[2025-07-08T09:42:49.692+0000] {processor.py:840} INFO - DAG(s) 'example_setup_teardown_taskflow' retrieved from /home/airflow/.local/lib/python3.8/site-packages/airflow/example_dags/example_setup_teardown_taskflow.py
[2025-07-08T09:42:49.767+0000] {logging_mixin.py:188} INFO - [2025-07-08T09:42:49.766+0000] {dag.py:3036} INFO - Sync 1 DAGs
[2025-07-08T09:42:49.811+0000] {logging_mixin.py:188} INFO - [2025-07-08T09:42:49.811+0000] {dag.py:3823} INFO - Setting next_dagrun for example_setup_teardown_taskflow to 2025-07-07 00:00:00+00:00, run_after=2025-07-08 00:00:00+00:00
[2025-07-08T09:42:49.861+0000] {processor.py:183} INFO - Processing /home/airflow/.local/lib/python3.8/site-packages/airflow/example_dags/example_setup_teardown_taskflow.py took 0.237 seconds
[2025-07-08T09:43:19.987+0000] {processor.py:161} INFO - Started process (PID=4910) to work on /home/airflow/.local/lib/python3.8/site-packages/airflow/example_dags/example_setup_teardown_taskflow.py
[2025-07-08T09:43:19.988+0000] {processor.py:830} INFO - Processing file /home/airflow/.local/lib/python3.8/site-packages/airflow/example_dags/example_setup_teardown_taskflow.py for tasks to queue
[2025-07-08T09:43:19.991+0000] {logging_mixin.py:188} INFO - [2025-07-08T09:43:19.990+0000] {dagbag.py:538} INFO - Filling up the DagBag from /home/airflow/.local/lib/python3.8/site-packages/airflow/example_dags/example_setup_teardown_taskflow.py
[2025-07-08T09:43:20.017+0000] {processor.py:840} INFO - DAG(s) 'example_setup_teardown_taskflow' retrieved from /home/airflow/.local/lib/python3.8/site-packages/airflow/example_dags/example_setup_teardown_taskflow.py
[2025-07-08T09:43:20.097+0000] {logging_mixin.py:188} INFO - [2025-07-08T09:43:20.097+0000] {dag.py:3036} INFO - Sync 1 DAGs
[2025-07-08T09:43:20.183+0000] {logging_mixin.py:188} INFO - [2025-07-08T09:43:20.183+0000] {dag.py:3823} INFO - Setting next_dagrun for example_setup_teardown_taskflow to 2025-07-07 00:00:00+00:00, run_after=2025-07-08 00:00:00+00:00
[2025-07-08T09:43:20.249+0000] {processor.py:183} INFO - Processing /home/airflow/.local/lib/python3.8/site-packages/airflow/example_dags/example_setup_teardown_taskflow.py took 0.268 seconds
[2025-07-08T09:43:50.478+0000] {processor.py:161} INFO - Started process (PID=4968) to work on /home/airflow/.local/lib/python3.8/site-packages/airflow/example_dags/example_setup_teardown_taskflow.py
[2025-07-08T09:43:50.479+0000] {processor.py:830} INFO - Processing file /home/airflow/.local/lib/python3.8/site-packages/airflow/example_dags/example_setup_teardown_taskflow.py for tasks to queue
[2025-07-08T09:43:50.482+0000] {logging_mixin.py:188} INFO - [2025-07-08T09:43:50.482+0000] {dagbag.py:538} INFO - Filling up the DagBag from /home/airflow/.local/lib/python3.8/site-packages/airflow/example_dags/example_setup_teardown_taskflow.py
[2025-07-08T09:43:50.501+0000] {processor.py:840} INFO - DAG(s) 'example_setup_teardown_taskflow' retrieved from /home/airflow/.local/lib/python3.8/site-packages/airflow/example_dags/example_setup_teardown_taskflow.py
[2025-07-08T09:43:50.544+0000] {logging_mixin.py:188} INFO - [2025-07-08T09:43:50.544+0000] {dag.py:3036} INFO - Sync 1 DAGs
[2025-07-08T09:43:50.587+0000] {logging_mixin.py:188} INFO - [2025-07-08T09:43:50.587+0000] {dag.py:3823} INFO - Setting next_dagrun for example_setup_teardown_taskflow to 2025-07-07 00:00:00+00:00, run_after=2025-07-08 00:00:00+00:00
[2025-07-08T09:43:50.621+0000] {processor.py:183} INFO - Processing /home/airflow/.local/lib/python3.8/site-packages/airflow/example_dags/example_setup_teardown_taskflow.py took 0.149 seconds
[2025-07-08T09:44:21.155+0000] {processor.py:161} INFO - Started process (PID=5035) to work on /home/airflow/.local/lib/python3.8/site-packages/airflow/example_dags/example_setup_teardown_taskflow.py
[2025-07-08T09:44:21.163+0000] {processor.py:830} INFO - Processing file /home/airflow/.local/lib/python3.8/site-packages/airflow/example_dags/example_setup_teardown_taskflow.py for tasks to queue
[2025-07-08T09:44:21.167+0000] {logging_mixin.py:188} INFO - [2025-07-08T09:44:21.166+0000] {dagbag.py:538} INFO - Filling up the DagBag from /home/airflow/.local/lib/python3.8/site-packages/airflow/example_dags/example_setup_teardown_taskflow.py
[2025-07-08T09:44:21.211+0000] {processor.py:840} INFO - DAG(s) 'example_setup_teardown_taskflow' retrieved from /home/airflow/.local/lib/python3.8/site-packages/airflow/example_dags/example_setup_teardown_taskflow.py
[2025-07-08T09:44:21.271+0000] {logging_mixin.py:188} INFO - [2025-07-08T09:44:21.270+0000] {dag.py:3036} INFO - Sync 1 DAGs
[2025-07-08T09:44:21.320+0000] {logging_mixin.py:188} INFO - [2025-07-08T09:44:21.319+0000] {dag.py:3823} INFO - Setting next_dagrun for example_setup_teardown_taskflow to 2025-07-07 00:00:00+00:00, run_after=2025-07-08 00:00:00+00:00
[2025-07-08T09:44:21.353+0000] {processor.py:183} INFO - Processing /home/airflow/.local/lib/python3.8/site-packages/airflow/example_dags/example_setup_teardown_taskflow.py took 0.224 seconds
[2025-07-08T09:44:51.920+0000] {processor.py:161} INFO - Started process (PID=5101) to work on /home/airflow/.local/lib/python3.8/site-packages/airflow/example_dags/example_setup_teardown_taskflow.py
[2025-07-08T09:44:51.930+0000] {processor.py:830} INFO - Processing file /home/airflow/.local/lib/python3.8/site-packages/airflow/example_dags/example_setup_teardown_taskflow.py for tasks to queue
[2025-07-08T09:44:51.938+0000] {logging_mixin.py:188} INFO - [2025-07-08T09:44:51.937+0000] {dagbag.py:538} INFO - Filling up the DagBag from /home/airflow/.local/lib/python3.8/site-packages/airflow/example_dags/example_setup_teardown_taskflow.py
[2025-07-08T09:44:51.964+0000] {processor.py:840} INFO - DAG(s) 'example_setup_teardown_taskflow' retrieved from /home/airflow/.local/lib/python3.8/site-packages/airflow/example_dags/example_setup_teardown_taskflow.py
[2025-07-08T09:44:52.013+0000] {logging_mixin.py:188} INFO - [2025-07-08T09:44:52.013+0000] {dag.py:3036} INFO - Sync 1 DAGs
[2025-07-08T09:44:52.093+0000] {logging_mixin.py:188} INFO - [2025-07-08T09:44:52.092+0000] {dag.py:3823} INFO - Setting next_dagrun for example_setup_teardown_taskflow to 2025-07-07 00:00:00+00:00, run_after=2025-07-08 00:00:00+00:00
[2025-07-08T09:44:52.166+0000] {processor.py:183} INFO - Processing /home/airflow/.local/lib/python3.8/site-packages/airflow/example_dags/example_setup_teardown_taskflow.py took 0.252 seconds
[2025-07-08T09:45:22.792+0000] {processor.py:161} INFO - Started process (PID=5165) to work on /home/airflow/.local/lib/python3.8/site-packages/airflow/example_dags/example_setup_teardown_taskflow.py
[2025-07-08T09:45:22.794+0000] {processor.py:830} INFO - Processing file /home/airflow/.local/lib/python3.8/site-packages/airflow/example_dags/example_setup_teardown_taskflow.py for tasks to queue
[2025-07-08T09:45:22.797+0000] {logging_mixin.py:188} INFO - [2025-07-08T09:45:22.797+0000] {dagbag.py:538} INFO - Filling up the DagBag from /home/airflow/.local/lib/python3.8/site-packages/airflow/example_dags/example_setup_teardown_taskflow.py
[2025-07-08T09:45:22.822+0000] {processor.py:840} INFO - DAG(s) 'example_setup_teardown_taskflow' retrieved from /home/airflow/.local/lib/python3.8/site-packages/airflow/example_dags/example_setup_teardown_taskflow.py
[2025-07-08T09:45:22.862+0000] {logging_mixin.py:188} INFO - [2025-07-08T09:45:22.862+0000] {dag.py:3036} INFO - Sync 1 DAGs
[2025-07-08T09:45:22.906+0000] {logging_mixin.py:188} INFO - [2025-07-08T09:45:22.906+0000] {dag.py:3823} INFO - Setting next_dagrun for example_setup_teardown_taskflow to 2025-07-07 00:00:00+00:00, run_after=2025-07-08 00:00:00+00:00
[2025-07-08T09:45:22.939+0000] {processor.py:183} INFO - Processing /home/airflow/.local/lib/python3.8/site-packages/airflow/example_dags/example_setup_teardown_taskflow.py took 0.169 seconds
[2025-07-08T09:45:53.366+0000] {processor.py:161} INFO - Started process (PID=5224) to work on /home/airflow/.local/lib/python3.8/site-packages/airflow/example_dags/example_setup_teardown_taskflow.py
[2025-07-08T09:45:53.368+0000] {processor.py:830} INFO - Processing file /home/airflow/.local/lib/python3.8/site-packages/airflow/example_dags/example_setup_teardown_taskflow.py for tasks to queue
[2025-07-08T09:45:53.370+0000] {logging_mixin.py:188} INFO - [2025-07-08T09:45:53.370+0000] {dagbag.py:538} INFO - Filling up the DagBag from /home/airflow/.local/lib/python3.8/site-packages/airflow/example_dags/example_setup_teardown_taskflow.py
[2025-07-08T09:45:53.388+0000] {processor.py:840} INFO - DAG(s) 'example_setup_teardown_taskflow' retrieved from /home/airflow/.local/lib/python3.8/site-packages/airflow/example_dags/example_setup_teardown_taskflow.py
[2025-07-08T09:45:53.425+0000] {logging_mixin.py:188} INFO - [2025-07-08T09:45:53.425+0000] {dag.py:3036} INFO - Sync 1 DAGs
[2025-07-08T09:45:53.461+0000] {logging_mixin.py:188} INFO - [2025-07-08T09:45:53.461+0000] {dag.py:3823} INFO - Setting next_dagrun for example_setup_teardown_taskflow to 2025-07-07 00:00:00+00:00, run_after=2025-07-08 00:00:00+00:00
[2025-07-08T09:45:53.493+0000] {processor.py:183} INFO - Processing /home/airflow/.local/lib/python3.8/site-packages/airflow/example_dags/example_setup_teardown_taskflow.py took 0.132 seconds
[2025-07-08T09:46:23.818+0000] {processor.py:161} INFO - Started process (PID=5290) to work on /home/airflow/.local/lib/python3.8/site-packages/airflow/example_dags/example_setup_teardown_taskflow.py
[2025-07-08T09:46:23.820+0000] {processor.py:830} INFO - Processing file /home/airflow/.local/lib/python3.8/site-packages/airflow/example_dags/example_setup_teardown_taskflow.py for tasks to queue
[2025-07-08T09:46:23.823+0000] {logging_mixin.py:188} INFO - [2025-07-08T09:46:23.822+0000] {dagbag.py:538} INFO - Filling up the DagBag from /home/airflow/.local/lib/python3.8/site-packages/airflow/example_dags/example_setup_teardown_taskflow.py
[2025-07-08T09:46:23.850+0000] {processor.py:840} INFO - DAG(s) 'example_setup_teardown_taskflow' retrieved from /home/airflow/.local/lib/python3.8/site-packages/airflow/example_dags/example_setup_teardown_taskflow.py
[2025-07-08T09:46:23.968+0000] {logging_mixin.py:188} INFO - [2025-07-08T09:46:23.965+0000] {dag.py:3036} INFO - Sync 1 DAGs
[2025-07-08T09:46:24.059+0000] {logging_mixin.py:188} INFO - [2025-07-08T09:46:24.059+0000] {dag.py:3823} INFO - Setting next_dagrun for example_setup_teardown_taskflow to 2025-07-07 00:00:00+00:00, run_after=2025-07-08 00:00:00+00:00
[2025-07-08T09:46:24.130+0000] {processor.py:183} INFO - Processing /home/airflow/.local/lib/python3.8/site-packages/airflow/example_dags/example_setup_teardown_taskflow.py took 0.328 seconds
[2025-07-08T09:46:54.179+0000] {processor.py:161} INFO - Started process (PID=5354) to work on /home/airflow/.local/lib/python3.8/site-packages/airflow/example_dags/example_setup_teardown_taskflow.py
[2025-07-08T09:46:54.180+0000] {processor.py:830} INFO - Processing file /home/airflow/.local/lib/python3.8/site-packages/airflow/example_dags/example_setup_teardown_taskflow.py for tasks to queue
[2025-07-08T09:46:54.183+0000] {logging_mixin.py:188} INFO - [2025-07-08T09:46:54.183+0000] {dagbag.py:538} INFO - Filling up the DagBag from /home/airflow/.local/lib/python3.8/site-packages/airflow/example_dags/example_setup_teardown_taskflow.py
[2025-07-08T09:46:54.204+0000] {processor.py:840} INFO - DAG(s) 'example_setup_teardown_taskflow' retrieved from /home/airflow/.local/lib/python3.8/site-packages/airflow/example_dags/example_setup_teardown_taskflow.py
[2025-07-08T09:46:54.246+0000] {logging_mixin.py:188} INFO - [2025-07-08T09:46:54.246+0000] {dag.py:3036} INFO - Sync 1 DAGs
[2025-07-08T09:46:54.285+0000] {logging_mixin.py:188} INFO - [2025-07-08T09:46:54.284+0000] {dag.py:3823} INFO - Setting next_dagrun for example_setup_teardown_taskflow to 2025-07-07 00:00:00+00:00, run_after=2025-07-08 00:00:00+00:00
[2025-07-08T09:46:54.315+0000] {processor.py:183} INFO - Processing /home/airflow/.local/lib/python3.8/site-packages/airflow/example_dags/example_setup_teardown_taskflow.py took 0.143 seconds
[2025-07-08T09:47:24.707+0000] {processor.py:161} INFO - Started process (PID=5418) to work on /home/airflow/.local/lib/python3.8/site-packages/airflow/example_dags/example_setup_teardown_taskflow.py
[2025-07-08T09:47:24.710+0000] {processor.py:830} INFO - Processing file /home/airflow/.local/lib/python3.8/site-packages/airflow/example_dags/example_setup_teardown_taskflow.py for tasks to queue
[2025-07-08T09:47:24.713+0000] {logging_mixin.py:188} INFO - [2025-07-08T09:47:24.712+0000] {dagbag.py:538} INFO - Filling up the DagBag from /home/airflow/.local/lib/python3.8/site-packages/airflow/example_dags/example_setup_teardown_taskflow.py
[2025-07-08T09:47:24.741+0000] {processor.py:840} INFO - DAG(s) 'example_setup_teardown_taskflow' retrieved from /home/airflow/.local/lib/python3.8/site-packages/airflow/example_dags/example_setup_teardown_taskflow.py
[2025-07-08T09:47:24.780+0000] {logging_mixin.py:188} INFO - [2025-07-08T09:47:24.780+0000] {dag.py:3036} INFO - Sync 1 DAGs
[2025-07-08T09:47:24.815+0000] {logging_mixin.py:188} INFO - [2025-07-08T09:47:24.815+0000] {dag.py:3823} INFO - Setting next_dagrun for example_setup_teardown_taskflow to 2025-07-07 00:00:00+00:00, run_after=2025-07-08 00:00:00+00:00
[2025-07-08T09:47:24.846+0000] {processor.py:183} INFO - Processing /home/airflow/.local/lib/python3.8/site-packages/airflow/example_dags/example_setup_teardown_taskflow.py took 0.146 seconds
[2025-07-08T09:47:55.254+0000] {processor.py:161} INFO - Started process (PID=5484) to work on /home/airflow/.local/lib/python3.8/site-packages/airflow/example_dags/example_setup_teardown_taskflow.py
[2025-07-08T09:47:55.255+0000] {processor.py:830} INFO - Processing file /home/airflow/.local/lib/python3.8/site-packages/airflow/example_dags/example_setup_teardown_taskflow.py for tasks to queue
[2025-07-08T09:47:55.258+0000] {logging_mixin.py:188} INFO - [2025-07-08T09:47:55.258+0000] {dagbag.py:538} INFO - Filling up the DagBag from /home/airflow/.local/lib/python3.8/site-packages/airflow/example_dags/example_setup_teardown_taskflow.py
[2025-07-08T09:47:55.278+0000] {processor.py:840} INFO - DAG(s) 'example_setup_teardown_taskflow' retrieved from /home/airflow/.local/lib/python3.8/site-packages/airflow/example_dags/example_setup_teardown_taskflow.py
[2025-07-08T09:47:55.323+0000] {logging_mixin.py:188} INFO - [2025-07-08T09:47:55.322+0000] {dag.py:3036} INFO - Sync 1 DAGs
[2025-07-08T09:47:55.368+0000] {logging_mixin.py:188} INFO - [2025-07-08T09:47:55.368+0000] {dag.py:3823} INFO - Setting next_dagrun for example_setup_teardown_taskflow to 2025-07-07 00:00:00+00:00, run_after=2025-07-08 00:00:00+00:00
[2025-07-08T09:47:55.400+0000] {processor.py:183} INFO - Processing /home/airflow/.local/lib/python3.8/site-packages/airflow/example_dags/example_setup_teardown_taskflow.py took 0.153 seconds
[2025-07-08T09:48:26.006+0000] {processor.py:161} INFO - Started process (PID=5550) to work on /home/airflow/.local/lib/python3.8/site-packages/airflow/example_dags/example_setup_teardown_taskflow.py
[2025-07-08T09:48:26.008+0000] {processor.py:830} INFO - Processing file /home/airflow/.local/lib/python3.8/site-packages/airflow/example_dags/example_setup_teardown_taskflow.py for tasks to queue
[2025-07-08T09:48:26.012+0000] {logging_mixin.py:188} INFO - [2025-07-08T09:48:26.012+0000] {dagbag.py:538} INFO - Filling up the DagBag from /home/airflow/.local/lib/python3.8/site-packages/airflow/example_dags/example_setup_teardown_taskflow.py
[2025-07-08T09:48:26.031+0000] {processor.py:840} INFO - DAG(s) 'example_setup_teardown_taskflow' retrieved from /home/airflow/.local/lib/python3.8/site-packages/airflow/example_dags/example_setup_teardown_taskflow.py
[2025-07-08T09:48:26.073+0000] {logging_mixin.py:188} INFO - [2025-07-08T09:48:26.072+0000] {dag.py:3036} INFO - Sync 1 DAGs
[2025-07-08T09:48:26.107+0000] {logging_mixin.py:188} INFO - [2025-07-08T09:48:26.107+0000] {dag.py:3823} INFO - Setting next_dagrun for example_setup_teardown_taskflow to 2025-07-07 00:00:00+00:00, run_after=2025-07-08 00:00:00+00:00
[2025-07-08T09:48:26.152+0000] {processor.py:183} INFO - Processing /home/airflow/.local/lib/python3.8/site-packages/airflow/example_dags/example_setup_teardown_taskflow.py took 0.152 seconds
[2025-07-08T09:48:57.804+0000] {processor.py:161} INFO - Started process (PID=5615) to work on /home/airflow/.local/lib/python3.8/site-packages/airflow/example_dags/example_setup_teardown_taskflow.py
[2025-07-08T09:48:57.805+0000] {processor.py:830} INFO - Processing file /home/airflow/.local/lib/python3.8/site-packages/airflow/example_dags/example_setup_teardown_taskflow.py for tasks to queue
[2025-07-08T09:48:57.812+0000] {logging_mixin.py:188} INFO - [2025-07-08T09:48:57.808+0000] {dagbag.py:538} INFO - Filling up the DagBag from /home/airflow/.local/lib/python3.8/site-packages/airflow/example_dags/example_setup_teardown_taskflow.py
[2025-07-08T09:48:57.850+0000] {processor.py:840} INFO - DAG(s) 'example_setup_teardown_taskflow' retrieved from /home/airflow/.local/lib/python3.8/site-packages/airflow/example_dags/example_setup_teardown_taskflow.py
[2025-07-08T09:48:57.949+0000] {logging_mixin.py:188} INFO - [2025-07-08T09:48:57.949+0000] {dag.py:3036} INFO - Sync 1 DAGs
[2025-07-08T09:48:58.032+0000] {logging_mixin.py:188} INFO - [2025-07-08T09:48:58.031+0000] {dag.py:3823} INFO - Setting next_dagrun for example_setup_teardown_taskflow to 2025-07-07 00:00:00+00:00, run_after=2025-07-08 00:00:00+00:00
[2025-07-08T09:48:58.098+0000] {processor.py:183} INFO - Processing /home/airflow/.local/lib/python3.8/site-packages/airflow/example_dags/example_setup_teardown_taskflow.py took 0.308 seconds
[2025-07-08T09:49:28.394+0000] {processor.py:161} INFO - Started process (PID=5673) to work on /home/airflow/.local/lib/python3.8/site-packages/airflow/example_dags/example_setup_teardown_taskflow.py
[2025-07-08T09:49:28.395+0000] {processor.py:830} INFO - Processing file /home/airflow/.local/lib/python3.8/site-packages/airflow/example_dags/example_setup_teardown_taskflow.py for tasks to queue
[2025-07-08T09:49:28.398+0000] {logging_mixin.py:188} INFO - [2025-07-08T09:49:28.398+0000] {dagbag.py:538} INFO - Filling up the DagBag from /home/airflow/.local/lib/python3.8/site-packages/airflow/example_dags/example_setup_teardown_taskflow.py
[2025-07-08T09:49:28.413+0000] {processor.py:840} INFO - DAG(s) 'example_setup_teardown_taskflow' retrieved from /home/airflow/.local/lib/python3.8/site-packages/airflow/example_dags/example_setup_teardown_taskflow.py
[2025-07-08T09:49:28.449+0000] {logging_mixin.py:188} INFO - [2025-07-08T09:49:28.448+0000] {dag.py:3036} INFO - Sync 1 DAGs
[2025-07-08T09:49:28.484+0000] {logging_mixin.py:188} INFO - [2025-07-08T09:49:28.484+0000] {dag.py:3823} INFO - Setting next_dagrun for example_setup_teardown_taskflow to 2025-07-07 00:00:00+00:00, run_after=2025-07-08 00:00:00+00:00
[2025-07-08T09:49:28.518+0000] {processor.py:183} INFO - Processing /home/airflow/.local/lib/python3.8/site-packages/airflow/example_dags/example_setup_teardown_taskflow.py took 0.129 seconds
[2025-07-08T09:49:58.782+0000] {processor.py:161} INFO - Started process (PID=5739) to work on /home/airflow/.local/lib/python3.8/site-packages/airflow/example_dags/example_setup_teardown_taskflow.py
[2025-07-08T09:49:58.784+0000] {processor.py:830} INFO - Processing file /home/airflow/.local/lib/python3.8/site-packages/airflow/example_dags/example_setup_teardown_taskflow.py for tasks to queue
[2025-07-08T09:49:58.787+0000] {logging_mixin.py:188} INFO - [2025-07-08T09:49:58.787+0000] {dagbag.py:538} INFO - Filling up the DagBag from /home/airflow/.local/lib/python3.8/site-packages/airflow/example_dags/example_setup_teardown_taskflow.py
[2025-07-08T09:49:58.806+0000] {processor.py:840} INFO - DAG(s) 'example_setup_teardown_taskflow' retrieved from /home/airflow/.local/lib/python3.8/site-packages/airflow/example_dags/example_setup_teardown_taskflow.py
[2025-07-08T09:49:58.849+0000] {logging_mixin.py:188} INFO - [2025-07-08T09:49:58.848+0000] {dag.py:3036} INFO - Sync 1 DAGs
[2025-07-08T09:49:58.895+0000] {logging_mixin.py:188} INFO - [2025-07-08T09:49:58.894+0000] {dag.py:3823} INFO - Setting next_dagrun for example_setup_teardown_taskflow to 2025-07-07 00:00:00+00:00, run_after=2025-07-08 00:00:00+00:00
[2025-07-08T09:49:58.929+0000] {processor.py:183} INFO - Processing /home/airflow/.local/lib/python3.8/site-packages/airflow/example_dags/example_setup_teardown_taskflow.py took 0.153 seconds
[2025-07-08T09:50:29.490+0000] {processor.py:161} INFO - Started process (PID=5805) to work on /home/airflow/.local/lib/python3.8/site-packages/airflow/example_dags/example_setup_teardown_taskflow.py
[2025-07-08T09:50:29.491+0000] {processor.py:830} INFO - Processing file /home/airflow/.local/lib/python3.8/site-packages/airflow/example_dags/example_setup_teardown_taskflow.py for tasks to queue
[2025-07-08T09:50:29.494+0000] {logging_mixin.py:188} INFO - [2025-07-08T09:50:29.494+0000] {dagbag.py:538} INFO - Filling up the DagBag from /home/airflow/.local/lib/python3.8/site-packages/airflow/example_dags/example_setup_teardown_taskflow.py
[2025-07-08T09:50:29.514+0000] {processor.py:840} INFO - DAG(s) 'example_setup_teardown_taskflow' retrieved from /home/airflow/.local/lib/python3.8/site-packages/airflow/example_dags/example_setup_teardown_taskflow.py
[2025-07-08T09:50:29.561+0000] {logging_mixin.py:188} INFO - [2025-07-08T09:50:29.561+0000] {dag.py:3036} INFO - Sync 1 DAGs
[2025-07-08T09:50:29.597+0000] {logging_mixin.py:188} INFO - [2025-07-08T09:50:29.596+0000] {dag.py:3823} INFO - Setting next_dagrun for example_setup_teardown_taskflow to 2025-07-07 00:00:00+00:00, run_after=2025-07-08 00:00:00+00:00
[2025-07-08T09:50:29.628+0000] {processor.py:183} INFO - Processing /home/airflow/.local/lib/python3.8/site-packages/airflow/example_dags/example_setup_teardown_taskflow.py took 0.145 seconds
[2025-07-08T09:51:00.594+0000] {processor.py:161} INFO - Started process (PID=5871) to work on /home/airflow/.local/lib/python3.8/site-packages/airflow/example_dags/example_setup_teardown_taskflow.py
[2025-07-08T09:51:00.601+0000] {processor.py:830} INFO - Processing file /home/airflow/.local/lib/python3.8/site-packages/airflow/example_dags/example_setup_teardown_taskflow.py for tasks to queue
[2025-07-08T09:51:00.604+0000] {logging_mixin.py:188} INFO - [2025-07-08T09:51:00.604+0000] {dagbag.py:538} INFO - Filling up the DagBag from /home/airflow/.local/lib/python3.8/site-packages/airflow/example_dags/example_setup_teardown_taskflow.py
[2025-07-08T09:51:00.636+0000] {processor.py:840} INFO - DAG(s) 'example_setup_teardown_taskflow' retrieved from /home/airflow/.local/lib/python3.8/site-packages/airflow/example_dags/example_setup_teardown_taskflow.py
[2025-07-08T09:51:00.695+0000] {logging_mixin.py:188} INFO - [2025-07-08T09:51:00.694+0000] {dag.py:3036} INFO - Sync 1 DAGs
[2025-07-08T09:51:00.745+0000] {logging_mixin.py:188} INFO - [2025-07-08T09:51:00.744+0000] {dag.py:3823} INFO - Setting next_dagrun for example_setup_teardown_taskflow to 2025-07-07 00:00:00+00:00, run_after=2025-07-08 00:00:00+00:00
[2025-07-08T09:51:00.789+0000] {processor.py:183} INFO - Processing /home/airflow/.local/lib/python3.8/site-packages/airflow/example_dags/example_setup_teardown_taskflow.py took 0.218 seconds
[2025-07-08T09:51:30.921+0000] {processor.py:161} INFO - Started process (PID=5937) to work on /home/airflow/.local/lib/python3.8/site-packages/airflow/example_dags/example_setup_teardown_taskflow.py
[2025-07-08T09:51:30.923+0000] {processor.py:830} INFO - Processing file /home/airflow/.local/lib/python3.8/site-packages/airflow/example_dags/example_setup_teardown_taskflow.py for tasks to queue
[2025-07-08T09:51:30.926+0000] {logging_mixin.py:188} INFO - [2025-07-08T09:51:30.925+0000] {dagbag.py:538} INFO - Filling up the DagBag from /home/airflow/.local/lib/python3.8/site-packages/airflow/example_dags/example_setup_teardown_taskflow.py
[2025-07-08T09:51:30.946+0000] {processor.py:840} INFO - DAG(s) 'example_setup_teardown_taskflow' retrieved from /home/airflow/.local/lib/python3.8/site-packages/airflow/example_dags/example_setup_teardown_taskflow.py
[2025-07-08T09:51:30.995+0000] {logging_mixin.py:188} INFO - [2025-07-08T09:51:30.994+0000] {dag.py:3036} INFO - Sync 1 DAGs
[2025-07-08T09:51:31.034+0000] {logging_mixin.py:188} INFO - [2025-07-08T09:51:31.034+0000] {dag.py:3823} INFO - Setting next_dagrun for example_setup_teardown_taskflow to 2025-07-07 00:00:00+00:00, run_after=2025-07-08 00:00:00+00:00
[2025-07-08T09:51:31.065+0000] {processor.py:183} INFO - Processing /home/airflow/.local/lib/python3.8/site-packages/airflow/example_dags/example_setup_teardown_taskflow.py took 0.150 seconds
[2025-07-08T09:52:02.130+0000] {processor.py:161} INFO - Started process (PID=6004) to work on /home/airflow/.local/lib/python3.8/site-packages/airflow/example_dags/example_setup_teardown_taskflow.py
[2025-07-08T09:52:02.144+0000] {processor.py:830} INFO - Processing file /home/airflow/.local/lib/python3.8/site-packages/airflow/example_dags/example_setup_teardown_taskflow.py for tasks to queue
[2025-07-08T09:52:02.147+0000] {logging_mixin.py:188} INFO - [2025-07-08T09:52:02.147+0000] {dagbag.py:538} INFO - Filling up the DagBag from /home/airflow/.local/lib/python3.8/site-packages/airflow/example_dags/example_setup_teardown_taskflow.py
[2025-07-08T09:52:02.219+0000] {processor.py:840} INFO - DAG(s) 'example_setup_teardown_taskflow' retrieved from /home/airflow/.local/lib/python3.8/site-packages/airflow/example_dags/example_setup_teardown_taskflow.py
[2025-07-08T09:52:02.356+0000] {logging_mixin.py:188} INFO - [2025-07-08T09:52:02.356+0000] {dag.py:3036} INFO - Sync 1 DAGs
[2025-07-08T09:52:02.486+0000] {logging_mixin.py:188} INFO - [2025-07-08T09:52:02.486+0000] {dag.py:3823} INFO - Setting next_dagrun for example_setup_teardown_taskflow to 2025-07-07 00:00:00+00:00, run_after=2025-07-08 00:00:00+00:00
[2025-07-08T09:52:02.565+0000] {processor.py:183} INFO - Processing /home/airflow/.local/lib/python3.8/site-packages/airflow/example_dags/example_setup_teardown_taskflow.py took 0.451 seconds
[2025-07-08T09:52:33.247+0000] {processor.py:161} INFO - Started process (PID=6061) to work on /home/airflow/.local/lib/python3.8/site-packages/airflow/example_dags/example_setup_teardown_taskflow.py
[2025-07-08T09:52:33.253+0000] {processor.py:830} INFO - Processing file /home/airflow/.local/lib/python3.8/site-packages/airflow/example_dags/example_setup_teardown_taskflow.py for tasks to queue
[2025-07-08T09:52:33.256+0000] {logging_mixin.py:188} INFO - [2025-07-08T09:52:33.255+0000] {dagbag.py:538} INFO - Filling up the DagBag from /home/airflow/.local/lib/python3.8/site-packages/airflow/example_dags/example_setup_teardown_taskflow.py
[2025-07-08T09:52:33.291+0000] {processor.py:840} INFO - DAG(s) 'example_setup_teardown_taskflow' retrieved from /home/airflow/.local/lib/python3.8/site-packages/airflow/example_dags/example_setup_teardown_taskflow.py
[2025-07-08T09:52:33.384+0000] {logging_mixin.py:188} INFO - [2025-07-08T09:52:33.384+0000] {dag.py:3036} INFO - Sync 1 DAGs
[2025-07-08T09:52:33.445+0000] {logging_mixin.py:188} INFO - [2025-07-08T09:52:33.444+0000] {dag.py:3823} INFO - Setting next_dagrun for example_setup_teardown_taskflow to 2025-07-07 00:00:00+00:00, run_after=2025-07-08 00:00:00+00:00
[2025-07-08T09:52:33.508+0000] {processor.py:183} INFO - Processing /home/airflow/.local/lib/python3.8/site-packages/airflow/example_dags/example_setup_teardown_taskflow.py took 0.268 seconds
[2025-07-08T09:53:03.768+0000] {processor.py:161} INFO - Started process (PID=6129) to work on /home/airflow/.local/lib/python3.8/site-packages/airflow/example_dags/example_setup_teardown_taskflow.py
[2025-07-08T09:53:03.770+0000] {processor.py:830} INFO - Processing file /home/airflow/.local/lib/python3.8/site-packages/airflow/example_dags/example_setup_teardown_taskflow.py for tasks to queue
[2025-07-08T09:53:03.775+0000] {logging_mixin.py:188} INFO - [2025-07-08T09:53:03.775+0000] {dagbag.py:538} INFO - Filling up the DagBag from /home/airflow/.local/lib/python3.8/site-packages/airflow/example_dags/example_setup_teardown_taskflow.py
[2025-07-08T09:53:03.797+0000] {processor.py:840} INFO - DAG(s) 'example_setup_teardown_taskflow' retrieved from /home/airflow/.local/lib/python3.8/site-packages/airflow/example_dags/example_setup_teardown_taskflow.py
[2025-07-08T09:53:03.843+0000] {logging_mixin.py:188} INFO - [2025-07-08T09:53:03.843+0000] {dag.py:3036} INFO - Sync 1 DAGs
[2025-07-08T09:53:03.892+0000] {logging_mixin.py:188} INFO - [2025-07-08T09:53:03.891+0000] {dag.py:3823} INFO - Setting next_dagrun for example_setup_teardown_taskflow to 2025-07-07 00:00:00+00:00, run_after=2025-07-08 00:00:00+00:00
[2025-07-08T09:53:03.925+0000] {processor.py:183} INFO - Processing /home/airflow/.local/lib/python3.8/site-packages/airflow/example_dags/example_setup_teardown_taskflow.py took 0.164 seconds
[2025-07-08T09:53:34.098+0000] {processor.py:161} INFO - Started process (PID=6197) to work on /home/airflow/.local/lib/python3.8/site-packages/airflow/example_dags/example_setup_teardown_taskflow.py
[2025-07-08T09:53:34.100+0000] {processor.py:830} INFO - Processing file /home/airflow/.local/lib/python3.8/site-packages/airflow/example_dags/example_setup_teardown_taskflow.py for tasks to queue
[2025-07-08T09:53:34.103+0000] {logging_mixin.py:188} INFO - [2025-07-08T09:53:34.103+0000] {dagbag.py:538} INFO - Filling up the DagBag from /home/airflow/.local/lib/python3.8/site-packages/airflow/example_dags/example_setup_teardown_taskflow.py
[2025-07-08T09:53:34.122+0000] {processor.py:840} INFO - DAG(s) 'example_setup_teardown_taskflow' retrieved from /home/airflow/.local/lib/python3.8/site-packages/airflow/example_dags/example_setup_teardown_taskflow.py
[2025-07-08T09:53:34.165+0000] {logging_mixin.py:188} INFO - [2025-07-08T09:53:34.165+0000] {dag.py:3036} INFO - Sync 1 DAGs
[2025-07-08T09:53:34.211+0000] {logging_mixin.py:188} INFO - [2025-07-08T09:53:34.211+0000] {dag.py:3823} INFO - Setting next_dagrun for example_setup_teardown_taskflow to 2025-07-07 00:00:00+00:00, run_after=2025-07-08 00:00:00+00:00
[2025-07-08T09:53:34.254+0000] {processor.py:183} INFO - Processing /home/airflow/.local/lib/python3.8/site-packages/airflow/example_dags/example_setup_teardown_taskflow.py took 0.162 seconds
[2025-07-08T09:54:05.000+0000] {processor.py:161} INFO - Started process (PID=6267) to work on /home/airflow/.local/lib/python3.8/site-packages/airflow/example_dags/example_setup_teardown_taskflow.py
[2025-07-08T09:54:05.006+0000] {processor.py:830} INFO - Processing file /home/airflow/.local/lib/python3.8/site-packages/airflow/example_dags/example_setup_teardown_taskflow.py for tasks to queue
[2025-07-08T09:54:05.021+0000] {logging_mixin.py:188} INFO - [2025-07-08T09:54:05.021+0000] {dagbag.py:538} INFO - Filling up the DagBag from /home/airflow/.local/lib/python3.8/site-packages/airflow/example_dags/example_setup_teardown_taskflow.py
[2025-07-08T09:54:05.086+0000] {processor.py:840} INFO - DAG(s) 'example_setup_teardown_taskflow' retrieved from /home/airflow/.local/lib/python3.8/site-packages/airflow/example_dags/example_setup_teardown_taskflow.py
[2025-07-08T09:54:05.200+0000] {logging_mixin.py:188} INFO - [2025-07-08T09:54:05.200+0000] {dag.py:3036} INFO - Sync 1 DAGs
[2025-07-08T09:54:05.299+0000] {logging_mixin.py:188} INFO - [2025-07-08T09:54:05.298+0000] {dag.py:3823} INFO - Setting next_dagrun for example_setup_teardown_taskflow to 2025-07-07 00:00:00+00:00, run_after=2025-07-08 00:00:00+00:00
[2025-07-08T09:54:05.402+0000] {processor.py:183} INFO - Processing /home/airflow/.local/lib/python3.8/site-packages/airflow/example_dags/example_setup_teardown_taskflow.py took 0.420 seconds
[2025-07-08T09:54:35.823+0000] {processor.py:161} INFO - Started process (PID=6335) to work on /home/airflow/.local/lib/python3.8/site-packages/airflow/example_dags/example_setup_teardown_taskflow.py
[2025-07-08T09:54:35.841+0000] {processor.py:830} INFO - Processing file /home/airflow/.local/lib/python3.8/site-packages/airflow/example_dags/example_setup_teardown_taskflow.py for tasks to queue
[2025-07-08T09:54:35.857+0000] {logging_mixin.py:188} INFO - [2025-07-08T09:54:35.856+0000] {dagbag.py:538} INFO - Filling up the DagBag from /home/airflow/.local/lib/python3.8/site-packages/airflow/example_dags/example_setup_teardown_taskflow.py
[2025-07-08T09:54:35.932+0000] {processor.py:840} INFO - DAG(s) 'example_setup_teardown_taskflow' retrieved from /home/airflow/.local/lib/python3.8/site-packages/airflow/example_dags/example_setup_teardown_taskflow.py
[2025-07-08T09:54:36.085+0000] {logging_mixin.py:188} INFO - [2025-07-08T09:54:36.085+0000] {dag.py:3036} INFO - Sync 1 DAGs
[2025-07-08T09:54:36.234+0000] {logging_mixin.py:188} INFO - [2025-07-08T09:54:36.233+0000] {dag.py:3823} INFO - Setting next_dagrun for example_setup_teardown_taskflow to 2025-07-07 00:00:00+00:00, run_after=2025-07-08 00:00:00+00:00
[2025-07-08T09:54:36.352+0000] {processor.py:183} INFO - Processing /home/airflow/.local/lib/python3.8/site-packages/airflow/example_dags/example_setup_teardown_taskflow.py took 0.557 seconds
[2025-07-08T09:55:06.540+0000] {processor.py:161} INFO - Started process (PID=6403) to work on /home/airflow/.local/lib/python3.8/site-packages/airflow/example_dags/example_setup_teardown_taskflow.py
[2025-07-08T09:55:06.544+0000] {processor.py:830} INFO - Processing file /home/airflow/.local/lib/python3.8/site-packages/airflow/example_dags/example_setup_teardown_taskflow.py for tasks to queue
[2025-07-08T09:55:06.548+0000] {logging_mixin.py:188} INFO - [2025-07-08T09:55:06.547+0000] {dagbag.py:538} INFO - Filling up the DagBag from /home/airflow/.local/lib/python3.8/site-packages/airflow/example_dags/example_setup_teardown_taskflow.py
[2025-07-08T09:55:06.592+0000] {processor.py:840} INFO - DAG(s) 'example_setup_teardown_taskflow' retrieved from /home/airflow/.local/lib/python3.8/site-packages/airflow/example_dags/example_setup_teardown_taskflow.py
[2025-07-08T09:55:06.671+0000] {logging_mixin.py:188} INFO - [2025-07-08T09:55:06.670+0000] {dag.py:3036} INFO - Sync 1 DAGs
[2025-07-08T09:55:06.752+0000] {logging_mixin.py:188} INFO - [2025-07-08T09:55:06.751+0000] {dag.py:3823} INFO - Setting next_dagrun for example_setup_teardown_taskflow to 2025-07-07 00:00:00+00:00, run_after=2025-07-08 00:00:00+00:00
[2025-07-08T09:55:06.795+0000] {processor.py:183} INFO - Processing /home/airflow/.local/lib/python3.8/site-packages/airflow/example_dags/example_setup_teardown_taskflow.py took 0.264 seconds
[2025-07-08T09:55:36.983+0000] {processor.py:161} INFO - Started process (PID=6462) to work on /home/airflow/.local/lib/python3.8/site-packages/airflow/example_dags/example_setup_teardown_taskflow.py
[2025-07-08T09:55:36.985+0000] {processor.py:830} INFO - Processing file /home/airflow/.local/lib/python3.8/site-packages/airflow/example_dags/example_setup_teardown_taskflow.py for tasks to queue
[2025-07-08T09:55:36.988+0000] {logging_mixin.py:188} INFO - [2025-07-08T09:55:36.988+0000] {dagbag.py:538} INFO - Filling up the DagBag from /home/airflow/.local/lib/python3.8/site-packages/airflow/example_dags/example_setup_teardown_taskflow.py
[2025-07-08T09:55:37.008+0000] {processor.py:840} INFO - DAG(s) 'example_setup_teardown_taskflow' retrieved from /home/airflow/.local/lib/python3.8/site-packages/airflow/example_dags/example_setup_teardown_taskflow.py
[2025-07-08T09:55:37.053+0000] {logging_mixin.py:188} INFO - [2025-07-08T09:55:37.052+0000] {dag.py:3036} INFO - Sync 1 DAGs
[2025-07-08T09:55:37.097+0000] {logging_mixin.py:188} INFO - [2025-07-08T09:55:37.096+0000] {dag.py:3823} INFO - Setting next_dagrun for example_setup_teardown_taskflow to 2025-07-07 00:00:00+00:00, run_after=2025-07-08 00:00:00+00:00
[2025-07-08T09:55:37.132+0000] {processor.py:183} INFO - Processing /home/airflow/.local/lib/python3.8/site-packages/airflow/example_dags/example_setup_teardown_taskflow.py took 0.155 seconds
[2025-07-08T09:56:08.546+0000] {processor.py:161} INFO - Started process (PID=6530) to work on /home/airflow/.local/lib/python3.8/site-packages/airflow/example_dags/example_setup_teardown_taskflow.py
[2025-07-08T09:56:08.552+0000] {processor.py:830} INFO - Processing file /home/airflow/.local/lib/python3.8/site-packages/airflow/example_dags/example_setup_teardown_taskflow.py for tasks to queue
[2025-07-08T09:56:08.555+0000] {logging_mixin.py:188} INFO - [2025-07-08T09:56:08.555+0000] {dagbag.py:538} INFO - Filling up the DagBag from /home/airflow/.local/lib/python3.8/site-packages/airflow/example_dags/example_setup_teardown_taskflow.py
[2025-07-08T09:56:08.603+0000] {processor.py:840} INFO - DAG(s) 'example_setup_teardown_taskflow' retrieved from /home/airflow/.local/lib/python3.8/site-packages/airflow/example_dags/example_setup_teardown_taskflow.py
[2025-07-08T09:56:08.666+0000] {logging_mixin.py:188} INFO - [2025-07-08T09:56:08.666+0000] {dag.py:3036} INFO - Sync 1 DAGs
[2025-07-08T09:56:08.717+0000] {logging_mixin.py:188} INFO - [2025-07-08T09:56:08.717+0000] {dag.py:3823} INFO - Setting next_dagrun for example_setup_teardown_taskflow to 2025-07-07 00:00:00+00:00, run_after=2025-07-08 00:00:00+00:00
[2025-07-08T09:56:08.761+0000] {processor.py:183} INFO - Processing /home/airflow/.local/lib/python3.8/site-packages/airflow/example_dags/example_setup_teardown_taskflow.py took 0.221 seconds
[2025-07-08T09:56:39.320+0000] {processor.py:161} INFO - Started process (PID=6598) to work on /home/airflow/.local/lib/python3.8/site-packages/airflow/example_dags/example_setup_teardown_taskflow.py
[2025-07-08T09:56:39.323+0000] {processor.py:830} INFO - Processing file /home/airflow/.local/lib/python3.8/site-packages/airflow/example_dags/example_setup_teardown_taskflow.py for tasks to queue
[2025-07-08T09:56:39.327+0000] {logging_mixin.py:188} INFO - [2025-07-08T09:56:39.326+0000] {dagbag.py:538} INFO - Filling up the DagBag from /home/airflow/.local/lib/python3.8/site-packages/airflow/example_dags/example_setup_teardown_taskflow.py
[2025-07-08T09:56:39.371+0000] {processor.py:840} INFO - DAG(s) 'example_setup_teardown_taskflow' retrieved from /home/airflow/.local/lib/python3.8/site-packages/airflow/example_dags/example_setup_teardown_taskflow.py
[2025-07-08T09:56:39.451+0000] {logging_mixin.py:188} INFO - [2025-07-08T09:56:39.451+0000] {dag.py:3036} INFO - Sync 1 DAGs
[2025-07-08T09:56:39.533+0000] {logging_mixin.py:188} INFO - [2025-07-08T09:56:39.533+0000] {dag.py:3823} INFO - Setting next_dagrun for example_setup_teardown_taskflow to 2025-07-07 00:00:00+00:00, run_after=2025-07-08 00:00:00+00:00
[2025-07-08T09:56:39.591+0000] {processor.py:183} INFO - Processing /home/airflow/.local/lib/python3.8/site-packages/airflow/example_dags/example_setup_teardown_taskflow.py took 0.278 seconds
[2025-07-08T09:57:10.335+0000] {processor.py:161} INFO - Started process (PID=6662) to work on /home/airflow/.local/lib/python3.8/site-packages/airflow/example_dags/example_setup_teardown_taskflow.py
[2025-07-08T09:57:10.344+0000] {processor.py:830} INFO - Processing file /home/airflow/.local/lib/python3.8/site-packages/airflow/example_dags/example_setup_teardown_taskflow.py for tasks to queue
[2025-07-08T09:57:10.352+0000] {logging_mixin.py:188} INFO - [2025-07-08T09:57:10.347+0000] {dagbag.py:538} INFO - Filling up the DagBag from /home/airflow/.local/lib/python3.8/site-packages/airflow/example_dags/example_setup_teardown_taskflow.py
[2025-07-08T09:57:10.377+0000] {processor.py:840} INFO - DAG(s) 'example_setup_teardown_taskflow' retrieved from /home/airflow/.local/lib/python3.8/site-packages/airflow/example_dags/example_setup_teardown_taskflow.py
[2025-07-08T09:57:10.485+0000] {logging_mixin.py:188} INFO - [2025-07-08T09:57:10.485+0000] {dag.py:3036} INFO - Sync 1 DAGs
[2025-07-08T09:57:10.560+0000] {logging_mixin.py:188} INFO - [2025-07-08T09:57:10.560+0000] {dag.py:3823} INFO - Setting next_dagrun for example_setup_teardown_taskflow to 2025-07-07 00:00:00+00:00, run_after=2025-07-08 00:00:00+00:00
[2025-07-08T09:57:10.650+0000] {processor.py:183} INFO - Processing /home/airflow/.local/lib/python3.8/site-packages/airflow/example_dags/example_setup_teardown_taskflow.py took 0.330 seconds
[2025-07-08T09:57:41.246+0000] {processor.py:161} INFO - Started process (PID=6721) to work on /home/airflow/.local/lib/python3.8/site-packages/airflow/example_dags/example_setup_teardown_taskflow.py
[2025-07-08T09:57:41.248+0000] {processor.py:830} INFO - Processing file /home/airflow/.local/lib/python3.8/site-packages/airflow/example_dags/example_setup_teardown_taskflow.py for tasks to queue
[2025-07-08T09:57:41.251+0000] {logging_mixin.py:188} INFO - [2025-07-08T09:57:41.250+0000] {dagbag.py:538} INFO - Filling up the DagBag from /home/airflow/.local/lib/python3.8/site-packages/airflow/example_dags/example_setup_teardown_taskflow.py
[2025-07-08T09:57:41.303+0000] {processor.py:840} INFO - DAG(s) 'example_setup_teardown_taskflow' retrieved from /home/airflow/.local/lib/python3.8/site-packages/airflow/example_dags/example_setup_teardown_taskflow.py
[2025-07-08T09:57:41.358+0000] {logging_mixin.py:188} INFO - [2025-07-08T09:57:41.357+0000] {dag.py:3036} INFO - Sync 1 DAGs
[2025-07-08T09:57:41.402+0000] {logging_mixin.py:188} INFO - [2025-07-08T09:57:41.402+0000] {dag.py:3823} INFO - Setting next_dagrun for example_setup_teardown_taskflow to 2025-07-07 00:00:00+00:00, run_after=2025-07-08 00:00:00+00:00
[2025-07-08T09:57:41.440+0000] {processor.py:183} INFO - Processing /home/airflow/.local/lib/python3.8/site-packages/airflow/example_dags/example_setup_teardown_taskflow.py took 0.200 seconds
[2025-07-08T09:58:11.905+0000] {processor.py:161} INFO - Started process (PID=6790) to work on /home/airflow/.local/lib/python3.8/site-packages/airflow/example_dags/example_setup_teardown_taskflow.py
[2025-07-08T09:58:11.916+0000] {processor.py:830} INFO - Processing file /home/airflow/.local/lib/python3.8/site-packages/airflow/example_dags/example_setup_teardown_taskflow.py for tasks to queue
[2025-07-08T09:58:11.920+0000] {logging_mixin.py:188} INFO - [2025-07-08T09:58:11.919+0000] {dagbag.py:538} INFO - Filling up the DagBag from /home/airflow/.local/lib/python3.8/site-packages/airflow/example_dags/example_setup_teardown_taskflow.py
[2025-07-08T09:58:11.945+0000] {processor.py:840} INFO - DAG(s) 'example_setup_teardown_taskflow' retrieved from /home/airflow/.local/lib/python3.8/site-packages/airflow/example_dags/example_setup_teardown_taskflow.py
[2025-07-08T09:58:12.031+0000] {logging_mixin.py:188} INFO - [2025-07-08T09:58:12.031+0000] {dag.py:3036} INFO - Sync 1 DAGs
[2025-07-08T09:58:12.184+0000] {logging_mixin.py:188} INFO - [2025-07-08T09:58:12.184+0000] {dag.py:3823} INFO - Setting next_dagrun for example_setup_teardown_taskflow to 2025-07-07 00:00:00+00:00, run_after=2025-07-08 00:00:00+00:00
[2025-07-08T09:58:12.290+0000] {processor.py:183} INFO - Processing /home/airflow/.local/lib/python3.8/site-packages/airflow/example_dags/example_setup_teardown_taskflow.py took 0.400 seconds
[2025-07-08T09:58:43.134+0000] {processor.py:161} INFO - Started process (PID=6856) to work on /home/airflow/.local/lib/python3.8/site-packages/airflow/example_dags/example_setup_teardown_taskflow.py
[2025-07-08T09:58:43.136+0000] {processor.py:830} INFO - Processing file /home/airflow/.local/lib/python3.8/site-packages/airflow/example_dags/example_setup_teardown_taskflow.py for tasks to queue
[2025-07-08T09:58:43.138+0000] {logging_mixin.py:188} INFO - [2025-07-08T09:58:43.138+0000] {dagbag.py:538} INFO - Filling up the DagBag from /home/airflow/.local/lib/python3.8/site-packages/airflow/example_dags/example_setup_teardown_taskflow.py
[2025-07-08T09:58:43.187+0000] {processor.py:840} INFO - DAG(s) 'example_setup_teardown_taskflow' retrieved from /home/airflow/.local/lib/python3.8/site-packages/airflow/example_dags/example_setup_teardown_taskflow.py
[2025-07-08T09:58:43.231+0000] {logging_mixin.py:188} INFO - [2025-07-08T09:58:43.230+0000] {dag.py:3036} INFO - Sync 1 DAGs
[2025-07-08T09:58:43.279+0000] {logging_mixin.py:188} INFO - [2025-07-08T09:58:43.278+0000] {dag.py:3823} INFO - Setting next_dagrun for example_setup_teardown_taskflow to 2025-07-07 00:00:00+00:00, run_after=2025-07-08 00:00:00+00:00
[2025-07-08T09:58:43.332+0000] {processor.py:183} INFO - Processing /home/airflow/.local/lib/python3.8/site-packages/airflow/example_dags/example_setup_teardown_taskflow.py took 0.239 seconds
[2025-07-08T09:59:14.414+0000] {processor.py:161} INFO - Started process (PID=6922) to work on /home/airflow/.local/lib/python3.8/site-packages/airflow/example_dags/example_setup_teardown_taskflow.py
[2025-07-08T09:59:14.416+0000] {processor.py:830} INFO - Processing file /home/airflow/.local/lib/python3.8/site-packages/airflow/example_dags/example_setup_teardown_taskflow.py for tasks to queue
[2025-07-08T09:59:14.419+0000] {logging_mixin.py:188} INFO - [2025-07-08T09:59:14.419+0000] {dagbag.py:538} INFO - Filling up the DagBag from /home/airflow/.local/lib/python3.8/site-packages/airflow/example_dags/example_setup_teardown_taskflow.py
[2025-07-08T09:59:14.439+0000] {processor.py:840} INFO - DAG(s) 'example_setup_teardown_taskflow' retrieved from /home/airflow/.local/lib/python3.8/site-packages/airflow/example_dags/example_setup_teardown_taskflow.py
[2025-07-08T09:59:14.487+0000] {logging_mixin.py:188} INFO - [2025-07-08T09:59:14.486+0000] {dag.py:3036} INFO - Sync 1 DAGs
[2025-07-08T09:59:14.538+0000] {logging_mixin.py:188} INFO - [2025-07-08T09:59:14.537+0000] {dag.py:3823} INFO - Setting next_dagrun for example_setup_teardown_taskflow to 2025-07-07 00:00:00+00:00, run_after=2025-07-08 00:00:00+00:00
[2025-07-08T09:59:14.575+0000] {processor.py:183} INFO - Processing /home/airflow/.local/lib/python3.8/site-packages/airflow/example_dags/example_setup_teardown_taskflow.py took 0.170 seconds
[2025-07-08T09:59:45.022+0000] {processor.py:161} INFO - Started process (PID=6989) to work on /home/airflow/.local/lib/python3.8/site-packages/airflow/example_dags/example_setup_teardown_taskflow.py
[2025-07-08T09:59:45.023+0000] {processor.py:830} INFO - Processing file /home/airflow/.local/lib/python3.8/site-packages/airflow/example_dags/example_setup_teardown_taskflow.py for tasks to queue
[2025-07-08T09:59:45.026+0000] {logging_mixin.py:188} INFO - [2025-07-08T09:59:45.026+0000] {dagbag.py:538} INFO - Filling up the DagBag from /home/airflow/.local/lib/python3.8/site-packages/airflow/example_dags/example_setup_teardown_taskflow.py
[2025-07-08T09:59:45.042+0000] {processor.py:840} INFO - DAG(s) 'example_setup_teardown_taskflow' retrieved from /home/airflow/.local/lib/python3.8/site-packages/airflow/example_dags/example_setup_teardown_taskflow.py
[2025-07-08T09:59:45.081+0000] {logging_mixin.py:188} INFO - [2025-07-08T09:59:45.081+0000] {dag.py:3036} INFO - Sync 1 DAGs
[2025-07-08T09:59:45.119+0000] {logging_mixin.py:188} INFO - [2025-07-08T09:59:45.119+0000] {dag.py:3823} INFO - Setting next_dagrun for example_setup_teardown_taskflow to 2025-07-07 00:00:00+00:00, run_after=2025-07-08 00:00:00+00:00
[2025-07-08T09:59:45.152+0000] {processor.py:183} INFO - Processing /home/airflow/.local/lib/python3.8/site-packages/airflow/example_dags/example_setup_teardown_taskflow.py took 0.136 seconds
[2025-07-08T10:00:15.530+0000] {processor.py:161} INFO - Started process (PID=7056) to work on /home/airflow/.local/lib/python3.8/site-packages/airflow/example_dags/example_setup_teardown_taskflow.py
[2025-07-08T10:00:15.532+0000] {processor.py:830} INFO - Processing file /home/airflow/.local/lib/python3.8/site-packages/airflow/example_dags/example_setup_teardown_taskflow.py for tasks to queue
[2025-07-08T10:00:15.535+0000] {logging_mixin.py:188} INFO - [2025-07-08T10:00:15.534+0000] {dagbag.py:538} INFO - Filling up the DagBag from /home/airflow/.local/lib/python3.8/site-packages/airflow/example_dags/example_setup_teardown_taskflow.py
[2025-07-08T10:00:15.568+0000] {processor.py:840} INFO - DAG(s) 'example_setup_teardown_taskflow' retrieved from /home/airflow/.local/lib/python3.8/site-packages/airflow/example_dags/example_setup_teardown_taskflow.py
[2025-07-08T10:00:15.614+0000] {logging_mixin.py:188} INFO - [2025-07-08T10:00:15.614+0000] {dag.py:3036} INFO - Sync 1 DAGs
[2025-07-08T10:00:15.677+0000] {logging_mixin.py:188} INFO - [2025-07-08T10:00:15.677+0000] {dag.py:3823} INFO - Setting next_dagrun for example_setup_teardown_taskflow to 2025-07-07 00:00:00+00:00, run_after=2025-07-08 00:00:00+00:00
[2025-07-08T10:00:15.727+0000] {processor.py:183} INFO - Processing /home/airflow/.local/lib/python3.8/site-packages/airflow/example_dags/example_setup_teardown_taskflow.py took 0.204 seconds
[2025-07-08T10:00:46.766+0000] {processor.py:161} INFO - Started process (PID=7124) to work on /home/airflow/.local/lib/python3.8/site-packages/airflow/example_dags/example_setup_teardown_taskflow.py
[2025-07-08T10:00:46.774+0000] {processor.py:830} INFO - Processing file /home/airflow/.local/lib/python3.8/site-packages/airflow/example_dags/example_setup_teardown_taskflow.py for tasks to queue
[2025-07-08T10:00:46.780+0000] {logging_mixin.py:188} INFO - [2025-07-08T10:00:46.779+0000] {dagbag.py:538} INFO - Filling up the DagBag from /home/airflow/.local/lib/python3.8/site-packages/airflow/example_dags/example_setup_teardown_taskflow.py
[2025-07-08T10:00:46.806+0000] {processor.py:840} INFO - DAG(s) 'example_setup_teardown_taskflow' retrieved from /home/airflow/.local/lib/python3.8/site-packages/airflow/example_dags/example_setup_teardown_taskflow.py
[2025-07-08T10:00:46.870+0000] {logging_mixin.py:188} INFO - [2025-07-08T10:00:46.869+0000] {dag.py:3036} INFO - Sync 1 DAGs
[2025-07-08T10:00:46.970+0000] {logging_mixin.py:188} INFO - [2025-07-08T10:00:46.970+0000] {dag.py:3823} INFO - Setting next_dagrun for example_setup_teardown_taskflow to 2025-07-07 00:00:00+00:00, run_after=2025-07-08 00:00:00+00:00
[2025-07-08T10:00:47.036+0000] {processor.py:183} INFO - Processing /home/airflow/.local/lib/python3.8/site-packages/airflow/example_dags/example_setup_teardown_taskflow.py took 0.278 seconds
[2025-07-08T10:01:17.941+0000] {processor.py:161} INFO - Started process (PID=7192) to work on /home/airflow/.local/lib/python3.8/site-packages/airflow/example_dags/example_setup_teardown_taskflow.py
[2025-07-08T10:01:17.950+0000] {processor.py:830} INFO - Processing file /home/airflow/.local/lib/python3.8/site-packages/airflow/example_dags/example_setup_teardown_taskflow.py for tasks to queue
[2025-07-08T10:01:17.953+0000] {logging_mixin.py:188} INFO - [2025-07-08T10:01:17.953+0000] {dagbag.py:538} INFO - Filling up the DagBag from /home/airflow/.local/lib/python3.8/site-packages/airflow/example_dags/example_setup_teardown_taskflow.py
[2025-07-08T10:01:17.998+0000] {processor.py:840} INFO - DAG(s) 'example_setup_teardown_taskflow' retrieved from /home/airflow/.local/lib/python3.8/site-packages/airflow/example_dags/example_setup_teardown_taskflow.py
[2025-07-08T10:01:18.069+0000] {logging_mixin.py:188} INFO - [2025-07-08T10:01:18.068+0000] {dag.py:3036} INFO - Sync 1 DAGs
[2025-07-08T10:01:18.118+0000] {logging_mixin.py:188} INFO - [2025-07-08T10:01:18.118+0000] {dag.py:3823} INFO - Setting next_dagrun for example_setup_teardown_taskflow to 2025-07-07 00:00:00+00:00, run_after=2025-07-08 00:00:00+00:00
[2025-07-08T10:01:18.174+0000] {processor.py:183} INFO - Processing /home/airflow/.local/lib/python3.8/site-packages/airflow/example_dags/example_setup_teardown_taskflow.py took 0.241 seconds
[2025-07-08T10:01:48.574+0000] {processor.py:161} INFO - Started process (PID=7259) to work on /home/airflow/.local/lib/python3.8/site-packages/airflow/example_dags/example_setup_teardown_taskflow.py
[2025-07-08T10:01:48.588+0000] {processor.py:830} INFO - Processing file /home/airflow/.local/lib/python3.8/site-packages/airflow/example_dags/example_setup_teardown_taskflow.py for tasks to queue
[2025-07-08T10:01:48.591+0000] {logging_mixin.py:188} INFO - [2025-07-08T10:01:48.590+0000] {dagbag.py:538} INFO - Filling up the DagBag from /home/airflow/.local/lib/python3.8/site-packages/airflow/example_dags/example_setup_teardown_taskflow.py
[2025-07-08T10:01:48.649+0000] {processor.py:840} INFO - DAG(s) 'example_setup_teardown_taskflow' retrieved from /home/airflow/.local/lib/python3.8/site-packages/airflow/example_dags/example_setup_teardown_taskflow.py
[2025-07-08T10:01:48.741+0000] {logging_mixin.py:188} INFO - [2025-07-08T10:01:48.741+0000] {dag.py:3036} INFO - Sync 1 DAGs
[2025-07-08T10:01:48.823+0000] {logging_mixin.py:188} INFO - [2025-07-08T10:01:48.823+0000] {dag.py:3823} INFO - Setting next_dagrun for example_setup_teardown_taskflow to 2025-07-07 00:00:00+00:00, run_after=2025-07-08 00:00:00+00:00
[2025-07-08T10:01:48.903+0000] {processor.py:183} INFO - Processing /home/airflow/.local/lib/python3.8/site-packages/airflow/example_dags/example_setup_teardown_taskflow.py took 0.341 seconds
[2025-07-08T10:02:18.987+0000] {processor.py:161} INFO - Started process (PID=7320) to work on /home/airflow/.local/lib/python3.8/site-packages/airflow/example_dags/example_setup_teardown_taskflow.py
[2025-07-08T10:02:18.989+0000] {processor.py:830} INFO - Processing file /home/airflow/.local/lib/python3.8/site-packages/airflow/example_dags/example_setup_teardown_taskflow.py for tasks to queue
[2025-07-08T10:02:18.992+0000] {logging_mixin.py:188} INFO - [2025-07-08T10:02:18.991+0000] {dagbag.py:538} INFO - Filling up the DagBag from /home/airflow/.local/lib/python3.8/site-packages/airflow/example_dags/example_setup_teardown_taskflow.py
[2025-07-08T10:02:19.007+0000] {processor.py:840} INFO - DAG(s) 'example_setup_teardown_taskflow' retrieved from /home/airflow/.local/lib/python3.8/site-packages/airflow/example_dags/example_setup_teardown_taskflow.py
[2025-07-08T10:02:19.050+0000] {logging_mixin.py:188} INFO - [2025-07-08T10:02:19.049+0000] {dag.py:3036} INFO - Sync 1 DAGs
[2025-07-08T10:02:19.092+0000] {logging_mixin.py:188} INFO - [2025-07-08T10:02:19.092+0000] {dag.py:3823} INFO - Setting next_dagrun for example_setup_teardown_taskflow to 2025-07-07 00:00:00+00:00, run_after=2025-07-08 00:00:00+00:00
[2025-07-08T10:02:19.126+0000] {processor.py:183} INFO - Processing /home/airflow/.local/lib/python3.8/site-packages/airflow/example_dags/example_setup_teardown_taskflow.py took 0.144 seconds
[2025-07-08T10:02:49.475+0000] {processor.py:161} INFO - Started process (PID=7387) to work on /home/airflow/.local/lib/python3.8/site-packages/airflow/example_dags/example_setup_teardown_taskflow.py
[2025-07-08T10:02:49.477+0000] {processor.py:830} INFO - Processing file /home/airflow/.local/lib/python3.8/site-packages/airflow/example_dags/example_setup_teardown_taskflow.py for tasks to queue
[2025-07-08T10:02:49.481+0000] {logging_mixin.py:188} INFO - [2025-07-08T10:02:49.480+0000] {dagbag.py:538} INFO - Filling up the DagBag from /home/airflow/.local/lib/python3.8/site-packages/airflow/example_dags/example_setup_teardown_taskflow.py
[2025-07-08T10:02:49.501+0000] {processor.py:840} INFO - DAG(s) 'example_setup_teardown_taskflow' retrieved from /home/airflow/.local/lib/python3.8/site-packages/airflow/example_dags/example_setup_teardown_taskflow.py
[2025-07-08T10:02:49.546+0000] {logging_mixin.py:188} INFO - [2025-07-08T10:02:49.545+0000] {dag.py:3036} INFO - Sync 1 DAGs
[2025-07-08T10:02:49.593+0000] {logging_mixin.py:188} INFO - [2025-07-08T10:02:49.593+0000] {dag.py:3823} INFO - Setting next_dagrun for example_setup_teardown_taskflow to 2025-07-07 00:00:00+00:00, run_after=2025-07-08 00:00:00+00:00
[2025-07-08T10:02:49.630+0000] {processor.py:183} INFO - Processing /home/airflow/.local/lib/python3.8/site-packages/airflow/example_dags/example_setup_teardown_taskflow.py took 0.169 seconds
[2025-07-08T10:03:20.732+0000] {processor.py:161} INFO - Started process (PID=7454) to work on /home/airflow/.local/lib/python3.8/site-packages/airflow/example_dags/example_setup_teardown_taskflow.py
[2025-07-08T10:03:20.748+0000] {processor.py:830} INFO - Processing file /home/airflow/.local/lib/python3.8/site-packages/airflow/example_dags/example_setup_teardown_taskflow.py for tasks to queue
[2025-07-08T10:03:20.752+0000] {logging_mixin.py:188} INFO - [2025-07-08T10:03:20.751+0000] {dagbag.py:538} INFO - Filling up the DagBag from /home/airflow/.local/lib/python3.8/site-packages/airflow/example_dags/example_setup_teardown_taskflow.py
[2025-07-08T10:03:20.853+0000] {processor.py:840} INFO - DAG(s) 'example_setup_teardown_taskflow' retrieved from /home/airflow/.local/lib/python3.8/site-packages/airflow/example_dags/example_setup_teardown_taskflow.py
[2025-07-08T10:03:21.017+0000] {logging_mixin.py:188} INFO - [2025-07-08T10:03:21.017+0000] {dag.py:3036} INFO - Sync 1 DAGs
[2025-07-08T10:03:21.206+0000] {logging_mixin.py:188} INFO - [2025-07-08T10:03:21.206+0000] {dag.py:3823} INFO - Setting next_dagrun for example_setup_teardown_taskflow to 2025-07-07 00:00:00+00:00, run_after=2025-07-08 00:00:00+00:00
[2025-07-08T10:03:21.332+0000] {processor.py:183} INFO - Processing /home/airflow/.local/lib/python3.8/site-packages/airflow/example_dags/example_setup_teardown_taskflow.py took 0.634 seconds
[2025-07-08T10:03:52.264+0000] {processor.py:161} INFO - Started process (PID=7512) to work on /home/airflow/.local/lib/python3.8/site-packages/airflow/example_dags/example_setup_teardown_taskflow.py
[2025-07-08T10:03:52.266+0000] {processor.py:830} INFO - Processing file /home/airflow/.local/lib/python3.8/site-packages/airflow/example_dags/example_setup_teardown_taskflow.py for tasks to queue
[2025-07-08T10:03:52.269+0000] {logging_mixin.py:188} INFO - [2025-07-08T10:03:52.269+0000] {dagbag.py:538} INFO - Filling up the DagBag from /home/airflow/.local/lib/python3.8/site-packages/airflow/example_dags/example_setup_teardown_taskflow.py
[2025-07-08T10:03:52.336+0000] {processor.py:840} INFO - DAG(s) 'example_setup_teardown_taskflow' retrieved from /home/airflow/.local/lib/python3.8/site-packages/airflow/example_dags/example_setup_teardown_taskflow.py
[2025-07-08T10:03:52.425+0000] {logging_mixin.py:188} INFO - [2025-07-08T10:03:52.424+0000] {dag.py:3036} INFO - Sync 1 DAGs
[2025-07-08T10:03:52.513+0000] {logging_mixin.py:188} INFO - [2025-07-08T10:03:52.512+0000] {dag.py:3823} INFO - Setting next_dagrun for example_setup_teardown_taskflow to 2025-07-07 00:00:00+00:00, run_after=2025-07-08 00:00:00+00:00
[2025-07-08T10:03:52.592+0000] {processor.py:183} INFO - Processing /home/airflow/.local/lib/python3.8/site-packages/airflow/example_dags/example_setup_teardown_taskflow.py took 0.342 seconds
[2025-07-08T10:04:22.898+0000] {processor.py:161} INFO - Started process (PID=7580) to work on /home/airflow/.local/lib/python3.8/site-packages/airflow/example_dags/example_setup_teardown_taskflow.py
[2025-07-08T10:04:22.901+0000] {processor.py:830} INFO - Processing file /home/airflow/.local/lib/python3.8/site-packages/airflow/example_dags/example_setup_teardown_taskflow.py for tasks to queue
[2025-07-08T10:04:22.911+0000] {logging_mixin.py:188} INFO - [2025-07-08T10:04:22.907+0000] {dagbag.py:538} INFO - Filling up the DagBag from /home/airflow/.local/lib/python3.8/site-packages/airflow/example_dags/example_setup_teardown_taskflow.py
[2025-07-08T10:04:22.953+0000] {processor.py:840} INFO - DAG(s) 'example_setup_teardown_taskflow' retrieved from /home/airflow/.local/lib/python3.8/site-packages/airflow/example_dags/example_setup_teardown_taskflow.py
[2025-07-08T10:04:23.003+0000] {logging_mixin.py:188} INFO - [2025-07-08T10:04:23.002+0000] {dag.py:3036} INFO - Sync 1 DAGs
[2025-07-08T10:04:23.073+0000] {logging_mixin.py:188} INFO - [2025-07-08T10:04:23.072+0000] {dag.py:3823} INFO - Setting next_dagrun for example_setup_teardown_taskflow to 2025-07-07 00:00:00+00:00, run_after=2025-07-08 00:00:00+00:00
[2025-07-08T10:04:23.113+0000] {processor.py:183} INFO - Processing /home/airflow/.local/lib/python3.8/site-packages/airflow/example_dags/example_setup_teardown_taskflow.py took 0.242 seconds
[2025-07-08T10:04:53.369+0000] {processor.py:161} INFO - Started process (PID=7648) to work on /home/airflow/.local/lib/python3.8/site-packages/airflow/example_dags/example_setup_teardown_taskflow.py
[2025-07-08T10:04:53.371+0000] {processor.py:830} INFO - Processing file /home/airflow/.local/lib/python3.8/site-packages/airflow/example_dags/example_setup_teardown_taskflow.py for tasks to queue
[2025-07-08T10:04:53.375+0000] {logging_mixin.py:188} INFO - [2025-07-08T10:04:53.374+0000] {dagbag.py:538} INFO - Filling up the DagBag from /home/airflow/.local/lib/python3.8/site-packages/airflow/example_dags/example_setup_teardown_taskflow.py
[2025-07-08T10:04:53.399+0000] {processor.py:840} INFO - DAG(s) 'example_setup_teardown_taskflow' retrieved from /home/airflow/.local/lib/python3.8/site-packages/airflow/example_dags/example_setup_teardown_taskflow.py
[2025-07-08T10:04:53.468+0000] {logging_mixin.py:188} INFO - [2025-07-08T10:04:53.467+0000] {dag.py:3036} INFO - Sync 1 DAGs
[2025-07-08T10:04:53.518+0000] {logging_mixin.py:188} INFO - [2025-07-08T10:04:53.517+0000] {dag.py:3823} INFO - Setting next_dagrun for example_setup_teardown_taskflow to 2025-07-07 00:00:00+00:00, run_after=2025-07-08 00:00:00+00:00
[2025-07-08T10:04:53.553+0000] {processor.py:183} INFO - Processing /home/airflow/.local/lib/python3.8/site-packages/airflow/example_dags/example_setup_teardown_taskflow.py took 0.190 seconds
[2025-07-08T10:05:23.876+0000] {processor.py:161} INFO - Started process (PID=7716) to work on /home/airflow/.local/lib/python3.8/site-packages/airflow/example_dags/example_setup_teardown_taskflow.py
[2025-07-08T10:05:23.885+0000] {processor.py:830} INFO - Processing file /home/airflow/.local/lib/python3.8/site-packages/airflow/example_dags/example_setup_teardown_taskflow.py for tasks to queue
[2025-07-08T10:05:23.888+0000] {logging_mixin.py:188} INFO - [2025-07-08T10:05:23.887+0000] {dagbag.py:538} INFO - Filling up the DagBag from /home/airflow/.local/lib/python3.8/site-packages/airflow/example_dags/example_setup_teardown_taskflow.py
[2025-07-08T10:05:23.940+0000] {processor.py:840} INFO - DAG(s) 'example_setup_teardown_taskflow' retrieved from /home/airflow/.local/lib/python3.8/site-packages/airflow/example_dags/example_setup_teardown_taskflow.py
[2025-07-08T10:05:24.013+0000] {logging_mixin.py:188} INFO - [2025-07-08T10:05:24.013+0000] {dag.py:3036} INFO - Sync 1 DAGs
[2025-07-08T10:05:24.098+0000] {logging_mixin.py:188} INFO - [2025-07-08T10:05:24.098+0000] {dag.py:3823} INFO - Setting next_dagrun for example_setup_teardown_taskflow to 2025-07-07 00:00:00+00:00, run_after=2025-07-08 00:00:00+00:00
[2025-07-08T10:05:24.150+0000] {processor.py:183} INFO - Processing /home/airflow/.local/lib/python3.8/site-packages/airflow/example_dags/example_setup_teardown_taskflow.py took 0.288 seconds
[2025-07-08T10:05:54.975+0000] {processor.py:161} INFO - Started process (PID=7782) to work on /home/airflow/.local/lib/python3.8/site-packages/airflow/example_dags/example_setup_teardown_taskflow.py
[2025-07-08T10:05:54.998+0000] {processor.py:830} INFO - Processing file /home/airflow/.local/lib/python3.8/site-packages/airflow/example_dags/example_setup_teardown_taskflow.py for tasks to queue
[2025-07-08T10:05:55.022+0000] {logging_mixin.py:188} INFO - [2025-07-08T10:05:55.022+0000] {dagbag.py:538} INFO - Filling up the DagBag from /home/airflow/.local/lib/python3.8/site-packages/airflow/example_dags/example_setup_teardown_taskflow.py
[2025-07-08T10:05:55.056+0000] {processor.py:840} INFO - DAG(s) 'example_setup_teardown_taskflow' retrieved from /home/airflow/.local/lib/python3.8/site-packages/airflow/example_dags/example_setup_teardown_taskflow.py
[2025-07-08T10:05:55.118+0000] {logging_mixin.py:188} INFO - [2025-07-08T10:05:55.117+0000] {dag.py:3036} INFO - Sync 1 DAGs
[2025-07-08T10:05:55.162+0000] {logging_mixin.py:188} INFO - [2025-07-08T10:05:55.161+0000] {dag.py:3823} INFO - Setting next_dagrun for example_setup_teardown_taskflow to 2025-07-07 00:00:00+00:00, run_after=2025-07-08 00:00:00+00:00
[2025-07-08T10:05:55.234+0000] {processor.py:183} INFO - Processing /home/airflow/.local/lib/python3.8/site-packages/airflow/example_dags/example_setup_teardown_taskflow.py took 0.283 seconds
[2025-07-08T10:06:25.929+0000] {processor.py:161} INFO - Started process (PID=7846) to work on /home/airflow/.local/lib/python3.8/site-packages/airflow/example_dags/example_setup_teardown_taskflow.py
[2025-07-08T10:06:25.930+0000] {processor.py:830} INFO - Processing file /home/airflow/.local/lib/python3.8/site-packages/airflow/example_dags/example_setup_teardown_taskflow.py for tasks to queue
[2025-07-08T10:06:25.937+0000] {logging_mixin.py:188} INFO - [2025-07-08T10:06:25.937+0000] {dagbag.py:538} INFO - Filling up the DagBag from /home/airflow/.local/lib/python3.8/site-packages/airflow/example_dags/example_setup_teardown_taskflow.py
[2025-07-08T10:06:25.974+0000] {processor.py:840} INFO - DAG(s) 'example_setup_teardown_taskflow' retrieved from /home/airflow/.local/lib/python3.8/site-packages/airflow/example_dags/example_setup_teardown_taskflow.py
[2025-07-08T10:06:26.053+0000] {logging_mixin.py:188} INFO - [2025-07-08T10:06:26.053+0000] {dag.py:3036} INFO - Sync 1 DAGs
[2025-07-08T10:06:26.125+0000] {logging_mixin.py:188} INFO - [2025-07-08T10:06:26.124+0000] {dag.py:3823} INFO - Setting next_dagrun for example_setup_teardown_taskflow to 2025-07-07 00:00:00+00:00, run_after=2025-07-08 00:00:00+00:00
[2025-07-08T10:06:26.192+0000] {processor.py:183} INFO - Processing /home/airflow/.local/lib/python3.8/site-packages/airflow/example_dags/example_setup_teardown_taskflow.py took 0.274 seconds
[2025-07-08T10:06:56.700+0000] {processor.py:161} INFO - Started process (PID=7907) to work on /home/airflow/.local/lib/python3.8/site-packages/airflow/example_dags/example_setup_teardown_taskflow.py
[2025-07-08T10:06:56.702+0000] {processor.py:830} INFO - Processing file /home/airflow/.local/lib/python3.8/site-packages/airflow/example_dags/example_setup_teardown_taskflow.py for tasks to queue
[2025-07-08T10:06:56.705+0000] {logging_mixin.py:188} INFO - [2025-07-08T10:06:56.705+0000] {dagbag.py:538} INFO - Filling up the DagBag from /home/airflow/.local/lib/python3.8/site-packages/airflow/example_dags/example_setup_teardown_taskflow.py
[2025-07-08T10:06:56.731+0000] {processor.py:840} INFO - DAG(s) 'example_setup_teardown_taskflow' retrieved from /home/airflow/.local/lib/python3.8/site-packages/airflow/example_dags/example_setup_teardown_taskflow.py
[2025-07-08T10:06:56.845+0000] {logging_mixin.py:188} INFO - [2025-07-08T10:06:56.845+0000] {dag.py:3036} INFO - Sync 1 DAGs
[2025-07-08T10:06:57.003+0000] {logging_mixin.py:188} INFO - [2025-07-08T10:06:57.003+0000] {dag.py:3823} INFO - Setting next_dagrun for example_setup_teardown_taskflow to 2025-07-07 00:00:00+00:00, run_after=2025-07-08 00:00:00+00:00
[2025-07-08T10:06:57.099+0000] {processor.py:183} INFO - Processing /home/airflow/.local/lib/python3.8/site-packages/airflow/example_dags/example_setup_teardown_taskflow.py took 0.405 seconds
[2025-07-08T10:07:27.310+0000] {processor.py:161} INFO - Started process (PID=7975) to work on /home/airflow/.local/lib/python3.8/site-packages/airflow/example_dags/example_setup_teardown_taskflow.py
[2025-07-08T10:07:27.311+0000] {processor.py:830} INFO - Processing file /home/airflow/.local/lib/python3.8/site-packages/airflow/example_dags/example_setup_teardown_taskflow.py for tasks to queue
[2025-07-08T10:07:27.322+0000] {logging_mixin.py:188} INFO - [2025-07-08T10:07:27.322+0000] {dagbag.py:538} INFO - Filling up the DagBag from /home/airflow/.local/lib/python3.8/site-packages/airflow/example_dags/example_setup_teardown_taskflow.py
[2025-07-08T10:07:27.353+0000] {processor.py:840} INFO - DAG(s) 'example_setup_teardown_taskflow' retrieved from /home/airflow/.local/lib/python3.8/site-packages/airflow/example_dags/example_setup_teardown_taskflow.py
[2025-07-08T10:07:27.461+0000] {logging_mixin.py:188} INFO - [2025-07-08T10:07:27.460+0000] {dag.py:3036} INFO - Sync 1 DAGs
[2025-07-08T10:07:27.550+0000] {logging_mixin.py:188} INFO - [2025-07-08T10:07:27.549+0000] {dag.py:3823} INFO - Setting next_dagrun for example_setup_teardown_taskflow to 2025-07-07 00:00:00+00:00, run_after=2025-07-08 00:00:00+00:00
[2025-07-08T10:07:27.618+0000] {processor.py:183} INFO - Processing /home/airflow/.local/lib/python3.8/site-packages/airflow/example_dags/example_setup_teardown_taskflow.py took 0.328 seconds
[2025-07-08T10:07:58.333+0000] {processor.py:161} INFO - Started process (PID=8034) to work on /home/airflow/.local/lib/python3.8/site-packages/airflow/example_dags/example_setup_teardown_taskflow.py
[2025-07-08T10:07:58.344+0000] {processor.py:830} INFO - Processing file /home/airflow/.local/lib/python3.8/site-packages/airflow/example_dags/example_setup_teardown_taskflow.py for tasks to queue
[2025-07-08T10:07:58.360+0000] {logging_mixin.py:188} INFO - [2025-07-08T10:07:58.347+0000] {dagbag.py:538} INFO - Filling up the DagBag from /home/airflow/.local/lib/python3.8/site-packages/airflow/example_dags/example_setup_teardown_taskflow.py
[2025-07-08T10:07:58.405+0000] {processor.py:840} INFO - DAG(s) 'example_setup_teardown_taskflow' retrieved from /home/airflow/.local/lib/python3.8/site-packages/airflow/example_dags/example_setup_teardown_taskflow.py
[2025-07-08T10:07:58.580+0000] {logging_mixin.py:188} INFO - [2025-07-08T10:07:58.580+0000] {dag.py:3036} INFO - Sync 1 DAGs
[2025-07-08T10:07:58.640+0000] {logging_mixin.py:188} INFO - [2025-07-08T10:07:58.640+0000] {dag.py:3823} INFO - Setting next_dagrun for example_setup_teardown_taskflow to 2025-07-07 00:00:00+00:00, run_after=2025-07-08 00:00:00+00:00
[2025-07-08T10:07:58.679+0000] {processor.py:183} INFO - Processing /home/airflow/.local/lib/python3.8/site-packages/airflow/example_dags/example_setup_teardown_taskflow.py took 0.365 seconds
[2025-07-08T10:08:29.364+0000] {processor.py:161} INFO - Started process (PID=8101) to work on /home/airflow/.local/lib/python3.8/site-packages/airflow/example_dags/example_setup_teardown_taskflow.py
[2025-07-08T10:08:29.368+0000] {processor.py:830} INFO - Processing file /home/airflow/.local/lib/python3.8/site-packages/airflow/example_dags/example_setup_teardown_taskflow.py for tasks to queue
[2025-07-08T10:08:29.371+0000] {logging_mixin.py:188} INFO - [2025-07-08T10:08:29.371+0000] {dagbag.py:538} INFO - Filling up the DagBag from /home/airflow/.local/lib/python3.8/site-packages/airflow/example_dags/example_setup_teardown_taskflow.py
[2025-07-08T10:08:29.410+0000] {processor.py:840} INFO - DAG(s) 'example_setup_teardown_taskflow' retrieved from /home/airflow/.local/lib/python3.8/site-packages/airflow/example_dags/example_setup_teardown_taskflow.py
[2025-07-08T10:08:29.609+0000] {logging_mixin.py:188} INFO - [2025-07-08T10:08:29.606+0000] {dag.py:3036} INFO - Sync 1 DAGs
[2025-07-08T10:08:29.672+0000] {logging_mixin.py:188} INFO - [2025-07-08T10:08:29.672+0000] {dag.py:3823} INFO - Setting next_dagrun for example_setup_teardown_taskflow to 2025-07-07 00:00:00+00:00, run_after=2025-07-08 00:00:00+00:00
[2025-07-08T10:08:29.758+0000] {processor.py:183} INFO - Processing /home/airflow/.local/lib/python3.8/site-packages/airflow/example_dags/example_setup_teardown_taskflow.py took 0.408 seconds
[2025-07-08T10:08:59.961+0000] {processor.py:161} INFO - Started process (PID=8168) to work on /home/airflow/.local/lib/python3.8/site-packages/airflow/example_dags/example_setup_teardown_taskflow.py
[2025-07-08T10:08:59.976+0000] {processor.py:830} INFO - Processing file /home/airflow/.local/lib/python3.8/site-packages/airflow/example_dags/example_setup_teardown_taskflow.py for tasks to queue
[2025-07-08T10:08:59.979+0000] {logging_mixin.py:188} INFO - [2025-07-08T10:08:59.979+0000] {dagbag.py:538} INFO - Filling up the DagBag from /home/airflow/.local/lib/python3.8/site-packages/airflow/example_dags/example_setup_teardown_taskflow.py
[2025-07-08T10:09:00.014+0000] {processor.py:840} INFO - DAG(s) 'example_setup_teardown_taskflow' retrieved from /home/airflow/.local/lib/python3.8/site-packages/airflow/example_dags/example_setup_teardown_taskflow.py
[2025-07-08T10:09:00.137+0000] {logging_mixin.py:188} INFO - [2025-07-08T10:09:00.137+0000] {dag.py:3036} INFO - Sync 1 DAGs
[2025-07-08T10:09:00.229+0000] {logging_mixin.py:188} INFO - [2025-07-08T10:09:00.229+0000] {dag.py:3823} INFO - Setting next_dagrun for example_setup_teardown_taskflow to 2025-07-07 00:00:00+00:00, run_after=2025-07-08 00:00:00+00:00
[2025-07-08T10:09:00.315+0000] {processor.py:183} INFO - Processing /home/airflow/.local/lib/python3.8/site-packages/airflow/example_dags/example_setup_teardown_taskflow.py took 0.361 seconds
[2025-07-08T10:09:30.558+0000] {processor.py:161} INFO - Started process (PID=8235) to work on /home/airflow/.local/lib/python3.8/site-packages/airflow/example_dags/example_setup_teardown_taskflow.py
[2025-07-08T10:09:30.560+0000] {processor.py:830} INFO - Processing file /home/airflow/.local/lib/python3.8/site-packages/airflow/example_dags/example_setup_teardown_taskflow.py for tasks to queue
[2025-07-08T10:09:30.562+0000] {logging_mixin.py:188} INFO - [2025-07-08T10:09:30.562+0000] {dagbag.py:538} INFO - Filling up the DagBag from /home/airflow/.local/lib/python3.8/site-packages/airflow/example_dags/example_setup_teardown_taskflow.py
[2025-07-08T10:09:30.582+0000] {processor.py:840} INFO - DAG(s) 'example_setup_teardown_taskflow' retrieved from /home/airflow/.local/lib/python3.8/site-packages/airflow/example_dags/example_setup_teardown_taskflow.py
[2025-07-08T10:09:30.627+0000] {logging_mixin.py:188} INFO - [2025-07-08T10:09:30.626+0000] {dag.py:3036} INFO - Sync 1 DAGs
[2025-07-08T10:09:30.685+0000] {logging_mixin.py:188} INFO - [2025-07-08T10:09:30.685+0000] {dag.py:3823} INFO - Setting next_dagrun for example_setup_teardown_taskflow to 2025-07-07 00:00:00+00:00, run_after=2025-07-08 00:00:00+00:00
[2025-07-08T10:09:30.714+0000] {processor.py:183} INFO - Processing /home/airflow/.local/lib/python3.8/site-packages/airflow/example_dags/example_setup_teardown_taskflow.py took 0.161 seconds
[2025-07-08T10:10:01.217+0000] {processor.py:161} INFO - Started process (PID=8303) to work on /home/airflow/.local/lib/python3.8/site-packages/airflow/example_dags/example_setup_teardown_taskflow.py
[2025-07-08T10:10:01.219+0000] {processor.py:830} INFO - Processing file /home/airflow/.local/lib/python3.8/site-packages/airflow/example_dags/example_setup_teardown_taskflow.py for tasks to queue
[2025-07-08T10:10:01.223+0000] {logging_mixin.py:188} INFO - [2025-07-08T10:10:01.222+0000] {dagbag.py:538} INFO - Filling up the DagBag from /home/airflow/.local/lib/python3.8/site-packages/airflow/example_dags/example_setup_teardown_taskflow.py
[2025-07-08T10:10:01.267+0000] {processor.py:840} INFO - DAG(s) 'example_setup_teardown_taskflow' retrieved from /home/airflow/.local/lib/python3.8/site-packages/airflow/example_dags/example_setup_teardown_taskflow.py
[2025-07-08T10:10:01.332+0000] {logging_mixin.py:188} INFO - [2025-07-08T10:10:01.329+0000] {dag.py:3036} INFO - Sync 1 DAGs
[2025-07-08T10:10:01.392+0000] {logging_mixin.py:188} INFO - [2025-07-08T10:10:01.391+0000] {dag.py:3823} INFO - Setting next_dagrun for example_setup_teardown_taskflow to 2025-07-07 00:00:00+00:00, run_after=2025-07-08 00:00:00+00:00
[2025-07-08T10:10:01.453+0000] {processor.py:183} INFO - Processing /home/airflow/.local/lib/python3.8/site-packages/airflow/example_dags/example_setup_teardown_taskflow.py took 0.243 seconds
[2025-07-08T10:10:31.713+0000] {processor.py:161} INFO - Started process (PID=8372) to work on /home/airflow/.local/lib/python3.8/site-packages/airflow/example_dags/example_setup_teardown_taskflow.py
[2025-07-08T10:10:31.714+0000] {processor.py:830} INFO - Processing file /home/airflow/.local/lib/python3.8/site-packages/airflow/example_dags/example_setup_teardown_taskflow.py for tasks to queue
[2025-07-08T10:10:31.717+0000] {logging_mixin.py:188} INFO - [2025-07-08T10:10:31.717+0000] {dagbag.py:538} INFO - Filling up the DagBag from /home/airflow/.local/lib/python3.8/site-packages/airflow/example_dags/example_setup_teardown_taskflow.py
[2025-07-08T10:10:31.737+0000] {processor.py:840} INFO - DAG(s) 'example_setup_teardown_taskflow' retrieved from /home/airflow/.local/lib/python3.8/site-packages/airflow/example_dags/example_setup_teardown_taskflow.py
[2025-07-08T10:10:31.784+0000] {logging_mixin.py:188} INFO - [2025-07-08T10:10:31.783+0000] {dag.py:3036} INFO - Sync 1 DAGs
[2025-07-08T10:10:31.862+0000] {logging_mixin.py:188} INFO - [2025-07-08T10:10:31.862+0000] {dag.py:3823} INFO - Setting next_dagrun for example_setup_teardown_taskflow to 2025-07-07 00:00:00+00:00, run_after=2025-07-08 00:00:00+00:00
[2025-07-08T10:10:31.917+0000] {processor.py:183} INFO - Processing /home/airflow/.local/lib/python3.8/site-packages/airflow/example_dags/example_setup_teardown_taskflow.py took 0.211 seconds
[2025-07-08T10:11:02.547+0000] {processor.py:161} INFO - Started process (PID=8439) to work on /home/airflow/.local/lib/python3.8/site-packages/airflow/example_dags/example_setup_teardown_taskflow.py
[2025-07-08T10:11:02.551+0000] {processor.py:830} INFO - Processing file /home/airflow/.local/lib/python3.8/site-packages/airflow/example_dags/example_setup_teardown_taskflow.py for tasks to queue
[2025-07-08T10:11:02.554+0000] {logging_mixin.py:188} INFO - [2025-07-08T10:11:02.553+0000] {dagbag.py:538} INFO - Filling up the DagBag from /home/airflow/.local/lib/python3.8/site-packages/airflow/example_dags/example_setup_teardown_taskflow.py
[2025-07-08T10:11:02.618+0000] {processor.py:840} INFO - DAG(s) 'example_setup_teardown_taskflow' retrieved from /home/airflow/.local/lib/python3.8/site-packages/airflow/example_dags/example_setup_teardown_taskflow.py
[2025-07-08T10:11:02.771+0000] {logging_mixin.py:188} INFO - [2025-07-08T10:11:02.770+0000] {dag.py:3036} INFO - Sync 1 DAGs
[2025-07-08T10:11:02.887+0000] {logging_mixin.py:188} INFO - [2025-07-08T10:11:02.887+0000] {dag.py:3823} INFO - Setting next_dagrun for example_setup_teardown_taskflow to 2025-07-07 00:00:00+00:00, run_after=2025-07-08 00:00:00+00:00
[2025-07-08T10:11:02.952+0000] {processor.py:183} INFO - Processing /home/airflow/.local/lib/python3.8/site-packages/airflow/example_dags/example_setup_teardown_taskflow.py took 0.435 seconds
[2025-07-08T10:11:33.272+0000] {processor.py:161} INFO - Started process (PID=8499) to work on /home/airflow/.local/lib/python3.8/site-packages/airflow/example_dags/example_setup_teardown_taskflow.py
[2025-07-08T10:11:33.273+0000] {processor.py:830} INFO - Processing file /home/airflow/.local/lib/python3.8/site-packages/airflow/example_dags/example_setup_teardown_taskflow.py for tasks to queue
[2025-07-08T10:11:33.277+0000] {logging_mixin.py:188} INFO - [2025-07-08T10:11:33.276+0000] {dagbag.py:538} INFO - Filling up the DagBag from /home/airflow/.local/lib/python3.8/site-packages/airflow/example_dags/example_setup_teardown_taskflow.py
[2025-07-08T10:11:33.298+0000] {processor.py:840} INFO - DAG(s) 'example_setup_teardown_taskflow' retrieved from /home/airflow/.local/lib/python3.8/site-packages/airflow/example_dags/example_setup_teardown_taskflow.py
[2025-07-08T10:11:33.345+0000] {logging_mixin.py:188} INFO - [2025-07-08T10:11:33.345+0000] {dag.py:3036} INFO - Sync 1 DAGs
[2025-07-08T10:11:33.392+0000] {logging_mixin.py:188} INFO - [2025-07-08T10:11:33.391+0000] {dag.py:3823} INFO - Setting next_dagrun for example_setup_teardown_taskflow to 2025-07-07 00:00:00+00:00, run_after=2025-07-08 00:00:00+00:00
[2025-07-08T10:11:33.439+0000] {processor.py:183} INFO - Processing /home/airflow/.local/lib/python3.8/site-packages/airflow/example_dags/example_setup_teardown_taskflow.py took 0.174 seconds
[2025-07-08T10:12:03.727+0000] {processor.py:161} INFO - Started process (PID=8565) to work on /home/airflow/.local/lib/python3.8/site-packages/airflow/example_dags/example_setup_teardown_taskflow.py
[2025-07-08T10:12:03.729+0000] {processor.py:830} INFO - Processing file /home/airflow/.local/lib/python3.8/site-packages/airflow/example_dags/example_setup_teardown_taskflow.py for tasks to queue
[2025-07-08T10:12:03.732+0000] {logging_mixin.py:188} INFO - [2025-07-08T10:12:03.732+0000] {dagbag.py:538} INFO - Filling up the DagBag from /home/airflow/.local/lib/python3.8/site-packages/airflow/example_dags/example_setup_teardown_taskflow.py
[2025-07-08T10:12:03.752+0000] {processor.py:840} INFO - DAG(s) 'example_setup_teardown_taskflow' retrieved from /home/airflow/.local/lib/python3.8/site-packages/airflow/example_dags/example_setup_teardown_taskflow.py
[2025-07-08T10:12:03.795+0000] {logging_mixin.py:188} INFO - [2025-07-08T10:12:03.794+0000] {dag.py:3036} INFO - Sync 1 DAGs
[2025-07-08T10:12:03.840+0000] {logging_mixin.py:188} INFO - [2025-07-08T10:12:03.840+0000] {dag.py:3823} INFO - Setting next_dagrun for example_setup_teardown_taskflow to 2025-07-07 00:00:00+00:00, run_after=2025-07-08 00:00:00+00:00
[2025-07-08T10:12:03.886+0000] {processor.py:183} INFO - Processing /home/airflow/.local/lib/python3.8/site-packages/airflow/example_dags/example_setup_teardown_taskflow.py took 0.166 seconds
[2025-07-08T10:12:34.564+0000] {processor.py:161} INFO - Started process (PID=8632) to work on /home/airflow/.local/lib/python3.8/site-packages/airflow/example_dags/example_setup_teardown_taskflow.py
[2025-07-08T10:12:34.566+0000] {processor.py:830} INFO - Processing file /home/airflow/.local/lib/python3.8/site-packages/airflow/example_dags/example_setup_teardown_taskflow.py for tasks to queue
[2025-07-08T10:12:34.569+0000] {logging_mixin.py:188} INFO - [2025-07-08T10:12:34.569+0000] {dagbag.py:538} INFO - Filling up the DagBag from /home/airflow/.local/lib/python3.8/site-packages/airflow/example_dags/example_setup_teardown_taskflow.py
[2025-07-08T10:12:34.590+0000] {processor.py:840} INFO - DAG(s) 'example_setup_teardown_taskflow' retrieved from /home/airflow/.local/lib/python3.8/site-packages/airflow/example_dags/example_setup_teardown_taskflow.py
[2025-07-08T10:12:34.635+0000] {logging_mixin.py:188} INFO - [2025-07-08T10:12:34.635+0000] {dag.py:3036} INFO - Sync 1 DAGs
[2025-07-08T10:12:34.682+0000] {logging_mixin.py:188} INFO - [2025-07-08T10:12:34.681+0000] {dag.py:3823} INFO - Setting next_dagrun for example_setup_teardown_taskflow to 2025-07-07 00:00:00+00:00, run_after=2025-07-08 00:00:00+00:00
[2025-07-08T10:12:34.718+0000] {processor.py:183} INFO - Processing /home/airflow/.local/lib/python3.8/site-packages/airflow/example_dags/example_setup_teardown_taskflow.py took 0.160 seconds
[2025-07-08T10:13:05.997+0000] {processor.py:161} INFO - Started process (PID=8698) to work on /home/airflow/.local/lib/python3.8/site-packages/airflow/example_dags/example_setup_teardown_taskflow.py
[2025-07-08T10:13:06.004+0000] {processor.py:830} INFO - Processing file /home/airflow/.local/lib/python3.8/site-packages/airflow/example_dags/example_setup_teardown_taskflow.py for tasks to queue
[2025-07-08T10:13:06.007+0000] {logging_mixin.py:188} INFO - [2025-07-08T10:13:06.007+0000] {dagbag.py:538} INFO - Filling up the DagBag from /home/airflow/.local/lib/python3.8/site-packages/airflow/example_dags/example_setup_teardown_taskflow.py
[2025-07-08T10:13:06.060+0000] {processor.py:840} INFO - DAG(s) 'example_setup_teardown_taskflow' retrieved from /home/airflow/.local/lib/python3.8/site-packages/airflow/example_dags/example_setup_teardown_taskflow.py
[2025-07-08T10:13:06.213+0000] {logging_mixin.py:188} INFO - [2025-07-08T10:13:06.213+0000] {dag.py:3036} INFO - Sync 1 DAGs
[2025-07-08T10:13:06.406+0000] {logging_mixin.py:188} INFO - [2025-07-08T10:13:06.406+0000] {dag.py:3823} INFO - Setting next_dagrun for example_setup_teardown_taskflow to 2025-07-07 00:00:00+00:00, run_after=2025-07-08 00:00:00+00:00
[2025-07-08T10:13:06.495+0000] {processor.py:183} INFO - Processing /home/airflow/.local/lib/python3.8/site-packages/airflow/example_dags/example_setup_teardown_taskflow.py took 0.517 seconds
[2025-07-08T10:13:36.632+0000] {processor.py:161} INFO - Started process (PID=8760) to work on /home/airflow/.local/lib/python3.8/site-packages/airflow/example_dags/example_setup_teardown_taskflow.py
[2025-07-08T10:13:36.633+0000] {processor.py:830} INFO - Processing file /home/airflow/.local/lib/python3.8/site-packages/airflow/example_dags/example_setup_teardown_taskflow.py for tasks to queue
[2025-07-08T10:13:36.636+0000] {logging_mixin.py:188} INFO - [2025-07-08T10:13:36.636+0000] {dagbag.py:538} INFO - Filling up the DagBag from /home/airflow/.local/lib/python3.8/site-packages/airflow/example_dags/example_setup_teardown_taskflow.py
[2025-07-08T10:13:36.657+0000] {processor.py:840} INFO - DAG(s) 'example_setup_teardown_taskflow' retrieved from /home/airflow/.local/lib/python3.8/site-packages/airflow/example_dags/example_setup_teardown_taskflow.py
[2025-07-08T10:13:36.701+0000] {logging_mixin.py:188} INFO - [2025-07-08T10:13:36.700+0000] {dag.py:3036} INFO - Sync 1 DAGs
[2025-07-08T10:13:36.746+0000] {logging_mixin.py:188} INFO - [2025-07-08T10:13:36.746+0000] {dag.py:3823} INFO - Setting next_dagrun for example_setup_teardown_taskflow to 2025-07-07 00:00:00+00:00, run_after=2025-07-08 00:00:00+00:00
[2025-07-08T10:13:36.781+0000] {processor.py:183} INFO - Processing /home/airflow/.local/lib/python3.8/site-packages/airflow/example_dags/example_setup_teardown_taskflow.py took 0.156 seconds
[2025-07-08T10:14:07.292+0000] {processor.py:161} INFO - Started process (PID=8829) to work on /home/airflow/.local/lib/python3.8/site-packages/airflow/example_dags/example_setup_teardown_taskflow.py
[2025-07-08T10:14:07.296+0000] {processor.py:830} INFO - Processing file /home/airflow/.local/lib/python3.8/site-packages/airflow/example_dags/example_setup_teardown_taskflow.py for tasks to queue
[2025-07-08T10:14:07.299+0000] {logging_mixin.py:188} INFO - [2025-07-08T10:14:07.299+0000] {dagbag.py:538} INFO - Filling up the DagBag from /home/airflow/.local/lib/python3.8/site-packages/airflow/example_dags/example_setup_teardown_taskflow.py
[2025-07-08T10:14:07.351+0000] {processor.py:840} INFO - DAG(s) 'example_setup_teardown_taskflow' retrieved from /home/airflow/.local/lib/python3.8/site-packages/airflow/example_dags/example_setup_teardown_taskflow.py
[2025-07-08T10:14:07.428+0000] {logging_mixin.py:188} INFO - [2025-07-08T10:14:07.428+0000] {dag.py:3036} INFO - Sync 1 DAGs
[2025-07-08T10:14:07.482+0000] {logging_mixin.py:188} INFO - [2025-07-08T10:14:07.482+0000] {dag.py:3823} INFO - Setting next_dagrun for example_setup_teardown_taskflow to 2025-07-07 00:00:00+00:00, run_after=2025-07-08 00:00:00+00:00
[2025-07-08T10:14:07.552+0000] {processor.py:183} INFO - Processing /home/airflow/.local/lib/python3.8/site-packages/airflow/example_dags/example_setup_teardown_taskflow.py took 0.275 seconds
[2025-07-08T10:14:39.282+0000] {processor.py:161} INFO - Started process (PID=8896) to work on /home/airflow/.local/lib/python3.8/site-packages/airflow/example_dags/example_setup_teardown_taskflow.py
[2025-07-08T10:14:39.283+0000] {processor.py:830} INFO - Processing file /home/airflow/.local/lib/python3.8/site-packages/airflow/example_dags/example_setup_teardown_taskflow.py for tasks to queue
[2025-07-08T10:14:39.287+0000] {logging_mixin.py:188} INFO - [2025-07-08T10:14:39.287+0000] {dagbag.py:538} INFO - Filling up the DagBag from /home/airflow/.local/lib/python3.8/site-packages/airflow/example_dags/example_setup_teardown_taskflow.py
[2025-07-08T10:14:39.307+0000] {processor.py:840} INFO - DAG(s) 'example_setup_teardown_taskflow' retrieved from /home/airflow/.local/lib/python3.8/site-packages/airflow/example_dags/example_setup_teardown_taskflow.py
[2025-07-08T10:14:39.364+0000] {logging_mixin.py:188} INFO - [2025-07-08T10:14:39.363+0000] {dag.py:3036} INFO - Sync 1 DAGs
[2025-07-08T10:14:40.040+0000] {logging_mixin.py:188} INFO - [2025-07-08T10:14:40.027+0000] {dag.py:3823} INFO - Setting next_dagrun for example_setup_teardown_taskflow to 2025-07-07 00:00:00+00:00, run_after=2025-07-08 00:00:00+00:00
[2025-07-08T10:14:40.118+0000] {processor.py:183} INFO - Processing /home/airflow/.local/lib/python3.8/site-packages/airflow/example_dags/example_setup_teardown_taskflow.py took 0.842 seconds
[2025-07-08T10:15:10.200+0000] {processor.py:161} INFO - Started process (PID=8965) to work on /home/airflow/.local/lib/python3.8/site-packages/airflow/example_dags/example_setup_teardown_taskflow.py
[2025-07-08T10:15:10.202+0000] {processor.py:830} INFO - Processing file /home/airflow/.local/lib/python3.8/site-packages/airflow/example_dags/example_setup_teardown_taskflow.py for tasks to queue
[2025-07-08T10:15:10.205+0000] {logging_mixin.py:188} INFO - [2025-07-08T10:15:10.205+0000] {dagbag.py:538} INFO - Filling up the DagBag from /home/airflow/.local/lib/python3.8/site-packages/airflow/example_dags/example_setup_teardown_taskflow.py
[2025-07-08T10:15:10.224+0000] {processor.py:840} INFO - DAG(s) 'example_setup_teardown_taskflow' retrieved from /home/airflow/.local/lib/python3.8/site-packages/airflow/example_dags/example_setup_teardown_taskflow.py
[2025-07-08T10:15:10.265+0000] {logging_mixin.py:188} INFO - [2025-07-08T10:15:10.265+0000] {dag.py:3036} INFO - Sync 1 DAGs
[2025-07-08T10:15:11.015+0000] {logging_mixin.py:188} INFO - [2025-07-08T10:15:11.015+0000] {dag.py:3823} INFO - Setting next_dagrun for example_setup_teardown_taskflow to 2025-07-07 00:00:00+00:00, run_after=2025-07-08 00:00:00+00:00
[2025-07-08T10:15:11.089+0000] {processor.py:183} INFO - Processing /home/airflow/.local/lib/python3.8/site-packages/airflow/example_dags/example_setup_teardown_taskflow.py took 0.895 seconds
[2025-07-08T10:15:41.390+0000] {processor.py:161} INFO - Started process (PID=9025) to work on /home/airflow/.local/lib/python3.8/site-packages/airflow/example_dags/example_setup_teardown_taskflow.py
[2025-07-08T10:15:41.391+0000] {processor.py:830} INFO - Processing file /home/airflow/.local/lib/python3.8/site-packages/airflow/example_dags/example_setup_teardown_taskflow.py for tasks to queue
[2025-07-08T10:15:41.394+0000] {logging_mixin.py:188} INFO - [2025-07-08T10:15:41.394+0000] {dagbag.py:538} INFO - Filling up the DagBag from /home/airflow/.local/lib/python3.8/site-packages/airflow/example_dags/example_setup_teardown_taskflow.py
[2025-07-08T10:15:41.411+0000] {processor.py:840} INFO - DAG(s) 'example_setup_teardown_taskflow' retrieved from /home/airflow/.local/lib/python3.8/site-packages/airflow/example_dags/example_setup_teardown_taskflow.py
[2025-07-08T10:15:41.448+0000] {logging_mixin.py:188} INFO - [2025-07-08T10:15:41.447+0000] {dag.py:3036} INFO - Sync 1 DAGs
[2025-07-08T10:15:41.666+0000] {logging_mixin.py:188} INFO - [2025-07-08T10:15:41.666+0000] {dag.py:3823} INFO - Setting next_dagrun for example_setup_teardown_taskflow to 2025-07-07 00:00:00+00:00, run_after=2025-07-08 00:00:00+00:00
[2025-07-08T10:15:41.700+0000] {processor.py:183} INFO - Processing /home/airflow/.local/lib/python3.8/site-packages/airflow/example_dags/example_setup_teardown_taskflow.py took 0.317 seconds
[2025-07-08T10:16:14.536+0000] {processor.py:161} INFO - Started process (PID=9093) to work on /home/airflow/.local/lib/python3.8/site-packages/airflow/example_dags/example_setup_teardown_taskflow.py
[2025-07-08T10:16:14.539+0000] {processor.py:830} INFO - Processing file /home/airflow/.local/lib/python3.8/site-packages/airflow/example_dags/example_setup_teardown_taskflow.py for tasks to queue
[2025-07-08T10:16:14.541+0000] {logging_mixin.py:188} INFO - [2025-07-08T10:16:14.541+0000] {dagbag.py:538} INFO - Filling up the DagBag from /home/airflow/.local/lib/python3.8/site-packages/airflow/example_dags/example_setup_teardown_taskflow.py
[2025-07-08T10:16:14.586+0000] {processor.py:840} INFO - DAG(s) 'example_setup_teardown_taskflow' retrieved from /home/airflow/.local/lib/python3.8/site-packages/airflow/example_dags/example_setup_teardown_taskflow.py
[2025-07-08T10:16:14.673+0000] {logging_mixin.py:188} INFO - [2025-07-08T10:16:14.673+0000] {dag.py:3036} INFO - Sync 1 DAGs
[2025-07-08T10:16:15.116+0000] {logging_mixin.py:188} INFO - [2025-07-08T10:16:15.115+0000] {dag.py:3823} INFO - Setting next_dagrun for example_setup_teardown_taskflow to 2025-07-07 00:00:00+00:00, run_after=2025-07-08 00:00:00+00:00
[2025-07-08T10:16:15.167+0000] {processor.py:183} INFO - Processing /home/airflow/.local/lib/python3.8/site-packages/airflow/example_dags/example_setup_teardown_taskflow.py took 0.653 seconds
[2025-07-08T10:16:45.652+0000] {processor.py:161} INFO - Started process (PID=9161) to work on /home/airflow/.local/lib/python3.8/site-packages/airflow/example_dags/example_setup_teardown_taskflow.py
[2025-07-08T10:16:45.653+0000] {processor.py:830} INFO - Processing file /home/airflow/.local/lib/python3.8/site-packages/airflow/example_dags/example_setup_teardown_taskflow.py for tasks to queue
[2025-07-08T10:16:45.656+0000] {logging_mixin.py:188} INFO - [2025-07-08T10:16:45.656+0000] {dagbag.py:538} INFO - Filling up the DagBag from /home/airflow/.local/lib/python3.8/site-packages/airflow/example_dags/example_setup_teardown_taskflow.py
[2025-07-08T10:16:45.700+0000] {processor.py:840} INFO - DAG(s) 'example_setup_teardown_taskflow' retrieved from /home/airflow/.local/lib/python3.8/site-packages/airflow/example_dags/example_setup_teardown_taskflow.py
[2025-07-08T10:16:45.807+0000] {logging_mixin.py:188} INFO - [2025-07-08T10:16:45.806+0000] {dag.py:3036} INFO - Sync 1 DAGs
[2025-07-08T10:16:46.322+0000] {logging_mixin.py:188} INFO - [2025-07-08T10:16:46.322+0000] {dag.py:3823} INFO - Setting next_dagrun for example_setup_teardown_taskflow to 2025-07-07 00:00:00+00:00, run_after=2025-07-08 00:00:00+00:00
[2025-07-08T10:16:46.385+0000] {processor.py:183} INFO - Processing /home/airflow/.local/lib/python3.8/site-packages/airflow/example_dags/example_setup_teardown_taskflow.py took 0.748 seconds
[2025-07-08T10:17:16.784+0000] {processor.py:161} INFO - Started process (PID=9220) to work on /home/airflow/.local/lib/python3.8/site-packages/airflow/example_dags/example_setup_teardown_taskflow.py
[2025-07-08T10:17:16.786+0000] {processor.py:830} INFO - Processing file /home/airflow/.local/lib/python3.8/site-packages/airflow/example_dags/example_setup_teardown_taskflow.py for tasks to queue
[2025-07-08T10:17:16.789+0000] {logging_mixin.py:188} INFO - [2025-07-08T10:17:16.788+0000] {dagbag.py:538} INFO - Filling up the DagBag from /home/airflow/.local/lib/python3.8/site-packages/airflow/example_dags/example_setup_teardown_taskflow.py
[2025-07-08T10:17:16.807+0000] {processor.py:840} INFO - DAG(s) 'example_setup_teardown_taskflow' retrieved from /home/airflow/.local/lib/python3.8/site-packages/airflow/example_dags/example_setup_teardown_taskflow.py
[2025-07-08T10:17:16.848+0000] {logging_mixin.py:188} INFO - [2025-07-08T10:17:16.847+0000] {dag.py:3036} INFO - Sync 1 DAGs
[2025-07-08T10:17:17.080+0000] {logging_mixin.py:188} INFO - [2025-07-08T10:17:17.079+0000] {dag.py:3823} INFO - Setting next_dagrun for example_setup_teardown_taskflow to 2025-07-07 00:00:00+00:00, run_after=2025-07-08 00:00:00+00:00
[2025-07-08T10:17:17.109+0000] {processor.py:183} INFO - Processing /home/airflow/.local/lib/python3.8/site-packages/airflow/example_dags/example_setup_teardown_taskflow.py took 0.331 seconds
[2025-07-08T10:17:47.564+0000] {processor.py:161} INFO - Started process (PID=9288) to work on /home/airflow/.local/lib/python3.8/site-packages/airflow/example_dags/example_setup_teardown_taskflow.py
[2025-07-08T10:17:47.565+0000] {processor.py:830} INFO - Processing file /home/airflow/.local/lib/python3.8/site-packages/airflow/example_dags/example_setup_teardown_taskflow.py for tasks to queue
[2025-07-08T10:17:47.580+0000] {logging_mixin.py:188} INFO - [2025-07-08T10:17:47.567+0000] {dagbag.py:538} INFO - Filling up the DagBag from /home/airflow/.local/lib/python3.8/site-packages/airflow/example_dags/example_setup_teardown_taskflow.py
[2025-07-08T10:17:47.683+0000] {processor.py:840} INFO - DAG(s) 'example_setup_teardown_taskflow' retrieved from /home/airflow/.local/lib/python3.8/site-packages/airflow/example_dags/example_setup_teardown_taskflow.py
[2025-07-08T10:17:47.813+0000] {logging_mixin.py:188} INFO - [2025-07-08T10:17:47.812+0000] {dag.py:3036} INFO - Sync 1 DAGs
[2025-07-08T10:17:47.947+0000] {logging_mixin.py:188} INFO - [2025-07-08T10:17:47.946+0000] {dag.py:3823} INFO - Setting next_dagrun for example_setup_teardown_taskflow to 2025-07-07 00:00:00+00:00, run_after=2025-07-08 00:00:00+00:00
[2025-07-08T10:17:48.026+0000] {processor.py:183} INFO - Processing /home/airflow/.local/lib/python3.8/site-packages/airflow/example_dags/example_setup_teardown_taskflow.py took 0.492 seconds
[2025-07-08T10:18:18.649+0000] {processor.py:161} INFO - Started process (PID=9347) to work on /home/airflow/.local/lib/python3.8/site-packages/airflow/example_dags/example_setup_teardown_taskflow.py
[2025-07-08T10:18:18.657+0000] {processor.py:830} INFO - Processing file /home/airflow/.local/lib/python3.8/site-packages/airflow/example_dags/example_setup_teardown_taskflow.py for tasks to queue
[2025-07-08T10:18:18.662+0000] {logging_mixin.py:188} INFO - [2025-07-08T10:18:18.661+0000] {dagbag.py:538} INFO - Filling up the DagBag from /home/airflow/.local/lib/python3.8/site-packages/airflow/example_dags/example_setup_teardown_taskflow.py
[2025-07-08T10:18:18.692+0000] {processor.py:840} INFO - DAG(s) 'example_setup_teardown_taskflow' retrieved from /home/airflow/.local/lib/python3.8/site-packages/airflow/example_dags/example_setup_teardown_taskflow.py
[2025-07-08T10:18:18.809+0000] {logging_mixin.py:188} INFO - [2025-07-08T10:18:18.809+0000] {dag.py:3036} INFO - Sync 1 DAGs
[2025-07-08T10:18:18.887+0000] {logging_mixin.py:188} INFO - [2025-07-08T10:18:18.887+0000] {dag.py:3823} INFO - Setting next_dagrun for example_setup_teardown_taskflow to 2025-07-07 00:00:00+00:00, run_after=2025-07-08 00:00:00+00:00
[2025-07-08T10:18:18.976+0000] {processor.py:183} INFO - Processing /home/airflow/.local/lib/python3.8/site-packages/airflow/example_dags/example_setup_teardown_taskflow.py took 0.358 seconds
[2025-07-08T10:18:49.675+0000] {processor.py:161} INFO - Started process (PID=9420) to work on /home/airflow/.local/lib/python3.8/site-packages/airflow/example_dags/example_setup_teardown_taskflow.py
[2025-07-08T10:18:49.696+0000] {processor.py:830} INFO - Processing file /home/airflow/.local/lib/python3.8/site-packages/airflow/example_dags/example_setup_teardown_taskflow.py for tasks to queue
[2025-07-08T10:18:49.699+0000] {logging_mixin.py:188} INFO - [2025-07-08T10:18:49.699+0000] {dagbag.py:538} INFO - Filling up the DagBag from /home/airflow/.local/lib/python3.8/site-packages/airflow/example_dags/example_setup_teardown_taskflow.py
[2025-07-08T10:18:49.772+0000] {processor.py:840} INFO - DAG(s) 'example_setup_teardown_taskflow' retrieved from /home/airflow/.local/lib/python3.8/site-packages/airflow/example_dags/example_setup_teardown_taskflow.py
[2025-07-08T10:18:49.867+0000] {logging_mixin.py:188} INFO - [2025-07-08T10:18:49.866+0000] {dag.py:3036} INFO - Sync 1 DAGs
[2025-07-08T10:18:49.923+0000] {logging_mixin.py:188} INFO - [2025-07-08T10:18:49.922+0000] {dag.py:3823} INFO - Setting next_dagrun for example_setup_teardown_taskflow to 2025-07-07 00:00:00+00:00, run_after=2025-07-08 00:00:00+00:00
[2025-07-08T10:18:49.997+0000] {processor.py:183} INFO - Processing /home/airflow/.local/lib/python3.8/site-packages/airflow/example_dags/example_setup_teardown_taskflow.py took 0.347 seconds
[2025-07-08T10:19:21.773+0000] {processor.py:161} INFO - Started process (PID=9487) to work on /home/airflow/.local/lib/python3.8/site-packages/airflow/example_dags/example_setup_teardown_taskflow.py
[2025-07-08T10:19:21.780+0000] {processor.py:830} INFO - Processing file /home/airflow/.local/lib/python3.8/site-packages/airflow/example_dags/example_setup_teardown_taskflow.py for tasks to queue
[2025-07-08T10:19:21.783+0000] {logging_mixin.py:188} INFO - [2025-07-08T10:19:21.783+0000] {dagbag.py:538} INFO - Filling up the DagBag from /home/airflow/.local/lib/python3.8/site-packages/airflow/example_dags/example_setup_teardown_taskflow.py
[2025-07-08T10:19:21.853+0000] {processor.py:840} INFO - DAG(s) 'example_setup_teardown_taskflow' retrieved from /home/airflow/.local/lib/python3.8/site-packages/airflow/example_dags/example_setup_teardown_taskflow.py
[2025-07-08T10:19:21.969+0000] {logging_mixin.py:188} INFO - [2025-07-08T10:19:21.969+0000] {dag.py:3036} INFO - Sync 1 DAGs
[2025-07-08T10:19:22.086+0000] {logging_mixin.py:188} INFO - [2025-07-08T10:19:22.085+0000] {dag.py:3823} INFO - Setting next_dagrun for example_setup_teardown_taskflow to 2025-07-07 00:00:00+00:00, run_after=2025-07-08 00:00:00+00:00
[2025-07-08T10:19:22.251+0000] {processor.py:183} INFO - Processing /home/airflow/.local/lib/python3.8/site-packages/airflow/example_dags/example_setup_teardown_taskflow.py took 0.512 seconds
[2025-07-08T10:19:52.956+0000] {processor.py:161} INFO - Started process (PID=9556) to work on /home/airflow/.local/lib/python3.8/site-packages/airflow/example_dags/example_setup_teardown_taskflow.py
[2025-07-08T10:19:52.957+0000] {processor.py:830} INFO - Processing file /home/airflow/.local/lib/python3.8/site-packages/airflow/example_dags/example_setup_teardown_taskflow.py for tasks to queue
[2025-07-08T10:19:52.960+0000] {logging_mixin.py:188} INFO - [2025-07-08T10:19:52.960+0000] {dagbag.py:538} INFO - Filling up the DagBag from /home/airflow/.local/lib/python3.8/site-packages/airflow/example_dags/example_setup_teardown_taskflow.py
[2025-07-08T10:19:52.978+0000] {processor.py:840} INFO - DAG(s) 'example_setup_teardown_taskflow' retrieved from /home/airflow/.local/lib/python3.8/site-packages/airflow/example_dags/example_setup_teardown_taskflow.py
[2025-07-08T10:19:53.050+0000] {logging_mixin.py:188} INFO - [2025-07-08T10:19:53.049+0000] {dag.py:3036} INFO - Sync 1 DAGs
[2025-07-08T10:19:53.202+0000] {logging_mixin.py:188} INFO - [2025-07-08T10:19:53.201+0000] {dag.py:3823} INFO - Setting next_dagrun for example_setup_teardown_taskflow to 2025-07-07 00:00:00+00:00, run_after=2025-07-08 00:00:00+00:00
[2025-07-08T10:19:53.286+0000] {processor.py:183} INFO - Processing /home/airflow/.local/lib/python3.8/site-packages/airflow/example_dags/example_setup_teardown_taskflow.py took 0.336 seconds
[2025-07-08T10:20:23.568+0000] {processor.py:161} INFO - Started process (PID=9615) to work on /home/airflow/.local/lib/python3.8/site-packages/airflow/example_dags/example_setup_teardown_taskflow.py
[2025-07-08T10:20:23.570+0000] {processor.py:830} INFO - Processing file /home/airflow/.local/lib/python3.8/site-packages/airflow/example_dags/example_setup_teardown_taskflow.py for tasks to queue
[2025-07-08T10:20:23.573+0000] {logging_mixin.py:188} INFO - [2025-07-08T10:20:23.573+0000] {dagbag.py:538} INFO - Filling up the DagBag from /home/airflow/.local/lib/python3.8/site-packages/airflow/example_dags/example_setup_teardown_taskflow.py
[2025-07-08T10:20:23.601+0000] {processor.py:840} INFO - DAG(s) 'example_setup_teardown_taskflow' retrieved from /home/airflow/.local/lib/python3.8/site-packages/airflow/example_dags/example_setup_teardown_taskflow.py
[2025-07-08T10:20:23.653+0000] {logging_mixin.py:188} INFO - [2025-07-08T10:20:23.653+0000] {dag.py:3036} INFO - Sync 1 DAGs
[2025-07-08T10:20:23.714+0000] {logging_mixin.py:188} INFO - [2025-07-08T10:20:23.713+0000] {dag.py:3823} INFO - Setting next_dagrun for example_setup_teardown_taskflow to 2025-07-07 00:00:00+00:00, run_after=2025-07-08 00:00:00+00:00
[2025-07-08T10:20:23.756+0000] {processor.py:183} INFO - Processing /home/airflow/.local/lib/python3.8/site-packages/airflow/example_dags/example_setup_teardown_taskflow.py took 0.202 seconds
[2025-07-08T10:20:54.079+0000] {processor.py:161} INFO - Started process (PID=9684) to work on /home/airflow/.local/lib/python3.8/site-packages/airflow/example_dags/example_setup_teardown_taskflow.py
[2025-07-08T10:20:54.081+0000] {processor.py:830} INFO - Processing file /home/airflow/.local/lib/python3.8/site-packages/airflow/example_dags/example_setup_teardown_taskflow.py for tasks to queue
[2025-07-08T10:20:54.084+0000] {logging_mixin.py:188} INFO - [2025-07-08T10:20:54.083+0000] {dagbag.py:538} INFO - Filling up the DagBag from /home/airflow/.local/lib/python3.8/site-packages/airflow/example_dags/example_setup_teardown_taskflow.py
[2025-07-08T10:20:54.103+0000] {processor.py:840} INFO - DAG(s) 'example_setup_teardown_taskflow' retrieved from /home/airflow/.local/lib/python3.8/site-packages/airflow/example_dags/example_setup_teardown_taskflow.py
[2025-07-08T10:20:54.144+0000] {logging_mixin.py:188} INFO - [2025-07-08T10:20:54.143+0000] {dag.py:3036} INFO - Sync 1 DAGs
[2025-07-08T10:20:54.187+0000] {logging_mixin.py:188} INFO - [2025-07-08T10:20:54.186+0000] {dag.py:3823} INFO - Setting next_dagrun for example_setup_teardown_taskflow to 2025-07-07 00:00:00+00:00, run_after=2025-07-08 00:00:00+00:00
[2025-07-08T10:20:54.225+0000] {processor.py:183} INFO - Processing /home/airflow/.local/lib/python3.8/site-packages/airflow/example_dags/example_setup_teardown_taskflow.py took 0.152 seconds
[2025-07-08T10:21:24.772+0000] {processor.py:161} INFO - Started process (PID=9750) to work on /home/airflow/.local/lib/python3.8/site-packages/airflow/example_dags/example_setup_teardown_taskflow.py
[2025-07-08T10:21:24.781+0000] {processor.py:830} INFO - Processing file /home/airflow/.local/lib/python3.8/site-packages/airflow/example_dags/example_setup_teardown_taskflow.py for tasks to queue
[2025-07-08T10:21:24.795+0000] {logging_mixin.py:188} INFO - [2025-07-08T10:21:24.789+0000] {dagbag.py:538} INFO - Filling up the DagBag from /home/airflow/.local/lib/python3.8/site-packages/airflow/example_dags/example_setup_teardown_taskflow.py
[2025-07-08T10:21:24.828+0000] {processor.py:840} INFO - DAG(s) 'example_setup_teardown_taskflow' retrieved from /home/airflow/.local/lib/python3.8/site-packages/airflow/example_dags/example_setup_teardown_taskflow.py
[2025-07-08T10:21:24.941+0000] {logging_mixin.py:188} INFO - [2025-07-08T10:21:24.941+0000] {dag.py:3036} INFO - Sync 1 DAGs
[2025-07-08T10:21:25.046+0000] {logging_mixin.py:188} INFO - [2025-07-08T10:21:25.046+0000] {dag.py:3823} INFO - Setting next_dagrun for example_setup_teardown_taskflow to 2025-07-07 00:00:00+00:00, run_after=2025-07-08 00:00:00+00:00
[2025-07-08T10:21:25.100+0000] {processor.py:183} INFO - Processing /home/airflow/.local/lib/python3.8/site-packages/airflow/example_dags/example_setup_teardown_taskflow.py took 0.341 seconds
[2025-07-08T10:21:56.411+0000] {processor.py:161} INFO - Started process (PID=9817) to work on /home/airflow/.local/lib/python3.8/site-packages/airflow/example_dags/example_setup_teardown_taskflow.py
[2025-07-08T10:21:56.420+0000] {processor.py:830} INFO - Processing file /home/airflow/.local/lib/python3.8/site-packages/airflow/example_dags/example_setup_teardown_taskflow.py for tasks to queue
[2025-07-08T10:21:56.423+0000] {logging_mixin.py:188} INFO - [2025-07-08T10:21:56.423+0000] {dagbag.py:538} INFO - Filling up the DagBag from /home/airflow/.local/lib/python3.8/site-packages/airflow/example_dags/example_setup_teardown_taskflow.py
[2025-07-08T10:21:56.459+0000] {processor.py:840} INFO - DAG(s) 'example_setup_teardown_taskflow' retrieved from /home/airflow/.local/lib/python3.8/site-packages/airflow/example_dags/example_setup_teardown_taskflow.py
[2025-07-08T10:21:56.532+0000] {logging_mixin.py:188} INFO - [2025-07-08T10:21:56.531+0000] {dag.py:3036} INFO - Sync 1 DAGs
[2025-07-08T10:21:56.626+0000] {logging_mixin.py:188} INFO - [2025-07-08T10:21:56.626+0000] {dag.py:3823} INFO - Setting next_dagrun for example_setup_teardown_taskflow to 2025-07-07 00:00:00+00:00, run_after=2025-07-08 00:00:00+00:00
[2025-07-08T10:21:56.683+0000] {processor.py:183} INFO - Processing /home/airflow/.local/lib/python3.8/site-packages/airflow/example_dags/example_setup_teardown_taskflow.py took 0.279 seconds
[2025-07-08T10:22:27.019+0000] {processor.py:161} INFO - Started process (PID=9876) to work on /home/airflow/.local/lib/python3.8/site-packages/airflow/example_dags/example_setup_teardown_taskflow.py
[2025-07-08T10:22:27.020+0000] {processor.py:830} INFO - Processing file /home/airflow/.local/lib/python3.8/site-packages/airflow/example_dags/example_setup_teardown_taskflow.py for tasks to queue
[2025-07-08T10:22:27.023+0000] {logging_mixin.py:188} INFO - [2025-07-08T10:22:27.022+0000] {dagbag.py:538} INFO - Filling up the DagBag from /home/airflow/.local/lib/python3.8/site-packages/airflow/example_dags/example_setup_teardown_taskflow.py
[2025-07-08T10:22:27.042+0000] {processor.py:840} INFO - DAG(s) 'example_setup_teardown_taskflow' retrieved from /home/airflow/.local/lib/python3.8/site-packages/airflow/example_dags/example_setup_teardown_taskflow.py
[2025-07-08T10:22:27.100+0000] {logging_mixin.py:188} INFO - [2025-07-08T10:22:27.099+0000] {dag.py:3036} INFO - Sync 1 DAGs
[2025-07-08T10:22:27.167+0000] {logging_mixin.py:188} INFO - [2025-07-08T10:22:27.167+0000] {dag.py:3823} INFO - Setting next_dagrun for example_setup_teardown_taskflow to 2025-07-07 00:00:00+00:00, run_after=2025-07-08 00:00:00+00:00
[2025-07-08T10:22:27.227+0000] {processor.py:183} INFO - Processing /home/airflow/.local/lib/python3.8/site-packages/airflow/example_dags/example_setup_teardown_taskflow.py took 0.214 seconds
[2025-07-08T10:22:59.233+0000] {processor.py:161} INFO - Started process (PID=9943) to work on /home/airflow/.local/lib/python3.8/site-packages/airflow/example_dags/example_setup_teardown_taskflow.py
[2025-07-08T10:22:59.238+0000] {processor.py:830} INFO - Processing file /home/airflow/.local/lib/python3.8/site-packages/airflow/example_dags/example_setup_teardown_taskflow.py for tasks to queue
[2025-07-08T10:22:59.241+0000] {logging_mixin.py:188} INFO - [2025-07-08T10:22:59.240+0000] {dagbag.py:538} INFO - Filling up the DagBag from /home/airflow/.local/lib/python3.8/site-packages/airflow/example_dags/example_setup_teardown_taskflow.py
[2025-07-08T10:22:59.259+0000] {processor.py:840} INFO - DAG(s) 'example_setup_teardown_taskflow' retrieved from /home/airflow/.local/lib/python3.8/site-packages/airflow/example_dags/example_setup_teardown_taskflow.py
[2025-07-08T10:22:59.457+0000] {logging_mixin.py:188} INFO - [2025-07-08T10:22:59.457+0000] {dag.py:3036} INFO - Sync 1 DAGs
[2025-07-08T10:22:59.583+0000] {logging_mixin.py:188} INFO - [2025-07-08T10:22:59.583+0000] {dag.py:3823} INFO - Setting next_dagrun for example_setup_teardown_taskflow to 2025-07-07 00:00:00+00:00, run_after=2025-07-08 00:00:00+00:00
[2025-07-08T10:22:59.696+0000] {processor.py:183} INFO - Processing /home/airflow/.local/lib/python3.8/site-packages/airflow/example_dags/example_setup_teardown_taskflow.py took 0.486 seconds
[2025-07-08T10:23:31.569+0000] {processor.py:161} INFO - Started process (PID=10011) to work on /home/airflow/.local/lib/python3.8/site-packages/airflow/example_dags/example_setup_teardown_taskflow.py
[2025-07-08T10:23:31.577+0000] {processor.py:830} INFO - Processing file /home/airflow/.local/lib/python3.8/site-packages/airflow/example_dags/example_setup_teardown_taskflow.py for tasks to queue
[2025-07-08T10:23:31.586+0000] {logging_mixin.py:188} INFO - [2025-07-08T10:23:31.585+0000] {dagbag.py:538} INFO - Filling up the DagBag from /home/airflow/.local/lib/python3.8/site-packages/airflow/example_dags/example_setup_teardown_taskflow.py
[2025-07-08T10:23:31.671+0000] {processor.py:840} INFO - DAG(s) 'example_setup_teardown_taskflow' retrieved from /home/airflow/.local/lib/python3.8/site-packages/airflow/example_dags/example_setup_teardown_taskflow.py
[2025-07-08T10:23:31.839+0000] {logging_mixin.py:188} INFO - [2025-07-08T10:23:31.839+0000] {dag.py:3036} INFO - Sync 1 DAGs
[2025-07-08T10:23:31.982+0000] {logging_mixin.py:188} INFO - [2025-07-08T10:23:31.981+0000] {dag.py:3823} INFO - Setting next_dagrun for example_setup_teardown_taskflow to 2025-07-07 00:00:00+00:00, run_after=2025-07-08 00:00:00+00:00
[2025-07-08T10:23:32.094+0000] {processor.py:183} INFO - Processing /home/airflow/.local/lib/python3.8/site-packages/airflow/example_dags/example_setup_teardown_taskflow.py took 0.565 seconds
[2025-07-08T10:24:02.335+0000] {processor.py:161} INFO - Started process (PID=10076) to work on /home/airflow/.local/lib/python3.8/site-packages/airflow/example_dags/example_setup_teardown_taskflow.py
[2025-07-08T10:24:02.365+0000] {processor.py:830} INFO - Processing file /home/airflow/.local/lib/python3.8/site-packages/airflow/example_dags/example_setup_teardown_taskflow.py for tasks to queue
[2025-07-08T10:24:02.368+0000] {logging_mixin.py:188} INFO - [2025-07-08T10:24:02.368+0000] {dagbag.py:538} INFO - Filling up the DagBag from /home/airflow/.local/lib/python3.8/site-packages/airflow/example_dags/example_setup_teardown_taskflow.py
[2025-07-08T10:24:02.479+0000] {processor.py:840} INFO - DAG(s) 'example_setup_teardown_taskflow' retrieved from /home/airflow/.local/lib/python3.8/site-packages/airflow/example_dags/example_setup_teardown_taskflow.py
[2025-07-08T10:24:02.673+0000] {logging_mixin.py:188} INFO - [2025-07-08T10:24:02.673+0000] {dag.py:3036} INFO - Sync 1 DAGs
[2025-07-08T10:24:02.928+0000] {logging_mixin.py:188} INFO - [2025-07-08T10:24:02.919+0000] {dag.py:3823} INFO - Setting next_dagrun for example_setup_teardown_taskflow to 2025-07-07 00:00:00+00:00, run_after=2025-07-08 00:00:00+00:00
[2025-07-08T10:24:03.118+0000] {processor.py:183} INFO - Processing /home/airflow/.local/lib/python3.8/site-packages/airflow/example_dags/example_setup_teardown_taskflow.py took 0.804 seconds
[2025-07-08T10:24:33.966+0000] {processor.py:161} INFO - Started process (PID=10136) to work on /home/airflow/.local/lib/python3.8/site-packages/airflow/example_dags/example_setup_teardown_taskflow.py
[2025-07-08T10:24:33.968+0000] {processor.py:830} INFO - Processing file /home/airflow/.local/lib/python3.8/site-packages/airflow/example_dags/example_setup_teardown_taskflow.py for tasks to queue
[2025-07-08T10:24:33.971+0000] {logging_mixin.py:188} INFO - [2025-07-08T10:24:33.971+0000] {dagbag.py:538} INFO - Filling up the DagBag from /home/airflow/.local/lib/python3.8/site-packages/airflow/example_dags/example_setup_teardown_taskflow.py
[2025-07-08T10:24:33.993+0000] {processor.py:840} INFO - DAG(s) 'example_setup_teardown_taskflow' retrieved from /home/airflow/.local/lib/python3.8/site-packages/airflow/example_dags/example_setup_teardown_taskflow.py
[2025-07-08T10:24:34.047+0000] {logging_mixin.py:188} INFO - [2025-07-08T10:24:34.046+0000] {dag.py:3036} INFO - Sync 1 DAGs
[2025-07-08T10:24:34.095+0000] {logging_mixin.py:188} INFO - [2025-07-08T10:24:34.095+0000] {dag.py:3823} INFO - Setting next_dagrun for example_setup_teardown_taskflow to 2025-07-07 00:00:00+00:00, run_after=2025-07-08 00:00:00+00:00
[2025-07-08T10:24:34.182+0000] {processor.py:183} INFO - Processing /home/airflow/.local/lib/python3.8/site-packages/airflow/example_dags/example_setup_teardown_taskflow.py took 0.224 seconds
[2025-07-08T10:25:05.129+0000] {processor.py:161} INFO - Started process (PID=10203) to work on /home/airflow/.local/lib/python3.8/site-packages/airflow/example_dags/example_setup_teardown_taskflow.py
[2025-07-08T10:25:05.143+0000] {processor.py:830} INFO - Processing file /home/airflow/.local/lib/python3.8/site-packages/airflow/example_dags/example_setup_teardown_taskflow.py for tasks to queue
[2025-07-08T10:25:05.146+0000] {logging_mixin.py:188} INFO - [2025-07-08T10:25:05.145+0000] {dagbag.py:538} INFO - Filling up the DagBag from /home/airflow/.local/lib/python3.8/site-packages/airflow/example_dags/example_setup_teardown_taskflow.py
[2025-07-08T10:25:05.236+0000] {processor.py:840} INFO - DAG(s) 'example_setup_teardown_taskflow' retrieved from /home/airflow/.local/lib/python3.8/site-packages/airflow/example_dags/example_setup_teardown_taskflow.py
[2025-07-08T10:25:05.410+0000] {logging_mixin.py:188} INFO - [2025-07-08T10:25:05.410+0000] {dag.py:3036} INFO - Sync 1 DAGs
[2025-07-08T10:25:05.544+0000] {logging_mixin.py:188} INFO - [2025-07-08T10:25:05.543+0000] {dag.py:3823} INFO - Setting next_dagrun for example_setup_teardown_taskflow to 2025-07-07 00:00:00+00:00, run_after=2025-07-08 00:00:00+00:00
[2025-07-08T10:25:05.676+0000] {processor.py:183} INFO - Processing /home/airflow/.local/lib/python3.8/site-packages/airflow/example_dags/example_setup_teardown_taskflow.py took 0.568 seconds
[2025-07-08T10:25:36.543+0000] {processor.py:161} INFO - Started process (PID=10263) to work on /home/airflow/.local/lib/python3.8/site-packages/airflow/example_dags/example_setup_teardown_taskflow.py
[2025-07-08T10:25:36.561+0000] {processor.py:830} INFO - Processing file /home/airflow/.local/lib/python3.8/site-packages/airflow/example_dags/example_setup_teardown_taskflow.py for tasks to queue
[2025-07-08T10:25:36.576+0000] {logging_mixin.py:188} INFO - [2025-07-08T10:25:36.563+0000] {dagbag.py:538} INFO - Filling up the DagBag from /home/airflow/.local/lib/python3.8/site-packages/airflow/example_dags/example_setup_teardown_taskflow.py
[2025-07-08T10:25:36.652+0000] {processor.py:840} INFO - DAG(s) 'example_setup_teardown_taskflow' retrieved from /home/airflow/.local/lib/python3.8/site-packages/airflow/example_dags/example_setup_teardown_taskflow.py
[2025-07-08T10:25:36.724+0000] {logging_mixin.py:188} INFO - [2025-07-08T10:25:36.723+0000] {dag.py:3036} INFO - Sync 1 DAGs
[2025-07-08T10:25:36.808+0000] {logging_mixin.py:188} INFO - [2025-07-08T10:25:36.807+0000] {dag.py:3823} INFO - Setting next_dagrun for example_setup_teardown_taskflow to 2025-07-07 00:00:00+00:00, run_after=2025-07-08 00:00:00+00:00
[2025-07-08T10:25:36.860+0000] {processor.py:183} INFO - Processing /home/airflow/.local/lib/python3.8/site-packages/airflow/example_dags/example_setup_teardown_taskflow.py took 0.334 seconds
[2025-07-08T10:26:07.634+0000] {processor.py:161} INFO - Started process (PID=10329) to work on /home/airflow/.local/lib/python3.8/site-packages/airflow/example_dags/example_setup_teardown_taskflow.py
[2025-07-08T10:26:07.648+0000] {processor.py:830} INFO - Processing file /home/airflow/.local/lib/python3.8/site-packages/airflow/example_dags/example_setup_teardown_taskflow.py for tasks to queue
[2025-07-08T10:26:07.651+0000] {logging_mixin.py:188} INFO - [2025-07-08T10:26:07.651+0000] {dagbag.py:538} INFO - Filling up the DagBag from /home/airflow/.local/lib/python3.8/site-packages/airflow/example_dags/example_setup_teardown_taskflow.py
[2025-07-08T10:26:07.747+0000] {processor.py:840} INFO - DAG(s) 'example_setup_teardown_taskflow' retrieved from /home/airflow/.local/lib/python3.8/site-packages/airflow/example_dags/example_setup_teardown_taskflow.py
[2025-07-08T10:26:07.827+0000] {logging_mixin.py:188} INFO - [2025-07-08T10:26:07.826+0000] {dag.py:3036} INFO - Sync 1 DAGs
[2025-07-08T10:26:07.938+0000] {logging_mixin.py:188} INFO - [2025-07-08T10:26:07.938+0000] {dag.py:3823} INFO - Setting next_dagrun for example_setup_teardown_taskflow to 2025-07-07 00:00:00+00:00, run_after=2025-07-08 00:00:00+00:00
[2025-07-08T10:26:07.987+0000] {processor.py:183} INFO - Processing /home/airflow/.local/lib/python3.8/site-packages/airflow/example_dags/example_setup_teardown_taskflow.py took 0.376 seconds
[2025-07-08T10:26:38.132+0000] {processor.py:161} INFO - Started process (PID=10397) to work on /home/airflow/.local/lib/python3.8/site-packages/airflow/example_dags/example_setup_teardown_taskflow.py
[2025-07-08T10:26:38.136+0000] {processor.py:830} INFO - Processing file /home/airflow/.local/lib/python3.8/site-packages/airflow/example_dags/example_setup_teardown_taskflow.py for tasks to queue
[2025-07-08T10:26:38.139+0000] {logging_mixin.py:188} INFO - [2025-07-08T10:26:38.139+0000] {dagbag.py:538} INFO - Filling up the DagBag from /home/airflow/.local/lib/python3.8/site-packages/airflow/example_dags/example_setup_teardown_taskflow.py
[2025-07-08T10:26:38.160+0000] {processor.py:840} INFO - DAG(s) 'example_setup_teardown_taskflow' retrieved from /home/airflow/.local/lib/python3.8/site-packages/airflow/example_dags/example_setup_teardown_taskflow.py
[2025-07-08T10:26:38.276+0000] {logging_mixin.py:188} INFO - [2025-07-08T10:26:38.275+0000] {dag.py:3036} INFO - Sync 1 DAGs
[2025-07-08T10:26:38.347+0000] {logging_mixin.py:188} INFO - [2025-07-08T10:26:38.347+0000] {dag.py:3823} INFO - Setting next_dagrun for example_setup_teardown_taskflow to 2025-07-07 00:00:00+00:00, run_after=2025-07-08 00:00:00+00:00
[2025-07-08T10:26:38.430+0000] {processor.py:183} INFO - Processing /home/airflow/.local/lib/python3.8/site-packages/airflow/example_dags/example_setup_teardown_taskflow.py took 0.304 seconds
[2025-07-08T10:27:09.275+0000] {processor.py:161} INFO - Started process (PID=10465) to work on /home/airflow/.local/lib/python3.8/site-packages/airflow/example_dags/example_setup_teardown_taskflow.py
[2025-07-08T10:27:09.295+0000] {processor.py:830} INFO - Processing file /home/airflow/.local/lib/python3.8/site-packages/airflow/example_dags/example_setup_teardown_taskflow.py for tasks to queue
[2025-07-08T10:27:09.302+0000] {logging_mixin.py:188} INFO - [2025-07-08T10:27:09.301+0000] {dagbag.py:538} INFO - Filling up the DagBag from /home/airflow/.local/lib/python3.8/site-packages/airflow/example_dags/example_setup_teardown_taskflow.py
[2025-07-08T10:27:09.406+0000] {processor.py:840} INFO - DAG(s) 'example_setup_teardown_taskflow' retrieved from /home/airflow/.local/lib/python3.8/site-packages/airflow/example_dags/example_setup_teardown_taskflow.py
[2025-07-08T10:27:09.633+0000] {logging_mixin.py:188} INFO - [2025-07-08T10:27:09.633+0000] {dag.py:3036} INFO - Sync 1 DAGs
[2025-07-08T10:27:09.786+0000] {logging_mixin.py:188} INFO - [2025-07-08T10:27:09.786+0000] {dag.py:3823} INFO - Setting next_dagrun for example_setup_teardown_taskflow to 2025-07-07 00:00:00+00:00, run_after=2025-07-08 00:00:00+00:00
[2025-07-08T10:27:09.888+0000] {processor.py:183} INFO - Processing /home/airflow/.local/lib/python3.8/site-packages/airflow/example_dags/example_setup_teardown_taskflow.py took 0.634 seconds
[2025-07-08T10:27:40.600+0000] {processor.py:161} INFO - Started process (PID=10525) to work on /home/airflow/.local/lib/python3.8/site-packages/airflow/example_dags/example_setup_teardown_taskflow.py
[2025-07-08T10:27:40.602+0000] {processor.py:830} INFO - Processing file /home/airflow/.local/lib/python3.8/site-packages/airflow/example_dags/example_setup_teardown_taskflow.py for tasks to queue
[2025-07-08T10:27:40.605+0000] {logging_mixin.py:188} INFO - [2025-07-08T10:27:40.604+0000] {dagbag.py:538} INFO - Filling up the DagBag from /home/airflow/.local/lib/python3.8/site-packages/airflow/example_dags/example_setup_teardown_taskflow.py
[2025-07-08T10:27:40.630+0000] {processor.py:840} INFO - DAG(s) 'example_setup_teardown_taskflow' retrieved from /home/airflow/.local/lib/python3.8/site-packages/airflow/example_dags/example_setup_teardown_taskflow.py
[2025-07-08T10:27:40.679+0000] {logging_mixin.py:188} INFO - [2025-07-08T10:27:40.678+0000] {dag.py:3036} INFO - Sync 1 DAGs
[2025-07-08T10:27:40.742+0000] {logging_mixin.py:188} INFO - [2025-07-08T10:27:40.742+0000] {dag.py:3823} INFO - Setting next_dagrun for example_setup_teardown_taskflow to 2025-07-07 00:00:00+00:00, run_after=2025-07-08 00:00:00+00:00
[2025-07-08T10:27:40.774+0000] {processor.py:183} INFO - Processing /home/airflow/.local/lib/python3.8/site-packages/airflow/example_dags/example_setup_teardown_taskflow.py took 0.180 seconds
[2025-07-08T10:28:12.646+0000] {processor.py:161} INFO - Started process (PID=10593) to work on /home/airflow/.local/lib/python3.8/site-packages/airflow/example_dags/example_setup_teardown_taskflow.py
[2025-07-08T10:28:12.647+0000] {processor.py:830} INFO - Processing file /home/airflow/.local/lib/python3.8/site-packages/airflow/example_dags/example_setup_teardown_taskflow.py for tasks to queue
[2025-07-08T10:28:12.663+0000] {logging_mixin.py:188} INFO - [2025-07-08T10:28:12.662+0000] {dagbag.py:538} INFO - Filling up the DagBag from /home/airflow/.local/lib/python3.8/site-packages/airflow/example_dags/example_setup_teardown_taskflow.py
[2025-07-08T10:28:12.708+0000] {processor.py:840} INFO - DAG(s) 'example_setup_teardown_taskflow' retrieved from /home/airflow/.local/lib/python3.8/site-packages/airflow/example_dags/example_setup_teardown_taskflow.py
[2025-07-08T10:28:12.769+0000] {logging_mixin.py:188} INFO - [2025-07-08T10:28:12.769+0000] {dag.py:3036} INFO - Sync 1 DAGs
[2025-07-08T10:28:12.854+0000] {logging_mixin.py:188} INFO - [2025-07-08T10:28:12.854+0000] {dag.py:3823} INFO - Setting next_dagrun for example_setup_teardown_taskflow to 2025-07-07 00:00:00+00:00, run_after=2025-07-08 00:00:00+00:00
[2025-07-08T10:28:12.909+0000] {processor.py:183} INFO - Processing /home/airflow/.local/lib/python3.8/site-packages/airflow/example_dags/example_setup_teardown_taskflow.py took 0.268 seconds
[2025-07-08T10:28:43.847+0000] {processor.py:161} INFO - Started process (PID=10660) to work on /home/airflow/.local/lib/python3.8/site-packages/airflow/example_dags/example_setup_teardown_taskflow.py
[2025-07-08T10:28:43.868+0000] {processor.py:830} INFO - Processing file /home/airflow/.local/lib/python3.8/site-packages/airflow/example_dags/example_setup_teardown_taskflow.py for tasks to queue
[2025-07-08T10:28:43.877+0000] {logging_mixin.py:188} INFO - [2025-07-08T10:28:43.877+0000] {dagbag.py:538} INFO - Filling up the DagBag from /home/airflow/.local/lib/python3.8/site-packages/airflow/example_dags/example_setup_teardown_taskflow.py
[2025-07-08T10:28:43.958+0000] {processor.py:840} INFO - DAG(s) 'example_setup_teardown_taskflow' retrieved from /home/airflow/.local/lib/python3.8/site-packages/airflow/example_dags/example_setup_teardown_taskflow.py
[2025-07-08T10:28:44.126+0000] {logging_mixin.py:188} INFO - [2025-07-08T10:28:44.126+0000] {dag.py:3036} INFO - Sync 1 DAGs
[2025-07-08T10:28:44.284+0000] {logging_mixin.py:188} INFO - [2025-07-08T10:28:44.283+0000] {dag.py:3823} INFO - Setting next_dagrun for example_setup_teardown_taskflow to 2025-07-07 00:00:00+00:00, run_after=2025-07-08 00:00:00+00:00
[2025-07-08T10:28:44.350+0000] {processor.py:183} INFO - Processing /home/airflow/.local/lib/python3.8/site-packages/airflow/example_dags/example_setup_teardown_taskflow.py took 0.535 seconds
[2025-07-08T10:29:14.635+0000] {processor.py:161} INFO - Started process (PID=10718) to work on /home/airflow/.local/lib/python3.8/site-packages/airflow/example_dags/example_setup_teardown_taskflow.py
[2025-07-08T10:29:14.639+0000] {processor.py:830} INFO - Processing file /home/airflow/.local/lib/python3.8/site-packages/airflow/example_dags/example_setup_teardown_taskflow.py for tasks to queue
[2025-07-08T10:29:14.655+0000] {logging_mixin.py:188} INFO - [2025-07-08T10:29:14.655+0000] {dagbag.py:538} INFO - Filling up the DagBag from /home/airflow/.local/lib/python3.8/site-packages/airflow/example_dags/example_setup_teardown_taskflow.py
[2025-07-08T10:29:14.689+0000] {processor.py:840} INFO - DAG(s) 'example_setup_teardown_taskflow' retrieved from /home/airflow/.local/lib/python3.8/site-packages/airflow/example_dags/example_setup_teardown_taskflow.py
[2025-07-08T10:29:14.753+0000] {logging_mixin.py:188} INFO - [2025-07-08T10:29:14.753+0000] {dag.py:3036} INFO - Sync 1 DAGs
[2025-07-08T10:29:14.818+0000] {logging_mixin.py:188} INFO - [2025-07-08T10:29:14.815+0000] {dag.py:3823} INFO - Setting next_dagrun for example_setup_teardown_taskflow to 2025-07-07 00:00:00+00:00, run_after=2025-07-08 00:00:00+00:00
[2025-07-08T10:29:14.878+0000] {processor.py:183} INFO - Processing /home/airflow/.local/lib/python3.8/site-packages/airflow/example_dags/example_setup_teardown_taskflow.py took 0.252 seconds
[2025-07-08T10:29:45.425+0000] {processor.py:161} INFO - Started process (PID=10789) to work on /home/airflow/.local/lib/python3.8/site-packages/airflow/example_dags/example_setup_teardown_taskflow.py
[2025-07-08T10:29:45.436+0000] {processor.py:830} INFO - Processing file /home/airflow/.local/lib/python3.8/site-packages/airflow/example_dags/example_setup_teardown_taskflow.py for tasks to queue
[2025-07-08T10:29:45.439+0000] {logging_mixin.py:188} INFO - [2025-07-08T10:29:45.439+0000] {dagbag.py:538} INFO - Filling up the DagBag from /home/airflow/.local/lib/python3.8/site-packages/airflow/example_dags/example_setup_teardown_taskflow.py
[2025-07-08T10:29:45.517+0000] {processor.py:840} INFO - DAG(s) 'example_setup_teardown_taskflow' retrieved from /home/airflow/.local/lib/python3.8/site-packages/airflow/example_dags/example_setup_teardown_taskflow.py
[2025-07-08T10:29:45.646+0000] {logging_mixin.py:188} INFO - [2025-07-08T10:29:45.646+0000] {dag.py:3036} INFO - Sync 1 DAGs
[2025-07-08T10:29:45.810+0000] {logging_mixin.py:188} INFO - [2025-07-08T10:29:45.809+0000] {dag.py:3823} INFO - Setting next_dagrun for example_setup_teardown_taskflow to 2025-07-07 00:00:00+00:00, run_after=2025-07-08 00:00:00+00:00
[2025-07-08T10:29:45.961+0000] {processor.py:183} INFO - Processing /home/airflow/.local/lib/python3.8/site-packages/airflow/example_dags/example_setup_teardown_taskflow.py took 0.566 seconds
[2025-07-08T10:30:16.259+0000] {processor.py:161} INFO - Started process (PID=10849) to work on /home/airflow/.local/lib/python3.8/site-packages/airflow/example_dags/example_setup_teardown_taskflow.py
[2025-07-08T10:30:16.260+0000] {processor.py:830} INFO - Processing file /home/airflow/.local/lib/python3.8/site-packages/airflow/example_dags/example_setup_teardown_taskflow.py for tasks to queue
[2025-07-08T10:30:16.263+0000] {logging_mixin.py:188} INFO - [2025-07-08T10:30:16.263+0000] {dagbag.py:538} INFO - Filling up the DagBag from /home/airflow/.local/lib/python3.8/site-packages/airflow/example_dags/example_setup_teardown_taskflow.py
[2025-07-08T10:30:16.300+0000] {processor.py:840} INFO - DAG(s) 'example_setup_teardown_taskflow' retrieved from /home/airflow/.local/lib/python3.8/site-packages/airflow/example_dags/example_setup_teardown_taskflow.py
[2025-07-08T10:30:16.382+0000] {logging_mixin.py:188} INFO - [2025-07-08T10:30:16.381+0000] {dag.py:3036} INFO - Sync 1 DAGs
[2025-07-08T10:30:16.446+0000] {logging_mixin.py:188} INFO - [2025-07-08T10:30:16.445+0000] {dag.py:3823} INFO - Setting next_dagrun for example_setup_teardown_taskflow to 2025-07-07 00:00:00+00:00, run_after=2025-07-08 00:00:00+00:00
[2025-07-08T10:30:16.499+0000] {processor.py:183} INFO - Processing /home/airflow/.local/lib/python3.8/site-packages/airflow/example_dags/example_setup_teardown_taskflow.py took 0.248 seconds
[2025-07-08T10:30:47.616+0000] {processor.py:161} INFO - Started process (PID=10914) to work on /home/airflow/.local/lib/python3.8/site-packages/airflow/example_dags/example_setup_teardown_taskflow.py
[2025-07-08T10:30:47.629+0000] {processor.py:830} INFO - Processing file /home/airflow/.local/lib/python3.8/site-packages/airflow/example_dags/example_setup_teardown_taskflow.py for tasks to queue
[2025-07-08T10:30:47.637+0000] {logging_mixin.py:188} INFO - [2025-07-08T10:30:47.636+0000] {dagbag.py:538} INFO - Filling up the DagBag from /home/airflow/.local/lib/python3.8/site-packages/airflow/example_dags/example_setup_teardown_taskflow.py
[2025-07-08T10:30:47.734+0000] {processor.py:840} INFO - DAG(s) 'example_setup_teardown_taskflow' retrieved from /home/airflow/.local/lib/python3.8/site-packages/airflow/example_dags/example_setup_teardown_taskflow.py
[2025-07-08T10:30:47.905+0000] {logging_mixin.py:188} INFO - [2025-07-08T10:30:47.905+0000] {dag.py:3036} INFO - Sync 1 DAGs
[2025-07-08T10:30:48.112+0000] {logging_mixin.py:188} INFO - [2025-07-08T10:30:48.112+0000] {dag.py:3823} INFO - Setting next_dagrun for example_setup_teardown_taskflow to 2025-07-07 00:00:00+00:00, run_after=2025-07-08 00:00:00+00:00
[2025-07-08T10:30:48.263+0000] {processor.py:183} INFO - Processing /home/airflow/.local/lib/python3.8/site-packages/airflow/example_dags/example_setup_teardown_taskflow.py took 0.671 seconds
[2025-07-08T10:31:18.998+0000] {processor.py:161} INFO - Started process (PID=10973) to work on /home/airflow/.local/lib/python3.8/site-packages/airflow/example_dags/example_setup_teardown_taskflow.py
[2025-07-08T10:31:19.000+0000] {processor.py:830} INFO - Processing file /home/airflow/.local/lib/python3.8/site-packages/airflow/example_dags/example_setup_teardown_taskflow.py for tasks to queue
[2025-07-08T10:31:19.003+0000] {logging_mixin.py:188} INFO - [2025-07-08T10:31:19.002+0000] {dagbag.py:538} INFO - Filling up the DagBag from /home/airflow/.local/lib/python3.8/site-packages/airflow/example_dags/example_setup_teardown_taskflow.py
[2025-07-08T10:31:19.018+0000] {processor.py:840} INFO - DAG(s) 'example_setup_teardown_taskflow' retrieved from /home/airflow/.local/lib/python3.8/site-packages/airflow/example_dags/example_setup_teardown_taskflow.py
[2025-07-08T10:31:19.054+0000] {logging_mixin.py:188} INFO - [2025-07-08T10:31:19.054+0000] {dag.py:3036} INFO - Sync 1 DAGs
[2025-07-08T10:31:19.092+0000] {logging_mixin.py:188} INFO - [2025-07-08T10:31:19.092+0000] {dag.py:3823} INFO - Setting next_dagrun for example_setup_teardown_taskflow to 2025-07-07 00:00:00+00:00, run_after=2025-07-08 00:00:00+00:00
[2025-07-08T10:31:19.123+0000] {processor.py:183} INFO - Processing /home/airflow/.local/lib/python3.8/site-packages/airflow/example_dags/example_setup_teardown_taskflow.py took 0.132 seconds
[2025-07-08T10:31:49.731+0000] {processor.py:161} INFO - Started process (PID=11043) to work on /home/airflow/.local/lib/python3.8/site-packages/airflow/example_dags/example_setup_teardown_taskflow.py
[2025-07-08T10:31:49.733+0000] {processor.py:830} INFO - Processing file /home/airflow/.local/lib/python3.8/site-packages/airflow/example_dags/example_setup_teardown_taskflow.py for tasks to queue
[2025-07-08T10:31:49.736+0000] {logging_mixin.py:188} INFO - [2025-07-08T10:31:49.736+0000] {dagbag.py:538} INFO - Filling up the DagBag from /home/airflow/.local/lib/python3.8/site-packages/airflow/example_dags/example_setup_teardown_taskflow.py
[2025-07-08T10:31:49.776+0000] {processor.py:840} INFO - DAG(s) 'example_setup_teardown_taskflow' retrieved from /home/airflow/.local/lib/python3.8/site-packages/airflow/example_dags/example_setup_teardown_taskflow.py
[2025-07-08T10:31:49.856+0000] {logging_mixin.py:188} INFO - [2025-07-08T10:31:49.855+0000] {dag.py:3036} INFO - Sync 1 DAGs
[2025-07-08T10:31:49.923+0000] {logging_mixin.py:188} INFO - [2025-07-08T10:31:49.923+0000] {dag.py:3823} INFO - Setting next_dagrun for example_setup_teardown_taskflow to 2025-07-07 00:00:00+00:00, run_after=2025-07-08 00:00:00+00:00
[2025-07-08T10:31:49.959+0000] {processor.py:183} INFO - Processing /home/airflow/.local/lib/python3.8/site-packages/airflow/example_dags/example_setup_teardown_taskflow.py took 0.239 seconds
[2025-07-08T10:32:20.584+0000] {processor.py:161} INFO - Started process (PID=11109) to work on /home/airflow/.local/lib/python3.8/site-packages/airflow/example_dags/example_setup_teardown_taskflow.py
[2025-07-08T10:32:20.585+0000] {processor.py:830} INFO - Processing file /home/airflow/.local/lib/python3.8/site-packages/airflow/example_dags/example_setup_teardown_taskflow.py for tasks to queue
[2025-07-08T10:32:20.587+0000] {logging_mixin.py:188} INFO - [2025-07-08T10:32:20.586+0000] {dagbag.py:538} INFO - Filling up the DagBag from /home/airflow/.local/lib/python3.8/site-packages/airflow/example_dags/example_setup_teardown_taskflow.py
[2025-07-08T10:32:20.607+0000] {processor.py:840} INFO - DAG(s) 'example_setup_teardown_taskflow' retrieved from /home/airflow/.local/lib/python3.8/site-packages/airflow/example_dags/example_setup_teardown_taskflow.py
[2025-07-08T10:32:20.645+0000] {logging_mixin.py:188} INFO - [2025-07-08T10:32:20.644+0000] {dag.py:3036} INFO - Sync 1 DAGs
[2025-07-08T10:32:20.684+0000] {logging_mixin.py:188} INFO - [2025-07-08T10:32:20.683+0000] {dag.py:3823} INFO - Setting next_dagrun for example_setup_teardown_taskflow to 2025-07-07 00:00:00+00:00, run_after=2025-07-08 00:00:00+00:00
[2025-07-08T10:32:20.715+0000] {processor.py:183} INFO - Processing /home/airflow/.local/lib/python3.8/site-packages/airflow/example_dags/example_setup_teardown_taskflow.py took 0.137 seconds
[2025-07-08T10:32:51.336+0000] {processor.py:161} INFO - Started process (PID=11177) to work on /home/airflow/.local/lib/python3.8/site-packages/airflow/example_dags/example_setup_teardown_taskflow.py
[2025-07-08T10:32:51.338+0000] {processor.py:830} INFO - Processing file /home/airflow/.local/lib/python3.8/site-packages/airflow/example_dags/example_setup_teardown_taskflow.py for tasks to queue
[2025-07-08T10:32:51.339+0000] {logging_mixin.py:188} INFO - [2025-07-08T10:32:51.339+0000] {dagbag.py:538} INFO - Filling up the DagBag from /home/airflow/.local/lib/python3.8/site-packages/airflow/example_dags/example_setup_teardown_taskflow.py
[2025-07-08T10:32:51.396+0000] {processor.py:840} INFO - DAG(s) 'example_setup_teardown_taskflow' retrieved from /home/airflow/.local/lib/python3.8/site-packages/airflow/example_dags/example_setup_teardown_taskflow.py
[2025-07-08T10:32:51.480+0000] {logging_mixin.py:188} INFO - [2025-07-08T10:32:51.480+0000] {dag.py:3036} INFO - Sync 1 DAGs
[2025-07-08T10:32:51.526+0000] {logging_mixin.py:188} INFO - [2025-07-08T10:32:51.525+0000] {dag.py:3823} INFO - Setting next_dagrun for example_setup_teardown_taskflow to 2025-07-07 00:00:00+00:00, run_after=2025-07-08 00:00:00+00:00
[2025-07-08T10:32:51.575+0000] {processor.py:183} INFO - Processing /home/airflow/.local/lib/python3.8/site-packages/airflow/example_dags/example_setup_teardown_taskflow.py took 0.246 seconds
[2025-07-08T10:33:21.963+0000] {processor.py:161} INFO - Started process (PID=11245) to work on /home/airflow/.local/lib/python3.8/site-packages/airflow/example_dags/example_setup_teardown_taskflow.py
[2025-07-08T10:33:21.965+0000] {processor.py:830} INFO - Processing file /home/airflow/.local/lib/python3.8/site-packages/airflow/example_dags/example_setup_teardown_taskflow.py for tasks to queue
[2025-07-08T10:33:21.966+0000] {logging_mixin.py:188} INFO - [2025-07-08T10:33:21.966+0000] {dagbag.py:538} INFO - Filling up the DagBag from /home/airflow/.local/lib/python3.8/site-packages/airflow/example_dags/example_setup_teardown_taskflow.py
[2025-07-08T10:33:21.995+0000] {processor.py:840} INFO - DAG(s) 'example_setup_teardown_taskflow' retrieved from /home/airflow/.local/lib/python3.8/site-packages/airflow/example_dags/example_setup_teardown_taskflow.py
[2025-07-08T10:33:22.048+0000] {logging_mixin.py:188} INFO - [2025-07-08T10:33:22.047+0000] {dag.py:3036} INFO - Sync 1 DAGs
[2025-07-08T10:33:22.094+0000] {logging_mixin.py:188} INFO - [2025-07-08T10:33:22.094+0000] {dag.py:3823} INFO - Setting next_dagrun for example_setup_teardown_taskflow to 2025-07-07 00:00:00+00:00, run_after=2025-07-08 00:00:00+00:00
[2025-07-08T10:33:22.129+0000] {processor.py:183} INFO - Processing /home/airflow/.local/lib/python3.8/site-packages/airflow/example_dags/example_setup_teardown_taskflow.py took 0.172 seconds
[2025-07-08T10:33:52.480+0000] {processor.py:161} INFO - Started process (PID=11316) to work on /home/airflow/.local/lib/python3.8/site-packages/airflow/example_dags/example_setup_teardown_taskflow.py
[2025-07-08T10:33:52.498+0000] {processor.py:830} INFO - Processing file /home/airflow/.local/lib/python3.8/site-packages/airflow/example_dags/example_setup_teardown_taskflow.py for tasks to queue
[2025-07-08T10:33:52.499+0000] {logging_mixin.py:188} INFO - [2025-07-08T10:33:52.499+0000] {dagbag.py:538} INFO - Filling up the DagBag from /home/airflow/.local/lib/python3.8/site-packages/airflow/example_dags/example_setup_teardown_taskflow.py
[2025-07-08T10:33:52.520+0000] {processor.py:840} INFO - DAG(s) 'example_setup_teardown_taskflow' retrieved from /home/airflow/.local/lib/python3.8/site-packages/airflow/example_dags/example_setup_teardown_taskflow.py
[2025-07-08T10:33:52.589+0000] {logging_mixin.py:188} INFO - [2025-07-08T10:33:52.588+0000] {dag.py:3036} INFO - Sync 1 DAGs
[2025-07-08T10:33:52.704+0000] {logging_mixin.py:188} INFO - [2025-07-08T10:33:52.703+0000] {dag.py:3823} INFO - Setting next_dagrun for example_setup_teardown_taskflow to 2025-07-07 00:00:00+00:00, run_after=2025-07-08 00:00:00+00:00
[2025-07-08T10:33:52.823+0000] {processor.py:183} INFO - Processing /home/airflow/.local/lib/python3.8/site-packages/airflow/example_dags/example_setup_teardown_taskflow.py took 0.349 seconds
[2025-07-08T10:34:23.245+0000] {processor.py:161} INFO - Started process (PID=11374) to work on /home/airflow/.local/lib/python3.8/site-packages/airflow/example_dags/example_setup_teardown_taskflow.py
[2025-07-08T10:34:23.247+0000] {processor.py:830} INFO - Processing file /home/airflow/.local/lib/python3.8/site-packages/airflow/example_dags/example_setup_teardown_taskflow.py for tasks to queue
[2025-07-08T10:34:23.248+0000] {logging_mixin.py:188} INFO - [2025-07-08T10:34:23.248+0000] {dagbag.py:538} INFO - Filling up the DagBag from /home/airflow/.local/lib/python3.8/site-packages/airflow/example_dags/example_setup_teardown_taskflow.py
[2025-07-08T10:34:23.303+0000] {processor.py:840} INFO - DAG(s) 'example_setup_teardown_taskflow' retrieved from /home/airflow/.local/lib/python3.8/site-packages/airflow/example_dags/example_setup_teardown_taskflow.py
[2025-07-08T10:34:23.449+0000] {logging_mixin.py:188} INFO - [2025-07-08T10:34:23.449+0000] {dag.py:3036} INFO - Sync 1 DAGs
[2025-07-08T10:34:23.626+0000] {logging_mixin.py:188} INFO - [2025-07-08T10:34:23.625+0000] {dag.py:3823} INFO - Setting next_dagrun for example_setup_teardown_taskflow to 2025-07-07 00:00:00+00:00, run_after=2025-07-08 00:00:00+00:00
[2025-07-08T10:34:23.816+0000] {processor.py:183} INFO - Processing /home/airflow/.local/lib/python3.8/site-packages/airflow/example_dags/example_setup_teardown_taskflow.py took 0.585 seconds
[2025-07-08T10:34:54.637+0000] {processor.py:161} INFO - Started process (PID=11444) to work on /home/airflow/.local/lib/python3.8/site-packages/airflow/example_dags/example_setup_teardown_taskflow.py
[2025-07-08T10:34:54.649+0000] {processor.py:830} INFO - Processing file /home/airflow/.local/lib/python3.8/site-packages/airflow/example_dags/example_setup_teardown_taskflow.py for tasks to queue
[2025-07-08T10:34:54.651+0000] {logging_mixin.py:188} INFO - [2025-07-08T10:34:54.650+0000] {dagbag.py:538} INFO - Filling up the DagBag from /home/airflow/.local/lib/python3.8/site-packages/airflow/example_dags/example_setup_teardown_taskflow.py
[2025-07-08T10:34:54.722+0000] {processor.py:840} INFO - DAG(s) 'example_setup_teardown_taskflow' retrieved from /home/airflow/.local/lib/python3.8/site-packages/airflow/example_dags/example_setup_teardown_taskflow.py
[2025-07-08T10:34:54.883+0000] {logging_mixin.py:188} INFO - [2025-07-08T10:34:54.882+0000] {dag.py:3036} INFO - Sync 1 DAGs
[2025-07-08T10:34:55.092+0000] {logging_mixin.py:188} INFO - [2025-07-08T10:34:55.091+0000] {dag.py:3823} INFO - Setting next_dagrun for example_setup_teardown_taskflow to 2025-07-07 00:00:00+00:00, run_after=2025-07-08 00:00:00+00:00
[2025-07-08T10:34:55.224+0000] {processor.py:183} INFO - Processing /home/airflow/.local/lib/python3.8/site-packages/airflow/example_dags/example_setup_teardown_taskflow.py took 0.614 seconds
[2025-07-08T10:35:25.719+0000] {processor.py:161} INFO - Started process (PID=11508) to work on /home/airflow/.local/lib/python3.8/site-packages/airflow/example_dags/example_setup_teardown_taskflow.py
[2025-07-08T10:35:25.726+0000] {processor.py:830} INFO - Processing file /home/airflow/.local/lib/python3.8/site-packages/airflow/example_dags/example_setup_teardown_taskflow.py for tasks to queue
[2025-07-08T10:35:25.733+0000] {logging_mixin.py:188} INFO - [2025-07-08T10:35:25.733+0000] {dagbag.py:538} INFO - Filling up the DagBag from /home/airflow/.local/lib/python3.8/site-packages/airflow/example_dags/example_setup_teardown_taskflow.py
[2025-07-08T10:35:25.785+0000] {processor.py:840} INFO - DAG(s) 'example_setup_teardown_taskflow' retrieved from /home/airflow/.local/lib/python3.8/site-packages/airflow/example_dags/example_setup_teardown_taskflow.py
[2025-07-08T10:35:25.851+0000] {logging_mixin.py:188} INFO - [2025-07-08T10:35:25.851+0000] {dag.py:3036} INFO - Sync 1 DAGs
[2025-07-08T10:35:25.946+0000] {logging_mixin.py:188} INFO - [2025-07-08T10:35:25.944+0000] {dag.py:3823} INFO - Setting next_dagrun for example_setup_teardown_taskflow to 2025-07-07 00:00:00+00:00, run_after=2025-07-08 00:00:00+00:00
[2025-07-08T10:35:26.066+0000] {processor.py:183} INFO - Processing /home/airflow/.local/lib/python3.8/site-packages/airflow/example_dags/example_setup_teardown_taskflow.py took 0.388 seconds
[2025-07-08T10:35:56.891+0000] {processor.py:161} INFO - Started process (PID=11575) to work on /home/airflow/.local/lib/python3.8/site-packages/airflow/example_dags/example_setup_teardown_taskflow.py
[2025-07-08T10:35:56.933+0000] {processor.py:830} INFO - Processing file /home/airflow/.local/lib/python3.8/site-packages/airflow/example_dags/example_setup_teardown_taskflow.py for tasks to queue
[2025-07-08T10:35:56.935+0000] {logging_mixin.py:188} INFO - [2025-07-08T10:35:56.935+0000] {dagbag.py:538} INFO - Filling up the DagBag from /home/airflow/.local/lib/python3.8/site-packages/airflow/example_dags/example_setup_teardown_taskflow.py
[2025-07-08T10:35:57.002+0000] {processor.py:840} INFO - DAG(s) 'example_setup_teardown_taskflow' retrieved from /home/airflow/.local/lib/python3.8/site-packages/airflow/example_dags/example_setup_teardown_taskflow.py
[2025-07-08T10:35:57.105+0000] {logging_mixin.py:188} INFO - [2025-07-08T10:35:57.105+0000] {dag.py:3036} INFO - Sync 1 DAGs
[2025-07-08T10:35:57.226+0000] {logging_mixin.py:188} INFO - [2025-07-08T10:35:57.226+0000] {dag.py:3823} INFO - Setting next_dagrun for example_setup_teardown_taskflow to 2025-07-07 00:00:00+00:00, run_after=2025-07-08 00:00:00+00:00
[2025-07-08T10:35:57.314+0000] {processor.py:183} INFO - Processing /home/airflow/.local/lib/python3.8/site-packages/airflow/example_dags/example_setup_teardown_taskflow.py took 0.449 seconds
[2025-07-08T10:36:28.207+0000] {processor.py:161} INFO - Started process (PID=11635) to work on /home/airflow/.local/lib/python3.8/site-packages/airflow/example_dags/example_setup_teardown_taskflow.py
[2025-07-08T10:36:28.213+0000] {processor.py:830} INFO - Processing file /home/airflow/.local/lib/python3.8/site-packages/airflow/example_dags/example_setup_teardown_taskflow.py for tasks to queue
[2025-07-08T10:36:28.221+0000] {logging_mixin.py:188} INFO - [2025-07-08T10:36:28.220+0000] {dagbag.py:538} INFO - Filling up the DagBag from /home/airflow/.local/lib/python3.8/site-packages/airflow/example_dags/example_setup_teardown_taskflow.py
[2025-07-08T10:36:28.282+0000] {processor.py:840} INFO - DAG(s) 'example_setup_teardown_taskflow' retrieved from /home/airflow/.local/lib/python3.8/site-packages/airflow/example_dags/example_setup_teardown_taskflow.py
[2025-07-08T10:36:28.361+0000] {logging_mixin.py:188} INFO - [2025-07-08T10:36:28.361+0000] {dag.py:3036} INFO - Sync 1 DAGs
[2025-07-08T10:36:28.502+0000] {logging_mixin.py:188} INFO - [2025-07-08T10:36:28.502+0000] {dag.py:3823} INFO - Setting next_dagrun for example_setup_teardown_taskflow to 2025-07-07 00:00:00+00:00, run_after=2025-07-08 00:00:00+00:00
[2025-07-08T10:36:28.660+0000] {processor.py:183} INFO - Processing /home/airflow/.local/lib/python3.8/site-packages/airflow/example_dags/example_setup_teardown_taskflow.py took 0.471 seconds
[2025-07-08T10:36:59.184+0000] {processor.py:161} INFO - Started process (PID=11702) to work on /home/airflow/.local/lib/python3.8/site-packages/airflow/example_dags/example_setup_teardown_taskflow.py
[2025-07-08T10:36:59.192+0000] {processor.py:830} INFO - Processing file /home/airflow/.local/lib/python3.8/site-packages/airflow/example_dags/example_setup_teardown_taskflow.py for tasks to queue
[2025-07-08T10:36:59.194+0000] {logging_mixin.py:188} INFO - [2025-07-08T10:36:59.193+0000] {dagbag.py:538} INFO - Filling up the DagBag from /home/airflow/.local/lib/python3.8/site-packages/airflow/example_dags/example_setup_teardown_taskflow.py
[2025-07-08T10:36:59.236+0000] {processor.py:840} INFO - DAG(s) 'example_setup_teardown_taskflow' retrieved from /home/airflow/.local/lib/python3.8/site-packages/airflow/example_dags/example_setup_teardown_taskflow.py
[2025-07-08T10:36:59.305+0000] {logging_mixin.py:188} INFO - [2025-07-08T10:36:59.305+0000] {dag.py:3036} INFO - Sync 1 DAGs
[2025-07-08T10:36:59.390+0000] {logging_mixin.py:188} INFO - [2025-07-08T10:36:59.389+0000] {dag.py:3823} INFO - Setting next_dagrun for example_setup_teardown_taskflow to 2025-07-07 00:00:00+00:00, run_after=2025-07-08 00:00:00+00:00
[2025-07-08T10:36:59.448+0000] {processor.py:183} INFO - Processing /home/airflow/.local/lib/python3.8/site-packages/airflow/example_dags/example_setup_teardown_taskflow.py took 0.270 seconds
[2025-07-08T10:37:29.977+0000] {processor.py:161} INFO - Started process (PID=11772) to work on /home/airflow/.local/lib/python3.8/site-packages/airflow/example_dags/example_setup_teardown_taskflow.py
[2025-07-08T10:37:29.978+0000] {processor.py:830} INFO - Processing file /home/airflow/.local/lib/python3.8/site-packages/airflow/example_dags/example_setup_teardown_taskflow.py for tasks to queue
[2025-07-08T10:37:29.980+0000] {logging_mixin.py:188} INFO - [2025-07-08T10:37:29.979+0000] {dagbag.py:538} INFO - Filling up the DagBag from /home/airflow/.local/lib/python3.8/site-packages/airflow/example_dags/example_setup_teardown_taskflow.py
[2025-07-08T10:37:30.003+0000] {processor.py:840} INFO - DAG(s) 'example_setup_teardown_taskflow' retrieved from /home/airflow/.local/lib/python3.8/site-packages/airflow/example_dags/example_setup_teardown_taskflow.py
[2025-07-08T10:37:30.062+0000] {logging_mixin.py:188} INFO - [2025-07-08T10:37:30.062+0000] {dag.py:3036} INFO - Sync 1 DAGs
[2025-07-08T10:37:30.139+0000] {logging_mixin.py:188} INFO - [2025-07-08T10:37:30.139+0000] {dag.py:3823} INFO - Setting next_dagrun for example_setup_teardown_taskflow to 2025-07-07 00:00:00+00:00, run_after=2025-07-08 00:00:00+00:00
[2025-07-08T10:37:30.226+0000] {processor.py:183} INFO - Processing /home/airflow/.local/lib/python3.8/site-packages/airflow/example_dags/example_setup_teardown_taskflow.py took 0.256 seconds
[2025-07-08T10:38:00.397+0000] {processor.py:161} INFO - Started process (PID=11834) to work on /home/airflow/.local/lib/python3.8/site-packages/airflow/example_dags/example_setup_teardown_taskflow.py
[2025-07-08T10:38:00.399+0000] {processor.py:830} INFO - Processing file /home/airflow/.local/lib/python3.8/site-packages/airflow/example_dags/example_setup_teardown_taskflow.py for tasks to queue
[2025-07-08T10:38:00.400+0000] {logging_mixin.py:188} INFO - [2025-07-08T10:38:00.399+0000] {dagbag.py:538} INFO - Filling up the DagBag from /home/airflow/.local/lib/python3.8/site-packages/airflow/example_dags/example_setup_teardown_taskflow.py
[2025-07-08T10:38:00.419+0000] {processor.py:840} INFO - DAG(s) 'example_setup_teardown_taskflow' retrieved from /home/airflow/.local/lib/python3.8/site-packages/airflow/example_dags/example_setup_teardown_taskflow.py
[2025-07-08T10:38:00.464+0000] {logging_mixin.py:188} INFO - [2025-07-08T10:38:00.463+0000] {dag.py:3036} INFO - Sync 1 DAGs
[2025-07-08T10:38:00.508+0000] {logging_mixin.py:188} INFO - [2025-07-08T10:38:00.507+0000] {dag.py:3823} INFO - Setting next_dagrun for example_setup_teardown_taskflow to 2025-07-07 00:00:00+00:00, run_after=2025-07-08 00:00:00+00:00
[2025-07-08T10:38:00.539+0000] {processor.py:183} INFO - Processing /home/airflow/.local/lib/python3.8/site-packages/airflow/example_dags/example_setup_teardown_taskflow.py took 0.148 seconds
[2025-07-08T10:38:30.970+0000] {processor.py:161} INFO - Started process (PID=11901) to work on /home/airflow/.local/lib/python3.8/site-packages/airflow/example_dags/example_setup_teardown_taskflow.py
[2025-07-08T10:38:30.971+0000] {processor.py:830} INFO - Processing file /home/airflow/.local/lib/python3.8/site-packages/airflow/example_dags/example_setup_teardown_taskflow.py for tasks to queue
[2025-07-08T10:38:30.982+0000] {logging_mixin.py:188} INFO - [2025-07-08T10:38:30.982+0000] {dagbag.py:538} INFO - Filling up the DagBag from /home/airflow/.local/lib/python3.8/site-packages/airflow/example_dags/example_setup_teardown_taskflow.py
[2025-07-08T10:38:31.069+0000] {processor.py:840} INFO - DAG(s) 'example_setup_teardown_taskflow' retrieved from /home/airflow/.local/lib/python3.8/site-packages/airflow/example_dags/example_setup_teardown_taskflow.py
[2025-07-08T10:38:31.215+0000] {logging_mixin.py:188} INFO - [2025-07-08T10:38:31.214+0000] {dag.py:3036} INFO - Sync 1 DAGs
[2025-07-08T10:38:31.384+0000] {logging_mixin.py:188} INFO - [2025-07-08T10:38:31.383+0000] {dag.py:3823} INFO - Setting next_dagrun for example_setup_teardown_taskflow to 2025-07-07 00:00:00+00:00, run_after=2025-07-08 00:00:00+00:00
[2025-07-08T10:38:31.444+0000] {processor.py:183} INFO - Processing /home/airflow/.local/lib/python3.8/site-packages/airflow/example_dags/example_setup_teardown_taskflow.py took 0.505 seconds
[2025-07-08T10:39:01.735+0000] {processor.py:161} INFO - Started process (PID=11967) to work on /home/airflow/.local/lib/python3.8/site-packages/airflow/example_dags/example_setup_teardown_taskflow.py
[2025-07-08T10:39:01.737+0000] {processor.py:830} INFO - Processing file /home/airflow/.local/lib/python3.8/site-packages/airflow/example_dags/example_setup_teardown_taskflow.py for tasks to queue
[2025-07-08T10:39:01.739+0000] {logging_mixin.py:188} INFO - [2025-07-08T10:39:01.738+0000] {dagbag.py:538} INFO - Filling up the DagBag from /home/airflow/.local/lib/python3.8/site-packages/airflow/example_dags/example_setup_teardown_taskflow.py
[2025-07-08T10:39:01.772+0000] {processor.py:840} INFO - DAG(s) 'example_setup_teardown_taskflow' retrieved from /home/airflow/.local/lib/python3.8/site-packages/airflow/example_dags/example_setup_teardown_taskflow.py
[2025-07-08T10:39:01.903+0000] {logging_mixin.py:188} INFO - [2025-07-08T10:39:01.899+0000] {dag.py:3036} INFO - Sync 1 DAGs
[2025-07-08T10:39:01.967+0000] {logging_mixin.py:188} INFO - [2025-07-08T10:39:01.967+0000] {dag.py:3823} INFO - Setting next_dagrun for example_setup_teardown_taskflow to 2025-07-07 00:00:00+00:00, run_after=2025-07-08 00:00:00+00:00
[2025-07-08T10:39:02.062+0000] {processor.py:183} INFO - Processing /home/airflow/.local/lib/python3.8/site-packages/airflow/example_dags/example_setup_teardown_taskflow.py took 0.335 seconds
[2025-07-08T10:39:32.425+0000] {processor.py:161} INFO - Started process (PID=12035) to work on /home/airflow/.local/lib/python3.8/site-packages/airflow/example_dags/example_setup_teardown_taskflow.py
[2025-07-08T10:39:32.439+0000] {processor.py:830} INFO - Processing file /home/airflow/.local/lib/python3.8/site-packages/airflow/example_dags/example_setup_teardown_taskflow.py for tasks to queue
[2025-07-08T10:39:32.449+0000] {logging_mixin.py:188} INFO - [2025-07-08T10:39:32.448+0000] {dagbag.py:538} INFO - Filling up the DagBag from /home/airflow/.local/lib/python3.8/site-packages/airflow/example_dags/example_setup_teardown_taskflow.py
[2025-07-08T10:39:32.553+0000] {processor.py:840} INFO - DAG(s) 'example_setup_teardown_taskflow' retrieved from /home/airflow/.local/lib/python3.8/site-packages/airflow/example_dags/example_setup_teardown_taskflow.py
[2025-07-08T10:39:32.731+0000] {logging_mixin.py:188} INFO - [2025-07-08T10:39:32.731+0000] {dag.py:3036} INFO - Sync 1 DAGs
[2025-07-08T10:39:33.107+0000] {logging_mixin.py:188} INFO - [2025-07-08T10:39:33.106+0000] {dag.py:3823} INFO - Setting next_dagrun for example_setup_teardown_taskflow to 2025-07-07 00:00:00+00:00, run_after=2025-07-08 00:00:00+00:00
[2025-07-08T10:39:33.270+0000] {processor.py:183} INFO - Processing /home/airflow/.local/lib/python3.8/site-packages/airflow/example_dags/example_setup_teardown_taskflow.py took 0.872 seconds
[2025-07-08T10:40:04.255+0000] {processor.py:161} INFO - Started process (PID=12094) to work on /home/airflow/.local/lib/python3.8/site-packages/airflow/example_dags/example_setup_teardown_taskflow.py
[2025-07-08T10:40:04.270+0000] {processor.py:830} INFO - Processing file /home/airflow/.local/lib/python3.8/site-packages/airflow/example_dags/example_setup_teardown_taskflow.py for tasks to queue
[2025-07-08T10:40:04.272+0000] {logging_mixin.py:188} INFO - [2025-07-08T10:40:04.271+0000] {dagbag.py:538} INFO - Filling up the DagBag from /home/airflow/.local/lib/python3.8/site-packages/airflow/example_dags/example_setup_teardown_taskflow.py
[2025-07-08T10:40:04.326+0000] {processor.py:840} INFO - DAG(s) 'example_setup_teardown_taskflow' retrieved from /home/airflow/.local/lib/python3.8/site-packages/airflow/example_dags/example_setup_teardown_taskflow.py
[2025-07-08T10:40:04.433+0000] {logging_mixin.py:188} INFO - [2025-07-08T10:40:04.433+0000] {dag.py:3036} INFO - Sync 1 DAGs
[2025-07-08T10:40:04.574+0000] {logging_mixin.py:188} INFO - [2025-07-08T10:40:04.574+0000] {dag.py:3823} INFO - Setting next_dagrun for example_setup_teardown_taskflow to 2025-07-07 00:00:00+00:00, run_after=2025-07-08 00:00:00+00:00
[2025-07-08T10:40:04.656+0000] {processor.py:183} INFO - Processing /home/airflow/.local/lib/python3.8/site-packages/airflow/example_dags/example_setup_teardown_taskflow.py took 0.407 seconds
[2025-07-08T10:40:35.145+0000] {processor.py:161} INFO - Started process (PID=12161) to work on /home/airflow/.local/lib/python3.8/site-packages/airflow/example_dags/example_setup_teardown_taskflow.py
[2025-07-08T10:40:35.147+0000] {processor.py:830} INFO - Processing file /home/airflow/.local/lib/python3.8/site-packages/airflow/example_dags/example_setup_teardown_taskflow.py for tasks to queue
[2025-07-08T10:40:35.190+0000] {logging_mixin.py:188} INFO - [2025-07-08T10:40:35.188+0000] {dagbag.py:538} INFO - Filling up the DagBag from /home/airflow/.local/lib/python3.8/site-packages/airflow/example_dags/example_setup_teardown_taskflow.py
[2025-07-08T10:40:35.312+0000] {processor.py:840} INFO - DAG(s) 'example_setup_teardown_taskflow' retrieved from /home/airflow/.local/lib/python3.8/site-packages/airflow/example_dags/example_setup_teardown_taskflow.py
[2025-07-08T10:40:35.478+0000] {logging_mixin.py:188} INFO - [2025-07-08T10:40:35.473+0000] {dag.py:3036} INFO - Sync 1 DAGs
[2025-07-08T10:40:35.622+0000] {logging_mixin.py:188} INFO - [2025-07-08T10:40:35.622+0000] {dag.py:3823} INFO - Setting next_dagrun for example_setup_teardown_taskflow to 2025-07-07 00:00:00+00:00, run_after=2025-07-08 00:00:00+00:00
[2025-07-08T10:40:35.696+0000] {processor.py:183} INFO - Processing /home/airflow/.local/lib/python3.8/site-packages/airflow/example_dags/example_setup_teardown_taskflow.py took 0.600 seconds
[2025-07-08T10:41:06.012+0000] {processor.py:161} INFO - Started process (PID=12228) to work on /home/airflow/.local/lib/python3.8/site-packages/airflow/example_dags/example_setup_teardown_taskflow.py
[2025-07-08T10:41:06.018+0000] {processor.py:830} INFO - Processing file /home/airflow/.local/lib/python3.8/site-packages/airflow/example_dags/example_setup_teardown_taskflow.py for tasks to queue
[2025-07-08T10:41:06.019+0000] {logging_mixin.py:188} INFO - [2025-07-08T10:41:06.019+0000] {dagbag.py:538} INFO - Filling up the DagBag from /home/airflow/.local/lib/python3.8/site-packages/airflow/example_dags/example_setup_teardown_taskflow.py
[2025-07-08T10:41:06.090+0000] {processor.py:840} INFO - DAG(s) 'example_setup_teardown_taskflow' retrieved from /home/airflow/.local/lib/python3.8/site-packages/airflow/example_dags/example_setup_teardown_taskflow.py
[2025-07-08T10:41:06.231+0000] {logging_mixin.py:188} INFO - [2025-07-08T10:41:06.230+0000] {dag.py:3036} INFO - Sync 1 DAGs
[2025-07-08T10:41:06.508+0000] {logging_mixin.py:188} INFO - [2025-07-08T10:41:06.495+0000] {dag.py:3823} INFO - Setting next_dagrun for example_setup_teardown_taskflow to 2025-07-07 00:00:00+00:00, run_after=2025-07-08 00:00:00+00:00
[2025-07-08T10:41:06.676+0000] {processor.py:183} INFO - Processing /home/airflow/.local/lib/python3.8/site-packages/airflow/example_dags/example_setup_teardown_taskflow.py took 0.683 seconds
[2025-07-08T10:41:37.023+0000] {processor.py:161} INFO - Started process (PID=12291) to work on /home/airflow/.local/lib/python3.8/site-packages/airflow/example_dags/example_setup_teardown_taskflow.py
[2025-07-08T10:41:37.024+0000] {processor.py:830} INFO - Processing file /home/airflow/.local/lib/python3.8/site-packages/airflow/example_dags/example_setup_teardown_taskflow.py for tasks to queue
[2025-07-08T10:41:37.026+0000] {logging_mixin.py:188} INFO - [2025-07-08T10:41:37.025+0000] {dagbag.py:538} INFO - Filling up the DagBag from /home/airflow/.local/lib/python3.8/site-packages/airflow/example_dags/example_setup_teardown_taskflow.py
[2025-07-08T10:41:37.134+0000] {processor.py:840} INFO - DAG(s) 'example_setup_teardown_taskflow' retrieved from /home/airflow/.local/lib/python3.8/site-packages/airflow/example_dags/example_setup_teardown_taskflow.py
[2025-07-08T10:41:37.473+0000] {logging_mixin.py:188} INFO - [2025-07-08T10:41:37.473+0000] {dag.py:3036} INFO - Sync 1 DAGs
[2025-07-08T10:41:37.666+0000] {logging_mixin.py:188} INFO - [2025-07-08T10:41:37.666+0000] {dag.py:3823} INFO - Setting next_dagrun for example_setup_teardown_taskflow to 2025-07-07 00:00:00+00:00, run_after=2025-07-08 00:00:00+00:00
[2025-07-08T10:41:37.742+0000] {processor.py:183} INFO - Processing /home/airflow/.local/lib/python3.8/site-packages/airflow/example_dags/example_setup_teardown_taskflow.py took 0.750 seconds
[2025-07-08T10:42:08.325+0000] {processor.py:161} INFO - Started process (PID=12357) to work on /home/airflow/.local/lib/python3.8/site-packages/airflow/example_dags/example_setup_teardown_taskflow.py
[2025-07-08T10:42:08.331+0000] {processor.py:830} INFO - Processing file /home/airflow/.local/lib/python3.8/site-packages/airflow/example_dags/example_setup_teardown_taskflow.py for tasks to queue
[2025-07-08T10:42:08.333+0000] {logging_mixin.py:188} INFO - [2025-07-08T10:42:08.332+0000] {dagbag.py:538} INFO - Filling up the DagBag from /home/airflow/.local/lib/python3.8/site-packages/airflow/example_dags/example_setup_teardown_taskflow.py
[2025-07-08T10:42:08.459+0000] {processor.py:840} INFO - DAG(s) 'example_setup_teardown_taskflow' retrieved from /home/airflow/.local/lib/python3.8/site-packages/airflow/example_dags/example_setup_teardown_taskflow.py
[2025-07-08T10:42:08.749+0000] {logging_mixin.py:188} INFO - [2025-07-08T10:42:08.749+0000] {dag.py:3036} INFO - Sync 1 DAGs
[2025-07-08T10:42:08.920+0000] {logging_mixin.py:188} INFO - [2025-07-08T10:42:08.910+0000] {dag.py:3823} INFO - Setting next_dagrun for example_setup_teardown_taskflow to 2025-07-07 00:00:00+00:00, run_after=2025-07-08 00:00:00+00:00
[2025-07-08T10:42:08.983+0000] {processor.py:183} INFO - Processing /home/airflow/.local/lib/python3.8/site-packages/airflow/example_dags/example_setup_teardown_taskflow.py took 0.686 seconds
[2025-07-08T10:42:39.645+0000] {processor.py:161} INFO - Started process (PID=12415) to work on /home/airflow/.local/lib/python3.8/site-packages/airflow/example_dags/example_setup_teardown_taskflow.py
[2025-07-08T10:42:39.654+0000] {processor.py:830} INFO - Processing file /home/airflow/.local/lib/python3.8/site-packages/airflow/example_dags/example_setup_teardown_taskflow.py for tasks to queue
[2025-07-08T10:42:39.679+0000] {logging_mixin.py:188} INFO - [2025-07-08T10:42:39.655+0000] {dagbag.py:538} INFO - Filling up the DagBag from /home/airflow/.local/lib/python3.8/site-packages/airflow/example_dags/example_setup_teardown_taskflow.py
[2025-07-08T10:42:39.716+0000] {processor.py:840} INFO - DAG(s) 'example_setup_teardown_taskflow' retrieved from /home/airflow/.local/lib/python3.8/site-packages/airflow/example_dags/example_setup_teardown_taskflow.py
[2025-07-08T10:42:39.797+0000] {logging_mixin.py:188} INFO - [2025-07-08T10:42:39.794+0000] {dag.py:3036} INFO - Sync 1 DAGs
[2025-07-08T10:42:39.879+0000] {logging_mixin.py:188} INFO - [2025-07-08T10:42:39.879+0000] {dag.py:3823} INFO - Setting next_dagrun for example_setup_teardown_taskflow to 2025-07-07 00:00:00+00:00, run_after=2025-07-08 00:00:00+00:00
[2025-07-08T10:42:39.932+0000] {processor.py:183} INFO - Processing /home/airflow/.local/lib/python3.8/site-packages/airflow/example_dags/example_setup_teardown_taskflow.py took 0.299 seconds
[2025-07-08T10:43:10.548+0000] {processor.py:161} INFO - Started process (PID=12483) to work on /home/airflow/.local/lib/python3.8/site-packages/airflow/example_dags/example_setup_teardown_taskflow.py
[2025-07-08T10:43:10.556+0000] {processor.py:830} INFO - Processing file /home/airflow/.local/lib/python3.8/site-packages/airflow/example_dags/example_setup_teardown_taskflow.py for tasks to queue
[2025-07-08T10:43:10.558+0000] {logging_mixin.py:188} INFO - [2025-07-08T10:43:10.557+0000] {dagbag.py:538} INFO - Filling up the DagBag from /home/airflow/.local/lib/python3.8/site-packages/airflow/example_dags/example_setup_teardown_taskflow.py
[2025-07-08T10:43:10.612+0000] {processor.py:840} INFO - DAG(s) 'example_setup_teardown_taskflow' retrieved from /home/airflow/.local/lib/python3.8/site-packages/airflow/example_dags/example_setup_teardown_taskflow.py
[2025-07-08T10:43:10.769+0000] {logging_mixin.py:188} INFO - [2025-07-08T10:43:10.769+0000] {dag.py:3036} INFO - Sync 1 DAGs
[2025-07-08T10:43:10.960+0000] {logging_mixin.py:188} INFO - [2025-07-08T10:43:10.960+0000] {dag.py:3823} INFO - Setting next_dagrun for example_setup_teardown_taskflow to 2025-07-07 00:00:00+00:00, run_after=2025-07-08 00:00:00+00:00
[2025-07-08T10:43:11.047+0000] {processor.py:183} INFO - Processing /home/airflow/.local/lib/python3.8/site-packages/airflow/example_dags/example_setup_teardown_taskflow.py took 0.521 seconds
[2025-07-08T10:43:41.245+0000] {processor.py:161} INFO - Started process (PID=12549) to work on /home/airflow/.local/lib/python3.8/site-packages/airflow/example_dags/example_setup_teardown_taskflow.py
[2025-07-08T10:43:41.246+0000] {processor.py:830} INFO - Processing file /home/airflow/.local/lib/python3.8/site-packages/airflow/example_dags/example_setup_teardown_taskflow.py for tasks to queue
[2025-07-08T10:43:41.248+0000] {logging_mixin.py:188} INFO - [2025-07-08T10:43:41.247+0000] {dagbag.py:538} INFO - Filling up the DagBag from /home/airflow/.local/lib/python3.8/site-packages/airflow/example_dags/example_setup_teardown_taskflow.py
[2025-07-08T10:43:41.275+0000] {processor.py:840} INFO - DAG(s) 'example_setup_teardown_taskflow' retrieved from /home/airflow/.local/lib/python3.8/site-packages/airflow/example_dags/example_setup_teardown_taskflow.py
[2025-07-08T10:43:41.426+0000] {logging_mixin.py:188} INFO - [2025-07-08T10:43:41.425+0000] {dag.py:3036} INFO - Sync 1 DAGs
[2025-07-08T10:43:41.552+0000] {logging_mixin.py:188} INFO - [2025-07-08T10:43:41.552+0000] {dag.py:3823} INFO - Setting next_dagrun for example_setup_teardown_taskflow to 2025-07-07 00:00:00+00:00, run_after=2025-07-08 00:00:00+00:00
[2025-07-08T10:43:41.637+0000] {processor.py:183} INFO - Processing /home/airflow/.local/lib/python3.8/site-packages/airflow/example_dags/example_setup_teardown_taskflow.py took 0.417 seconds
[2025-07-08T10:44:12.377+0000] {processor.py:161} INFO - Started process (PID=12610) to work on /home/airflow/.local/lib/python3.8/site-packages/airflow/example_dags/example_setup_teardown_taskflow.py
[2025-07-08T10:44:12.384+0000] {processor.py:830} INFO - Processing file /home/airflow/.local/lib/python3.8/site-packages/airflow/example_dags/example_setup_teardown_taskflow.py for tasks to queue
[2025-07-08T10:44:12.386+0000] {logging_mixin.py:188} INFO - [2025-07-08T10:44:12.385+0000] {dagbag.py:538} INFO - Filling up the DagBag from /home/airflow/.local/lib/python3.8/site-packages/airflow/example_dags/example_setup_teardown_taskflow.py
[2025-07-08T10:44:12.430+0000] {processor.py:840} INFO - DAG(s) 'example_setup_teardown_taskflow' retrieved from /home/airflow/.local/lib/python3.8/site-packages/airflow/example_dags/example_setup_teardown_taskflow.py
[2025-07-08T10:44:12.524+0000] {logging_mixin.py:188} INFO - [2025-07-08T10:44:12.524+0000] {dag.py:3036} INFO - Sync 1 DAGs
[2025-07-08T10:44:12.610+0000] {logging_mixin.py:188} INFO - [2025-07-08T10:44:12.610+0000] {dag.py:3823} INFO - Setting next_dagrun for example_setup_teardown_taskflow to 2025-07-07 00:00:00+00:00, run_after=2025-07-08 00:00:00+00:00
[2025-07-08T10:44:12.668+0000] {processor.py:183} INFO - Processing /home/airflow/.local/lib/python3.8/site-packages/airflow/example_dags/example_setup_teardown_taskflow.py took 0.310 seconds
[2025-07-08T10:44:43.128+0000] {processor.py:161} INFO - Started process (PID=12678) to work on /home/airflow/.local/lib/python3.8/site-packages/airflow/example_dags/example_setup_teardown_taskflow.py
[2025-07-08T10:44:43.129+0000] {processor.py:830} INFO - Processing file /home/airflow/.local/lib/python3.8/site-packages/airflow/example_dags/example_setup_teardown_taskflow.py for tasks to queue
[2025-07-08T10:44:43.131+0000] {logging_mixin.py:188} INFO - [2025-07-08T10:44:43.130+0000] {dagbag.py:538} INFO - Filling up the DagBag from /home/airflow/.local/lib/python3.8/site-packages/airflow/example_dags/example_setup_teardown_taskflow.py
[2025-07-08T10:44:43.179+0000] {processor.py:840} INFO - DAG(s) 'example_setup_teardown_taskflow' retrieved from /home/airflow/.local/lib/python3.8/site-packages/airflow/example_dags/example_setup_teardown_taskflow.py
[2025-07-08T10:44:43.281+0000] {logging_mixin.py:188} INFO - [2025-07-08T10:44:43.281+0000] {dag.py:3036} INFO - Sync 1 DAGs
[2025-07-08T10:44:43.422+0000] {logging_mixin.py:188} INFO - [2025-07-08T10:44:43.422+0000] {dag.py:3823} INFO - Setting next_dagrun for example_setup_teardown_taskflow to 2025-07-07 00:00:00+00:00, run_after=2025-07-08 00:00:00+00:00
[2025-07-08T10:44:43.554+0000] {processor.py:183} INFO - Processing /home/airflow/.local/lib/python3.8/site-packages/airflow/example_dags/example_setup_teardown_taskflow.py took 0.476 seconds
[2025-07-08T10:45:15.023+0000] {processor.py:161} INFO - Started process (PID=12739) to work on /home/airflow/.local/lib/python3.8/site-packages/airflow/example_dags/example_setup_teardown_taskflow.py
[2025-07-08T10:45:15.034+0000] {processor.py:830} INFO - Processing file /home/airflow/.local/lib/python3.8/site-packages/airflow/example_dags/example_setup_teardown_taskflow.py for tasks to queue
[2025-07-08T10:45:15.035+0000] {logging_mixin.py:188} INFO - [2025-07-08T10:45:15.035+0000] {dagbag.py:538} INFO - Filling up the DagBag from /home/airflow/.local/lib/python3.8/site-packages/airflow/example_dags/example_setup_teardown_taskflow.py
[2025-07-08T10:45:15.076+0000] {processor.py:840} INFO - DAG(s) 'example_setup_teardown_taskflow' retrieved from /home/airflow/.local/lib/python3.8/site-packages/airflow/example_dags/example_setup_teardown_taskflow.py
[2025-07-08T10:45:15.154+0000] {logging_mixin.py:188} INFO - [2025-07-08T10:45:15.154+0000] {dag.py:3036} INFO - Sync 1 DAGs
[2025-07-08T10:45:15.266+0000] {logging_mixin.py:188} INFO - [2025-07-08T10:45:15.266+0000] {dag.py:3823} INFO - Setting next_dagrun for example_setup_teardown_taskflow to 2025-07-07 00:00:00+00:00, run_after=2025-07-08 00:00:00+00:00
[2025-07-08T10:45:15.390+0000] {processor.py:183} INFO - Processing /home/airflow/.local/lib/python3.8/site-packages/airflow/example_dags/example_setup_teardown_taskflow.py took 0.373 seconds
[2025-07-08T10:45:49.605+0000] {processor.py:161} INFO - Started process (PID=12808) to work on /home/airflow/.local/lib/python3.8/site-packages/airflow/example_dags/example_setup_teardown_taskflow.py
[2025-07-08T10:45:49.607+0000] {processor.py:830} INFO - Processing file /home/airflow/.local/lib/python3.8/site-packages/airflow/example_dags/example_setup_teardown_taskflow.py for tasks to queue
[2025-07-08T10:45:49.608+0000] {logging_mixin.py:188} INFO - [2025-07-08T10:45:49.608+0000] {dagbag.py:538} INFO - Filling up the DagBag from /home/airflow/.local/lib/python3.8/site-packages/airflow/example_dags/example_setup_teardown_taskflow.py
[2025-07-08T10:45:49.628+0000] {processor.py:840} INFO - DAG(s) 'example_setup_teardown_taskflow' retrieved from /home/airflow/.local/lib/python3.8/site-packages/airflow/example_dags/example_setup_teardown_taskflow.py
[2025-07-08T10:45:49.690+0000] {logging_mixin.py:188} INFO - [2025-07-08T10:45:49.689+0000] {dag.py:3036} INFO - Sync 1 DAGs
[2025-07-08T10:45:49.737+0000] {logging_mixin.py:188} INFO - [2025-07-08T10:45:49.736+0000] {dag.py:3823} INFO - Setting next_dagrun for example_setup_teardown_taskflow to 2025-07-07 00:00:00+00:00, run_after=2025-07-08 00:00:00+00:00
[2025-07-08T10:45:49.774+0000] {processor.py:183} INFO - Processing /home/airflow/.local/lib/python3.8/site-packages/airflow/example_dags/example_setup_teardown_taskflow.py took 0.175 seconds
[2025-07-08T10:46:24.682+0000] {processor.py:161} INFO - Started process (PID=12877) to work on /home/airflow/.local/lib/python3.8/site-packages/airflow/example_dags/example_setup_teardown_taskflow.py
[2025-07-08T10:46:24.688+0000] {processor.py:830} INFO - Processing file /home/airflow/.local/lib/python3.8/site-packages/airflow/example_dags/example_setup_teardown_taskflow.py for tasks to queue
[2025-07-08T10:46:24.690+0000] {logging_mixin.py:188} INFO - [2025-07-08T10:46:24.689+0000] {dagbag.py:538} INFO - Filling up the DagBag from /home/airflow/.local/lib/python3.8/site-packages/airflow/example_dags/example_setup_teardown_taskflow.py
[2025-07-08T10:46:24.784+0000] {processor.py:840} INFO - DAG(s) 'example_setup_teardown_taskflow' retrieved from /home/airflow/.local/lib/python3.8/site-packages/airflow/example_dags/example_setup_teardown_taskflow.py
[2025-07-08T10:46:24.870+0000] {logging_mixin.py:188} INFO - [2025-07-08T10:46:24.869+0000] {dag.py:3036} INFO - Sync 1 DAGs
[2025-07-08T10:46:24.942+0000] {logging_mixin.py:188} INFO - [2025-07-08T10:46:24.942+0000] {dag.py:3823} INFO - Setting next_dagrun for example_setup_teardown_taskflow to 2025-07-07 00:00:00+00:00, run_after=2025-07-08 00:00:00+00:00
[2025-07-08T10:46:25.020+0000] {processor.py:183} INFO - Processing /home/airflow/.local/lib/python3.8/site-packages/airflow/example_dags/example_setup_teardown_taskflow.py took 0.364 seconds
[2025-07-08T10:46:55.771+0000] {processor.py:161} INFO - Started process (PID=12935) to work on /home/airflow/.local/lib/python3.8/site-packages/airflow/example_dags/example_setup_teardown_taskflow.py
[2025-07-08T10:46:55.772+0000] {processor.py:830} INFO - Processing file /home/airflow/.local/lib/python3.8/site-packages/airflow/example_dags/example_setup_teardown_taskflow.py for tasks to queue
[2025-07-08T10:46:55.773+0000] {logging_mixin.py:188} INFO - [2025-07-08T10:46:55.773+0000] {dagbag.py:538} INFO - Filling up the DagBag from /home/airflow/.local/lib/python3.8/site-packages/airflow/example_dags/example_setup_teardown_taskflow.py
[2025-07-08T10:46:55.792+0000] {processor.py:840} INFO - DAG(s) 'example_setup_teardown_taskflow' retrieved from /home/airflow/.local/lib/python3.8/site-packages/airflow/example_dags/example_setup_teardown_taskflow.py
[2025-07-08T10:46:55.835+0000] {logging_mixin.py:188} INFO - [2025-07-08T10:46:55.835+0000] {dag.py:3036} INFO - Sync 1 DAGs
[2025-07-08T10:46:55.880+0000] {logging_mixin.py:188} INFO - [2025-07-08T10:46:55.879+0000] {dag.py:3823} INFO - Setting next_dagrun for example_setup_teardown_taskflow to 2025-07-07 00:00:00+00:00, run_after=2025-07-08 00:00:00+00:00
[2025-07-08T10:46:55.919+0000] {processor.py:183} INFO - Processing /home/airflow/.local/lib/python3.8/site-packages/airflow/example_dags/example_setup_teardown_taskflow.py took 0.154 seconds
[2025-07-08T10:47:26.518+0000] {processor.py:161} INFO - Started process (PID=13001) to work on /home/airflow/.local/lib/python3.8/site-packages/airflow/example_dags/example_setup_teardown_taskflow.py
[2025-07-08T10:47:26.543+0000] {processor.py:830} INFO - Processing file /home/airflow/.local/lib/python3.8/site-packages/airflow/example_dags/example_setup_teardown_taskflow.py for tasks to queue
[2025-07-08T10:47:26.545+0000] {logging_mixin.py:188} INFO - [2025-07-08T10:47:26.544+0000] {dagbag.py:538} INFO - Filling up the DagBag from /home/airflow/.local/lib/python3.8/site-packages/airflow/example_dags/example_setup_teardown_taskflow.py
[2025-07-08T10:47:26.639+0000] {processor.py:840} INFO - DAG(s) 'example_setup_teardown_taskflow' retrieved from /home/airflow/.local/lib/python3.8/site-packages/airflow/example_dags/example_setup_teardown_taskflow.py
[2025-07-08T10:47:26.819+0000] {logging_mixin.py:188} INFO - [2025-07-08T10:47:26.818+0000] {dag.py:3036} INFO - Sync 1 DAGs
[2025-07-08T10:47:26.976+0000] {logging_mixin.py:188} INFO - [2025-07-08T10:47:26.975+0000] {dag.py:3823} INFO - Setting next_dagrun for example_setup_teardown_taskflow to 2025-07-07 00:00:00+00:00, run_after=2025-07-08 00:00:00+00:00
[2025-07-08T10:47:27.078+0000] {processor.py:183} INFO - Processing /home/airflow/.local/lib/python3.8/site-packages/airflow/example_dags/example_setup_teardown_taskflow.py took 0.579 seconds
[2025-07-08T10:47:57.984+0000] {processor.py:161} INFO - Started process (PID=13061) to work on /home/airflow/.local/lib/python3.8/site-packages/airflow/example_dags/example_setup_teardown_taskflow.py
[2025-07-08T10:47:57.986+0000] {processor.py:830} INFO - Processing file /home/airflow/.local/lib/python3.8/site-packages/airflow/example_dags/example_setup_teardown_taskflow.py for tasks to queue
[2025-07-08T10:47:57.987+0000] {logging_mixin.py:188} INFO - [2025-07-08T10:47:57.986+0000] {dagbag.py:538} INFO - Filling up the DagBag from /home/airflow/.local/lib/python3.8/site-packages/airflow/example_dags/example_setup_teardown_taskflow.py
[2025-07-08T10:47:58.009+0000] {processor.py:840} INFO - DAG(s) 'example_setup_teardown_taskflow' retrieved from /home/airflow/.local/lib/python3.8/site-packages/airflow/example_dags/example_setup_teardown_taskflow.py
[2025-07-08T10:47:58.056+0000] {logging_mixin.py:188} INFO - [2025-07-08T10:47:58.055+0000] {dag.py:3036} INFO - Sync 1 DAGs
[2025-07-08T10:47:58.105+0000] {logging_mixin.py:188} INFO - [2025-07-08T10:47:58.105+0000] {dag.py:3823} INFO - Setting next_dagrun for example_setup_teardown_taskflow to 2025-07-07 00:00:00+00:00, run_after=2025-07-08 00:00:00+00:00
[2025-07-08T10:47:58.144+0000] {processor.py:183} INFO - Processing /home/airflow/.local/lib/python3.8/site-packages/airflow/example_dags/example_setup_teardown_taskflow.py took 0.165 seconds
[2025-07-08T10:48:28.544+0000] {processor.py:161} INFO - Started process (PID=13128) to work on /home/airflow/.local/lib/python3.8/site-packages/airflow/example_dags/example_setup_teardown_taskflow.py
[2025-07-08T10:48:28.545+0000] {processor.py:830} INFO - Processing file /home/airflow/.local/lib/python3.8/site-packages/airflow/example_dags/example_setup_teardown_taskflow.py for tasks to queue
[2025-07-08T10:48:28.547+0000] {logging_mixin.py:188} INFO - [2025-07-08T10:48:28.546+0000] {dagbag.py:538} INFO - Filling up the DagBag from /home/airflow/.local/lib/python3.8/site-packages/airflow/example_dags/example_setup_teardown_taskflow.py
[2025-07-08T10:48:28.615+0000] {processor.py:840} INFO - DAG(s) 'example_setup_teardown_taskflow' retrieved from /home/airflow/.local/lib/python3.8/site-packages/airflow/example_dags/example_setup_teardown_taskflow.py
[2025-07-08T10:48:28.717+0000] {logging_mixin.py:188} INFO - [2025-07-08T10:48:28.717+0000] {dag.py:3036} INFO - Sync 1 DAGs
[2025-07-08T10:48:28.821+0000] {logging_mixin.py:188} INFO - [2025-07-08T10:48:28.820+0000] {dag.py:3823} INFO - Setting next_dagrun for example_setup_teardown_taskflow to 2025-07-07 00:00:00+00:00, run_after=2025-07-08 00:00:00+00:00
[2025-07-08T10:48:28.921+0000] {processor.py:183} INFO - Processing /home/airflow/.local/lib/python3.8/site-packages/airflow/example_dags/example_setup_teardown_taskflow.py took 0.395 seconds
[2025-07-08T10:48:58.995+0000] {processor.py:161} INFO - Started process (PID=13188) to work on /home/airflow/.local/lib/python3.8/site-packages/airflow/example_dags/example_setup_teardown_taskflow.py
[2025-07-08T10:48:58.996+0000] {processor.py:830} INFO - Processing file /home/airflow/.local/lib/python3.8/site-packages/airflow/example_dags/example_setup_teardown_taskflow.py for tasks to queue
[2025-07-08T10:48:58.997+0000] {logging_mixin.py:188} INFO - [2025-07-08T10:48:58.997+0000] {dagbag.py:538} INFO - Filling up the DagBag from /home/airflow/.local/lib/python3.8/site-packages/airflow/example_dags/example_setup_teardown_taskflow.py
[2025-07-08T10:48:59.013+0000] {processor.py:840} INFO - DAG(s) 'example_setup_teardown_taskflow' retrieved from /home/airflow/.local/lib/python3.8/site-packages/airflow/example_dags/example_setup_teardown_taskflow.py
[2025-07-08T10:48:59.051+0000] {logging_mixin.py:188} INFO - [2025-07-08T10:48:59.050+0000] {dag.py:3036} INFO - Sync 1 DAGs
[2025-07-08T10:48:59.092+0000] {logging_mixin.py:188} INFO - [2025-07-08T10:48:59.092+0000] {dag.py:3823} INFO - Setting next_dagrun for example_setup_teardown_taskflow to 2025-07-07 00:00:00+00:00, run_after=2025-07-08 00:00:00+00:00
[2025-07-08T10:48:59.124+0000] {processor.py:183} INFO - Processing /home/airflow/.local/lib/python3.8/site-packages/airflow/example_dags/example_setup_teardown_taskflow.py took 0.135 seconds
[2025-07-08T10:49:31.790+0000] {processor.py:161} INFO - Started process (PID=13254) to work on /home/airflow/.local/lib/python3.8/site-packages/airflow/example_dags/example_setup_teardown_taskflow.py
[2025-07-08T10:49:31.804+0000] {processor.py:830} INFO - Processing file /home/airflow/.local/lib/python3.8/site-packages/airflow/example_dags/example_setup_teardown_taskflow.py for tasks to queue
[2025-07-08T10:49:31.806+0000] {logging_mixin.py:188} INFO - [2025-07-08T10:49:31.805+0000] {dagbag.py:538} INFO - Filling up the DagBag from /home/airflow/.local/lib/python3.8/site-packages/airflow/example_dags/example_setup_teardown_taskflow.py
[2025-07-08T10:49:31.887+0000] {processor.py:840} INFO - DAG(s) 'example_setup_teardown_taskflow' retrieved from /home/airflow/.local/lib/python3.8/site-packages/airflow/example_dags/example_setup_teardown_taskflow.py
[2025-07-08T10:49:31.971+0000] {logging_mixin.py:188} INFO - [2025-07-08T10:49:31.971+0000] {dag.py:3036} INFO - Sync 1 DAGs
[2025-07-08T10:49:32.118+0000] {logging_mixin.py:188} INFO - [2025-07-08T10:49:32.117+0000] {dag.py:3823} INFO - Setting next_dagrun for example_setup_teardown_taskflow to 2025-07-07 00:00:00+00:00, run_after=2025-07-08 00:00:00+00:00
[2025-07-08T10:49:32.289+0000] {processor.py:183} INFO - Processing /home/airflow/.local/lib/python3.8/site-packages/airflow/example_dags/example_setup_teardown_taskflow.py took 0.511 seconds
[2025-07-08T10:50:03.346+0000] {processor.py:161} INFO - Started process (PID=13321) to work on /home/airflow/.local/lib/python3.8/site-packages/airflow/example_dags/example_setup_teardown_taskflow.py
[2025-07-08T10:50:03.347+0000] {processor.py:830} INFO - Processing file /home/airflow/.local/lib/python3.8/site-packages/airflow/example_dags/example_setup_teardown_taskflow.py for tasks to queue
[2025-07-08T10:50:03.353+0000] {logging_mixin.py:188} INFO - [2025-07-08T10:50:03.352+0000] {dagbag.py:538} INFO - Filling up the DagBag from /home/airflow/.local/lib/python3.8/site-packages/airflow/example_dags/example_setup_teardown_taskflow.py
[2025-07-08T10:50:03.423+0000] {processor.py:840} INFO - DAG(s) 'example_setup_teardown_taskflow' retrieved from /home/airflow/.local/lib/python3.8/site-packages/airflow/example_dags/example_setup_teardown_taskflow.py
[2025-07-08T10:50:03.545+0000] {logging_mixin.py:188} INFO - [2025-07-08T10:50:03.545+0000] {dag.py:3036} INFO - Sync 1 DAGs
[2025-07-08T10:50:03.666+0000] {logging_mixin.py:188} INFO - [2025-07-08T10:50:03.666+0000] {dag.py:3823} INFO - Setting next_dagrun for example_setup_teardown_taskflow to 2025-07-07 00:00:00+00:00, run_after=2025-07-08 00:00:00+00:00
[2025-07-08T10:50:03.782+0000] {processor.py:183} INFO - Processing /home/airflow/.local/lib/python3.8/site-packages/airflow/example_dags/example_setup_teardown_taskflow.py took 0.452 seconds
[2025-07-08T10:50:36.439+0000] {processor.py:161} INFO - Started process (PID=13384) to work on /home/airflow/.local/lib/python3.8/site-packages/airflow/example_dags/example_setup_teardown_taskflow.py
[2025-07-08T10:50:36.444+0000] {processor.py:830} INFO - Processing file /home/airflow/.local/lib/python3.8/site-packages/airflow/example_dags/example_setup_teardown_taskflow.py for tasks to queue
[2025-07-08T10:50:36.446+0000] {logging_mixin.py:188} INFO - [2025-07-08T10:50:36.445+0000] {dagbag.py:538} INFO - Filling up the DagBag from /home/airflow/.local/lib/python3.8/site-packages/airflow/example_dags/example_setup_teardown_taskflow.py
[2025-07-08T10:50:36.483+0000] {processor.py:840} INFO - DAG(s) 'example_setup_teardown_taskflow' retrieved from /home/airflow/.local/lib/python3.8/site-packages/airflow/example_dags/example_setup_teardown_taskflow.py
[2025-07-08T10:50:36.561+0000] {logging_mixin.py:188} INFO - [2025-07-08T10:50:36.561+0000] {dag.py:3036} INFO - Sync 1 DAGs
[2025-07-08T10:50:36.638+0000] {logging_mixin.py:188} INFO - [2025-07-08T10:50:36.638+0000] {dag.py:3823} INFO - Setting next_dagrun for example_setup_teardown_taskflow to 2025-07-07 00:00:00+00:00, run_after=2025-07-08 00:00:00+00:00
[2025-07-08T10:50:36.720+0000] {processor.py:183} INFO - Processing /home/airflow/.local/lib/python3.8/site-packages/airflow/example_dags/example_setup_teardown_taskflow.py took 0.295 seconds
[2025-07-08T10:51:12.176+0000] {processor.py:161} INFO - Started process (PID=13453) to work on /home/airflow/.local/lib/python3.8/site-packages/airflow/example_dags/example_setup_teardown_taskflow.py
[2025-07-08T10:51:12.180+0000] {processor.py:830} INFO - Processing file /home/airflow/.local/lib/python3.8/site-packages/airflow/example_dags/example_setup_teardown_taskflow.py for tasks to queue
[2025-07-08T10:51:12.182+0000] {logging_mixin.py:188} INFO - [2025-07-08T10:51:12.181+0000] {dagbag.py:538} INFO - Filling up the DagBag from /home/airflow/.local/lib/python3.8/site-packages/airflow/example_dags/example_setup_teardown_taskflow.py
[2025-07-08T10:51:12.245+0000] {processor.py:840} INFO - DAG(s) 'example_setup_teardown_taskflow' retrieved from /home/airflow/.local/lib/python3.8/site-packages/airflow/example_dags/example_setup_teardown_taskflow.py
[2025-07-08T10:51:12.292+0000] {logging_mixin.py:188} INFO - [2025-07-08T10:51:12.292+0000] {dag.py:3036} INFO - Sync 1 DAGs
[2025-07-08T10:51:12.370+0000] {logging_mixin.py:188} INFO - [2025-07-08T10:51:12.370+0000] {dag.py:3823} INFO - Setting next_dagrun for example_setup_teardown_taskflow to 2025-07-07 00:00:00+00:00, run_after=2025-07-08 00:00:00+00:00
[2025-07-08T10:51:12.474+0000] {processor.py:183} INFO - Processing /home/airflow/.local/lib/python3.8/site-packages/airflow/example_dags/example_setup_teardown_taskflow.py took 0.328 seconds
[2025-07-08T10:51:43.406+0000] {processor.py:161} INFO - Started process (PID=13517) to work on /home/airflow/.local/lib/python3.8/site-packages/airflow/example_dags/example_setup_teardown_taskflow.py
[2025-07-08T10:51:43.416+0000] {processor.py:830} INFO - Processing file /home/airflow/.local/lib/python3.8/site-packages/airflow/example_dags/example_setup_teardown_taskflow.py for tasks to queue
[2025-07-08T10:51:43.418+0000] {logging_mixin.py:188} INFO - [2025-07-08T10:51:43.417+0000] {dagbag.py:538} INFO - Filling up the DagBag from /home/airflow/.local/lib/python3.8/site-packages/airflow/example_dags/example_setup_teardown_taskflow.py
[2025-07-08T10:51:43.475+0000] {processor.py:840} INFO - DAG(s) 'example_setup_teardown_taskflow' retrieved from /home/airflow/.local/lib/python3.8/site-packages/airflow/example_dags/example_setup_teardown_taskflow.py
[2025-07-08T10:51:43.617+0000] {logging_mixin.py:188} INFO - [2025-07-08T10:51:43.616+0000] {dag.py:3036} INFO - Sync 1 DAGs
[2025-07-08T10:51:43.766+0000] {logging_mixin.py:188} INFO - [2025-07-08T10:51:43.766+0000] {dag.py:3823} INFO - Setting next_dagrun for example_setup_teardown_taskflow to 2025-07-07 00:00:00+00:00, run_after=2025-07-08 00:00:00+00:00
[2025-07-08T10:51:43.865+0000] {processor.py:183} INFO - Processing /home/airflow/.local/lib/python3.8/site-packages/airflow/example_dags/example_setup_teardown_taskflow.py took 0.475 seconds
[2025-07-08T10:52:14.232+0000] {processor.py:161} INFO - Started process (PID=13577) to work on /home/airflow/.local/lib/python3.8/site-packages/airflow/example_dags/example_setup_teardown_taskflow.py
[2025-07-08T10:52:14.244+0000] {processor.py:830} INFO - Processing file /home/airflow/.local/lib/python3.8/site-packages/airflow/example_dags/example_setup_teardown_taskflow.py for tasks to queue
[2025-07-08T10:52:14.246+0000] {logging_mixin.py:188} INFO - [2025-07-08T10:52:14.245+0000] {dagbag.py:538} INFO - Filling up the DagBag from /home/airflow/.local/lib/python3.8/site-packages/airflow/example_dags/example_setup_teardown_taskflow.py
[2025-07-08T10:52:14.290+0000] {processor.py:840} INFO - DAG(s) 'example_setup_teardown_taskflow' retrieved from /home/airflow/.local/lib/python3.8/site-packages/airflow/example_dags/example_setup_teardown_taskflow.py
[2025-07-08T10:52:14.396+0000] {logging_mixin.py:188} INFO - [2025-07-08T10:52:14.396+0000] {dag.py:3036} INFO - Sync 1 DAGs
[2025-07-08T10:52:14.506+0000] {logging_mixin.py:188} INFO - [2025-07-08T10:52:14.506+0000] {dag.py:3823} INFO - Setting next_dagrun for example_setup_teardown_taskflow to 2025-07-07 00:00:00+00:00, run_after=2025-07-08 00:00:00+00:00
[2025-07-08T10:52:14.662+0000] {processor.py:183} INFO - Processing /home/airflow/.local/lib/python3.8/site-packages/airflow/example_dags/example_setup_teardown_taskflow.py took 0.452 seconds
[2025-07-08T10:52:44.967+0000] {processor.py:161} INFO - Started process (PID=13645) to work on /home/airflow/.local/lib/python3.8/site-packages/airflow/example_dags/example_setup_teardown_taskflow.py
[2025-07-08T10:52:44.984+0000] {processor.py:830} INFO - Processing file /home/airflow/.local/lib/python3.8/site-packages/airflow/example_dags/example_setup_teardown_taskflow.py for tasks to queue
[2025-07-08T10:52:44.986+0000] {logging_mixin.py:188} INFO - [2025-07-08T10:52:44.985+0000] {dagbag.py:538} INFO - Filling up the DagBag from /home/airflow/.local/lib/python3.8/site-packages/airflow/example_dags/example_setup_teardown_taskflow.py
[2025-07-08T10:52:45.071+0000] {processor.py:840} INFO - DAG(s) 'example_setup_teardown_taskflow' retrieved from /home/airflow/.local/lib/python3.8/site-packages/airflow/example_dags/example_setup_teardown_taskflow.py
[2025-07-08T10:52:45.242+0000] {logging_mixin.py:188} INFO - [2025-07-08T10:52:45.240+0000] {dag.py:3036} INFO - Sync 1 DAGs
[2025-07-08T10:52:45.410+0000] {logging_mixin.py:188} INFO - [2025-07-08T10:52:45.410+0000] {dag.py:3823} INFO - Setting next_dagrun for example_setup_teardown_taskflow to 2025-07-07 00:00:00+00:00, run_after=2025-07-08 00:00:00+00:00
[2025-07-08T10:52:45.579+0000] {processor.py:183} INFO - Processing /home/airflow/.local/lib/python3.8/site-packages/airflow/example_dags/example_setup_teardown_taskflow.py took 0.618 seconds
[2025-07-08T10:53:16.078+0000] {processor.py:161} INFO - Started process (PID=13705) to work on /home/airflow/.local/lib/python3.8/site-packages/airflow/example_dags/example_setup_teardown_taskflow.py
[2025-07-08T10:53:16.080+0000] {processor.py:830} INFO - Processing file /home/airflow/.local/lib/python3.8/site-packages/airflow/example_dags/example_setup_teardown_taskflow.py for tasks to queue
[2025-07-08T10:53:16.082+0000] {logging_mixin.py:188} INFO - [2025-07-08T10:53:16.081+0000] {dagbag.py:538} INFO - Filling up the DagBag from /home/airflow/.local/lib/python3.8/site-packages/airflow/example_dags/example_setup_teardown_taskflow.py
[2025-07-08T10:53:16.115+0000] {processor.py:840} INFO - DAG(s) 'example_setup_teardown_taskflow' retrieved from /home/airflow/.local/lib/python3.8/site-packages/airflow/example_dags/example_setup_teardown_taskflow.py
[2025-07-08T10:53:16.205+0000] {logging_mixin.py:188} INFO - [2025-07-08T10:53:16.205+0000] {dag.py:3036} INFO - Sync 1 DAGs
[2025-07-08T10:53:16.268+0000] {logging_mixin.py:188} INFO - [2025-07-08T10:53:16.267+0000] {dag.py:3823} INFO - Setting next_dagrun for example_setup_teardown_taskflow to 2025-07-07 00:00:00+00:00, run_after=2025-07-08 00:00:00+00:00
[2025-07-08T10:53:16.318+0000] {processor.py:183} INFO - Processing /home/airflow/.local/lib/python3.8/site-packages/airflow/example_dags/example_setup_teardown_taskflow.py took 0.254 seconds
[2025-07-08T10:53:48.940+0000] {processor.py:161} INFO - Started process (PID=13773) to work on /home/airflow/.local/lib/python3.8/site-packages/airflow/example_dags/example_setup_teardown_taskflow.py
[2025-07-08T10:53:48.944+0000] {processor.py:830} INFO - Processing file /home/airflow/.local/lib/python3.8/site-packages/airflow/example_dags/example_setup_teardown_taskflow.py for tasks to queue
[2025-07-08T10:53:48.945+0000] {logging_mixin.py:188} INFO - [2025-07-08T10:53:48.945+0000] {dagbag.py:538} INFO - Filling up the DagBag from /home/airflow/.local/lib/python3.8/site-packages/airflow/example_dags/example_setup_teardown_taskflow.py
[2025-07-08T10:53:48.998+0000] {processor.py:840} INFO - DAG(s) 'example_setup_teardown_taskflow' retrieved from /home/airflow/.local/lib/python3.8/site-packages/airflow/example_dags/example_setup_teardown_taskflow.py
[2025-07-08T10:53:49.156+0000] {logging_mixin.py:188} INFO - [2025-07-08T10:53:49.156+0000] {dag.py:3036} INFO - Sync 1 DAGs
[2025-07-08T10:53:49.246+0000] {logging_mixin.py:188} INFO - [2025-07-08T10:53:49.245+0000] {dag.py:3823} INFO - Setting next_dagrun for example_setup_teardown_taskflow to 2025-07-07 00:00:00+00:00, run_after=2025-07-08 00:00:00+00:00
[2025-07-08T10:53:49.323+0000] {processor.py:183} INFO - Processing /home/airflow/.local/lib/python3.8/site-packages/airflow/example_dags/example_setup_teardown_taskflow.py took 0.405 seconds
[2025-07-08T10:54:20.572+0000] {processor.py:161} INFO - Started process (PID=13834) to work on /home/airflow/.local/lib/python3.8/site-packages/airflow/example_dags/example_setup_teardown_taskflow.py
[2025-07-08T10:54:20.574+0000] {processor.py:830} INFO - Processing file /home/airflow/.local/lib/python3.8/site-packages/airflow/example_dags/example_setup_teardown_taskflow.py for tasks to queue
[2025-07-08T10:54:20.575+0000] {logging_mixin.py:188} INFO - [2025-07-08T10:54:20.575+0000] {dagbag.py:538} INFO - Filling up the DagBag from /home/airflow/.local/lib/python3.8/site-packages/airflow/example_dags/example_setup_teardown_taskflow.py
[2025-07-08T10:54:20.641+0000] {processor.py:840} INFO - DAG(s) 'example_setup_teardown_taskflow' retrieved from /home/airflow/.local/lib/python3.8/site-packages/airflow/example_dags/example_setup_teardown_taskflow.py
[2025-07-08T10:54:20.692+0000] {logging_mixin.py:188} INFO - [2025-07-08T10:54:20.692+0000] {dag.py:3036} INFO - Sync 1 DAGs
[2025-07-08T10:54:20.741+0000] {logging_mixin.py:188} INFO - [2025-07-08T10:54:20.741+0000] {dag.py:3823} INFO - Setting next_dagrun for example_setup_teardown_taskflow to 2025-07-07 00:00:00+00:00, run_after=2025-07-08 00:00:00+00:00
[2025-07-08T10:54:20.808+0000] {processor.py:183} INFO - Processing /home/airflow/.local/lib/python3.8/site-packages/airflow/example_dags/example_setup_teardown_taskflow.py took 0.262 seconds
