[2025-07-08T09:05:55.771+0000] {processor.py:161} INFO - Started process (PID=194) to work on /home/airflow/.local/lib/python3.8/site-packages/airflow/example_dags/example_sla_dag.py
[2025-07-08T09:05:55.772+0000] {processor.py:830} INFO - Processing file /home/airflow/.local/lib/python3.8/site-packages/airflow/example_dags/example_sla_dag.py for tasks to queue
[2025-07-08T09:05:55.775+0000] {logging_mixin.py:188} INFO - [2025-07-08T09:05:55.775+0000] {dagbag.py:538} INFO - Filling up the DagBag from /home/airflow/.local/lib/python3.8/site-packages/airflow/example_dags/example_sla_dag.py
[2025-07-08T09:05:55.811+0000] {processor.py:840} INFO - DAG(s) 'example_sla_dag' retrieved from /home/airflow/.local/lib/python3.8/site-packages/airflow/example_dags/example_sla_dag.py
[2025-07-08T09:05:56.143+0000] {logging_mixin.py:188} INFO - [2025-07-08T09:05:56.143+0000] {dag.py:3036} INFO - Sync 1 DAGs
[2025-07-08T09:05:56.238+0000] {logging_mixin.py:188} INFO - [2025-07-08T09:05:56.237+0000] {dag.py:3823} INFO - Setting next_dagrun for example_sla_dag to 2025-07-08 09:02:00+00:00, run_after=2025-07-08 09:04:00+00:00
[2025-07-08T09:05:56.338+0000] {processor.py:183} INFO - Processing /home/airflow/.local/lib/python3.8/site-packages/airflow/example_dags/example_sla_dag.py took 0.577 seconds
[2025-07-08T09:06:27.031+0000] {processor.py:161} INFO - Started process (PID=259) to work on /home/airflow/.local/lib/python3.8/site-packages/airflow/example_dags/example_sla_dag.py
[2025-07-08T09:06:27.034+0000] {processor.py:830} INFO - Processing file /home/airflow/.local/lib/python3.8/site-packages/airflow/example_dags/example_sla_dag.py for tasks to queue
[2025-07-08T09:06:27.037+0000] {logging_mixin.py:188} INFO - [2025-07-08T09:06:27.036+0000] {dagbag.py:538} INFO - Filling up the DagBag from /home/airflow/.local/lib/python3.8/site-packages/airflow/example_dags/example_sla_dag.py
[2025-07-08T09:06:27.054+0000] {processor.py:840} INFO - DAG(s) 'example_sla_dag' retrieved from /home/airflow/.local/lib/python3.8/site-packages/airflow/example_dags/example_sla_dag.py
[2025-07-08T09:06:27.094+0000] {logging_mixin.py:188} INFO - [2025-07-08T09:06:27.094+0000] {dag.py:3036} INFO - Sync 1 DAGs
[2025-07-08T09:06:27.154+0000] {logging_mixin.py:188} INFO - [2025-07-08T09:06:27.153+0000] {dag.py:3823} INFO - Setting next_dagrun for example_sla_dag to 2025-07-08 09:04:00+00:00, run_after=2025-07-08 09:06:00+00:00
[2025-07-08T09:06:27.191+0000] {processor.py:183} INFO - Processing /home/airflow/.local/lib/python3.8/site-packages/airflow/example_dags/example_sla_dag.py took 0.165 seconds
[2025-07-08T09:06:57.295+0000] {processor.py:161} INFO - Started process (PID=322) to work on /home/airflow/.local/lib/python3.8/site-packages/airflow/example_dags/example_sla_dag.py
[2025-07-08T09:06:57.297+0000] {processor.py:830} INFO - Processing file /home/airflow/.local/lib/python3.8/site-packages/airflow/example_dags/example_sla_dag.py for tasks to queue
[2025-07-08T09:06:57.300+0000] {logging_mixin.py:188} INFO - [2025-07-08T09:06:57.299+0000] {dagbag.py:538} INFO - Filling up the DagBag from /home/airflow/.local/lib/python3.8/site-packages/airflow/example_dags/example_sla_dag.py
[2025-07-08T09:06:57.317+0000] {processor.py:840} INFO - DAG(s) 'example_sla_dag' retrieved from /home/airflow/.local/lib/python3.8/site-packages/airflow/example_dags/example_sla_dag.py
[2025-07-08T09:06:57.377+0000] {logging_mixin.py:188} INFO - [2025-07-08T09:06:57.377+0000] {dag.py:3036} INFO - Sync 1 DAGs
[2025-07-08T09:06:57.457+0000] {logging_mixin.py:188} INFO - [2025-07-08T09:06:57.457+0000] {dag.py:3823} INFO - Setting next_dagrun for example_sla_dag to 2025-07-08 09:04:00+00:00, run_after=2025-07-08 09:06:00+00:00
[2025-07-08T09:06:57.538+0000] {processor.py:183} INFO - Processing /home/airflow/.local/lib/python3.8/site-packages/airflow/example_dags/example_sla_dag.py took 0.256 seconds
[2025-07-08T09:07:28.658+0000] {processor.py:161} INFO - Started process (PID=386) to work on /home/airflow/.local/lib/python3.8/site-packages/airflow/example_dags/example_sla_dag.py
[2025-07-08T09:07:28.668+0000] {processor.py:830} INFO - Processing file /home/airflow/.local/lib/python3.8/site-packages/airflow/example_dags/example_sla_dag.py for tasks to queue
[2025-07-08T09:07:28.671+0000] {logging_mixin.py:188} INFO - [2025-07-08T09:07:28.671+0000] {dagbag.py:538} INFO - Filling up the DagBag from /home/airflow/.local/lib/python3.8/site-packages/airflow/example_dags/example_sla_dag.py
[2025-07-08T09:07:28.689+0000] {processor.py:840} INFO - DAG(s) 'example_sla_dag' retrieved from /home/airflow/.local/lib/python3.8/site-packages/airflow/example_dags/example_sla_dag.py
[2025-07-08T09:07:28.724+0000] {logging_mixin.py:188} INFO - [2025-07-08T09:07:28.724+0000] {dag.py:3036} INFO - Sync 1 DAGs
[2025-07-08T09:07:28.775+0000] {logging_mixin.py:188} INFO - [2025-07-08T09:07:28.775+0000] {dag.py:3823} INFO - Setting next_dagrun for example_sla_dag to 2025-07-08 09:04:00+00:00, run_after=2025-07-08 09:06:00+00:00
[2025-07-08T09:07:28.846+0000] {processor.py:183} INFO - Processing /home/airflow/.local/lib/python3.8/site-packages/airflow/example_dags/example_sla_dag.py took 0.196 seconds
[2025-07-08T09:07:59.670+0000] {processor.py:161} INFO - Started process (PID=452) to work on /home/airflow/.local/lib/python3.8/site-packages/airflow/example_dags/example_sla_dag.py
[2025-07-08T09:07:59.672+0000] {processor.py:830} INFO - Processing file /home/airflow/.local/lib/python3.8/site-packages/airflow/example_dags/example_sla_dag.py for tasks to queue
[2025-07-08T09:07:59.687+0000] {logging_mixin.py:188} INFO - [2025-07-08T09:07:59.685+0000] {dagbag.py:538} INFO - Filling up the DagBag from /home/airflow/.local/lib/python3.8/site-packages/airflow/example_dags/example_sla_dag.py
[2025-07-08T09:07:59.722+0000] {processor.py:840} INFO - DAG(s) 'example_sla_dag' retrieved from /home/airflow/.local/lib/python3.8/site-packages/airflow/example_dags/example_sla_dag.py
[2025-07-08T09:07:59.808+0000] {logging_mixin.py:188} INFO - [2025-07-08T09:07:59.808+0000] {dag.py:3036} INFO - Sync 1 DAGs
[2025-07-08T09:07:59.863+0000] {logging_mixin.py:188} INFO - [2025-07-08T09:07:59.863+0000] {dag.py:3823} INFO - Setting next_dagrun for example_sla_dag to 2025-07-08 09:04:00+00:00, run_after=2025-07-08 09:06:00+00:00
[2025-07-08T09:07:59.897+0000] {processor.py:183} INFO - Processing /home/airflow/.local/lib/python3.8/site-packages/airflow/example_dags/example_sla_dag.py took 0.243 seconds
[2025-07-08T09:08:30.421+0000] {processor.py:161} INFO - Started process (PID=516) to work on /home/airflow/.local/lib/python3.8/site-packages/airflow/example_dags/example_sla_dag.py
[2025-07-08T09:08:30.423+0000] {processor.py:830} INFO - Processing file /home/airflow/.local/lib/python3.8/site-packages/airflow/example_dags/example_sla_dag.py for tasks to queue
[2025-07-08T09:08:30.426+0000] {logging_mixin.py:188} INFO - [2025-07-08T09:08:30.425+0000] {dagbag.py:538} INFO - Filling up the DagBag from /home/airflow/.local/lib/python3.8/site-packages/airflow/example_dags/example_sla_dag.py
[2025-07-08T09:08:30.466+0000] {processor.py:840} INFO - DAG(s) 'example_sla_dag' retrieved from /home/airflow/.local/lib/python3.8/site-packages/airflow/example_dags/example_sla_dag.py
[2025-07-08T09:08:30.527+0000] {logging_mixin.py:188} INFO - [2025-07-08T09:08:30.527+0000] {dag.py:3036} INFO - Sync 1 DAGs
[2025-07-08T09:08:30.635+0000] {logging_mixin.py:188} INFO - [2025-07-08T09:08:30.634+0000] {dag.py:3823} INFO - Setting next_dagrun for example_sla_dag to 2025-07-08 09:06:00+00:00, run_after=2025-07-08 09:08:00+00:00
[2025-07-08T09:08:30.706+0000] {processor.py:183} INFO - Processing /home/airflow/.local/lib/python3.8/site-packages/airflow/example_dags/example_sla_dag.py took 0.291 seconds
[2025-07-08T09:09:01.453+0000] {processor.py:161} INFO - Started process (PID=574) to work on /home/airflow/.local/lib/python3.8/site-packages/airflow/example_dags/example_sla_dag.py
[2025-07-08T09:09:01.458+0000] {processor.py:830} INFO - Processing file /home/airflow/.local/lib/python3.8/site-packages/airflow/example_dags/example_sla_dag.py for tasks to queue
[2025-07-08T09:09:01.461+0000] {logging_mixin.py:188} INFO - [2025-07-08T09:09:01.461+0000] {dagbag.py:538} INFO - Filling up the DagBag from /home/airflow/.local/lib/python3.8/site-packages/airflow/example_dags/example_sla_dag.py
[2025-07-08T09:09:01.477+0000] {processor.py:840} INFO - DAG(s) 'example_sla_dag' retrieved from /home/airflow/.local/lib/python3.8/site-packages/airflow/example_dags/example_sla_dag.py
[2025-07-08T09:09:01.516+0000] {logging_mixin.py:188} INFO - [2025-07-08T09:09:01.515+0000] {dag.py:3036} INFO - Sync 1 DAGs
[2025-07-08T09:09:01.580+0000] {logging_mixin.py:188} INFO - [2025-07-08T09:09:01.580+0000] {dag.py:3823} INFO - Setting next_dagrun for example_sla_dag to 2025-07-08 09:06:00+00:00, run_after=2025-07-08 09:08:00+00:00
[2025-07-08T09:09:01.614+0000] {processor.py:183} INFO - Processing /home/airflow/.local/lib/python3.8/site-packages/airflow/example_dags/example_sla_dag.py took 0.167 seconds
[2025-07-08T09:09:32.627+0000] {processor.py:161} INFO - Started process (PID=638) to work on /home/airflow/.local/lib/python3.8/site-packages/airflow/example_dags/example_sla_dag.py
[2025-07-08T09:09:32.638+0000] {processor.py:830} INFO - Processing file /home/airflow/.local/lib/python3.8/site-packages/airflow/example_dags/example_sla_dag.py for tasks to queue
[2025-07-08T09:09:32.641+0000] {logging_mixin.py:188} INFO - [2025-07-08T09:09:32.640+0000] {dagbag.py:538} INFO - Filling up the DagBag from /home/airflow/.local/lib/python3.8/site-packages/airflow/example_dags/example_sla_dag.py
[2025-07-08T09:09:32.677+0000] {processor.py:840} INFO - DAG(s) 'example_sla_dag' retrieved from /home/airflow/.local/lib/python3.8/site-packages/airflow/example_dags/example_sla_dag.py
[2025-07-08T09:09:32.757+0000] {logging_mixin.py:188} INFO - [2025-07-08T09:09:32.757+0000] {dag.py:3036} INFO - Sync 1 DAGs
[2025-07-08T09:09:32.846+0000] {logging_mixin.py:188} INFO - [2025-07-08T09:09:32.845+0000] {dag.py:3823} INFO - Setting next_dagrun for example_sla_dag to 2025-07-08 09:06:00+00:00, run_after=2025-07-08 09:08:00+00:00
[2025-07-08T09:09:32.895+0000] {processor.py:183} INFO - Processing /home/airflow/.local/lib/python3.8/site-packages/airflow/example_dags/example_sla_dag.py took 0.274 seconds
[2025-07-08T09:10:03.862+0000] {processor.py:161} INFO - Started process (PID=702) to work on /home/airflow/.local/lib/python3.8/site-packages/airflow/example_dags/example_sla_dag.py
[2025-07-08T09:10:03.863+0000] {processor.py:830} INFO - Processing file /home/airflow/.local/lib/python3.8/site-packages/airflow/example_dags/example_sla_dag.py for tasks to queue
[2025-07-08T09:10:03.869+0000] {logging_mixin.py:188} INFO - [2025-07-08T09:10:03.868+0000] {dagbag.py:538} INFO - Filling up the DagBag from /home/airflow/.local/lib/python3.8/site-packages/airflow/example_dags/example_sla_dag.py
[2025-07-08T09:10:03.956+0000] {processor.py:840} INFO - DAG(s) 'example_sla_dag' retrieved from /home/airflow/.local/lib/python3.8/site-packages/airflow/example_dags/example_sla_dag.py
[2025-07-08T09:10:04.093+0000] {logging_mixin.py:188} INFO - [2025-07-08T09:10:04.093+0000] {dag.py:3036} INFO - Sync 1 DAGs
[2025-07-08T09:10:04.187+0000] {logging_mixin.py:188} INFO - [2025-07-08T09:10:04.187+0000] {dag.py:3823} INFO - Setting next_dagrun for example_sla_dag to 2025-07-08 09:08:00+00:00, run_after=2025-07-08 09:10:00+00:00
[2025-07-08T09:10:04.277+0000] {processor.py:183} INFO - Processing /home/airflow/.local/lib/python3.8/site-packages/airflow/example_dags/example_sla_dag.py took 0.421 seconds
[2025-07-08T09:10:35.187+0000] {processor.py:161} INFO - Started process (PID=766) to work on /home/airflow/.local/lib/python3.8/site-packages/airflow/example_dags/example_sla_dag.py
[2025-07-08T09:10:35.192+0000] {processor.py:830} INFO - Processing file /home/airflow/.local/lib/python3.8/site-packages/airflow/example_dags/example_sla_dag.py for tasks to queue
[2025-07-08T09:10:35.195+0000] {logging_mixin.py:188} INFO - [2025-07-08T09:10:35.194+0000] {dagbag.py:538} INFO - Filling up the DagBag from /home/airflow/.local/lib/python3.8/site-packages/airflow/example_dags/example_sla_dag.py
[2025-07-08T09:10:35.229+0000] {processor.py:840} INFO - DAG(s) 'example_sla_dag' retrieved from /home/airflow/.local/lib/python3.8/site-packages/airflow/example_dags/example_sla_dag.py
[2025-07-08T09:10:35.305+0000] {logging_mixin.py:188} INFO - [2025-07-08T09:10:35.305+0000] {dag.py:3036} INFO - Sync 1 DAGs
[2025-07-08T09:10:35.370+0000] {logging_mixin.py:188} INFO - [2025-07-08T09:10:35.370+0000] {dag.py:3823} INFO - Setting next_dagrun for example_sla_dag to 2025-07-08 09:08:00+00:00, run_after=2025-07-08 09:10:00+00:00
[2025-07-08T09:10:35.422+0000] {processor.py:183} INFO - Processing /home/airflow/.local/lib/python3.8/site-packages/airflow/example_dags/example_sla_dag.py took 0.248 seconds
[2025-07-08T09:11:06.440+0000] {processor.py:161} INFO - Started process (PID=832) to work on /home/airflow/.local/lib/python3.8/site-packages/airflow/example_dags/example_sla_dag.py
[2025-07-08T09:11:06.441+0000] {processor.py:830} INFO - Processing file /home/airflow/.local/lib/python3.8/site-packages/airflow/example_dags/example_sla_dag.py for tasks to queue
[2025-07-08T09:11:06.452+0000] {logging_mixin.py:188} INFO - [2025-07-08T09:11:06.451+0000] {dagbag.py:538} INFO - Filling up the DagBag from /home/airflow/.local/lib/python3.8/site-packages/airflow/example_dags/example_sla_dag.py
[2025-07-08T09:11:06.513+0000] {processor.py:840} INFO - DAG(s) 'example_sla_dag' retrieved from /home/airflow/.local/lib/python3.8/site-packages/airflow/example_dags/example_sla_dag.py
[2025-07-08T09:11:06.569+0000] {logging_mixin.py:188} INFO - [2025-07-08T09:11:06.568+0000] {dag.py:3036} INFO - Sync 1 DAGs
[2025-07-08T09:11:06.679+0000] {logging_mixin.py:188} INFO - [2025-07-08T09:11:06.679+0000] {dag.py:3823} INFO - Setting next_dagrun for example_sla_dag to 2025-07-08 09:08:00+00:00, run_after=2025-07-08 09:10:00+00:00
[2025-07-08T09:11:06.743+0000] {processor.py:183} INFO - Processing /home/airflow/.local/lib/python3.8/site-packages/airflow/example_dags/example_sla_dag.py took 0.315 seconds
[2025-07-08T09:11:37.620+0000] {processor.py:161} INFO - Started process (PID=900) to work on /home/airflow/.local/lib/python3.8/site-packages/airflow/example_dags/example_sla_dag.py
[2025-07-08T09:11:37.628+0000] {processor.py:830} INFO - Processing file /home/airflow/.local/lib/python3.8/site-packages/airflow/example_dags/example_sla_dag.py for tasks to queue
[2025-07-08T09:11:37.631+0000] {logging_mixin.py:188} INFO - [2025-07-08T09:11:37.631+0000] {dagbag.py:538} INFO - Filling up the DagBag from /home/airflow/.local/lib/python3.8/site-packages/airflow/example_dags/example_sla_dag.py
[2025-07-08T09:11:37.665+0000] {processor.py:840} INFO - DAG(s) 'example_sla_dag' retrieved from /home/airflow/.local/lib/python3.8/site-packages/airflow/example_dags/example_sla_dag.py
[2025-07-08T09:11:37.789+0000] {logging_mixin.py:188} INFO - [2025-07-08T09:11:37.788+0000] {dag.py:3036} INFO - Sync 1 DAGs
[2025-07-08T09:11:37.966+0000] {logging_mixin.py:188} INFO - [2025-07-08T09:11:37.966+0000] {dag.py:3823} INFO - Setting next_dagrun for example_sla_dag to 2025-07-08 09:08:00+00:00, run_after=2025-07-08 09:10:00+00:00
[2025-07-08T09:11:38.086+0000] {processor.py:183} INFO - Processing /home/airflow/.local/lib/python3.8/site-packages/airflow/example_dags/example_sla_dag.py took 0.480 seconds
[2025-07-08T09:12:08.469+0000] {processor.py:161} INFO - Started process (PID=965) to work on /home/airflow/.local/lib/python3.8/site-packages/airflow/example_dags/example_sla_dag.py
[2025-07-08T09:12:08.470+0000] {processor.py:830} INFO - Processing file /home/airflow/.local/lib/python3.8/site-packages/airflow/example_dags/example_sla_dag.py for tasks to queue
[2025-07-08T09:12:08.473+0000] {logging_mixin.py:188} INFO - [2025-07-08T09:12:08.473+0000] {dagbag.py:538} INFO - Filling up the DagBag from /home/airflow/.local/lib/python3.8/site-packages/airflow/example_dags/example_sla_dag.py
[2025-07-08T09:12:08.509+0000] {processor.py:840} INFO - DAG(s) 'example_sla_dag' retrieved from /home/airflow/.local/lib/python3.8/site-packages/airflow/example_dags/example_sla_dag.py
[2025-07-08T09:12:08.577+0000] {logging_mixin.py:188} INFO - [2025-07-08T09:12:08.576+0000] {dag.py:3036} INFO - Sync 1 DAGs
[2025-07-08T09:12:08.670+0000] {logging_mixin.py:188} INFO - [2025-07-08T09:12:08.670+0000] {dag.py:3823} INFO - Setting next_dagrun for example_sla_dag to 2025-07-08 09:10:00+00:00, run_after=2025-07-08 09:12:00+00:00
[2025-07-08T09:12:08.735+0000] {processor.py:183} INFO - Processing /home/airflow/.local/lib/python3.8/site-packages/airflow/example_dags/example_sla_dag.py took 0.281 seconds
[2025-07-08T09:12:38.815+0000] {processor.py:161} INFO - Started process (PID=1023) to work on /home/airflow/.local/lib/python3.8/site-packages/airflow/example_dags/example_sla_dag.py
[2025-07-08T09:12:38.821+0000] {processor.py:830} INFO - Processing file /home/airflow/.local/lib/python3.8/site-packages/airflow/example_dags/example_sla_dag.py for tasks to queue
[2025-07-08T09:12:38.824+0000] {logging_mixin.py:188} INFO - [2025-07-08T09:12:38.824+0000] {dagbag.py:538} INFO - Filling up the DagBag from /home/airflow/.local/lib/python3.8/site-packages/airflow/example_dags/example_sla_dag.py
[2025-07-08T09:12:38.864+0000] {processor.py:840} INFO - DAG(s) 'example_sla_dag' retrieved from /home/airflow/.local/lib/python3.8/site-packages/airflow/example_dags/example_sla_dag.py
[2025-07-08T09:12:38.936+0000] {logging_mixin.py:188} INFO - [2025-07-08T09:12:38.935+0000] {dag.py:3036} INFO - Sync 1 DAGs
[2025-07-08T09:12:39.004+0000] {logging_mixin.py:188} INFO - [2025-07-08T09:12:39.004+0000] {dag.py:3823} INFO - Setting next_dagrun for example_sla_dag to 2025-07-08 09:10:00+00:00, run_after=2025-07-08 09:12:00+00:00
[2025-07-08T09:12:39.040+0000] {processor.py:183} INFO - Processing /home/airflow/.local/lib/python3.8/site-packages/airflow/example_dags/example_sla_dag.py took 0.231 seconds
[2025-07-08T09:13:09.166+0000] {processor.py:161} INFO - Started process (PID=1091) to work on /home/airflow/.local/lib/python3.8/site-packages/airflow/example_dags/example_sla_dag.py
[2025-07-08T09:13:09.168+0000] {processor.py:830} INFO - Processing file /home/airflow/.local/lib/python3.8/site-packages/airflow/example_dags/example_sla_dag.py for tasks to queue
[2025-07-08T09:13:09.171+0000] {logging_mixin.py:188} INFO - [2025-07-08T09:13:09.170+0000] {dagbag.py:538} INFO - Filling up the DagBag from /home/airflow/.local/lib/python3.8/site-packages/airflow/example_dags/example_sla_dag.py
[2025-07-08T09:13:09.187+0000] {processor.py:840} INFO - DAG(s) 'example_sla_dag' retrieved from /home/airflow/.local/lib/python3.8/site-packages/airflow/example_dags/example_sla_dag.py
[2025-07-08T09:13:09.231+0000] {logging_mixin.py:188} INFO - [2025-07-08T09:13:09.230+0000] {dag.py:3036} INFO - Sync 1 DAGs
[2025-07-08T09:13:09.272+0000] {logging_mixin.py:188} INFO - [2025-07-08T09:13:09.271+0000] {dag.py:3823} INFO - Setting next_dagrun for example_sla_dag to 2025-07-08 09:10:00+00:00, run_after=2025-07-08 09:12:00+00:00
[2025-07-08T09:13:09.301+0000] {processor.py:183} INFO - Processing /home/airflow/.local/lib/python3.8/site-packages/airflow/example_dags/example_sla_dag.py took 0.152 seconds
[2025-07-08T09:13:41.560+0000] {processor.py:161} INFO - Started process (PID=1158) to work on /home/airflow/.local/lib/python3.8/site-packages/airflow/example_dags/example_sla_dag.py
[2025-07-08T09:13:41.562+0000] {processor.py:830} INFO - Processing file /home/airflow/.local/lib/python3.8/site-packages/airflow/example_dags/example_sla_dag.py for tasks to queue
[2025-07-08T09:13:41.569+0000] {logging_mixin.py:188} INFO - [2025-07-08T09:13:41.568+0000] {dagbag.py:538} INFO - Filling up the DagBag from /home/airflow/.local/lib/python3.8/site-packages/airflow/example_dags/example_sla_dag.py
[2025-07-08T09:13:41.603+0000] {processor.py:840} INFO - DAG(s) 'example_sla_dag' retrieved from /home/airflow/.local/lib/python3.8/site-packages/airflow/example_dags/example_sla_dag.py
[2025-07-08T09:13:41.681+0000] {logging_mixin.py:188} INFO - [2025-07-08T09:13:41.681+0000] {dag.py:3036} INFO - Sync 1 DAGs
[2025-07-08T09:13:41.776+0000] {logging_mixin.py:188} INFO - [2025-07-08T09:13:41.776+0000] {dag.py:3823} INFO - Setting next_dagrun for example_sla_dag to 2025-07-08 09:10:00+00:00, run_after=2025-07-08 09:12:00+00:00
[2025-07-08T09:13:41.825+0000] {processor.py:183} INFO - Processing /home/airflow/.local/lib/python3.8/site-packages/airflow/example_dags/example_sla_dag.py took 0.274 seconds
[2025-07-08T09:14:12.861+0000] {processor.py:161} INFO - Started process (PID=1226) to work on /home/airflow/.local/lib/python3.8/site-packages/airflow/example_dags/example_sla_dag.py
[2025-07-08T09:14:12.872+0000] {processor.py:830} INFO - Processing file /home/airflow/.local/lib/python3.8/site-packages/airflow/example_dags/example_sla_dag.py for tasks to queue
[2025-07-08T09:14:12.875+0000] {logging_mixin.py:188} INFO - [2025-07-08T09:14:12.875+0000] {dagbag.py:538} INFO - Filling up the DagBag from /home/airflow/.local/lib/python3.8/site-packages/airflow/example_dags/example_sla_dag.py
[2025-07-08T09:14:12.917+0000] {processor.py:840} INFO - DAG(s) 'example_sla_dag' retrieved from /home/airflow/.local/lib/python3.8/site-packages/airflow/example_dags/example_sla_dag.py
[2025-07-08T09:14:12.982+0000] {logging_mixin.py:188} INFO - [2025-07-08T09:14:12.982+0000] {dag.py:3036} INFO - Sync 1 DAGs
[2025-07-08T09:14:13.119+0000] {logging_mixin.py:188} INFO - [2025-07-08T09:14:13.119+0000] {dag.py:3823} INFO - Setting next_dagrun for example_sla_dag to 2025-07-08 09:12:00+00:00, run_after=2025-07-08 09:14:00+00:00
[2025-07-08T09:14:13.178+0000] {processor.py:183} INFO - Processing /home/airflow/.local/lib/python3.8/site-packages/airflow/example_dags/example_sla_dag.py took 0.329 seconds
[2025-07-08T09:14:43.406+0000] {processor.py:161} INFO - Started process (PID=1283) to work on /home/airflow/.local/lib/python3.8/site-packages/airflow/example_dags/example_sla_dag.py
[2025-07-08T09:14:43.408+0000] {processor.py:830} INFO - Processing file /home/airflow/.local/lib/python3.8/site-packages/airflow/example_dags/example_sla_dag.py for tasks to queue
[2025-07-08T09:14:43.411+0000] {logging_mixin.py:188} INFO - [2025-07-08T09:14:43.411+0000] {dagbag.py:538} INFO - Filling up the DagBag from /home/airflow/.local/lib/python3.8/site-packages/airflow/example_dags/example_sla_dag.py
[2025-07-08T09:14:43.427+0000] {processor.py:840} INFO - DAG(s) 'example_sla_dag' retrieved from /home/airflow/.local/lib/python3.8/site-packages/airflow/example_dags/example_sla_dag.py
[2025-07-08T09:14:43.483+0000] {logging_mixin.py:188} INFO - [2025-07-08T09:14:43.483+0000] {dag.py:3036} INFO - Sync 1 DAGs
[2025-07-08T09:14:43.548+0000] {logging_mixin.py:188} INFO - [2025-07-08T09:14:43.547+0000] {dag.py:3823} INFO - Setting next_dagrun for example_sla_dag to 2025-07-08 09:12:00+00:00, run_after=2025-07-08 09:14:00+00:00
[2025-07-08T09:14:43.578+0000] {processor.py:183} INFO - Processing /home/airflow/.local/lib/python3.8/site-packages/airflow/example_dags/example_sla_dag.py took 0.178 seconds
[2025-07-08T09:15:14.209+0000] {processor.py:161} INFO - Started process (PID=1349) to work on /home/airflow/.local/lib/python3.8/site-packages/airflow/example_dags/example_sla_dag.py
[2025-07-08T09:15:14.211+0000] {processor.py:830} INFO - Processing file /home/airflow/.local/lib/python3.8/site-packages/airflow/example_dags/example_sla_dag.py for tasks to queue
[2025-07-08T09:15:14.214+0000] {logging_mixin.py:188} INFO - [2025-07-08T09:15:14.214+0000] {dagbag.py:538} INFO - Filling up the DagBag from /home/airflow/.local/lib/python3.8/site-packages/airflow/example_dags/example_sla_dag.py
[2025-07-08T09:15:14.233+0000] {processor.py:840} INFO - DAG(s) 'example_sla_dag' retrieved from /home/airflow/.local/lib/python3.8/site-packages/airflow/example_dags/example_sla_dag.py
[2025-07-08T09:15:14.270+0000] {logging_mixin.py:188} INFO - [2025-07-08T09:15:14.269+0000] {dag.py:3036} INFO - Sync 1 DAGs
[2025-07-08T09:15:14.322+0000] {logging_mixin.py:188} INFO - [2025-07-08T09:15:14.322+0000] {dag.py:3823} INFO - Setting next_dagrun for example_sla_dag to 2025-07-08 09:12:00+00:00, run_after=2025-07-08 09:14:00+00:00
[2025-07-08T09:15:14.358+0000] {processor.py:183} INFO - Processing /home/airflow/.local/lib/python3.8/site-packages/airflow/example_dags/example_sla_dag.py took 0.155 seconds
[2025-07-08T09:15:44.808+0000] {processor.py:161} INFO - Started process (PID=1416) to work on /home/airflow/.local/lib/python3.8/site-packages/airflow/example_dags/example_sla_dag.py
[2025-07-08T09:15:44.810+0000] {processor.py:830} INFO - Processing file /home/airflow/.local/lib/python3.8/site-packages/airflow/example_dags/example_sla_dag.py for tasks to queue
[2025-07-08T09:15:44.813+0000] {logging_mixin.py:188} INFO - [2025-07-08T09:15:44.813+0000] {dagbag.py:538} INFO - Filling up the DagBag from /home/airflow/.local/lib/python3.8/site-packages/airflow/example_dags/example_sla_dag.py
[2025-07-08T09:15:44.830+0000] {processor.py:840} INFO - DAG(s) 'example_sla_dag' retrieved from /home/airflow/.local/lib/python3.8/site-packages/airflow/example_dags/example_sla_dag.py
[2025-07-08T09:15:44.865+0000] {logging_mixin.py:188} INFO - [2025-07-08T09:15:44.865+0000] {dag.py:3036} INFO - Sync 1 DAGs
[2025-07-08T09:15:44.918+0000] {logging_mixin.py:188} INFO - [2025-07-08T09:15:44.918+0000] {dag.py:3823} INFO - Setting next_dagrun for example_sla_dag to 2025-07-08 09:12:00+00:00, run_after=2025-07-08 09:14:00+00:00
[2025-07-08T09:15:44.950+0000] {processor.py:183} INFO - Processing /home/airflow/.local/lib/python3.8/site-packages/airflow/example_dags/example_sla_dag.py took 0.148 seconds
[2025-07-08T09:16:15.722+0000] {processor.py:161} INFO - Started process (PID=1482) to work on /home/airflow/.local/lib/python3.8/site-packages/airflow/example_dags/example_sla_dag.py
[2025-07-08T09:16:15.724+0000] {processor.py:830} INFO - Processing file /home/airflow/.local/lib/python3.8/site-packages/airflow/example_dags/example_sla_dag.py for tasks to queue
[2025-07-08T09:16:15.727+0000] {logging_mixin.py:188} INFO - [2025-07-08T09:16:15.726+0000] {dagbag.py:538} INFO - Filling up the DagBag from /home/airflow/.local/lib/python3.8/site-packages/airflow/example_dags/example_sla_dag.py
[2025-07-08T09:16:15.743+0000] {processor.py:840} INFO - DAG(s) 'example_sla_dag' retrieved from /home/airflow/.local/lib/python3.8/site-packages/airflow/example_dags/example_sla_dag.py
[2025-07-08T09:16:15.778+0000] {logging_mixin.py:188} INFO - [2025-07-08T09:16:15.778+0000] {dag.py:3036} INFO - Sync 1 DAGs
[2025-07-08T09:16:15.829+0000] {logging_mixin.py:188} INFO - [2025-07-08T09:16:15.829+0000] {dag.py:3823} INFO - Setting next_dagrun for example_sla_dag to 2025-07-08 09:14:00+00:00, run_after=2025-07-08 09:16:00+00:00
[2025-07-08T09:16:15.877+0000] {processor.py:183} INFO - Processing /home/airflow/.local/lib/python3.8/site-packages/airflow/example_dags/example_sla_dag.py took 0.164 seconds
[2025-07-08T09:16:46.722+0000] {processor.py:161} INFO - Started process (PID=1547) to work on /home/airflow/.local/lib/python3.8/site-packages/airflow/example_dags/example_sla_dag.py
[2025-07-08T09:16:46.724+0000] {processor.py:830} INFO - Processing file /home/airflow/.local/lib/python3.8/site-packages/airflow/example_dags/example_sla_dag.py for tasks to queue
[2025-07-08T09:16:46.728+0000] {logging_mixin.py:188} INFO - [2025-07-08T09:16:46.727+0000] {dagbag.py:538} INFO - Filling up the DagBag from /home/airflow/.local/lib/python3.8/site-packages/airflow/example_dags/example_sla_dag.py
[2025-07-08T09:16:46.744+0000] {processor.py:840} INFO - DAG(s) 'example_sla_dag' retrieved from /home/airflow/.local/lib/python3.8/site-packages/airflow/example_dags/example_sla_dag.py
[2025-07-08T09:16:46.782+0000] {logging_mixin.py:188} INFO - [2025-07-08T09:16:46.782+0000] {dag.py:3036} INFO - Sync 1 DAGs
[2025-07-08T09:16:46.834+0000] {logging_mixin.py:188} INFO - [2025-07-08T09:16:46.834+0000] {dag.py:3823} INFO - Setting next_dagrun for example_sla_dag to 2025-07-08 09:14:00+00:00, run_after=2025-07-08 09:16:00+00:00
[2025-07-08T09:16:46.868+0000] {processor.py:183} INFO - Processing /home/airflow/.local/lib/python3.8/site-packages/airflow/example_dags/example_sla_dag.py took 0.152 seconds
[2025-07-08T09:17:17.538+0000] {processor.py:161} INFO - Started process (PID=1614) to work on /home/airflow/.local/lib/python3.8/site-packages/airflow/example_dags/example_sla_dag.py
[2025-07-08T09:17:17.539+0000] {processor.py:830} INFO - Processing file /home/airflow/.local/lib/python3.8/site-packages/airflow/example_dags/example_sla_dag.py for tasks to queue
[2025-07-08T09:17:17.542+0000] {logging_mixin.py:188} INFO - [2025-07-08T09:17:17.542+0000] {dagbag.py:538} INFO - Filling up the DagBag from /home/airflow/.local/lib/python3.8/site-packages/airflow/example_dags/example_sla_dag.py
[2025-07-08T09:17:17.567+0000] {processor.py:840} INFO - DAG(s) 'example_sla_dag' retrieved from /home/airflow/.local/lib/python3.8/site-packages/airflow/example_dags/example_sla_dag.py
[2025-07-08T09:17:17.620+0000] {logging_mixin.py:188} INFO - [2025-07-08T09:17:17.620+0000] {dag.py:3036} INFO - Sync 1 DAGs
[2025-07-08T09:17:17.681+0000] {logging_mixin.py:188} INFO - [2025-07-08T09:17:17.680+0000] {dag.py:3823} INFO - Setting next_dagrun for example_sla_dag to 2025-07-08 09:14:00+00:00, run_after=2025-07-08 09:16:00+00:00
[2025-07-08T09:17:17.717+0000] {processor.py:183} INFO - Processing /home/airflow/.local/lib/python3.8/site-packages/airflow/example_dags/example_sla_dag.py took 0.187 seconds
[2025-07-08T09:17:48.920+0000] {processor.py:161} INFO - Started process (PID=1679) to work on /home/airflow/.local/lib/python3.8/site-packages/airflow/example_dags/example_sla_dag.py
[2025-07-08T09:17:48.922+0000] {processor.py:830} INFO - Processing file /home/airflow/.local/lib/python3.8/site-packages/airflow/example_dags/example_sla_dag.py for tasks to queue
[2025-07-08T09:17:48.928+0000] {logging_mixin.py:188} INFO - [2025-07-08T09:17:48.924+0000] {dagbag.py:538} INFO - Filling up the DagBag from /home/airflow/.local/lib/python3.8/site-packages/airflow/example_dags/example_sla_dag.py
[2025-07-08T09:17:48.952+0000] {processor.py:840} INFO - DAG(s) 'example_sla_dag' retrieved from /home/airflow/.local/lib/python3.8/site-packages/airflow/example_dags/example_sla_dag.py
[2025-07-08T09:17:49.028+0000] {logging_mixin.py:188} INFO - [2025-07-08T09:17:49.027+0000] {dag.py:3036} INFO - Sync 1 DAGs
[2025-07-08T09:17:49.098+0000] {logging_mixin.py:188} INFO - [2025-07-08T09:17:49.097+0000] {dag.py:3823} INFO - Setting next_dagrun for example_sla_dag to 2025-07-08 09:14:00+00:00, run_after=2025-07-08 09:16:00+00:00
[2025-07-08T09:17:49.134+0000] {processor.py:183} INFO - Processing /home/airflow/.local/lib/python3.8/site-packages/airflow/example_dags/example_sla_dag.py took 0.222 seconds
[2025-07-08T09:18:20.835+0000] {processor.py:161} INFO - Started process (PID=1745) to work on /home/airflow/.local/lib/python3.8/site-packages/airflow/example_dags/example_sla_dag.py
[2025-07-08T09:18:20.841+0000] {processor.py:830} INFO - Processing file /home/airflow/.local/lib/python3.8/site-packages/airflow/example_dags/example_sla_dag.py for tasks to queue
[2025-07-08T09:18:20.856+0000] {logging_mixin.py:188} INFO - [2025-07-08T09:18:20.844+0000] {dagbag.py:538} INFO - Filling up the DagBag from /home/airflow/.local/lib/python3.8/site-packages/airflow/example_dags/example_sla_dag.py
[2025-07-08T09:18:20.904+0000] {processor.py:840} INFO - DAG(s) 'example_sla_dag' retrieved from /home/airflow/.local/lib/python3.8/site-packages/airflow/example_dags/example_sla_dag.py
[2025-07-08T09:18:21.010+0000] {logging_mixin.py:188} INFO - [2025-07-08T09:18:21.010+0000] {dag.py:3036} INFO - Sync 1 DAGs
[2025-07-08T09:18:21.208+0000] {logging_mixin.py:188} INFO - [2025-07-08T09:18:21.195+0000] {dag.py:3823} INFO - Setting next_dagrun for example_sla_dag to 2025-07-08 09:16:00+00:00, run_after=2025-07-08 09:18:00+00:00
[2025-07-08T09:18:21.276+0000] {processor.py:183} INFO - Processing /home/airflow/.local/lib/python3.8/site-packages/airflow/example_dags/example_sla_dag.py took 0.471 seconds
[2025-07-08T09:18:51.833+0000] {processor.py:161} INFO - Started process (PID=1802) to work on /home/airflow/.local/lib/python3.8/site-packages/airflow/example_dags/example_sla_dag.py
[2025-07-08T09:18:51.840+0000] {processor.py:830} INFO - Processing file /home/airflow/.local/lib/python3.8/site-packages/airflow/example_dags/example_sla_dag.py for tasks to queue
[2025-07-08T09:18:51.843+0000] {logging_mixin.py:188} INFO - [2025-07-08T09:18:51.842+0000] {dagbag.py:538} INFO - Filling up the DagBag from /home/airflow/.local/lib/python3.8/site-packages/airflow/example_dags/example_sla_dag.py
[2025-07-08T09:18:51.883+0000] {processor.py:840} INFO - DAG(s) 'example_sla_dag' retrieved from /home/airflow/.local/lib/python3.8/site-packages/airflow/example_dags/example_sla_dag.py
[2025-07-08T09:18:51.972+0000] {logging_mixin.py:188} INFO - [2025-07-08T09:18:51.971+0000] {dag.py:3036} INFO - Sync 1 DAGs
[2025-07-08T09:18:52.086+0000] {logging_mixin.py:188} INFO - [2025-07-08T09:18:52.085+0000] {dag.py:3823} INFO - Setting next_dagrun for example_sla_dag to 2025-07-08 09:16:00+00:00, run_after=2025-07-08 09:18:00+00:00
[2025-07-08T09:18:52.155+0000] {processor.py:183} INFO - Processing /home/airflow/.local/lib/python3.8/site-packages/airflow/example_dags/example_sla_dag.py took 0.345 seconds
[2025-07-08T09:19:22.551+0000] {processor.py:161} INFO - Started process (PID=1868) to work on /home/airflow/.local/lib/python3.8/site-packages/airflow/example_dags/example_sla_dag.py
[2025-07-08T09:19:22.552+0000] {processor.py:830} INFO - Processing file /home/airflow/.local/lib/python3.8/site-packages/airflow/example_dags/example_sla_dag.py for tasks to queue
[2025-07-08T09:19:22.555+0000] {logging_mixin.py:188} INFO - [2025-07-08T09:19:22.554+0000] {dagbag.py:538} INFO - Filling up the DagBag from /home/airflow/.local/lib/python3.8/site-packages/airflow/example_dags/example_sla_dag.py
[2025-07-08T09:19:22.618+0000] {processor.py:840} INFO - DAG(s) 'example_sla_dag' retrieved from /home/airflow/.local/lib/python3.8/site-packages/airflow/example_dags/example_sla_dag.py
[2025-07-08T09:19:22.735+0000] {logging_mixin.py:188} INFO - [2025-07-08T09:19:22.734+0000] {dag.py:3036} INFO - Sync 1 DAGs
[2025-07-08T09:19:22.803+0000] {logging_mixin.py:188} INFO - [2025-07-08T09:19:22.803+0000] {dag.py:3823} INFO - Setting next_dagrun for example_sla_dag to 2025-07-08 09:16:00+00:00, run_after=2025-07-08 09:18:00+00:00
[2025-07-08T09:19:22.849+0000] {processor.py:183} INFO - Processing /home/airflow/.local/lib/python3.8/site-packages/airflow/example_dags/example_sla_dag.py took 0.310 seconds
[2025-07-08T09:19:53.795+0000] {processor.py:161} INFO - Started process (PID=1935) to work on /home/airflow/.local/lib/python3.8/site-packages/airflow/example_dags/example_sla_dag.py
[2025-07-08T09:19:53.812+0000] {processor.py:830} INFO - Processing file /home/airflow/.local/lib/python3.8/site-packages/airflow/example_dags/example_sla_dag.py for tasks to queue
[2025-07-08T09:19:53.815+0000] {logging_mixin.py:188} INFO - [2025-07-08T09:19:53.815+0000] {dagbag.py:538} INFO - Filling up the DagBag from /home/airflow/.local/lib/python3.8/site-packages/airflow/example_dags/example_sla_dag.py
[2025-07-08T09:19:53.851+0000] {processor.py:840} INFO - DAG(s) 'example_sla_dag' retrieved from /home/airflow/.local/lib/python3.8/site-packages/airflow/example_dags/example_sla_dag.py
[2025-07-08T09:19:53.925+0000] {logging_mixin.py:188} INFO - [2025-07-08T09:19:53.925+0000] {dag.py:3036} INFO - Sync 1 DAGs
[2025-07-08T09:19:54.033+0000] {logging_mixin.py:188} INFO - [2025-07-08T09:19:54.032+0000] {dag.py:3823} INFO - Setting next_dagrun for example_sla_dag to 2025-07-08 09:16:00+00:00, run_after=2025-07-08 09:18:00+00:00
[2025-07-08T09:19:54.108+0000] {processor.py:183} INFO - Processing /home/airflow/.local/lib/python3.8/site-packages/airflow/example_dags/example_sla_dag.py took 0.329 seconds
[2025-07-08T09:20:24.833+0000] {processor.py:161} INFO - Started process (PID=2003) to work on /home/airflow/.local/lib/python3.8/site-packages/airflow/example_dags/example_sla_dag.py
[2025-07-08T09:20:24.834+0000] {processor.py:830} INFO - Processing file /home/airflow/.local/lib/python3.8/site-packages/airflow/example_dags/example_sla_dag.py for tasks to queue
[2025-07-08T09:20:24.838+0000] {logging_mixin.py:188} INFO - [2025-07-08T09:20:24.837+0000] {dagbag.py:538} INFO - Filling up the DagBag from /home/airflow/.local/lib/python3.8/site-packages/airflow/example_dags/example_sla_dag.py
[2025-07-08T09:20:24.871+0000] {processor.py:840} INFO - DAG(s) 'example_sla_dag' retrieved from /home/airflow/.local/lib/python3.8/site-packages/airflow/example_dags/example_sla_dag.py
[2025-07-08T09:20:24.949+0000] {logging_mixin.py:188} INFO - [2025-07-08T09:20:24.949+0000] {dag.py:3036} INFO - Sync 1 DAGs
[2025-07-08T09:20:25.067+0000] {logging_mixin.py:188} INFO - [2025-07-08T09:20:25.067+0000] {dag.py:3823} INFO - Setting next_dagrun for example_sla_dag to 2025-07-08 09:18:00+00:00, run_after=2025-07-08 09:20:00+00:00
[2025-07-08T09:20:25.178+0000] {processor.py:183} INFO - Processing /home/airflow/.local/lib/python3.8/site-packages/airflow/example_dags/example_sla_dag.py took 0.367 seconds
[2025-07-08T09:20:56.032+0000] {processor.py:161} INFO - Started process (PID=2070) to work on /home/airflow/.local/lib/python3.8/site-packages/airflow/example_dags/example_sla_dag.py
[2025-07-08T09:20:56.035+0000] {processor.py:830} INFO - Processing file /home/airflow/.local/lib/python3.8/site-packages/airflow/example_dags/example_sla_dag.py for tasks to queue
[2025-07-08T09:20:56.038+0000] {logging_mixin.py:188} INFO - [2025-07-08T09:20:56.038+0000] {dagbag.py:538} INFO - Filling up the DagBag from /home/airflow/.local/lib/python3.8/site-packages/airflow/example_dags/example_sla_dag.py
[2025-07-08T09:20:56.056+0000] {processor.py:840} INFO - DAG(s) 'example_sla_dag' retrieved from /home/airflow/.local/lib/python3.8/site-packages/airflow/example_dags/example_sla_dag.py
[2025-07-08T09:20:56.105+0000] {logging_mixin.py:188} INFO - [2025-07-08T09:20:56.105+0000] {dag.py:3036} INFO - Sync 1 DAGs
[2025-07-08T09:20:56.188+0000] {logging_mixin.py:188} INFO - [2025-07-08T09:20:56.187+0000] {dag.py:3823} INFO - Setting next_dagrun for example_sla_dag to 2025-07-08 09:18:00+00:00, run_after=2025-07-08 09:20:00+00:00
[2025-07-08T09:20:56.258+0000] {processor.py:183} INFO - Processing /home/airflow/.local/lib/python3.8/site-packages/airflow/example_dags/example_sla_dag.py took 0.246 seconds
[2025-07-08T09:21:27.205+0000] {processor.py:161} INFO - Started process (PID=2136) to work on /home/airflow/.local/lib/python3.8/site-packages/airflow/example_dags/example_sla_dag.py
[2025-07-08T09:21:27.207+0000] {processor.py:830} INFO - Processing file /home/airflow/.local/lib/python3.8/site-packages/airflow/example_dags/example_sla_dag.py for tasks to queue
[2025-07-08T09:21:27.218+0000] {logging_mixin.py:188} INFO - [2025-07-08T09:21:27.218+0000] {dagbag.py:538} INFO - Filling up the DagBag from /home/airflow/.local/lib/python3.8/site-packages/airflow/example_dags/example_sla_dag.py
[2025-07-08T09:21:27.254+0000] {processor.py:840} INFO - DAG(s) 'example_sla_dag' retrieved from /home/airflow/.local/lib/python3.8/site-packages/airflow/example_dags/example_sla_dag.py
[2025-07-08T09:21:27.347+0000] {logging_mixin.py:188} INFO - [2025-07-08T09:21:27.347+0000] {dag.py:3036} INFO - Sync 1 DAGs
[2025-07-08T09:21:27.434+0000] {logging_mixin.py:188} INFO - [2025-07-08T09:21:27.434+0000] {dag.py:3823} INFO - Setting next_dagrun for example_sla_dag to 2025-07-08 09:18:00+00:00, run_after=2025-07-08 09:20:00+00:00
[2025-07-08T09:21:27.524+0000] {processor.py:183} INFO - Processing /home/airflow/.local/lib/python3.8/site-packages/airflow/example_dags/example_sla_dag.py took 0.332 seconds
[2025-07-08T09:21:59.115+0000] {processor.py:161} INFO - Started process (PID=2203) to work on /home/airflow/.local/lib/python3.8/site-packages/airflow/example_dags/example_sla_dag.py
[2025-07-08T09:21:59.123+0000] {processor.py:830} INFO - Processing file /home/airflow/.local/lib/python3.8/site-packages/airflow/example_dags/example_sla_dag.py for tasks to queue
[2025-07-08T09:21:59.126+0000] {logging_mixin.py:188} INFO - [2025-07-08T09:21:59.125+0000] {dagbag.py:538} INFO - Filling up the DagBag from /home/airflow/.local/lib/python3.8/site-packages/airflow/example_dags/example_sla_dag.py
[2025-07-08T09:21:59.174+0000] {processor.py:840} INFO - DAG(s) 'example_sla_dag' retrieved from /home/airflow/.local/lib/python3.8/site-packages/airflow/example_dags/example_sla_dag.py
[2025-07-08T09:21:59.277+0000] {logging_mixin.py:188} INFO - [2025-07-08T09:21:59.277+0000] {dag.py:3036} INFO - Sync 1 DAGs
[2025-07-08T09:21:59.374+0000] {logging_mixin.py:188} INFO - [2025-07-08T09:21:59.374+0000] {dag.py:3823} INFO - Setting next_dagrun for example_sla_dag to 2025-07-08 09:18:00+00:00, run_after=2025-07-08 09:20:00+00:00
[2025-07-08T09:21:59.441+0000] {processor.py:183} INFO - Processing /home/airflow/.local/lib/python3.8/site-packages/airflow/example_dags/example_sla_dag.py took 0.347 seconds
[2025-07-08T09:22:30.154+0000] {processor.py:161} INFO - Started process (PID=2261) to work on /home/airflow/.local/lib/python3.8/site-packages/airflow/example_dags/example_sla_dag.py
[2025-07-08T09:22:30.155+0000] {processor.py:830} INFO - Processing file /home/airflow/.local/lib/python3.8/site-packages/airflow/example_dags/example_sla_dag.py for tasks to queue
[2025-07-08T09:22:30.158+0000] {logging_mixin.py:188} INFO - [2025-07-08T09:22:30.158+0000] {dagbag.py:538} INFO - Filling up the DagBag from /home/airflow/.local/lib/python3.8/site-packages/airflow/example_dags/example_sla_dag.py
[2025-07-08T09:22:30.176+0000] {processor.py:840} INFO - DAG(s) 'example_sla_dag' retrieved from /home/airflow/.local/lib/python3.8/site-packages/airflow/example_dags/example_sla_dag.py
[2025-07-08T09:22:30.216+0000] {logging_mixin.py:188} INFO - [2025-07-08T09:22:30.216+0000] {dag.py:3036} INFO - Sync 1 DAGs
[2025-07-08T09:22:30.273+0000] {logging_mixin.py:188} INFO - [2025-07-08T09:22:30.273+0000] {dag.py:3823} INFO - Setting next_dagrun for example_sla_dag to 2025-07-08 09:20:00+00:00, run_after=2025-07-08 09:22:00+00:00
[2025-07-08T09:22:30.309+0000] {processor.py:183} INFO - Processing /home/airflow/.local/lib/python3.8/site-packages/airflow/example_dags/example_sla_dag.py took 0.162 seconds
[2025-07-08T09:23:00.516+0000] {processor.py:161} INFO - Started process (PID=2327) to work on /home/airflow/.local/lib/python3.8/site-packages/airflow/example_dags/example_sla_dag.py
[2025-07-08T09:23:00.518+0000] {processor.py:830} INFO - Processing file /home/airflow/.local/lib/python3.8/site-packages/airflow/example_dags/example_sla_dag.py for tasks to queue
[2025-07-08T09:23:00.521+0000] {logging_mixin.py:188} INFO - [2025-07-08T09:23:00.521+0000] {dagbag.py:538} INFO - Filling up the DagBag from /home/airflow/.local/lib/python3.8/site-packages/airflow/example_dags/example_sla_dag.py
[2025-07-08T09:23:00.537+0000] {processor.py:840} INFO - DAG(s) 'example_sla_dag' retrieved from /home/airflow/.local/lib/python3.8/site-packages/airflow/example_dags/example_sla_dag.py
[2025-07-08T09:23:00.572+0000] {logging_mixin.py:188} INFO - [2025-07-08T09:23:00.571+0000] {dag.py:3036} INFO - Sync 1 DAGs
[2025-07-08T09:23:00.636+0000] {logging_mixin.py:188} INFO - [2025-07-08T09:23:00.635+0000] {dag.py:3823} INFO - Setting next_dagrun for example_sla_dag to 2025-07-08 09:20:00+00:00, run_after=2025-07-08 09:22:00+00:00
[2025-07-08T09:23:00.670+0000] {processor.py:183} INFO - Processing /home/airflow/.local/lib/python3.8/site-packages/airflow/example_dags/example_sla_dag.py took 0.160 seconds
[2025-07-08T09:23:30.804+0000] {processor.py:161} INFO - Started process (PID=2391) to work on /home/airflow/.local/lib/python3.8/site-packages/airflow/example_dags/example_sla_dag.py
[2025-07-08T09:23:30.811+0000] {processor.py:830} INFO - Processing file /home/airflow/.local/lib/python3.8/site-packages/airflow/example_dags/example_sla_dag.py for tasks to queue
[2025-07-08T09:23:30.826+0000] {logging_mixin.py:188} INFO - [2025-07-08T09:23:30.826+0000] {dagbag.py:538} INFO - Filling up the DagBag from /home/airflow/.local/lib/python3.8/site-packages/airflow/example_dags/example_sla_dag.py
[2025-07-08T09:23:30.866+0000] {processor.py:840} INFO - DAG(s) 'example_sla_dag' retrieved from /home/airflow/.local/lib/python3.8/site-packages/airflow/example_dags/example_sla_dag.py
[2025-07-08T09:23:30.910+0000] {logging_mixin.py:188} INFO - [2025-07-08T09:23:30.910+0000] {dag.py:3036} INFO - Sync 1 DAGs
[2025-07-08T09:23:30.966+0000] {logging_mixin.py:188} INFO - [2025-07-08T09:23:30.965+0000] {dag.py:3823} INFO - Setting next_dagrun for example_sla_dag to 2025-07-08 09:20:00+00:00, run_after=2025-07-08 09:22:00+00:00
[2025-07-08T09:23:30.997+0000] {processor.py:183} INFO - Processing /home/airflow/.local/lib/python3.8/site-packages/airflow/example_dags/example_sla_dag.py took 0.216 seconds
[2025-07-08T09:24:01.654+0000] {processor.py:161} INFO - Started process (PID=2458) to work on /home/airflow/.local/lib/python3.8/site-packages/airflow/example_dags/example_sla_dag.py
[2025-07-08T09:24:01.663+0000] {processor.py:830} INFO - Processing file /home/airflow/.local/lib/python3.8/site-packages/airflow/example_dags/example_sla_dag.py for tasks to queue
[2025-07-08T09:24:01.680+0000] {logging_mixin.py:188} INFO - [2025-07-08T09:24:01.669+0000] {dagbag.py:538} INFO - Filling up the DagBag from /home/airflow/.local/lib/python3.8/site-packages/airflow/example_dags/example_sla_dag.py
[2025-07-08T09:24:01.707+0000] {processor.py:840} INFO - DAG(s) 'example_sla_dag' retrieved from /home/airflow/.local/lib/python3.8/site-packages/airflow/example_dags/example_sla_dag.py
[2025-07-08T09:24:01.767+0000] {logging_mixin.py:188} INFO - [2025-07-08T09:24:01.767+0000] {dag.py:3036} INFO - Sync 1 DAGs
[2025-07-08T09:24:01.825+0000] {logging_mixin.py:188} INFO - [2025-07-08T09:24:01.824+0000] {dag.py:3823} INFO - Setting next_dagrun for example_sla_dag to 2025-07-08 09:22:00+00:00, run_after=2025-07-08 09:24:00+00:00
[2025-07-08T09:24:01.864+0000] {processor.py:183} INFO - Processing /home/airflow/.local/lib/python3.8/site-packages/airflow/example_dags/example_sla_dag.py took 0.216 seconds
[2025-07-08T09:24:32.395+0000] {processor.py:161} INFO - Started process (PID=2524) to work on /home/airflow/.local/lib/python3.8/site-packages/airflow/example_dags/example_sla_dag.py
[2025-07-08T09:24:32.402+0000] {processor.py:830} INFO - Processing file /home/airflow/.local/lib/python3.8/site-packages/airflow/example_dags/example_sla_dag.py for tasks to queue
[2025-07-08T09:24:32.405+0000] {logging_mixin.py:188} INFO - [2025-07-08T09:24:32.404+0000] {dagbag.py:538} INFO - Filling up the DagBag from /home/airflow/.local/lib/python3.8/site-packages/airflow/example_dags/example_sla_dag.py
[2025-07-08T09:24:32.425+0000] {processor.py:840} INFO - DAG(s) 'example_sla_dag' retrieved from /home/airflow/.local/lib/python3.8/site-packages/airflow/example_dags/example_sla_dag.py
[2025-07-08T09:24:32.489+0000] {logging_mixin.py:188} INFO - [2025-07-08T09:24:32.489+0000] {dag.py:3036} INFO - Sync 1 DAGs
[2025-07-08T09:24:32.587+0000] {logging_mixin.py:188} INFO - [2025-07-08T09:24:32.586+0000] {dag.py:3823} INFO - Setting next_dagrun for example_sla_dag to 2025-07-08 09:22:00+00:00, run_after=2025-07-08 09:24:00+00:00
[2025-07-08T09:24:32.652+0000] {processor.py:183} INFO - Processing /home/airflow/.local/lib/python3.8/site-packages/airflow/example_dags/example_sla_dag.py took 0.265 seconds
[2025-07-08T09:25:03.141+0000] {processor.py:161} INFO - Started process (PID=2591) to work on /home/airflow/.local/lib/python3.8/site-packages/airflow/example_dags/example_sla_dag.py
[2025-07-08T09:25:03.144+0000] {processor.py:830} INFO - Processing file /home/airflow/.local/lib/python3.8/site-packages/airflow/example_dags/example_sla_dag.py for tasks to queue
[2025-07-08T09:25:03.148+0000] {logging_mixin.py:188} INFO - [2025-07-08T09:25:03.147+0000] {dagbag.py:538} INFO - Filling up the DagBag from /home/airflow/.local/lib/python3.8/site-packages/airflow/example_dags/example_sla_dag.py
[2025-07-08T09:25:03.226+0000] {processor.py:840} INFO - DAG(s) 'example_sla_dag' retrieved from /home/airflow/.local/lib/python3.8/site-packages/airflow/example_dags/example_sla_dag.py
[2025-07-08T09:25:03.299+0000] {logging_mixin.py:188} INFO - [2025-07-08T09:25:03.298+0000] {dag.py:3036} INFO - Sync 1 DAGs
[2025-07-08T09:25:03.395+0000] {logging_mixin.py:188} INFO - [2025-07-08T09:25:03.395+0000] {dag.py:3823} INFO - Setting next_dagrun for example_sla_dag to 2025-07-08 09:22:00+00:00, run_after=2025-07-08 09:24:00+00:00
[2025-07-08T09:25:03.458+0000] {processor.py:183} INFO - Processing /home/airflow/.local/lib/python3.8/site-packages/airflow/example_dags/example_sla_dag.py took 0.328 seconds
[2025-07-08T09:25:34.369+0000] {processor.py:161} INFO - Started process (PID=2658) to work on /home/airflow/.local/lib/python3.8/site-packages/airflow/example_dags/example_sla_dag.py
[2025-07-08T09:25:34.376+0000] {processor.py:830} INFO - Processing file /home/airflow/.local/lib/python3.8/site-packages/airflow/example_dags/example_sla_dag.py for tasks to queue
[2025-07-08T09:25:34.379+0000] {logging_mixin.py:188} INFO - [2025-07-08T09:25:34.379+0000] {dagbag.py:538} INFO - Filling up the DagBag from /home/airflow/.local/lib/python3.8/site-packages/airflow/example_dags/example_sla_dag.py
[2025-07-08T09:25:34.433+0000] {processor.py:840} INFO - DAG(s) 'example_sla_dag' retrieved from /home/airflow/.local/lib/python3.8/site-packages/airflow/example_dags/example_sla_dag.py
[2025-07-08T09:25:34.544+0000] {logging_mixin.py:188} INFO - [2025-07-08T09:25:34.542+0000] {dag.py:3036} INFO - Sync 1 DAGs
[2025-07-08T09:25:34.650+0000] {logging_mixin.py:188} INFO - [2025-07-08T09:25:34.649+0000] {dag.py:3823} INFO - Setting next_dagrun for example_sla_dag to 2025-07-08 09:22:00+00:00, run_after=2025-07-08 09:24:00+00:00
[2025-07-08T09:25:34.737+0000] {processor.py:183} INFO - Processing /home/airflow/.local/lib/python3.8/site-packages/airflow/example_dags/example_sla_dag.py took 0.387 seconds
[2025-07-08T09:26:05.363+0000] {processor.py:161} INFO - Started process (PID=2723) to work on /home/airflow/.local/lib/python3.8/site-packages/airflow/example_dags/example_sla_dag.py
[2025-07-08T09:26:05.373+0000] {processor.py:830} INFO - Processing file /home/airflow/.local/lib/python3.8/site-packages/airflow/example_dags/example_sla_dag.py for tasks to queue
[2025-07-08T09:26:05.376+0000] {logging_mixin.py:188} INFO - [2025-07-08T09:26:05.375+0000] {dagbag.py:538} INFO - Filling up the DagBag from /home/airflow/.local/lib/python3.8/site-packages/airflow/example_dags/example_sla_dag.py
[2025-07-08T09:26:05.402+0000] {processor.py:840} INFO - DAG(s) 'example_sla_dag' retrieved from /home/airflow/.local/lib/python3.8/site-packages/airflow/example_dags/example_sla_dag.py
[2025-07-08T09:26:05.471+0000] {logging_mixin.py:188} INFO - [2025-07-08T09:26:05.470+0000] {dag.py:3036} INFO - Sync 1 DAGs
[2025-07-08T09:26:05.549+0000] {logging_mixin.py:188} INFO - [2025-07-08T09:26:05.549+0000] {dag.py:3823} INFO - Setting next_dagrun for example_sla_dag to 2025-07-08 09:24:00+00:00, run_after=2025-07-08 09:26:00+00:00
[2025-07-08T09:26:05.593+0000] {processor.py:183} INFO - Processing /home/airflow/.local/lib/python3.8/site-packages/airflow/example_dags/example_sla_dag.py took 0.236 seconds
[2025-07-08T09:26:35.763+0000] {processor.py:161} INFO - Started process (PID=2781) to work on /home/airflow/.local/lib/python3.8/site-packages/airflow/example_dags/example_sla_dag.py
[2025-07-08T09:26:35.765+0000] {processor.py:830} INFO - Processing file /home/airflow/.local/lib/python3.8/site-packages/airflow/example_dags/example_sla_dag.py for tasks to queue
[2025-07-08T09:26:35.770+0000] {logging_mixin.py:188} INFO - [2025-07-08T09:26:35.770+0000] {dagbag.py:538} INFO - Filling up the DagBag from /home/airflow/.local/lib/python3.8/site-packages/airflow/example_dags/example_sla_dag.py
[2025-07-08T09:26:35.788+0000] {processor.py:840} INFO - DAG(s) 'example_sla_dag' retrieved from /home/airflow/.local/lib/python3.8/site-packages/airflow/example_dags/example_sla_dag.py
[2025-07-08T09:26:35.835+0000] {logging_mixin.py:188} INFO - [2025-07-08T09:26:35.835+0000] {dag.py:3036} INFO - Sync 1 DAGs
[2025-07-08T09:26:35.899+0000] {logging_mixin.py:188} INFO - [2025-07-08T09:26:35.899+0000] {dag.py:3823} INFO - Setting next_dagrun for example_sla_dag to 2025-07-08 09:24:00+00:00, run_after=2025-07-08 09:26:00+00:00
[2025-07-08T09:26:35.959+0000] {processor.py:183} INFO - Processing /home/airflow/.local/lib/python3.8/site-packages/airflow/example_dags/example_sla_dag.py took 0.201 seconds
[2025-07-08T09:27:06.111+0000] {processor.py:161} INFO - Started process (PID=2846) to work on /home/airflow/.local/lib/python3.8/site-packages/airflow/example_dags/example_sla_dag.py
[2025-07-08T09:27:06.112+0000] {processor.py:830} INFO - Processing file /home/airflow/.local/lib/python3.8/site-packages/airflow/example_dags/example_sla_dag.py for tasks to queue
[2025-07-08T09:27:06.115+0000] {logging_mixin.py:188} INFO - [2025-07-08T09:27:06.115+0000] {dagbag.py:538} INFO - Filling up the DagBag from /home/airflow/.local/lib/python3.8/site-packages/airflow/example_dags/example_sla_dag.py
[2025-07-08T09:27:06.132+0000] {processor.py:840} INFO - DAG(s) 'example_sla_dag' retrieved from /home/airflow/.local/lib/python3.8/site-packages/airflow/example_dags/example_sla_dag.py
[2025-07-08T09:27:06.187+0000] {logging_mixin.py:188} INFO - [2025-07-08T09:27:06.186+0000] {dag.py:3036} INFO - Sync 1 DAGs
[2025-07-08T09:27:06.241+0000] {logging_mixin.py:188} INFO - [2025-07-08T09:27:06.240+0000] {dag.py:3823} INFO - Setting next_dagrun for example_sla_dag to 2025-07-08 09:24:00+00:00, run_after=2025-07-08 09:26:00+00:00
[2025-07-08T09:27:06.282+0000] {processor.py:183} INFO - Processing /home/airflow/.local/lib/python3.8/site-packages/airflow/example_dags/example_sla_dag.py took 0.177 seconds
[2025-07-08T09:27:36.770+0000] {processor.py:161} INFO - Started process (PID=2904) to work on /home/airflow/.local/lib/python3.8/site-packages/airflow/example_dags/example_sla_dag.py
[2025-07-08T09:27:36.773+0000] {processor.py:830} INFO - Processing file /home/airflow/.local/lib/python3.8/site-packages/airflow/example_dags/example_sla_dag.py for tasks to queue
[2025-07-08T09:27:36.777+0000] {logging_mixin.py:188} INFO - [2025-07-08T09:27:36.776+0000] {dagbag.py:538} INFO - Filling up the DagBag from /home/airflow/.local/lib/python3.8/site-packages/airflow/example_dags/example_sla_dag.py
[2025-07-08T09:27:36.797+0000] {processor.py:840} INFO - DAG(s) 'example_sla_dag' retrieved from /home/airflow/.local/lib/python3.8/site-packages/airflow/example_dags/example_sla_dag.py
[2025-07-08T09:27:36.881+0000] {logging_mixin.py:188} INFO - [2025-07-08T09:27:36.880+0000] {dag.py:3036} INFO - Sync 1 DAGs
[2025-07-08T09:27:36.978+0000] {logging_mixin.py:188} INFO - [2025-07-08T09:27:36.977+0000] {dag.py:3823} INFO - Setting next_dagrun for example_sla_dag to 2025-07-08 09:24:00+00:00, run_after=2025-07-08 09:26:00+00:00
[2025-07-08T09:27:37.045+0000] {processor.py:183} INFO - Processing /home/airflow/.local/lib/python3.8/site-packages/airflow/example_dags/example_sla_dag.py took 0.282 seconds
[2025-07-08T09:28:07.562+0000] {processor.py:161} INFO - Started process (PID=2970) to work on /home/airflow/.local/lib/python3.8/site-packages/airflow/example_dags/example_sla_dag.py
[2025-07-08T09:28:07.563+0000] {processor.py:830} INFO - Processing file /home/airflow/.local/lib/python3.8/site-packages/airflow/example_dags/example_sla_dag.py for tasks to queue
[2025-07-08T09:28:07.566+0000] {logging_mixin.py:188} INFO - [2025-07-08T09:28:07.565+0000] {dagbag.py:538} INFO - Filling up the DagBag from /home/airflow/.local/lib/python3.8/site-packages/airflow/example_dags/example_sla_dag.py
[2025-07-08T09:28:07.583+0000] {processor.py:840} INFO - DAG(s) 'example_sla_dag' retrieved from /home/airflow/.local/lib/python3.8/site-packages/airflow/example_dags/example_sla_dag.py
[2025-07-08T09:28:07.618+0000] {logging_mixin.py:188} INFO - [2025-07-08T09:28:07.618+0000] {dag.py:3036} INFO - Sync 1 DAGs
[2025-07-08T09:28:07.704+0000] {logging_mixin.py:188} INFO - [2025-07-08T09:28:07.704+0000] {dag.py:3823} INFO - Setting next_dagrun for example_sla_dag to 2025-07-08 09:26:00+00:00, run_after=2025-07-08 09:28:00+00:00
[2025-07-08T09:28:07.771+0000] {processor.py:183} INFO - Processing /home/airflow/.local/lib/python3.8/site-packages/airflow/example_dags/example_sla_dag.py took 0.230 seconds
[2025-07-08T09:28:38.749+0000] {processor.py:161} INFO - Started process (PID=3036) to work on /home/airflow/.local/lib/python3.8/site-packages/airflow/example_dags/example_sla_dag.py
[2025-07-08T09:28:38.756+0000] {processor.py:830} INFO - Processing file /home/airflow/.local/lib/python3.8/site-packages/airflow/example_dags/example_sla_dag.py for tasks to queue
[2025-07-08T09:28:38.759+0000] {logging_mixin.py:188} INFO - [2025-07-08T09:28:38.759+0000] {dagbag.py:538} INFO - Filling up the DagBag from /home/airflow/.local/lib/python3.8/site-packages/airflow/example_dags/example_sla_dag.py
[2025-07-08T09:28:38.786+0000] {processor.py:840} INFO - DAG(s) 'example_sla_dag' retrieved from /home/airflow/.local/lib/python3.8/site-packages/airflow/example_dags/example_sla_dag.py
[2025-07-08T09:28:38.901+0000] {logging_mixin.py:188} INFO - [2025-07-08T09:28:38.901+0000] {dag.py:3036} INFO - Sync 1 DAGs
[2025-07-08T09:28:38.978+0000] {logging_mixin.py:188} INFO - [2025-07-08T09:28:38.978+0000] {dag.py:3823} INFO - Setting next_dagrun for example_sla_dag to 2025-07-08 09:26:00+00:00, run_after=2025-07-08 09:28:00+00:00
[2025-07-08T09:28:39.040+0000] {processor.py:183} INFO - Processing /home/airflow/.local/lib/python3.8/site-packages/airflow/example_dags/example_sla_dag.py took 0.312 seconds
[2025-07-08T09:29:09.758+0000] {processor.py:161} INFO - Started process (PID=3101) to work on /home/airflow/.local/lib/python3.8/site-packages/airflow/example_dags/example_sla_dag.py
[2025-07-08T09:29:09.767+0000] {processor.py:830} INFO - Processing file /home/airflow/.local/lib/python3.8/site-packages/airflow/example_dags/example_sla_dag.py for tasks to queue
[2025-07-08T09:29:09.770+0000] {logging_mixin.py:188} INFO - [2025-07-08T09:29:09.770+0000] {dagbag.py:538} INFO - Filling up the DagBag from /home/airflow/.local/lib/python3.8/site-packages/airflow/example_dags/example_sla_dag.py
[2025-07-08T09:29:09.811+0000] {processor.py:840} INFO - DAG(s) 'example_sla_dag' retrieved from /home/airflow/.local/lib/python3.8/site-packages/airflow/example_dags/example_sla_dag.py
[2025-07-08T09:29:09.866+0000] {logging_mixin.py:188} INFO - [2025-07-08T09:29:09.866+0000] {dag.py:3036} INFO - Sync 1 DAGs
[2025-07-08T09:29:09.935+0000] {logging_mixin.py:188} INFO - [2025-07-08T09:29:09.935+0000] {dag.py:3823} INFO - Setting next_dagrun for example_sla_dag to 2025-07-08 09:26:00+00:00, run_after=2025-07-08 09:28:00+00:00
[2025-07-08T09:29:10.025+0000] {processor.py:183} INFO - Processing /home/airflow/.local/lib/python3.8/site-packages/airflow/example_dags/example_sla_dag.py took 0.294 seconds
[2025-07-08T09:29:40.592+0000] {processor.py:161} INFO - Started process (PID=3167) to work on /home/airflow/.local/lib/python3.8/site-packages/airflow/example_dags/example_sla_dag.py
[2025-07-08T09:29:40.600+0000] {processor.py:830} INFO - Processing file /home/airflow/.local/lib/python3.8/site-packages/airflow/example_dags/example_sla_dag.py for tasks to queue
[2025-07-08T09:29:40.603+0000] {logging_mixin.py:188} INFO - [2025-07-08T09:29:40.603+0000] {dagbag.py:538} INFO - Filling up the DagBag from /home/airflow/.local/lib/python3.8/site-packages/airflow/example_dags/example_sla_dag.py
[2025-07-08T09:29:40.656+0000] {processor.py:840} INFO - DAG(s) 'example_sla_dag' retrieved from /home/airflow/.local/lib/python3.8/site-packages/airflow/example_dags/example_sla_dag.py
[2025-07-08T09:29:40.721+0000] {logging_mixin.py:188} INFO - [2025-07-08T09:29:40.721+0000] {dag.py:3036} INFO - Sync 1 DAGs
[2025-07-08T09:29:40.807+0000] {logging_mixin.py:188} INFO - [2025-07-08T09:29:40.800+0000] {dag.py:3823} INFO - Setting next_dagrun for example_sla_dag to 2025-07-08 09:26:00+00:00, run_after=2025-07-08 09:28:00+00:00
[2025-07-08T09:29:40.885+0000] {processor.py:183} INFO - Processing /home/airflow/.local/lib/python3.8/site-packages/airflow/example_dags/example_sla_dag.py took 0.318 seconds
[2025-07-08T09:30:11.401+0000] {processor.py:161} INFO - Started process (PID=3232) to work on /home/airflow/.local/lib/python3.8/site-packages/airflow/example_dags/example_sla_dag.py
[2025-07-08T09:30:11.402+0000] {processor.py:830} INFO - Processing file /home/airflow/.local/lib/python3.8/site-packages/airflow/example_dags/example_sla_dag.py for tasks to queue
[2025-07-08T09:30:11.432+0000] {logging_mixin.py:188} INFO - [2025-07-08T09:30:11.431+0000] {dagbag.py:538} INFO - Filling up the DagBag from /home/airflow/.local/lib/python3.8/site-packages/airflow/example_dags/example_sla_dag.py
[2025-07-08T09:30:11.530+0000] {processor.py:840} INFO - DAG(s) 'example_sla_dag' retrieved from /home/airflow/.local/lib/python3.8/site-packages/airflow/example_dags/example_sla_dag.py
[2025-07-08T09:30:11.726+0000] {logging_mixin.py:188} INFO - [2025-07-08T09:30:11.726+0000] {dag.py:3036} INFO - Sync 1 DAGs
[2025-07-08T09:30:11.852+0000] {logging_mixin.py:188} INFO - [2025-07-08T09:30:11.851+0000] {dag.py:3823} INFO - Setting next_dagrun for example_sla_dag to 2025-07-08 09:28:00+00:00, run_after=2025-07-08 09:30:00+00:00
[2025-07-08T09:30:11.926+0000] {processor.py:183} INFO - Processing /home/airflow/.local/lib/python3.8/site-packages/airflow/example_dags/example_sla_dag.py took 0.535 seconds
[2025-07-08T09:30:42.042+0000] {processor.py:161} INFO - Started process (PID=3299) to work on /home/airflow/.local/lib/python3.8/site-packages/airflow/example_dags/example_sla_dag.py
[2025-07-08T09:30:42.044+0000] {processor.py:830} INFO - Processing file /home/airflow/.local/lib/python3.8/site-packages/airflow/example_dags/example_sla_dag.py for tasks to queue
[2025-07-08T09:30:42.054+0000] {logging_mixin.py:188} INFO - [2025-07-08T09:30:42.054+0000] {dagbag.py:538} INFO - Filling up the DagBag from /home/airflow/.local/lib/python3.8/site-packages/airflow/example_dags/example_sla_dag.py
[2025-07-08T09:30:42.088+0000] {processor.py:840} INFO - DAG(s) 'example_sla_dag' retrieved from /home/airflow/.local/lib/python3.8/site-packages/airflow/example_dags/example_sla_dag.py
[2025-07-08T09:30:42.178+0000] {logging_mixin.py:188} INFO - [2025-07-08T09:30:42.176+0000] {dag.py:3036} INFO - Sync 1 DAGs
[2025-07-08T09:30:42.289+0000] {logging_mixin.py:188} INFO - [2025-07-08T09:30:42.289+0000] {dag.py:3823} INFO - Setting next_dagrun for example_sla_dag to 2025-07-08 09:28:00+00:00, run_after=2025-07-08 09:30:00+00:00
[2025-07-08T09:30:42.355+0000] {processor.py:183} INFO - Processing /home/airflow/.local/lib/python3.8/site-packages/airflow/example_dags/example_sla_dag.py took 0.339 seconds
[2025-07-08T09:31:12.917+0000] {processor.py:161} INFO - Started process (PID=3365) to work on /home/airflow/.local/lib/python3.8/site-packages/airflow/example_dags/example_sla_dag.py
[2025-07-08T09:31:12.924+0000] {processor.py:830} INFO - Processing file /home/airflow/.local/lib/python3.8/site-packages/airflow/example_dags/example_sla_dag.py for tasks to queue
[2025-07-08T09:31:12.936+0000] {logging_mixin.py:188} INFO - [2025-07-08T09:31:12.936+0000] {dagbag.py:538} INFO - Filling up the DagBag from /home/airflow/.local/lib/python3.8/site-packages/airflow/example_dags/example_sla_dag.py
[2025-07-08T09:31:12.953+0000] {processor.py:840} INFO - DAG(s) 'example_sla_dag' retrieved from /home/airflow/.local/lib/python3.8/site-packages/airflow/example_dags/example_sla_dag.py
[2025-07-08T09:31:12.997+0000] {logging_mixin.py:188} INFO - [2025-07-08T09:31:12.996+0000] {dag.py:3036} INFO - Sync 1 DAGs
[2025-07-08T09:31:13.083+0000] {logging_mixin.py:188} INFO - [2025-07-08T09:31:13.083+0000] {dag.py:3823} INFO - Setting next_dagrun for example_sla_dag to 2025-07-08 09:28:00+00:00, run_after=2025-07-08 09:30:00+00:00
[2025-07-08T09:31:13.147+0000] {processor.py:183} INFO - Processing /home/airflow/.local/lib/python3.8/site-packages/airflow/example_dags/example_sla_dag.py took 0.247 seconds
[2025-07-08T09:31:43.355+0000] {processor.py:161} INFO - Started process (PID=3431) to work on /home/airflow/.local/lib/python3.8/site-packages/airflow/example_dags/example_sla_dag.py
[2025-07-08T09:31:43.367+0000] {processor.py:830} INFO - Processing file /home/airflow/.local/lib/python3.8/site-packages/airflow/example_dags/example_sla_dag.py for tasks to queue
[2025-07-08T09:31:43.370+0000] {logging_mixin.py:188} INFO - [2025-07-08T09:31:43.370+0000] {dagbag.py:538} INFO - Filling up the DagBag from /home/airflow/.local/lib/python3.8/site-packages/airflow/example_dags/example_sla_dag.py
[2025-07-08T09:31:43.404+0000] {processor.py:840} INFO - DAG(s) 'example_sla_dag' retrieved from /home/airflow/.local/lib/python3.8/site-packages/airflow/example_dags/example_sla_dag.py
[2025-07-08T09:31:43.492+0000] {logging_mixin.py:188} INFO - [2025-07-08T09:31:43.491+0000] {dag.py:3036} INFO - Sync 1 DAGs
[2025-07-08T09:31:43.594+0000] {logging_mixin.py:188} INFO - [2025-07-08T09:31:43.593+0000] {dag.py:3823} INFO - Setting next_dagrun for example_sla_dag to 2025-07-08 09:28:00+00:00, run_after=2025-07-08 09:30:00+00:00
[2025-07-08T09:31:43.649+0000] {processor.py:183} INFO - Processing /home/airflow/.local/lib/python3.8/site-packages/airflow/example_dags/example_sla_dag.py took 0.300 seconds
[2025-07-08T09:32:14.092+0000] {processor.py:161} INFO - Started process (PID=3497) to work on /home/airflow/.local/lib/python3.8/site-packages/airflow/example_dags/example_sla_dag.py
[2025-07-08T09:32:14.094+0000] {processor.py:830} INFO - Processing file /home/airflow/.local/lib/python3.8/site-packages/airflow/example_dags/example_sla_dag.py for tasks to queue
[2025-07-08T09:32:14.098+0000] {logging_mixin.py:188} INFO - [2025-07-08T09:32:14.097+0000] {dagbag.py:538} INFO - Filling up the DagBag from /home/airflow/.local/lib/python3.8/site-packages/airflow/example_dags/example_sla_dag.py
[2025-07-08T09:32:14.135+0000] {processor.py:840} INFO - DAG(s) 'example_sla_dag' retrieved from /home/airflow/.local/lib/python3.8/site-packages/airflow/example_dags/example_sla_dag.py
[2025-07-08T09:32:14.213+0000] {logging_mixin.py:188} INFO - [2025-07-08T09:32:14.213+0000] {dag.py:3036} INFO - Sync 1 DAGs
[2025-07-08T09:32:14.296+0000] {logging_mixin.py:188} INFO - [2025-07-08T09:32:14.295+0000] {dag.py:3823} INFO - Setting next_dagrun for example_sla_dag to 2025-07-08 09:30:00+00:00, run_after=2025-07-08 09:32:00+00:00
[2025-07-08T09:32:14.393+0000] {processor.py:183} INFO - Processing /home/airflow/.local/lib/python3.8/site-packages/airflow/example_dags/example_sla_dag.py took 0.308 seconds
[2025-07-08T09:32:45.130+0000] {processor.py:161} INFO - Started process (PID=3563) to work on /home/airflow/.local/lib/python3.8/site-packages/airflow/example_dags/example_sla_dag.py
[2025-07-08T09:32:45.131+0000] {processor.py:830} INFO - Processing file /home/airflow/.local/lib/python3.8/site-packages/airflow/example_dags/example_sla_dag.py for tasks to queue
[2025-07-08T09:32:45.142+0000] {logging_mixin.py:188} INFO - [2025-07-08T09:32:45.141+0000] {dagbag.py:538} INFO - Filling up the DagBag from /home/airflow/.local/lib/python3.8/site-packages/airflow/example_dags/example_sla_dag.py
[2025-07-08T09:32:45.178+0000] {processor.py:840} INFO - DAG(s) 'example_sla_dag' retrieved from /home/airflow/.local/lib/python3.8/site-packages/airflow/example_dags/example_sla_dag.py
[2025-07-08T09:32:45.225+0000] {logging_mixin.py:188} INFO - [2025-07-08T09:32:45.225+0000] {dag.py:3036} INFO - Sync 1 DAGs
[2025-07-08T09:32:45.327+0000] {logging_mixin.py:188} INFO - [2025-07-08T09:32:45.327+0000] {dag.py:3823} INFO - Setting next_dagrun for example_sla_dag to 2025-07-08 09:30:00+00:00, run_after=2025-07-08 09:32:00+00:00
[2025-07-08T09:32:45.378+0000] {processor.py:183} INFO - Processing /home/airflow/.local/lib/python3.8/site-packages/airflow/example_dags/example_sla_dag.py took 0.270 seconds
[2025-07-08T09:33:15.928+0000] {processor.py:161} INFO - Started process (PID=3629) to work on /home/airflow/.local/lib/python3.8/site-packages/airflow/example_dags/example_sla_dag.py
[2025-07-08T09:33:15.930+0000] {processor.py:830} INFO - Processing file /home/airflow/.local/lib/python3.8/site-packages/airflow/example_dags/example_sla_dag.py for tasks to queue
[2025-07-08T09:33:15.934+0000] {logging_mixin.py:188} INFO - [2025-07-08T09:33:15.933+0000] {dagbag.py:538} INFO - Filling up the DagBag from /home/airflow/.local/lib/python3.8/site-packages/airflow/example_dags/example_sla_dag.py
[2025-07-08T09:33:15.950+0000] {processor.py:840} INFO - DAG(s) 'example_sla_dag' retrieved from /home/airflow/.local/lib/python3.8/site-packages/airflow/example_dags/example_sla_dag.py
[2025-07-08T09:33:16.019+0000] {logging_mixin.py:188} INFO - [2025-07-08T09:33:16.018+0000] {dag.py:3036} INFO - Sync 1 DAGs
[2025-07-08T09:33:16.123+0000] {logging_mixin.py:188} INFO - [2025-07-08T09:33:16.123+0000] {dag.py:3823} INFO - Setting next_dagrun for example_sla_dag to 2025-07-08 09:30:00+00:00, run_after=2025-07-08 09:32:00+00:00
[2025-07-08T09:33:16.172+0000] {processor.py:183} INFO - Processing /home/airflow/.local/lib/python3.8/site-packages/airflow/example_dags/example_sla_dag.py took 0.256 seconds
[2025-07-08T09:33:47.232+0000] {processor.py:161} INFO - Started process (PID=3694) to work on /home/airflow/.local/lib/python3.8/site-packages/airflow/example_dags/example_sla_dag.py
[2025-07-08T09:33:47.244+0000] {processor.py:830} INFO - Processing file /home/airflow/.local/lib/python3.8/site-packages/airflow/example_dags/example_sla_dag.py for tasks to queue
[2025-07-08T09:33:47.247+0000] {logging_mixin.py:188} INFO - [2025-07-08T09:33:47.246+0000] {dagbag.py:538} INFO - Filling up the DagBag from /home/airflow/.local/lib/python3.8/site-packages/airflow/example_dags/example_sla_dag.py
[2025-07-08T09:33:47.281+0000] {processor.py:840} INFO - DAG(s) 'example_sla_dag' retrieved from /home/airflow/.local/lib/python3.8/site-packages/airflow/example_dags/example_sla_dag.py
[2025-07-08T09:33:47.357+0000] {logging_mixin.py:188} INFO - [2025-07-08T09:33:47.357+0000] {dag.py:3036} INFO - Sync 1 DAGs
[2025-07-08T09:33:47.455+0000] {logging_mixin.py:188} INFO - [2025-07-08T09:33:47.454+0000] {dag.py:3823} INFO - Setting next_dagrun for example_sla_dag to 2025-07-08 09:30:00+00:00, run_after=2025-07-08 09:32:00+00:00
[2025-07-08T09:33:47.515+0000] {processor.py:183} INFO - Processing /home/airflow/.local/lib/python3.8/site-packages/airflow/example_dags/example_sla_dag.py took 0.299 seconds
[2025-07-08T09:34:18.488+0000] {processor.py:161} INFO - Started process (PID=3760) to work on /home/airflow/.local/lib/python3.8/site-packages/airflow/example_dags/example_sla_dag.py
[2025-07-08T09:34:18.500+0000] {processor.py:830} INFO - Processing file /home/airflow/.local/lib/python3.8/site-packages/airflow/example_dags/example_sla_dag.py for tasks to queue
[2025-07-08T09:34:18.504+0000] {logging_mixin.py:188} INFO - [2025-07-08T09:34:18.503+0000] {dagbag.py:538} INFO - Filling up the DagBag from /home/airflow/.local/lib/python3.8/site-packages/airflow/example_dags/example_sla_dag.py
[2025-07-08T09:34:18.523+0000] {processor.py:840} INFO - DAG(s) 'example_sla_dag' retrieved from /home/airflow/.local/lib/python3.8/site-packages/airflow/example_dags/example_sla_dag.py
[2025-07-08T09:34:18.593+0000] {logging_mixin.py:188} INFO - [2025-07-08T09:34:18.593+0000] {dag.py:3036} INFO - Sync 1 DAGs
[2025-07-08T09:34:18.740+0000] {logging_mixin.py:188} INFO - [2025-07-08T09:34:18.728+0000] {dag.py:3823} INFO - Setting next_dagrun for example_sla_dag to 2025-07-08 09:32:00+00:00, run_after=2025-07-08 09:34:00+00:00
[2025-07-08T09:34:18.803+0000] {processor.py:183} INFO - Processing /home/airflow/.local/lib/python3.8/site-packages/airflow/example_dags/example_sla_dag.py took 0.330 seconds
[2025-07-08T09:34:50.275+0000] {processor.py:161} INFO - Started process (PID=3826) to work on /home/airflow/.local/lib/python3.8/site-packages/airflow/example_dags/example_sla_dag.py
[2025-07-08T09:34:50.291+0000] {processor.py:830} INFO - Processing file /home/airflow/.local/lib/python3.8/site-packages/airflow/example_dags/example_sla_dag.py for tasks to queue
[2025-07-08T09:34:50.314+0000] {logging_mixin.py:188} INFO - [2025-07-08T09:34:50.313+0000] {dagbag.py:538} INFO - Filling up the DagBag from /home/airflow/.local/lib/python3.8/site-packages/airflow/example_dags/example_sla_dag.py
[2025-07-08T09:34:50.386+0000] {processor.py:840} INFO - DAG(s) 'example_sla_dag' retrieved from /home/airflow/.local/lib/python3.8/site-packages/airflow/example_dags/example_sla_dag.py
[2025-07-08T09:34:50.458+0000] {logging_mixin.py:188} INFO - [2025-07-08T09:34:50.457+0000] {dag.py:3036} INFO - Sync 1 DAGs
[2025-07-08T09:34:50.593+0000] {logging_mixin.py:188} INFO - [2025-07-08T09:34:50.593+0000] {dag.py:3823} INFO - Setting next_dagrun for example_sla_dag to 2025-07-08 09:32:00+00:00, run_after=2025-07-08 09:34:00+00:00
[2025-07-08T09:34:50.744+0000] {processor.py:183} INFO - Processing /home/airflow/.local/lib/python3.8/site-packages/airflow/example_dags/example_sla_dag.py took 0.502 seconds
[2025-07-08T09:35:21.521+0000] {processor.py:161} INFO - Started process (PID=3892) to work on /home/airflow/.local/lib/python3.8/site-packages/airflow/example_dags/example_sla_dag.py
[2025-07-08T09:35:21.544+0000] {processor.py:830} INFO - Processing file /home/airflow/.local/lib/python3.8/site-packages/airflow/example_dags/example_sla_dag.py for tasks to queue
[2025-07-08T09:35:21.547+0000] {logging_mixin.py:188} INFO - [2025-07-08T09:35:21.547+0000] {dagbag.py:538} INFO - Filling up the DagBag from /home/airflow/.local/lib/python3.8/site-packages/airflow/example_dags/example_sla_dag.py
[2025-07-08T09:35:21.598+0000] {processor.py:840} INFO - DAG(s) 'example_sla_dag' retrieved from /home/airflow/.local/lib/python3.8/site-packages/airflow/example_dags/example_sla_dag.py
[2025-07-08T09:35:21.715+0000] {logging_mixin.py:188} INFO - [2025-07-08T09:35:21.715+0000] {dag.py:3036} INFO - Sync 1 DAGs
[2025-07-08T09:35:21.837+0000] {logging_mixin.py:188} INFO - [2025-07-08T09:35:21.836+0000] {dag.py:3823} INFO - Setting next_dagrun for example_sla_dag to 2025-07-08 09:32:00+00:00, run_after=2025-07-08 09:34:00+00:00
[2025-07-08T09:35:21.931+0000] {processor.py:183} INFO - Processing /home/airflow/.local/lib/python3.8/site-packages/airflow/example_dags/example_sla_dag.py took 0.421 seconds
[2025-07-08T09:35:52.359+0000] {processor.py:161} INFO - Started process (PID=3951) to work on /home/airflow/.local/lib/python3.8/site-packages/airflow/example_dags/example_sla_dag.py
[2025-07-08T09:35:52.360+0000] {processor.py:830} INFO - Processing file /home/airflow/.local/lib/python3.8/site-packages/airflow/example_dags/example_sla_dag.py for tasks to queue
[2025-07-08T09:35:52.363+0000] {logging_mixin.py:188} INFO - [2025-07-08T09:35:52.363+0000] {dagbag.py:538} INFO - Filling up the DagBag from /home/airflow/.local/lib/python3.8/site-packages/airflow/example_dags/example_sla_dag.py
[2025-07-08T09:35:52.382+0000] {processor.py:840} INFO - DAG(s) 'example_sla_dag' retrieved from /home/airflow/.local/lib/python3.8/site-packages/airflow/example_dags/example_sla_dag.py
[2025-07-08T09:35:52.419+0000] {logging_mixin.py:188} INFO - [2025-07-08T09:35:52.418+0000] {dag.py:3036} INFO - Sync 1 DAGs
[2025-07-08T09:35:52.480+0000] {logging_mixin.py:188} INFO - [2025-07-08T09:35:52.480+0000] {dag.py:3823} INFO - Setting next_dagrun for example_sla_dag to 2025-07-08 09:32:00+00:00, run_after=2025-07-08 09:34:00+00:00
[2025-07-08T09:35:52.553+0000] {processor.py:183} INFO - Processing /home/airflow/.local/lib/python3.8/site-packages/airflow/example_dags/example_sla_dag.py took 0.201 seconds
[2025-07-08T09:36:22.838+0000] {processor.py:161} INFO - Started process (PID=4017) to work on /home/airflow/.local/lib/python3.8/site-packages/airflow/example_dags/example_sla_dag.py
[2025-07-08T09:36:22.841+0000] {processor.py:830} INFO - Processing file /home/airflow/.local/lib/python3.8/site-packages/airflow/example_dags/example_sla_dag.py for tasks to queue
[2025-07-08T09:36:22.844+0000] {logging_mixin.py:188} INFO - [2025-07-08T09:36:22.843+0000] {dagbag.py:538} INFO - Filling up the DagBag from /home/airflow/.local/lib/python3.8/site-packages/airflow/example_dags/example_sla_dag.py
[2025-07-08T09:36:22.882+0000] {processor.py:840} INFO - DAG(s) 'example_sla_dag' retrieved from /home/airflow/.local/lib/python3.8/site-packages/airflow/example_dags/example_sla_dag.py
[2025-07-08T09:36:22.973+0000] {logging_mixin.py:188} INFO - [2025-07-08T09:36:22.973+0000] {dag.py:3036} INFO - Sync 1 DAGs
[2025-07-08T09:36:23.062+0000] {logging_mixin.py:188} INFO - [2025-07-08T09:36:23.061+0000] {dag.py:3823} INFO - Setting next_dagrun for example_sla_dag to 2025-07-08 09:34:00+00:00, run_after=2025-07-08 09:36:00+00:00
[2025-07-08T09:36:23.114+0000] {processor.py:183} INFO - Processing /home/airflow/.local/lib/python3.8/site-packages/airflow/example_dags/example_sla_dag.py took 0.311 seconds
[2025-07-08T09:36:54.037+0000] {processor.py:161} INFO - Started process (PID=4085) to work on /home/airflow/.local/lib/python3.8/site-packages/airflow/example_dags/example_sla_dag.py
[2025-07-08T09:36:54.039+0000] {processor.py:830} INFO - Processing file /home/airflow/.local/lib/python3.8/site-packages/airflow/example_dags/example_sla_dag.py for tasks to queue
[2025-07-08T09:36:54.042+0000] {logging_mixin.py:188} INFO - [2025-07-08T09:36:54.042+0000] {dagbag.py:538} INFO - Filling up the DagBag from /home/airflow/.local/lib/python3.8/site-packages/airflow/example_dags/example_sla_dag.py
[2025-07-08T09:36:54.058+0000] {processor.py:840} INFO - DAG(s) 'example_sla_dag' retrieved from /home/airflow/.local/lib/python3.8/site-packages/airflow/example_dags/example_sla_dag.py
[2025-07-08T09:36:54.100+0000] {logging_mixin.py:188} INFO - [2025-07-08T09:36:54.099+0000] {dag.py:3036} INFO - Sync 1 DAGs
[2025-07-08T09:36:54.157+0000] {logging_mixin.py:188} INFO - [2025-07-08T09:36:54.156+0000] {dag.py:3823} INFO - Setting next_dagrun for example_sla_dag to 2025-07-08 09:34:00+00:00, run_after=2025-07-08 09:36:00+00:00
[2025-07-08T09:36:54.197+0000] {processor.py:183} INFO - Processing /home/airflow/.local/lib/python3.8/site-packages/airflow/example_dags/example_sla_dag.py took 0.166 seconds
[2025-07-08T09:37:24.796+0000] {processor.py:161} INFO - Started process (PID=4151) to work on /home/airflow/.local/lib/python3.8/site-packages/airflow/example_dags/example_sla_dag.py
[2025-07-08T09:37:24.798+0000] {processor.py:830} INFO - Processing file /home/airflow/.local/lib/python3.8/site-packages/airflow/example_dags/example_sla_dag.py for tasks to queue
[2025-07-08T09:37:24.801+0000] {logging_mixin.py:188} INFO - [2025-07-08T09:37:24.801+0000] {dagbag.py:538} INFO - Filling up the DagBag from /home/airflow/.local/lib/python3.8/site-packages/airflow/example_dags/example_sla_dag.py
[2025-07-08T09:37:24.822+0000] {processor.py:840} INFO - DAG(s) 'example_sla_dag' retrieved from /home/airflow/.local/lib/python3.8/site-packages/airflow/example_dags/example_sla_dag.py
[2025-07-08T09:37:24.860+0000] {logging_mixin.py:188} INFO - [2025-07-08T09:37:24.859+0000] {dag.py:3036} INFO - Sync 1 DAGs
[2025-07-08T09:37:24.919+0000] {logging_mixin.py:188} INFO - [2025-07-08T09:37:24.918+0000] {dag.py:3823} INFO - Setting next_dagrun for example_sla_dag to 2025-07-08 09:34:00+00:00, run_after=2025-07-08 09:36:00+00:00
[2025-07-08T09:37:24.953+0000] {processor.py:183} INFO - Processing /home/airflow/.local/lib/python3.8/site-packages/airflow/example_dags/example_sla_dag.py took 0.164 seconds
[2025-07-08T09:37:55.941+0000] {processor.py:161} INFO - Started process (PID=4219) to work on /home/airflow/.local/lib/python3.8/site-packages/airflow/example_dags/example_sla_dag.py
[2025-07-08T09:37:55.942+0000] {processor.py:830} INFO - Processing file /home/airflow/.local/lib/python3.8/site-packages/airflow/example_dags/example_sla_dag.py for tasks to queue
[2025-07-08T09:37:55.945+0000] {logging_mixin.py:188} INFO - [2025-07-08T09:37:55.944+0000] {dagbag.py:538} INFO - Filling up the DagBag from /home/airflow/.local/lib/python3.8/site-packages/airflow/example_dags/example_sla_dag.py
[2025-07-08T09:37:55.962+0000] {processor.py:840} INFO - DAG(s) 'example_sla_dag' retrieved from /home/airflow/.local/lib/python3.8/site-packages/airflow/example_dags/example_sla_dag.py
[2025-07-08T09:37:56.000+0000] {logging_mixin.py:188} INFO - [2025-07-08T09:37:56.000+0000] {dag.py:3036} INFO - Sync 1 DAGs
[2025-07-08T09:37:56.052+0000] {logging_mixin.py:188} INFO - [2025-07-08T09:37:56.052+0000] {dag.py:3823} INFO - Setting next_dagrun for example_sla_dag to 2025-07-08 09:34:00+00:00, run_after=2025-07-08 09:36:00+00:00
[2025-07-08T09:37:56.089+0000] {processor.py:183} INFO - Processing /home/airflow/.local/lib/python3.8/site-packages/airflow/example_dags/example_sla_dag.py took 0.154 seconds
[2025-07-08T09:38:26.457+0000] {processor.py:161} INFO - Started process (PID=4286) to work on /home/airflow/.local/lib/python3.8/site-packages/airflow/example_dags/example_sla_dag.py
[2025-07-08T09:38:26.460+0000] {processor.py:830} INFO - Processing file /home/airflow/.local/lib/python3.8/site-packages/airflow/example_dags/example_sla_dag.py for tasks to queue
[2025-07-08T09:38:26.464+0000] {logging_mixin.py:188} INFO - [2025-07-08T09:38:26.463+0000] {dagbag.py:538} INFO - Filling up the DagBag from /home/airflow/.local/lib/python3.8/site-packages/airflow/example_dags/example_sla_dag.py
[2025-07-08T09:38:26.510+0000] {processor.py:840} INFO - DAG(s) 'example_sla_dag' retrieved from /home/airflow/.local/lib/python3.8/site-packages/airflow/example_dags/example_sla_dag.py
[2025-07-08T09:38:26.593+0000] {logging_mixin.py:188} INFO - [2025-07-08T09:38:26.593+0000] {dag.py:3036} INFO - Sync 1 DAGs
[2025-07-08T09:38:26.685+0000] {logging_mixin.py:188} INFO - [2025-07-08T09:38:26.685+0000] {dag.py:3823} INFO - Setting next_dagrun for example_sla_dag to 2025-07-08 09:36:00+00:00, run_after=2025-07-08 09:38:00+00:00
[2025-07-08T09:38:26.750+0000] {processor.py:183} INFO - Processing /home/airflow/.local/lib/python3.8/site-packages/airflow/example_dags/example_sla_dag.py took 0.305 seconds
[2025-07-08T09:38:56.940+0000] {processor.py:161} INFO - Started process (PID=4352) to work on /home/airflow/.local/lib/python3.8/site-packages/airflow/example_dags/example_sla_dag.py
[2025-07-08T09:38:56.942+0000] {processor.py:830} INFO - Processing file /home/airflow/.local/lib/python3.8/site-packages/airflow/example_dags/example_sla_dag.py for tasks to queue
[2025-07-08T09:38:56.946+0000] {logging_mixin.py:188} INFO - [2025-07-08T09:38:56.946+0000] {dagbag.py:538} INFO - Filling up the DagBag from /home/airflow/.local/lib/python3.8/site-packages/airflow/example_dags/example_sla_dag.py
[2025-07-08T09:38:56.969+0000] {processor.py:840} INFO - DAG(s) 'example_sla_dag' retrieved from /home/airflow/.local/lib/python3.8/site-packages/airflow/example_dags/example_sla_dag.py
[2025-07-08T09:38:57.036+0000] {logging_mixin.py:188} INFO - [2025-07-08T09:38:57.036+0000] {dag.py:3036} INFO - Sync 1 DAGs
[2025-07-08T09:38:57.177+0000] {logging_mixin.py:188} INFO - [2025-07-08T09:38:57.176+0000] {dag.py:3823} INFO - Setting next_dagrun for example_sla_dag to 2025-07-08 09:36:00+00:00, run_after=2025-07-08 09:38:00+00:00
[2025-07-08T09:38:57.266+0000] {processor.py:183} INFO - Processing /home/airflow/.local/lib/python3.8/site-packages/airflow/example_dags/example_sla_dag.py took 0.332 seconds
[2025-07-08T09:39:27.547+0000] {processor.py:161} INFO - Started process (PID=4419) to work on /home/airflow/.local/lib/python3.8/site-packages/airflow/example_dags/example_sla_dag.py
[2025-07-08T09:39:27.551+0000] {processor.py:830} INFO - Processing file /home/airflow/.local/lib/python3.8/site-packages/airflow/example_dags/example_sla_dag.py for tasks to queue
[2025-07-08T09:39:27.554+0000] {logging_mixin.py:188} INFO - [2025-07-08T09:39:27.554+0000] {dagbag.py:538} INFO - Filling up the DagBag from /home/airflow/.local/lib/python3.8/site-packages/airflow/example_dags/example_sla_dag.py
[2025-07-08T09:39:27.571+0000] {processor.py:840} INFO - DAG(s) 'example_sla_dag' retrieved from /home/airflow/.local/lib/python3.8/site-packages/airflow/example_dags/example_sla_dag.py
[2025-07-08T09:39:27.622+0000] {logging_mixin.py:188} INFO - [2025-07-08T09:39:27.620+0000] {dag.py:3036} INFO - Sync 1 DAGs
[2025-07-08T09:39:27.735+0000] {logging_mixin.py:188} INFO - [2025-07-08T09:39:27.735+0000] {dag.py:3823} INFO - Setting next_dagrun for example_sla_dag to 2025-07-08 09:36:00+00:00, run_after=2025-07-08 09:38:00+00:00
[2025-07-08T09:39:27.791+0000] {processor.py:183} INFO - Processing /home/airflow/.local/lib/python3.8/site-packages/airflow/example_dags/example_sla_dag.py took 0.250 seconds
[2025-07-08T09:39:58.205+0000] {processor.py:161} INFO - Started process (PID=4486) to work on /home/airflow/.local/lib/python3.8/site-packages/airflow/example_dags/example_sla_dag.py
[2025-07-08T09:39:58.207+0000] {processor.py:830} INFO - Processing file /home/airflow/.local/lib/python3.8/site-packages/airflow/example_dags/example_sla_dag.py for tasks to queue
[2025-07-08T09:39:58.210+0000] {logging_mixin.py:188} INFO - [2025-07-08T09:39:58.210+0000] {dagbag.py:538} INFO - Filling up the DagBag from /home/airflow/.local/lib/python3.8/site-packages/airflow/example_dags/example_sla_dag.py
[2025-07-08T09:39:58.229+0000] {processor.py:840} INFO - DAG(s) 'example_sla_dag' retrieved from /home/airflow/.local/lib/python3.8/site-packages/airflow/example_dags/example_sla_dag.py
[2025-07-08T09:39:58.308+0000] {logging_mixin.py:188} INFO - [2025-07-08T09:39:58.307+0000] {dag.py:3036} INFO - Sync 1 DAGs
[2025-07-08T09:39:58.446+0000] {logging_mixin.py:188} INFO - [2025-07-08T09:39:58.443+0000] {dag.py:3823} INFO - Setting next_dagrun for example_sla_dag to 2025-07-08 09:36:00+00:00, run_after=2025-07-08 09:38:00+00:00
[2025-07-08T09:39:58.530+0000] {processor.py:183} INFO - Processing /home/airflow/.local/lib/python3.8/site-packages/airflow/example_dags/example_sla_dag.py took 0.341 seconds
[2025-07-08T09:40:29.535+0000] {processor.py:161} INFO - Started process (PID=4552) to work on /home/airflow/.local/lib/python3.8/site-packages/airflow/example_dags/example_sla_dag.py
[2025-07-08T09:40:29.560+0000] {processor.py:830} INFO - Processing file /home/airflow/.local/lib/python3.8/site-packages/airflow/example_dags/example_sla_dag.py for tasks to queue
[2025-07-08T09:40:29.568+0000] {logging_mixin.py:188} INFO - [2025-07-08T09:40:29.567+0000] {dagbag.py:538} INFO - Filling up the DagBag from /home/airflow/.local/lib/python3.8/site-packages/airflow/example_dags/example_sla_dag.py
[2025-07-08T09:40:29.606+0000] {processor.py:840} INFO - DAG(s) 'example_sla_dag' retrieved from /home/airflow/.local/lib/python3.8/site-packages/airflow/example_dags/example_sla_dag.py
[2025-07-08T09:40:29.701+0000] {logging_mixin.py:188} INFO - [2025-07-08T09:40:29.700+0000] {dag.py:3036} INFO - Sync 1 DAGs
[2025-07-08T09:40:29.770+0000] {logging_mixin.py:188} INFO - [2025-07-08T09:40:29.770+0000] {dag.py:3823} INFO - Setting next_dagrun for example_sla_dag to 2025-07-08 09:38:00+00:00, run_after=2025-07-08 09:40:00+00:00
[2025-07-08T09:40:29.837+0000] {processor.py:183} INFO - Processing /home/airflow/.local/lib/python3.8/site-packages/airflow/example_dags/example_sla_dag.py took 0.352 seconds
[2025-07-08T09:40:59.919+0000] {processor.py:161} INFO - Started process (PID=4611) to work on /home/airflow/.local/lib/python3.8/site-packages/airflow/example_dags/example_sla_dag.py
[2025-07-08T09:40:59.921+0000] {processor.py:830} INFO - Processing file /home/airflow/.local/lib/python3.8/site-packages/airflow/example_dags/example_sla_dag.py for tasks to queue
[2025-07-08T09:40:59.924+0000] {logging_mixin.py:188} INFO - [2025-07-08T09:40:59.923+0000] {dagbag.py:538} INFO - Filling up the DagBag from /home/airflow/.local/lib/python3.8/site-packages/airflow/example_dags/example_sla_dag.py
[2025-07-08T09:40:59.942+0000] {processor.py:840} INFO - DAG(s) 'example_sla_dag' retrieved from /home/airflow/.local/lib/python3.8/site-packages/airflow/example_dags/example_sla_dag.py
[2025-07-08T09:40:59.982+0000] {logging_mixin.py:188} INFO - [2025-07-08T09:40:59.982+0000] {dag.py:3036} INFO - Sync 1 DAGs
[2025-07-08T09:41:00.085+0000] {logging_mixin.py:188} INFO - [2025-07-08T09:41:00.084+0000] {dag.py:3823} INFO - Setting next_dagrun for example_sla_dag to 2025-07-08 09:38:00+00:00, run_after=2025-07-08 09:40:00+00:00
[2025-07-08T09:41:00.155+0000] {processor.py:183} INFO - Processing /home/airflow/.local/lib/python3.8/site-packages/airflow/example_dags/example_sla_dag.py took 0.242 seconds
[2025-07-08T09:41:30.344+0000] {processor.py:161} INFO - Started process (PID=4677) to work on /home/airflow/.local/lib/python3.8/site-packages/airflow/example_dags/example_sla_dag.py
[2025-07-08T09:41:30.345+0000] {processor.py:830} INFO - Processing file /home/airflow/.local/lib/python3.8/site-packages/airflow/example_dags/example_sla_dag.py for tasks to queue
[2025-07-08T09:41:30.349+0000] {logging_mixin.py:188} INFO - [2025-07-08T09:41:30.348+0000] {dagbag.py:538} INFO - Filling up the DagBag from /home/airflow/.local/lib/python3.8/site-packages/airflow/example_dags/example_sla_dag.py
[2025-07-08T09:41:30.365+0000] {processor.py:840} INFO - DAG(s) 'example_sla_dag' retrieved from /home/airflow/.local/lib/python3.8/site-packages/airflow/example_dags/example_sla_dag.py
[2025-07-08T09:41:30.404+0000] {logging_mixin.py:188} INFO - [2025-07-08T09:41:30.403+0000] {dag.py:3036} INFO - Sync 1 DAGs
[2025-07-08T09:41:30.462+0000] {logging_mixin.py:188} INFO - [2025-07-08T09:41:30.462+0000] {dag.py:3823} INFO - Setting next_dagrun for example_sla_dag to 2025-07-08 09:38:00+00:00, run_after=2025-07-08 09:40:00+00:00
[2025-07-08T09:41:30.498+0000] {processor.py:183} INFO - Processing /home/airflow/.local/lib/python3.8/site-packages/airflow/example_dags/example_sla_dag.py took 0.160 seconds
[2025-07-08T09:42:01.416+0000] {processor.py:161} INFO - Started process (PID=4744) to work on /home/airflow/.local/lib/python3.8/site-packages/airflow/example_dags/example_sla_dag.py
[2025-07-08T09:42:01.417+0000] {processor.py:830} INFO - Processing file /home/airflow/.local/lib/python3.8/site-packages/airflow/example_dags/example_sla_dag.py for tasks to queue
[2025-07-08T09:42:01.429+0000] {logging_mixin.py:188} INFO - [2025-07-08T09:42:01.428+0000] {dagbag.py:538} INFO - Filling up the DagBag from /home/airflow/.local/lib/python3.8/site-packages/airflow/example_dags/example_sla_dag.py
[2025-07-08T09:42:01.467+0000] {processor.py:840} INFO - DAG(s) 'example_sla_dag' retrieved from /home/airflow/.local/lib/python3.8/site-packages/airflow/example_dags/example_sla_dag.py
[2025-07-08T09:42:01.538+0000] {logging_mixin.py:188} INFO - [2025-07-08T09:42:01.537+0000] {dag.py:3036} INFO - Sync 1 DAGs
[2025-07-08T09:42:01.595+0000] {logging_mixin.py:188} INFO - [2025-07-08T09:42:01.595+0000] {dag.py:3823} INFO - Setting next_dagrun for example_sla_dag to 2025-07-08 09:40:00+00:00, run_after=2025-07-08 09:42:00+00:00
[2025-07-08T09:42:01.666+0000] {processor.py:183} INFO - Processing /home/airflow/.local/lib/python3.8/site-packages/airflow/example_dags/example_sla_dag.py took 0.258 seconds
[2025-07-08T09:42:32.255+0000] {processor.py:161} INFO - Started process (PID=4809) to work on /home/airflow/.local/lib/python3.8/site-packages/airflow/example_dags/example_sla_dag.py
[2025-07-08T09:42:32.264+0000] {processor.py:830} INFO - Processing file /home/airflow/.local/lib/python3.8/site-packages/airflow/example_dags/example_sla_dag.py for tasks to queue
[2025-07-08T09:42:32.267+0000] {logging_mixin.py:188} INFO - [2025-07-08T09:42:32.267+0000] {dagbag.py:538} INFO - Filling up the DagBag from /home/airflow/.local/lib/python3.8/site-packages/airflow/example_dags/example_sla_dag.py
[2025-07-08T09:42:32.295+0000] {processor.py:840} INFO - DAG(s) 'example_sla_dag' retrieved from /home/airflow/.local/lib/python3.8/site-packages/airflow/example_dags/example_sla_dag.py
[2025-07-08T09:42:32.365+0000] {logging_mixin.py:188} INFO - [2025-07-08T09:42:32.365+0000] {dag.py:3036} INFO - Sync 1 DAGs
[2025-07-08T09:42:32.455+0000] {logging_mixin.py:188} INFO - [2025-07-08T09:42:32.454+0000] {dag.py:3823} INFO - Setting next_dagrun for example_sla_dag to 2025-07-08 09:40:00+00:00, run_after=2025-07-08 09:42:00+00:00
[2025-07-08T09:42:32.495+0000] {processor.py:183} INFO - Processing /home/airflow/.local/lib/python3.8/site-packages/airflow/example_dags/example_sla_dag.py took 0.257 seconds
[2025-07-08T09:43:02.911+0000] {processor.py:161} INFO - Started process (PID=4875) to work on /home/airflow/.local/lib/python3.8/site-packages/airflow/example_dags/example_sla_dag.py
[2025-07-08T09:43:02.912+0000] {processor.py:830} INFO - Processing file /home/airflow/.local/lib/python3.8/site-packages/airflow/example_dags/example_sla_dag.py for tasks to queue
[2025-07-08T09:43:02.915+0000] {logging_mixin.py:188} INFO - [2025-07-08T09:43:02.915+0000] {dagbag.py:538} INFO - Filling up the DagBag from /home/airflow/.local/lib/python3.8/site-packages/airflow/example_dags/example_sla_dag.py
[2025-07-08T09:43:02.933+0000] {processor.py:840} INFO - DAG(s) 'example_sla_dag' retrieved from /home/airflow/.local/lib/python3.8/site-packages/airflow/example_dags/example_sla_dag.py
[2025-07-08T09:43:02.988+0000] {logging_mixin.py:188} INFO - [2025-07-08T09:43:02.987+0000] {dag.py:3036} INFO - Sync 1 DAGs
[2025-07-08T09:43:03.048+0000] {logging_mixin.py:188} INFO - [2025-07-08T09:43:03.048+0000] {dag.py:3823} INFO - Setting next_dagrun for example_sla_dag to 2025-07-08 09:40:00+00:00, run_after=2025-07-08 09:42:00+00:00
[2025-07-08T09:43:03.095+0000] {processor.py:183} INFO - Processing /home/airflow/.local/lib/python3.8/site-packages/airflow/example_dags/example_sla_dag.py took 0.197 seconds
[2025-07-08T09:43:33.303+0000] {processor.py:161} INFO - Started process (PID=4933) to work on /home/airflow/.local/lib/python3.8/site-packages/airflow/example_dags/example_sla_dag.py
[2025-07-08T09:43:33.306+0000] {processor.py:830} INFO - Processing file /home/airflow/.local/lib/python3.8/site-packages/airflow/example_dags/example_sla_dag.py for tasks to queue
[2025-07-08T09:43:33.311+0000] {logging_mixin.py:188} INFO - [2025-07-08T09:43:33.310+0000] {dagbag.py:538} INFO - Filling up the DagBag from /home/airflow/.local/lib/python3.8/site-packages/airflow/example_dags/example_sla_dag.py
[2025-07-08T09:43:33.331+0000] {processor.py:840} INFO - DAG(s) 'example_sla_dag' retrieved from /home/airflow/.local/lib/python3.8/site-packages/airflow/example_dags/example_sla_dag.py
[2025-07-08T09:43:33.409+0000] {logging_mixin.py:188} INFO - [2025-07-08T09:43:33.408+0000] {dag.py:3036} INFO - Sync 1 DAGs
[2025-07-08T09:43:33.476+0000] {logging_mixin.py:188} INFO - [2025-07-08T09:43:33.476+0000] {dag.py:3823} INFO - Setting next_dagrun for example_sla_dag to 2025-07-08 09:40:00+00:00, run_after=2025-07-08 09:42:00+00:00
[2025-07-08T09:43:33.506+0000] {processor.py:183} INFO - Processing /home/airflow/.local/lib/python3.8/site-packages/airflow/example_dags/example_sla_dag.py took 0.214 seconds
[2025-07-08T09:44:04.272+0000] {processor.py:161} INFO - Started process (PID=5000) to work on /home/airflow/.local/lib/python3.8/site-packages/airflow/example_dags/example_sla_dag.py
[2025-07-08T09:44:04.273+0000] {processor.py:830} INFO - Processing file /home/airflow/.local/lib/python3.8/site-packages/airflow/example_dags/example_sla_dag.py for tasks to queue
[2025-07-08T09:44:04.277+0000] {logging_mixin.py:188} INFO - [2025-07-08T09:44:04.276+0000] {dagbag.py:538} INFO - Filling up the DagBag from /home/airflow/.local/lib/python3.8/site-packages/airflow/example_dags/example_sla_dag.py
[2025-07-08T09:44:04.295+0000] {processor.py:840} INFO - DAG(s) 'example_sla_dag' retrieved from /home/airflow/.local/lib/python3.8/site-packages/airflow/example_dags/example_sla_dag.py
[2025-07-08T09:44:04.340+0000] {logging_mixin.py:188} INFO - [2025-07-08T09:44:04.339+0000] {dag.py:3036} INFO - Sync 1 DAGs
[2025-07-08T09:44:04.412+0000] {logging_mixin.py:188} INFO - [2025-07-08T09:44:04.411+0000] {dag.py:3823} INFO - Setting next_dagrun for example_sla_dag to 2025-07-08 09:42:00+00:00, run_after=2025-07-08 09:44:00+00:00
[2025-07-08T09:44:04.454+0000] {processor.py:183} INFO - Processing /home/airflow/.local/lib/python3.8/site-packages/airflow/example_dags/example_sla_dag.py took 0.189 seconds
[2025-07-08T09:44:35.130+0000] {processor.py:161} INFO - Started process (PID=5065) to work on /home/airflow/.local/lib/python3.8/site-packages/airflow/example_dags/example_sla_dag.py
[2025-07-08T09:44:35.145+0000] {processor.py:830} INFO - Processing file /home/airflow/.local/lib/python3.8/site-packages/airflow/example_dags/example_sla_dag.py for tasks to queue
[2025-07-08T09:44:35.148+0000] {logging_mixin.py:188} INFO - [2025-07-08T09:44:35.148+0000] {dagbag.py:538} INFO - Filling up the DagBag from /home/airflow/.local/lib/python3.8/site-packages/airflow/example_dags/example_sla_dag.py
[2025-07-08T09:44:35.188+0000] {processor.py:840} INFO - DAG(s) 'example_sla_dag' retrieved from /home/airflow/.local/lib/python3.8/site-packages/airflow/example_dags/example_sla_dag.py
[2025-07-08T09:44:35.277+0000] {logging_mixin.py:188} INFO - [2025-07-08T09:44:35.277+0000] {dag.py:3036} INFO - Sync 1 DAGs
[2025-07-08T09:44:35.373+0000] {logging_mixin.py:188} INFO - [2025-07-08T09:44:35.372+0000] {dag.py:3823} INFO - Setting next_dagrun for example_sla_dag to 2025-07-08 09:42:00+00:00, run_after=2025-07-08 09:44:00+00:00
[2025-07-08T09:44:35.468+0000] {processor.py:183} INFO - Processing /home/airflow/.local/lib/python3.8/site-packages/airflow/example_dags/example_sla_dag.py took 0.349 seconds
[2025-07-08T09:45:07.082+0000] {processor.py:161} INFO - Started process (PID=5130) to work on /home/airflow/.local/lib/python3.8/site-packages/airflow/example_dags/example_sla_dag.py
[2025-07-08T09:45:07.092+0000] {processor.py:830} INFO - Processing file /home/airflow/.local/lib/python3.8/site-packages/airflow/example_dags/example_sla_dag.py for tasks to queue
[2025-07-08T09:45:07.095+0000] {logging_mixin.py:188} INFO - [2025-07-08T09:45:07.094+0000] {dagbag.py:538} INFO - Filling up the DagBag from /home/airflow/.local/lib/python3.8/site-packages/airflow/example_dags/example_sla_dag.py
[2025-07-08T09:45:07.128+0000] {processor.py:840} INFO - DAG(s) 'example_sla_dag' retrieved from /home/airflow/.local/lib/python3.8/site-packages/airflow/example_dags/example_sla_dag.py
[2025-07-08T09:45:07.188+0000] {logging_mixin.py:188} INFO - [2025-07-08T09:45:07.188+0000] {dag.py:3036} INFO - Sync 1 DAGs
[2025-07-08T09:45:07.240+0000] {logging_mixin.py:188} INFO - [2025-07-08T09:45:07.239+0000] {dag.py:3823} INFO - Setting next_dagrun for example_sla_dag to 2025-07-08 09:42:00+00:00, run_after=2025-07-08 09:44:00+00:00
[2025-07-08T09:45:07.298+0000] {processor.py:183} INFO - Processing /home/airflow/.local/lib/python3.8/site-packages/airflow/example_dags/example_sla_dag.py took 0.222 seconds
[2025-07-08T09:45:38.216+0000] {processor.py:161} INFO - Started process (PID=5195) to work on /home/airflow/.local/lib/python3.8/site-packages/airflow/example_dags/example_sla_dag.py
[2025-07-08T09:45:38.225+0000] {processor.py:830} INFO - Processing file /home/airflow/.local/lib/python3.8/site-packages/airflow/example_dags/example_sla_dag.py for tasks to queue
[2025-07-08T09:45:38.228+0000] {logging_mixin.py:188} INFO - [2025-07-08T09:45:38.227+0000] {dagbag.py:538} INFO - Filling up the DagBag from /home/airflow/.local/lib/python3.8/site-packages/airflow/example_dags/example_sla_dag.py
[2025-07-08T09:45:38.261+0000] {processor.py:840} INFO - DAG(s) 'example_sla_dag' retrieved from /home/airflow/.local/lib/python3.8/site-packages/airflow/example_dags/example_sla_dag.py
[2025-07-08T09:45:38.325+0000] {logging_mixin.py:188} INFO - [2025-07-08T09:45:38.325+0000] {dag.py:3036} INFO - Sync 1 DAGs
[2025-07-08T09:45:38.436+0000] {logging_mixin.py:188} INFO - [2025-07-08T09:45:38.427+0000] {dag.py:3823} INFO - Setting next_dagrun for example_sla_dag to 2025-07-08 09:42:00+00:00, run_after=2025-07-08 09:44:00+00:00
[2025-07-08T09:45:38.509+0000] {processor.py:183} INFO - Processing /home/airflow/.local/lib/python3.8/site-packages/airflow/example_dags/example_sla_dag.py took 0.308 seconds
[2025-07-08T09:46:09.712+0000] {processor.py:161} INFO - Started process (PID=5263) to work on /home/airflow/.local/lib/python3.8/site-packages/airflow/example_dags/example_sla_dag.py
[2025-07-08T09:46:09.720+0000] {processor.py:830} INFO - Processing file /home/airflow/.local/lib/python3.8/site-packages/airflow/example_dags/example_sla_dag.py for tasks to queue
[2025-07-08T09:46:09.723+0000] {logging_mixin.py:188} INFO - [2025-07-08T09:46:09.723+0000] {dagbag.py:538} INFO - Filling up the DagBag from /home/airflow/.local/lib/python3.8/site-packages/airflow/example_dags/example_sla_dag.py
[2025-07-08T09:46:09.773+0000] {processor.py:840} INFO - DAG(s) 'example_sla_dag' retrieved from /home/airflow/.local/lib/python3.8/site-packages/airflow/example_dags/example_sla_dag.py
[2025-07-08T09:46:09.869+0000] {logging_mixin.py:188} INFO - [2025-07-08T09:46:09.869+0000] {dag.py:3036} INFO - Sync 1 DAGs
[2025-07-08T09:46:09.971+0000] {logging_mixin.py:188} INFO - [2025-07-08T09:46:09.970+0000] {dag.py:3823} INFO - Setting next_dagrun for example_sla_dag to 2025-07-08 09:44:00+00:00, run_after=2025-07-08 09:46:00+00:00
[2025-07-08T09:46:10.055+0000] {processor.py:183} INFO - Processing /home/airflow/.local/lib/python3.8/site-packages/airflow/example_dags/example_sla_dag.py took 0.349 seconds
[2025-07-08T09:46:40.208+0000] {processor.py:161} INFO - Started process (PID=5322) to work on /home/airflow/.local/lib/python3.8/site-packages/airflow/example_dags/example_sla_dag.py
[2025-07-08T09:46:40.210+0000] {processor.py:830} INFO - Processing file /home/airflow/.local/lib/python3.8/site-packages/airflow/example_dags/example_sla_dag.py for tasks to queue
[2025-07-08T09:46:40.213+0000] {logging_mixin.py:188} INFO - [2025-07-08T09:46:40.213+0000] {dagbag.py:538} INFO - Filling up the DagBag from /home/airflow/.local/lib/python3.8/site-packages/airflow/example_dags/example_sla_dag.py
[2025-07-08T09:46:40.233+0000] {processor.py:840} INFO - DAG(s) 'example_sla_dag' retrieved from /home/airflow/.local/lib/python3.8/site-packages/airflow/example_dags/example_sla_dag.py
[2025-07-08T09:46:40.274+0000] {logging_mixin.py:188} INFO - [2025-07-08T09:46:40.274+0000] {dag.py:3036} INFO - Sync 1 DAGs
[2025-07-08T09:46:40.370+0000] {logging_mixin.py:188} INFO - [2025-07-08T09:46:40.369+0000] {dag.py:3823} INFO - Setting next_dagrun for example_sla_dag to 2025-07-08 09:44:00+00:00, run_after=2025-07-08 09:46:00+00:00
[2025-07-08T09:46:40.406+0000] {processor.py:183} INFO - Processing /home/airflow/.local/lib/python3.8/site-packages/airflow/example_dags/example_sla_dag.py took 0.204 seconds
[2025-07-08T09:47:10.952+0000] {processor.py:161} INFO - Started process (PID=5386) to work on /home/airflow/.local/lib/python3.8/site-packages/airflow/example_dags/example_sla_dag.py
[2025-07-08T09:47:10.960+0000] {processor.py:830} INFO - Processing file /home/airflow/.local/lib/python3.8/site-packages/airflow/example_dags/example_sla_dag.py for tasks to queue
[2025-07-08T09:47:10.963+0000] {logging_mixin.py:188} INFO - [2025-07-08T09:47:10.963+0000] {dagbag.py:538} INFO - Filling up the DagBag from /home/airflow/.local/lib/python3.8/site-packages/airflow/example_dags/example_sla_dag.py
[2025-07-08T09:47:10.990+0000] {processor.py:840} INFO - DAG(s) 'example_sla_dag' retrieved from /home/airflow/.local/lib/python3.8/site-packages/airflow/example_dags/example_sla_dag.py
[2025-07-08T09:47:11.038+0000] {logging_mixin.py:188} INFO - [2025-07-08T09:47:11.037+0000] {dag.py:3036} INFO - Sync 1 DAGs
[2025-07-08T09:47:11.092+0000] {logging_mixin.py:188} INFO - [2025-07-08T09:47:11.092+0000] {dag.py:3823} INFO - Setting next_dagrun for example_sla_dag to 2025-07-08 09:44:00+00:00, run_after=2025-07-08 09:46:00+00:00
[2025-07-08T09:47:11.136+0000] {processor.py:183} INFO - Processing /home/airflow/.local/lib/python3.8/site-packages/airflow/example_dags/example_sla_dag.py took 0.198 seconds
[2025-07-08T09:47:41.354+0000] {processor.py:161} INFO - Started process (PID=5451) to work on /home/airflow/.local/lib/python3.8/site-packages/airflow/example_dags/example_sla_dag.py
[2025-07-08T09:47:41.356+0000] {processor.py:830} INFO - Processing file /home/airflow/.local/lib/python3.8/site-packages/airflow/example_dags/example_sla_dag.py for tasks to queue
[2025-07-08T09:47:41.359+0000] {logging_mixin.py:188} INFO - [2025-07-08T09:47:41.359+0000] {dagbag.py:538} INFO - Filling up the DagBag from /home/airflow/.local/lib/python3.8/site-packages/airflow/example_dags/example_sla_dag.py
[2025-07-08T09:47:41.376+0000] {processor.py:840} INFO - DAG(s) 'example_sla_dag' retrieved from /home/airflow/.local/lib/python3.8/site-packages/airflow/example_dags/example_sla_dag.py
[2025-07-08T09:47:41.413+0000] {logging_mixin.py:188} INFO - [2025-07-08T09:47:41.412+0000] {dag.py:3036} INFO - Sync 1 DAGs
[2025-07-08T09:47:41.466+0000] {logging_mixin.py:188} INFO - [2025-07-08T09:47:41.466+0000] {dag.py:3823} INFO - Setting next_dagrun for example_sla_dag to 2025-07-08 09:44:00+00:00, run_after=2025-07-08 09:46:00+00:00
[2025-07-08T09:47:41.499+0000] {processor.py:183} INFO - Processing /home/airflow/.local/lib/python3.8/site-packages/airflow/example_dags/example_sla_dag.py took 0.152 seconds
[2025-07-08T09:48:12.040+0000] {processor.py:161} INFO - Started process (PID=5518) to work on /home/airflow/.local/lib/python3.8/site-packages/airflow/example_dags/example_sla_dag.py
[2025-07-08T09:48:12.042+0000] {processor.py:830} INFO - Processing file /home/airflow/.local/lib/python3.8/site-packages/airflow/example_dags/example_sla_dag.py for tasks to queue
[2025-07-08T09:48:12.044+0000] {logging_mixin.py:188} INFO - [2025-07-08T09:48:12.044+0000] {dagbag.py:538} INFO - Filling up the DagBag from /home/airflow/.local/lib/python3.8/site-packages/airflow/example_dags/example_sla_dag.py
[2025-07-08T09:48:12.059+0000] {processor.py:840} INFO - DAG(s) 'example_sla_dag' retrieved from /home/airflow/.local/lib/python3.8/site-packages/airflow/example_dags/example_sla_dag.py
[2025-07-08T09:48:12.094+0000] {logging_mixin.py:188} INFO - [2025-07-08T09:48:12.094+0000] {dag.py:3036} INFO - Sync 1 DAGs
[2025-07-08T09:48:12.151+0000] {logging_mixin.py:188} INFO - [2025-07-08T09:48:12.150+0000] {dag.py:3823} INFO - Setting next_dagrun for example_sla_dag to 2025-07-08 09:46:00+00:00, run_after=2025-07-08 09:48:00+00:00
[2025-07-08T09:48:12.186+0000] {processor.py:183} INFO - Processing /home/airflow/.local/lib/python3.8/site-packages/airflow/example_dags/example_sla_dag.py took 0.152 seconds
[2025-07-08T09:48:42.865+0000] {processor.py:161} INFO - Started process (PID=5584) to work on /home/airflow/.local/lib/python3.8/site-packages/airflow/example_dags/example_sla_dag.py
[2025-07-08T09:48:42.868+0000] {processor.py:830} INFO - Processing file /home/airflow/.local/lib/python3.8/site-packages/airflow/example_dags/example_sla_dag.py for tasks to queue
[2025-07-08T09:48:42.870+0000] {logging_mixin.py:188} INFO - [2025-07-08T09:48:42.870+0000] {dagbag.py:538} INFO - Filling up the DagBag from /home/airflow/.local/lib/python3.8/site-packages/airflow/example_dags/example_sla_dag.py
[2025-07-08T09:48:42.885+0000] {processor.py:840} INFO - DAG(s) 'example_sla_dag' retrieved from /home/airflow/.local/lib/python3.8/site-packages/airflow/example_dags/example_sla_dag.py
[2025-07-08T09:48:42.930+0000] {logging_mixin.py:188} INFO - [2025-07-08T09:48:42.929+0000] {dag.py:3036} INFO - Sync 1 DAGs
[2025-07-08T09:48:43.005+0000] {logging_mixin.py:188} INFO - [2025-07-08T09:48:43.004+0000] {dag.py:3823} INFO - Setting next_dagrun for example_sla_dag to 2025-07-08 09:46:00+00:00, run_after=2025-07-08 09:48:00+00:00
[2025-07-08T09:48:43.056+0000] {processor.py:183} INFO - Processing /home/airflow/.local/lib/python3.8/site-packages/airflow/example_dags/example_sla_dag.py took 0.196 seconds
[2025-07-08T09:49:13.877+0000] {processor.py:161} INFO - Started process (PID=5649) to work on /home/airflow/.local/lib/python3.8/site-packages/airflow/example_dags/example_sla_dag.py
[2025-07-08T09:49:13.879+0000] {processor.py:830} INFO - Processing file /home/airflow/.local/lib/python3.8/site-packages/airflow/example_dags/example_sla_dag.py for tasks to queue
[2025-07-08T09:49:13.882+0000] {logging_mixin.py:188} INFO - [2025-07-08T09:49:13.882+0000] {dagbag.py:538} INFO - Filling up the DagBag from /home/airflow/.local/lib/python3.8/site-packages/airflow/example_dags/example_sla_dag.py
[2025-07-08T09:49:13.901+0000] {processor.py:840} INFO - DAG(s) 'example_sla_dag' retrieved from /home/airflow/.local/lib/python3.8/site-packages/airflow/example_dags/example_sla_dag.py
[2025-07-08T09:49:13.937+0000] {logging_mixin.py:188} INFO - [2025-07-08T09:49:13.937+0000] {dag.py:3036} INFO - Sync 1 DAGs
[2025-07-08T09:49:14.020+0000] {logging_mixin.py:188} INFO - [2025-07-08T09:49:14.019+0000] {dag.py:3823} INFO - Setting next_dagrun for example_sla_dag to 2025-07-08 09:46:00+00:00, run_after=2025-07-08 09:48:00+00:00
[2025-07-08T09:49:14.059+0000] {processor.py:183} INFO - Processing /home/airflow/.local/lib/python3.8/site-packages/airflow/example_dags/example_sla_dag.py took 0.188 seconds
[2025-07-08T09:49:44.840+0000] {processor.py:161} INFO - Started process (PID=5714) to work on /home/airflow/.local/lib/python3.8/site-packages/airflow/example_dags/example_sla_dag.py
[2025-07-08T09:49:44.843+0000] {processor.py:830} INFO - Processing file /home/airflow/.local/lib/python3.8/site-packages/airflow/example_dags/example_sla_dag.py for tasks to queue
[2025-07-08T09:49:44.846+0000] {logging_mixin.py:188} INFO - [2025-07-08T09:49:44.846+0000] {dagbag.py:538} INFO - Filling up the DagBag from /home/airflow/.local/lib/python3.8/site-packages/airflow/example_dags/example_sla_dag.py
[2025-07-08T09:49:44.891+0000] {processor.py:840} INFO - DAG(s) 'example_sla_dag' retrieved from /home/airflow/.local/lib/python3.8/site-packages/airflow/example_dags/example_sla_dag.py
[2025-07-08T09:49:44.943+0000] {logging_mixin.py:188} INFO - [2025-07-08T09:49:44.942+0000] {dag.py:3036} INFO - Sync 1 DAGs
[2025-07-08T09:49:45.038+0000] {logging_mixin.py:188} INFO - [2025-07-08T09:49:45.037+0000] {dag.py:3823} INFO - Setting next_dagrun for example_sla_dag to 2025-07-08 09:46:00+00:00, run_after=2025-07-08 09:48:00+00:00
[2025-07-08T09:49:45.121+0000] {processor.py:183} INFO - Processing /home/airflow/.local/lib/python3.8/site-packages/airflow/example_dags/example_sla_dag.py took 0.287 seconds
[2025-07-08T09:50:15.225+0000] {processor.py:161} INFO - Started process (PID=5773) to work on /home/airflow/.local/lib/python3.8/site-packages/airflow/example_dags/example_sla_dag.py
[2025-07-08T09:50:15.227+0000] {processor.py:830} INFO - Processing file /home/airflow/.local/lib/python3.8/site-packages/airflow/example_dags/example_sla_dag.py for tasks to queue
[2025-07-08T09:50:15.230+0000] {logging_mixin.py:188} INFO - [2025-07-08T09:50:15.229+0000] {dagbag.py:538} INFO - Filling up the DagBag from /home/airflow/.local/lib/python3.8/site-packages/airflow/example_dags/example_sla_dag.py
[2025-07-08T09:50:15.247+0000] {processor.py:840} INFO - DAG(s) 'example_sla_dag' retrieved from /home/airflow/.local/lib/python3.8/site-packages/airflow/example_dags/example_sla_dag.py
[2025-07-08T09:50:15.290+0000] {logging_mixin.py:188} INFO - [2025-07-08T09:50:15.287+0000] {dag.py:3036} INFO - Sync 1 DAGs
[2025-07-08T09:50:15.352+0000] {logging_mixin.py:188} INFO - [2025-07-08T09:50:15.350+0000] {dag.py:3823} INFO - Setting next_dagrun for example_sla_dag to 2025-07-08 09:48:00+00:00, run_after=2025-07-08 09:50:00+00:00
[2025-07-08T09:50:15.400+0000] {processor.py:183} INFO - Processing /home/airflow/.local/lib/python3.8/site-packages/airflow/example_dags/example_sla_dag.py took 0.182 seconds
[2025-07-08T09:50:45.651+0000] {processor.py:161} INFO - Started process (PID=5839) to work on /home/airflow/.local/lib/python3.8/site-packages/airflow/example_dags/example_sla_dag.py
[2025-07-08T09:50:45.653+0000] {processor.py:830} INFO - Processing file /home/airflow/.local/lib/python3.8/site-packages/airflow/example_dags/example_sla_dag.py for tasks to queue
[2025-07-08T09:50:45.656+0000] {logging_mixin.py:188} INFO - [2025-07-08T09:50:45.655+0000] {dagbag.py:538} INFO - Filling up the DagBag from /home/airflow/.local/lib/python3.8/site-packages/airflow/example_dags/example_sla_dag.py
[2025-07-08T09:50:45.670+0000] {processor.py:840} INFO - DAG(s) 'example_sla_dag' retrieved from /home/airflow/.local/lib/python3.8/site-packages/airflow/example_dags/example_sla_dag.py
[2025-07-08T09:50:45.704+0000] {logging_mixin.py:188} INFO - [2025-07-08T09:50:45.704+0000] {dag.py:3036} INFO - Sync 1 DAGs
[2025-07-08T09:50:45.774+0000] {logging_mixin.py:188} INFO - [2025-07-08T09:50:45.773+0000] {dag.py:3823} INFO - Setting next_dagrun for example_sla_dag to 2025-07-08 09:48:00+00:00, run_after=2025-07-08 09:50:00+00:00
[2025-07-08T09:50:45.810+0000] {processor.py:183} INFO - Processing /home/airflow/.local/lib/python3.8/site-packages/airflow/example_dags/example_sla_dag.py took 0.164 seconds
[2025-07-08T09:51:16.259+0000] {processor.py:161} INFO - Started process (PID=5905) to work on /home/airflow/.local/lib/python3.8/site-packages/airflow/example_dags/example_sla_dag.py
[2025-07-08T09:51:16.260+0000] {processor.py:830} INFO - Processing file /home/airflow/.local/lib/python3.8/site-packages/airflow/example_dags/example_sla_dag.py for tasks to queue
[2025-07-08T09:51:16.263+0000] {logging_mixin.py:188} INFO - [2025-07-08T09:51:16.263+0000] {dagbag.py:538} INFO - Filling up the DagBag from /home/airflow/.local/lib/python3.8/site-packages/airflow/example_dags/example_sla_dag.py
[2025-07-08T09:51:16.279+0000] {processor.py:840} INFO - DAG(s) 'example_sla_dag' retrieved from /home/airflow/.local/lib/python3.8/site-packages/airflow/example_dags/example_sla_dag.py
[2025-07-08T09:51:16.314+0000] {logging_mixin.py:188} INFO - [2025-07-08T09:51:16.313+0000] {dag.py:3036} INFO - Sync 1 DAGs
[2025-07-08T09:51:16.372+0000] {logging_mixin.py:188} INFO - [2025-07-08T09:51:16.371+0000] {dag.py:3823} INFO - Setting next_dagrun for example_sla_dag to 2025-07-08 09:48:00+00:00, run_after=2025-07-08 09:50:00+00:00
[2025-07-08T09:51:16.448+0000] {processor.py:183} INFO - Processing /home/airflow/.local/lib/python3.8/site-packages/airflow/example_dags/example_sla_dag.py took 0.202 seconds
[2025-07-08T09:51:46.657+0000] {processor.py:161} INFO - Started process (PID=5971) to work on /home/airflow/.local/lib/python3.8/site-packages/airflow/example_dags/example_sla_dag.py
[2025-07-08T09:51:46.665+0000] {processor.py:830} INFO - Processing file /home/airflow/.local/lib/python3.8/site-packages/airflow/example_dags/example_sla_dag.py for tasks to queue
[2025-07-08T09:51:46.670+0000] {logging_mixin.py:188} INFO - [2025-07-08T09:51:46.669+0000] {dagbag.py:538} INFO - Filling up the DagBag from /home/airflow/.local/lib/python3.8/site-packages/airflow/example_dags/example_sla_dag.py
[2025-07-08T09:51:46.731+0000] {processor.py:840} INFO - DAG(s) 'example_sla_dag' retrieved from /home/airflow/.local/lib/python3.8/site-packages/airflow/example_dags/example_sla_dag.py
[2025-07-08T09:51:46.825+0000] {logging_mixin.py:188} INFO - [2025-07-08T09:51:46.825+0000] {dag.py:3036} INFO - Sync 1 DAGs
[2025-07-08T09:51:46.938+0000] {logging_mixin.py:188} INFO - [2025-07-08T09:51:46.938+0000] {dag.py:3823} INFO - Setting next_dagrun for example_sla_dag to 2025-07-08 09:48:00+00:00, run_after=2025-07-08 09:50:00+00:00
[2025-07-08T09:51:47.041+0000] {processor.py:183} INFO - Processing /home/airflow/.local/lib/python3.8/site-packages/airflow/example_dags/example_sla_dag.py took 0.396 seconds
[2025-07-08T09:52:18.217+0000] {processor.py:161} INFO - Started process (PID=6037) to work on /home/airflow/.local/lib/python3.8/site-packages/airflow/example_dags/example_sla_dag.py
[2025-07-08T09:52:18.219+0000] {processor.py:830} INFO - Processing file /home/airflow/.local/lib/python3.8/site-packages/airflow/example_dags/example_sla_dag.py for tasks to queue
[2025-07-08T09:52:18.222+0000] {logging_mixin.py:188} INFO - [2025-07-08T09:52:18.222+0000] {dagbag.py:538} INFO - Filling up the DagBag from /home/airflow/.local/lib/python3.8/site-packages/airflow/example_dags/example_sla_dag.py
[2025-07-08T09:52:18.280+0000] {processor.py:840} INFO - DAG(s) 'example_sla_dag' retrieved from /home/airflow/.local/lib/python3.8/site-packages/airflow/example_dags/example_sla_dag.py
[2025-07-08T09:52:18.375+0000] {logging_mixin.py:188} INFO - [2025-07-08T09:52:18.375+0000] {dag.py:3036} INFO - Sync 1 DAGs
[2025-07-08T09:52:18.570+0000] {logging_mixin.py:188} INFO - [2025-07-08T09:52:18.570+0000] {dag.py:3823} INFO - Setting next_dagrun for example_sla_dag to 2025-07-08 09:50:00+00:00, run_after=2025-07-08 09:52:00+00:00
[2025-07-08T09:52:18.702+0000] {processor.py:183} INFO - Processing /home/airflow/.local/lib/python3.8/site-packages/airflow/example_dags/example_sla_dag.py took 0.504 seconds
[2025-07-08T09:52:50.831+0000] {processor.py:161} INFO - Started process (PID=6105) to work on /home/airflow/.local/lib/python3.8/site-packages/airflow/example_dags/example_sla_dag.py
[2025-07-08T09:52:50.852+0000] {processor.py:830} INFO - Processing file /home/airflow/.local/lib/python3.8/site-packages/airflow/example_dags/example_sla_dag.py for tasks to queue
[2025-07-08T09:52:50.868+0000] {logging_mixin.py:188} INFO - [2025-07-08T09:52:50.866+0000] {dagbag.py:538} INFO - Filling up the DagBag from /home/airflow/.local/lib/python3.8/site-packages/airflow/example_dags/example_sla_dag.py
[2025-07-08T09:52:50.890+0000] {processor.py:840} INFO - DAG(s) 'example_sla_dag' retrieved from /home/airflow/.local/lib/python3.8/site-packages/airflow/example_dags/example_sla_dag.py
[2025-07-08T09:52:50.930+0000] {logging_mixin.py:188} INFO - [2025-07-08T09:52:50.929+0000] {dag.py:3036} INFO - Sync 1 DAGs
[2025-07-08T09:52:50.982+0000] {logging_mixin.py:188} INFO - [2025-07-08T09:52:50.982+0000] {dag.py:3823} INFO - Setting next_dagrun for example_sla_dag to 2025-07-08 09:50:00+00:00, run_after=2025-07-08 09:52:00+00:00
[2025-07-08T09:52:51.037+0000] {processor.py:183} INFO - Processing /home/airflow/.local/lib/python3.8/site-packages/airflow/example_dags/example_sla_dag.py took 0.232 seconds
[2025-07-08T09:53:21.541+0000] {processor.py:161} INFO - Started process (PID=6164) to work on /home/airflow/.local/lib/python3.8/site-packages/airflow/example_dags/example_sla_dag.py
[2025-07-08T09:53:21.543+0000] {processor.py:830} INFO - Processing file /home/airflow/.local/lib/python3.8/site-packages/airflow/example_dags/example_sla_dag.py for tasks to queue
[2025-07-08T09:53:21.546+0000] {logging_mixin.py:188} INFO - [2025-07-08T09:53:21.546+0000] {dagbag.py:538} INFO - Filling up the DagBag from /home/airflow/.local/lib/python3.8/site-packages/airflow/example_dags/example_sla_dag.py
[2025-07-08T09:53:21.604+0000] {processor.py:840} INFO - DAG(s) 'example_sla_dag' retrieved from /home/airflow/.local/lib/python3.8/site-packages/airflow/example_dags/example_sla_dag.py
[2025-07-08T09:53:21.699+0000] {logging_mixin.py:188} INFO - [2025-07-08T09:53:21.698+0000] {dag.py:3036} INFO - Sync 1 DAGs
[2025-07-08T09:53:21.825+0000] {logging_mixin.py:188} INFO - [2025-07-08T09:53:21.825+0000] {dag.py:3823} INFO - Setting next_dagrun for example_sla_dag to 2025-07-08 09:50:00+00:00, run_after=2025-07-08 09:52:00+00:00
[2025-07-08T09:53:21.992+0000] {processor.py:183} INFO - Processing /home/airflow/.local/lib/python3.8/site-packages/airflow/example_dags/example_sla_dag.py took 0.485 seconds
[2025-07-08T09:53:52.388+0000] {processor.py:161} INFO - Started process (PID=6233) to work on /home/airflow/.local/lib/python3.8/site-packages/airflow/example_dags/example_sla_dag.py
[2025-07-08T09:53:52.390+0000] {processor.py:830} INFO - Processing file /home/airflow/.local/lib/python3.8/site-packages/airflow/example_dags/example_sla_dag.py for tasks to queue
[2025-07-08T09:53:52.393+0000] {logging_mixin.py:188} INFO - [2025-07-08T09:53:52.393+0000] {dagbag.py:538} INFO - Filling up the DagBag from /home/airflow/.local/lib/python3.8/site-packages/airflow/example_dags/example_sla_dag.py
[2025-07-08T09:53:52.448+0000] {processor.py:840} INFO - DAG(s) 'example_sla_dag' retrieved from /home/airflow/.local/lib/python3.8/site-packages/airflow/example_dags/example_sla_dag.py
[2025-07-08T09:53:52.529+0000] {logging_mixin.py:188} INFO - [2025-07-08T09:53:52.529+0000] {dag.py:3036} INFO - Sync 1 DAGs
[2025-07-08T09:53:52.663+0000] {logging_mixin.py:188} INFO - [2025-07-08T09:53:52.662+0000] {dag.py:3823} INFO - Setting next_dagrun for example_sla_dag to 2025-07-08 09:50:00+00:00, run_after=2025-07-08 09:52:00+00:00
[2025-07-08T09:53:52.745+0000] {processor.py:183} INFO - Processing /home/airflow/.local/lib/python3.8/site-packages/airflow/example_dags/example_sla_dag.py took 0.391 seconds
[2025-07-08T09:54:23.066+0000] {processor.py:161} INFO - Started process (PID=6301) to work on /home/airflow/.local/lib/python3.8/site-packages/airflow/example_dags/example_sla_dag.py
[2025-07-08T09:54:23.072+0000] {processor.py:830} INFO - Processing file /home/airflow/.local/lib/python3.8/site-packages/airflow/example_dags/example_sla_dag.py for tasks to queue
[2025-07-08T09:54:23.077+0000] {logging_mixin.py:188} INFO - [2025-07-08T09:54:23.076+0000] {dagbag.py:538} INFO - Filling up the DagBag from /home/airflow/.local/lib/python3.8/site-packages/airflow/example_dags/example_sla_dag.py
[2025-07-08T09:54:23.154+0000] {processor.py:840} INFO - DAG(s) 'example_sla_dag' retrieved from /home/airflow/.local/lib/python3.8/site-packages/airflow/example_dags/example_sla_dag.py
[2025-07-08T09:54:23.212+0000] {logging_mixin.py:188} INFO - [2025-07-08T09:54:23.211+0000] {dag.py:3036} INFO - Sync 1 DAGs
[2025-07-08T09:54:23.269+0000] {logging_mixin.py:188} INFO - [2025-07-08T09:54:23.269+0000] {dag.py:3823} INFO - Setting next_dagrun for example_sla_dag to 2025-07-08 09:52:00+00:00, run_after=2025-07-08 09:54:00+00:00
[2025-07-08T09:54:23.326+0000] {processor.py:183} INFO - Processing /home/airflow/.local/lib/python3.8/site-packages/airflow/example_dags/example_sla_dag.py took 0.277 seconds
[2025-07-08T09:54:53.755+0000] {processor.py:161} INFO - Started process (PID=6369) to work on /home/airflow/.local/lib/python3.8/site-packages/airflow/example_dags/example_sla_dag.py
[2025-07-08T09:54:53.760+0000] {processor.py:830} INFO - Processing file /home/airflow/.local/lib/python3.8/site-packages/airflow/example_dags/example_sla_dag.py for tasks to queue
[2025-07-08T09:54:53.763+0000] {logging_mixin.py:188} INFO - [2025-07-08T09:54:53.763+0000] {dagbag.py:538} INFO - Filling up the DagBag from /home/airflow/.local/lib/python3.8/site-packages/airflow/example_dags/example_sla_dag.py
[2025-07-08T09:54:53.833+0000] {processor.py:840} INFO - DAG(s) 'example_sla_dag' retrieved from /home/airflow/.local/lib/python3.8/site-packages/airflow/example_dags/example_sla_dag.py
[2025-07-08T09:54:53.901+0000] {logging_mixin.py:188} INFO - [2025-07-08T09:54:53.900+0000] {dag.py:3036} INFO - Sync 1 DAGs
[2025-07-08T09:54:54.103+0000] {logging_mixin.py:188} INFO - [2025-07-08T09:54:54.102+0000] {dag.py:3823} INFO - Setting next_dagrun for example_sla_dag to 2025-07-08 09:52:00+00:00, run_after=2025-07-08 09:54:00+00:00
[2025-07-08T09:54:54.225+0000] {processor.py:183} INFO - Processing /home/airflow/.local/lib/python3.8/site-packages/airflow/example_dags/example_sla_dag.py took 0.485 seconds
[2025-07-08T09:55:24.627+0000] {processor.py:161} INFO - Started process (PID=6434) to work on /home/airflow/.local/lib/python3.8/site-packages/airflow/example_dags/example_sla_dag.py
[2025-07-08T09:55:24.643+0000] {processor.py:830} INFO - Processing file /home/airflow/.local/lib/python3.8/site-packages/airflow/example_dags/example_sla_dag.py for tasks to queue
[2025-07-08T09:55:24.646+0000] {logging_mixin.py:188} INFO - [2025-07-08T09:55:24.646+0000] {dagbag.py:538} INFO - Filling up the DagBag from /home/airflow/.local/lib/python3.8/site-packages/airflow/example_dags/example_sla_dag.py
[2025-07-08T09:55:24.723+0000] {processor.py:840} INFO - DAG(s) 'example_sla_dag' retrieved from /home/airflow/.local/lib/python3.8/site-packages/airflow/example_dags/example_sla_dag.py
[2025-07-08T09:55:24.810+0000] {logging_mixin.py:188} INFO - [2025-07-08T09:55:24.809+0000] {dag.py:3036} INFO - Sync 1 DAGs
[2025-07-08T09:55:24.945+0000] {logging_mixin.py:188} INFO - [2025-07-08T09:55:24.945+0000] {dag.py:3823} INFO - Setting next_dagrun for example_sla_dag to 2025-07-08 09:52:00+00:00, run_after=2025-07-08 09:54:00+00:00
[2025-07-08T09:55:25.042+0000] {processor.py:183} INFO - Processing /home/airflow/.local/lib/python3.8/site-packages/airflow/example_dags/example_sla_dag.py took 0.447 seconds
[2025-07-08T09:55:55.384+0000] {processor.py:161} INFO - Started process (PID=6495) to work on /home/airflow/.local/lib/python3.8/site-packages/airflow/example_dags/example_sla_dag.py
[2025-07-08T09:55:55.386+0000] {processor.py:830} INFO - Processing file /home/airflow/.local/lib/python3.8/site-packages/airflow/example_dags/example_sla_dag.py for tasks to queue
[2025-07-08T09:55:55.400+0000] {logging_mixin.py:188} INFO - [2025-07-08T09:55:55.400+0000] {dagbag.py:538} INFO - Filling up the DagBag from /home/airflow/.local/lib/python3.8/site-packages/airflow/example_dags/example_sla_dag.py
[2025-07-08T09:55:55.425+0000] {processor.py:840} INFO - DAG(s) 'example_sla_dag' retrieved from /home/airflow/.local/lib/python3.8/site-packages/airflow/example_dags/example_sla_dag.py
[2025-07-08T09:55:55.493+0000] {logging_mixin.py:188} INFO - [2025-07-08T09:55:55.492+0000] {dag.py:3036} INFO - Sync 1 DAGs
[2025-07-08T09:55:55.555+0000] {logging_mixin.py:188} INFO - [2025-07-08T09:55:55.555+0000] {dag.py:3823} INFO - Setting next_dagrun for example_sla_dag to 2025-07-08 09:52:00+00:00, run_after=2025-07-08 09:54:00+00:00
[2025-07-08T09:55:55.588+0000] {processor.py:183} INFO - Processing /home/airflow/.local/lib/python3.8/site-packages/airflow/example_dags/example_sla_dag.py took 0.213 seconds
[2025-07-08T09:56:26.401+0000] {processor.py:161} INFO - Started process (PID=6568) to work on /home/airflow/.local/lib/python3.8/site-packages/airflow/example_dags/example_sla_dag.py
[2025-07-08T09:56:26.408+0000] {processor.py:830} INFO - Processing file /home/airflow/.local/lib/python3.8/site-packages/airflow/example_dags/example_sla_dag.py for tasks to queue
[2025-07-08T09:56:26.423+0000] {logging_mixin.py:188} INFO - [2025-07-08T09:56:26.422+0000] {dagbag.py:538} INFO - Filling up the DagBag from /home/airflow/.local/lib/python3.8/site-packages/airflow/example_dags/example_sla_dag.py
[2025-07-08T09:56:26.451+0000] {processor.py:840} INFO - DAG(s) 'example_sla_dag' retrieved from /home/airflow/.local/lib/python3.8/site-packages/airflow/example_dags/example_sla_dag.py
[2025-07-08T09:56:26.550+0000] {logging_mixin.py:188} INFO - [2025-07-08T09:56:26.550+0000] {dag.py:3036} INFO - Sync 1 DAGs
[2025-07-08T09:56:26.745+0000] {logging_mixin.py:188} INFO - [2025-07-08T09:56:26.744+0000] {dag.py:3823} INFO - Setting next_dagrun for example_sla_dag to 2025-07-08 09:54:00+00:00, run_after=2025-07-08 09:56:00+00:00
[2025-07-08T09:56:26.846+0000] {processor.py:183} INFO - Processing /home/airflow/.local/lib/python3.8/site-packages/airflow/example_dags/example_sla_dag.py took 0.464 seconds
[2025-07-08T09:56:57.001+0000] {processor.py:161} INFO - Started process (PID=6632) to work on /home/airflow/.local/lib/python3.8/site-packages/airflow/example_dags/example_sla_dag.py
[2025-07-08T09:56:57.002+0000] {processor.py:830} INFO - Processing file /home/airflow/.local/lib/python3.8/site-packages/airflow/example_dags/example_sla_dag.py for tasks to queue
[2025-07-08T09:56:57.006+0000] {logging_mixin.py:188} INFO - [2025-07-08T09:56:57.005+0000] {dagbag.py:538} INFO - Filling up the DagBag from /home/airflow/.local/lib/python3.8/site-packages/airflow/example_dags/example_sla_dag.py
[2025-07-08T09:56:57.024+0000] {processor.py:840} INFO - DAG(s) 'example_sla_dag' retrieved from /home/airflow/.local/lib/python3.8/site-packages/airflow/example_dags/example_sla_dag.py
[2025-07-08T09:56:57.063+0000] {logging_mixin.py:188} INFO - [2025-07-08T09:56:57.063+0000] {dag.py:3036} INFO - Sync 1 DAGs
[2025-07-08T09:56:57.136+0000] {logging_mixin.py:188} INFO - [2025-07-08T09:56:57.136+0000] {dag.py:3823} INFO - Setting next_dagrun for example_sla_dag to 2025-07-08 09:54:00+00:00, run_after=2025-07-08 09:56:00+00:00
[2025-07-08T09:56:57.172+0000] {processor.py:183} INFO - Processing /home/airflow/.local/lib/python3.8/site-packages/airflow/example_dags/example_sla_dag.py took 0.178 seconds
[2025-07-08T09:57:27.479+0000] {processor.py:161} INFO - Started process (PID=6698) to work on /home/airflow/.local/lib/python3.8/site-packages/airflow/example_dags/example_sla_dag.py
[2025-07-08T09:57:27.488+0000] {processor.py:830} INFO - Processing file /home/airflow/.local/lib/python3.8/site-packages/airflow/example_dags/example_sla_dag.py for tasks to queue
[2025-07-08T09:57:27.491+0000] {logging_mixin.py:188} INFO - [2025-07-08T09:57:27.491+0000] {dagbag.py:538} INFO - Filling up the DagBag from /home/airflow/.local/lib/python3.8/site-packages/airflow/example_dags/example_sla_dag.py
[2025-07-08T09:57:27.520+0000] {processor.py:840} INFO - DAG(s) 'example_sla_dag' retrieved from /home/airflow/.local/lib/python3.8/site-packages/airflow/example_dags/example_sla_dag.py
[2025-07-08T09:57:27.599+0000] {logging_mixin.py:188} INFO - [2025-07-08T09:57:27.599+0000] {dag.py:3036} INFO - Sync 1 DAGs
[2025-07-08T09:57:27.701+0000] {logging_mixin.py:188} INFO - [2025-07-08T09:57:27.701+0000] {dag.py:3823} INFO - Setting next_dagrun for example_sla_dag to 2025-07-08 09:54:00+00:00, run_after=2025-07-08 09:56:00+00:00
[2025-07-08T09:57:27.773+0000] {processor.py:183} INFO - Processing /home/airflow/.local/lib/python3.8/site-packages/airflow/example_dags/example_sla_dag.py took 0.300 seconds
[2025-07-08T09:57:57.854+0000] {processor.py:161} INFO - Started process (PID=6756) to work on /home/airflow/.local/lib/python3.8/site-packages/airflow/example_dags/example_sla_dag.py
[2025-07-08T09:57:57.856+0000] {processor.py:830} INFO - Processing file /home/airflow/.local/lib/python3.8/site-packages/airflow/example_dags/example_sla_dag.py for tasks to queue
[2025-07-08T09:57:57.860+0000] {logging_mixin.py:188} INFO - [2025-07-08T09:57:57.859+0000] {dagbag.py:538} INFO - Filling up the DagBag from /home/airflow/.local/lib/python3.8/site-packages/airflow/example_dags/example_sla_dag.py
[2025-07-08T09:57:57.896+0000] {processor.py:840} INFO - DAG(s) 'example_sla_dag' retrieved from /home/airflow/.local/lib/python3.8/site-packages/airflow/example_dags/example_sla_dag.py
[2025-07-08T09:57:57.980+0000] {logging_mixin.py:188} INFO - [2025-07-08T09:57:57.979+0000] {dag.py:3036} INFO - Sync 1 DAGs
[2025-07-08T09:57:58.067+0000] {logging_mixin.py:188} INFO - [2025-07-08T09:57:58.067+0000] {dag.py:3823} INFO - Setting next_dagrun for example_sla_dag to 2025-07-08 09:54:00+00:00, run_after=2025-07-08 09:56:00+00:00
[2025-07-08T09:57:58.134+0000] {processor.py:183} INFO - Processing /home/airflow/.local/lib/python3.8/site-packages/airflow/example_dags/example_sla_dag.py took 0.288 seconds
[2025-07-08T09:58:28.639+0000] {processor.py:161} INFO - Started process (PID=6826) to work on /home/airflow/.local/lib/python3.8/site-packages/airflow/example_dags/example_sla_dag.py
[2025-07-08T09:58:28.652+0000] {processor.py:830} INFO - Processing file /home/airflow/.local/lib/python3.8/site-packages/airflow/example_dags/example_sla_dag.py for tasks to queue
[2025-07-08T09:58:28.655+0000] {logging_mixin.py:188} INFO - [2025-07-08T09:58:28.655+0000] {dagbag.py:538} INFO - Filling up the DagBag from /home/airflow/.local/lib/python3.8/site-packages/airflow/example_dags/example_sla_dag.py
[2025-07-08T09:58:28.712+0000] {processor.py:840} INFO - DAG(s) 'example_sla_dag' retrieved from /home/airflow/.local/lib/python3.8/site-packages/airflow/example_dags/example_sla_dag.py
[2025-07-08T09:58:28.795+0000] {logging_mixin.py:188} INFO - [2025-07-08T09:58:28.794+0000] {dag.py:3036} INFO - Sync 1 DAGs
[2025-07-08T09:58:28.890+0000] {logging_mixin.py:188} INFO - [2025-07-08T09:58:28.890+0000] {dag.py:3823} INFO - Setting next_dagrun for example_sla_dag to 2025-07-08 09:56:00+00:00, run_after=2025-07-08 09:58:00+00:00
[2025-07-08T09:58:28.949+0000] {processor.py:183} INFO - Processing /home/airflow/.local/lib/python3.8/site-packages/airflow/example_dags/example_sla_dag.py took 0.315 seconds
[2025-07-08T09:59:00.071+0000] {processor.py:161} INFO - Started process (PID=6892) to work on /home/airflow/.local/lib/python3.8/site-packages/airflow/example_dags/example_sla_dag.py
[2025-07-08T09:59:00.079+0000] {processor.py:830} INFO - Processing file /home/airflow/.local/lib/python3.8/site-packages/airflow/example_dags/example_sla_dag.py for tasks to queue
[2025-07-08T09:59:00.086+0000] {logging_mixin.py:188} INFO - [2025-07-08T09:59:00.085+0000] {dagbag.py:538} INFO - Filling up the DagBag from /home/airflow/.local/lib/python3.8/site-packages/airflow/example_dags/example_sla_dag.py
[2025-07-08T09:59:00.158+0000] {processor.py:840} INFO - DAG(s) 'example_sla_dag' retrieved from /home/airflow/.local/lib/python3.8/site-packages/airflow/example_dags/example_sla_dag.py
[2025-07-08T09:59:00.267+0000] {logging_mixin.py:188} INFO - [2025-07-08T09:59:00.266+0000] {dag.py:3036} INFO - Sync 1 DAGs
[2025-07-08T09:59:00.431+0000] {logging_mixin.py:188} INFO - [2025-07-08T09:59:00.431+0000] {dag.py:3823} INFO - Setting next_dagrun for example_sla_dag to 2025-07-08 09:56:00+00:00, run_after=2025-07-08 09:58:00+00:00
[2025-07-08T09:59:00.524+0000] {processor.py:183} INFO - Processing /home/airflow/.local/lib/python3.8/site-packages/airflow/example_dags/example_sla_dag.py took 0.467 seconds
[2025-07-08T09:59:32.272+0000] {processor.py:161} INFO - Started process (PID=6962) to work on /home/airflow/.local/lib/python3.8/site-packages/airflow/example_dags/example_sla_dag.py
[2025-07-08T09:59:32.274+0000] {processor.py:830} INFO - Processing file /home/airflow/.local/lib/python3.8/site-packages/airflow/example_dags/example_sla_dag.py for tasks to queue
[2025-07-08T09:59:32.285+0000] {logging_mixin.py:188} INFO - [2025-07-08T09:59:32.284+0000] {dagbag.py:538} INFO - Filling up the DagBag from /home/airflow/.local/lib/python3.8/site-packages/airflow/example_dags/example_sla_dag.py
[2025-07-08T09:59:32.330+0000] {processor.py:840} INFO - DAG(s) 'example_sla_dag' retrieved from /home/airflow/.local/lib/python3.8/site-packages/airflow/example_dags/example_sla_dag.py
[2025-07-08T09:59:32.397+0000] {logging_mixin.py:188} INFO - [2025-07-08T09:59:32.396+0000] {dag.py:3036} INFO - Sync 1 DAGs
[2025-07-08T09:59:32.517+0000] {logging_mixin.py:188} INFO - [2025-07-08T09:59:32.516+0000] {dag.py:3823} INFO - Setting next_dagrun for example_sla_dag to 2025-07-08 09:56:00+00:00, run_after=2025-07-08 09:58:00+00:00
[2025-07-08T09:59:32.584+0000] {processor.py:183} INFO - Processing /home/airflow/.local/lib/python3.8/site-packages/airflow/example_dags/example_sla_dag.py took 0.325 seconds
[2025-07-08T10:00:04.166+0000] {processor.py:161} INFO - Started process (PID=7030) to work on /home/airflow/.local/lib/python3.8/site-packages/airflow/example_dags/example_sla_dag.py
[2025-07-08T10:00:04.169+0000] {processor.py:830} INFO - Processing file /home/airflow/.local/lib/python3.8/site-packages/airflow/example_dags/example_sla_dag.py for tasks to queue
[2025-07-08T10:00:04.172+0000] {logging_mixin.py:188} INFO - [2025-07-08T10:00:04.172+0000] {dagbag.py:538} INFO - Filling up the DagBag from /home/airflow/.local/lib/python3.8/site-packages/airflow/example_dags/example_sla_dag.py
[2025-07-08T10:00:04.221+0000] {processor.py:840} INFO - DAG(s) 'example_sla_dag' retrieved from /home/airflow/.local/lib/python3.8/site-packages/airflow/example_dags/example_sla_dag.py
[2025-07-08T10:00:04.285+0000] {logging_mixin.py:188} INFO - [2025-07-08T10:00:04.285+0000] {dag.py:3036} INFO - Sync 1 DAGs
[2025-07-08T10:00:04.490+0000] {logging_mixin.py:188} INFO - [2025-07-08T10:00:04.490+0000] {dag.py:3823} INFO - Setting next_dagrun for example_sla_dag to 2025-07-08 09:58:00+00:00, run_after=2025-07-08 10:00:00+00:00
[2025-07-08T10:00:04.574+0000] {processor.py:183} INFO - Processing /home/airflow/.local/lib/python3.8/site-packages/airflow/example_dags/example_sla_dag.py took 0.415 seconds
[2025-07-08T10:00:36.810+0000] {processor.py:161} INFO - Started process (PID=7100) to work on /home/airflow/.local/lib/python3.8/site-packages/airflow/example_dags/example_sla_dag.py
[2025-07-08T10:00:36.820+0000] {processor.py:830} INFO - Processing file /home/airflow/.local/lib/python3.8/site-packages/airflow/example_dags/example_sla_dag.py for tasks to queue
[2025-07-08T10:00:36.823+0000] {logging_mixin.py:188} INFO - [2025-07-08T10:00:36.822+0000] {dagbag.py:538} INFO - Filling up the DagBag from /home/airflow/.local/lib/python3.8/site-packages/airflow/example_dags/example_sla_dag.py
[2025-07-08T10:00:36.862+0000] {processor.py:840} INFO - DAG(s) 'example_sla_dag' retrieved from /home/airflow/.local/lib/python3.8/site-packages/airflow/example_dags/example_sla_dag.py
[2025-07-08T10:00:36.972+0000] {logging_mixin.py:188} INFO - [2025-07-08T10:00:36.972+0000] {dag.py:3036} INFO - Sync 1 DAGs
[2025-07-08T10:00:37.069+0000] {logging_mixin.py:188} INFO - [2025-07-08T10:00:37.068+0000] {dag.py:3823} INFO - Setting next_dagrun for example_sla_dag to 2025-07-08 09:58:00+00:00, run_after=2025-07-08 10:00:00+00:00
[2025-07-08T10:00:37.161+0000] {processor.py:183} INFO - Processing /home/airflow/.local/lib/python3.8/site-packages/airflow/example_dags/example_sla_dag.py took 0.357 seconds
[2025-07-08T10:01:07.610+0000] {processor.py:161} INFO - Started process (PID=7168) to work on /home/airflow/.local/lib/python3.8/site-packages/airflow/example_dags/example_sla_dag.py
[2025-07-08T10:01:07.619+0000] {processor.py:830} INFO - Processing file /home/airflow/.local/lib/python3.8/site-packages/airflow/example_dags/example_sla_dag.py for tasks to queue
[2025-07-08T10:01:07.627+0000] {logging_mixin.py:188} INFO - [2025-07-08T10:01:07.626+0000] {dagbag.py:538} INFO - Filling up the DagBag from /home/airflow/.local/lib/python3.8/site-packages/airflow/example_dags/example_sla_dag.py
[2025-07-08T10:01:07.671+0000] {processor.py:840} INFO - DAG(s) 'example_sla_dag' retrieved from /home/airflow/.local/lib/python3.8/site-packages/airflow/example_dags/example_sla_dag.py
[2025-07-08T10:01:07.744+0000] {logging_mixin.py:188} INFO - [2025-07-08T10:01:07.744+0000] {dag.py:3036} INFO - Sync 1 DAGs
[2025-07-08T10:01:07.851+0000] {logging_mixin.py:188} INFO - [2025-07-08T10:01:07.851+0000] {dag.py:3823} INFO - Setting next_dagrun for example_sla_dag to 2025-07-08 09:58:00+00:00, run_after=2025-07-08 10:00:00+00:00
[2025-07-08T10:01:07.930+0000] {processor.py:183} INFO - Processing /home/airflow/.local/lib/python3.8/site-packages/airflow/example_dags/example_sla_dag.py took 0.359 seconds
[2025-07-08T10:01:38.223+0000] {processor.py:161} INFO - Started process (PID=7234) to work on /home/airflow/.local/lib/python3.8/site-packages/airflow/example_dags/example_sla_dag.py
[2025-07-08T10:01:38.233+0000] {processor.py:830} INFO - Processing file /home/airflow/.local/lib/python3.8/site-packages/airflow/example_dags/example_sla_dag.py for tasks to queue
[2025-07-08T10:01:38.239+0000] {logging_mixin.py:188} INFO - [2025-07-08T10:01:38.238+0000] {dagbag.py:538} INFO - Filling up the DagBag from /home/airflow/.local/lib/python3.8/site-packages/airflow/example_dags/example_sla_dag.py
[2025-07-08T10:01:38.271+0000] {processor.py:840} INFO - DAG(s) 'example_sla_dag' retrieved from /home/airflow/.local/lib/python3.8/site-packages/airflow/example_dags/example_sla_dag.py
[2025-07-08T10:01:38.351+0000] {logging_mixin.py:188} INFO - [2025-07-08T10:01:38.350+0000] {dag.py:3036} INFO - Sync 1 DAGs
[2025-07-08T10:01:38.464+0000] {logging_mixin.py:188} INFO - [2025-07-08T10:01:38.463+0000] {dag.py:3823} INFO - Setting next_dagrun for example_sla_dag to 2025-07-08 09:58:00+00:00, run_after=2025-07-08 10:00:00+00:00
[2025-07-08T10:01:38.558+0000] {processor.py:183} INFO - Processing /home/airflow/.local/lib/python3.8/site-packages/airflow/example_dags/example_sla_dag.py took 0.356 seconds
[2025-07-08T10:02:08.811+0000] {processor.py:161} INFO - Started process (PID=7302) to work on /home/airflow/.local/lib/python3.8/site-packages/airflow/example_dags/example_sla_dag.py
[2025-07-08T10:02:08.825+0000] {processor.py:830} INFO - Processing file /home/airflow/.local/lib/python3.8/site-packages/airflow/example_dags/example_sla_dag.py for tasks to queue
[2025-07-08T10:02:08.828+0000] {logging_mixin.py:188} INFO - [2025-07-08T10:02:08.827+0000] {dagbag.py:538} INFO - Filling up the DagBag from /home/airflow/.local/lib/python3.8/site-packages/airflow/example_dags/example_sla_dag.py
[2025-07-08T10:02:08.887+0000] {processor.py:840} INFO - DAG(s) 'example_sla_dag' retrieved from /home/airflow/.local/lib/python3.8/site-packages/airflow/example_dags/example_sla_dag.py
[2025-07-08T10:02:08.977+0000] {logging_mixin.py:188} INFO - [2025-07-08T10:02:08.977+0000] {dag.py:3036} INFO - Sync 1 DAGs
[2025-07-08T10:02:09.158+0000] {logging_mixin.py:188} INFO - [2025-07-08T10:02:09.152+0000] {dag.py:3823} INFO - Setting next_dagrun for example_sla_dag to 2025-07-08 10:00:00+00:00, run_after=2025-07-08 10:02:00+00:00
[2025-07-08T10:02:09.328+0000] {processor.py:183} INFO - Processing /home/airflow/.local/lib/python3.8/site-packages/airflow/example_dags/example_sla_dag.py took 0.568 seconds
[2025-07-08T10:02:39.739+0000] {processor.py:161} INFO - Started process (PID=7369) to work on /home/airflow/.local/lib/python3.8/site-packages/airflow/example_dags/example_sla_dag.py
[2025-07-08T10:02:39.749+0000] {processor.py:830} INFO - Processing file /home/airflow/.local/lib/python3.8/site-packages/airflow/example_dags/example_sla_dag.py for tasks to queue
[2025-07-08T10:02:39.753+0000] {logging_mixin.py:188} INFO - [2025-07-08T10:02:39.752+0000] {dagbag.py:538} INFO - Filling up the DagBag from /home/airflow/.local/lib/python3.8/site-packages/airflow/example_dags/example_sla_dag.py
[2025-07-08T10:02:39.786+0000] {processor.py:840} INFO - DAG(s) 'example_sla_dag' retrieved from /home/airflow/.local/lib/python3.8/site-packages/airflow/example_dags/example_sla_dag.py
[2025-07-08T10:02:39.866+0000] {logging_mixin.py:188} INFO - [2025-07-08T10:02:39.865+0000] {dag.py:3036} INFO - Sync 1 DAGs
[2025-07-08T10:02:39.989+0000] {logging_mixin.py:188} INFO - [2025-07-08T10:02:39.989+0000] {dag.py:3823} INFO - Setting next_dagrun for example_sla_dag to 2025-07-08 10:00:00+00:00, run_after=2025-07-08 10:02:00+00:00
[2025-07-08T10:02:40.075+0000] {processor.py:183} INFO - Processing /home/airflow/.local/lib/python3.8/site-packages/airflow/example_dags/example_sla_dag.py took 0.342 seconds
[2025-07-08T10:03:10.261+0000] {processor.py:161} INFO - Started process (PID=7429) to work on /home/airflow/.local/lib/python3.8/site-packages/airflow/example_dags/example_sla_dag.py
[2025-07-08T10:03:10.263+0000] {processor.py:830} INFO - Processing file /home/airflow/.local/lib/python3.8/site-packages/airflow/example_dags/example_sla_dag.py for tasks to queue
[2025-07-08T10:03:10.266+0000] {logging_mixin.py:188} INFO - [2025-07-08T10:03:10.266+0000] {dagbag.py:538} INFO - Filling up the DagBag from /home/airflow/.local/lib/python3.8/site-packages/airflow/example_dags/example_sla_dag.py
[2025-07-08T10:03:10.285+0000] {processor.py:840} INFO - DAG(s) 'example_sla_dag' retrieved from /home/airflow/.local/lib/python3.8/site-packages/airflow/example_dags/example_sla_dag.py
[2025-07-08T10:03:10.341+0000] {logging_mixin.py:188} INFO - [2025-07-08T10:03:10.341+0000] {dag.py:3036} INFO - Sync 1 DAGs
[2025-07-08T10:03:10.400+0000] {logging_mixin.py:188} INFO - [2025-07-08T10:03:10.399+0000] {dag.py:3823} INFO - Setting next_dagrun for example_sla_dag to 2025-07-08 10:00:00+00:00, run_after=2025-07-08 10:02:00+00:00
[2025-07-08T10:03:10.442+0000] {processor.py:183} INFO - Processing /home/airflow/.local/lib/python3.8/site-packages/airflow/example_dags/example_sla_dag.py took 0.187 seconds
[2025-07-08T10:03:42.468+0000] {processor.py:161} INFO - Started process (PID=7494) to work on /home/airflow/.local/lib/python3.8/site-packages/airflow/example_dags/example_sla_dag.py
[2025-07-08T10:03:42.476+0000] {processor.py:830} INFO - Processing file /home/airflow/.local/lib/python3.8/site-packages/airflow/example_dags/example_sla_dag.py for tasks to queue
[2025-07-08T10:03:42.480+0000] {logging_mixin.py:188} INFO - [2025-07-08T10:03:42.479+0000] {dagbag.py:538} INFO - Filling up the DagBag from /home/airflow/.local/lib/python3.8/site-packages/airflow/example_dags/example_sla_dag.py
[2025-07-08T10:03:42.516+0000] {processor.py:840} INFO - DAG(s) 'example_sla_dag' retrieved from /home/airflow/.local/lib/python3.8/site-packages/airflow/example_dags/example_sla_dag.py
[2025-07-08T10:03:42.615+0000] {logging_mixin.py:188} INFO - [2025-07-08T10:03:42.615+0000] {dag.py:3036} INFO - Sync 1 DAGs
[2025-07-08T10:03:42.759+0000] {logging_mixin.py:188} INFO - [2025-07-08T10:03:42.758+0000] {dag.py:3823} INFO - Setting next_dagrun for example_sla_dag to 2025-07-08 10:00:00+00:00, run_after=2025-07-08 10:02:00+00:00
[2025-07-08T10:03:42.864+0000] {processor.py:183} INFO - Processing /home/airflow/.local/lib/python3.8/site-packages/airflow/example_dags/example_sla_dag.py took 0.410 seconds
[2025-07-08T10:04:13.039+0000] {processor.py:161} INFO - Started process (PID=7559) to work on /home/airflow/.local/lib/python3.8/site-packages/airflow/example_dags/example_sla_dag.py
[2025-07-08T10:04:13.041+0000] {processor.py:830} INFO - Processing file /home/airflow/.local/lib/python3.8/site-packages/airflow/example_dags/example_sla_dag.py for tasks to queue
[2025-07-08T10:04:13.044+0000] {logging_mixin.py:188} INFO - [2025-07-08T10:04:13.043+0000] {dagbag.py:538} INFO - Filling up the DagBag from /home/airflow/.local/lib/python3.8/site-packages/airflow/example_dags/example_sla_dag.py
[2025-07-08T10:04:13.061+0000] {processor.py:840} INFO - DAG(s) 'example_sla_dag' retrieved from /home/airflow/.local/lib/python3.8/site-packages/airflow/example_dags/example_sla_dag.py
[2025-07-08T10:04:13.100+0000] {logging_mixin.py:188} INFO - [2025-07-08T10:04:13.099+0000] {dag.py:3036} INFO - Sync 1 DAGs
[2025-07-08T10:04:13.155+0000] {logging_mixin.py:188} INFO - [2025-07-08T10:04:13.155+0000] {dag.py:3823} INFO - Setting next_dagrun for example_sla_dag to 2025-07-08 10:02:00+00:00, run_after=2025-07-08 10:04:00+00:00
[2025-07-08T10:04:13.193+0000] {processor.py:183} INFO - Processing /home/airflow/.local/lib/python3.8/site-packages/airflow/example_dags/example_sla_dag.py took 0.160 seconds
[2025-07-08T10:04:43.599+0000] {processor.py:161} INFO - Started process (PID=7620) to work on /home/airflow/.local/lib/python3.8/site-packages/airflow/example_dags/example_sla_dag.py
[2025-07-08T10:04:43.609+0000] {processor.py:830} INFO - Processing file /home/airflow/.local/lib/python3.8/site-packages/airflow/example_dags/example_sla_dag.py for tasks to queue
[2025-07-08T10:04:43.613+0000] {logging_mixin.py:188} INFO - [2025-07-08T10:04:43.612+0000] {dagbag.py:538} INFO - Filling up the DagBag from /home/airflow/.local/lib/python3.8/site-packages/airflow/example_dags/example_sla_dag.py
[2025-07-08T10:04:43.664+0000] {processor.py:840} INFO - DAG(s) 'example_sla_dag' retrieved from /home/airflow/.local/lib/python3.8/site-packages/airflow/example_dags/example_sla_dag.py
[2025-07-08T10:04:43.728+0000] {logging_mixin.py:188} INFO - [2025-07-08T10:04:43.728+0000] {dag.py:3036} INFO - Sync 1 DAGs
[2025-07-08T10:04:43.803+0000] {logging_mixin.py:188} INFO - [2025-07-08T10:04:43.803+0000] {dag.py:3823} INFO - Setting next_dagrun for example_sla_dag to 2025-07-08 10:02:00+00:00, run_after=2025-07-08 10:04:00+00:00
[2025-07-08T10:04:43.886+0000] {processor.py:183} INFO - Processing /home/airflow/.local/lib/python3.8/site-packages/airflow/example_dags/example_sla_dag.py took 0.303 seconds
[2025-07-08T10:05:14.522+0000] {processor.py:161} INFO - Started process (PID=7688) to work on /home/airflow/.local/lib/python3.8/site-packages/airflow/example_dags/example_sla_dag.py
[2025-07-08T10:05:14.524+0000] {processor.py:830} INFO - Processing file /home/airflow/.local/lib/python3.8/site-packages/airflow/example_dags/example_sla_dag.py for tasks to queue
[2025-07-08T10:05:14.527+0000] {logging_mixin.py:188} INFO - [2025-07-08T10:05:14.526+0000] {dagbag.py:538} INFO - Filling up the DagBag from /home/airflow/.local/lib/python3.8/site-packages/airflow/example_dags/example_sla_dag.py
[2025-07-08T10:05:14.570+0000] {processor.py:840} INFO - DAG(s) 'example_sla_dag' retrieved from /home/airflow/.local/lib/python3.8/site-packages/airflow/example_dags/example_sla_dag.py
[2025-07-08T10:05:14.622+0000] {logging_mixin.py:188} INFO - [2025-07-08T10:05:14.622+0000] {dag.py:3036} INFO - Sync 1 DAGs
[2025-07-08T10:05:14.722+0000] {logging_mixin.py:188} INFO - [2025-07-08T10:05:14.722+0000] {dag.py:3823} INFO - Setting next_dagrun for example_sla_dag to 2025-07-08 10:02:00+00:00, run_after=2025-07-08 10:04:00+00:00
[2025-07-08T10:05:14.788+0000] {processor.py:183} INFO - Processing /home/airflow/.local/lib/python3.8/site-packages/airflow/example_dags/example_sla_dag.py took 0.284 seconds
[2025-07-08T10:05:45.276+0000] {processor.py:161} INFO - Started process (PID=7757) to work on /home/airflow/.local/lib/python3.8/site-packages/airflow/example_dags/example_sla_dag.py
[2025-07-08T10:05:45.280+0000] {processor.py:830} INFO - Processing file /home/airflow/.local/lib/python3.8/site-packages/airflow/example_dags/example_sla_dag.py for tasks to queue
[2025-07-08T10:05:45.286+0000] {logging_mixin.py:188} INFO - [2025-07-08T10:05:45.285+0000] {dagbag.py:538} INFO - Filling up the DagBag from /home/airflow/.local/lib/python3.8/site-packages/airflow/example_dags/example_sla_dag.py
[2025-07-08T10:05:45.322+0000] {processor.py:840} INFO - DAG(s) 'example_sla_dag' retrieved from /home/airflow/.local/lib/python3.8/site-packages/airflow/example_dags/example_sla_dag.py
[2025-07-08T10:05:45.368+0000] {logging_mixin.py:188} INFO - [2025-07-08T10:05:45.367+0000] {dag.py:3036} INFO - Sync 1 DAGs
[2025-07-08T10:05:45.451+0000] {logging_mixin.py:188} INFO - [2025-07-08T10:05:45.450+0000] {dag.py:3823} INFO - Setting next_dagrun for example_sla_dag to 2025-07-08 10:02:00+00:00, run_after=2025-07-08 10:04:00+00:00
[2025-07-08T10:05:45.562+0000] {processor.py:183} INFO - Processing /home/airflow/.local/lib/python3.8/site-packages/airflow/example_dags/example_sla_dag.py took 0.292 seconds
[2025-07-08T10:06:15.832+0000] {processor.py:161} INFO - Started process (PID=7824) to work on /home/airflow/.local/lib/python3.8/site-packages/airflow/example_dags/example_sla_dag.py
[2025-07-08T10:06:15.834+0000] {processor.py:830} INFO - Processing file /home/airflow/.local/lib/python3.8/site-packages/airflow/example_dags/example_sla_dag.py for tasks to queue
[2025-07-08T10:06:15.837+0000] {logging_mixin.py:188} INFO - [2025-07-08T10:06:15.836+0000] {dagbag.py:538} INFO - Filling up the DagBag from /home/airflow/.local/lib/python3.8/site-packages/airflow/example_dags/example_sla_dag.py
[2025-07-08T10:06:15.871+0000] {processor.py:840} INFO - DAG(s) 'example_sla_dag' retrieved from /home/airflow/.local/lib/python3.8/site-packages/airflow/example_dags/example_sla_dag.py
[2025-07-08T10:06:15.908+0000] {logging_mixin.py:188} INFO - [2025-07-08T10:06:15.907+0000] {dag.py:3036} INFO - Sync 1 DAGs
[2025-07-08T10:06:15.971+0000] {logging_mixin.py:188} INFO - [2025-07-08T10:06:15.971+0000] {dag.py:3823} INFO - Setting next_dagrun for example_sla_dag to 2025-07-08 10:04:00+00:00, run_after=2025-07-08 10:06:00+00:00
[2025-07-08T10:06:16.049+0000] {processor.py:183} INFO - Processing /home/airflow/.local/lib/python3.8/site-packages/airflow/example_dags/example_sla_dag.py took 0.223 seconds
[2025-07-08T10:06:47.194+0000] {processor.py:161} INFO - Started process (PID=7892) to work on /home/airflow/.local/lib/python3.8/site-packages/airflow/example_dags/example_sla_dag.py
[2025-07-08T10:06:47.212+0000] {processor.py:830} INFO - Processing file /home/airflow/.local/lib/python3.8/site-packages/airflow/example_dags/example_sla_dag.py for tasks to queue
[2025-07-08T10:06:47.215+0000] {logging_mixin.py:188} INFO - [2025-07-08T10:06:47.215+0000] {dagbag.py:538} INFO - Filling up the DagBag from /home/airflow/.local/lib/python3.8/site-packages/airflow/example_dags/example_sla_dag.py
[2025-07-08T10:06:47.305+0000] {processor.py:840} INFO - DAG(s) 'example_sla_dag' retrieved from /home/airflow/.local/lib/python3.8/site-packages/airflow/example_dags/example_sla_dag.py
[2025-07-08T10:06:47.442+0000] {logging_mixin.py:188} INFO - [2025-07-08T10:06:47.441+0000] {dag.py:3036} INFO - Sync 1 DAGs
[2025-07-08T10:06:47.650+0000] {logging_mixin.py:188} INFO - [2025-07-08T10:06:47.649+0000] {dag.py:3823} INFO - Setting next_dagrun for example_sla_dag to 2025-07-08 10:04:00+00:00, run_after=2025-07-08 10:06:00+00:00
[2025-07-08T10:06:47.744+0000] {processor.py:183} INFO - Processing /home/airflow/.local/lib/python3.8/site-packages/airflow/example_dags/example_sla_dag.py took 0.585 seconds
[2025-07-08T10:07:18.259+0000] {processor.py:161} INFO - Started process (PID=7952) to work on /home/airflow/.local/lib/python3.8/site-packages/airflow/example_dags/example_sla_dag.py
[2025-07-08T10:07:18.261+0000] {processor.py:830} INFO - Processing file /home/airflow/.local/lib/python3.8/site-packages/airflow/example_dags/example_sla_dag.py for tasks to queue
[2025-07-08T10:07:18.264+0000] {logging_mixin.py:188} INFO - [2025-07-08T10:07:18.263+0000] {dagbag.py:538} INFO - Filling up the DagBag from /home/airflow/.local/lib/python3.8/site-packages/airflow/example_dags/example_sla_dag.py
[2025-07-08T10:07:18.282+0000] {processor.py:840} INFO - DAG(s) 'example_sla_dag' retrieved from /home/airflow/.local/lib/python3.8/site-packages/airflow/example_dags/example_sla_dag.py
[2025-07-08T10:07:18.322+0000] {logging_mixin.py:188} INFO - [2025-07-08T10:07:18.321+0000] {dag.py:3036} INFO - Sync 1 DAGs
[2025-07-08T10:07:18.396+0000] {logging_mixin.py:188} INFO - [2025-07-08T10:07:18.396+0000] {dag.py:3823} INFO - Setting next_dagrun for example_sla_dag to 2025-07-08 10:04:00+00:00, run_after=2025-07-08 10:06:00+00:00
[2025-07-08T10:07:18.430+0000] {processor.py:183} INFO - Processing /home/airflow/.local/lib/python3.8/site-packages/airflow/example_dags/example_sla_dag.py took 0.177 seconds
[2025-07-08T10:07:49.139+0000] {processor.py:161} INFO - Started process (PID=8019) to work on /home/airflow/.local/lib/python3.8/site-packages/airflow/example_dags/example_sla_dag.py
[2025-07-08T10:07:49.152+0000] {processor.py:830} INFO - Processing file /home/airflow/.local/lib/python3.8/site-packages/airflow/example_dags/example_sla_dag.py for tasks to queue
[2025-07-08T10:07:49.155+0000] {logging_mixin.py:188} INFO - [2025-07-08T10:07:49.155+0000] {dagbag.py:538} INFO - Filling up the DagBag from /home/airflow/.local/lib/python3.8/site-packages/airflow/example_dags/example_sla_dag.py
[2025-07-08T10:07:49.186+0000] {processor.py:840} INFO - DAG(s) 'example_sla_dag' retrieved from /home/airflow/.local/lib/python3.8/site-packages/airflow/example_dags/example_sla_dag.py
[2025-07-08T10:07:49.349+0000] {logging_mixin.py:188} INFO - [2025-07-08T10:07:49.349+0000] {dag.py:3036} INFO - Sync 1 DAGs
[2025-07-08T10:07:49.486+0000] {logging_mixin.py:188} INFO - [2025-07-08T10:07:49.486+0000] {dag.py:3823} INFO - Setting next_dagrun for example_sla_dag to 2025-07-08 10:04:00+00:00, run_after=2025-07-08 10:06:00+00:00
[2025-07-08T10:07:49.576+0000] {processor.py:183} INFO - Processing /home/airflow/.local/lib/python3.8/site-packages/airflow/example_dags/example_sla_dag.py took 0.461 seconds
[2025-07-08T10:08:19.886+0000] {processor.py:161} INFO - Started process (PID=8086) to work on /home/airflow/.local/lib/python3.8/site-packages/airflow/example_dags/example_sla_dag.py
[2025-07-08T10:08:19.887+0000] {processor.py:830} INFO - Processing file /home/airflow/.local/lib/python3.8/site-packages/airflow/example_dags/example_sla_dag.py for tasks to queue
[2025-07-08T10:08:19.890+0000] {logging_mixin.py:188} INFO - [2025-07-08T10:08:19.889+0000] {dagbag.py:538} INFO - Filling up the DagBag from /home/airflow/.local/lib/python3.8/site-packages/airflow/example_dags/example_sla_dag.py
[2025-07-08T10:08:19.906+0000] {processor.py:840} INFO - DAG(s) 'example_sla_dag' retrieved from /home/airflow/.local/lib/python3.8/site-packages/airflow/example_dags/example_sla_dag.py
[2025-07-08T10:08:19.981+0000] {logging_mixin.py:188} INFO - [2025-07-08T10:08:19.981+0000] {dag.py:3036} INFO - Sync 1 DAGs
[2025-07-08T10:08:20.071+0000] {logging_mixin.py:188} INFO - [2025-07-08T10:08:20.071+0000] {dag.py:3823} INFO - Setting next_dagrun for example_sla_dag to 2025-07-08 10:06:00+00:00, run_after=2025-07-08 10:08:00+00:00
[2025-07-08T10:08:20.142+0000] {processor.py:183} INFO - Processing /home/airflow/.local/lib/python3.8/site-packages/airflow/example_dags/example_sla_dag.py took 0.265 seconds
[2025-07-08T10:08:50.706+0000] {processor.py:161} INFO - Started process (PID=8145) to work on /home/airflow/.local/lib/python3.8/site-packages/airflow/example_dags/example_sla_dag.py
[2025-07-08T10:08:50.708+0000] {processor.py:830} INFO - Processing file /home/airflow/.local/lib/python3.8/site-packages/airflow/example_dags/example_sla_dag.py for tasks to queue
[2025-07-08T10:08:50.712+0000] {logging_mixin.py:188} INFO - [2025-07-08T10:08:50.711+0000] {dagbag.py:538} INFO - Filling up the DagBag from /home/airflow/.local/lib/python3.8/site-packages/airflow/example_dags/example_sla_dag.py
[2025-07-08T10:08:50.808+0000] {processor.py:840} INFO - DAG(s) 'example_sla_dag' retrieved from /home/airflow/.local/lib/python3.8/site-packages/airflow/example_dags/example_sla_dag.py
[2025-07-08T10:08:50.889+0000] {logging_mixin.py:188} INFO - [2025-07-08T10:08:50.889+0000] {dag.py:3036} INFO - Sync 1 DAGs
[2025-07-08T10:08:50.997+0000] {logging_mixin.py:188} INFO - [2025-07-08T10:08:50.996+0000] {dag.py:3823} INFO - Setting next_dagrun for example_sla_dag to 2025-07-08 10:06:00+00:00, run_after=2025-07-08 10:08:00+00:00
[2025-07-08T10:08:51.031+0000] {processor.py:183} INFO - Processing /home/airflow/.local/lib/python3.8/site-packages/airflow/example_dags/example_sla_dag.py took 0.357 seconds
[2025-07-08T10:09:22.120+0000] {processor.py:161} INFO - Started process (PID=8211) to work on /home/airflow/.local/lib/python3.8/site-packages/airflow/example_dags/example_sla_dag.py
[2025-07-08T10:09:22.121+0000] {processor.py:830} INFO - Processing file /home/airflow/.local/lib/python3.8/site-packages/airflow/example_dags/example_sla_dag.py for tasks to queue
[2025-07-08T10:09:22.132+0000] {logging_mixin.py:188} INFO - [2025-07-08T10:09:22.124+0000] {dagbag.py:538} INFO - Filling up the DagBag from /home/airflow/.local/lib/python3.8/site-packages/airflow/example_dags/example_sla_dag.py
[2025-07-08T10:09:22.149+0000] {processor.py:840} INFO - DAG(s) 'example_sla_dag' retrieved from /home/airflow/.local/lib/python3.8/site-packages/airflow/example_dags/example_sla_dag.py
[2025-07-08T10:09:22.184+0000] {logging_mixin.py:188} INFO - [2025-07-08T10:09:22.184+0000] {dag.py:3036} INFO - Sync 1 DAGs
[2025-07-08T10:09:22.234+0000] {logging_mixin.py:188} INFO - [2025-07-08T10:09:22.233+0000] {dag.py:3823} INFO - Setting next_dagrun for example_sla_dag to 2025-07-08 10:06:00+00:00, run_after=2025-07-08 10:08:00+00:00
[2025-07-08T10:09:22.263+0000] {processor.py:183} INFO - Processing /home/airflow/.local/lib/python3.8/site-packages/airflow/example_dags/example_sla_dag.py took 0.149 seconds
[2025-07-08T10:09:52.333+0000] {processor.py:161} INFO - Started process (PID=8277) to work on /home/airflow/.local/lib/python3.8/site-packages/airflow/example_dags/example_sla_dag.py
[2025-07-08T10:09:52.337+0000] {processor.py:830} INFO - Processing file /home/airflow/.local/lib/python3.8/site-packages/airflow/example_dags/example_sla_dag.py for tasks to queue
[2025-07-08T10:09:52.342+0000] {logging_mixin.py:188} INFO - [2025-07-08T10:09:52.341+0000] {dagbag.py:538} INFO - Filling up the DagBag from /home/airflow/.local/lib/python3.8/site-packages/airflow/example_dags/example_sla_dag.py
[2025-07-08T10:09:52.453+0000] {processor.py:840} INFO - DAG(s) 'example_sla_dag' retrieved from /home/airflow/.local/lib/python3.8/site-packages/airflow/example_dags/example_sla_dag.py
[2025-07-08T10:09:52.606+0000] {logging_mixin.py:188} INFO - [2025-07-08T10:09:52.606+0000] {dag.py:3036} INFO - Sync 1 DAGs
[2025-07-08T10:09:52.711+0000] {logging_mixin.py:188} INFO - [2025-07-08T10:09:52.711+0000] {dag.py:3823} INFO - Setting next_dagrun for example_sla_dag to 2025-07-08 10:06:00+00:00, run_after=2025-07-08 10:08:00+00:00
[2025-07-08T10:09:52.748+0000] {processor.py:183} INFO - Processing /home/airflow/.local/lib/python3.8/site-packages/airflow/example_dags/example_sla_dag.py took 0.423 seconds
[2025-07-08T10:10:23.624+0000] {processor.py:161} INFO - Started process (PID=8346) to work on /home/airflow/.local/lib/python3.8/site-packages/airflow/example_dags/example_sla_dag.py
[2025-07-08T10:10:23.625+0000] {processor.py:830} INFO - Processing file /home/airflow/.local/lib/python3.8/site-packages/airflow/example_dags/example_sla_dag.py for tasks to queue
[2025-07-08T10:10:23.629+0000] {logging_mixin.py:188} INFO - [2025-07-08T10:10:23.628+0000] {dagbag.py:538} INFO - Filling up the DagBag from /home/airflow/.local/lib/python3.8/site-packages/airflow/example_dags/example_sla_dag.py
[2025-07-08T10:10:23.669+0000] {processor.py:840} INFO - DAG(s) 'example_sla_dag' retrieved from /home/airflow/.local/lib/python3.8/site-packages/airflow/example_dags/example_sla_dag.py
[2025-07-08T10:10:23.760+0000] {logging_mixin.py:188} INFO - [2025-07-08T10:10:23.760+0000] {dag.py:3036} INFO - Sync 1 DAGs
[2025-07-08T10:10:23.864+0000] {logging_mixin.py:188} INFO - [2025-07-08T10:10:23.863+0000] {dag.py:3823} INFO - Setting next_dagrun for example_sla_dag to 2025-07-08 10:08:00+00:00, run_after=2025-07-08 10:10:00+00:00
[2025-07-08T10:10:23.898+0000] {processor.py:183} INFO - Processing /home/airflow/.local/lib/python3.8/site-packages/airflow/example_dags/example_sla_dag.py took 0.282 seconds
[2025-07-08T10:10:54.140+0000] {processor.py:161} INFO - Started process (PID=8413) to work on /home/airflow/.local/lib/python3.8/site-packages/airflow/example_dags/example_sla_dag.py
[2025-07-08T10:10:54.142+0000] {processor.py:830} INFO - Processing file /home/airflow/.local/lib/python3.8/site-packages/airflow/example_dags/example_sla_dag.py for tasks to queue
[2025-07-08T10:10:54.145+0000] {logging_mixin.py:188} INFO - [2025-07-08T10:10:54.144+0000] {dagbag.py:538} INFO - Filling up the DagBag from /home/airflow/.local/lib/python3.8/site-packages/airflow/example_dags/example_sla_dag.py
[2025-07-08T10:10:54.161+0000] {processor.py:840} INFO - DAG(s) 'example_sla_dag' retrieved from /home/airflow/.local/lib/python3.8/site-packages/airflow/example_dags/example_sla_dag.py
[2025-07-08T10:10:54.198+0000] {logging_mixin.py:188} INFO - [2025-07-08T10:10:54.198+0000] {dag.py:3036} INFO - Sync 1 DAGs
[2025-07-08T10:10:54.251+0000] {logging_mixin.py:188} INFO - [2025-07-08T10:10:54.251+0000] {dag.py:3823} INFO - Setting next_dagrun for example_sla_dag to 2025-07-08 10:08:00+00:00, run_after=2025-07-08 10:10:00+00:00
[2025-07-08T10:10:54.285+0000] {processor.py:183} INFO - Processing /home/airflow/.local/lib/python3.8/site-packages/airflow/example_dags/example_sla_dag.py took 0.150 seconds
[2025-07-08T10:11:25.320+0000] {processor.py:161} INFO - Started process (PID=8481) to work on /home/airflow/.local/lib/python3.8/site-packages/airflow/example_dags/example_sla_dag.py
[2025-07-08T10:11:25.321+0000] {processor.py:830} INFO - Processing file /home/airflow/.local/lib/python3.8/site-packages/airflow/example_dags/example_sla_dag.py for tasks to queue
[2025-07-08T10:11:25.329+0000] {logging_mixin.py:188} INFO - [2025-07-08T10:11:25.328+0000] {dagbag.py:538} INFO - Filling up the DagBag from /home/airflow/.local/lib/python3.8/site-packages/airflow/example_dags/example_sla_dag.py
[2025-07-08T10:11:25.372+0000] {processor.py:840} INFO - DAG(s) 'example_sla_dag' retrieved from /home/airflow/.local/lib/python3.8/site-packages/airflow/example_dags/example_sla_dag.py
[2025-07-08T10:11:25.448+0000] {logging_mixin.py:188} INFO - [2025-07-08T10:11:25.447+0000] {dag.py:3036} INFO - Sync 1 DAGs
[2025-07-08T10:11:25.581+0000] {logging_mixin.py:188} INFO - [2025-07-08T10:11:25.580+0000] {dag.py:3823} INFO - Setting next_dagrun for example_sla_dag to 2025-07-08 10:08:00+00:00, run_after=2025-07-08 10:10:00+00:00
[2025-07-08T10:11:25.648+0000] {processor.py:183} INFO - Processing /home/airflow/.local/lib/python3.8/site-packages/airflow/example_dags/example_sla_dag.py took 0.347 seconds
[2025-07-08T10:11:56.703+0000] {processor.py:161} INFO - Started process (PID=8550) to work on /home/airflow/.local/lib/python3.8/site-packages/airflow/example_dags/example_sla_dag.py
[2025-07-08T10:11:56.724+0000] {processor.py:830} INFO - Processing file /home/airflow/.local/lib/python3.8/site-packages/airflow/example_dags/example_sla_dag.py for tasks to queue
[2025-07-08T10:11:56.739+0000] {logging_mixin.py:188} INFO - [2025-07-08T10:11:56.738+0000] {dagbag.py:538} INFO - Filling up the DagBag from /home/airflow/.local/lib/python3.8/site-packages/airflow/example_dags/example_sla_dag.py
[2025-07-08T10:11:56.856+0000] {processor.py:840} INFO - DAG(s) 'example_sla_dag' retrieved from /home/airflow/.local/lib/python3.8/site-packages/airflow/example_dags/example_sla_dag.py
[2025-07-08T10:11:56.974+0000] {logging_mixin.py:188} INFO - [2025-07-08T10:11:56.973+0000] {dag.py:3036} INFO - Sync 1 DAGs
[2025-07-08T10:11:57.116+0000] {logging_mixin.py:188} INFO - [2025-07-08T10:11:57.116+0000] {dag.py:3823} INFO - Setting next_dagrun for example_sla_dag to 2025-07-08 10:08:00+00:00, run_after=2025-07-08 10:10:00+00:00
[2025-07-08T10:11:57.218+0000] {processor.py:183} INFO - Processing /home/airflow/.local/lib/python3.8/site-packages/airflow/example_dags/example_sla_dag.py took 0.575 seconds
[2025-07-08T10:12:27.659+0000] {processor.py:161} INFO - Started process (PID=8610) to work on /home/airflow/.local/lib/python3.8/site-packages/airflow/example_dags/example_sla_dag.py
[2025-07-08T10:12:27.662+0000] {processor.py:830} INFO - Processing file /home/airflow/.local/lib/python3.8/site-packages/airflow/example_dags/example_sla_dag.py for tasks to queue
[2025-07-08T10:12:27.665+0000] {logging_mixin.py:188} INFO - [2025-07-08T10:12:27.664+0000] {dagbag.py:538} INFO - Filling up the DagBag from /home/airflow/.local/lib/python3.8/site-packages/airflow/example_dags/example_sla_dag.py
[2025-07-08T10:12:27.739+0000] {processor.py:840} INFO - DAG(s) 'example_sla_dag' retrieved from /home/airflow/.local/lib/python3.8/site-packages/airflow/example_dags/example_sla_dag.py
[2025-07-08T10:12:27.930+0000] {logging_mixin.py:188} INFO - [2025-07-08T10:12:27.929+0000] {dag.py:3036} INFO - Sync 1 DAGs
[2025-07-08T10:12:28.052+0000] {logging_mixin.py:188} INFO - [2025-07-08T10:12:28.051+0000] {dag.py:3823} INFO - Setting next_dagrun for example_sla_dag to 2025-07-08 10:10:00+00:00, run_after=2025-07-08 10:12:00+00:00
[2025-07-08T10:12:28.170+0000] {processor.py:183} INFO - Processing /home/airflow/.local/lib/python3.8/site-packages/airflow/example_dags/example_sla_dag.py took 0.517 seconds
[2025-07-08T10:12:58.498+0000] {processor.py:161} INFO - Started process (PID=8676) to work on /home/airflow/.local/lib/python3.8/site-packages/airflow/example_dags/example_sla_dag.py
[2025-07-08T10:12:58.499+0000] {processor.py:830} INFO - Processing file /home/airflow/.local/lib/python3.8/site-packages/airflow/example_dags/example_sla_dag.py for tasks to queue
[2025-07-08T10:12:58.503+0000] {logging_mixin.py:188} INFO - [2025-07-08T10:12:58.502+0000] {dagbag.py:538} INFO - Filling up the DagBag from /home/airflow/.local/lib/python3.8/site-packages/airflow/example_dags/example_sla_dag.py
[2025-07-08T10:12:58.520+0000] {processor.py:840} INFO - DAG(s) 'example_sla_dag' retrieved from /home/airflow/.local/lib/python3.8/site-packages/airflow/example_dags/example_sla_dag.py
[2025-07-08T10:12:58.563+0000] {logging_mixin.py:188} INFO - [2025-07-08T10:12:58.562+0000] {dag.py:3036} INFO - Sync 1 DAGs
[2025-07-08T10:12:58.625+0000] {logging_mixin.py:188} INFO - [2025-07-08T10:12:58.624+0000] {dag.py:3823} INFO - Setting next_dagrun for example_sla_dag to 2025-07-08 10:10:00+00:00, run_after=2025-07-08 10:12:00+00:00
[2025-07-08T10:12:58.658+0000] {processor.py:183} INFO - Processing /home/airflow/.local/lib/python3.8/site-packages/airflow/example_dags/example_sla_dag.py took 0.167 seconds
[2025-07-08T10:13:29.571+0000] {processor.py:161} INFO - Started process (PID=8747) to work on /home/airflow/.local/lib/python3.8/site-packages/airflow/example_dags/example_sla_dag.py
[2025-07-08T10:13:29.573+0000] {processor.py:830} INFO - Processing file /home/airflow/.local/lib/python3.8/site-packages/airflow/example_dags/example_sla_dag.py for tasks to queue
[2025-07-08T10:13:29.577+0000] {logging_mixin.py:188} INFO - [2025-07-08T10:13:29.577+0000] {dagbag.py:538} INFO - Filling up the DagBag from /home/airflow/.local/lib/python3.8/site-packages/airflow/example_dags/example_sla_dag.py
[2025-07-08T10:13:29.592+0000] {processor.py:840} INFO - DAG(s) 'example_sla_dag' retrieved from /home/airflow/.local/lib/python3.8/site-packages/airflow/example_dags/example_sla_dag.py
[2025-07-08T10:13:29.632+0000] {logging_mixin.py:188} INFO - [2025-07-08T10:13:29.632+0000] {dag.py:3036} INFO - Sync 1 DAGs
[2025-07-08T10:13:29.681+0000] {logging_mixin.py:188} INFO - [2025-07-08T10:13:29.681+0000] {dag.py:3823} INFO - Setting next_dagrun for example_sla_dag to 2025-07-08 10:10:00+00:00, run_after=2025-07-08 10:12:00+00:00
[2025-07-08T10:13:29.949+0000] {processor.py:183} INFO - Processing /home/airflow/.local/lib/python3.8/site-packages/airflow/example_dags/example_sla_dag.py took 0.384 seconds
[2025-07-08T10:14:00.140+0000] {processor.py:161} INFO - Started process (PID=8816) to work on /home/airflow/.local/lib/python3.8/site-packages/airflow/example_dags/example_sla_dag.py
[2025-07-08T10:14:00.141+0000] {processor.py:830} INFO - Processing file /home/airflow/.local/lib/python3.8/site-packages/airflow/example_dags/example_sla_dag.py for tasks to queue
[2025-07-08T10:14:00.151+0000] {logging_mixin.py:188} INFO - [2025-07-08T10:14:00.150+0000] {dagbag.py:538} INFO - Filling up the DagBag from /home/airflow/.local/lib/python3.8/site-packages/airflow/example_dags/example_sla_dag.py
[2025-07-08T10:14:00.188+0000] {processor.py:840} INFO - DAG(s) 'example_sla_dag' retrieved from /home/airflow/.local/lib/python3.8/site-packages/airflow/example_dags/example_sla_dag.py
[2025-07-08T10:14:00.246+0000] {logging_mixin.py:188} INFO - [2025-07-08T10:14:00.245+0000] {dag.py:3036} INFO - Sync 1 DAGs
[2025-07-08T10:14:00.359+0000] {logging_mixin.py:188} INFO - [2025-07-08T10:14:00.359+0000] {dag.py:3823} INFO - Setting next_dagrun for example_sla_dag to 2025-07-08 10:12:00+00:00, run_after=2025-07-08 10:14:00+00:00
[2025-07-08T10:14:01.292+0000] {processor.py:183} INFO - Processing /home/airflow/.local/lib/python3.8/site-packages/airflow/example_dags/example_sla_dag.py took 1.167 seconds
[2025-07-08T10:14:31.719+0000] {processor.py:161} INFO - Started process (PID=8876) to work on /home/airflow/.local/lib/python3.8/site-packages/airflow/example_dags/example_sla_dag.py
[2025-07-08T10:14:31.721+0000] {processor.py:830} INFO - Processing file /home/airflow/.local/lib/python3.8/site-packages/airflow/example_dags/example_sla_dag.py for tasks to queue
[2025-07-08T10:14:31.724+0000] {logging_mixin.py:188} INFO - [2025-07-08T10:14:31.723+0000] {dagbag.py:538} INFO - Filling up the DagBag from /home/airflow/.local/lib/python3.8/site-packages/airflow/example_dags/example_sla_dag.py
[2025-07-08T10:14:31.741+0000] {processor.py:840} INFO - DAG(s) 'example_sla_dag' retrieved from /home/airflow/.local/lib/python3.8/site-packages/airflow/example_dags/example_sla_dag.py
[2025-07-08T10:14:31.778+0000] {logging_mixin.py:188} INFO - [2025-07-08T10:14:31.777+0000] {dag.py:3036} INFO - Sync 1 DAGs
[2025-07-08T10:14:31.836+0000] {logging_mixin.py:188} INFO - [2025-07-08T10:14:31.836+0000] {dag.py:3823} INFO - Setting next_dagrun for example_sla_dag to 2025-07-08 10:12:00+00:00, run_after=2025-07-08 10:14:00+00:00
[2025-07-08T10:14:31.871+0000] {processor.py:183} INFO - Processing /home/airflow/.local/lib/python3.8/site-packages/airflow/example_dags/example_sla_dag.py took 0.162 seconds
[2025-07-08T10:15:02.755+0000] {processor.py:161} INFO - Started process (PID=8942) to work on /home/airflow/.local/lib/python3.8/site-packages/airflow/example_dags/example_sla_dag.py
[2025-07-08T10:15:02.770+0000] {processor.py:830} INFO - Processing file /home/airflow/.local/lib/python3.8/site-packages/airflow/example_dags/example_sla_dag.py for tasks to queue
[2025-07-08T10:15:02.773+0000] {logging_mixin.py:188} INFO - [2025-07-08T10:15:02.772+0000] {dagbag.py:538} INFO - Filling up the DagBag from /home/airflow/.local/lib/python3.8/site-packages/airflow/example_dags/example_sla_dag.py
[2025-07-08T10:15:02.851+0000] {processor.py:840} INFO - DAG(s) 'example_sla_dag' retrieved from /home/airflow/.local/lib/python3.8/site-packages/airflow/example_dags/example_sla_dag.py
[2025-07-08T10:15:02.944+0000] {logging_mixin.py:188} INFO - [2025-07-08T10:15:02.943+0000] {dag.py:3036} INFO - Sync 1 DAGs
[2025-07-08T10:15:03.063+0000] {logging_mixin.py:188} INFO - [2025-07-08T10:15:03.062+0000] {dag.py:3823} INFO - Setting next_dagrun for example_sla_dag to 2025-07-08 10:12:00+00:00, run_after=2025-07-08 10:14:00+00:00
[2025-07-08T10:15:03.141+0000] {processor.py:183} INFO - Processing /home/airflow/.local/lib/python3.8/site-packages/airflow/example_dags/example_sla_dag.py took 0.395 seconds
[2025-07-08T10:15:36.163+0000] {processor.py:161} INFO - Started process (PID=9013) to work on /home/airflow/.local/lib/python3.8/site-packages/airflow/example_dags/example_sla_dag.py
[2025-07-08T10:15:36.164+0000] {processor.py:830} INFO - Processing file /home/airflow/.local/lib/python3.8/site-packages/airflow/example_dags/example_sla_dag.py for tasks to queue
[2025-07-08T10:15:36.167+0000] {logging_mixin.py:188} INFO - [2025-07-08T10:15:36.167+0000] {dagbag.py:538} INFO - Filling up the DagBag from /home/airflow/.local/lib/python3.8/site-packages/airflow/example_dags/example_sla_dag.py
[2025-07-08T10:15:36.186+0000] {processor.py:840} INFO - DAG(s) 'example_sla_dag' retrieved from /home/airflow/.local/lib/python3.8/site-packages/airflow/example_dags/example_sla_dag.py
[2025-07-08T10:15:36.241+0000] {logging_mixin.py:188} INFO - [2025-07-08T10:15:36.240+0000] {dag.py:3036} INFO - Sync 1 DAGs
[2025-07-08T10:15:36.367+0000] {logging_mixin.py:188} INFO - [2025-07-08T10:15:36.366+0000] {dag.py:3823} INFO - Setting next_dagrun for example_sla_dag to 2025-07-08 10:12:00+00:00, run_after=2025-07-08 10:14:00+00:00
[2025-07-08T10:15:36.759+0000] {processor.py:183} INFO - Processing /home/airflow/.local/lib/python3.8/site-packages/airflow/example_dags/example_sla_dag.py took 0.603 seconds
[2025-07-08T10:16:07.362+0000] {processor.py:161} INFO - Started process (PID=9078) to work on /home/airflow/.local/lib/python3.8/site-packages/airflow/example_dags/example_sla_dag.py
[2025-07-08T10:16:07.376+0000] {processor.py:830} INFO - Processing file /home/airflow/.local/lib/python3.8/site-packages/airflow/example_dags/example_sla_dag.py for tasks to queue
[2025-07-08T10:16:07.394+0000] {logging_mixin.py:188} INFO - [2025-07-08T10:16:07.392+0000] {dagbag.py:538} INFO - Filling up the DagBag from /home/airflow/.local/lib/python3.8/site-packages/airflow/example_dags/example_sla_dag.py
[2025-07-08T10:16:07.489+0000] {processor.py:840} INFO - DAG(s) 'example_sla_dag' retrieved from /home/airflow/.local/lib/python3.8/site-packages/airflow/example_dags/example_sla_dag.py
[2025-07-08T10:16:07.629+0000] {logging_mixin.py:188} INFO - [2025-07-08T10:16:07.628+0000] {dag.py:3036} INFO - Sync 1 DAGs
[2025-07-08T10:16:07.846+0000] {logging_mixin.py:188} INFO - [2025-07-08T10:16:07.846+0000] {dag.py:3823} INFO - Setting next_dagrun for example_sla_dag to 2025-07-08 10:14:00+00:00, run_after=2025-07-08 10:16:00+00:00
[2025-07-08T10:16:08.940+0000] {processor.py:183} INFO - Processing /home/airflow/.local/lib/python3.8/site-packages/airflow/example_dags/example_sla_dag.py took 1.596 seconds
[2025-07-08T10:16:39.087+0000] {processor.py:161} INFO - Started process (PID=9140) to work on /home/airflow/.local/lib/python3.8/site-packages/airflow/example_dags/example_sla_dag.py
[2025-07-08T10:16:39.089+0000] {processor.py:830} INFO - Processing file /home/airflow/.local/lib/python3.8/site-packages/airflow/example_dags/example_sla_dag.py for tasks to queue
[2025-07-08T10:16:39.094+0000] {logging_mixin.py:188} INFO - [2025-07-08T10:16:39.092+0000] {dagbag.py:538} INFO - Filling up the DagBag from /home/airflow/.local/lib/python3.8/site-packages/airflow/example_dags/example_sla_dag.py
[2025-07-08T10:16:39.112+0000] {processor.py:840} INFO - DAG(s) 'example_sla_dag' retrieved from /home/airflow/.local/lib/python3.8/site-packages/airflow/example_dags/example_sla_dag.py
[2025-07-08T10:16:39.151+0000] {logging_mixin.py:188} INFO - [2025-07-08T10:16:39.151+0000] {dag.py:3036} INFO - Sync 1 DAGs
[2025-07-08T10:16:39.205+0000] {logging_mixin.py:188} INFO - [2025-07-08T10:16:39.205+0000] {dag.py:3823} INFO - Setting next_dagrun for example_sla_dag to 2025-07-08 10:14:00+00:00, run_after=2025-07-08 10:16:00+00:00
[2025-07-08T10:16:39.578+0000] {processor.py:183} INFO - Processing /home/airflow/.local/lib/python3.8/site-packages/airflow/example_dags/example_sla_dag.py took 0.497 seconds
[2025-07-08T10:17:10.431+0000] {processor.py:161} INFO - Started process (PID=9207) to work on /home/airflow/.local/lib/python3.8/site-packages/airflow/example_dags/example_sla_dag.py
[2025-07-08T10:17:10.444+0000] {processor.py:830} INFO - Processing file /home/airflow/.local/lib/python3.8/site-packages/airflow/example_dags/example_sla_dag.py for tasks to queue
[2025-07-08T10:17:10.447+0000] {logging_mixin.py:188} INFO - [2025-07-08T10:17:10.447+0000] {dagbag.py:538} INFO - Filling up the DagBag from /home/airflow/.local/lib/python3.8/site-packages/airflow/example_dags/example_sla_dag.py
[2025-07-08T10:17:10.482+0000] {processor.py:840} INFO - DAG(s) 'example_sla_dag' retrieved from /home/airflow/.local/lib/python3.8/site-packages/airflow/example_dags/example_sla_dag.py
[2025-07-08T10:17:10.568+0000] {logging_mixin.py:188} INFO - [2025-07-08T10:17:10.568+0000] {dag.py:3036} INFO - Sync 1 DAGs
[2025-07-08T10:17:10.685+0000] {logging_mixin.py:188} INFO - [2025-07-08T10:17:10.684+0000] {dag.py:3823} INFO - Setting next_dagrun for example_sla_dag to 2025-07-08 10:14:00+00:00, run_after=2025-07-08 10:16:00+00:00
[2025-07-08T10:17:10.800+0000] {processor.py:183} INFO - Processing /home/airflow/.local/lib/python3.8/site-packages/airflow/example_dags/example_sla_dag.py took 0.409 seconds
[2025-07-08T10:17:41.800+0000] {processor.py:161} INFO - Started process (PID=9268) to work on /home/airflow/.local/lib/python3.8/site-packages/airflow/example_dags/example_sla_dag.py
[2025-07-08T10:17:41.806+0000] {processor.py:830} INFO - Processing file /home/airflow/.local/lib/python3.8/site-packages/airflow/example_dags/example_sla_dag.py for tasks to queue
[2025-07-08T10:17:41.815+0000] {logging_mixin.py:188} INFO - [2025-07-08T10:17:41.812+0000] {dagbag.py:538} INFO - Filling up the DagBag from /home/airflow/.local/lib/python3.8/site-packages/airflow/example_dags/example_sla_dag.py
[2025-07-08T10:17:41.876+0000] {processor.py:840} INFO - DAG(s) 'example_sla_dag' retrieved from /home/airflow/.local/lib/python3.8/site-packages/airflow/example_dags/example_sla_dag.py
[2025-07-08T10:17:41.977+0000] {logging_mixin.py:188} INFO - [2025-07-08T10:17:41.975+0000] {dag.py:3036} INFO - Sync 1 DAGs
[2025-07-08T10:17:42.219+0000] {logging_mixin.py:188} INFO - [2025-07-08T10:17:42.219+0000] {dag.py:3823} INFO - Setting next_dagrun for example_sla_dag to 2025-07-08 10:14:00+00:00, run_after=2025-07-08 10:16:00+00:00
[2025-07-08T10:17:42.336+0000] {processor.py:183} INFO - Processing /home/airflow/.local/lib/python3.8/site-packages/airflow/example_dags/example_sla_dag.py took 0.542 seconds
[2025-07-08T10:18:12.493+0000] {processor.py:161} INFO - Started process (PID=9335) to work on /home/airflow/.local/lib/python3.8/site-packages/airflow/example_dags/example_sla_dag.py
[2025-07-08T10:18:12.495+0000] {processor.py:830} INFO - Processing file /home/airflow/.local/lib/python3.8/site-packages/airflow/example_dags/example_sla_dag.py for tasks to queue
[2025-07-08T10:18:12.511+0000] {logging_mixin.py:188} INFO - [2025-07-08T10:18:12.509+0000] {dagbag.py:538} INFO - Filling up the DagBag from /home/airflow/.local/lib/python3.8/site-packages/airflow/example_dags/example_sla_dag.py
[2025-07-08T10:18:12.545+0000] {processor.py:840} INFO - DAG(s) 'example_sla_dag' retrieved from /home/airflow/.local/lib/python3.8/site-packages/airflow/example_dags/example_sla_dag.py
[2025-07-08T10:18:12.608+0000] {logging_mixin.py:188} INFO - [2025-07-08T10:18:12.607+0000] {dag.py:3036} INFO - Sync 1 DAGs
[2025-07-08T10:18:12.720+0000] {logging_mixin.py:188} INFO - [2025-07-08T10:18:12.720+0000] {dag.py:3823} INFO - Setting next_dagrun for example_sla_dag to 2025-07-08 10:16:00+00:00, run_after=2025-07-08 10:18:00+00:00
[2025-07-08T10:18:12.790+0000] {processor.py:183} INFO - Processing /home/airflow/.local/lib/python3.8/site-packages/airflow/example_dags/example_sla_dag.py took 0.311 seconds
[2025-07-08T10:18:43.577+0000] {processor.py:161} INFO - Started process (PID=9405) to work on /home/airflow/.local/lib/python3.8/site-packages/airflow/example_dags/example_sla_dag.py
[2025-07-08T10:18:43.581+0000] {processor.py:830} INFO - Processing file /home/airflow/.local/lib/python3.8/site-packages/airflow/example_dags/example_sla_dag.py for tasks to queue
[2025-07-08T10:18:43.587+0000] {logging_mixin.py:188} INFO - [2025-07-08T10:18:43.587+0000] {dagbag.py:538} INFO - Filling up the DagBag from /home/airflow/.local/lib/python3.8/site-packages/airflow/example_dags/example_sla_dag.py
[2025-07-08T10:18:43.609+0000] {processor.py:840} INFO - DAG(s) 'example_sla_dag' retrieved from /home/airflow/.local/lib/python3.8/site-packages/airflow/example_dags/example_sla_dag.py
[2025-07-08T10:18:43.702+0000] {logging_mixin.py:188} INFO - [2025-07-08T10:18:43.702+0000] {dag.py:3036} INFO - Sync 1 DAGs
[2025-07-08T10:18:43.792+0000] {logging_mixin.py:188} INFO - [2025-07-08T10:18:43.792+0000] {dag.py:3823} INFO - Setting next_dagrun for example_sla_dag to 2025-07-08 10:16:00+00:00, run_after=2025-07-08 10:18:00+00:00
[2025-07-08T10:18:43.836+0000] {processor.py:183} INFO - Processing /home/airflow/.local/lib/python3.8/site-packages/airflow/example_dags/example_sla_dag.py took 0.272 seconds
[2025-07-08T10:19:14.735+0000] {processor.py:161} INFO - Started process (PID=9473) to work on /home/airflow/.local/lib/python3.8/site-packages/airflow/example_dags/example_sla_dag.py
[2025-07-08T10:19:14.741+0000] {processor.py:830} INFO - Processing file /home/airflow/.local/lib/python3.8/site-packages/airflow/example_dags/example_sla_dag.py for tasks to queue
[2025-07-08T10:19:14.744+0000] {logging_mixin.py:188} INFO - [2025-07-08T10:19:14.743+0000] {dagbag.py:538} INFO - Filling up the DagBag from /home/airflow/.local/lib/python3.8/site-packages/airflow/example_dags/example_sla_dag.py
[2025-07-08T10:19:14.807+0000] {processor.py:840} INFO - DAG(s) 'example_sla_dag' retrieved from /home/airflow/.local/lib/python3.8/site-packages/airflow/example_dags/example_sla_dag.py
[2025-07-08T10:19:14.928+0000] {logging_mixin.py:188} INFO - [2025-07-08T10:19:14.927+0000] {dag.py:3036} INFO - Sync 1 DAGs
[2025-07-08T10:19:15.126+0000] {logging_mixin.py:188} INFO - [2025-07-08T10:19:15.108+0000] {dag.py:3823} INFO - Setting next_dagrun for example_sla_dag to 2025-07-08 10:16:00+00:00, run_after=2025-07-08 10:18:00+00:00
[2025-07-08T10:19:15.284+0000] {processor.py:183} INFO - Processing /home/airflow/.local/lib/python3.8/site-packages/airflow/example_dags/example_sla_dag.py took 0.568 seconds
[2025-07-08T10:19:45.697+0000] {processor.py:161} INFO - Started process (PID=9536) to work on /home/airflow/.local/lib/python3.8/site-packages/airflow/example_dags/example_sla_dag.py
[2025-07-08T10:19:45.716+0000] {processor.py:830} INFO - Processing file /home/airflow/.local/lib/python3.8/site-packages/airflow/example_dags/example_sla_dag.py for tasks to queue
[2025-07-08T10:19:45.719+0000] {logging_mixin.py:188} INFO - [2025-07-08T10:19:45.719+0000] {dagbag.py:538} INFO - Filling up the DagBag from /home/airflow/.local/lib/python3.8/site-packages/airflow/example_dags/example_sla_dag.py
[2025-07-08T10:19:45.810+0000] {processor.py:840} INFO - DAG(s) 'example_sla_dag' retrieved from /home/airflow/.local/lib/python3.8/site-packages/airflow/example_dags/example_sla_dag.py
[2025-07-08T10:19:46.049+0000] {logging_mixin.py:188} INFO - [2025-07-08T10:19:46.048+0000] {dag.py:3036} INFO - Sync 1 DAGs
[2025-07-08T10:19:46.457+0000] {logging_mixin.py:188} INFO - [2025-07-08T10:19:46.457+0000] {dag.py:3823} INFO - Setting next_dagrun for example_sla_dag to 2025-07-08 10:16:00+00:00, run_after=2025-07-08 10:18:00+00:00
[2025-07-08T10:19:46.695+0000] {processor.py:183} INFO - Processing /home/airflow/.local/lib/python3.8/site-packages/airflow/example_dags/example_sla_dag.py took 1.026 seconds
[2025-07-08T10:20:17.358+0000] {processor.py:161} INFO - Started process (PID=9601) to work on /home/airflow/.local/lib/python3.8/site-packages/airflow/example_dags/example_sla_dag.py
[2025-07-08T10:20:17.371+0000] {processor.py:830} INFO - Processing file /home/airflow/.local/lib/python3.8/site-packages/airflow/example_dags/example_sla_dag.py for tasks to queue
[2025-07-08T10:20:17.375+0000] {logging_mixin.py:188} INFO - [2025-07-08T10:20:17.375+0000] {dagbag.py:538} INFO - Filling up the DagBag from /home/airflow/.local/lib/python3.8/site-packages/airflow/example_dags/example_sla_dag.py
[2025-07-08T10:20:17.427+0000] {processor.py:840} INFO - DAG(s) 'example_sla_dag' retrieved from /home/airflow/.local/lib/python3.8/site-packages/airflow/example_dags/example_sla_dag.py
[2025-07-08T10:20:17.481+0000] {logging_mixin.py:188} INFO - [2025-07-08T10:20:17.481+0000] {dag.py:3036} INFO - Sync 1 DAGs
[2025-07-08T10:20:17.551+0000] {logging_mixin.py:188} INFO - [2025-07-08T10:20:17.550+0000] {dag.py:3823} INFO - Setting next_dagrun for example_sla_dag to 2025-07-08 10:18:00+00:00, run_after=2025-07-08 10:20:00+00:00
[2025-07-08T10:20:17.624+0000] {processor.py:183} INFO - Processing /home/airflow/.local/lib/python3.8/site-packages/airflow/example_dags/example_sla_dag.py took 0.285 seconds
[2025-07-08T10:20:47.893+0000] {processor.py:161} INFO - Started process (PID=9670) to work on /home/airflow/.local/lib/python3.8/site-packages/airflow/example_dags/example_sla_dag.py
[2025-07-08T10:20:47.899+0000] {processor.py:830} INFO - Processing file /home/airflow/.local/lib/python3.8/site-packages/airflow/example_dags/example_sla_dag.py for tasks to queue
[2025-07-08T10:20:47.913+0000] {logging_mixin.py:188} INFO - [2025-07-08T10:20:47.912+0000] {dagbag.py:538} INFO - Filling up the DagBag from /home/airflow/.local/lib/python3.8/site-packages/airflow/example_dags/example_sla_dag.py
[2025-07-08T10:20:47.952+0000] {processor.py:840} INFO - DAG(s) 'example_sla_dag' retrieved from /home/airflow/.local/lib/python3.8/site-packages/airflow/example_dags/example_sla_dag.py
[2025-07-08T10:20:47.998+0000] {logging_mixin.py:188} INFO - [2025-07-08T10:20:47.997+0000] {dag.py:3036} INFO - Sync 1 DAGs
[2025-07-08T10:20:48.052+0000] {logging_mixin.py:188} INFO - [2025-07-08T10:20:48.051+0000] {dag.py:3823} INFO - Setting next_dagrun for example_sla_dag to 2025-07-08 10:18:00+00:00, run_after=2025-07-08 10:20:00+00:00
[2025-07-08T10:20:48.085+0000] {processor.py:183} INFO - Processing /home/airflow/.local/lib/python3.8/site-packages/airflow/example_dags/example_sla_dag.py took 0.204 seconds
[2025-07-08T10:21:18.291+0000] {processor.py:161} INFO - Started process (PID=9730) to work on /home/airflow/.local/lib/python3.8/site-packages/airflow/example_dags/example_sla_dag.py
[2025-07-08T10:21:18.292+0000] {processor.py:830} INFO - Processing file /home/airflow/.local/lib/python3.8/site-packages/airflow/example_dags/example_sla_dag.py for tasks to queue
[2025-07-08T10:21:18.296+0000] {logging_mixin.py:188} INFO - [2025-07-08T10:21:18.295+0000] {dagbag.py:538} INFO - Filling up the DagBag from /home/airflow/.local/lib/python3.8/site-packages/airflow/example_dags/example_sla_dag.py
[2025-07-08T10:21:18.329+0000] {processor.py:840} INFO - DAG(s) 'example_sla_dag' retrieved from /home/airflow/.local/lib/python3.8/site-packages/airflow/example_dags/example_sla_dag.py
[2025-07-08T10:21:18.385+0000] {logging_mixin.py:188} INFO - [2025-07-08T10:21:18.385+0000] {dag.py:3036} INFO - Sync 1 DAGs
[2025-07-08T10:21:18.475+0000] {logging_mixin.py:188} INFO - [2025-07-08T10:21:18.475+0000] {dag.py:3823} INFO - Setting next_dagrun for example_sla_dag to 2025-07-08 10:18:00+00:00, run_after=2025-07-08 10:20:00+00:00
[2025-07-08T10:21:18.563+0000] {processor.py:183} INFO - Processing /home/airflow/.local/lib/python3.8/site-packages/airflow/example_dags/example_sla_dag.py took 0.287 seconds
[2025-07-08T10:21:49.879+0000] {processor.py:161} INFO - Started process (PID=9796) to work on /home/airflow/.local/lib/python3.8/site-packages/airflow/example_dags/example_sla_dag.py
[2025-07-08T10:21:49.900+0000] {processor.py:830} INFO - Processing file /home/airflow/.local/lib/python3.8/site-packages/airflow/example_dags/example_sla_dag.py for tasks to queue
[2025-07-08T10:21:49.903+0000] {logging_mixin.py:188} INFO - [2025-07-08T10:21:49.903+0000] {dagbag.py:538} INFO - Filling up the DagBag from /home/airflow/.local/lib/python3.8/site-packages/airflow/example_dags/example_sla_dag.py
[2025-07-08T10:21:49.956+0000] {processor.py:840} INFO - DAG(s) 'example_sla_dag' retrieved from /home/airflow/.local/lib/python3.8/site-packages/airflow/example_dags/example_sla_dag.py
[2025-07-08T10:21:50.038+0000] {logging_mixin.py:188} INFO - [2025-07-08T10:21:50.038+0000] {dag.py:3036} INFO - Sync 1 DAGs
[2025-07-08T10:21:50.129+0000] {logging_mixin.py:188} INFO - [2025-07-08T10:21:50.129+0000] {dag.py:3823} INFO - Setting next_dagrun for example_sla_dag to 2025-07-08 10:18:00+00:00, run_after=2025-07-08 10:20:00+00:00
[2025-07-08T10:21:50.207+0000] {processor.py:183} INFO - Processing /home/airflow/.local/lib/python3.8/site-packages/airflow/example_dags/example_sla_dag.py took 0.338 seconds
[2025-07-08T10:22:21.746+0000] {processor.py:161} INFO - Started process (PID=9863) to work on /home/airflow/.local/lib/python3.8/site-packages/airflow/example_dags/example_sla_dag.py
[2025-07-08T10:22:21.748+0000] {processor.py:830} INFO - Processing file /home/airflow/.local/lib/python3.8/site-packages/airflow/example_dags/example_sla_dag.py for tasks to queue
[2025-07-08T10:22:21.751+0000] {logging_mixin.py:188} INFO - [2025-07-08T10:22:21.750+0000] {dagbag.py:538} INFO - Filling up the DagBag from /home/airflow/.local/lib/python3.8/site-packages/airflow/example_dags/example_sla_dag.py
[2025-07-08T10:22:21.767+0000] {processor.py:840} INFO - DAG(s) 'example_sla_dag' retrieved from /home/airflow/.local/lib/python3.8/site-packages/airflow/example_dags/example_sla_dag.py
[2025-07-08T10:22:21.905+0000] {logging_mixin.py:188} INFO - [2025-07-08T10:22:21.905+0000] {dag.py:3036} INFO - Sync 1 DAGs
[2025-07-08T10:22:22.070+0000] {logging_mixin.py:188} INFO - [2025-07-08T10:22:22.070+0000] {dag.py:3823} INFO - Setting next_dagrun for example_sla_dag to 2025-07-08 10:20:00+00:00, run_after=2025-07-08 10:22:00+00:00
[2025-07-08T10:22:22.200+0000] {processor.py:183} INFO - Processing /home/airflow/.local/lib/python3.8/site-packages/airflow/example_dags/example_sla_dag.py took 0.476 seconds
[2025-07-08T10:22:52.398+0000] {processor.py:161} INFO - Started process (PID=9929) to work on /home/airflow/.local/lib/python3.8/site-packages/airflow/example_dags/example_sla_dag.py
[2025-07-08T10:22:52.400+0000] {processor.py:830} INFO - Processing file /home/airflow/.local/lib/python3.8/site-packages/airflow/example_dags/example_sla_dag.py for tasks to queue
[2025-07-08T10:22:52.404+0000] {logging_mixin.py:188} INFO - [2025-07-08T10:22:52.403+0000] {dagbag.py:538} INFO - Filling up the DagBag from /home/airflow/.local/lib/python3.8/site-packages/airflow/example_dags/example_sla_dag.py
[2025-07-08T10:22:52.420+0000] {processor.py:840} INFO - DAG(s) 'example_sla_dag' retrieved from /home/airflow/.local/lib/python3.8/site-packages/airflow/example_dags/example_sla_dag.py
[2025-07-08T10:22:52.455+0000] {logging_mixin.py:188} INFO - [2025-07-08T10:22:52.454+0000] {dag.py:3036} INFO - Sync 1 DAGs
[2025-07-08T10:22:52.507+0000] {logging_mixin.py:188} INFO - [2025-07-08T10:22:52.507+0000] {dag.py:3823} INFO - Setting next_dagrun for example_sla_dag to 2025-07-08 10:20:00+00:00, run_after=2025-07-08 10:22:00+00:00
[2025-07-08T10:22:52.542+0000] {processor.py:183} INFO - Processing /home/airflow/.local/lib/python3.8/site-packages/airflow/example_dags/example_sla_dag.py took 0.150 seconds
[2025-07-08T10:23:23.075+0000] {processor.py:161} INFO - Started process (PID=9988) to work on /home/airflow/.local/lib/python3.8/site-packages/airflow/example_dags/example_sla_dag.py
[2025-07-08T10:23:23.077+0000] {processor.py:830} INFO - Processing file /home/airflow/.local/lib/python3.8/site-packages/airflow/example_dags/example_sla_dag.py for tasks to queue
[2025-07-08T10:23:23.080+0000] {logging_mixin.py:188} INFO - [2025-07-08T10:23:23.079+0000] {dagbag.py:538} INFO - Filling up the DagBag from /home/airflow/.local/lib/python3.8/site-packages/airflow/example_dags/example_sla_dag.py
[2025-07-08T10:23:23.094+0000] {processor.py:840} INFO - DAG(s) 'example_sla_dag' retrieved from /home/airflow/.local/lib/python3.8/site-packages/airflow/example_dags/example_sla_dag.py
[2025-07-08T10:23:23.129+0000] {logging_mixin.py:188} INFO - [2025-07-08T10:23:23.128+0000] {dag.py:3036} INFO - Sync 1 DAGs
[2025-07-08T10:23:23.174+0000] {logging_mixin.py:188} INFO - [2025-07-08T10:23:23.174+0000] {dag.py:3823} INFO - Setting next_dagrun for example_sla_dag to 2025-07-08 10:20:00+00:00, run_after=2025-07-08 10:22:00+00:00
[2025-07-08T10:23:23.201+0000] {processor.py:183} INFO - Processing /home/airflow/.local/lib/python3.8/site-packages/airflow/example_dags/example_sla_dag.py took 0.133 seconds
[2025-07-08T10:23:53.608+0000] {processor.py:161} INFO - Started process (PID=10056) to work on /home/airflow/.local/lib/python3.8/site-packages/airflow/example_dags/example_sla_dag.py
[2025-07-08T10:23:53.609+0000] {processor.py:830} INFO - Processing file /home/airflow/.local/lib/python3.8/site-packages/airflow/example_dags/example_sla_dag.py for tasks to queue
[2025-07-08T10:23:53.612+0000] {logging_mixin.py:188} INFO - [2025-07-08T10:23:53.612+0000] {dagbag.py:538} INFO - Filling up the DagBag from /home/airflow/.local/lib/python3.8/site-packages/airflow/example_dags/example_sla_dag.py
[2025-07-08T10:23:53.629+0000] {processor.py:840} INFO - DAG(s) 'example_sla_dag' retrieved from /home/airflow/.local/lib/python3.8/site-packages/airflow/example_dags/example_sla_dag.py
[2025-07-08T10:23:53.669+0000] {logging_mixin.py:188} INFO - [2025-07-08T10:23:53.668+0000] {dag.py:3036} INFO - Sync 1 DAGs
[2025-07-08T10:23:53.725+0000] {logging_mixin.py:188} INFO - [2025-07-08T10:23:53.724+0000] {dag.py:3823} INFO - Setting next_dagrun for example_sla_dag to 2025-07-08 10:20:00+00:00, run_after=2025-07-08 10:22:00+00:00
[2025-07-08T10:23:53.758+0000] {processor.py:183} INFO - Processing /home/airflow/.local/lib/python3.8/site-packages/airflow/example_dags/example_sla_dag.py took 0.156 seconds
[2025-07-08T10:24:24.670+0000] {processor.py:161} INFO - Started process (PID=10124) to work on /home/airflow/.local/lib/python3.8/site-packages/airflow/example_dags/example_sla_dag.py
[2025-07-08T10:24:24.684+0000] {processor.py:830} INFO - Processing file /home/airflow/.local/lib/python3.8/site-packages/airflow/example_dags/example_sla_dag.py for tasks to queue
[2025-07-08T10:24:24.687+0000] {logging_mixin.py:188} INFO - [2025-07-08T10:24:24.686+0000] {dagbag.py:538} INFO - Filling up the DagBag from /home/airflow/.local/lib/python3.8/site-packages/airflow/example_dags/example_sla_dag.py
[2025-07-08T10:24:24.740+0000] {processor.py:840} INFO - DAG(s) 'example_sla_dag' retrieved from /home/airflow/.local/lib/python3.8/site-packages/airflow/example_dags/example_sla_dag.py
[2025-07-08T10:24:24.873+0000] {logging_mixin.py:188} INFO - [2025-07-08T10:24:24.873+0000] {dag.py:3036} INFO - Sync 1 DAGs
[2025-07-08T10:24:25.173+0000] {logging_mixin.py:188} INFO - [2025-07-08T10:24:25.172+0000] {dag.py:3823} INFO - Setting next_dagrun for example_sla_dag to 2025-07-08 10:22:00+00:00, run_after=2025-07-08 10:24:00+00:00
[2025-07-08T10:24:25.305+0000] {processor.py:183} INFO - Processing /home/airflow/.local/lib/python3.8/site-packages/airflow/example_dags/example_sla_dag.py took 0.653 seconds
[2025-07-08T10:24:55.793+0000] {processor.py:161} INFO - Started process (PID=10183) to work on /home/airflow/.local/lib/python3.8/site-packages/airflow/example_dags/example_sla_dag.py
[2025-07-08T10:24:55.798+0000] {processor.py:830} INFO - Processing file /home/airflow/.local/lib/python3.8/site-packages/airflow/example_dags/example_sla_dag.py for tasks to queue
[2025-07-08T10:24:55.805+0000] {logging_mixin.py:188} INFO - [2025-07-08T10:24:55.801+0000] {dagbag.py:538} INFO - Filling up the DagBag from /home/airflow/.local/lib/python3.8/site-packages/airflow/example_dags/example_sla_dag.py
[2025-07-08T10:24:55.827+0000] {processor.py:840} INFO - DAG(s) 'example_sla_dag' retrieved from /home/airflow/.local/lib/python3.8/site-packages/airflow/example_dags/example_sla_dag.py
[2025-07-08T10:24:55.890+0000] {logging_mixin.py:188} INFO - [2025-07-08T10:24:55.889+0000] {dag.py:3036} INFO - Sync 1 DAGs
[2025-07-08T10:24:55.970+0000] {logging_mixin.py:188} INFO - [2025-07-08T10:24:55.970+0000] {dag.py:3823} INFO - Setting next_dagrun for example_sla_dag to 2025-07-08 10:22:00+00:00, run_after=2025-07-08 10:24:00+00:00
[2025-07-08T10:24:56.002+0000] {processor.py:183} INFO - Processing /home/airflow/.local/lib/python3.8/site-packages/airflow/example_dags/example_sla_dag.py took 0.223 seconds
[2025-07-08T10:25:26.241+0000] {processor.py:161} INFO - Started process (PID=10250) to work on /home/airflow/.local/lib/python3.8/site-packages/airflow/example_dags/example_sla_dag.py
[2025-07-08T10:25:26.242+0000] {processor.py:830} INFO - Processing file /home/airflow/.local/lib/python3.8/site-packages/airflow/example_dags/example_sla_dag.py for tasks to queue
[2025-07-08T10:25:26.246+0000] {logging_mixin.py:188} INFO - [2025-07-08T10:25:26.245+0000] {dagbag.py:538} INFO - Filling up the DagBag from /home/airflow/.local/lib/python3.8/site-packages/airflow/example_dags/example_sla_dag.py
[2025-07-08T10:25:26.263+0000] {processor.py:840} INFO - DAG(s) 'example_sla_dag' retrieved from /home/airflow/.local/lib/python3.8/site-packages/airflow/example_dags/example_sla_dag.py
[2025-07-08T10:25:26.313+0000] {logging_mixin.py:188} INFO - [2025-07-08T10:25:26.313+0000] {dag.py:3036} INFO - Sync 1 DAGs
[2025-07-08T10:25:26.380+0000] {logging_mixin.py:188} INFO - [2025-07-08T10:25:26.379+0000] {dag.py:3823} INFO - Setting next_dagrun for example_sla_dag to 2025-07-08 10:22:00+00:00, run_after=2025-07-08 10:24:00+00:00
[2025-07-08T10:25:26.410+0000] {processor.py:183} INFO - Processing /home/airflow/.local/lib/python3.8/site-packages/airflow/example_dags/example_sla_dag.py took 0.178 seconds
[2025-07-08T10:25:58.707+0000] {processor.py:161} INFO - Started process (PID=10316) to work on /home/airflow/.local/lib/python3.8/site-packages/airflow/example_dags/example_sla_dag.py
[2025-07-08T10:25:58.717+0000] {processor.py:830} INFO - Processing file /home/airflow/.local/lib/python3.8/site-packages/airflow/example_dags/example_sla_dag.py for tasks to queue
[2025-07-08T10:25:58.720+0000] {logging_mixin.py:188} INFO - [2025-07-08T10:25:58.720+0000] {dagbag.py:538} INFO - Filling up the DagBag from /home/airflow/.local/lib/python3.8/site-packages/airflow/example_dags/example_sla_dag.py
[2025-07-08T10:25:58.757+0000] {processor.py:840} INFO - DAG(s) 'example_sla_dag' retrieved from /home/airflow/.local/lib/python3.8/site-packages/airflow/example_dags/example_sla_dag.py
[2025-07-08T10:25:58.841+0000] {logging_mixin.py:188} INFO - [2025-07-08T10:25:58.840+0000] {dag.py:3036} INFO - Sync 1 DAGs
[2025-07-08T10:25:58.962+0000] {logging_mixin.py:188} INFO - [2025-07-08T10:25:58.962+0000] {dag.py:3823} INFO - Setting next_dagrun for example_sla_dag to 2025-07-08 10:22:00+00:00, run_after=2025-07-08 10:24:00+00:00
[2025-07-08T10:25:59.044+0000] {processor.py:183} INFO - Processing /home/airflow/.local/lib/python3.8/site-packages/airflow/example_dags/example_sla_dag.py took 0.344 seconds
[2025-07-08T10:26:29.385+0000] {processor.py:161} INFO - Started process (PID=10376) to work on /home/airflow/.local/lib/python3.8/site-packages/airflow/example_dags/example_sla_dag.py
[2025-07-08T10:26:29.386+0000] {processor.py:830} INFO - Processing file /home/airflow/.local/lib/python3.8/site-packages/airflow/example_dags/example_sla_dag.py for tasks to queue
[2025-07-08T10:26:29.392+0000] {logging_mixin.py:188} INFO - [2025-07-08T10:26:29.392+0000] {dagbag.py:538} INFO - Filling up the DagBag from /home/airflow/.local/lib/python3.8/site-packages/airflow/example_dags/example_sla_dag.py
[2025-07-08T10:26:29.416+0000] {processor.py:840} INFO - DAG(s) 'example_sla_dag' retrieved from /home/airflow/.local/lib/python3.8/site-packages/airflow/example_dags/example_sla_dag.py
[2025-07-08T10:26:29.513+0000] {logging_mixin.py:188} INFO - [2025-07-08T10:26:29.513+0000] {dag.py:3036} INFO - Sync 1 DAGs
[2025-07-08T10:26:29.607+0000] {logging_mixin.py:188} INFO - [2025-07-08T10:26:29.607+0000] {dag.py:3823} INFO - Setting next_dagrun for example_sla_dag to 2025-07-08 10:24:00+00:00, run_after=2025-07-08 10:26:00+00:00
[2025-07-08T10:26:29.641+0000] {processor.py:183} INFO - Processing /home/airflow/.local/lib/python3.8/site-packages/airflow/example_dags/example_sla_dag.py took 0.271 seconds
[2025-07-08T10:27:01.172+0000] {processor.py:161} INFO - Started process (PID=10444) to work on /home/airflow/.local/lib/python3.8/site-packages/airflow/example_dags/example_sla_dag.py
[2025-07-08T10:27:01.180+0000] {processor.py:830} INFO - Processing file /home/airflow/.local/lib/python3.8/site-packages/airflow/example_dags/example_sla_dag.py for tasks to queue
[2025-07-08T10:27:01.183+0000] {logging_mixin.py:188} INFO - [2025-07-08T10:27:01.183+0000] {dagbag.py:538} INFO - Filling up the DagBag from /home/airflow/.local/lib/python3.8/site-packages/airflow/example_dags/example_sla_dag.py
[2025-07-08T10:27:01.213+0000] {processor.py:840} INFO - DAG(s) 'example_sla_dag' retrieved from /home/airflow/.local/lib/python3.8/site-packages/airflow/example_dags/example_sla_dag.py
[2025-07-08T10:27:01.293+0000] {logging_mixin.py:188} INFO - [2025-07-08T10:27:01.293+0000] {dag.py:3036} INFO - Sync 1 DAGs
[2025-07-08T10:27:01.416+0000] {logging_mixin.py:188} INFO - [2025-07-08T10:27:01.408+0000] {dag.py:3823} INFO - Setting next_dagrun for example_sla_dag to 2025-07-08 10:24:00+00:00, run_after=2025-07-08 10:26:00+00:00
[2025-07-08T10:27:01.482+0000] {processor.py:183} INFO - Processing /home/airflow/.local/lib/python3.8/site-packages/airflow/example_dags/example_sla_dag.py took 0.324 seconds
[2025-07-08T10:27:31.835+0000] {processor.py:161} INFO - Started process (PID=10509) to work on /home/airflow/.local/lib/python3.8/site-packages/airflow/example_dags/example_sla_dag.py
[2025-07-08T10:27:31.836+0000] {processor.py:830} INFO - Processing file /home/airflow/.local/lib/python3.8/site-packages/airflow/example_dags/example_sla_dag.py for tasks to queue
[2025-07-08T10:27:31.840+0000] {logging_mixin.py:188} INFO - [2025-07-08T10:27:31.839+0000] {dagbag.py:538} INFO - Filling up the DagBag from /home/airflow/.local/lib/python3.8/site-packages/airflow/example_dags/example_sla_dag.py
[2025-07-08T10:27:31.856+0000] {processor.py:840} INFO - DAG(s) 'example_sla_dag' retrieved from /home/airflow/.local/lib/python3.8/site-packages/airflow/example_dags/example_sla_dag.py
[2025-07-08T10:27:31.901+0000] {logging_mixin.py:188} INFO - [2025-07-08T10:27:31.900+0000] {dag.py:3036} INFO - Sync 1 DAGs
[2025-07-08T10:27:31.956+0000] {logging_mixin.py:188} INFO - [2025-07-08T10:27:31.956+0000] {dag.py:3823} INFO - Setting next_dagrun for example_sla_dag to 2025-07-08 10:24:00+00:00, run_after=2025-07-08 10:26:00+00:00
[2025-07-08T10:27:31.992+0000] {processor.py:183} INFO - Processing /home/airflow/.local/lib/python3.8/site-packages/airflow/example_dags/example_sla_dag.py took 0.168 seconds
[2025-07-08T10:28:02.940+0000] {processor.py:161} INFO - Started process (PID=10577) to work on /home/airflow/.local/lib/python3.8/site-packages/airflow/example_dags/example_sla_dag.py
[2025-07-08T10:28:02.960+0000] {processor.py:830} INFO - Processing file /home/airflow/.local/lib/python3.8/site-packages/airflow/example_dags/example_sla_dag.py for tasks to queue
[2025-07-08T10:28:02.964+0000] {logging_mixin.py:188} INFO - [2025-07-08T10:28:02.963+0000] {dagbag.py:538} INFO - Filling up the DagBag from /home/airflow/.local/lib/python3.8/site-packages/airflow/example_dags/example_sla_dag.py
[2025-07-08T10:28:03.041+0000] {processor.py:840} INFO - DAG(s) 'example_sla_dag' retrieved from /home/airflow/.local/lib/python3.8/site-packages/airflow/example_dags/example_sla_dag.py
[2025-07-08T10:28:03.106+0000] {logging_mixin.py:188} INFO - [2025-07-08T10:28:03.106+0000] {dag.py:3036} INFO - Sync 1 DAGs
[2025-07-08T10:28:03.248+0000] {logging_mixin.py:188} INFO - [2025-07-08T10:28:03.248+0000] {dag.py:3823} INFO - Setting next_dagrun for example_sla_dag to 2025-07-08 10:26:00+00:00, run_after=2025-07-08 10:28:00+00:00
[2025-07-08T10:28:03.366+0000] {processor.py:183} INFO - Processing /home/airflow/.local/lib/python3.8/site-packages/airflow/example_dags/example_sla_dag.py took 0.444 seconds
[2025-07-08T10:28:33.603+0000] {processor.py:161} INFO - Started process (PID=10637) to work on /home/airflow/.local/lib/python3.8/site-packages/airflow/example_dags/example_sla_dag.py
[2025-07-08T10:28:33.605+0000] {processor.py:830} INFO - Processing file /home/airflow/.local/lib/python3.8/site-packages/airflow/example_dags/example_sla_dag.py for tasks to queue
[2025-07-08T10:28:33.614+0000] {logging_mixin.py:188} INFO - [2025-07-08T10:28:33.614+0000] {dagbag.py:538} INFO - Filling up the DagBag from /home/airflow/.local/lib/python3.8/site-packages/airflow/example_dags/example_sla_dag.py
[2025-07-08T10:28:33.657+0000] {processor.py:840} INFO - DAG(s) 'example_sla_dag' retrieved from /home/airflow/.local/lib/python3.8/site-packages/airflow/example_dags/example_sla_dag.py
[2025-07-08T10:28:33.707+0000] {logging_mixin.py:188} INFO - [2025-07-08T10:28:33.706+0000] {dag.py:3036} INFO - Sync 1 DAGs
[2025-07-08T10:28:33.773+0000] {logging_mixin.py:188} INFO - [2025-07-08T10:28:33.773+0000] {dag.py:3823} INFO - Setting next_dagrun for example_sla_dag to 2025-07-08 10:26:00+00:00, run_after=2025-07-08 10:28:00+00:00
[2025-07-08T10:28:33.832+0000] {processor.py:183} INFO - Processing /home/airflow/.local/lib/python3.8/site-packages/airflow/example_dags/example_sla_dag.py took 0.250 seconds
[2025-07-08T10:29:04.313+0000] {processor.py:161} INFO - Started process (PID=10705) to work on /home/airflow/.local/lib/python3.8/site-packages/airflow/example_dags/example_sla_dag.py
[2025-07-08T10:29:04.316+0000] {processor.py:830} INFO - Processing file /home/airflow/.local/lib/python3.8/site-packages/airflow/example_dags/example_sla_dag.py for tasks to queue
[2025-07-08T10:29:04.336+0000] {logging_mixin.py:188} INFO - [2025-07-08T10:29:04.319+0000] {dagbag.py:538} INFO - Filling up the DagBag from /home/airflow/.local/lib/python3.8/site-packages/airflow/example_dags/example_sla_dag.py
[2025-07-08T10:29:04.436+0000] {processor.py:840} INFO - DAG(s) 'example_sla_dag' retrieved from /home/airflow/.local/lib/python3.8/site-packages/airflow/example_dags/example_sla_dag.py
[2025-07-08T10:29:04.572+0000] {logging_mixin.py:188} INFO - [2025-07-08T10:29:04.571+0000] {dag.py:3036} INFO - Sync 1 DAGs
[2025-07-08T10:29:04.836+0000] {logging_mixin.py:188} INFO - [2025-07-08T10:29:04.835+0000] {dag.py:3823} INFO - Setting next_dagrun for example_sla_dag to 2025-07-08 10:26:00+00:00, run_after=2025-07-08 10:28:00+00:00
[2025-07-08T10:29:04.982+0000] {processor.py:183} INFO - Processing /home/airflow/.local/lib/python3.8/site-packages/airflow/example_dags/example_sla_dag.py took 0.731 seconds
[2025-07-08T10:29:35.419+0000] {processor.py:161} INFO - Started process (PID=10765) to work on /home/airflow/.local/lib/python3.8/site-packages/airflow/example_dags/example_sla_dag.py
[2025-07-08T10:29:35.443+0000] {processor.py:830} INFO - Processing file /home/airflow/.local/lib/python3.8/site-packages/airflow/example_dags/example_sla_dag.py for tasks to queue
[2025-07-08T10:29:35.447+0000] {logging_mixin.py:188} INFO - [2025-07-08T10:29:35.446+0000] {dagbag.py:538} INFO - Filling up the DagBag from /home/airflow/.local/lib/python3.8/site-packages/airflow/example_dags/example_sla_dag.py
[2025-07-08T10:29:35.498+0000] {processor.py:840} INFO - DAG(s) 'example_sla_dag' retrieved from /home/airflow/.local/lib/python3.8/site-packages/airflow/example_dags/example_sla_dag.py
[2025-07-08T10:29:35.623+0000] {logging_mixin.py:188} INFO - [2025-07-08T10:29:35.622+0000] {dag.py:3036} INFO - Sync 1 DAGs
[2025-07-08T10:29:35.838+0000] {logging_mixin.py:188} INFO - [2025-07-08T10:29:35.837+0000] {dag.py:3823} INFO - Setting next_dagrun for example_sla_dag to 2025-07-08 10:26:00+00:00, run_after=2025-07-08 10:28:00+00:00
[2025-07-08T10:29:35.937+0000] {processor.py:183} INFO - Processing /home/airflow/.local/lib/python3.8/site-packages/airflow/example_dags/example_sla_dag.py took 0.554 seconds
[2025-07-08T10:30:06.543+0000] {processor.py:161} INFO - Started process (PID=10833) to work on /home/airflow/.local/lib/python3.8/site-packages/airflow/example_dags/example_sla_dag.py
[2025-07-08T10:30:06.554+0000] {processor.py:830} INFO - Processing file /home/airflow/.local/lib/python3.8/site-packages/airflow/example_dags/example_sla_dag.py for tasks to queue
[2025-07-08T10:30:06.557+0000] {logging_mixin.py:188} INFO - [2025-07-08T10:30:06.556+0000] {dagbag.py:538} INFO - Filling up the DagBag from /home/airflow/.local/lib/python3.8/site-packages/airflow/example_dags/example_sla_dag.py
[2025-07-08T10:30:06.599+0000] {processor.py:840} INFO - DAG(s) 'example_sla_dag' retrieved from /home/airflow/.local/lib/python3.8/site-packages/airflow/example_dags/example_sla_dag.py
[2025-07-08T10:30:06.693+0000] {logging_mixin.py:188} INFO - [2025-07-08T10:30:06.693+0000] {dag.py:3036} INFO - Sync 1 DAGs
[2025-07-08T10:30:06.800+0000] {logging_mixin.py:188} INFO - [2025-07-08T10:30:06.799+0000] {dag.py:3823} INFO - Setting next_dagrun for example_sla_dag to 2025-07-08 10:28:00+00:00, run_after=2025-07-08 10:30:00+00:00
[2025-07-08T10:30:06.870+0000] {processor.py:183} INFO - Processing /home/airflow/.local/lib/python3.8/site-packages/airflow/example_dags/example_sla_dag.py took 0.341 seconds
[2025-07-08T10:30:37.059+0000] {processor.py:161} INFO - Started process (PID=10892) to work on /home/airflow/.local/lib/python3.8/site-packages/airflow/example_dags/example_sla_dag.py
[2025-07-08T10:30:37.060+0000] {processor.py:830} INFO - Processing file /home/airflow/.local/lib/python3.8/site-packages/airflow/example_dags/example_sla_dag.py for tasks to queue
[2025-07-08T10:30:37.063+0000] {logging_mixin.py:188} INFO - [2025-07-08T10:30:37.062+0000] {dagbag.py:538} INFO - Filling up the DagBag from /home/airflow/.local/lib/python3.8/site-packages/airflow/example_dags/example_sla_dag.py
[2025-07-08T10:30:37.080+0000] {processor.py:840} INFO - DAG(s) 'example_sla_dag' retrieved from /home/airflow/.local/lib/python3.8/site-packages/airflow/example_dags/example_sla_dag.py
[2025-07-08T10:30:37.142+0000] {logging_mixin.py:188} INFO - [2025-07-08T10:30:37.142+0000] {dag.py:3036} INFO - Sync 1 DAGs
[2025-07-08T10:30:37.221+0000] {logging_mixin.py:188} INFO - [2025-07-08T10:30:37.221+0000] {dag.py:3823} INFO - Setting next_dagrun for example_sla_dag to 2025-07-08 10:28:00+00:00, run_after=2025-07-08 10:30:00+00:00
[2025-07-08T10:30:37.256+0000] {processor.py:183} INFO - Processing /home/airflow/.local/lib/python3.8/site-packages/airflow/example_dags/example_sla_dag.py took 0.203 seconds
[2025-07-08T10:31:07.714+0000] {processor.py:161} INFO - Started process (PID=10960) to work on /home/airflow/.local/lib/python3.8/site-packages/airflow/example_dags/example_sla_dag.py
[2025-07-08T10:31:07.720+0000] {processor.py:830} INFO - Processing file /home/airflow/.local/lib/python3.8/site-packages/airflow/example_dags/example_sla_dag.py for tasks to queue
[2025-07-08T10:31:07.723+0000] {logging_mixin.py:188} INFO - [2025-07-08T10:31:07.723+0000] {dagbag.py:538} INFO - Filling up the DagBag from /home/airflow/.local/lib/python3.8/site-packages/airflow/example_dags/example_sla_dag.py
[2025-07-08T10:31:07.801+0000] {processor.py:840} INFO - DAG(s) 'example_sla_dag' retrieved from /home/airflow/.local/lib/python3.8/site-packages/airflow/example_dags/example_sla_dag.py
[2025-07-08T10:31:07.883+0000] {logging_mixin.py:188} INFO - [2025-07-08T10:31:07.882+0000] {dag.py:3036} INFO - Sync 1 DAGs
[2025-07-08T10:31:08.075+0000] {logging_mixin.py:188} INFO - [2025-07-08T10:31:08.075+0000] {dag.py:3823} INFO - Setting next_dagrun for example_sla_dag to 2025-07-08 10:28:00+00:00, run_after=2025-07-08 10:30:00+00:00
[2025-07-08T10:31:08.158+0000] {processor.py:183} INFO - Processing /home/airflow/.local/lib/python3.8/site-packages/airflow/example_dags/example_sla_dag.py took 0.456 seconds
[2025-07-08T10:31:38.792+0000] {processor.py:161} INFO - Started process (PID=11021) to work on /home/airflow/.local/lib/python3.8/site-packages/airflow/example_dags/example_sla_dag.py
[2025-07-08T10:31:38.794+0000] {processor.py:830} INFO - Processing file /home/airflow/.local/lib/python3.8/site-packages/airflow/example_dags/example_sla_dag.py for tasks to queue
[2025-07-08T10:31:38.805+0000] {logging_mixin.py:188} INFO - [2025-07-08T10:31:38.805+0000] {dagbag.py:538} INFO - Filling up the DagBag from /home/airflow/.local/lib/python3.8/site-packages/airflow/example_dags/example_sla_dag.py
[2025-07-08T10:31:38.862+0000] {processor.py:840} INFO - DAG(s) 'example_sla_dag' retrieved from /home/airflow/.local/lib/python3.8/site-packages/airflow/example_dags/example_sla_dag.py
[2025-07-08T10:31:38.982+0000] {logging_mixin.py:188} INFO - [2025-07-08T10:31:38.982+0000] {dag.py:3036} INFO - Sync 1 DAGs
[2025-07-08T10:31:39.048+0000] {logging_mixin.py:188} INFO - [2025-07-08T10:31:39.047+0000] {dag.py:3823} INFO - Setting next_dagrun for example_sla_dag to 2025-07-08 10:28:00+00:00, run_after=2025-07-08 10:30:00+00:00
[2025-07-08T10:31:39.085+0000] {processor.py:183} INFO - Processing /home/airflow/.local/lib/python3.8/site-packages/airflow/example_dags/example_sla_dag.py took 0.324 seconds
[2025-07-08T10:32:09.184+0000] {processor.py:161} INFO - Started process (PID=11088) to work on /home/airflow/.local/lib/python3.8/site-packages/airflow/example_dags/example_sla_dag.py
[2025-07-08T10:32:09.193+0000] {processor.py:830} INFO - Processing file /home/airflow/.local/lib/python3.8/site-packages/airflow/example_dags/example_sla_dag.py for tasks to queue
[2025-07-08T10:32:09.195+0000] {logging_mixin.py:188} INFO - [2025-07-08T10:32:09.194+0000] {dagbag.py:538} INFO - Filling up the DagBag from /home/airflow/.local/lib/python3.8/site-packages/airflow/example_dags/example_sla_dag.py
[2025-07-08T10:32:09.213+0000] {processor.py:840} INFO - DAG(s) 'example_sla_dag' retrieved from /home/airflow/.local/lib/python3.8/site-packages/airflow/example_dags/example_sla_dag.py
[2025-07-08T10:32:09.293+0000] {logging_mixin.py:188} INFO - [2025-07-08T10:32:09.292+0000] {dag.py:3036} INFO - Sync 1 DAGs
[2025-07-08T10:32:09.386+0000] {logging_mixin.py:188} INFO - [2025-07-08T10:32:09.386+0000] {dag.py:3823} INFO - Setting next_dagrun for example_sla_dag to 2025-07-08 10:30:00+00:00, run_after=2025-07-08 10:32:00+00:00
[2025-07-08T10:32:09.423+0000] {processor.py:183} INFO - Processing /home/airflow/.local/lib/python3.8/site-packages/airflow/example_dags/example_sla_dag.py took 0.256 seconds
[2025-07-08T10:32:40.015+0000] {processor.py:161} INFO - Started process (PID=11156) to work on /home/airflow/.local/lib/python3.8/site-packages/airflow/example_dags/example_sla_dag.py
[2025-07-08T10:32:40.016+0000] {processor.py:830} INFO - Processing file /home/airflow/.local/lib/python3.8/site-packages/airflow/example_dags/example_sla_dag.py for tasks to queue
[2025-07-08T10:32:40.018+0000] {logging_mixin.py:188} INFO - [2025-07-08T10:32:40.017+0000] {dagbag.py:538} INFO - Filling up the DagBag from /home/airflow/.local/lib/python3.8/site-packages/airflow/example_dags/example_sla_dag.py
[2025-07-08T10:32:40.036+0000] {processor.py:840} INFO - DAG(s) 'example_sla_dag' retrieved from /home/airflow/.local/lib/python3.8/site-packages/airflow/example_dags/example_sla_dag.py
[2025-07-08T10:32:40.085+0000] {logging_mixin.py:188} INFO - [2025-07-08T10:32:40.085+0000] {dag.py:3036} INFO - Sync 1 DAGs
[2025-07-08T10:32:40.158+0000] {logging_mixin.py:188} INFO - [2025-07-08T10:32:40.157+0000] {dag.py:3823} INFO - Setting next_dagrun for example_sla_dag to 2025-07-08 10:30:00+00:00, run_after=2025-07-08 10:32:00+00:00
[2025-07-08T10:32:40.198+0000] {processor.py:183} INFO - Processing /home/airflow/.local/lib/python3.8/site-packages/airflow/example_dags/example_sla_dag.py took 0.191 seconds
[2025-07-08T10:33:10.456+0000] {processor.py:161} INFO - Started process (PID=11224) to work on /home/airflow/.local/lib/python3.8/site-packages/airflow/example_dags/example_sla_dag.py
[2025-07-08T10:33:10.475+0000] {processor.py:830} INFO - Processing file /home/airflow/.local/lib/python3.8/site-packages/airflow/example_dags/example_sla_dag.py for tasks to queue
[2025-07-08T10:33:10.477+0000] {logging_mixin.py:188} INFO - [2025-07-08T10:33:10.476+0000] {dagbag.py:538} INFO - Filling up the DagBag from /home/airflow/.local/lib/python3.8/site-packages/airflow/example_dags/example_sla_dag.py
[2025-07-08T10:33:10.553+0000] {processor.py:840} INFO - DAG(s) 'example_sla_dag' retrieved from /home/airflow/.local/lib/python3.8/site-packages/airflow/example_dags/example_sla_dag.py
[2025-07-08T10:33:10.633+0000] {logging_mixin.py:188} INFO - [2025-07-08T10:33:10.633+0000] {dag.py:3036} INFO - Sync 1 DAGs
[2025-07-08T10:33:10.746+0000] {logging_mixin.py:188} INFO - [2025-07-08T10:33:10.745+0000] {dag.py:3823} INFO - Setting next_dagrun for example_sla_dag to 2025-07-08 10:30:00+00:00, run_after=2025-07-08 10:32:00+00:00
[2025-07-08T10:33:10.808+0000] {processor.py:183} INFO - Processing /home/airflow/.local/lib/python3.8/site-packages/airflow/example_dags/example_sla_dag.py took 0.366 seconds
[2025-07-08T10:33:41.057+0000] {processor.py:161} INFO - Started process (PID=11292) to work on /home/airflow/.local/lib/python3.8/site-packages/airflow/example_dags/example_sla_dag.py
[2025-07-08T10:33:41.059+0000] {processor.py:830} INFO - Processing file /home/airflow/.local/lib/python3.8/site-packages/airflow/example_dags/example_sla_dag.py for tasks to queue
[2025-07-08T10:33:41.060+0000] {logging_mixin.py:188} INFO - [2025-07-08T10:33:41.060+0000] {dagbag.py:538} INFO - Filling up the DagBag from /home/airflow/.local/lib/python3.8/site-packages/airflow/example_dags/example_sla_dag.py
[2025-07-08T10:33:41.077+0000] {processor.py:840} INFO - DAG(s) 'example_sla_dag' retrieved from /home/airflow/.local/lib/python3.8/site-packages/airflow/example_dags/example_sla_dag.py
[2025-07-08T10:33:41.115+0000] {logging_mixin.py:188} INFO - [2025-07-08T10:33:41.114+0000] {dag.py:3036} INFO - Sync 1 DAGs
[2025-07-08T10:33:41.232+0000] {logging_mixin.py:188} INFO - [2025-07-08T10:33:41.232+0000] {dag.py:3823} INFO - Setting next_dagrun for example_sla_dag to 2025-07-08 10:30:00+00:00, run_after=2025-07-08 10:32:00+00:00
[2025-07-08T10:33:41.309+0000] {processor.py:183} INFO - Processing /home/airflow/.local/lib/python3.8/site-packages/airflow/example_dags/example_sla_dag.py took 0.258 seconds
[2025-07-08T10:34:12.347+0000] {processor.py:161} INFO - Started process (PID=11358) to work on /home/airflow/.local/lib/python3.8/site-packages/airflow/example_dags/example_sla_dag.py
[2025-07-08T10:34:12.356+0000] {processor.py:830} INFO - Processing file /home/airflow/.local/lib/python3.8/site-packages/airflow/example_dags/example_sla_dag.py for tasks to queue
[2025-07-08T10:34:12.358+0000] {logging_mixin.py:188} INFO - [2025-07-08T10:34:12.357+0000] {dagbag.py:538} INFO - Filling up the DagBag from /home/airflow/.local/lib/python3.8/site-packages/airflow/example_dags/example_sla_dag.py
[2025-07-08T10:34:12.420+0000] {processor.py:840} INFO - DAG(s) 'example_sla_dag' retrieved from /home/airflow/.local/lib/python3.8/site-packages/airflow/example_dags/example_sla_dag.py
[2025-07-08T10:34:12.621+0000] {logging_mixin.py:188} INFO - [2025-07-08T10:34:12.621+0000] {dag.py:3036} INFO - Sync 1 DAGs
[2025-07-08T10:34:12.867+0000] {logging_mixin.py:188} INFO - [2025-07-08T10:34:12.867+0000] {dag.py:3823} INFO - Setting next_dagrun for example_sla_dag to 2025-07-08 10:32:00+00:00, run_after=2025-07-08 10:34:00+00:00
[2025-07-08T10:34:13.099+0000] {processor.py:183} INFO - Processing /home/airflow/.local/lib/python3.8/site-packages/airflow/example_dags/example_sla_dag.py took 0.767 seconds
[2025-07-08T10:34:45.803+0000] {processor.py:161} INFO - Started process (PID=11422) to work on /home/airflow/.local/lib/python3.8/site-packages/airflow/example_dags/example_sla_dag.py
[2025-07-08T10:34:45.812+0000] {processor.py:830} INFO - Processing file /home/airflow/.local/lib/python3.8/site-packages/airflow/example_dags/example_sla_dag.py for tasks to queue
[2025-07-08T10:34:45.814+0000] {logging_mixin.py:188} INFO - [2025-07-08T10:34:45.813+0000] {dagbag.py:538} INFO - Filling up the DagBag from /home/airflow/.local/lib/python3.8/site-packages/airflow/example_dags/example_sla_dag.py
[2025-07-08T10:34:45.871+0000] {processor.py:840} INFO - DAG(s) 'example_sla_dag' retrieved from /home/airflow/.local/lib/python3.8/site-packages/airflow/example_dags/example_sla_dag.py
[2025-07-08T10:34:46.001+0000] {logging_mixin.py:188} INFO - [2025-07-08T10:34:46.000+0000] {dag.py:3036} INFO - Sync 1 DAGs
[2025-07-08T10:34:46.314+0000] {logging_mixin.py:188} INFO - [2025-07-08T10:34:46.313+0000] {dag.py:3823} INFO - Setting next_dagrun for example_sla_dag to 2025-07-08 10:32:00+00:00, run_after=2025-07-08 10:34:00+00:00
[2025-07-08T10:34:46.430+0000] {processor.py:183} INFO - Processing /home/airflow/.local/lib/python3.8/site-packages/airflow/example_dags/example_sla_dag.py took 0.647 seconds
[2025-07-08T10:35:18.614+0000] {processor.py:161} INFO - Started process (PID=11494) to work on /home/airflow/.local/lib/python3.8/site-packages/airflow/example_dags/example_sla_dag.py
[2025-07-08T10:35:18.616+0000] {processor.py:830} INFO - Processing file /home/airflow/.local/lib/python3.8/site-packages/airflow/example_dags/example_sla_dag.py for tasks to queue
[2025-07-08T10:35:18.617+0000] {logging_mixin.py:188} INFO - [2025-07-08T10:35:18.617+0000] {dagbag.py:538} INFO - Filling up the DagBag from /home/airflow/.local/lib/python3.8/site-packages/airflow/example_dags/example_sla_dag.py
[2025-07-08T10:35:18.672+0000] {processor.py:840} INFO - DAG(s) 'example_sla_dag' retrieved from /home/airflow/.local/lib/python3.8/site-packages/airflow/example_dags/example_sla_dag.py
[2025-07-08T10:35:18.797+0000] {logging_mixin.py:188} INFO - [2025-07-08T10:35:18.797+0000] {dag.py:3036} INFO - Sync 1 DAGs
[2025-07-08T10:35:18.963+0000] {logging_mixin.py:188} INFO - [2025-07-08T10:35:18.962+0000] {dag.py:3823} INFO - Setting next_dagrun for example_sla_dag to 2025-07-08 10:32:00+00:00, run_after=2025-07-08 10:34:00+00:00
[2025-07-08T10:35:19.092+0000] {processor.py:183} INFO - Processing /home/airflow/.local/lib/python3.8/site-packages/airflow/example_dags/example_sla_dag.py took 0.496 seconds
[2025-07-08T10:35:49.638+0000] {processor.py:161} INFO - Started process (PID=11553) to work on /home/airflow/.local/lib/python3.8/site-packages/airflow/example_dags/example_sla_dag.py
[2025-07-08T10:35:49.640+0000] {processor.py:830} INFO - Processing file /home/airflow/.local/lib/python3.8/site-packages/airflow/example_dags/example_sla_dag.py for tasks to queue
[2025-07-08T10:35:49.645+0000] {logging_mixin.py:188} INFO - [2025-07-08T10:35:49.644+0000] {dagbag.py:538} INFO - Filling up the DagBag from /home/airflow/.local/lib/python3.8/site-packages/airflow/example_dags/example_sla_dag.py
[2025-07-08T10:35:49.667+0000] {processor.py:840} INFO - DAG(s) 'example_sla_dag' retrieved from /home/airflow/.local/lib/python3.8/site-packages/airflow/example_dags/example_sla_dag.py
[2025-07-08T10:35:49.713+0000] {logging_mixin.py:188} INFO - [2025-07-08T10:35:49.712+0000] {dag.py:3036} INFO - Sync 1 DAGs
[2025-07-08T10:35:49.822+0000] {logging_mixin.py:188} INFO - [2025-07-08T10:35:49.822+0000] {dag.py:3823} INFO - Setting next_dagrun for example_sla_dag to 2025-07-08 10:32:00+00:00, run_after=2025-07-08 10:34:00+00:00
[2025-07-08T10:35:49.929+0000] {processor.py:183} INFO - Processing /home/airflow/.local/lib/python3.8/site-packages/airflow/example_dags/example_sla_dag.py took 0.298 seconds
[2025-07-08T10:36:20.383+0000] {processor.py:161} INFO - Started process (PID=11619) to work on /home/airflow/.local/lib/python3.8/site-packages/airflow/example_dags/example_sla_dag.py
[2025-07-08T10:36:20.409+0000] {processor.py:830} INFO - Processing file /home/airflow/.local/lib/python3.8/site-packages/airflow/example_dags/example_sla_dag.py for tasks to queue
[2025-07-08T10:36:20.410+0000] {logging_mixin.py:188} INFO - [2025-07-08T10:36:20.410+0000] {dagbag.py:538} INFO - Filling up the DagBag from /home/airflow/.local/lib/python3.8/site-packages/airflow/example_dags/example_sla_dag.py
[2025-07-08T10:36:20.446+0000] {processor.py:840} INFO - DAG(s) 'example_sla_dag' retrieved from /home/airflow/.local/lib/python3.8/site-packages/airflow/example_dags/example_sla_dag.py
[2025-07-08T10:36:20.585+0000] {logging_mixin.py:188} INFO - [2025-07-08T10:36:20.585+0000] {dag.py:3036} INFO - Sync 1 DAGs
[2025-07-08T10:36:20.750+0000] {logging_mixin.py:188} INFO - [2025-07-08T10:36:20.750+0000] {dag.py:3823} INFO - Setting next_dagrun for example_sla_dag to 2025-07-08 10:34:00+00:00, run_after=2025-07-08 10:36:00+00:00
[2025-07-08T10:36:20.852+0000] {processor.py:183} INFO - Processing /home/airflow/.local/lib/python3.8/site-packages/airflow/example_dags/example_sla_dag.py took 0.475 seconds
[2025-07-08T10:36:51.522+0000] {processor.py:161} INFO - Started process (PID=11688) to work on /home/airflow/.local/lib/python3.8/site-packages/airflow/example_dags/example_sla_dag.py
[2025-07-08T10:36:51.524+0000] {processor.py:830} INFO - Processing file /home/airflow/.local/lib/python3.8/site-packages/airflow/example_dags/example_sla_dag.py for tasks to queue
[2025-07-08T10:36:51.526+0000] {logging_mixin.py:188} INFO - [2025-07-08T10:36:51.525+0000] {dagbag.py:538} INFO - Filling up the DagBag from /home/airflow/.local/lib/python3.8/site-packages/airflow/example_dags/example_sla_dag.py
[2025-07-08T10:36:51.543+0000] {processor.py:840} INFO - DAG(s) 'example_sla_dag' retrieved from /home/airflow/.local/lib/python3.8/site-packages/airflow/example_dags/example_sla_dag.py
[2025-07-08T10:36:51.587+0000] {logging_mixin.py:188} INFO - [2025-07-08T10:36:51.586+0000] {dag.py:3036} INFO - Sync 1 DAGs
[2025-07-08T10:36:51.643+0000] {logging_mixin.py:188} INFO - [2025-07-08T10:36:51.643+0000] {dag.py:3823} INFO - Setting next_dagrun for example_sla_dag to 2025-07-08 10:34:00+00:00, run_after=2025-07-08 10:36:00+00:00
[2025-07-08T10:36:51.675+0000] {processor.py:183} INFO - Processing /home/airflow/.local/lib/python3.8/site-packages/airflow/example_dags/example_sla_dag.py took 0.160 seconds
[2025-07-08T10:37:21.864+0000] {processor.py:161} INFO - Started process (PID=11754) to work on /home/airflow/.local/lib/python3.8/site-packages/airflow/example_dags/example_sla_dag.py
[2025-07-08T10:37:21.866+0000] {processor.py:830} INFO - Processing file /home/airflow/.local/lib/python3.8/site-packages/airflow/example_dags/example_sla_dag.py for tasks to queue
[2025-07-08T10:37:21.867+0000] {logging_mixin.py:188} INFO - [2025-07-08T10:37:21.866+0000] {dagbag.py:538} INFO - Filling up the DagBag from /home/airflow/.local/lib/python3.8/site-packages/airflow/example_dags/example_sla_dag.py
[2025-07-08T10:37:21.882+0000] {processor.py:840} INFO - DAG(s) 'example_sla_dag' retrieved from /home/airflow/.local/lib/python3.8/site-packages/airflow/example_dags/example_sla_dag.py
[2025-07-08T10:37:21.917+0000] {logging_mixin.py:188} INFO - [2025-07-08T10:37:21.916+0000] {dag.py:3036} INFO - Sync 1 DAGs
[2025-07-08T10:37:21.958+0000] {logging_mixin.py:188} INFO - [2025-07-08T10:37:21.958+0000] {dag.py:3823} INFO - Setting next_dagrun for example_sla_dag to 2025-07-08 10:34:00+00:00, run_after=2025-07-08 10:36:00+00:00
[2025-07-08T10:37:21.988+0000] {processor.py:183} INFO - Processing /home/airflow/.local/lib/python3.8/site-packages/airflow/example_dags/example_sla_dag.py took 0.129 seconds
[2025-07-08T10:37:52.637+0000] {processor.py:161} INFO - Started process (PID=11823) to work on /home/airflow/.local/lib/python3.8/site-packages/airflow/example_dags/example_sla_dag.py
[2025-07-08T10:37:52.640+0000] {processor.py:830} INFO - Processing file /home/airflow/.local/lib/python3.8/site-packages/airflow/example_dags/example_sla_dag.py for tasks to queue
[2025-07-08T10:37:52.642+0000] {logging_mixin.py:188} INFO - [2025-07-08T10:37:52.641+0000] {dagbag.py:538} INFO - Filling up the DagBag from /home/airflow/.local/lib/python3.8/site-packages/airflow/example_dags/example_sla_dag.py
[2025-07-08T10:37:52.677+0000] {processor.py:840} INFO - DAG(s) 'example_sla_dag' retrieved from /home/airflow/.local/lib/python3.8/site-packages/airflow/example_dags/example_sla_dag.py
[2025-07-08T10:37:52.741+0000] {logging_mixin.py:188} INFO - [2025-07-08T10:37:52.740+0000] {dag.py:3036} INFO - Sync 1 DAGs
[2025-07-08T10:37:52.856+0000] {logging_mixin.py:188} INFO - [2025-07-08T10:37:52.856+0000] {dag.py:3823} INFO - Setting next_dagrun for example_sla_dag to 2025-07-08 10:34:00+00:00, run_after=2025-07-08 10:36:00+00:00
[2025-07-08T10:37:52.965+0000] {processor.py:183} INFO - Processing /home/airflow/.local/lib/python3.8/site-packages/airflow/example_dags/example_sla_dag.py took 0.334 seconds
[2025-07-08T10:38:23.419+0000] {processor.py:161} INFO - Started process (PID=11884) to work on /home/airflow/.local/lib/python3.8/site-packages/airflow/example_dags/example_sla_dag.py
[2025-07-08T10:38:23.432+0000] {processor.py:830} INFO - Processing file /home/airflow/.local/lib/python3.8/site-packages/airflow/example_dags/example_sla_dag.py for tasks to queue
[2025-07-08T10:38:23.434+0000] {logging_mixin.py:188} INFO - [2025-07-08T10:38:23.433+0000] {dagbag.py:538} INFO - Filling up the DagBag from /home/airflow/.local/lib/python3.8/site-packages/airflow/example_dags/example_sla_dag.py
[2025-07-08T10:38:23.494+0000] {processor.py:840} INFO - DAG(s) 'example_sla_dag' retrieved from /home/airflow/.local/lib/python3.8/site-packages/airflow/example_dags/example_sla_dag.py
[2025-07-08T10:38:23.603+0000] {logging_mixin.py:188} INFO - [2025-07-08T10:38:23.602+0000] {dag.py:3036} INFO - Sync 1 DAGs
[2025-07-08T10:38:23.751+0000] {logging_mixin.py:188} INFO - [2025-07-08T10:38:23.751+0000] {dag.py:3823} INFO - Setting next_dagrun for example_sla_dag to 2025-07-08 10:36:00+00:00, run_after=2025-07-08 10:38:00+00:00
[2025-07-08T10:38:23.832+0000] {processor.py:183} INFO - Processing /home/airflow/.local/lib/python3.8/site-packages/airflow/example_dags/example_sla_dag.py took 0.427 seconds
[2025-07-08T10:38:55.617+0000] {processor.py:161} INFO - Started process (PID=11957) to work on /home/airflow/.local/lib/python3.8/site-packages/airflow/example_dags/example_sla_dag.py
[2025-07-08T10:38:55.628+0000] {processor.py:830} INFO - Processing file /home/airflow/.local/lib/python3.8/site-packages/airflow/example_dags/example_sla_dag.py for tasks to queue
[2025-07-08T10:38:55.630+0000] {logging_mixin.py:188} INFO - [2025-07-08T10:38:55.629+0000] {dagbag.py:538} INFO - Filling up the DagBag from /home/airflow/.local/lib/python3.8/site-packages/airflow/example_dags/example_sla_dag.py
[2025-07-08T10:38:55.669+0000] {processor.py:840} INFO - DAG(s) 'example_sla_dag' retrieved from /home/airflow/.local/lib/python3.8/site-packages/airflow/example_dags/example_sla_dag.py
[2025-07-08T10:38:55.753+0000] {logging_mixin.py:188} INFO - [2025-07-08T10:38:55.753+0000] {dag.py:3036} INFO - Sync 1 DAGs
[2025-07-08T10:38:55.850+0000] {logging_mixin.py:188} INFO - [2025-07-08T10:38:55.850+0000] {dag.py:3823} INFO - Setting next_dagrun for example_sla_dag to 2025-07-08 10:36:00+00:00, run_after=2025-07-08 10:38:00+00:00
[2025-07-08T10:38:55.912+0000] {processor.py:183} INFO - Processing /home/airflow/.local/lib/python3.8/site-packages/airflow/example_dags/example_sla_dag.py took 0.310 seconds
[2025-07-08T10:39:26.126+0000] {processor.py:161} INFO - Started process (PID=12014) to work on /home/airflow/.local/lib/python3.8/site-packages/airflow/example_dags/example_sla_dag.py
[2025-07-08T10:39:26.137+0000] {processor.py:830} INFO - Processing file /home/airflow/.local/lib/python3.8/site-packages/airflow/example_dags/example_sla_dag.py for tasks to queue
[2025-07-08T10:39:26.139+0000] {logging_mixin.py:188} INFO - [2025-07-08T10:39:26.138+0000] {dagbag.py:538} INFO - Filling up the DagBag from /home/airflow/.local/lib/python3.8/site-packages/airflow/example_dags/example_sla_dag.py
[2025-07-08T10:39:26.165+0000] {processor.py:840} INFO - DAG(s) 'example_sla_dag' retrieved from /home/airflow/.local/lib/python3.8/site-packages/airflow/example_dags/example_sla_dag.py
[2025-07-08T10:39:26.222+0000] {logging_mixin.py:188} INFO - [2025-07-08T10:39:26.222+0000] {dag.py:3036} INFO - Sync 1 DAGs
[2025-07-08T10:39:26.279+0000] {logging_mixin.py:188} INFO - [2025-07-08T10:39:26.279+0000] {dag.py:3823} INFO - Setting next_dagrun for example_sla_dag to 2025-07-08 10:36:00+00:00, run_after=2025-07-08 10:38:00+00:00
[2025-07-08T10:39:26.330+0000] {processor.py:183} INFO - Processing /home/airflow/.local/lib/python3.8/site-packages/airflow/example_dags/example_sla_dag.py took 0.232 seconds
[2025-07-08T10:39:56.487+0000] {processor.py:161} INFO - Started process (PID=12082) to work on /home/airflow/.local/lib/python3.8/site-packages/airflow/example_dags/example_sla_dag.py
[2025-07-08T10:39:56.488+0000] {processor.py:830} INFO - Processing file /home/airflow/.local/lib/python3.8/site-packages/airflow/example_dags/example_sla_dag.py for tasks to queue
[2025-07-08T10:39:56.490+0000] {logging_mixin.py:188} INFO - [2025-07-08T10:39:56.489+0000] {dagbag.py:538} INFO - Filling up the DagBag from /home/airflow/.local/lib/python3.8/site-packages/airflow/example_dags/example_sla_dag.py
[2025-07-08T10:39:56.504+0000] {processor.py:840} INFO - DAG(s) 'example_sla_dag' retrieved from /home/airflow/.local/lib/python3.8/site-packages/airflow/example_dags/example_sla_dag.py
[2025-07-08T10:39:56.535+0000] {logging_mixin.py:188} INFO - [2025-07-08T10:39:56.535+0000] {dag.py:3036} INFO - Sync 1 DAGs
[2025-07-08T10:39:56.579+0000] {logging_mixin.py:188} INFO - [2025-07-08T10:39:56.578+0000] {dag.py:3823} INFO - Setting next_dagrun for example_sla_dag to 2025-07-08 10:36:00+00:00, run_after=2025-07-08 10:38:00+00:00
[2025-07-08T10:39:56.612+0000] {processor.py:183} INFO - Processing /home/airflow/.local/lib/python3.8/site-packages/airflow/example_dags/example_sla_dag.py took 0.131 seconds
[2025-07-08T10:40:27.481+0000] {processor.py:161} INFO - Started process (PID=12150) to work on /home/airflow/.local/lib/python3.8/site-packages/airflow/example_dags/example_sla_dag.py
[2025-07-08T10:40:27.488+0000] {processor.py:830} INFO - Processing file /home/airflow/.local/lib/python3.8/site-packages/airflow/example_dags/example_sla_dag.py for tasks to queue
[2025-07-08T10:40:27.490+0000] {logging_mixin.py:188} INFO - [2025-07-08T10:40:27.490+0000] {dagbag.py:538} INFO - Filling up the DagBag from /home/airflow/.local/lib/python3.8/site-packages/airflow/example_dags/example_sla_dag.py
[2025-07-08T10:40:27.567+0000] {processor.py:840} INFO - DAG(s) 'example_sla_dag' retrieved from /home/airflow/.local/lib/python3.8/site-packages/airflow/example_dags/example_sla_dag.py
[2025-07-08T10:40:27.657+0000] {logging_mixin.py:188} INFO - [2025-07-08T10:40:27.657+0000] {dag.py:3036} INFO - Sync 1 DAGs
[2025-07-08T10:40:27.754+0000] {logging_mixin.py:188} INFO - [2025-07-08T10:40:27.754+0000] {dag.py:3823} INFO - Setting next_dagrun for example_sla_dag to 2025-07-08 10:38:00+00:00, run_after=2025-07-08 10:40:00+00:00
[2025-07-08T10:40:27.830+0000] {processor.py:183} INFO - Processing /home/airflow/.local/lib/python3.8/site-packages/airflow/example_dags/example_sla_dag.py took 0.371 seconds
[2025-07-08T10:40:57.999+0000] {processor.py:161} INFO - Started process (PID=12211) to work on /home/airflow/.local/lib/python3.8/site-packages/airflow/example_dags/example_sla_dag.py
[2025-07-08T10:40:58.001+0000] {processor.py:830} INFO - Processing file /home/airflow/.local/lib/python3.8/site-packages/airflow/example_dags/example_sla_dag.py for tasks to queue
[2025-07-08T10:40:58.002+0000] {logging_mixin.py:188} INFO - [2025-07-08T10:40:58.001+0000] {dagbag.py:538} INFO - Filling up the DagBag from /home/airflow/.local/lib/python3.8/site-packages/airflow/example_dags/example_sla_dag.py
[2025-07-08T10:40:58.015+0000] {processor.py:840} INFO - DAG(s) 'example_sla_dag' retrieved from /home/airflow/.local/lib/python3.8/site-packages/airflow/example_dags/example_sla_dag.py
[2025-07-08T10:40:58.048+0000] {logging_mixin.py:188} INFO - [2025-07-08T10:40:58.047+0000] {dag.py:3036} INFO - Sync 1 DAGs
[2025-07-08T10:40:58.091+0000] {logging_mixin.py:188} INFO - [2025-07-08T10:40:58.090+0000] {dag.py:3823} INFO - Setting next_dagrun for example_sla_dag to 2025-07-08 10:38:00+00:00, run_after=2025-07-08 10:40:00+00:00
[2025-07-08T10:40:58.119+0000] {processor.py:183} INFO - Processing /home/airflow/.local/lib/python3.8/site-packages/airflow/example_dags/example_sla_dag.py took 0.124 seconds
[2025-07-08T10:41:29.333+0000] {processor.py:161} INFO - Started process (PID=12279) to work on /home/airflow/.local/lib/python3.8/site-packages/airflow/example_dags/example_sla_dag.py
[2025-07-08T10:41:29.344+0000] {processor.py:830} INFO - Processing file /home/airflow/.local/lib/python3.8/site-packages/airflow/example_dags/example_sla_dag.py for tasks to queue
[2025-07-08T10:41:29.345+0000] {logging_mixin.py:188} INFO - [2025-07-08T10:41:29.345+0000] {dagbag.py:538} INFO - Filling up the DagBag from /home/airflow/.local/lib/python3.8/site-packages/airflow/example_dags/example_sla_dag.py
[2025-07-08T10:41:29.393+0000] {processor.py:840} INFO - DAG(s) 'example_sla_dag' retrieved from /home/airflow/.local/lib/python3.8/site-packages/airflow/example_dags/example_sla_dag.py
[2025-07-08T10:41:29.489+0000] {logging_mixin.py:188} INFO - [2025-07-08T10:41:29.489+0000] {dag.py:3036} INFO - Sync 1 DAGs
[2025-07-08T10:41:29.586+0000] {logging_mixin.py:188} INFO - [2025-07-08T10:41:29.586+0000] {dag.py:3823} INFO - Setting next_dagrun for example_sla_dag to 2025-07-08 10:38:00+00:00, run_after=2025-07-08 10:40:00+00:00
[2025-07-08T10:41:29.692+0000] {processor.py:183} INFO - Processing /home/airflow/.local/lib/python3.8/site-packages/airflow/example_dags/example_sla_dag.py took 0.397 seconds
[2025-07-08T10:41:59.814+0000] {processor.py:161} INFO - Started process (PID=12339) to work on /home/airflow/.local/lib/python3.8/site-packages/airflow/example_dags/example_sla_dag.py
[2025-07-08T10:41:59.818+0000] {processor.py:830} INFO - Processing file /home/airflow/.local/lib/python3.8/site-packages/airflow/example_dags/example_sla_dag.py for tasks to queue
[2025-07-08T10:41:59.820+0000] {logging_mixin.py:188} INFO - [2025-07-08T10:41:59.819+0000] {dagbag.py:538} INFO - Filling up the DagBag from /home/airflow/.local/lib/python3.8/site-packages/airflow/example_dags/example_sla_dag.py
[2025-07-08T10:41:59.863+0000] {processor.py:840} INFO - DAG(s) 'example_sla_dag' retrieved from /home/airflow/.local/lib/python3.8/site-packages/airflow/example_dags/example_sla_dag.py
[2025-07-08T10:41:59.916+0000] {logging_mixin.py:188} INFO - [2025-07-08T10:41:59.915+0000] {dag.py:3036} INFO - Sync 1 DAGs
[2025-07-08T10:41:59.968+0000] {logging_mixin.py:188} INFO - [2025-07-08T10:41:59.968+0000] {dag.py:3823} INFO - Setting next_dagrun for example_sla_dag to 2025-07-08 10:38:00+00:00, run_after=2025-07-08 10:40:00+00:00
[2025-07-08T10:42:00.002+0000] {processor.py:183} INFO - Processing /home/airflow/.local/lib/python3.8/site-packages/airflow/example_dags/example_sla_dag.py took 0.202 seconds
[2025-07-08T10:42:31.100+0000] {processor.py:161} INFO - Started process (PID=12406) to work on /home/airflow/.local/lib/python3.8/site-packages/airflow/example_dags/example_sla_dag.py
[2025-07-08T10:42:31.118+0000] {processor.py:830} INFO - Processing file /home/airflow/.local/lib/python3.8/site-packages/airflow/example_dags/example_sla_dag.py for tasks to queue
[2025-07-08T10:42:31.120+0000] {logging_mixin.py:188} INFO - [2025-07-08T10:42:31.119+0000] {dagbag.py:538} INFO - Filling up the DagBag from /home/airflow/.local/lib/python3.8/site-packages/airflow/example_dags/example_sla_dag.py
[2025-07-08T10:42:31.182+0000] {processor.py:840} INFO - DAG(s) 'example_sla_dag' retrieved from /home/airflow/.local/lib/python3.8/site-packages/airflow/example_dags/example_sla_dag.py
[2025-07-08T10:42:31.265+0000] {logging_mixin.py:188} INFO - [2025-07-08T10:42:31.265+0000] {dag.py:3036} INFO - Sync 1 DAGs
[2025-07-08T10:42:31.383+0000] {logging_mixin.py:188} INFO - [2025-07-08T10:42:31.383+0000] {dag.py:3823} INFO - Setting next_dagrun for example_sla_dag to 2025-07-08 10:40:00+00:00, run_after=2025-07-08 10:42:00+00:00
[2025-07-08T10:42:31.454+0000] {processor.py:183} INFO - Processing /home/airflow/.local/lib/python3.8/site-packages/airflow/example_dags/example_sla_dag.py took 0.372 seconds
[2025-07-08T10:43:01.767+0000] {processor.py:161} INFO - Started process (PID=12473) to work on /home/airflow/.local/lib/python3.8/site-packages/airflow/example_dags/example_sla_dag.py
[2025-07-08T10:43:01.769+0000] {processor.py:830} INFO - Processing file /home/airflow/.local/lib/python3.8/site-packages/airflow/example_dags/example_sla_dag.py for tasks to queue
[2025-07-08T10:43:01.770+0000] {logging_mixin.py:188} INFO - [2025-07-08T10:43:01.770+0000] {dagbag.py:538} INFO - Filling up the DagBag from /home/airflow/.local/lib/python3.8/site-packages/airflow/example_dags/example_sla_dag.py
[2025-07-08T10:43:01.797+0000] {processor.py:840} INFO - DAG(s) 'example_sla_dag' retrieved from /home/airflow/.local/lib/python3.8/site-packages/airflow/example_dags/example_sla_dag.py
[2025-07-08T10:43:01.852+0000] {logging_mixin.py:188} INFO - [2025-07-08T10:43:01.851+0000] {dag.py:3036} INFO - Sync 1 DAGs
[2025-07-08T10:43:01.940+0000] {logging_mixin.py:188} INFO - [2025-07-08T10:43:01.939+0000] {dag.py:3823} INFO - Setting next_dagrun for example_sla_dag to 2025-07-08 10:40:00+00:00, run_after=2025-07-08 10:42:00+00:00
[2025-07-08T10:43:02.003+0000] {processor.py:183} INFO - Processing /home/airflow/.local/lib/python3.8/site-packages/airflow/example_dags/example_sla_dag.py took 0.279 seconds
[2025-07-08T10:43:34.370+0000] {processor.py:161} INFO - Started process (PID=12533) to work on /home/airflow/.local/lib/python3.8/site-packages/airflow/example_dags/example_sla_dag.py
[2025-07-08T10:43:34.373+0000] {processor.py:830} INFO - Processing file /home/airflow/.local/lib/python3.8/site-packages/airflow/example_dags/example_sla_dag.py for tasks to queue
[2025-07-08T10:43:34.381+0000] {logging_mixin.py:188} INFO - [2025-07-08T10:43:34.380+0000] {dagbag.py:538} INFO - Filling up the DagBag from /home/airflow/.local/lib/python3.8/site-packages/airflow/example_dags/example_sla_dag.py
[2025-07-08T10:43:34.451+0000] {processor.py:840} INFO - DAG(s) 'example_sla_dag' retrieved from /home/airflow/.local/lib/python3.8/site-packages/airflow/example_dags/example_sla_dag.py
[2025-07-08T10:43:34.601+0000] {logging_mixin.py:188} INFO - [2025-07-08T10:43:34.601+0000] {dag.py:3036} INFO - Sync 1 DAGs
[2025-07-08T10:43:34.777+0000] {logging_mixin.py:188} INFO - [2025-07-08T10:43:34.777+0000] {dag.py:3823} INFO - Setting next_dagrun for example_sla_dag to 2025-07-08 10:40:00+00:00, run_after=2025-07-08 10:42:00+00:00
[2025-07-08T10:43:34.958+0000] {processor.py:183} INFO - Processing /home/airflow/.local/lib/python3.8/site-packages/airflow/example_dags/example_sla_dag.py took 0.632 seconds
[2025-07-08T10:44:06.114+0000] {processor.py:161} INFO - Started process (PID=12601) to work on /home/airflow/.local/lib/python3.8/site-packages/airflow/example_dags/example_sla_dag.py
[2025-07-08T10:44:06.115+0000] {processor.py:830} INFO - Processing file /home/airflow/.local/lib/python3.8/site-packages/airflow/example_dags/example_sla_dag.py for tasks to queue
[2025-07-08T10:44:06.125+0000] {logging_mixin.py:188} INFO - [2025-07-08T10:44:06.124+0000] {dagbag.py:538} INFO - Filling up the DagBag from /home/airflow/.local/lib/python3.8/site-packages/airflow/example_dags/example_sla_dag.py
[2025-07-08T10:44:06.159+0000] {processor.py:840} INFO - DAG(s) 'example_sla_dag' retrieved from /home/airflow/.local/lib/python3.8/site-packages/airflow/example_dags/example_sla_dag.py
[2025-07-08T10:44:06.285+0000] {logging_mixin.py:188} INFO - [2025-07-08T10:44:06.284+0000] {dag.py:3036} INFO - Sync 1 DAGs
[2025-07-08T10:44:06.570+0000] {logging_mixin.py:188} INFO - [2025-07-08T10:44:06.570+0000] {dag.py:3823} INFO - Setting next_dagrun for example_sla_dag to 2025-07-08 10:42:00+00:00, run_after=2025-07-08 10:44:00+00:00
[2025-07-08T10:44:06.714+0000] {processor.py:183} INFO - Processing /home/airflow/.local/lib/python3.8/site-packages/airflow/example_dags/example_sla_dag.py took 0.615 seconds
[2025-07-08T10:44:37.351+0000] {processor.py:161} INFO - Started process (PID=12661) to work on /home/airflow/.local/lib/python3.8/site-packages/airflow/example_dags/example_sla_dag.py
[2025-07-08T10:44:37.356+0000] {processor.py:830} INFO - Processing file /home/airflow/.local/lib/python3.8/site-packages/airflow/example_dags/example_sla_dag.py for tasks to queue
[2025-07-08T10:44:37.357+0000] {logging_mixin.py:188} INFO - [2025-07-08T10:44:37.357+0000] {dagbag.py:538} INFO - Filling up the DagBag from /home/airflow/.local/lib/python3.8/site-packages/airflow/example_dags/example_sla_dag.py
[2025-07-08T10:44:37.399+0000] {processor.py:840} INFO - DAG(s) 'example_sla_dag' retrieved from /home/airflow/.local/lib/python3.8/site-packages/airflow/example_dags/example_sla_dag.py
[2025-07-08T10:44:37.558+0000] {logging_mixin.py:188} INFO - [2025-07-08T10:44:37.558+0000] {dag.py:3036} INFO - Sync 1 DAGs
[2025-07-08T10:44:37.766+0000] {logging_mixin.py:188} INFO - [2025-07-08T10:44:37.766+0000] {dag.py:3823} INFO - Setting next_dagrun for example_sla_dag to 2025-07-08 10:42:00+00:00, run_after=2025-07-08 10:44:00+00:00
[2025-07-08T10:44:37.842+0000] {processor.py:183} INFO - Processing /home/airflow/.local/lib/python3.8/site-packages/airflow/example_dags/example_sla_dag.py took 0.497 seconds
[2025-07-08T10:45:12.851+0000] {processor.py:161} INFO - Started process (PID=12730) to work on /home/airflow/.local/lib/python3.8/site-packages/airflow/example_dags/example_sla_dag.py
[2025-07-08T10:45:12.853+0000] {processor.py:830} INFO - Processing file /home/airflow/.local/lib/python3.8/site-packages/airflow/example_dags/example_sla_dag.py for tasks to queue
[2025-07-08T10:45:12.862+0000] {logging_mixin.py:188} INFO - [2025-07-08T10:45:12.862+0000] {dagbag.py:538} INFO - Filling up the DagBag from /home/airflow/.local/lib/python3.8/site-packages/airflow/example_dags/example_sla_dag.py
[2025-07-08T10:45:12.905+0000] {processor.py:840} INFO - DAG(s) 'example_sla_dag' retrieved from /home/airflow/.local/lib/python3.8/site-packages/airflow/example_dags/example_sla_dag.py
[2025-07-08T10:45:12.950+0000] {logging_mixin.py:188} INFO - [2025-07-08T10:45:12.949+0000] {dag.py:3036} INFO - Sync 1 DAGs
[2025-07-08T10:45:13.030+0000] {logging_mixin.py:188} INFO - [2025-07-08T10:45:13.030+0000] {dag.py:3823} INFO - Setting next_dagrun for example_sla_dag to 2025-07-08 10:42:00+00:00, run_after=2025-07-08 10:44:00+00:00
[2025-07-08T10:45:13.079+0000] {processor.py:183} INFO - Processing /home/airflow/.local/lib/python3.8/site-packages/airflow/example_dags/example_sla_dag.py took 0.250 seconds
[2025-07-08T10:45:47.928+0000] {processor.py:161} INFO - Started process (PID=12802) to work on /home/airflow/.local/lib/python3.8/site-packages/airflow/example_dags/example_sla_dag.py
[2025-07-08T10:45:47.936+0000] {processor.py:830} INFO - Processing file /home/airflow/.local/lib/python3.8/site-packages/airflow/example_dags/example_sla_dag.py for tasks to queue
[2025-07-08T10:45:47.938+0000] {logging_mixin.py:188} INFO - [2025-07-08T10:45:47.937+0000] {dagbag.py:538} INFO - Filling up the DagBag from /home/airflow/.local/lib/python3.8/site-packages/airflow/example_dags/example_sla_dag.py
[2025-07-08T10:45:47.996+0000] {processor.py:840} INFO - DAG(s) 'example_sla_dag' retrieved from /home/airflow/.local/lib/python3.8/site-packages/airflow/example_dags/example_sla_dag.py
[2025-07-08T10:45:48.082+0000] {logging_mixin.py:188} INFO - [2025-07-08T10:45:48.081+0000] {dag.py:3036} INFO - Sync 1 DAGs
[2025-07-08T10:45:48.215+0000] {logging_mixin.py:188} INFO - [2025-07-08T10:45:48.214+0000] {dag.py:3823} INFO - Setting next_dagrun for example_sla_dag to 2025-07-08 10:42:00+00:00, run_after=2025-07-08 10:44:00+00:00
[2025-07-08T10:45:48.324+0000] {processor.py:183} INFO - Processing /home/airflow/.local/lib/python3.8/site-packages/airflow/example_dags/example_sla_dag.py took 0.418 seconds
[2025-07-08T10:46:20.665+0000] {processor.py:161} INFO - Started process (PID=12869) to work on /home/airflow/.local/lib/python3.8/site-packages/airflow/example_dags/example_sla_dag.py
[2025-07-08T10:46:20.667+0000] {processor.py:830} INFO - Processing file /home/airflow/.local/lib/python3.8/site-packages/airflow/example_dags/example_sla_dag.py for tasks to queue
[2025-07-08T10:46:20.684+0000] {logging_mixin.py:188} INFO - [2025-07-08T10:46:20.684+0000] {dagbag.py:538} INFO - Filling up the DagBag from /home/airflow/.local/lib/python3.8/site-packages/airflow/example_dags/example_sla_dag.py
[2025-07-08T10:46:20.790+0000] {processor.py:840} INFO - DAG(s) 'example_sla_dag' retrieved from /home/airflow/.local/lib/python3.8/site-packages/airflow/example_dags/example_sla_dag.py
[2025-07-08T10:46:21.029+0000] {logging_mixin.py:188} INFO - [2025-07-08T10:46:21.029+0000] {dag.py:3036} INFO - Sync 1 DAGs
[2025-07-08T10:46:21.294+0000] {logging_mixin.py:188} INFO - [2025-07-08T10:46:21.294+0000] {dag.py:3823} INFO - Setting next_dagrun for example_sla_dag to 2025-07-08 10:44:00+00:00, run_after=2025-07-08 10:46:00+00:00
[2025-07-08T10:46:21.404+0000] {processor.py:183} INFO - Processing /home/airflow/.local/lib/python3.8/site-packages/airflow/example_dags/example_sla_dag.py took 0.765 seconds
[2025-07-08T10:46:51.681+0000] {processor.py:161} INFO - Started process (PID=12927) to work on /home/airflow/.local/lib/python3.8/site-packages/airflow/example_dags/example_sla_dag.py
[2025-07-08T10:46:51.685+0000] {processor.py:830} INFO - Processing file /home/airflow/.local/lib/python3.8/site-packages/airflow/example_dags/example_sla_dag.py for tasks to queue
[2025-07-08T10:46:51.688+0000] {logging_mixin.py:188} INFO - [2025-07-08T10:46:51.687+0000] {dagbag.py:538} INFO - Filling up the DagBag from /home/airflow/.local/lib/python3.8/site-packages/airflow/example_dags/example_sla_dag.py
[2025-07-08T10:46:51.706+0000] {processor.py:840} INFO - DAG(s) 'example_sla_dag' retrieved from /home/airflow/.local/lib/python3.8/site-packages/airflow/example_dags/example_sla_dag.py
[2025-07-08T10:46:51.741+0000] {logging_mixin.py:188} INFO - [2025-07-08T10:46:51.740+0000] {dag.py:3036} INFO - Sync 1 DAGs
[2025-07-08T10:46:51.785+0000] {logging_mixin.py:188} INFO - [2025-07-08T10:46:51.784+0000] {dag.py:3823} INFO - Setting next_dagrun for example_sla_dag to 2025-07-08 10:44:00+00:00, run_after=2025-07-08 10:46:00+00:00
[2025-07-08T10:46:51.813+0000] {processor.py:183} INFO - Processing /home/airflow/.local/lib/python3.8/site-packages/airflow/example_dags/example_sla_dag.py took 0.138 seconds
[2025-07-08T10:47:22.755+0000] {processor.py:161} INFO - Started process (PID=12995) to work on /home/airflow/.local/lib/python3.8/site-packages/airflow/example_dags/example_sla_dag.py
[2025-07-08T10:47:22.764+0000] {processor.py:830} INFO - Processing file /home/airflow/.local/lib/python3.8/site-packages/airflow/example_dags/example_sla_dag.py for tasks to queue
[2025-07-08T10:47:22.766+0000] {logging_mixin.py:188} INFO - [2025-07-08T10:47:22.765+0000] {dagbag.py:538} INFO - Filling up the DagBag from /home/airflow/.local/lib/python3.8/site-packages/airflow/example_dags/example_sla_dag.py
[2025-07-08T10:47:22.805+0000] {processor.py:840} INFO - DAG(s) 'example_sla_dag' retrieved from /home/airflow/.local/lib/python3.8/site-packages/airflow/example_dags/example_sla_dag.py
[2025-07-08T10:47:22.862+0000] {logging_mixin.py:188} INFO - [2025-07-08T10:47:22.861+0000] {dag.py:3036} INFO - Sync 1 DAGs
[2025-07-08T10:47:23.003+0000] {logging_mixin.py:188} INFO - [2025-07-08T10:47:23.003+0000] {dag.py:3823} INFO - Setting next_dagrun for example_sla_dag to 2025-07-08 10:44:00+00:00, run_after=2025-07-08 10:46:00+00:00
[2025-07-08T10:47:23.136+0000] {processor.py:183} INFO - Processing /home/airflow/.local/lib/python3.8/site-packages/airflow/example_dags/example_sla_dag.py took 0.396 seconds
[2025-07-08T10:47:53.283+0000] {processor.py:161} INFO - Started process (PID=13055) to work on /home/airflow/.local/lib/python3.8/site-packages/airflow/example_dags/example_sla_dag.py
[2025-07-08T10:47:53.285+0000] {processor.py:830} INFO - Processing file /home/airflow/.local/lib/python3.8/site-packages/airflow/example_dags/example_sla_dag.py for tasks to queue
[2025-07-08T10:47:53.286+0000] {logging_mixin.py:188} INFO - [2025-07-08T10:47:53.286+0000] {dagbag.py:538} INFO - Filling up the DagBag from /home/airflow/.local/lib/python3.8/site-packages/airflow/example_dags/example_sla_dag.py
[2025-07-08T10:47:53.307+0000] {processor.py:840} INFO - DAG(s) 'example_sla_dag' retrieved from /home/airflow/.local/lib/python3.8/site-packages/airflow/example_dags/example_sla_dag.py
[2025-07-08T10:47:53.361+0000] {logging_mixin.py:188} INFO - [2025-07-08T10:47:53.361+0000] {dag.py:3036} INFO - Sync 1 DAGs
[2025-07-08T10:47:53.413+0000] {logging_mixin.py:188} INFO - [2025-07-08T10:47:53.413+0000] {dag.py:3823} INFO - Setting next_dagrun for example_sla_dag to 2025-07-08 10:44:00+00:00, run_after=2025-07-08 10:46:00+00:00
[2025-07-08T10:47:53.453+0000] {processor.py:183} INFO - Processing /home/airflow/.local/lib/python3.8/site-packages/airflow/example_dags/example_sla_dag.py took 0.181 seconds
[2025-07-08T10:48:24.221+0000] {processor.py:161} INFO - Started process (PID=13123) to work on /home/airflow/.local/lib/python3.8/site-packages/airflow/example_dags/example_sla_dag.py
[2025-07-08T10:48:24.228+0000] {processor.py:830} INFO - Processing file /home/airflow/.local/lib/python3.8/site-packages/airflow/example_dags/example_sla_dag.py for tasks to queue
[2025-07-08T10:48:24.230+0000] {logging_mixin.py:188} INFO - [2025-07-08T10:48:24.229+0000] {dagbag.py:538} INFO - Filling up the DagBag from /home/airflow/.local/lib/python3.8/site-packages/airflow/example_dags/example_sla_dag.py
[2025-07-08T10:48:24.272+0000] {processor.py:840} INFO - DAG(s) 'example_sla_dag' retrieved from /home/airflow/.local/lib/python3.8/site-packages/airflow/example_dags/example_sla_dag.py
[2025-07-08T10:48:24.346+0000] {logging_mixin.py:188} INFO - [2025-07-08T10:48:24.346+0000] {dag.py:3036} INFO - Sync 1 DAGs
[2025-07-08T10:48:24.433+0000] {logging_mixin.py:188} INFO - [2025-07-08T10:48:24.433+0000] {dag.py:3823} INFO - Setting next_dagrun for example_sla_dag to 2025-07-08 10:46:00+00:00, run_after=2025-07-08 10:48:00+00:00
[2025-07-08T10:48:24.510+0000] {processor.py:183} INFO - Processing /home/airflow/.local/lib/python3.8/site-packages/airflow/example_dags/example_sla_dag.py took 0.314 seconds
[2025-07-08T10:48:55.393+0000] {processor.py:161} INFO - Started process (PID=13183) to work on /home/airflow/.local/lib/python3.8/site-packages/airflow/example_dags/example_sla_dag.py
[2025-07-08T10:48:55.399+0000] {processor.py:830} INFO - Processing file /home/airflow/.local/lib/python3.8/site-packages/airflow/example_dags/example_sla_dag.py for tasks to queue
[2025-07-08T10:48:55.401+0000] {logging_mixin.py:188} INFO - [2025-07-08T10:48:55.400+0000] {dagbag.py:538} INFO - Filling up the DagBag from /home/airflow/.local/lib/python3.8/site-packages/airflow/example_dags/example_sla_dag.py
[2025-07-08T10:48:55.416+0000] {processor.py:840} INFO - DAG(s) 'example_sla_dag' retrieved from /home/airflow/.local/lib/python3.8/site-packages/airflow/example_dags/example_sla_dag.py
[2025-07-08T10:48:55.463+0000] {logging_mixin.py:188} INFO - [2025-07-08T10:48:55.462+0000] {dag.py:3036} INFO - Sync 1 DAGs
[2025-07-08T10:48:55.506+0000] {logging_mixin.py:188} INFO - [2025-07-08T10:48:55.505+0000] {dag.py:3823} INFO - Setting next_dagrun for example_sla_dag to 2025-07-08 10:46:00+00:00, run_after=2025-07-08 10:48:00+00:00
[2025-07-08T10:48:55.535+0000] {processor.py:183} INFO - Processing /home/airflow/.local/lib/python3.8/site-packages/airflow/example_dags/example_sla_dag.py took 0.148 seconds
[2025-07-08T10:49:30.158+0000] {processor.py:161} INFO - Started process (PID=13249) to work on /home/airflow/.local/lib/python3.8/site-packages/airflow/example_dags/example_sla_dag.py
[2025-07-08T10:49:30.159+0000] {processor.py:830} INFO - Processing file /home/airflow/.local/lib/python3.8/site-packages/airflow/example_dags/example_sla_dag.py for tasks to queue
[2025-07-08T10:49:30.173+0000] {logging_mixin.py:188} INFO - [2025-07-08T10:49:30.172+0000] {dagbag.py:538} INFO - Filling up the DagBag from /home/airflow/.local/lib/python3.8/site-packages/airflow/example_dags/example_sla_dag.py
[2025-07-08T10:49:30.208+0000] {processor.py:840} INFO - DAG(s) 'example_sla_dag' retrieved from /home/airflow/.local/lib/python3.8/site-packages/airflow/example_dags/example_sla_dag.py
[2025-07-08T10:49:30.285+0000] {logging_mixin.py:188} INFO - [2025-07-08T10:49:30.284+0000] {dag.py:3036} INFO - Sync 1 DAGs
[2025-07-08T10:49:30.432+0000] {logging_mixin.py:188} INFO - [2025-07-08T10:49:30.431+0000] {dag.py:3823} INFO - Setting next_dagrun for example_sla_dag to 2025-07-08 10:46:00+00:00, run_after=2025-07-08 10:48:00+00:00
[2025-07-08T10:49:30.543+0000] {processor.py:183} INFO - Processing /home/airflow/.local/lib/python3.8/site-packages/airflow/example_dags/example_sla_dag.py took 0.392 seconds
[2025-07-08T10:50:01.256+0000] {processor.py:161} INFO - Started process (PID=13316) to work on /home/airflow/.local/lib/python3.8/site-packages/airflow/example_dags/example_sla_dag.py
[2025-07-08T10:50:01.292+0000] {processor.py:830} INFO - Processing file /home/airflow/.local/lib/python3.8/site-packages/airflow/example_dags/example_sla_dag.py for tasks to queue
[2025-07-08T10:50:01.298+0000] {logging_mixin.py:188} INFO - [2025-07-08T10:50:01.294+0000] {dagbag.py:538} INFO - Filling up the DagBag from /home/airflow/.local/lib/python3.8/site-packages/airflow/example_dags/example_sla_dag.py
[2025-07-08T10:50:01.339+0000] {processor.py:840} INFO - DAG(s) 'example_sla_dag' retrieved from /home/airflow/.local/lib/python3.8/site-packages/airflow/example_dags/example_sla_dag.py
[2025-07-08T10:50:01.550+0000] {logging_mixin.py:188} INFO - [2025-07-08T10:50:01.550+0000] {dag.py:3036} INFO - Sync 1 DAGs
[2025-07-08T10:50:01.866+0000] {logging_mixin.py:188} INFO - [2025-07-08T10:50:01.865+0000] {dag.py:3823} INFO - Setting next_dagrun for example_sla_dag to 2025-07-08 10:48:00+00:00, run_after=2025-07-08 10:50:00+00:00
[2025-07-08T10:50:02.018+0000] {processor.py:183} INFO - Processing /home/airflow/.local/lib/python3.8/site-packages/airflow/example_dags/example_sla_dag.py took 0.790 seconds
[2025-07-08T10:50:35.467+0000] {processor.py:161} INFO - Started process (PID=13379) to work on /home/airflow/.local/lib/python3.8/site-packages/airflow/example_dags/example_sla_dag.py
[2025-07-08T10:50:35.474+0000] {processor.py:830} INFO - Processing file /home/airflow/.local/lib/python3.8/site-packages/airflow/example_dags/example_sla_dag.py for tasks to queue
[2025-07-08T10:50:35.476+0000] {logging_mixin.py:188} INFO - [2025-07-08T10:50:35.475+0000] {dagbag.py:538} INFO - Filling up the DagBag from /home/airflow/.local/lib/python3.8/site-packages/airflow/example_dags/example_sla_dag.py
[2025-07-08T10:50:35.531+0000] {processor.py:840} INFO - DAG(s) 'example_sla_dag' retrieved from /home/airflow/.local/lib/python3.8/site-packages/airflow/example_dags/example_sla_dag.py
[2025-07-08T10:50:35.643+0000] {logging_mixin.py:188} INFO - [2025-07-08T10:50:35.642+0000] {dag.py:3036} INFO - Sync 1 DAGs
[2025-07-08T10:50:35.713+0000] {logging_mixin.py:188} INFO - [2025-07-08T10:50:35.713+0000] {dag.py:3823} INFO - Setting next_dagrun for example_sla_dag to 2025-07-08 10:48:00+00:00, run_after=2025-07-08 10:50:00+00:00
[2025-07-08T10:50:35.748+0000] {processor.py:183} INFO - Processing /home/airflow/.local/lib/python3.8/site-packages/airflow/example_dags/example_sla_dag.py took 0.294 seconds
[2025-07-08T10:51:13.499+0000] {processor.py:161} INFO - Started process (PID=13455) to work on /home/airflow/.local/lib/python3.8/site-packages/airflow/example_dags/example_sla_dag.py
[2025-07-08T10:51:13.504+0000] {processor.py:830} INFO - Processing file /home/airflow/.local/lib/python3.8/site-packages/airflow/example_dags/example_sla_dag.py for tasks to queue
[2025-07-08T10:51:13.506+0000] {logging_mixin.py:188} INFO - [2025-07-08T10:51:13.505+0000] {dagbag.py:538} INFO - Filling up the DagBag from /home/airflow/.local/lib/python3.8/site-packages/airflow/example_dags/example_sla_dag.py
[2025-07-08T10:51:13.582+0000] {processor.py:840} INFO - DAG(s) 'example_sla_dag' retrieved from /home/airflow/.local/lib/python3.8/site-packages/airflow/example_dags/example_sla_dag.py
[2025-07-08T10:51:13.697+0000] {logging_mixin.py:188} INFO - [2025-07-08T10:51:13.697+0000] {dag.py:3036} INFO - Sync 1 DAGs
[2025-07-08T10:51:13.835+0000] {logging_mixin.py:188} INFO - [2025-07-08T10:51:13.835+0000] {dag.py:3823} INFO - Setting next_dagrun for example_sla_dag to 2025-07-08 10:48:00+00:00, run_after=2025-07-08 10:50:00+00:00
[2025-07-08T10:51:13.948+0000] {processor.py:183} INFO - Processing /home/airflow/.local/lib/python3.8/site-packages/airflow/example_dags/example_sla_dag.py took 0.469 seconds
[2025-07-08T10:51:44.330+0000] {processor.py:161} INFO - Started process (PID=13520) to work on /home/airflow/.local/lib/python3.8/site-packages/airflow/example_dags/example_sla_dag.py
[2025-07-08T10:51:44.331+0000] {processor.py:830} INFO - Processing file /home/airflow/.local/lib/python3.8/site-packages/airflow/example_dags/example_sla_dag.py for tasks to queue
[2025-07-08T10:51:44.349+0000] {logging_mixin.py:188} INFO - [2025-07-08T10:51:44.349+0000] {dagbag.py:538} INFO - Filling up the DagBag from /home/airflow/.local/lib/python3.8/site-packages/airflow/example_dags/example_sla_dag.py
[2025-07-08T10:51:44.436+0000] {processor.py:840} INFO - DAG(s) 'example_sla_dag' retrieved from /home/airflow/.local/lib/python3.8/site-packages/airflow/example_dags/example_sla_dag.py
[2025-07-08T10:51:44.559+0000] {logging_mixin.py:188} INFO - [2025-07-08T10:51:44.558+0000] {dag.py:3036} INFO - Sync 1 DAGs
[2025-07-08T10:51:44.678+0000] {logging_mixin.py:188} INFO - [2025-07-08T10:51:44.678+0000] {dag.py:3823} INFO - Setting next_dagrun for example_sla_dag to 2025-07-08 10:48:00+00:00, run_after=2025-07-08 10:50:00+00:00
[2025-07-08T10:51:44.792+0000] {processor.py:183} INFO - Processing /home/airflow/.local/lib/python3.8/site-packages/airflow/example_dags/example_sla_dag.py took 0.496 seconds
[2025-07-08T10:52:14.957+0000] {processor.py:161} INFO - Started process (PID=13579) to work on /home/airflow/.local/lib/python3.8/site-packages/airflow/example_dags/example_sla_dag.py
[2025-07-08T10:52:14.959+0000] {processor.py:830} INFO - Processing file /home/airflow/.local/lib/python3.8/site-packages/airflow/example_dags/example_sla_dag.py for tasks to queue
[2025-07-08T10:52:14.961+0000] {logging_mixin.py:188} INFO - [2025-07-08T10:52:14.960+0000] {dagbag.py:538} INFO - Filling up the DagBag from /home/airflow/.local/lib/python3.8/site-packages/airflow/example_dags/example_sla_dag.py
[2025-07-08T10:52:15.025+0000] {processor.py:840} INFO - DAG(s) 'example_sla_dag' retrieved from /home/airflow/.local/lib/python3.8/site-packages/airflow/example_dags/example_sla_dag.py
[2025-07-08T10:52:15.109+0000] {logging_mixin.py:188} INFO - [2025-07-08T10:52:15.109+0000] {dag.py:3036} INFO - Sync 1 DAGs
[2025-07-08T10:52:15.202+0000] {logging_mixin.py:188} INFO - [2025-07-08T10:52:15.201+0000] {dag.py:3823} INFO - Setting next_dagrun for example_sla_dag to 2025-07-08 10:50:00+00:00, run_after=2025-07-08 10:52:00+00:00
[2025-07-08T10:52:15.244+0000] {processor.py:183} INFO - Processing /home/airflow/.local/lib/python3.8/site-packages/airflow/example_dags/example_sla_dag.py took 0.318 seconds
[2025-07-08T10:52:45.732+0000] {processor.py:161} INFO - Started process (PID=13647) to work on /home/airflow/.local/lib/python3.8/site-packages/airflow/example_dags/example_sla_dag.py
[2025-07-08T10:52:45.744+0000] {processor.py:830} INFO - Processing file /home/airflow/.local/lib/python3.8/site-packages/airflow/example_dags/example_sla_dag.py for tasks to queue
[2025-07-08T10:52:45.746+0000] {logging_mixin.py:188} INFO - [2025-07-08T10:52:45.745+0000] {dagbag.py:538} INFO - Filling up the DagBag from /home/airflow/.local/lib/python3.8/site-packages/airflow/example_dags/example_sla_dag.py
[2025-07-08T10:52:45.786+0000] {processor.py:840} INFO - DAG(s) 'example_sla_dag' retrieved from /home/airflow/.local/lib/python3.8/site-packages/airflow/example_dags/example_sla_dag.py
[2025-07-08T10:52:45.855+0000] {logging_mixin.py:188} INFO - [2025-07-08T10:52:45.854+0000] {dag.py:3036} INFO - Sync 1 DAGs
[2025-07-08T10:52:45.976+0000] {logging_mixin.py:188} INFO - [2025-07-08T10:52:45.975+0000] {dag.py:3823} INFO - Setting next_dagrun for example_sla_dag to 2025-07-08 10:50:00+00:00, run_after=2025-07-08 10:52:00+00:00
[2025-07-08T10:52:46.053+0000] {processor.py:183} INFO - Processing /home/airflow/.local/lib/python3.8/site-packages/airflow/example_dags/example_sla_dag.py took 0.343 seconds
[2025-07-08T10:53:16.777+0000] {processor.py:161} INFO - Started process (PID=13707) to work on /home/airflow/.local/lib/python3.8/site-packages/airflow/example_dags/example_sla_dag.py
[2025-07-08T10:53:16.779+0000] {processor.py:830} INFO - Processing file /home/airflow/.local/lib/python3.8/site-packages/airflow/example_dags/example_sla_dag.py for tasks to queue
[2025-07-08T10:53:16.781+0000] {logging_mixin.py:188} INFO - [2025-07-08T10:53:16.780+0000] {dagbag.py:538} INFO - Filling up the DagBag from /home/airflow/.local/lib/python3.8/site-packages/airflow/example_dags/example_sla_dag.py
[2025-07-08T10:53:16.811+0000] {processor.py:840} INFO - DAG(s) 'example_sla_dag' retrieved from /home/airflow/.local/lib/python3.8/site-packages/airflow/example_dags/example_sla_dag.py
[2025-07-08T10:53:16.861+0000] {logging_mixin.py:188} INFO - [2025-07-08T10:53:16.860+0000] {dag.py:3036} INFO - Sync 1 DAGs
[2025-07-08T10:53:16.938+0000] {logging_mixin.py:188} INFO - [2025-07-08T10:53:16.938+0000] {dag.py:3823} INFO - Setting next_dagrun for example_sla_dag to 2025-07-08 10:50:00+00:00, run_after=2025-07-08 10:52:00+00:00
[2025-07-08T10:53:16.989+0000] {processor.py:183} INFO - Processing /home/airflow/.local/lib/python3.8/site-packages/airflow/example_dags/example_sla_dag.py took 0.226 seconds
[2025-07-08T10:53:49.812+0000] {processor.py:161} INFO - Started process (PID=13776) to work on /home/airflow/.local/lib/python3.8/site-packages/airflow/example_dags/example_sla_dag.py
[2025-07-08T10:53:49.837+0000] {processor.py:830} INFO - Processing file /home/airflow/.local/lib/python3.8/site-packages/airflow/example_dags/example_sla_dag.py for tasks to queue
[2025-07-08T10:53:49.839+0000] {logging_mixin.py:188} INFO - [2025-07-08T10:53:49.838+0000] {dagbag.py:538} INFO - Filling up the DagBag from /home/airflow/.local/lib/python3.8/site-packages/airflow/example_dags/example_sla_dag.py
[2025-07-08T10:53:49.899+0000] {processor.py:840} INFO - DAG(s) 'example_sla_dag' retrieved from /home/airflow/.local/lib/python3.8/site-packages/airflow/example_dags/example_sla_dag.py
[2025-07-08T10:53:50.026+0000] {logging_mixin.py:188} INFO - [2025-07-08T10:53:50.026+0000] {dag.py:3036} INFO - Sync 1 DAGs
[2025-07-08T10:53:50.368+0000] {logging_mixin.py:188} INFO - [2025-07-08T10:53:50.368+0000] {dag.py:3823} INFO - Setting next_dagrun for example_sla_dag to 2025-07-08 10:50:00+00:00, run_after=2025-07-08 10:52:00+00:00
[2025-07-08T10:53:50.528+0000] {processor.py:183} INFO - Processing /home/airflow/.local/lib/python3.8/site-packages/airflow/example_dags/example_sla_dag.py took 0.722 seconds
[2025-07-08T10:54:21.343+0000] {processor.py:161} INFO - Started process (PID=13836) to work on /home/airflow/.local/lib/python3.8/site-packages/airflow/example_dags/example_sla_dag.py
[2025-07-08T10:54:21.356+0000] {processor.py:830} INFO - Processing file /home/airflow/.local/lib/python3.8/site-packages/airflow/example_dags/example_sla_dag.py for tasks to queue
[2025-07-08T10:54:21.362+0000] {logging_mixin.py:188} INFO - [2025-07-08T10:54:21.361+0000] {dagbag.py:538} INFO - Filling up the DagBag from /home/airflow/.local/lib/python3.8/site-packages/airflow/example_dags/example_sla_dag.py
[2025-07-08T10:54:21.399+0000] {processor.py:840} INFO - DAG(s) 'example_sla_dag' retrieved from /home/airflow/.local/lib/python3.8/site-packages/airflow/example_dags/example_sla_dag.py
[2025-07-08T10:54:21.496+0000] {logging_mixin.py:188} INFO - [2025-07-08T10:54:21.495+0000] {dag.py:3036} INFO - Sync 1 DAGs
[2025-07-08T10:54:21.631+0000] {logging_mixin.py:188} INFO - [2025-07-08T10:54:21.631+0000] {dag.py:3823} INFO - Setting next_dagrun for example_sla_dag to 2025-07-08 10:52:00+00:00, run_after=2025-07-08 10:54:00+00:00
[2025-07-08T10:54:21.812+0000] {processor.py:183} INFO - Processing /home/airflow/.local/lib/python3.8/site-packages/airflow/example_dags/example_sla_dag.py took 0.475 seconds
