[2025-07-08T09:05:54.753+0000] {processor.py:161} INFO - Started process (PID=191) to work on /home/airflow/.local/lib/python3.8/site-packages/airflow/example_dags/example_trigger_target_dag.py
[2025-07-08T09:05:54.755+0000] {processor.py:830} INFO - Processing file /home/airflow/.local/lib/python3.8/site-packages/airflow/example_dags/example_trigger_target_dag.py for tasks to queue
[2025-07-08T09:05:54.766+0000] {logging_mixin.py:188} INFO - [2025-07-08T09:05:54.765+0000] {dagbag.py:538} INFO - Filling up the DagBag from /home/airflow/.local/lib/python3.8/site-packages/airflow/example_dags/example_trigger_target_dag.py
[2025-07-08T09:05:54.791+0000] {processor.py:840} INFO - DAG(s) 'example_trigger_target_dag' retrieved from /home/airflow/.local/lib/python3.8/site-packages/airflow/example_dags/example_trigger_target_dag.py
[2025-07-08T09:05:55.126+0000] {logging_mixin.py:188} INFO - [2025-07-08T09:05:55.126+0000] {dag.py:3036} INFO - Sync 1 DAGs
[2025-07-08T09:05:55.152+0000] {logging_mixin.py:188} INFO - [2025-07-08T09:05:55.152+0000] {dag.py:3823} INFO - Setting next_dagrun for example_trigger_target_dag to None, run_after=None
[2025-07-08T09:05:55.222+0000] {processor.py:183} INFO - Processing /home/airflow/.local/lib/python3.8/site-packages/airflow/example_dags/example_trigger_target_dag.py took 0.475 seconds
[2025-07-08T09:06:25.523+0000] {processor.py:161} INFO - Started process (PID=256) to work on /home/airflow/.local/lib/python3.8/site-packages/airflow/example_dags/example_trigger_target_dag.py
[2025-07-08T09:06:25.528+0000] {processor.py:830} INFO - Processing file /home/airflow/.local/lib/python3.8/site-packages/airflow/example_dags/example_trigger_target_dag.py for tasks to queue
[2025-07-08T09:06:25.536+0000] {logging_mixin.py:188} INFO - [2025-07-08T09:06:25.531+0000] {dagbag.py:538} INFO - Filling up the DagBag from /home/airflow/.local/lib/python3.8/site-packages/airflow/example_dags/example_trigger_target_dag.py
[2025-07-08T09:06:25.577+0000] {processor.py:840} INFO - DAG(s) 'example_trigger_target_dag' retrieved from /home/airflow/.local/lib/python3.8/site-packages/airflow/example_dags/example_trigger_target_dag.py
[2025-07-08T09:06:25.637+0000] {logging_mixin.py:188} INFO - [2025-07-08T09:06:25.637+0000] {dag.py:3036} INFO - Sync 1 DAGs
[2025-07-08T09:06:25.662+0000] {logging_mixin.py:188} INFO - [2025-07-08T09:06:25.662+0000] {dag.py:3823} INFO - Setting next_dagrun for example_trigger_target_dag to None, run_after=None
[2025-07-08T09:06:25.727+0000] {processor.py:183} INFO - Processing /home/airflow/.local/lib/python3.8/site-packages/airflow/example_dags/example_trigger_target_dag.py took 0.226 seconds
[2025-07-08T09:06:56.560+0000] {processor.py:161} INFO - Started process (PID=319) to work on /home/airflow/.local/lib/python3.8/site-packages/airflow/example_dags/example_trigger_target_dag.py
[2025-07-08T09:06:56.569+0000] {processor.py:830} INFO - Processing file /home/airflow/.local/lib/python3.8/site-packages/airflow/example_dags/example_trigger_target_dag.py for tasks to queue
[2025-07-08T09:06:56.572+0000] {logging_mixin.py:188} INFO - [2025-07-08T09:06:56.572+0000] {dagbag.py:538} INFO - Filling up the DagBag from /home/airflow/.local/lib/python3.8/site-packages/airflow/example_dags/example_trigger_target_dag.py
[2025-07-08T09:06:56.590+0000] {processor.py:840} INFO - DAG(s) 'example_trigger_target_dag' retrieved from /home/airflow/.local/lib/python3.8/site-packages/airflow/example_dags/example_trigger_target_dag.py
[2025-07-08T09:06:56.640+0000] {logging_mixin.py:188} INFO - [2025-07-08T09:06:56.640+0000] {dag.py:3036} INFO - Sync 1 DAGs
[2025-07-08T09:06:56.679+0000] {logging_mixin.py:188} INFO - [2025-07-08T09:06:56.679+0000] {dag.py:3823} INFO - Setting next_dagrun for example_trigger_target_dag to None, run_after=None
[2025-07-08T09:06:56.748+0000] {processor.py:183} INFO - Processing /home/airflow/.local/lib/python3.8/site-packages/airflow/example_dags/example_trigger_target_dag.py took 0.194 seconds
[2025-07-08T09:07:28.068+0000] {processor.py:161} INFO - Started process (PID=383) to work on /home/airflow/.local/lib/python3.8/site-packages/airflow/example_dags/example_trigger_target_dag.py
[2025-07-08T09:07:28.072+0000] {processor.py:830} INFO - Processing file /home/airflow/.local/lib/python3.8/site-packages/airflow/example_dags/example_trigger_target_dag.py for tasks to queue
[2025-07-08T09:07:28.075+0000] {logging_mixin.py:188} INFO - [2025-07-08T09:07:28.075+0000] {dagbag.py:538} INFO - Filling up the DagBag from /home/airflow/.local/lib/python3.8/site-packages/airflow/example_dags/example_trigger_target_dag.py
[2025-07-08T09:07:28.103+0000] {processor.py:840} INFO - DAG(s) 'example_trigger_target_dag' retrieved from /home/airflow/.local/lib/python3.8/site-packages/airflow/example_dags/example_trigger_target_dag.py
[2025-07-08T09:07:28.201+0000] {logging_mixin.py:188} INFO - [2025-07-08T09:07:28.201+0000] {dag.py:3036} INFO - Sync 1 DAGs
[2025-07-08T09:07:28.228+0000] {logging_mixin.py:188} INFO - [2025-07-08T09:07:28.228+0000] {dag.py:3823} INFO - Setting next_dagrun for example_trigger_target_dag to None, run_after=None
[2025-07-08T09:07:28.310+0000] {processor.py:183} INFO - Processing /home/airflow/.local/lib/python3.8/site-packages/airflow/example_dags/example_trigger_target_dag.py took 0.253 seconds
[2025-07-08T09:07:59.112+0000] {processor.py:161} INFO - Started process (PID=449) to work on /home/airflow/.local/lib/python3.8/site-packages/airflow/example_dags/example_trigger_target_dag.py
[2025-07-08T09:07:59.116+0000] {processor.py:830} INFO - Processing file /home/airflow/.local/lib/python3.8/site-packages/airflow/example_dags/example_trigger_target_dag.py for tasks to queue
[2025-07-08T09:07:59.123+0000] {logging_mixin.py:188} INFO - [2025-07-08T09:07:59.122+0000] {dagbag.py:538} INFO - Filling up the DagBag from /home/airflow/.local/lib/python3.8/site-packages/airflow/example_dags/example_trigger_target_dag.py
[2025-07-08T09:07:59.141+0000] {processor.py:840} INFO - DAG(s) 'example_trigger_target_dag' retrieved from /home/airflow/.local/lib/python3.8/site-packages/airflow/example_dags/example_trigger_target_dag.py
[2025-07-08T09:07:59.217+0000] {logging_mixin.py:188} INFO - [2025-07-08T09:07:59.217+0000] {dag.py:3036} INFO - Sync 1 DAGs
[2025-07-08T09:07:59.243+0000] {logging_mixin.py:188} INFO - [2025-07-08T09:07:59.243+0000] {dag.py:3823} INFO - Setting next_dagrun for example_trigger_target_dag to None, run_after=None
[2025-07-08T09:07:59.305+0000] {processor.py:183} INFO - Processing /home/airflow/.local/lib/python3.8/site-packages/airflow/example_dags/example_trigger_target_dag.py took 0.199 seconds
[2025-07-08T09:08:30.047+0000] {processor.py:161} INFO - Started process (PID=513) to work on /home/airflow/.local/lib/python3.8/site-packages/airflow/example_dags/example_trigger_target_dag.py
[2025-07-08T09:08:30.049+0000] {processor.py:830} INFO - Processing file /home/airflow/.local/lib/python3.8/site-packages/airflow/example_dags/example_trigger_target_dag.py for tasks to queue
[2025-07-08T09:08:30.052+0000] {logging_mixin.py:188} INFO - [2025-07-08T09:08:30.051+0000] {dagbag.py:538} INFO - Filling up the DagBag from /home/airflow/.local/lib/python3.8/site-packages/airflow/example_dags/example_trigger_target_dag.py
[2025-07-08T09:08:30.080+0000] {processor.py:840} INFO - DAG(s) 'example_trigger_target_dag' retrieved from /home/airflow/.local/lib/python3.8/site-packages/airflow/example_dags/example_trigger_target_dag.py
[2025-07-08T09:08:30.153+0000] {logging_mixin.py:188} INFO - [2025-07-08T09:08:30.153+0000] {dag.py:3036} INFO - Sync 1 DAGs
[2025-07-08T09:08:30.188+0000] {logging_mixin.py:188} INFO - [2025-07-08T09:08:30.188+0000] {dag.py:3823} INFO - Setting next_dagrun for example_trigger_target_dag to None, run_after=None
[2025-07-08T09:08:30.254+0000] {processor.py:183} INFO - Processing /home/airflow/.local/lib/python3.8/site-packages/airflow/example_dags/example_trigger_target_dag.py took 0.219 seconds
[2025-07-08T09:09:00.965+0000] {processor.py:161} INFO - Started process (PID=571) to work on /home/airflow/.local/lib/python3.8/site-packages/airflow/example_dags/example_trigger_target_dag.py
[2025-07-08T09:09:00.967+0000] {processor.py:830} INFO - Processing file /home/airflow/.local/lib/python3.8/site-packages/airflow/example_dags/example_trigger_target_dag.py for tasks to queue
[2025-07-08T09:09:00.970+0000] {logging_mixin.py:188} INFO - [2025-07-08T09:09:00.970+0000] {dagbag.py:538} INFO - Filling up the DagBag from /home/airflow/.local/lib/python3.8/site-packages/airflow/example_dags/example_trigger_target_dag.py
[2025-07-08T09:09:00.981+0000] {processor.py:840} INFO - DAG(s) 'example_trigger_target_dag' retrieved from /home/airflow/.local/lib/python3.8/site-packages/airflow/example_dags/example_trigger_target_dag.py
[2025-07-08T09:09:01.021+0000] {logging_mixin.py:188} INFO - [2025-07-08T09:09:01.020+0000] {dag.py:3036} INFO - Sync 1 DAGs
[2025-07-08T09:09:01.049+0000] {logging_mixin.py:188} INFO - [2025-07-08T09:09:01.048+0000] {dag.py:3823} INFO - Setting next_dagrun for example_trigger_target_dag to None, run_after=None
[2025-07-08T09:09:01.096+0000] {processor.py:183} INFO - Processing /home/airflow/.local/lib/python3.8/site-packages/airflow/example_dags/example_trigger_target_dag.py took 0.137 seconds
[2025-07-08T09:09:32.103+0000] {processor.py:161} INFO - Started process (PID=635) to work on /home/airflow/.local/lib/python3.8/site-packages/airflow/example_dags/example_trigger_target_dag.py
[2025-07-08T09:09:32.112+0000] {processor.py:830} INFO - Processing file /home/airflow/.local/lib/python3.8/site-packages/airflow/example_dags/example_trigger_target_dag.py for tasks to queue
[2025-07-08T09:09:32.115+0000] {logging_mixin.py:188} INFO - [2025-07-08T09:09:32.115+0000] {dagbag.py:538} INFO - Filling up the DagBag from /home/airflow/.local/lib/python3.8/site-packages/airflow/example_dags/example_trigger_target_dag.py
[2025-07-08T09:09:32.141+0000] {processor.py:840} INFO - DAG(s) 'example_trigger_target_dag' retrieved from /home/airflow/.local/lib/python3.8/site-packages/airflow/example_dags/example_trigger_target_dag.py
[2025-07-08T09:09:32.201+0000] {logging_mixin.py:188} INFO - [2025-07-08T09:09:32.201+0000] {dag.py:3036} INFO - Sync 1 DAGs
[2025-07-08T09:09:32.247+0000] {logging_mixin.py:188} INFO - [2025-07-08T09:09:32.247+0000] {dag.py:3823} INFO - Setting next_dagrun for example_trigger_target_dag to None, run_after=None
[2025-07-08T09:09:32.316+0000] {processor.py:183} INFO - Processing /home/airflow/.local/lib/python3.8/site-packages/airflow/example_dags/example_trigger_target_dag.py took 0.226 seconds
[2025-07-08T09:10:03.279+0000] {processor.py:161} INFO - Started process (PID=699) to work on /home/airflow/.local/lib/python3.8/site-packages/airflow/example_dags/example_trigger_target_dag.py
[2025-07-08T09:10:03.280+0000] {processor.py:830} INFO - Processing file /home/airflow/.local/lib/python3.8/site-packages/airflow/example_dags/example_trigger_target_dag.py for tasks to queue
[2025-07-08T09:10:03.286+0000] {logging_mixin.py:188} INFO - [2025-07-08T09:10:03.285+0000] {dagbag.py:538} INFO - Filling up the DagBag from /home/airflow/.local/lib/python3.8/site-packages/airflow/example_dags/example_trigger_target_dag.py
[2025-07-08T09:10:03.297+0000] {processor.py:840} INFO - DAG(s) 'example_trigger_target_dag' retrieved from /home/airflow/.local/lib/python3.8/site-packages/airflow/example_dags/example_trigger_target_dag.py
[2025-07-08T09:10:03.339+0000] {logging_mixin.py:188} INFO - [2025-07-08T09:10:03.338+0000] {dag.py:3036} INFO - Sync 1 DAGs
[2025-07-08T09:10:03.393+0000] {logging_mixin.py:188} INFO - [2025-07-08T09:10:03.392+0000] {dag.py:3823} INFO - Setting next_dagrun for example_trigger_target_dag to None, run_after=None
[2025-07-08T09:10:03.488+0000] {processor.py:183} INFO - Processing /home/airflow/.local/lib/python3.8/site-packages/airflow/example_dags/example_trigger_target_dag.py took 0.216 seconds
[2025-07-08T09:10:34.418+0000] {processor.py:161} INFO - Started process (PID=763) to work on /home/airflow/.local/lib/python3.8/site-packages/airflow/example_dags/example_trigger_target_dag.py
[2025-07-08T09:10:34.424+0000] {processor.py:830} INFO - Processing file /home/airflow/.local/lib/python3.8/site-packages/airflow/example_dags/example_trigger_target_dag.py for tasks to queue
[2025-07-08T09:10:34.428+0000] {logging_mixin.py:188} INFO - [2025-07-08T09:10:34.427+0000] {dagbag.py:538} INFO - Filling up the DagBag from /home/airflow/.local/lib/python3.8/site-packages/airflow/example_dags/example_trigger_target_dag.py
[2025-07-08T09:10:34.459+0000] {processor.py:840} INFO - DAG(s) 'example_trigger_target_dag' retrieved from /home/airflow/.local/lib/python3.8/site-packages/airflow/example_dags/example_trigger_target_dag.py
[2025-07-08T09:10:34.510+0000] {logging_mixin.py:188} INFO - [2025-07-08T09:10:34.510+0000] {dag.py:3036} INFO - Sync 1 DAGs
[2025-07-08T09:10:34.564+0000] {logging_mixin.py:188} INFO - [2025-07-08T09:10:34.563+0000] {dag.py:3823} INFO - Setting next_dagrun for example_trigger_target_dag to None, run_after=None
[2025-07-08T09:10:34.638+0000] {processor.py:183} INFO - Processing /home/airflow/.local/lib/python3.8/site-packages/airflow/example_dags/example_trigger_target_dag.py took 0.226 seconds
[2025-07-08T09:11:05.583+0000] {processor.py:161} INFO - Started process (PID=829) to work on /home/airflow/.local/lib/python3.8/site-packages/airflow/example_dags/example_trigger_target_dag.py
[2025-07-08T09:11:05.585+0000] {processor.py:830} INFO - Processing file /home/airflow/.local/lib/python3.8/site-packages/airflow/example_dags/example_trigger_target_dag.py for tasks to queue
[2025-07-08T09:11:05.589+0000] {logging_mixin.py:188} INFO - [2025-07-08T09:11:05.588+0000] {dagbag.py:538} INFO - Filling up the DagBag from /home/airflow/.local/lib/python3.8/site-packages/airflow/example_dags/example_trigger_target_dag.py
[2025-07-08T09:11:05.601+0000] {processor.py:840} INFO - DAG(s) 'example_trigger_target_dag' retrieved from /home/airflow/.local/lib/python3.8/site-packages/airflow/example_dags/example_trigger_target_dag.py
[2025-07-08T09:11:05.659+0000] {logging_mixin.py:188} INFO - [2025-07-08T09:11:05.658+0000] {dag.py:3036} INFO - Sync 1 DAGs
[2025-07-08T09:11:05.724+0000] {logging_mixin.py:188} INFO - [2025-07-08T09:11:05.724+0000] {dag.py:3823} INFO - Setting next_dagrun for example_trigger_target_dag to None, run_after=None
[2025-07-08T09:11:05.854+0000] {processor.py:183} INFO - Processing /home/airflow/.local/lib/python3.8/site-packages/airflow/example_dags/example_trigger_target_dag.py took 0.279 seconds
[2025-07-08T09:11:36.009+0000] {processor.py:161} INFO - Started process (PID=896) to work on /home/airflow/.local/lib/python3.8/site-packages/airflow/example_dags/example_trigger_target_dag.py
[2025-07-08T09:11:36.012+0000] {processor.py:830} INFO - Processing file /home/airflow/.local/lib/python3.8/site-packages/airflow/example_dags/example_trigger_target_dag.py for tasks to queue
[2025-07-08T09:11:36.015+0000] {logging_mixin.py:188} INFO - [2025-07-08T09:11:36.014+0000] {dagbag.py:538} INFO - Filling up the DagBag from /home/airflow/.local/lib/python3.8/site-packages/airflow/example_dags/example_trigger_target_dag.py
[2025-07-08T09:11:36.026+0000] {processor.py:840} INFO - DAG(s) 'example_trigger_target_dag' retrieved from /home/airflow/.local/lib/python3.8/site-packages/airflow/example_dags/example_trigger_target_dag.py
[2025-07-08T09:11:36.064+0000] {logging_mixin.py:188} INFO - [2025-07-08T09:11:36.064+0000] {dag.py:3036} INFO - Sync 1 DAGs
[2025-07-08T09:11:36.091+0000] {logging_mixin.py:188} INFO - [2025-07-08T09:11:36.090+0000] {dag.py:3823} INFO - Setting next_dagrun for example_trigger_target_dag to None, run_after=None
[2025-07-08T09:11:36.137+0000] {processor.py:183} INFO - Processing /home/airflow/.local/lib/python3.8/site-packages/airflow/example_dags/example_trigger_target_dag.py took 0.137 seconds
[2025-07-08T09:12:06.743+0000] {processor.py:161} INFO - Started process (PID=960) to work on /home/airflow/.local/lib/python3.8/site-packages/airflow/example_dags/example_trigger_target_dag.py
[2025-07-08T09:12:06.744+0000] {processor.py:830} INFO - Processing file /home/airflow/.local/lib/python3.8/site-packages/airflow/example_dags/example_trigger_target_dag.py for tasks to queue
[2025-07-08T09:12:06.747+0000] {logging_mixin.py:188} INFO - [2025-07-08T09:12:06.747+0000] {dagbag.py:538} INFO - Filling up the DagBag from /home/airflow/.local/lib/python3.8/site-packages/airflow/example_dags/example_trigger_target_dag.py
[2025-07-08T09:12:06.814+0000] {processor.py:840} INFO - DAG(s) 'example_trigger_target_dag' retrieved from /home/airflow/.local/lib/python3.8/site-packages/airflow/example_dags/example_trigger_target_dag.py
[2025-07-08T09:12:06.935+0000] {logging_mixin.py:188} INFO - [2025-07-08T09:12:06.935+0000] {dag.py:3036} INFO - Sync 1 DAGs
[2025-07-08T09:12:06.973+0000] {logging_mixin.py:188} INFO - [2025-07-08T09:12:06.973+0000] {dag.py:3823} INFO - Setting next_dagrun for example_trigger_target_dag to None, run_after=None
[2025-07-08T09:12:07.022+0000] {processor.py:183} INFO - Processing /home/airflow/.local/lib/python3.8/site-packages/airflow/example_dags/example_trigger_target_dag.py took 0.289 seconds
[2025-07-08T09:12:37.444+0000] {processor.py:161} INFO - Started process (PID=1020) to work on /home/airflow/.local/lib/python3.8/site-packages/airflow/example_dags/example_trigger_target_dag.py
[2025-07-08T09:12:37.446+0000] {processor.py:830} INFO - Processing file /home/airflow/.local/lib/python3.8/site-packages/airflow/example_dags/example_trigger_target_dag.py for tasks to queue
[2025-07-08T09:12:37.449+0000] {logging_mixin.py:188} INFO - [2025-07-08T09:12:37.448+0000] {dagbag.py:538} INFO - Filling up the DagBag from /home/airflow/.local/lib/python3.8/site-packages/airflow/example_dags/example_trigger_target_dag.py
[2025-07-08T09:12:37.458+0000] {processor.py:840} INFO - DAG(s) 'example_trigger_target_dag' retrieved from /home/airflow/.local/lib/python3.8/site-packages/airflow/example_dags/example_trigger_target_dag.py
[2025-07-08T09:12:37.494+0000] {logging_mixin.py:188} INFO - [2025-07-08T09:12:37.494+0000] {dag.py:3036} INFO - Sync 1 DAGs
[2025-07-08T09:12:37.520+0000] {logging_mixin.py:188} INFO - [2025-07-08T09:12:37.519+0000] {dag.py:3823} INFO - Setting next_dagrun for example_trigger_target_dag to None, run_after=None
[2025-07-08T09:12:37.555+0000] {processor.py:183} INFO - Processing /home/airflow/.local/lib/python3.8/site-packages/airflow/example_dags/example_trigger_target_dag.py took 0.122 seconds
[2025-07-08T09:13:07.697+0000] {processor.py:161} INFO - Started process (PID=1088) to work on /home/airflow/.local/lib/python3.8/site-packages/airflow/example_dags/example_trigger_target_dag.py
[2025-07-08T09:13:07.698+0000] {processor.py:830} INFO - Processing file /home/airflow/.local/lib/python3.8/site-packages/airflow/example_dags/example_trigger_target_dag.py for tasks to queue
[2025-07-08T09:13:07.701+0000] {logging_mixin.py:188} INFO - [2025-07-08T09:13:07.701+0000] {dagbag.py:538} INFO - Filling up the DagBag from /home/airflow/.local/lib/python3.8/site-packages/airflow/example_dags/example_trigger_target_dag.py
[2025-07-08T09:13:07.711+0000] {processor.py:840} INFO - DAG(s) 'example_trigger_target_dag' retrieved from /home/airflow/.local/lib/python3.8/site-packages/airflow/example_dags/example_trigger_target_dag.py
[2025-07-08T09:13:07.748+0000] {logging_mixin.py:188} INFO - [2025-07-08T09:13:07.748+0000] {dag.py:3036} INFO - Sync 1 DAGs
[2025-07-08T09:13:07.773+0000] {logging_mixin.py:188} INFO - [2025-07-08T09:13:07.772+0000] {dag.py:3823} INFO - Setting next_dagrun for example_trigger_target_dag to None, run_after=None
[2025-07-08T09:13:07.806+0000] {processor.py:183} INFO - Processing /home/airflow/.local/lib/python3.8/site-packages/airflow/example_dags/example_trigger_target_dag.py took 0.116 seconds
[2025-07-08T09:13:40.944+0000] {processor.py:161} INFO - Started process (PID=1155) to work on /home/airflow/.local/lib/python3.8/site-packages/airflow/example_dags/example_trigger_target_dag.py
[2025-07-08T09:13:40.960+0000] {processor.py:830} INFO - Processing file /home/airflow/.local/lib/python3.8/site-packages/airflow/example_dags/example_trigger_target_dag.py for tasks to queue
[2025-07-08T09:13:40.963+0000] {logging_mixin.py:188} INFO - [2025-07-08T09:13:40.963+0000] {dagbag.py:538} INFO - Filling up the DagBag from /home/airflow/.local/lib/python3.8/site-packages/airflow/example_dags/example_trigger_target_dag.py
[2025-07-08T09:13:40.994+0000] {processor.py:840} INFO - DAG(s) 'example_trigger_target_dag' retrieved from /home/airflow/.local/lib/python3.8/site-packages/airflow/example_dags/example_trigger_target_dag.py
[2025-07-08T09:13:41.079+0000] {logging_mixin.py:188} INFO - [2025-07-08T09:13:41.079+0000] {dag.py:3036} INFO - Sync 1 DAGs
[2025-07-08T09:13:41.125+0000] {logging_mixin.py:188} INFO - [2025-07-08T09:13:41.125+0000] {dag.py:3823} INFO - Setting next_dagrun for example_trigger_target_dag to None, run_after=None
[2025-07-08T09:13:41.246+0000] {processor.py:183} INFO - Processing /home/airflow/.local/lib/python3.8/site-packages/airflow/example_dags/example_trigger_target_dag.py took 0.312 seconds
[2025-07-08T09:14:12.486+0000] {processor.py:161} INFO - Started process (PID=1223) to work on /home/airflow/.local/lib/python3.8/site-packages/airflow/example_dags/example_trigger_target_dag.py
[2025-07-08T09:14:12.494+0000] {processor.py:830} INFO - Processing file /home/airflow/.local/lib/python3.8/site-packages/airflow/example_dags/example_trigger_target_dag.py for tasks to queue
[2025-07-08T09:14:12.504+0000] {logging_mixin.py:188} INFO - [2025-07-08T09:14:12.503+0000] {dagbag.py:538} INFO - Filling up the DagBag from /home/airflow/.local/lib/python3.8/site-packages/airflow/example_dags/example_trigger_target_dag.py
[2025-07-08T09:14:12.523+0000] {processor.py:840} INFO - DAG(s) 'example_trigger_target_dag' retrieved from /home/airflow/.local/lib/python3.8/site-packages/airflow/example_dags/example_trigger_target_dag.py
[2025-07-08T09:14:12.597+0000] {logging_mixin.py:188} INFO - [2025-07-08T09:14:12.596+0000] {dag.py:3036} INFO - Sync 1 DAGs
[2025-07-08T09:14:12.639+0000] {logging_mixin.py:188} INFO - [2025-07-08T09:14:12.639+0000] {dag.py:3823} INFO - Setting next_dagrun for example_trigger_target_dag to None, run_after=None
[2025-07-08T09:14:12.705+0000] {processor.py:183} INFO - Processing /home/airflow/.local/lib/python3.8/site-packages/airflow/example_dags/example_trigger_target_dag.py took 0.233 seconds
[2025-07-08T09:14:43.072+0000] {processor.py:161} INFO - Started process (PID=1280) to work on /home/airflow/.local/lib/python3.8/site-packages/airflow/example_dags/example_trigger_target_dag.py
[2025-07-08T09:14:43.077+0000] {processor.py:830} INFO - Processing file /home/airflow/.local/lib/python3.8/site-packages/airflow/example_dags/example_trigger_target_dag.py for tasks to queue
[2025-07-08T09:14:43.085+0000] {logging_mixin.py:188} INFO - [2025-07-08T09:14:43.079+0000] {dagbag.py:538} INFO - Filling up the DagBag from /home/airflow/.local/lib/python3.8/site-packages/airflow/example_dags/example_trigger_target_dag.py
[2025-07-08T09:14:43.118+0000] {processor.py:840} INFO - DAG(s) 'example_trigger_target_dag' retrieved from /home/airflow/.local/lib/python3.8/site-packages/airflow/example_dags/example_trigger_target_dag.py
[2025-07-08T09:14:43.193+0000] {logging_mixin.py:188} INFO - [2025-07-08T09:14:43.193+0000] {dag.py:3036} INFO - Sync 1 DAGs
[2025-07-08T09:14:43.260+0000] {logging_mixin.py:188} INFO - [2025-07-08T09:14:43.259+0000] {dag.py:3823} INFO - Setting next_dagrun for example_trigger_target_dag to None, run_after=None
[2025-07-08T09:14:43.296+0000] {processor.py:183} INFO - Processing /home/airflow/.local/lib/python3.8/site-packages/airflow/example_dags/example_trigger_target_dag.py took 0.238 seconds
[2025-07-08T09:15:13.903+0000] {processor.py:161} INFO - Started process (PID=1346) to work on /home/airflow/.local/lib/python3.8/site-packages/airflow/example_dags/example_trigger_target_dag.py
[2025-07-08T09:15:13.905+0000] {processor.py:830} INFO - Processing file /home/airflow/.local/lib/python3.8/site-packages/airflow/example_dags/example_trigger_target_dag.py for tasks to queue
[2025-07-08T09:15:13.908+0000] {logging_mixin.py:188} INFO - [2025-07-08T09:15:13.907+0000] {dagbag.py:538} INFO - Filling up the DagBag from /home/airflow/.local/lib/python3.8/site-packages/airflow/example_dags/example_trigger_target_dag.py
[2025-07-08T09:15:13.917+0000] {processor.py:840} INFO - DAG(s) 'example_trigger_target_dag' retrieved from /home/airflow/.local/lib/python3.8/site-packages/airflow/example_dags/example_trigger_target_dag.py
[2025-07-08T09:15:13.954+0000] {logging_mixin.py:188} INFO - [2025-07-08T09:15:13.953+0000] {dag.py:3036} INFO - Sync 1 DAGs
[2025-07-08T09:15:13.978+0000] {logging_mixin.py:188} INFO - [2025-07-08T09:15:13.978+0000] {dag.py:3823} INFO - Setting next_dagrun for example_trigger_target_dag to None, run_after=None
[2025-07-08T09:15:14.013+0000] {processor.py:183} INFO - Processing /home/airflow/.local/lib/python3.8/site-packages/airflow/example_dags/example_trigger_target_dag.py took 0.116 seconds
[2025-07-08T09:15:44.497+0000] {processor.py:161} INFO - Started process (PID=1413) to work on /home/airflow/.local/lib/python3.8/site-packages/airflow/example_dags/example_trigger_target_dag.py
[2025-07-08T09:15:44.499+0000] {processor.py:830} INFO - Processing file /home/airflow/.local/lib/python3.8/site-packages/airflow/example_dags/example_trigger_target_dag.py for tasks to queue
[2025-07-08T09:15:44.501+0000] {logging_mixin.py:188} INFO - [2025-07-08T09:15:44.501+0000] {dagbag.py:538} INFO - Filling up the DagBag from /home/airflow/.local/lib/python3.8/site-packages/airflow/example_dags/example_trigger_target_dag.py
[2025-07-08T09:15:44.510+0000] {processor.py:840} INFO - DAG(s) 'example_trigger_target_dag' retrieved from /home/airflow/.local/lib/python3.8/site-packages/airflow/example_dags/example_trigger_target_dag.py
[2025-07-08T09:15:44.542+0000] {logging_mixin.py:188} INFO - [2025-07-08T09:15:44.542+0000] {dag.py:3036} INFO - Sync 1 DAGs
[2025-07-08T09:15:44.562+0000] {logging_mixin.py:188} INFO - [2025-07-08T09:15:44.561+0000] {dag.py:3823} INFO - Setting next_dagrun for example_trigger_target_dag to None, run_after=None
[2025-07-08T09:15:44.599+0000] {processor.py:183} INFO - Processing /home/airflow/.local/lib/python3.8/site-packages/airflow/example_dags/example_trigger_target_dag.py took 0.108 seconds
[2025-07-08T09:16:15.416+0000] {processor.py:161} INFO - Started process (PID=1479) to work on /home/airflow/.local/lib/python3.8/site-packages/airflow/example_dags/example_trigger_target_dag.py
[2025-07-08T09:16:15.422+0000] {processor.py:830} INFO - Processing file /home/airflow/.local/lib/python3.8/site-packages/airflow/example_dags/example_trigger_target_dag.py for tasks to queue
[2025-07-08T09:16:15.425+0000] {logging_mixin.py:188} INFO - [2025-07-08T09:16:15.424+0000] {dagbag.py:538} INFO - Filling up the DagBag from /home/airflow/.local/lib/python3.8/site-packages/airflow/example_dags/example_trigger_target_dag.py
[2025-07-08T09:16:15.435+0000] {processor.py:840} INFO - DAG(s) 'example_trigger_target_dag' retrieved from /home/airflow/.local/lib/python3.8/site-packages/airflow/example_dags/example_trigger_target_dag.py
[2025-07-08T09:16:15.505+0000] {logging_mixin.py:188} INFO - [2025-07-08T09:16:15.504+0000] {dag.py:3036} INFO - Sync 1 DAGs
[2025-07-08T09:16:15.528+0000] {logging_mixin.py:188} INFO - [2025-07-08T09:16:15.528+0000] {dag.py:3823} INFO - Setting next_dagrun for example_trigger_target_dag to None, run_after=None
[2025-07-08T09:16:15.562+0000] {processor.py:183} INFO - Processing /home/airflow/.local/lib/python3.8/site-packages/airflow/example_dags/example_trigger_target_dag.py took 0.152 seconds
[2025-07-08T09:16:46.440+0000] {processor.py:161} INFO - Started process (PID=1544) to work on /home/airflow/.local/lib/python3.8/site-packages/airflow/example_dags/example_trigger_target_dag.py
[2025-07-08T09:16:46.442+0000] {processor.py:830} INFO - Processing file /home/airflow/.local/lib/python3.8/site-packages/airflow/example_dags/example_trigger_target_dag.py for tasks to queue
[2025-07-08T09:16:46.446+0000] {logging_mixin.py:188} INFO - [2025-07-08T09:16:46.445+0000] {dagbag.py:538} INFO - Filling up the DagBag from /home/airflow/.local/lib/python3.8/site-packages/airflow/example_dags/example_trigger_target_dag.py
[2025-07-08T09:16:46.457+0000] {processor.py:840} INFO - DAG(s) 'example_trigger_target_dag' retrieved from /home/airflow/.local/lib/python3.8/site-packages/airflow/example_dags/example_trigger_target_dag.py
[2025-07-08T09:16:46.492+0000] {logging_mixin.py:188} INFO - [2025-07-08T09:16:46.491+0000] {dag.py:3036} INFO - Sync 1 DAGs
[2025-07-08T09:16:46.535+0000] {logging_mixin.py:188} INFO - [2025-07-08T09:16:46.534+0000] {dag.py:3823} INFO - Setting next_dagrun for example_trigger_target_dag to None, run_after=None
[2025-07-08T09:16:46.571+0000] {processor.py:183} INFO - Processing /home/airflow/.local/lib/python3.8/site-packages/airflow/example_dags/example_trigger_target_dag.py took 0.138 seconds
[2025-07-08T09:17:17.194+0000] {processor.py:161} INFO - Started process (PID=1611) to work on /home/airflow/.local/lib/python3.8/site-packages/airflow/example_dags/example_trigger_target_dag.py
[2025-07-08T09:17:17.196+0000] {processor.py:830} INFO - Processing file /home/airflow/.local/lib/python3.8/site-packages/airflow/example_dags/example_trigger_target_dag.py for tasks to queue
[2025-07-08T09:17:17.200+0000] {logging_mixin.py:188} INFO - [2025-07-08T09:17:17.199+0000] {dagbag.py:538} INFO - Filling up the DagBag from /home/airflow/.local/lib/python3.8/site-packages/airflow/example_dags/example_trigger_target_dag.py
[2025-07-08T09:17:17.211+0000] {processor.py:840} INFO - DAG(s) 'example_trigger_target_dag' retrieved from /home/airflow/.local/lib/python3.8/site-packages/airflow/example_dags/example_trigger_target_dag.py
[2025-07-08T09:17:17.252+0000] {logging_mixin.py:188} INFO - [2025-07-08T09:17:17.251+0000] {dag.py:3036} INFO - Sync 1 DAGs
[2025-07-08T09:17:17.277+0000] {logging_mixin.py:188} INFO - [2025-07-08T09:17:17.276+0000] {dag.py:3823} INFO - Setting next_dagrun for example_trigger_target_dag to None, run_after=None
[2025-07-08T09:17:17.310+0000] {processor.py:183} INFO - Processing /home/airflow/.local/lib/python3.8/site-packages/airflow/example_dags/example_trigger_target_dag.py took 0.122 seconds
[2025-07-08T09:17:48.364+0000] {processor.py:161} INFO - Started process (PID=1676) to work on /home/airflow/.local/lib/python3.8/site-packages/airflow/example_dags/example_trigger_target_dag.py
[2025-07-08T09:17:48.372+0000] {processor.py:830} INFO - Processing file /home/airflow/.local/lib/python3.8/site-packages/airflow/example_dags/example_trigger_target_dag.py for tasks to queue
[2025-07-08T09:17:48.375+0000] {logging_mixin.py:188} INFO - [2025-07-08T09:17:48.375+0000] {dagbag.py:538} INFO - Filling up the DagBag from /home/airflow/.local/lib/python3.8/site-packages/airflow/example_dags/example_trigger_target_dag.py
[2025-07-08T09:17:48.410+0000] {processor.py:840} INFO - DAG(s) 'example_trigger_target_dag' retrieved from /home/airflow/.local/lib/python3.8/site-packages/airflow/example_dags/example_trigger_target_dag.py
[2025-07-08T09:17:48.521+0000] {logging_mixin.py:188} INFO - [2025-07-08T09:17:48.520+0000] {dag.py:3036} INFO - Sync 1 DAGs
[2025-07-08T09:17:48.575+0000] {logging_mixin.py:188} INFO - [2025-07-08T09:17:48.573+0000] {dag.py:3823} INFO - Setting next_dagrun for example_trigger_target_dag to None, run_after=None
[2025-07-08T09:17:48.680+0000] {processor.py:183} INFO - Processing /home/airflow/.local/lib/python3.8/site-packages/airflow/example_dags/example_trigger_target_dag.py took 0.338 seconds
[2025-07-08T09:18:20.209+0000] {processor.py:161} INFO - Started process (PID=1742) to work on /home/airflow/.local/lib/python3.8/site-packages/airflow/example_dags/example_trigger_target_dag.py
[2025-07-08T09:18:20.211+0000] {processor.py:830} INFO - Processing file /home/airflow/.local/lib/python3.8/site-packages/airflow/example_dags/example_trigger_target_dag.py for tasks to queue
[2025-07-08T09:18:20.222+0000] {logging_mixin.py:188} INFO - [2025-07-08T09:18:20.222+0000] {dagbag.py:538} INFO - Filling up the DagBag from /home/airflow/.local/lib/python3.8/site-packages/airflow/example_dags/example_trigger_target_dag.py
[2025-07-08T09:18:20.245+0000] {processor.py:840} INFO - DAG(s) 'example_trigger_target_dag' retrieved from /home/airflow/.local/lib/python3.8/site-packages/airflow/example_dags/example_trigger_target_dag.py
[2025-07-08T09:18:20.373+0000] {logging_mixin.py:188} INFO - [2025-07-08T09:18:20.372+0000] {dag.py:3036} INFO - Sync 1 DAGs
[2025-07-08T09:18:20.447+0000] {logging_mixin.py:188} INFO - [2025-07-08T09:18:20.447+0000] {dag.py:3823} INFO - Setting next_dagrun for example_trigger_target_dag to None, run_after=None
[2025-07-08T09:18:20.556+0000] {processor.py:183} INFO - Processing /home/airflow/.local/lib/python3.8/site-packages/airflow/example_dags/example_trigger_target_dag.py took 0.382 seconds
[2025-07-08T09:18:51.268+0000] {processor.py:161} INFO - Started process (PID=1799) to work on /home/airflow/.local/lib/python3.8/site-packages/airflow/example_dags/example_trigger_target_dag.py
[2025-07-08T09:18:51.278+0000] {processor.py:830} INFO - Processing file /home/airflow/.local/lib/python3.8/site-packages/airflow/example_dags/example_trigger_target_dag.py for tasks to queue
[2025-07-08T09:18:51.282+0000] {logging_mixin.py:188} INFO - [2025-07-08T09:18:51.281+0000] {dagbag.py:538} INFO - Filling up the DagBag from /home/airflow/.local/lib/python3.8/site-packages/airflow/example_dags/example_trigger_target_dag.py
[2025-07-08T09:18:51.305+0000] {processor.py:840} INFO - DAG(s) 'example_trigger_target_dag' retrieved from /home/airflow/.local/lib/python3.8/site-packages/airflow/example_dags/example_trigger_target_dag.py
[2025-07-08T09:18:51.382+0000] {logging_mixin.py:188} INFO - [2025-07-08T09:18:51.380+0000] {dag.py:3036} INFO - Sync 1 DAGs
[2025-07-08T09:18:51.445+0000] {logging_mixin.py:188} INFO - [2025-07-08T09:18:51.445+0000] {dag.py:3823} INFO - Setting next_dagrun for example_trigger_target_dag to None, run_after=None
[2025-07-08T09:18:51.550+0000] {processor.py:183} INFO - Processing /home/airflow/.local/lib/python3.8/site-packages/airflow/example_dags/example_trigger_target_dag.py took 0.290 seconds
[2025-07-08T09:19:22.019+0000] {processor.py:161} INFO - Started process (PID=1865) to work on /home/airflow/.local/lib/python3.8/site-packages/airflow/example_dags/example_trigger_target_dag.py
[2025-07-08T09:19:22.020+0000] {processor.py:830} INFO - Processing file /home/airflow/.local/lib/python3.8/site-packages/airflow/example_dags/example_trigger_target_dag.py for tasks to queue
[2025-07-08T09:19:22.023+0000] {logging_mixin.py:188} INFO - [2025-07-08T09:19:22.022+0000] {dagbag.py:538} INFO - Filling up the DagBag from /home/airflow/.local/lib/python3.8/site-packages/airflow/example_dags/example_trigger_target_dag.py
[2025-07-08T09:19:22.055+0000] {processor.py:840} INFO - DAG(s) 'example_trigger_target_dag' retrieved from /home/airflow/.local/lib/python3.8/site-packages/airflow/example_dags/example_trigger_target_dag.py
[2025-07-08T09:19:22.126+0000] {logging_mixin.py:188} INFO - [2025-07-08T09:19:22.125+0000] {dag.py:3036} INFO - Sync 1 DAGs
[2025-07-08T09:19:22.153+0000] {logging_mixin.py:188} INFO - [2025-07-08T09:19:22.152+0000] {dag.py:3823} INFO - Setting next_dagrun for example_trigger_target_dag to None, run_after=None
[2025-07-08T09:19:22.214+0000] {processor.py:183} INFO - Processing /home/airflow/.local/lib/python3.8/site-packages/airflow/example_dags/example_trigger_target_dag.py took 0.213 seconds
[2025-07-08T09:19:53.321+0000] {processor.py:161} INFO - Started process (PID=1932) to work on /home/airflow/.local/lib/python3.8/site-packages/airflow/example_dags/example_trigger_target_dag.py
[2025-07-08T09:19:53.325+0000] {processor.py:830} INFO - Processing file /home/airflow/.local/lib/python3.8/site-packages/airflow/example_dags/example_trigger_target_dag.py for tasks to queue
[2025-07-08T09:19:53.332+0000] {logging_mixin.py:188} INFO - [2025-07-08T09:19:53.332+0000] {dagbag.py:538} INFO - Filling up the DagBag from /home/airflow/.local/lib/python3.8/site-packages/airflow/example_dags/example_trigger_target_dag.py
[2025-07-08T09:19:53.343+0000] {processor.py:840} INFO - DAG(s) 'example_trigger_target_dag' retrieved from /home/airflow/.local/lib/python3.8/site-packages/airflow/example_dags/example_trigger_target_dag.py
[2025-07-08T09:19:53.429+0000] {logging_mixin.py:188} INFO - [2025-07-08T09:19:53.429+0000] {dag.py:3036} INFO - Sync 1 DAGs
[2025-07-08T09:19:53.457+0000] {logging_mixin.py:188} INFO - [2025-07-08T09:19:53.456+0000] {dag.py:3823} INFO - Setting next_dagrun for example_trigger_target_dag to None, run_after=None
[2025-07-08T09:19:53.497+0000] {processor.py:183} INFO - Processing /home/airflow/.local/lib/python3.8/site-packages/airflow/example_dags/example_trigger_target_dag.py took 0.193 seconds
[2025-07-08T09:20:24.116+0000] {processor.py:161} INFO - Started process (PID=2000) to work on /home/airflow/.local/lib/python3.8/site-packages/airflow/example_dags/example_trigger_target_dag.py
[2025-07-08T09:20:24.118+0000] {processor.py:830} INFO - Processing file /home/airflow/.local/lib/python3.8/site-packages/airflow/example_dags/example_trigger_target_dag.py for tasks to queue
[2025-07-08T09:20:24.121+0000] {logging_mixin.py:188} INFO - [2025-07-08T09:20:24.121+0000] {dagbag.py:538} INFO - Filling up the DagBag from /home/airflow/.local/lib/python3.8/site-packages/airflow/example_dags/example_trigger_target_dag.py
[2025-07-08T09:20:24.159+0000] {processor.py:840} INFO - DAG(s) 'example_trigger_target_dag' retrieved from /home/airflow/.local/lib/python3.8/site-packages/airflow/example_dags/example_trigger_target_dag.py
[2025-07-08T09:20:24.306+0000] {logging_mixin.py:188} INFO - [2025-07-08T09:20:24.305+0000] {dag.py:3036} INFO - Sync 1 DAGs
[2025-07-08T09:20:24.356+0000] {logging_mixin.py:188} INFO - [2025-07-08T09:20:24.356+0000] {dag.py:3823} INFO - Setting next_dagrun for example_trigger_target_dag to None, run_after=None
[2025-07-08T09:20:24.438+0000] {processor.py:183} INFO - Processing /home/airflow/.local/lib/python3.8/site-packages/airflow/example_dags/example_trigger_target_dag.py took 0.335 seconds
[2025-07-08T09:20:55.236+0000] {processor.py:161} INFO - Started process (PID=2066) to work on /home/airflow/.local/lib/python3.8/site-packages/airflow/example_dags/example_trigger_target_dag.py
[2025-07-08T09:20:55.241+0000] {processor.py:830} INFO - Processing file /home/airflow/.local/lib/python3.8/site-packages/airflow/example_dags/example_trigger_target_dag.py for tasks to queue
[2025-07-08T09:20:55.244+0000] {logging_mixin.py:188} INFO - [2025-07-08T09:20:55.244+0000] {dagbag.py:538} INFO - Filling up the DagBag from /home/airflow/.local/lib/python3.8/site-packages/airflow/example_dags/example_trigger_target_dag.py
[2025-07-08T09:20:55.255+0000] {processor.py:840} INFO - DAG(s) 'example_trigger_target_dag' retrieved from /home/airflow/.local/lib/python3.8/site-packages/airflow/example_dags/example_trigger_target_dag.py
[2025-07-08T09:20:55.293+0000] {logging_mixin.py:188} INFO - [2025-07-08T09:20:55.293+0000] {dag.py:3036} INFO - Sync 1 DAGs
[2025-07-08T09:20:55.320+0000] {logging_mixin.py:188} INFO - [2025-07-08T09:20:55.319+0000] {dag.py:3823} INFO - Setting next_dagrun for example_trigger_target_dag to None, run_after=None
[2025-07-08T09:20:55.364+0000] {processor.py:183} INFO - Processing /home/airflow/.local/lib/python3.8/site-packages/airflow/example_dags/example_trigger_target_dag.py took 0.154 seconds
[2025-07-08T09:21:26.187+0000] {processor.py:161} INFO - Started process (PID=2132) to work on /home/airflow/.local/lib/python3.8/site-packages/airflow/example_dags/example_trigger_target_dag.py
[2025-07-08T09:21:26.189+0000] {processor.py:830} INFO - Processing file /home/airflow/.local/lib/python3.8/site-packages/airflow/example_dags/example_trigger_target_dag.py for tasks to queue
[2025-07-08T09:21:26.193+0000] {logging_mixin.py:188} INFO - [2025-07-08T09:21:26.191+0000] {dagbag.py:538} INFO - Filling up the DagBag from /home/airflow/.local/lib/python3.8/site-packages/airflow/example_dags/example_trigger_target_dag.py
[2025-07-08T09:21:26.214+0000] {processor.py:840} INFO - DAG(s) 'example_trigger_target_dag' retrieved from /home/airflow/.local/lib/python3.8/site-packages/airflow/example_dags/example_trigger_target_dag.py
[2025-07-08T09:21:26.317+0000] {logging_mixin.py:188} INFO - [2025-07-08T09:21:26.317+0000] {dag.py:3036} INFO - Sync 1 DAGs
[2025-07-08T09:21:26.387+0000] {logging_mixin.py:188} INFO - [2025-07-08T09:21:26.386+0000] {dag.py:3823} INFO - Setting next_dagrun for example_trigger_target_dag to None, run_after=None
[2025-07-08T09:21:26.469+0000] {processor.py:183} INFO - Processing /home/airflow/.local/lib/python3.8/site-packages/airflow/example_dags/example_trigger_target_dag.py took 0.297 seconds
[2025-07-08T09:21:57.503+0000] {processor.py:161} INFO - Started process (PID=2198) to work on /home/airflow/.local/lib/python3.8/site-packages/airflow/example_dags/example_trigger_target_dag.py
[2025-07-08T09:21:57.517+0000] {processor.py:830} INFO - Processing file /home/airflow/.local/lib/python3.8/site-packages/airflow/example_dags/example_trigger_target_dag.py for tasks to queue
[2025-07-08T09:21:57.521+0000] {logging_mixin.py:188} INFO - [2025-07-08T09:21:57.520+0000] {dagbag.py:538} INFO - Filling up the DagBag from /home/airflow/.local/lib/python3.8/site-packages/airflow/example_dags/example_trigger_target_dag.py
[2025-07-08T09:21:57.559+0000] {processor.py:840} INFO - DAG(s) 'example_trigger_target_dag' retrieved from /home/airflow/.local/lib/python3.8/site-packages/airflow/example_dags/example_trigger_target_dag.py
[2025-07-08T09:21:57.703+0000] {logging_mixin.py:188} INFO - [2025-07-08T09:21:57.702+0000] {dag.py:3036} INFO - Sync 1 DAGs
[2025-07-08T09:21:57.827+0000] {logging_mixin.py:188} INFO - [2025-07-08T09:21:57.827+0000] {dag.py:3823} INFO - Setting next_dagrun for example_trigger_target_dag to None, run_after=None
[2025-07-08T09:21:57.962+0000] {processor.py:183} INFO - Processing /home/airflow/.local/lib/python3.8/site-packages/airflow/example_dags/example_trigger_target_dag.py took 0.482 seconds
[2025-07-08T09:22:28.202+0000] {processor.py:161} INFO - Started process (PID=2256) to work on /home/airflow/.local/lib/python3.8/site-packages/airflow/example_dags/example_trigger_target_dag.py
[2025-07-08T09:22:28.204+0000] {processor.py:830} INFO - Processing file /home/airflow/.local/lib/python3.8/site-packages/airflow/example_dags/example_trigger_target_dag.py for tasks to queue
[2025-07-08T09:22:28.207+0000] {logging_mixin.py:188} INFO - [2025-07-08T09:22:28.206+0000] {dagbag.py:538} INFO - Filling up the DagBag from /home/airflow/.local/lib/python3.8/site-packages/airflow/example_dags/example_trigger_target_dag.py
[2025-07-08T09:22:28.224+0000] {processor.py:840} INFO - DAG(s) 'example_trigger_target_dag' retrieved from /home/airflow/.local/lib/python3.8/site-packages/airflow/example_dags/example_trigger_target_dag.py
[2025-07-08T09:22:28.264+0000] {logging_mixin.py:188} INFO - [2025-07-08T09:22:28.264+0000] {dag.py:3036} INFO - Sync 1 DAGs
[2025-07-08T09:22:28.328+0000] {logging_mixin.py:188} INFO - [2025-07-08T09:22:28.328+0000] {dag.py:3823} INFO - Setting next_dagrun for example_trigger_target_dag to None, run_after=None
[2025-07-08T09:22:28.361+0000] {processor.py:183} INFO - Processing /home/airflow/.local/lib/python3.8/site-packages/airflow/example_dags/example_trigger_target_dag.py took 0.166 seconds
[2025-07-08T09:22:59.083+0000] {processor.py:161} INFO - Started process (PID=2322) to work on /home/airflow/.local/lib/python3.8/site-packages/airflow/example_dags/example_trigger_target_dag.py
[2025-07-08T09:22:59.085+0000] {processor.py:830} INFO - Processing file /home/airflow/.local/lib/python3.8/site-packages/airflow/example_dags/example_trigger_target_dag.py for tasks to queue
[2025-07-08T09:22:59.089+0000] {logging_mixin.py:188} INFO - [2025-07-08T09:22:59.088+0000] {dagbag.py:538} INFO - Filling up the DagBag from /home/airflow/.local/lib/python3.8/site-packages/airflow/example_dags/example_trigger_target_dag.py
[2025-07-08T09:22:59.103+0000] {processor.py:840} INFO - DAG(s) 'example_trigger_target_dag' retrieved from /home/airflow/.local/lib/python3.8/site-packages/airflow/example_dags/example_trigger_target_dag.py
[2025-07-08T09:22:59.141+0000] {logging_mixin.py:188} INFO - [2025-07-08T09:22:59.141+0000] {dag.py:3036} INFO - Sync 1 DAGs
[2025-07-08T09:22:59.166+0000] {logging_mixin.py:188} INFO - [2025-07-08T09:22:59.166+0000] {dag.py:3823} INFO - Setting next_dagrun for example_trigger_target_dag to None, run_after=None
[2025-07-08T09:22:59.203+0000] {processor.py:183} INFO - Processing /home/airflow/.local/lib/python3.8/site-packages/airflow/example_dags/example_trigger_target_dag.py took 0.127 seconds
[2025-07-08T09:23:29.532+0000] {processor.py:161} INFO - Started process (PID=2388) to work on /home/airflow/.local/lib/python3.8/site-packages/airflow/example_dags/example_trigger_target_dag.py
[2025-07-08T09:23:29.533+0000] {processor.py:830} INFO - Processing file /home/airflow/.local/lib/python3.8/site-packages/airflow/example_dags/example_trigger_target_dag.py for tasks to queue
[2025-07-08T09:23:29.536+0000] {logging_mixin.py:188} INFO - [2025-07-08T09:23:29.536+0000] {dagbag.py:538} INFO - Filling up the DagBag from /home/airflow/.local/lib/python3.8/site-packages/airflow/example_dags/example_trigger_target_dag.py
[2025-07-08T09:23:29.547+0000] {processor.py:840} INFO - DAG(s) 'example_trigger_target_dag' retrieved from /home/airflow/.local/lib/python3.8/site-packages/airflow/example_dags/example_trigger_target_dag.py
[2025-07-08T09:23:29.584+0000] {logging_mixin.py:188} INFO - [2025-07-08T09:23:29.583+0000] {dag.py:3036} INFO - Sync 1 DAGs
[2025-07-08T09:23:29.621+0000] {logging_mixin.py:188} INFO - [2025-07-08T09:23:29.621+0000] {dag.py:3823} INFO - Setting next_dagrun for example_trigger_target_dag to None, run_after=None
[2025-07-08T09:23:29.678+0000] {processor.py:183} INFO - Processing /home/airflow/.local/lib/python3.8/site-packages/airflow/example_dags/example_trigger_target_dag.py took 0.153 seconds
[2025-07-08T09:24:00.424+0000] {processor.py:161} INFO - Started process (PID=2455) to work on /home/airflow/.local/lib/python3.8/site-packages/airflow/example_dags/example_trigger_target_dag.py
[2025-07-08T09:24:00.428+0000] {processor.py:830} INFO - Processing file /home/airflow/.local/lib/python3.8/site-packages/airflow/example_dags/example_trigger_target_dag.py for tasks to queue
[2025-07-08T09:24:00.435+0000] {logging_mixin.py:188} INFO - [2025-07-08T09:24:00.435+0000] {dagbag.py:538} INFO - Filling up the DagBag from /home/airflow/.local/lib/python3.8/site-packages/airflow/example_dags/example_trigger_target_dag.py
[2025-07-08T09:24:00.448+0000] {processor.py:840} INFO - DAG(s) 'example_trigger_target_dag' retrieved from /home/airflow/.local/lib/python3.8/site-packages/airflow/example_dags/example_trigger_target_dag.py
[2025-07-08T09:24:00.490+0000] {logging_mixin.py:188} INFO - [2025-07-08T09:24:00.489+0000] {dag.py:3036} INFO - Sync 1 DAGs
[2025-07-08T09:24:00.519+0000] {logging_mixin.py:188} INFO - [2025-07-08T09:24:00.518+0000] {dag.py:3823} INFO - Setting next_dagrun for example_trigger_target_dag to None, run_after=None
[2025-07-08T09:24:00.558+0000] {processor.py:183} INFO - Processing /home/airflow/.local/lib/python3.8/site-packages/airflow/example_dags/example_trigger_target_dag.py took 0.141 seconds
[2025-07-08T09:24:31.191+0000] {processor.py:161} INFO - Started process (PID=2521) to work on /home/airflow/.local/lib/python3.8/site-packages/airflow/example_dags/example_trigger_target_dag.py
[2025-07-08T09:24:31.193+0000] {processor.py:830} INFO - Processing file /home/airflow/.local/lib/python3.8/site-packages/airflow/example_dags/example_trigger_target_dag.py for tasks to queue
[2025-07-08T09:24:31.196+0000] {logging_mixin.py:188} INFO - [2025-07-08T09:24:31.195+0000] {dagbag.py:538} INFO - Filling up the DagBag from /home/airflow/.local/lib/python3.8/site-packages/airflow/example_dags/example_trigger_target_dag.py
[2025-07-08T09:24:31.207+0000] {processor.py:840} INFO - DAG(s) 'example_trigger_target_dag' retrieved from /home/airflow/.local/lib/python3.8/site-packages/airflow/example_dags/example_trigger_target_dag.py
[2025-07-08T09:24:31.243+0000] {logging_mixin.py:188} INFO - [2025-07-08T09:24:31.243+0000] {dag.py:3036} INFO - Sync 1 DAGs
[2025-07-08T09:24:31.268+0000] {logging_mixin.py:188} INFO - [2025-07-08T09:24:31.268+0000] {dag.py:3823} INFO - Setting next_dagrun for example_trigger_target_dag to None, run_after=None
[2025-07-08T09:24:31.304+0000] {processor.py:183} INFO - Processing /home/airflow/.local/lib/python3.8/site-packages/airflow/example_dags/example_trigger_target_dag.py took 0.119 seconds
[2025-07-08T09:25:01.798+0000] {processor.py:161} INFO - Started process (PID=2588) to work on /home/airflow/.local/lib/python3.8/site-packages/airflow/example_dags/example_trigger_target_dag.py
[2025-07-08T09:25:01.808+0000] {processor.py:830} INFO - Processing file /home/airflow/.local/lib/python3.8/site-packages/airflow/example_dags/example_trigger_target_dag.py for tasks to queue
[2025-07-08T09:25:01.812+0000] {logging_mixin.py:188} INFO - [2025-07-08T09:25:01.811+0000] {dagbag.py:538} INFO - Filling up the DagBag from /home/airflow/.local/lib/python3.8/site-packages/airflow/example_dags/example_trigger_target_dag.py
[2025-07-08T09:25:01.833+0000] {processor.py:840} INFO - DAG(s) 'example_trigger_target_dag' retrieved from /home/airflow/.local/lib/python3.8/site-packages/airflow/example_dags/example_trigger_target_dag.py
[2025-07-08T09:25:01.913+0000] {logging_mixin.py:188} INFO - [2025-07-08T09:25:01.913+0000] {dag.py:3036} INFO - Sync 1 DAGs
[2025-07-08T09:25:01.951+0000] {logging_mixin.py:188} INFO - [2025-07-08T09:25:01.951+0000] {dag.py:3823} INFO - Setting next_dagrun for example_trigger_target_dag to None, run_after=None
[2025-07-08T09:25:02.029+0000] {processor.py:183} INFO - Processing /home/airflow/.local/lib/python3.8/site-packages/airflow/example_dags/example_trigger_target_dag.py took 0.240 seconds
[2025-07-08T09:25:32.784+0000] {processor.py:161} INFO - Started process (PID=2654) to work on /home/airflow/.local/lib/python3.8/site-packages/airflow/example_dags/example_trigger_target_dag.py
[2025-07-08T09:25:32.785+0000] {processor.py:830} INFO - Processing file /home/airflow/.local/lib/python3.8/site-packages/airflow/example_dags/example_trigger_target_dag.py for tasks to queue
[2025-07-08T09:25:32.789+0000] {logging_mixin.py:188} INFO - [2025-07-08T09:25:32.788+0000] {dagbag.py:538} INFO - Filling up the DagBag from /home/airflow/.local/lib/python3.8/site-packages/airflow/example_dags/example_trigger_target_dag.py
[2025-07-08T09:25:32.805+0000] {processor.py:840} INFO - DAG(s) 'example_trigger_target_dag' retrieved from /home/airflow/.local/lib/python3.8/site-packages/airflow/example_dags/example_trigger_target_dag.py
[2025-07-08T09:25:32.935+0000] {logging_mixin.py:188} INFO - [2025-07-08T09:25:32.934+0000] {dag.py:3036} INFO - Sync 1 DAGs
[2025-07-08T09:25:32.970+0000] {logging_mixin.py:188} INFO - [2025-07-08T09:25:32.969+0000] {dag.py:3823} INFO - Setting next_dagrun for example_trigger_target_dag to None, run_after=None
[2025-07-08T09:25:33.073+0000] {processor.py:183} INFO - Processing /home/airflow/.local/lib/python3.8/site-packages/airflow/example_dags/example_trigger_target_dag.py took 0.295 seconds
[2025-07-08T09:26:03.858+0000] {processor.py:161} INFO - Started process (PID=2718) to work on /home/airflow/.local/lib/python3.8/site-packages/airflow/example_dags/example_trigger_target_dag.py
[2025-07-08T09:26:03.868+0000] {processor.py:830} INFO - Processing file /home/airflow/.local/lib/python3.8/site-packages/airflow/example_dags/example_trigger_target_dag.py for tasks to queue
[2025-07-08T09:26:03.871+0000] {logging_mixin.py:188} INFO - [2025-07-08T09:26:03.871+0000] {dagbag.py:538} INFO - Filling up the DagBag from /home/airflow/.local/lib/python3.8/site-packages/airflow/example_dags/example_trigger_target_dag.py
[2025-07-08T09:26:03.897+0000] {processor.py:840} INFO - DAG(s) 'example_trigger_target_dag' retrieved from /home/airflow/.local/lib/python3.8/site-packages/airflow/example_dags/example_trigger_target_dag.py
[2025-07-08T09:26:03.946+0000] {logging_mixin.py:188} INFO - [2025-07-08T09:26:03.946+0000] {dag.py:3036} INFO - Sync 1 DAGs
[2025-07-08T09:26:03.973+0000] {logging_mixin.py:188} INFO - [2025-07-08T09:26:03.973+0000] {dag.py:3823} INFO - Setting next_dagrun for example_trigger_target_dag to None, run_after=None
[2025-07-08T09:26:04.034+0000] {processor.py:183} INFO - Processing /home/airflow/.local/lib/python3.8/site-packages/airflow/example_dags/example_trigger_target_dag.py took 0.190 seconds
[2025-07-08T09:26:34.285+0000] {processor.py:161} INFO - Started process (PID=2776) to work on /home/airflow/.local/lib/python3.8/site-packages/airflow/example_dags/example_trigger_target_dag.py
[2025-07-08T09:26:34.304+0000] {processor.py:830} INFO - Processing file /home/airflow/.local/lib/python3.8/site-packages/airflow/example_dags/example_trigger_target_dag.py for tasks to queue
[2025-07-08T09:26:34.307+0000] {logging_mixin.py:188} INFO - [2025-07-08T09:26:34.307+0000] {dagbag.py:538} INFO - Filling up the DagBag from /home/airflow/.local/lib/python3.8/site-packages/airflow/example_dags/example_trigger_target_dag.py
[2025-07-08T09:26:34.332+0000] {processor.py:840} INFO - DAG(s) 'example_trigger_target_dag' retrieved from /home/airflow/.local/lib/python3.8/site-packages/airflow/example_dags/example_trigger_target_dag.py
[2025-07-08T09:26:34.372+0000] {logging_mixin.py:188} INFO - [2025-07-08T09:26:34.372+0000] {dag.py:3036} INFO - Sync 1 DAGs
[2025-07-08T09:26:34.398+0000] {logging_mixin.py:188} INFO - [2025-07-08T09:26:34.397+0000] {dag.py:3823} INFO - Setting next_dagrun for example_trigger_target_dag to None, run_after=None
[2025-07-08T09:26:34.434+0000] {processor.py:183} INFO - Processing /home/airflow/.local/lib/python3.8/site-packages/airflow/example_dags/example_trigger_target_dag.py took 0.157 seconds
[2025-07-08T09:27:05.013+0000] {processor.py:161} INFO - Started process (PID=2843) to work on /home/airflow/.local/lib/python3.8/site-packages/airflow/example_dags/example_trigger_target_dag.py
[2025-07-08T09:27:05.015+0000] {processor.py:830} INFO - Processing file /home/airflow/.local/lib/python3.8/site-packages/airflow/example_dags/example_trigger_target_dag.py for tasks to queue
[2025-07-08T09:27:05.035+0000] {logging_mixin.py:188} INFO - [2025-07-08T09:27:05.034+0000] {dagbag.py:538} INFO - Filling up the DagBag from /home/airflow/.local/lib/python3.8/site-packages/airflow/example_dags/example_trigger_target_dag.py
[2025-07-08T09:27:05.072+0000] {processor.py:840} INFO - DAG(s) 'example_trigger_target_dag' retrieved from /home/airflow/.local/lib/python3.8/site-packages/airflow/example_dags/example_trigger_target_dag.py
[2025-07-08T09:27:05.152+0000] {logging_mixin.py:188} INFO - [2025-07-08T09:27:05.152+0000] {dag.py:3036} INFO - Sync 1 DAGs
[2025-07-08T09:27:05.231+0000] {logging_mixin.py:188} INFO - [2025-07-08T09:27:05.231+0000] {dag.py:3823} INFO - Setting next_dagrun for example_trigger_target_dag to None, run_after=None
[2025-07-08T09:27:05.392+0000] {processor.py:183} INFO - Processing /home/airflow/.local/lib/python3.8/site-packages/airflow/example_dags/example_trigger_target_dag.py took 0.390 seconds
[2025-07-08T09:27:36.108+0000] {processor.py:161} INFO - Started process (PID=2901) to work on /home/airflow/.local/lib/python3.8/site-packages/airflow/example_dags/example_trigger_target_dag.py
[2025-07-08T09:27:36.120+0000] {processor.py:830} INFO - Processing file /home/airflow/.local/lib/python3.8/site-packages/airflow/example_dags/example_trigger_target_dag.py for tasks to queue
[2025-07-08T09:27:36.124+0000] {logging_mixin.py:188} INFO - [2025-07-08T09:27:36.123+0000] {dagbag.py:538} INFO - Filling up the DagBag from /home/airflow/.local/lib/python3.8/site-packages/airflow/example_dags/example_trigger_target_dag.py
[2025-07-08T09:27:36.155+0000] {processor.py:840} INFO - DAG(s) 'example_trigger_target_dag' retrieved from /home/airflow/.local/lib/python3.8/site-packages/airflow/example_dags/example_trigger_target_dag.py
[2025-07-08T09:27:36.249+0000] {logging_mixin.py:188} INFO - [2025-07-08T09:27:36.249+0000] {dag.py:3036} INFO - Sync 1 DAGs
[2025-07-08T09:27:36.308+0000] {logging_mixin.py:188} INFO - [2025-07-08T09:27:36.307+0000] {dag.py:3823} INFO - Setting next_dagrun for example_trigger_target_dag to None, run_after=None
[2025-07-08T09:27:36.392+0000] {processor.py:183} INFO - Processing /home/airflow/.local/lib/python3.8/site-packages/airflow/example_dags/example_trigger_target_dag.py took 0.299 seconds
[2025-07-08T09:28:06.998+0000] {processor.py:161} INFO - Started process (PID=2967) to work on /home/airflow/.local/lib/python3.8/site-packages/airflow/example_dags/example_trigger_target_dag.py
[2025-07-08T09:28:06.999+0000] {processor.py:830} INFO - Processing file /home/airflow/.local/lib/python3.8/site-packages/airflow/example_dags/example_trigger_target_dag.py for tasks to queue
[2025-07-08T09:28:07.011+0000] {logging_mixin.py:188} INFO - [2025-07-08T09:28:07.011+0000] {dagbag.py:538} INFO - Filling up the DagBag from /home/airflow/.local/lib/python3.8/site-packages/airflow/example_dags/example_trigger_target_dag.py
[2025-07-08T09:28:07.058+0000] {processor.py:840} INFO - DAG(s) 'example_trigger_target_dag' retrieved from /home/airflow/.local/lib/python3.8/site-packages/airflow/example_dags/example_trigger_target_dag.py
[2025-07-08T09:28:07.094+0000] {logging_mixin.py:188} INFO - [2025-07-08T09:28:07.093+0000] {dag.py:3036} INFO - Sync 1 DAGs
[2025-07-08T09:28:07.118+0000] {logging_mixin.py:188} INFO - [2025-07-08T09:28:07.118+0000] {dag.py:3823} INFO - Setting next_dagrun for example_trigger_target_dag to None, run_after=None
[2025-07-08T09:28:07.176+0000] {processor.py:183} INFO - Processing /home/airflow/.local/lib/python3.8/site-packages/airflow/example_dags/example_trigger_target_dag.py took 0.197 seconds
[2025-07-08T09:28:38.228+0000] {processor.py:161} INFO - Started process (PID=3033) to work on /home/airflow/.local/lib/python3.8/site-packages/airflow/example_dags/example_trigger_target_dag.py
[2025-07-08T09:28:38.239+0000] {processor.py:830} INFO - Processing file /home/airflow/.local/lib/python3.8/site-packages/airflow/example_dags/example_trigger_target_dag.py for tasks to queue
[2025-07-08T09:28:38.243+0000] {logging_mixin.py:188} INFO - [2025-07-08T09:28:38.242+0000] {dagbag.py:538} INFO - Filling up the DagBag from /home/airflow/.local/lib/python3.8/site-packages/airflow/example_dags/example_trigger_target_dag.py
[2025-07-08T09:28:38.265+0000] {processor.py:840} INFO - DAG(s) 'example_trigger_target_dag' retrieved from /home/airflow/.local/lib/python3.8/site-packages/airflow/example_dags/example_trigger_target_dag.py
[2025-07-08T09:28:38.365+0000] {logging_mixin.py:188} INFO - [2025-07-08T09:28:38.364+0000] {dag.py:3036} INFO - Sync 1 DAGs
[2025-07-08T09:28:38.466+0000] {logging_mixin.py:188} INFO - [2025-07-08T09:28:38.455+0000] {dag.py:3823} INFO - Setting next_dagrun for example_trigger_target_dag to None, run_after=None
[2025-07-08T09:28:38.526+0000] {processor.py:183} INFO - Processing /home/airflow/.local/lib/python3.8/site-packages/airflow/example_dags/example_trigger_target_dag.py took 0.315 seconds
[2025-07-08T09:29:09.265+0000] {processor.py:161} INFO - Started process (PID=3098) to work on /home/airflow/.local/lib/python3.8/site-packages/airflow/example_dags/example_trigger_target_dag.py
[2025-07-08T09:29:09.266+0000] {processor.py:830} INFO - Processing file /home/airflow/.local/lib/python3.8/site-packages/airflow/example_dags/example_trigger_target_dag.py for tasks to queue
[2025-07-08T09:29:09.281+0000] {logging_mixin.py:188} INFO - [2025-07-08T09:29:09.281+0000] {dagbag.py:538} INFO - Filling up the DagBag from /home/airflow/.local/lib/python3.8/site-packages/airflow/example_dags/example_trigger_target_dag.py
[2025-07-08T09:29:09.300+0000] {processor.py:840} INFO - DAG(s) 'example_trigger_target_dag' retrieved from /home/airflow/.local/lib/python3.8/site-packages/airflow/example_dags/example_trigger_target_dag.py
[2025-07-08T09:29:09.377+0000] {logging_mixin.py:188} INFO - [2025-07-08T09:29:09.377+0000] {dag.py:3036} INFO - Sync 1 DAGs
[2025-07-08T09:29:09.422+0000] {logging_mixin.py:188} INFO - [2025-07-08T09:29:09.421+0000] {dag.py:3823} INFO - Setting next_dagrun for example_trigger_target_dag to None, run_after=None
[2025-07-08T09:29:09.465+0000] {processor.py:183} INFO - Processing /home/airflow/.local/lib/python3.8/site-packages/airflow/example_dags/example_trigger_target_dag.py took 0.207 seconds
[2025-07-08T09:29:39.855+0000] {processor.py:161} INFO - Started process (PID=3164) to work on /home/airflow/.local/lib/python3.8/site-packages/airflow/example_dags/example_trigger_target_dag.py
[2025-07-08T09:29:39.858+0000] {processor.py:830} INFO - Processing file /home/airflow/.local/lib/python3.8/site-packages/airflow/example_dags/example_trigger_target_dag.py for tasks to queue
[2025-07-08T09:29:39.861+0000] {logging_mixin.py:188} INFO - [2025-07-08T09:29:39.860+0000] {dagbag.py:538} INFO - Filling up the DagBag from /home/airflow/.local/lib/python3.8/site-packages/airflow/example_dags/example_trigger_target_dag.py
[2025-07-08T09:29:39.871+0000] {processor.py:840} INFO - DAG(s) 'example_trigger_target_dag' retrieved from /home/airflow/.local/lib/python3.8/site-packages/airflow/example_dags/example_trigger_target_dag.py
[2025-07-08T09:29:39.936+0000] {logging_mixin.py:188} INFO - [2025-07-08T09:29:39.931+0000] {dag.py:3036} INFO - Sync 1 DAGs
[2025-07-08T09:29:39.984+0000] {logging_mixin.py:188} INFO - [2025-07-08T09:29:39.984+0000] {dag.py:3823} INFO - Setting next_dagrun for example_trigger_target_dag to None, run_after=None
[2025-07-08T09:29:40.065+0000] {processor.py:183} INFO - Processing /home/airflow/.local/lib/python3.8/site-packages/airflow/example_dags/example_trigger_target_dag.py took 0.219 seconds
[2025-07-08T09:30:10.826+0000] {processor.py:161} INFO - Started process (PID=3229) to work on /home/airflow/.local/lib/python3.8/site-packages/airflow/example_dags/example_trigger_target_dag.py
[2025-07-08T09:30:10.827+0000] {processor.py:830} INFO - Processing file /home/airflow/.local/lib/python3.8/site-packages/airflow/example_dags/example_trigger_target_dag.py for tasks to queue
[2025-07-08T09:30:10.841+0000] {logging_mixin.py:188} INFO - [2025-07-08T09:30:10.830+0000] {dagbag.py:538} INFO - Filling up the DagBag from /home/airflow/.local/lib/python3.8/site-packages/airflow/example_dags/example_trigger_target_dag.py
[2025-07-08T09:30:10.859+0000] {processor.py:840} INFO - DAG(s) 'example_trigger_target_dag' retrieved from /home/airflow/.local/lib/python3.8/site-packages/airflow/example_dags/example_trigger_target_dag.py
[2025-07-08T09:30:10.938+0000] {logging_mixin.py:188} INFO - [2025-07-08T09:30:10.938+0000] {dag.py:3036} INFO - Sync 1 DAGs
[2025-07-08T09:30:10.978+0000] {logging_mixin.py:188} INFO - [2025-07-08T09:30:10.978+0000] {dag.py:3823} INFO - Setting next_dagrun for example_trigger_target_dag to None, run_after=None
[2025-07-08T09:30:11.058+0000] {processor.py:183} INFO - Processing /home/airflow/.local/lib/python3.8/site-packages/airflow/example_dags/example_trigger_target_dag.py took 0.255 seconds
[2025-07-08T09:30:41.462+0000] {processor.py:161} INFO - Started process (PID=3296) to work on /home/airflow/.local/lib/python3.8/site-packages/airflow/example_dags/example_trigger_target_dag.py
[2025-07-08T09:30:41.466+0000] {processor.py:830} INFO - Processing file /home/airflow/.local/lib/python3.8/site-packages/airflow/example_dags/example_trigger_target_dag.py for tasks to queue
[2025-07-08T09:30:41.470+0000] {logging_mixin.py:188} INFO - [2025-07-08T09:30:41.469+0000] {dagbag.py:538} INFO - Filling up the DagBag from /home/airflow/.local/lib/python3.8/site-packages/airflow/example_dags/example_trigger_target_dag.py
[2025-07-08T09:30:41.490+0000] {processor.py:840} INFO - DAG(s) 'example_trigger_target_dag' retrieved from /home/airflow/.local/lib/python3.8/site-packages/airflow/example_dags/example_trigger_target_dag.py
[2025-07-08T09:30:41.559+0000] {logging_mixin.py:188} INFO - [2025-07-08T09:30:41.559+0000] {dag.py:3036} INFO - Sync 1 DAGs
[2025-07-08T09:30:41.595+0000] {logging_mixin.py:188} INFO - [2025-07-08T09:30:41.594+0000] {dag.py:3823} INFO - Setting next_dagrun for example_trigger_target_dag to None, run_after=None
[2025-07-08T09:30:41.654+0000] {processor.py:183} INFO - Processing /home/airflow/.local/lib/python3.8/site-packages/airflow/example_dags/example_trigger_target_dag.py took 0.198 seconds
[2025-07-08T09:31:12.113+0000] {processor.py:161} INFO - Started process (PID=3362) to work on /home/airflow/.local/lib/python3.8/site-packages/airflow/example_dags/example_trigger_target_dag.py
[2025-07-08T09:31:12.114+0000] {processor.py:830} INFO - Processing file /home/airflow/.local/lib/python3.8/site-packages/airflow/example_dags/example_trigger_target_dag.py for tasks to queue
[2025-07-08T09:31:12.117+0000] {logging_mixin.py:188} INFO - [2025-07-08T09:31:12.116+0000] {dagbag.py:538} INFO - Filling up the DagBag from /home/airflow/.local/lib/python3.8/site-packages/airflow/example_dags/example_trigger_target_dag.py
[2025-07-08T09:31:12.170+0000] {processor.py:840} INFO - DAG(s) 'example_trigger_target_dag' retrieved from /home/airflow/.local/lib/python3.8/site-packages/airflow/example_dags/example_trigger_target_dag.py
[2025-07-08T09:31:12.242+0000] {logging_mixin.py:188} INFO - [2025-07-08T09:31:12.242+0000] {dag.py:3036} INFO - Sync 1 DAGs
[2025-07-08T09:31:12.274+0000] {logging_mixin.py:188} INFO - [2025-07-08T09:31:12.271+0000] {dag.py:3823} INFO - Setting next_dagrun for example_trigger_target_dag to None, run_after=None
[2025-07-08T09:31:12.377+0000] {processor.py:183} INFO - Processing /home/airflow/.local/lib/python3.8/site-packages/airflow/example_dags/example_trigger_target_dag.py took 0.279 seconds
[2025-07-08T09:31:42.589+0000] {processor.py:161} INFO - Started process (PID=3427) to work on /home/airflow/.local/lib/python3.8/site-packages/airflow/example_dags/example_trigger_target_dag.py
[2025-07-08T09:31:42.600+0000] {processor.py:830} INFO - Processing file /home/airflow/.local/lib/python3.8/site-packages/airflow/example_dags/example_trigger_target_dag.py for tasks to queue
[2025-07-08T09:31:42.603+0000] {logging_mixin.py:188} INFO - [2025-07-08T09:31:42.603+0000] {dagbag.py:538} INFO - Filling up the DagBag from /home/airflow/.local/lib/python3.8/site-packages/airflow/example_dags/example_trigger_target_dag.py
[2025-07-08T09:31:42.622+0000] {processor.py:840} INFO - DAG(s) 'example_trigger_target_dag' retrieved from /home/airflow/.local/lib/python3.8/site-packages/airflow/example_dags/example_trigger_target_dag.py
[2025-07-08T09:31:42.691+0000] {logging_mixin.py:188} INFO - [2025-07-08T09:31:42.690+0000] {dag.py:3036} INFO - Sync 1 DAGs
[2025-07-08T09:31:42.744+0000] {logging_mixin.py:188} INFO - [2025-07-08T09:31:42.743+0000] {dag.py:3823} INFO - Setting next_dagrun for example_trigger_target_dag to None, run_after=None
[2025-07-08T09:31:42.845+0000] {processor.py:183} INFO - Processing /home/airflow/.local/lib/python3.8/site-packages/airflow/example_dags/example_trigger_target_dag.py took 0.262 seconds
[2025-07-08T09:32:13.393+0000] {processor.py:161} INFO - Started process (PID=3493) to work on /home/airflow/.local/lib/python3.8/site-packages/airflow/example_dags/example_trigger_target_dag.py
[2025-07-08T09:32:13.395+0000] {processor.py:830} INFO - Processing file /home/airflow/.local/lib/python3.8/site-packages/airflow/example_dags/example_trigger_target_dag.py for tasks to queue
[2025-07-08T09:32:13.397+0000] {logging_mixin.py:188} INFO - [2025-07-08T09:32:13.397+0000] {dagbag.py:538} INFO - Filling up the DagBag from /home/airflow/.local/lib/python3.8/site-packages/airflow/example_dags/example_trigger_target_dag.py
[2025-07-08T09:32:13.432+0000] {processor.py:840} INFO - DAG(s) 'example_trigger_target_dag' retrieved from /home/airflow/.local/lib/python3.8/site-packages/airflow/example_dags/example_trigger_target_dag.py
[2025-07-08T09:32:13.529+0000] {logging_mixin.py:188} INFO - [2025-07-08T09:32:13.529+0000] {dag.py:3036} INFO - Sync 1 DAGs
[2025-07-08T09:32:13.637+0000] {logging_mixin.py:188} INFO - [2025-07-08T09:32:13.637+0000] {dag.py:3823} INFO - Setting next_dagrun for example_trigger_target_dag to None, run_after=None
[2025-07-08T09:32:13.733+0000] {processor.py:183} INFO - Processing /home/airflow/.local/lib/python3.8/site-packages/airflow/example_dags/example_trigger_target_dag.py took 0.357 seconds
[2025-07-08T09:32:44.675+0000] {processor.py:161} INFO - Started process (PID=3560) to work on /home/airflow/.local/lib/python3.8/site-packages/airflow/example_dags/example_trigger_target_dag.py
[2025-07-08T09:32:44.686+0000] {processor.py:830} INFO - Processing file /home/airflow/.local/lib/python3.8/site-packages/airflow/example_dags/example_trigger_target_dag.py for tasks to queue
[2025-07-08T09:32:44.690+0000] {logging_mixin.py:188} INFO - [2025-07-08T09:32:44.690+0000] {dagbag.py:538} INFO - Filling up the DagBag from /home/airflow/.local/lib/python3.8/site-packages/airflow/example_dags/example_trigger_target_dag.py
[2025-07-08T09:32:44.722+0000] {processor.py:840} INFO - DAG(s) 'example_trigger_target_dag' retrieved from /home/airflow/.local/lib/python3.8/site-packages/airflow/example_dags/example_trigger_target_dag.py
[2025-07-08T09:32:44.787+0000] {logging_mixin.py:188} INFO - [2025-07-08T09:32:44.787+0000] {dag.py:3036} INFO - Sync 1 DAGs
[2025-07-08T09:32:44.818+0000] {logging_mixin.py:188} INFO - [2025-07-08T09:32:44.818+0000] {dag.py:3823} INFO - Setting next_dagrun for example_trigger_target_dag to None, run_after=None
[2025-07-08T09:32:44.884+0000] {processor.py:183} INFO - Processing /home/airflow/.local/lib/python3.8/site-packages/airflow/example_dags/example_trigger_target_dag.py took 0.229 seconds
[2025-07-08T09:33:15.428+0000] {processor.py:161} INFO - Started process (PID=3626) to work on /home/airflow/.local/lib/python3.8/site-packages/airflow/example_dags/example_trigger_target_dag.py
[2025-07-08T09:33:15.430+0000] {processor.py:830} INFO - Processing file /home/airflow/.local/lib/python3.8/site-packages/airflow/example_dags/example_trigger_target_dag.py for tasks to queue
[2025-07-08T09:33:15.434+0000] {logging_mixin.py:188} INFO - [2025-07-08T09:33:15.433+0000] {dagbag.py:538} INFO - Filling up the DagBag from /home/airflow/.local/lib/python3.8/site-packages/airflow/example_dags/example_trigger_target_dag.py
[2025-07-08T09:33:15.445+0000] {processor.py:840} INFO - DAG(s) 'example_trigger_target_dag' retrieved from /home/airflow/.local/lib/python3.8/site-packages/airflow/example_dags/example_trigger_target_dag.py
[2025-07-08T09:33:15.494+0000] {logging_mixin.py:188} INFO - [2025-07-08T09:33:15.493+0000] {dag.py:3036} INFO - Sync 1 DAGs
[2025-07-08T09:33:15.522+0000] {logging_mixin.py:188} INFO - [2025-07-08T09:33:15.521+0000] {dag.py:3823} INFO - Setting next_dagrun for example_trigger_target_dag to None, run_after=None
[2025-07-08T09:33:15.553+0000] {processor.py:183} INFO - Processing /home/airflow/.local/lib/python3.8/site-packages/airflow/example_dags/example_trigger_target_dag.py took 0.131 seconds
[2025-07-08T09:33:46.645+0000] {processor.py:161} INFO - Started process (PID=3691) to work on /home/airflow/.local/lib/python3.8/site-packages/airflow/example_dags/example_trigger_target_dag.py
[2025-07-08T09:33:46.652+0000] {processor.py:830} INFO - Processing file /home/airflow/.local/lib/python3.8/site-packages/airflow/example_dags/example_trigger_target_dag.py for tasks to queue
[2025-07-08T09:33:46.655+0000] {logging_mixin.py:188} INFO - [2025-07-08T09:33:46.655+0000] {dagbag.py:538} INFO - Filling up the DagBag from /home/airflow/.local/lib/python3.8/site-packages/airflow/example_dags/example_trigger_target_dag.py
[2025-07-08T09:33:46.678+0000] {processor.py:840} INFO - DAG(s) 'example_trigger_target_dag' retrieved from /home/airflow/.local/lib/python3.8/site-packages/airflow/example_dags/example_trigger_target_dag.py
[2025-07-08T09:33:46.799+0000] {logging_mixin.py:188} INFO - [2025-07-08T09:33:46.798+0000] {dag.py:3036} INFO - Sync 1 DAGs
[2025-07-08T09:33:46.860+0000] {logging_mixin.py:188} INFO - [2025-07-08T09:33:46.859+0000] {dag.py:3823} INFO - Setting next_dagrun for example_trigger_target_dag to None, run_after=None
[2025-07-08T09:33:46.950+0000] {processor.py:183} INFO - Processing /home/airflow/.local/lib/python3.8/site-packages/airflow/example_dags/example_trigger_target_dag.py took 0.322 seconds
[2025-07-08T09:34:17.806+0000] {processor.py:161} INFO - Started process (PID=3757) to work on /home/airflow/.local/lib/python3.8/site-packages/airflow/example_dags/example_trigger_target_dag.py
[2025-07-08T09:34:17.820+0000] {processor.py:830} INFO - Processing file /home/airflow/.local/lib/python3.8/site-packages/airflow/example_dags/example_trigger_target_dag.py for tasks to queue
[2025-07-08T09:34:17.823+0000] {logging_mixin.py:188} INFO - [2025-07-08T09:34:17.823+0000] {dagbag.py:538} INFO - Filling up the DagBag from /home/airflow/.local/lib/python3.8/site-packages/airflow/example_dags/example_trigger_target_dag.py
[2025-07-08T09:34:17.851+0000] {processor.py:840} INFO - DAG(s) 'example_trigger_target_dag' retrieved from /home/airflow/.local/lib/python3.8/site-packages/airflow/example_dags/example_trigger_target_dag.py
[2025-07-08T09:34:17.918+0000] {logging_mixin.py:188} INFO - [2025-07-08T09:34:17.917+0000] {dag.py:3036} INFO - Sync 1 DAGs
[2025-07-08T09:34:17.971+0000] {logging_mixin.py:188} INFO - [2025-07-08T09:34:17.970+0000] {dag.py:3823} INFO - Setting next_dagrun for example_trigger_target_dag to None, run_after=None
[2025-07-08T09:34:18.040+0000] {processor.py:183} INFO - Processing /home/airflow/.local/lib/python3.8/site-packages/airflow/example_dags/example_trigger_target_dag.py took 0.267 seconds
[2025-07-08T09:34:49.497+0000] {processor.py:161} INFO - Started process (PID=3823) to work on /home/airflow/.local/lib/python3.8/site-packages/airflow/example_dags/example_trigger_target_dag.py
[2025-07-08T09:34:49.518+0000] {processor.py:830} INFO - Processing file /home/airflow/.local/lib/python3.8/site-packages/airflow/example_dags/example_trigger_target_dag.py for tasks to queue
[2025-07-08T09:34:49.522+0000] {logging_mixin.py:188} INFO - [2025-07-08T09:34:49.521+0000] {dagbag.py:538} INFO - Filling up the DagBag from /home/airflow/.local/lib/python3.8/site-packages/airflow/example_dags/example_trigger_target_dag.py
[2025-07-08T09:34:49.582+0000] {processor.py:840} INFO - DAG(s) 'example_trigger_target_dag' retrieved from /home/airflow/.local/lib/python3.8/site-packages/airflow/example_dags/example_trigger_target_dag.py
[2025-07-08T09:34:49.676+0000] {logging_mixin.py:188} INFO - [2025-07-08T09:34:49.676+0000] {dag.py:3036} INFO - Sync 1 DAGs
[2025-07-08T09:34:49.768+0000] {logging_mixin.py:188} INFO - [2025-07-08T09:34:49.767+0000] {dag.py:3823} INFO - Setting next_dagrun for example_trigger_target_dag to None, run_after=None
[2025-07-08T09:34:49.926+0000] {processor.py:183} INFO - Processing /home/airflow/.local/lib/python3.8/site-packages/airflow/example_dags/example_trigger_target_dag.py took 0.467 seconds
[2025-07-08T09:35:20.909+0000] {processor.py:161} INFO - Started process (PID=3882) to work on /home/airflow/.local/lib/python3.8/site-packages/airflow/example_dags/example_trigger_target_dag.py
[2025-07-08T09:35:20.911+0000] {processor.py:830} INFO - Processing file /home/airflow/.local/lib/python3.8/site-packages/airflow/example_dags/example_trigger_target_dag.py for tasks to queue
[2025-07-08T09:35:20.914+0000] {logging_mixin.py:188} INFO - [2025-07-08T09:35:20.913+0000] {dagbag.py:538} INFO - Filling up the DagBag from /home/airflow/.local/lib/python3.8/site-packages/airflow/example_dags/example_trigger_target_dag.py
[2025-07-08T09:35:20.926+0000] {processor.py:840} INFO - DAG(s) 'example_trigger_target_dag' retrieved from /home/airflow/.local/lib/python3.8/site-packages/airflow/example_dags/example_trigger_target_dag.py
[2025-07-08T09:35:20.962+0000] {logging_mixin.py:188} INFO - [2025-07-08T09:35:20.961+0000] {dag.py:3036} INFO - Sync 1 DAGs
[2025-07-08T09:35:21.011+0000] {logging_mixin.py:188} INFO - [2025-07-08T09:35:21.008+0000] {dag.py:3823} INFO - Setting next_dagrun for example_trigger_target_dag to None, run_after=None
[2025-07-08T09:35:21.093+0000] {processor.py:183} INFO - Processing /home/airflow/.local/lib/python3.8/site-packages/airflow/example_dags/example_trigger_target_dag.py took 0.190 seconds
[2025-07-08T09:35:52.123+0000] {processor.py:161} INFO - Started process (PID=3948) to work on /home/airflow/.local/lib/python3.8/site-packages/airflow/example_dags/example_trigger_target_dag.py
[2025-07-08T09:35:52.126+0000] {processor.py:830} INFO - Processing file /home/airflow/.local/lib/python3.8/site-packages/airflow/example_dags/example_trigger_target_dag.py for tasks to queue
[2025-07-08T09:35:52.129+0000] {logging_mixin.py:188} INFO - [2025-07-08T09:35:52.128+0000] {dagbag.py:538} INFO - Filling up the DagBag from /home/airflow/.local/lib/python3.8/site-packages/airflow/example_dags/example_trigger_target_dag.py
[2025-07-08T09:35:52.139+0000] {processor.py:840} INFO - DAG(s) 'example_trigger_target_dag' retrieved from /home/airflow/.local/lib/python3.8/site-packages/airflow/example_dags/example_trigger_target_dag.py
[2025-07-08T09:35:52.178+0000] {logging_mixin.py:188} INFO - [2025-07-08T09:35:52.177+0000] {dag.py:3036} INFO - Sync 1 DAGs
[2025-07-08T09:35:52.203+0000] {logging_mixin.py:188} INFO - [2025-07-08T09:35:52.203+0000] {dag.py:3823} INFO - Setting next_dagrun for example_trigger_target_dag to None, run_after=None
[2025-07-08T09:35:52.237+0000] {processor.py:183} INFO - Processing /home/airflow/.local/lib/python3.8/site-packages/airflow/example_dags/example_trigger_target_dag.py took 0.119 seconds
[2025-07-08T09:36:22.473+0000] {processor.py:161} INFO - Started process (PID=4014) to work on /home/airflow/.local/lib/python3.8/site-packages/airflow/example_dags/example_trigger_target_dag.py
[2025-07-08T09:36:22.475+0000] {processor.py:830} INFO - Processing file /home/airflow/.local/lib/python3.8/site-packages/airflow/example_dags/example_trigger_target_dag.py for tasks to queue
[2025-07-08T09:36:22.478+0000] {logging_mixin.py:188} INFO - [2025-07-08T09:36:22.477+0000] {dagbag.py:538} INFO - Filling up the DagBag from /home/airflow/.local/lib/python3.8/site-packages/airflow/example_dags/example_trigger_target_dag.py
[2025-07-08T09:36:22.497+0000] {processor.py:840} INFO - DAG(s) 'example_trigger_target_dag' retrieved from /home/airflow/.local/lib/python3.8/site-packages/airflow/example_dags/example_trigger_target_dag.py
[2025-07-08T09:36:22.552+0000] {logging_mixin.py:188} INFO - [2025-07-08T09:36:22.552+0000] {dag.py:3036} INFO - Sync 1 DAGs
[2025-07-08T09:36:22.580+0000] {logging_mixin.py:188} INFO - [2025-07-08T09:36:22.580+0000] {dag.py:3823} INFO - Setting next_dagrun for example_trigger_target_dag to None, run_after=None
[2025-07-08T09:36:22.617+0000] {processor.py:183} INFO - Processing /home/airflow/.local/lib/python3.8/site-packages/airflow/example_dags/example_trigger_target_dag.py took 0.153 seconds
[2025-07-08T09:36:52.696+0000] {processor.py:161} INFO - Started process (PID=4082) to work on /home/airflow/.local/lib/python3.8/site-packages/airflow/example_dags/example_trigger_target_dag.py
[2025-07-08T09:36:52.698+0000] {processor.py:830} INFO - Processing file /home/airflow/.local/lib/python3.8/site-packages/airflow/example_dags/example_trigger_target_dag.py for tasks to queue
[2025-07-08T09:36:52.701+0000] {logging_mixin.py:188} INFO - [2025-07-08T09:36:52.700+0000] {dagbag.py:538} INFO - Filling up the DagBag from /home/airflow/.local/lib/python3.8/site-packages/airflow/example_dags/example_trigger_target_dag.py
[2025-07-08T09:36:52.730+0000] {processor.py:840} INFO - DAG(s) 'example_trigger_target_dag' retrieved from /home/airflow/.local/lib/python3.8/site-packages/airflow/example_dags/example_trigger_target_dag.py
[2025-07-08T09:36:52.769+0000] {logging_mixin.py:188} INFO - [2025-07-08T09:36:52.768+0000] {dag.py:3036} INFO - Sync 1 DAGs
[2025-07-08T09:36:52.794+0000] {logging_mixin.py:188} INFO - [2025-07-08T09:36:52.794+0000] {dag.py:3823} INFO - Setting next_dagrun for example_trigger_target_dag to None, run_after=None
[2025-07-08T09:36:52.830+0000] {processor.py:183} INFO - Processing /home/airflow/.local/lib/python3.8/site-packages/airflow/example_dags/example_trigger_target_dag.py took 0.140 seconds
[2025-07-08T09:37:23.334+0000] {processor.py:161} INFO - Started process (PID=4148) to work on /home/airflow/.local/lib/python3.8/site-packages/airflow/example_dags/example_trigger_target_dag.py
[2025-07-08T09:37:23.336+0000] {processor.py:830} INFO - Processing file /home/airflow/.local/lib/python3.8/site-packages/airflow/example_dags/example_trigger_target_dag.py for tasks to queue
[2025-07-08T09:37:23.340+0000] {logging_mixin.py:188} INFO - [2025-07-08T09:37:23.339+0000] {dagbag.py:538} INFO - Filling up the DagBag from /home/airflow/.local/lib/python3.8/site-packages/airflow/example_dags/example_trigger_target_dag.py
[2025-07-08T09:37:23.362+0000] {processor.py:840} INFO - DAG(s) 'example_trigger_target_dag' retrieved from /home/airflow/.local/lib/python3.8/site-packages/airflow/example_dags/example_trigger_target_dag.py
[2025-07-08T09:37:23.446+0000] {logging_mixin.py:188} INFO - [2025-07-08T09:37:23.445+0000] {dag.py:3036} INFO - Sync 1 DAGs
[2025-07-08T09:37:23.488+0000] {logging_mixin.py:188} INFO - [2025-07-08T09:37:23.488+0000] {dag.py:3823} INFO - Setting next_dagrun for example_trigger_target_dag to None, run_after=None
[2025-07-08T09:37:23.543+0000] {processor.py:183} INFO - Processing /home/airflow/.local/lib/python3.8/site-packages/airflow/example_dags/example_trigger_target_dag.py took 0.232 seconds
[2025-07-08T09:37:54.393+0000] {processor.py:161} INFO - Started process (PID=4216) to work on /home/airflow/.local/lib/python3.8/site-packages/airflow/example_dags/example_trigger_target_dag.py
[2025-07-08T09:37:54.396+0000] {processor.py:830} INFO - Processing file /home/airflow/.local/lib/python3.8/site-packages/airflow/example_dags/example_trigger_target_dag.py for tasks to queue
[2025-07-08T09:37:54.399+0000] {logging_mixin.py:188} INFO - [2025-07-08T09:37:54.399+0000] {dagbag.py:538} INFO - Filling up the DagBag from /home/airflow/.local/lib/python3.8/site-packages/airflow/example_dags/example_trigger_target_dag.py
[2025-07-08T09:37:54.410+0000] {processor.py:840} INFO - DAG(s) 'example_trigger_target_dag' retrieved from /home/airflow/.local/lib/python3.8/site-packages/airflow/example_dags/example_trigger_target_dag.py
[2025-07-08T09:37:54.450+0000] {logging_mixin.py:188} INFO - [2025-07-08T09:37:54.450+0000] {dag.py:3036} INFO - Sync 1 DAGs
[2025-07-08T09:37:54.479+0000] {logging_mixin.py:188} INFO - [2025-07-08T09:37:54.478+0000] {dag.py:3823} INFO - Setting next_dagrun for example_trigger_target_dag to None, run_after=None
[2025-07-08T09:37:54.517+0000] {processor.py:183} INFO - Processing /home/airflow/.local/lib/python3.8/site-packages/airflow/example_dags/example_trigger_target_dag.py took 0.130 seconds
[2025-07-08T09:38:25.062+0000] {processor.py:161} INFO - Started process (PID=4283) to work on /home/airflow/.local/lib/python3.8/site-packages/airflow/example_dags/example_trigger_target_dag.py
[2025-07-08T09:38:25.063+0000] {processor.py:830} INFO - Processing file /home/airflow/.local/lib/python3.8/site-packages/airflow/example_dags/example_trigger_target_dag.py for tasks to queue
[2025-07-08T09:38:25.074+0000] {logging_mixin.py:188} INFO - [2025-07-08T09:38:25.074+0000] {dagbag.py:538} INFO - Filling up the DagBag from /home/airflow/.local/lib/python3.8/site-packages/airflow/example_dags/example_trigger_target_dag.py
[2025-07-08T09:38:25.091+0000] {processor.py:840} INFO - DAG(s) 'example_trigger_target_dag' retrieved from /home/airflow/.local/lib/python3.8/site-packages/airflow/example_dags/example_trigger_target_dag.py
[2025-07-08T09:38:25.157+0000] {logging_mixin.py:188} INFO - [2025-07-08T09:38:25.157+0000] {dag.py:3036} INFO - Sync 1 DAGs
[2025-07-08T09:38:25.202+0000] {logging_mixin.py:188} INFO - [2025-07-08T09:38:25.202+0000] {dag.py:3823} INFO - Setting next_dagrun for example_trigger_target_dag to None, run_after=None
[2025-07-08T09:38:25.323+0000] {processor.py:183} INFO - Processing /home/airflow/.local/lib/python3.8/site-packages/airflow/example_dags/example_trigger_target_dag.py took 0.272 seconds
[2025-07-08T09:38:55.440+0000] {processor.py:161} INFO - Started process (PID=4349) to work on /home/airflow/.local/lib/python3.8/site-packages/airflow/example_dags/example_trigger_target_dag.py
[2025-07-08T09:38:55.445+0000] {processor.py:830} INFO - Processing file /home/airflow/.local/lib/python3.8/site-packages/airflow/example_dags/example_trigger_target_dag.py for tasks to queue
[2025-07-08T09:38:55.452+0000] {logging_mixin.py:188} INFO - [2025-07-08T09:38:55.452+0000] {dagbag.py:538} INFO - Filling up the DagBag from /home/airflow/.local/lib/python3.8/site-packages/airflow/example_dags/example_trigger_target_dag.py
[2025-07-08T09:38:55.469+0000] {processor.py:840} INFO - DAG(s) 'example_trigger_target_dag' retrieved from /home/airflow/.local/lib/python3.8/site-packages/airflow/example_dags/example_trigger_target_dag.py
[2025-07-08T09:38:55.538+0000] {logging_mixin.py:188} INFO - [2025-07-08T09:38:55.538+0000] {dag.py:3036} INFO - Sync 1 DAGs
[2025-07-08T09:38:55.581+0000] {logging_mixin.py:188} INFO - [2025-07-08T09:38:55.581+0000] {dag.py:3823} INFO - Setting next_dagrun for example_trigger_target_dag to None, run_after=None
[2025-07-08T09:38:55.629+0000] {processor.py:183} INFO - Processing /home/airflow/.local/lib/python3.8/site-packages/airflow/example_dags/example_trigger_target_dag.py took 0.207 seconds
[2025-07-08T09:39:26.213+0000] {processor.py:161} INFO - Started process (PID=4416) to work on /home/airflow/.local/lib/python3.8/site-packages/airflow/example_dags/example_trigger_target_dag.py
[2025-07-08T09:39:26.214+0000] {processor.py:830} INFO - Processing file /home/airflow/.local/lib/python3.8/site-packages/airflow/example_dags/example_trigger_target_dag.py for tasks to queue
[2025-07-08T09:39:26.217+0000] {logging_mixin.py:188} INFO - [2025-07-08T09:39:26.216+0000] {dagbag.py:538} INFO - Filling up the DagBag from /home/airflow/.local/lib/python3.8/site-packages/airflow/example_dags/example_trigger_target_dag.py
[2025-07-08T09:39:26.238+0000] {processor.py:840} INFO - DAG(s) 'example_trigger_target_dag' retrieved from /home/airflow/.local/lib/python3.8/site-packages/airflow/example_dags/example_trigger_target_dag.py
[2025-07-08T09:39:26.310+0000] {logging_mixin.py:188} INFO - [2025-07-08T09:39:26.309+0000] {dag.py:3036} INFO - Sync 1 DAGs
[2025-07-08T09:39:26.354+0000] {logging_mixin.py:188} INFO - [2025-07-08T09:39:26.353+0000] {dag.py:3823} INFO - Setting next_dagrun for example_trigger_target_dag to None, run_after=None
[2025-07-08T09:39:26.418+0000] {processor.py:183} INFO - Processing /home/airflow/.local/lib/python3.8/site-packages/airflow/example_dags/example_trigger_target_dag.py took 0.222 seconds
[2025-07-08T09:39:56.650+0000] {processor.py:161} INFO - Started process (PID=4483) to work on /home/airflow/.local/lib/python3.8/site-packages/airflow/example_dags/example_trigger_target_dag.py
[2025-07-08T09:39:56.655+0000] {processor.py:830} INFO - Processing file /home/airflow/.local/lib/python3.8/site-packages/airflow/example_dags/example_trigger_target_dag.py for tasks to queue
[2025-07-08T09:39:56.658+0000] {logging_mixin.py:188} INFO - [2025-07-08T09:39:56.658+0000] {dagbag.py:538} INFO - Filling up the DagBag from /home/airflow/.local/lib/python3.8/site-packages/airflow/example_dags/example_trigger_target_dag.py
[2025-07-08T09:39:56.690+0000] {processor.py:840} INFO - DAG(s) 'example_trigger_target_dag' retrieved from /home/airflow/.local/lib/python3.8/site-packages/airflow/example_dags/example_trigger_target_dag.py
[2025-07-08T09:39:56.749+0000] {logging_mixin.py:188} INFO - [2025-07-08T09:39:56.748+0000] {dag.py:3036} INFO - Sync 1 DAGs
[2025-07-08T09:39:56.787+0000] {logging_mixin.py:188} INFO - [2025-07-08T09:39:56.787+0000] {dag.py:3823} INFO - Setting next_dagrun for example_trigger_target_dag to None, run_after=None
[2025-07-08T09:39:56.928+0000] {processor.py:183} INFO - Processing /home/airflow/.local/lib/python3.8/site-packages/airflow/example_dags/example_trigger_target_dag.py took 0.297 seconds
[2025-07-08T09:40:27.759+0000] {processor.py:161} INFO - Started process (PID=4548) to work on /home/airflow/.local/lib/python3.8/site-packages/airflow/example_dags/example_trigger_target_dag.py
[2025-07-08T09:40:27.761+0000] {processor.py:830} INFO - Processing file /home/airflow/.local/lib/python3.8/site-packages/airflow/example_dags/example_trigger_target_dag.py for tasks to queue
[2025-07-08T09:40:27.764+0000] {logging_mixin.py:188} INFO - [2025-07-08T09:40:27.763+0000] {dagbag.py:538} INFO - Filling up the DagBag from /home/airflow/.local/lib/python3.8/site-packages/airflow/example_dags/example_trigger_target_dag.py
[2025-07-08T09:40:27.775+0000] {processor.py:840} INFO - DAG(s) 'example_trigger_target_dag' retrieved from /home/airflow/.local/lib/python3.8/site-packages/airflow/example_dags/example_trigger_target_dag.py
[2025-07-08T09:40:27.828+0000] {logging_mixin.py:188} INFO - [2025-07-08T09:40:27.827+0000] {dag.py:3036} INFO - Sync 1 DAGs
[2025-07-08T09:40:27.852+0000] {logging_mixin.py:188} INFO - [2025-07-08T09:40:27.852+0000] {dag.py:3823} INFO - Setting next_dagrun for example_trigger_target_dag to None, run_after=None
[2025-07-08T09:40:27.886+0000] {processor.py:183} INFO - Processing /home/airflow/.local/lib/python3.8/site-packages/airflow/example_dags/example_trigger_target_dag.py took 0.133 seconds
[2025-07-08T09:40:58.645+0000] {processor.py:161} INFO - Started process (PID=4608) to work on /home/airflow/.local/lib/python3.8/site-packages/airflow/example_dags/example_trigger_target_dag.py
[2025-07-08T09:40:58.647+0000] {processor.py:830} INFO - Processing file /home/airflow/.local/lib/python3.8/site-packages/airflow/example_dags/example_trigger_target_dag.py for tasks to queue
[2025-07-08T09:40:58.650+0000] {logging_mixin.py:188} INFO - [2025-07-08T09:40:58.650+0000] {dagbag.py:538} INFO - Filling up the DagBag from /home/airflow/.local/lib/python3.8/site-packages/airflow/example_dags/example_trigger_target_dag.py
[2025-07-08T09:40:58.662+0000] {processor.py:840} INFO - DAG(s) 'example_trigger_target_dag' retrieved from /home/airflow/.local/lib/python3.8/site-packages/airflow/example_dags/example_trigger_target_dag.py
[2025-07-08T09:40:58.699+0000] {logging_mixin.py:188} INFO - [2025-07-08T09:40:58.698+0000] {dag.py:3036} INFO - Sync 1 DAGs
[2025-07-08T09:40:58.725+0000] {logging_mixin.py:188} INFO - [2025-07-08T09:40:58.725+0000] {dag.py:3823} INFO - Setting next_dagrun for example_trigger_target_dag to None, run_after=None
[2025-07-08T09:40:58.757+0000] {processor.py:183} INFO - Processing /home/airflow/.local/lib/python3.8/site-packages/airflow/example_dags/example_trigger_target_dag.py took 0.118 seconds
[2025-07-08T09:41:29.094+0000] {processor.py:161} INFO - Started process (PID=4674) to work on /home/airflow/.local/lib/python3.8/site-packages/airflow/example_dags/example_trigger_target_dag.py
[2025-07-08T09:41:29.095+0000] {processor.py:830} INFO - Processing file /home/airflow/.local/lib/python3.8/site-packages/airflow/example_dags/example_trigger_target_dag.py for tasks to queue
[2025-07-08T09:41:29.098+0000] {logging_mixin.py:188} INFO - [2025-07-08T09:41:29.098+0000] {dagbag.py:538} INFO - Filling up the DagBag from /home/airflow/.local/lib/python3.8/site-packages/airflow/example_dags/example_trigger_target_dag.py
[2025-07-08T09:41:29.108+0000] {processor.py:840} INFO - DAG(s) 'example_trigger_target_dag' retrieved from /home/airflow/.local/lib/python3.8/site-packages/airflow/example_dags/example_trigger_target_dag.py
[2025-07-08T09:41:29.156+0000] {logging_mixin.py:188} INFO - [2025-07-08T09:41:29.155+0000] {dag.py:3036} INFO - Sync 1 DAGs
[2025-07-08T09:41:29.181+0000] {logging_mixin.py:188} INFO - [2025-07-08T09:41:29.181+0000] {dag.py:3823} INFO - Setting next_dagrun for example_trigger_target_dag to None, run_after=None
[2025-07-08T09:41:29.245+0000] {processor.py:183} INFO - Processing /home/airflow/.local/lib/python3.8/site-packages/airflow/example_dags/example_trigger_target_dag.py took 0.158 seconds
[2025-07-08T09:41:59.919+0000] {processor.py:161} INFO - Started process (PID=4740) to work on /home/airflow/.local/lib/python3.8/site-packages/airflow/example_dags/example_trigger_target_dag.py
[2025-07-08T09:41:59.922+0000] {processor.py:830} INFO - Processing file /home/airflow/.local/lib/python3.8/site-packages/airflow/example_dags/example_trigger_target_dag.py for tasks to queue
[2025-07-08T09:41:59.925+0000] {logging_mixin.py:188} INFO - [2025-07-08T09:41:59.924+0000] {dagbag.py:538} INFO - Filling up the DagBag from /home/airflow/.local/lib/python3.8/site-packages/airflow/example_dags/example_trigger_target_dag.py
[2025-07-08T09:41:59.945+0000] {processor.py:840} INFO - DAG(s) 'example_trigger_target_dag' retrieved from /home/airflow/.local/lib/python3.8/site-packages/airflow/example_dags/example_trigger_target_dag.py
[2025-07-08T09:42:00.018+0000] {logging_mixin.py:188} INFO - [2025-07-08T09:42:00.017+0000] {dag.py:3036} INFO - Sync 1 DAGs
[2025-07-08T09:42:00.068+0000] {logging_mixin.py:188} INFO - [2025-07-08T09:42:00.068+0000] {dag.py:3823} INFO - Setting next_dagrun for example_trigger_target_dag to None, run_after=None
[2025-07-08T09:42:00.134+0000] {processor.py:183} INFO - Processing /home/airflow/.local/lib/python3.8/site-packages/airflow/example_dags/example_trigger_target_dag.py took 0.231 seconds
[2025-07-08T09:42:30.799+0000] {processor.py:161} INFO - Started process (PID=4804) to work on /home/airflow/.local/lib/python3.8/site-packages/airflow/example_dags/example_trigger_target_dag.py
[2025-07-08T09:42:30.801+0000] {processor.py:830} INFO - Processing file /home/airflow/.local/lib/python3.8/site-packages/airflow/example_dags/example_trigger_target_dag.py for tasks to queue
[2025-07-08T09:42:30.804+0000] {logging_mixin.py:188} INFO - [2025-07-08T09:42:30.803+0000] {dagbag.py:538} INFO - Filling up the DagBag from /home/airflow/.local/lib/python3.8/site-packages/airflow/example_dags/example_trigger_target_dag.py
[2025-07-08T09:42:30.815+0000] {processor.py:840} INFO - DAG(s) 'example_trigger_target_dag' retrieved from /home/airflow/.local/lib/python3.8/site-packages/airflow/example_dags/example_trigger_target_dag.py
[2025-07-08T09:42:30.881+0000] {logging_mixin.py:188} INFO - [2025-07-08T09:42:30.881+0000] {dag.py:3036} INFO - Sync 1 DAGs
[2025-07-08T09:42:30.930+0000] {logging_mixin.py:188} INFO - [2025-07-08T09:42:30.928+0000] {dag.py:3823} INFO - Setting next_dagrun for example_trigger_target_dag to None, run_after=None
[2025-07-08T09:42:31.008+0000] {processor.py:183} INFO - Processing /home/airflow/.local/lib/python3.8/site-packages/airflow/example_dags/example_trigger_target_dag.py took 0.216 seconds
[2025-07-08T09:43:01.468+0000] {processor.py:161} INFO - Started process (PID=4864) to work on /home/airflow/.local/lib/python3.8/site-packages/airflow/example_dags/example_trigger_target_dag.py
[2025-07-08T09:43:01.470+0000] {processor.py:830} INFO - Processing file /home/airflow/.local/lib/python3.8/site-packages/airflow/example_dags/example_trigger_target_dag.py for tasks to queue
[2025-07-08T09:43:01.473+0000] {logging_mixin.py:188} INFO - [2025-07-08T09:43:01.473+0000] {dagbag.py:538} INFO - Filling up the DagBag from /home/airflow/.local/lib/python3.8/site-packages/airflow/example_dags/example_trigger_target_dag.py
[2025-07-08T09:43:01.485+0000] {processor.py:840} INFO - DAG(s) 'example_trigger_target_dag' retrieved from /home/airflow/.local/lib/python3.8/site-packages/airflow/example_dags/example_trigger_target_dag.py
[2025-07-08T09:43:01.525+0000] {logging_mixin.py:188} INFO - [2025-07-08T09:43:01.525+0000] {dag.py:3036} INFO - Sync 1 DAGs
[2025-07-08T09:43:01.552+0000] {logging_mixin.py:188} INFO - [2025-07-08T09:43:01.551+0000] {dag.py:3823} INFO - Setting next_dagrun for example_trigger_target_dag to None, run_after=None
[2025-07-08T09:43:01.588+0000] {processor.py:183} INFO - Processing /home/airflow/.local/lib/python3.8/site-packages/airflow/example_dags/example_trigger_target_dag.py took 0.126 seconds
[2025-07-08T09:43:31.714+0000] {processor.py:161} INFO - Started process (PID=4929) to work on /home/airflow/.local/lib/python3.8/site-packages/airflow/example_dags/example_trigger_target_dag.py
[2025-07-08T09:43:31.715+0000] {processor.py:830} INFO - Processing file /home/airflow/.local/lib/python3.8/site-packages/airflow/example_dags/example_trigger_target_dag.py for tasks to queue
[2025-07-08T09:43:31.718+0000] {logging_mixin.py:188} INFO - [2025-07-08T09:43:31.718+0000] {dagbag.py:538} INFO - Filling up the DagBag from /home/airflow/.local/lib/python3.8/site-packages/airflow/example_dags/example_trigger_target_dag.py
[2025-07-08T09:43:31.729+0000] {processor.py:840} INFO - DAG(s) 'example_trigger_target_dag' retrieved from /home/airflow/.local/lib/python3.8/site-packages/airflow/example_dags/example_trigger_target_dag.py
[2025-07-08T09:43:31.767+0000] {logging_mixin.py:188} INFO - [2025-07-08T09:43:31.767+0000] {dag.py:3036} INFO - Sync 1 DAGs
[2025-07-08T09:43:31.792+0000] {logging_mixin.py:188} INFO - [2025-07-08T09:43:31.792+0000] {dag.py:3823} INFO - Setting next_dagrun for example_trigger_target_dag to None, run_after=None
[2025-07-08T09:43:31.826+0000] {processor.py:183} INFO - Processing /home/airflow/.local/lib/python3.8/site-packages/airflow/example_dags/example_trigger_target_dag.py took 0.118 seconds
[2025-07-08T09:44:02.201+0000] {processor.py:161} INFO - Started process (PID=4994) to work on /home/airflow/.local/lib/python3.8/site-packages/airflow/example_dags/example_trigger_target_dag.py
[2025-07-08T09:44:02.203+0000] {processor.py:830} INFO - Processing file /home/airflow/.local/lib/python3.8/site-packages/airflow/example_dags/example_trigger_target_dag.py for tasks to queue
[2025-07-08T09:44:02.208+0000] {logging_mixin.py:188} INFO - [2025-07-08T09:44:02.207+0000] {dagbag.py:538} INFO - Filling up the DagBag from /home/airflow/.local/lib/python3.8/site-packages/airflow/example_dags/example_trigger_target_dag.py
[2025-07-08T09:44:02.230+0000] {processor.py:840} INFO - DAG(s) 'example_trigger_target_dag' retrieved from /home/airflow/.local/lib/python3.8/site-packages/airflow/example_dags/example_trigger_target_dag.py
[2025-07-08T09:44:02.376+0000] {logging_mixin.py:188} INFO - [2025-07-08T09:44:02.375+0000] {dag.py:3036} INFO - Sync 1 DAGs
[2025-07-08T09:44:02.436+0000] {logging_mixin.py:188} INFO - [2025-07-08T09:44:02.435+0000] {dag.py:3823} INFO - Setting next_dagrun for example_trigger_target_dag to None, run_after=None
[2025-07-08T09:44:02.474+0000] {processor.py:183} INFO - Processing /home/airflow/.local/lib/python3.8/site-packages/airflow/example_dags/example_trigger_target_dag.py took 0.281 seconds
[2025-07-08T09:44:33.762+0000] {processor.py:161} INFO - Started process (PID=5059) to work on /home/airflow/.local/lib/python3.8/site-packages/airflow/example_dags/example_trigger_target_dag.py
[2025-07-08T09:44:33.776+0000] {processor.py:830} INFO - Processing file /home/airflow/.local/lib/python3.8/site-packages/airflow/example_dags/example_trigger_target_dag.py for tasks to queue
[2025-07-08T09:44:33.797+0000] {logging_mixin.py:188} INFO - [2025-07-08T09:44:33.783+0000] {dagbag.py:538} INFO - Filling up the DagBag from /home/airflow/.local/lib/python3.8/site-packages/airflow/example_dags/example_trigger_target_dag.py
[2025-07-08T09:44:33.851+0000] {processor.py:840} INFO - DAG(s) 'example_trigger_target_dag' retrieved from /home/airflow/.local/lib/python3.8/site-packages/airflow/example_dags/example_trigger_target_dag.py
[2025-07-08T09:44:33.967+0000] {logging_mixin.py:188} INFO - [2025-07-08T09:44:33.967+0000] {dag.py:3036} INFO - Sync 1 DAGs
[2025-07-08T09:44:33.994+0000] {logging_mixin.py:188} INFO - [2025-07-08T09:44:33.994+0000] {dag.py:3823} INFO - Setting next_dagrun for example_trigger_target_dag to None, run_after=None
[2025-07-08T09:44:34.048+0000] {processor.py:183} INFO - Processing /home/airflow/.local/lib/python3.8/site-packages/airflow/example_dags/example_trigger_target_dag.py took 0.375 seconds
[2025-07-08T09:45:05.341+0000] {processor.py:161} INFO - Started process (PID=5124) to work on /home/airflow/.local/lib/python3.8/site-packages/airflow/example_dags/example_trigger_target_dag.py
[2025-07-08T09:45:05.356+0000] {processor.py:830} INFO - Processing file /home/airflow/.local/lib/python3.8/site-packages/airflow/example_dags/example_trigger_target_dag.py for tasks to queue
[2025-07-08T09:45:05.360+0000] {logging_mixin.py:188} INFO - [2025-07-08T09:45:05.359+0000] {dagbag.py:538} INFO - Filling up the DagBag from /home/airflow/.local/lib/python3.8/site-packages/airflow/example_dags/example_trigger_target_dag.py
[2025-07-08T09:45:05.383+0000] {processor.py:840} INFO - DAG(s) 'example_trigger_target_dag' retrieved from /home/airflow/.local/lib/python3.8/site-packages/airflow/example_dags/example_trigger_target_dag.py
[2025-07-08T09:45:05.485+0000] {logging_mixin.py:188} INFO - [2025-07-08T09:45:05.485+0000] {dag.py:3036} INFO - Sync 1 DAGs
[2025-07-08T09:45:05.556+0000] {logging_mixin.py:188} INFO - [2025-07-08T09:45:05.555+0000] {dag.py:3823} INFO - Setting next_dagrun for example_trigger_target_dag to None, run_after=None
[2025-07-08T09:45:05.693+0000] {processor.py:183} INFO - Processing /home/airflow/.local/lib/python3.8/site-packages/airflow/example_dags/example_trigger_target_dag.py took 0.387 seconds
[2025-07-08T09:45:36.162+0000] {processor.py:161} INFO - Started process (PID=5183) to work on /home/airflow/.local/lib/python3.8/site-packages/airflow/example_dags/example_trigger_target_dag.py
[2025-07-08T09:45:36.163+0000] {processor.py:830} INFO - Processing file /home/airflow/.local/lib/python3.8/site-packages/airflow/example_dags/example_trigger_target_dag.py for tasks to queue
[2025-07-08T09:45:36.167+0000] {logging_mixin.py:188} INFO - [2025-07-08T09:45:36.166+0000] {dagbag.py:538} INFO - Filling up the DagBag from /home/airflow/.local/lib/python3.8/site-packages/airflow/example_dags/example_trigger_target_dag.py
[2025-07-08T09:45:36.179+0000] {processor.py:840} INFO - DAG(s) 'example_trigger_target_dag' retrieved from /home/airflow/.local/lib/python3.8/site-packages/airflow/example_dags/example_trigger_target_dag.py
[2025-07-08T09:45:36.217+0000] {logging_mixin.py:188} INFO - [2025-07-08T09:45:36.216+0000] {dag.py:3036} INFO - Sync 1 DAGs
[2025-07-08T09:45:36.244+0000] {logging_mixin.py:188} INFO - [2025-07-08T09:45:36.243+0000] {dag.py:3823} INFO - Setting next_dagrun for example_trigger_target_dag to None, run_after=None
[2025-07-08T09:45:36.315+0000] {processor.py:183} INFO - Processing /home/airflow/.local/lib/python3.8/site-packages/airflow/example_dags/example_trigger_target_dag.py took 0.159 seconds
[2025-07-08T09:46:06.640+0000] {processor.py:161} INFO - Started process (PID=5248) to work on /home/airflow/.local/lib/python3.8/site-packages/airflow/example_dags/example_trigger_target_dag.py
[2025-07-08T09:46:06.643+0000] {processor.py:830} INFO - Processing file /home/airflow/.local/lib/python3.8/site-packages/airflow/example_dags/example_trigger_target_dag.py for tasks to queue
[2025-07-08T09:46:06.646+0000] {logging_mixin.py:188} INFO - [2025-07-08T09:46:06.645+0000] {dagbag.py:538} INFO - Filling up the DagBag from /home/airflow/.local/lib/python3.8/site-packages/airflow/example_dags/example_trigger_target_dag.py
[2025-07-08T09:46:06.681+0000] {processor.py:840} INFO - DAG(s) 'example_trigger_target_dag' retrieved from /home/airflow/.local/lib/python3.8/site-packages/airflow/example_dags/example_trigger_target_dag.py
[2025-07-08T09:46:06.742+0000] {logging_mixin.py:188} INFO - [2025-07-08T09:46:06.742+0000] {dag.py:3036} INFO - Sync 1 DAGs
[2025-07-08T09:46:06.767+0000] {logging_mixin.py:188} INFO - [2025-07-08T09:46:06.767+0000] {dag.py:3823} INFO - Setting next_dagrun for example_trigger_target_dag to None, run_after=None
[2025-07-08T09:46:06.833+0000] {processor.py:183} INFO - Processing /home/airflow/.local/lib/python3.8/site-packages/airflow/example_dags/example_trigger_target_dag.py took 0.200 seconds
[2025-07-08T09:46:37.687+0000] {processor.py:161} INFO - Started process (PID=5316) to work on /home/airflow/.local/lib/python3.8/site-packages/airflow/example_dags/example_trigger_target_dag.py
[2025-07-08T09:46:37.688+0000] {processor.py:830} INFO - Processing file /home/airflow/.local/lib/python3.8/site-packages/airflow/example_dags/example_trigger_target_dag.py for tasks to queue
[2025-07-08T09:46:37.692+0000] {logging_mixin.py:188} INFO - [2025-07-08T09:46:37.691+0000] {dagbag.py:538} INFO - Filling up the DagBag from /home/airflow/.local/lib/python3.8/site-packages/airflow/example_dags/example_trigger_target_dag.py
[2025-07-08T09:46:37.703+0000] {processor.py:840} INFO - DAG(s) 'example_trigger_target_dag' retrieved from /home/airflow/.local/lib/python3.8/site-packages/airflow/example_dags/example_trigger_target_dag.py
[2025-07-08T09:46:37.741+0000] {logging_mixin.py:188} INFO - [2025-07-08T09:46:37.741+0000] {dag.py:3036} INFO - Sync 1 DAGs
[2025-07-08T09:46:37.766+0000] {logging_mixin.py:188} INFO - [2025-07-08T09:46:37.766+0000] {dag.py:3823} INFO - Setting next_dagrun for example_trigger_target_dag to None, run_after=None
[2025-07-08T09:46:37.799+0000] {processor.py:183} INFO - Processing /home/airflow/.local/lib/python3.8/site-packages/airflow/example_dags/example_trigger_target_dag.py took 0.118 seconds
[2025-07-08T09:47:08.598+0000] {processor.py:161} INFO - Started process (PID=5381) to work on /home/airflow/.local/lib/python3.8/site-packages/airflow/example_dags/example_trigger_target_dag.py
[2025-07-08T09:47:08.600+0000] {processor.py:830} INFO - Processing file /home/airflow/.local/lib/python3.8/site-packages/airflow/example_dags/example_trigger_target_dag.py for tasks to queue
[2025-07-08T09:47:08.602+0000] {logging_mixin.py:188} INFO - [2025-07-08T09:47:08.602+0000] {dagbag.py:538} INFO - Filling up the DagBag from /home/airflow/.local/lib/python3.8/site-packages/airflow/example_dags/example_trigger_target_dag.py
[2025-07-08T09:47:08.612+0000] {processor.py:840} INFO - DAG(s) 'example_trigger_target_dag' retrieved from /home/airflow/.local/lib/python3.8/site-packages/airflow/example_dags/example_trigger_target_dag.py
[2025-07-08T09:47:08.645+0000] {logging_mixin.py:188} INFO - [2025-07-08T09:47:08.645+0000] {dag.py:3036} INFO - Sync 1 DAGs
[2025-07-08T09:47:08.665+0000] {logging_mixin.py:188} INFO - [2025-07-08T09:47:08.665+0000] {dag.py:3823} INFO - Setting next_dagrun for example_trigger_target_dag to None, run_after=None
[2025-07-08T09:47:08.696+0000] {processor.py:183} INFO - Processing /home/airflow/.local/lib/python3.8/site-packages/airflow/example_dags/example_trigger_target_dag.py took 0.104 seconds
[2025-07-08T09:47:38.972+0000] {processor.py:161} INFO - Started process (PID=5446) to work on /home/airflow/.local/lib/python3.8/site-packages/airflow/example_dags/example_trigger_target_dag.py
[2025-07-08T09:47:38.973+0000] {processor.py:830} INFO - Processing file /home/airflow/.local/lib/python3.8/site-packages/airflow/example_dags/example_trigger_target_dag.py for tasks to queue
[2025-07-08T09:47:38.975+0000] {logging_mixin.py:188} INFO - [2025-07-08T09:47:38.975+0000] {dagbag.py:538} INFO - Filling up the DagBag from /home/airflow/.local/lib/python3.8/site-packages/airflow/example_dags/example_trigger_target_dag.py
[2025-07-08T09:47:38.984+0000] {processor.py:840} INFO - DAG(s) 'example_trigger_target_dag' retrieved from /home/airflow/.local/lib/python3.8/site-packages/airflow/example_dags/example_trigger_target_dag.py
[2025-07-08T09:47:39.016+0000] {logging_mixin.py:188} INFO - [2025-07-08T09:47:39.016+0000] {dag.py:3036} INFO - Sync 1 DAGs
[2025-07-08T09:47:39.035+0000] {logging_mixin.py:188} INFO - [2025-07-08T09:47:39.035+0000] {dag.py:3823} INFO - Setting next_dagrun for example_trigger_target_dag to None, run_after=None
[2025-07-08T09:47:39.072+0000] {processor.py:183} INFO - Processing /home/airflow/.local/lib/python3.8/site-packages/airflow/example_dags/example_trigger_target_dag.py took 0.105 seconds
[2025-07-08T09:48:09.460+0000] {processor.py:161} INFO - Started process (PID=5512) to work on /home/airflow/.local/lib/python3.8/site-packages/airflow/example_dags/example_trigger_target_dag.py
[2025-07-08T09:48:09.464+0000] {processor.py:830} INFO - Processing file /home/airflow/.local/lib/python3.8/site-packages/airflow/example_dags/example_trigger_target_dag.py for tasks to queue
[2025-07-08T09:48:09.468+0000] {logging_mixin.py:188} INFO - [2025-07-08T09:48:09.467+0000] {dagbag.py:538} INFO - Filling up the DagBag from /home/airflow/.local/lib/python3.8/site-packages/airflow/example_dags/example_trigger_target_dag.py
[2025-07-08T09:48:09.478+0000] {processor.py:840} INFO - DAG(s) 'example_trigger_target_dag' retrieved from /home/airflow/.local/lib/python3.8/site-packages/airflow/example_dags/example_trigger_target_dag.py
[2025-07-08T09:48:09.517+0000] {logging_mixin.py:188} INFO - [2025-07-08T09:48:09.516+0000] {dag.py:3036} INFO - Sync 1 DAGs
[2025-07-08T09:48:09.544+0000] {logging_mixin.py:188} INFO - [2025-07-08T09:48:09.544+0000] {dag.py:3823} INFO - Setting next_dagrun for example_trigger_target_dag to None, run_after=None
[2025-07-08T09:48:09.575+0000] {processor.py:183} INFO - Processing /home/airflow/.local/lib/python3.8/site-packages/airflow/example_dags/example_trigger_target_dag.py took 0.121 seconds
[2025-07-08T09:48:40.698+0000] {processor.py:161} INFO - Started process (PID=5578) to work on /home/airflow/.local/lib/python3.8/site-packages/airflow/example_dags/example_trigger_target_dag.py
[2025-07-08T09:48:40.701+0000] {processor.py:830} INFO - Processing file /home/airflow/.local/lib/python3.8/site-packages/airflow/example_dags/example_trigger_target_dag.py for tasks to queue
[2025-07-08T09:48:40.704+0000] {logging_mixin.py:188} INFO - [2025-07-08T09:48:40.703+0000] {dagbag.py:538} INFO - Filling up the DagBag from /home/airflow/.local/lib/python3.8/site-packages/airflow/example_dags/example_trigger_target_dag.py
[2025-07-08T09:48:40.761+0000] {processor.py:840} INFO - DAG(s) 'example_trigger_target_dag' retrieved from /home/airflow/.local/lib/python3.8/site-packages/airflow/example_dags/example_trigger_target_dag.py
[2025-07-08T09:48:40.865+0000] {logging_mixin.py:188} INFO - [2025-07-08T09:48:40.865+0000] {dag.py:3036} INFO - Sync 1 DAGs
[2025-07-08T09:48:40.920+0000] {logging_mixin.py:188} INFO - [2025-07-08T09:48:40.920+0000] {dag.py:3823} INFO - Setting next_dagrun for example_trigger_target_dag to None, run_after=None
[2025-07-08T09:48:41.044+0000] {processor.py:183} INFO - Processing /home/airflow/.local/lib/python3.8/site-packages/airflow/example_dags/example_trigger_target_dag.py took 0.382 seconds
[2025-07-08T09:49:11.667+0000] {processor.py:161} INFO - Started process (PID=5642) to work on /home/airflow/.local/lib/python3.8/site-packages/airflow/example_dags/example_trigger_target_dag.py
[2025-07-08T09:49:11.680+0000] {processor.py:830} INFO - Processing file /home/airflow/.local/lib/python3.8/site-packages/airflow/example_dags/example_trigger_target_dag.py for tasks to queue
[2025-07-08T09:49:11.684+0000] {logging_mixin.py:188} INFO - [2025-07-08T09:49:11.683+0000] {dagbag.py:538} INFO - Filling up the DagBag from /home/airflow/.local/lib/python3.8/site-packages/airflow/example_dags/example_trigger_target_dag.py
[2025-07-08T09:49:11.703+0000] {processor.py:840} INFO - DAG(s) 'example_trigger_target_dag' retrieved from /home/airflow/.local/lib/python3.8/site-packages/airflow/example_dags/example_trigger_target_dag.py
[2025-07-08T09:49:11.817+0000] {logging_mixin.py:188} INFO - [2025-07-08T09:49:11.816+0000] {dag.py:3036} INFO - Sync 1 DAGs
[2025-07-08T09:49:11.894+0000] {logging_mixin.py:188} INFO - [2025-07-08T09:49:11.894+0000] {dag.py:3823} INFO - Setting next_dagrun for example_trigger_target_dag to None, run_after=None
[2025-07-08T09:49:12.006+0000] {processor.py:183} INFO - Processing /home/airflow/.local/lib/python3.8/site-packages/airflow/example_dags/example_trigger_target_dag.py took 0.366 seconds
[2025-07-08T09:49:42.616+0000] {processor.py:161} INFO - Started process (PID=5701) to work on /home/airflow/.local/lib/python3.8/site-packages/airflow/example_dags/example_trigger_target_dag.py
[2025-07-08T09:49:42.617+0000] {processor.py:830} INFO - Processing file /home/airflow/.local/lib/python3.8/site-packages/airflow/example_dags/example_trigger_target_dag.py for tasks to queue
[2025-07-08T09:49:42.620+0000] {logging_mixin.py:188} INFO - [2025-07-08T09:49:42.620+0000] {dagbag.py:538} INFO - Filling up the DagBag from /home/airflow/.local/lib/python3.8/site-packages/airflow/example_dags/example_trigger_target_dag.py
[2025-07-08T09:49:42.631+0000] {processor.py:840} INFO - DAG(s) 'example_trigger_target_dag' retrieved from /home/airflow/.local/lib/python3.8/site-packages/airflow/example_dags/example_trigger_target_dag.py
[2025-07-08T09:49:42.731+0000] {logging_mixin.py:188} INFO - [2025-07-08T09:49:42.731+0000] {dag.py:3036} INFO - Sync 1 DAGs
[2025-07-08T09:49:42.787+0000] {logging_mixin.py:188} INFO - [2025-07-08T09:49:42.786+0000] {dag.py:3823} INFO - Setting next_dagrun for example_trigger_target_dag to None, run_after=None
[2025-07-08T09:49:42.843+0000] {processor.py:183} INFO - Processing /home/airflow/.local/lib/python3.8/site-packages/airflow/example_dags/example_trigger_target_dag.py took 0.234 seconds
[2025-07-08T09:50:13.552+0000] {processor.py:161} INFO - Started process (PID=5767) to work on /home/airflow/.local/lib/python3.8/site-packages/airflow/example_dags/example_trigger_target_dag.py
[2025-07-08T09:50:13.554+0000] {processor.py:830} INFO - Processing file /home/airflow/.local/lib/python3.8/site-packages/airflow/example_dags/example_trigger_target_dag.py for tasks to queue
[2025-07-08T09:50:13.557+0000] {logging_mixin.py:188} INFO - [2025-07-08T09:50:13.557+0000] {dagbag.py:538} INFO - Filling up the DagBag from /home/airflow/.local/lib/python3.8/site-packages/airflow/example_dags/example_trigger_target_dag.py
[2025-07-08T09:50:13.568+0000] {processor.py:840} INFO - DAG(s) 'example_trigger_target_dag' retrieved from /home/airflow/.local/lib/python3.8/site-packages/airflow/example_dags/example_trigger_target_dag.py
[2025-07-08T09:50:13.604+0000] {logging_mixin.py:188} INFO - [2025-07-08T09:50:13.604+0000] {dag.py:3036} INFO - Sync 1 DAGs
[2025-07-08T09:50:13.631+0000] {logging_mixin.py:188} INFO - [2025-07-08T09:50:13.631+0000] {dag.py:3823} INFO - Setting next_dagrun for example_trigger_target_dag to None, run_after=None
[2025-07-08T09:50:13.667+0000] {processor.py:183} INFO - Processing /home/airflow/.local/lib/python3.8/site-packages/airflow/example_dags/example_trigger_target_dag.py took 0.122 seconds
[2025-07-08T09:50:44.021+0000] {processor.py:161} INFO - Started process (PID=5833) to work on /home/airflow/.local/lib/python3.8/site-packages/airflow/example_dags/example_trigger_target_dag.py
[2025-07-08T09:50:44.022+0000] {processor.py:830} INFO - Processing file /home/airflow/.local/lib/python3.8/site-packages/airflow/example_dags/example_trigger_target_dag.py for tasks to queue
[2025-07-08T09:50:44.025+0000] {logging_mixin.py:188} INFO - [2025-07-08T09:50:44.025+0000] {dagbag.py:538} INFO - Filling up the DagBag from /home/airflow/.local/lib/python3.8/site-packages/airflow/example_dags/example_trigger_target_dag.py
[2025-07-08T09:50:44.035+0000] {processor.py:840} INFO - DAG(s) 'example_trigger_target_dag' retrieved from /home/airflow/.local/lib/python3.8/site-packages/airflow/example_dags/example_trigger_target_dag.py
[2025-07-08T09:50:44.071+0000] {logging_mixin.py:188} INFO - [2025-07-08T09:50:44.070+0000] {dag.py:3036} INFO - Sync 1 DAGs
[2025-07-08T09:50:44.095+0000] {logging_mixin.py:188} INFO - [2025-07-08T09:50:44.095+0000] {dag.py:3823} INFO - Setting next_dagrun for example_trigger_target_dag to None, run_after=None
[2025-07-08T09:50:44.130+0000] {processor.py:183} INFO - Processing /home/airflow/.local/lib/python3.8/site-packages/airflow/example_dags/example_trigger_target_dag.py took 0.115 seconds
[2025-07-08T09:51:14.746+0000] {processor.py:161} INFO - Started process (PID=5899) to work on /home/airflow/.local/lib/python3.8/site-packages/airflow/example_dags/example_trigger_target_dag.py
[2025-07-08T09:51:14.748+0000] {processor.py:830} INFO - Processing file /home/airflow/.local/lib/python3.8/site-packages/airflow/example_dags/example_trigger_target_dag.py for tasks to queue
[2025-07-08T09:51:14.751+0000] {logging_mixin.py:188} INFO - [2025-07-08T09:51:14.750+0000] {dagbag.py:538} INFO - Filling up the DagBag from /home/airflow/.local/lib/python3.8/site-packages/airflow/example_dags/example_trigger_target_dag.py
[2025-07-08T09:51:14.761+0000] {processor.py:840} INFO - DAG(s) 'example_trigger_target_dag' retrieved from /home/airflow/.local/lib/python3.8/site-packages/airflow/example_dags/example_trigger_target_dag.py
[2025-07-08T09:51:14.794+0000] {logging_mixin.py:188} INFO - [2025-07-08T09:51:14.794+0000] {dag.py:3036} INFO - Sync 1 DAGs
[2025-07-08T09:51:14.820+0000] {logging_mixin.py:188} INFO - [2025-07-08T09:51:14.820+0000] {dag.py:3823} INFO - Setting next_dagrun for example_trigger_target_dag to None, run_after=None
[2025-07-08T09:51:14.853+0000] {processor.py:183} INFO - Processing /home/airflow/.local/lib/python3.8/site-packages/airflow/example_dags/example_trigger_target_dag.py took 0.113 seconds
[2025-07-08T09:51:45.535+0000] {processor.py:161} INFO - Started process (PID=5965) to work on /home/airflow/.local/lib/python3.8/site-packages/airflow/example_dags/example_trigger_target_dag.py
[2025-07-08T09:51:45.555+0000] {processor.py:830} INFO - Processing file /home/airflow/.local/lib/python3.8/site-packages/airflow/example_dags/example_trigger_target_dag.py for tasks to queue
[2025-07-08T09:51:45.559+0000] {logging_mixin.py:188} INFO - [2025-07-08T09:51:45.558+0000] {dagbag.py:538} INFO - Filling up the DagBag from /home/airflow/.local/lib/python3.8/site-packages/airflow/example_dags/example_trigger_target_dag.py
[2025-07-08T09:51:45.612+0000] {processor.py:840} INFO - DAG(s) 'example_trigger_target_dag' retrieved from /home/airflow/.local/lib/python3.8/site-packages/airflow/example_dags/example_trigger_target_dag.py
[2025-07-08T09:51:45.782+0000] {logging_mixin.py:188} INFO - [2025-07-08T09:51:45.782+0000] {dag.py:3036} INFO - Sync 1 DAGs
[2025-07-08T09:51:45.831+0000] {logging_mixin.py:188} INFO - [2025-07-08T09:51:45.831+0000] {dag.py:3823} INFO - Setting next_dagrun for example_trigger_target_dag to None, run_after=None
[2025-07-08T09:51:45.908+0000] {processor.py:183} INFO - Processing /home/airflow/.local/lib/python3.8/site-packages/airflow/example_dags/example_trigger_target_dag.py took 0.392 seconds
[2025-07-08T09:52:16.703+0000] {processor.py:161} INFO - Started process (PID=6031) to work on /home/airflow/.local/lib/python3.8/site-packages/airflow/example_dags/example_trigger_target_dag.py
[2025-07-08T09:52:16.704+0000] {processor.py:830} INFO - Processing file /home/airflow/.local/lib/python3.8/site-packages/airflow/example_dags/example_trigger_target_dag.py for tasks to queue
[2025-07-08T09:52:16.707+0000] {logging_mixin.py:188} INFO - [2025-07-08T09:52:16.707+0000] {dagbag.py:538} INFO - Filling up the DagBag from /home/airflow/.local/lib/python3.8/site-packages/airflow/example_dags/example_trigger_target_dag.py
[2025-07-08T09:52:16.737+0000] {processor.py:840} INFO - DAG(s) 'example_trigger_target_dag' retrieved from /home/airflow/.local/lib/python3.8/site-packages/airflow/example_dags/example_trigger_target_dag.py
[2025-07-08T09:52:16.817+0000] {logging_mixin.py:188} INFO - [2025-07-08T09:52:16.817+0000] {dag.py:3036} INFO - Sync 1 DAGs
[2025-07-08T09:52:16.878+0000] {logging_mixin.py:188} INFO - [2025-07-08T09:52:16.877+0000] {dag.py:3823} INFO - Setting next_dagrun for example_trigger_target_dag to None, run_after=None
[2025-07-08T09:52:16.975+0000] {processor.py:183} INFO - Processing /home/airflow/.local/lib/python3.8/site-packages/airflow/example_dags/example_trigger_target_dag.py took 0.278 seconds
[2025-07-08T09:52:47.349+0000] {processor.py:161} INFO - Started process (PID=6090) to work on /home/airflow/.local/lib/python3.8/site-packages/airflow/example_dags/example_trigger_target_dag.py
[2025-07-08T09:52:47.361+0000] {processor.py:830} INFO - Processing file /home/airflow/.local/lib/python3.8/site-packages/airflow/example_dags/example_trigger_target_dag.py for tasks to queue
[2025-07-08T09:52:47.365+0000] {logging_mixin.py:188} INFO - [2025-07-08T09:52:47.364+0000] {dagbag.py:538} INFO - Filling up the DagBag from /home/airflow/.local/lib/python3.8/site-packages/airflow/example_dags/example_trigger_target_dag.py
[2025-07-08T09:52:47.383+0000] {processor.py:840} INFO - DAG(s) 'example_trigger_target_dag' retrieved from /home/airflow/.local/lib/python3.8/site-packages/airflow/example_dags/example_trigger_target_dag.py
[2025-07-08T09:52:47.482+0000] {logging_mixin.py:188} INFO - [2025-07-08T09:52:47.481+0000] {dag.py:3036} INFO - Sync 1 DAGs
[2025-07-08T09:52:47.550+0000] {logging_mixin.py:188} INFO - [2025-07-08T09:52:47.550+0000] {dag.py:3823} INFO - Setting next_dagrun for example_trigger_target_dag to None, run_after=None
[2025-07-08T09:52:47.623+0000] {processor.py:183} INFO - Processing /home/airflow/.local/lib/python3.8/site-packages/airflow/example_dags/example_trigger_target_dag.py took 0.290 seconds
[2025-07-08T09:53:17.755+0000] {processor.py:161} INFO - Started process (PID=6158) to work on /home/airflow/.local/lib/python3.8/site-packages/airflow/example_dags/example_trigger_target_dag.py
[2025-07-08T09:53:17.756+0000] {processor.py:830} INFO - Processing file /home/airflow/.local/lib/python3.8/site-packages/airflow/example_dags/example_trigger_target_dag.py for tasks to queue
[2025-07-08T09:53:17.760+0000] {logging_mixin.py:188} INFO - [2025-07-08T09:53:17.760+0000] {dagbag.py:538} INFO - Filling up the DagBag from /home/airflow/.local/lib/python3.8/site-packages/airflow/example_dags/example_trigger_target_dag.py
[2025-07-08T09:53:17.774+0000] {processor.py:840} INFO - DAG(s) 'example_trigger_target_dag' retrieved from /home/airflow/.local/lib/python3.8/site-packages/airflow/example_dags/example_trigger_target_dag.py
[2025-07-08T09:53:17.828+0000] {logging_mixin.py:188} INFO - [2025-07-08T09:53:17.827+0000] {dag.py:3036} INFO - Sync 1 DAGs
[2025-07-08T09:53:17.850+0000] {logging_mixin.py:188} INFO - [2025-07-08T09:53:17.850+0000] {dag.py:3823} INFO - Setting next_dagrun for example_trigger_target_dag to None, run_after=None
[2025-07-08T09:53:17.882+0000] {processor.py:183} INFO - Processing /home/airflow/.local/lib/python3.8/site-packages/airflow/example_dags/example_trigger_target_dag.py took 0.133 seconds
[2025-07-08T09:53:48.604+0000] {processor.py:161} INFO - Started process (PID=6227) to work on /home/airflow/.local/lib/python3.8/site-packages/airflow/example_dags/example_trigger_target_dag.py
[2025-07-08T09:53:48.612+0000] {processor.py:830} INFO - Processing file /home/airflow/.local/lib/python3.8/site-packages/airflow/example_dags/example_trigger_target_dag.py for tasks to queue
[2025-07-08T09:53:48.616+0000] {logging_mixin.py:188} INFO - [2025-07-08T09:53:48.616+0000] {dagbag.py:538} INFO - Filling up the DagBag from /home/airflow/.local/lib/python3.8/site-packages/airflow/example_dags/example_trigger_target_dag.py
[2025-07-08T09:53:48.627+0000] {processor.py:840} INFO - DAG(s) 'example_trigger_target_dag' retrieved from /home/airflow/.local/lib/python3.8/site-packages/airflow/example_dags/example_trigger_target_dag.py
[2025-07-08T09:53:48.687+0000] {logging_mixin.py:188} INFO - [2025-07-08T09:53:48.686+0000] {dag.py:3036} INFO - Sync 1 DAGs
[2025-07-08T09:53:48.751+0000] {logging_mixin.py:188} INFO - [2025-07-08T09:53:48.750+0000] {dag.py:3823} INFO - Setting next_dagrun for example_trigger_target_dag to None, run_after=None
[2025-07-08T09:53:48.802+0000] {processor.py:183} INFO - Processing /home/airflow/.local/lib/python3.8/site-packages/airflow/example_dags/example_trigger_target_dag.py took 0.206 seconds
[2025-07-08T09:54:20.086+0000] {processor.py:161} INFO - Started process (PID=6296) to work on /home/airflow/.local/lib/python3.8/site-packages/airflow/example_dags/example_trigger_target_dag.py
[2025-07-08T09:54:20.087+0000] {processor.py:830} INFO - Processing file /home/airflow/.local/lib/python3.8/site-packages/airflow/example_dags/example_trigger_target_dag.py for tasks to queue
[2025-07-08T09:54:20.099+0000] {logging_mixin.py:188} INFO - [2025-07-08T09:54:20.098+0000] {dagbag.py:538} INFO - Filling up the DagBag from /home/airflow/.local/lib/python3.8/site-packages/airflow/example_dags/example_trigger_target_dag.py
[2025-07-08T09:54:20.125+0000] {processor.py:840} INFO - DAG(s) 'example_trigger_target_dag' retrieved from /home/airflow/.local/lib/python3.8/site-packages/airflow/example_dags/example_trigger_target_dag.py
[2025-07-08T09:54:20.176+0000] {logging_mixin.py:188} INFO - [2025-07-08T09:54:20.175+0000] {dag.py:3036} INFO - Sync 1 DAGs
[2025-07-08T09:54:20.208+0000] {logging_mixin.py:188} INFO - [2025-07-08T09:54:20.207+0000] {dag.py:3823} INFO - Setting next_dagrun for example_trigger_target_dag to None, run_after=None
[2025-07-08T09:54:20.267+0000] {processor.py:183} INFO - Processing /home/airflow/.local/lib/python3.8/site-packages/airflow/example_dags/example_trigger_target_dag.py took 0.196 seconds
[2025-07-08T09:54:51.864+0000] {processor.py:161} INFO - Started process (PID=6365) to work on /home/airflow/.local/lib/python3.8/site-packages/airflow/example_dags/example_trigger_target_dag.py
[2025-07-08T09:54:51.882+0000] {processor.py:830} INFO - Processing file /home/airflow/.local/lib/python3.8/site-packages/airflow/example_dags/example_trigger_target_dag.py for tasks to queue
[2025-07-08T09:54:51.886+0000] {logging_mixin.py:188} INFO - [2025-07-08T09:54:51.885+0000] {dagbag.py:538} INFO - Filling up the DagBag from /home/airflow/.local/lib/python3.8/site-packages/airflow/example_dags/example_trigger_target_dag.py
[2025-07-08T09:54:51.916+0000] {processor.py:840} INFO - DAG(s) 'example_trigger_target_dag' retrieved from /home/airflow/.local/lib/python3.8/site-packages/airflow/example_dags/example_trigger_target_dag.py
[2025-07-08T09:54:51.997+0000] {logging_mixin.py:188} INFO - [2025-07-08T09:54:51.996+0000] {dag.py:3036} INFO - Sync 1 DAGs
[2025-07-08T09:54:52.039+0000] {logging_mixin.py:188} INFO - [2025-07-08T09:54:52.039+0000] {dag.py:3823} INFO - Setting next_dagrun for example_trigger_target_dag to None, run_after=None
[2025-07-08T09:54:52.136+0000] {processor.py:183} INFO - Processing /home/airflow/.local/lib/python3.8/site-packages/airflow/example_dags/example_trigger_target_dag.py took 0.302 seconds
[2025-07-08T09:55:22.942+0000] {processor.py:161} INFO - Started process (PID=6425) to work on /home/airflow/.local/lib/python3.8/site-packages/airflow/example_dags/example_trigger_target_dag.py
[2025-07-08T09:55:22.953+0000] {processor.py:830} INFO - Processing file /home/airflow/.local/lib/python3.8/site-packages/airflow/example_dags/example_trigger_target_dag.py for tasks to queue
[2025-07-08T09:55:22.962+0000] {logging_mixin.py:188} INFO - [2025-07-08T09:55:22.962+0000] {dagbag.py:538} INFO - Filling up the DagBag from /home/airflow/.local/lib/python3.8/site-packages/airflow/example_dags/example_trigger_target_dag.py
[2025-07-08T09:55:22.985+0000] {processor.py:840} INFO - DAG(s) 'example_trigger_target_dag' retrieved from /home/airflow/.local/lib/python3.8/site-packages/airflow/example_dags/example_trigger_target_dag.py
[2025-07-08T09:55:23.111+0000] {logging_mixin.py:188} INFO - [2025-07-08T09:55:23.110+0000] {dag.py:3036} INFO - Sync 1 DAGs
[2025-07-08T09:55:23.168+0000] {logging_mixin.py:188} INFO - [2025-07-08T09:55:23.167+0000] {dag.py:3823} INFO - Setting next_dagrun for example_trigger_target_dag to None, run_after=None
[2025-07-08T09:55:23.204+0000] {processor.py:183} INFO - Processing /home/airflow/.local/lib/python3.8/site-packages/airflow/example_dags/example_trigger_target_dag.py took 0.269 seconds
[2025-07-08T09:55:53.957+0000] {processor.py:161} INFO - Started process (PID=6491) to work on /home/airflow/.local/lib/python3.8/site-packages/airflow/example_dags/example_trigger_target_dag.py
[2025-07-08T09:55:53.959+0000] {processor.py:830} INFO - Processing file /home/airflow/.local/lib/python3.8/site-packages/airflow/example_dags/example_trigger_target_dag.py for tasks to queue
[2025-07-08T09:55:53.968+0000] {logging_mixin.py:188} INFO - [2025-07-08T09:55:53.967+0000] {dagbag.py:538} INFO - Filling up the DagBag from /home/airflow/.local/lib/python3.8/site-packages/airflow/example_dags/example_trigger_target_dag.py
[2025-07-08T09:55:53.984+0000] {processor.py:840} INFO - DAG(s) 'example_trigger_target_dag' retrieved from /home/airflow/.local/lib/python3.8/site-packages/airflow/example_dags/example_trigger_target_dag.py
[2025-07-08T09:55:54.032+0000] {logging_mixin.py:188} INFO - [2025-07-08T09:55:54.032+0000] {dag.py:3036} INFO - Sync 1 DAGs
[2025-07-08T09:55:54.059+0000] {logging_mixin.py:188} INFO - [2025-07-08T09:55:54.059+0000] {dag.py:3823} INFO - Setting next_dagrun for example_trigger_target_dag to None, run_after=None
[2025-07-08T09:55:54.101+0000] {processor.py:183} INFO - Processing /home/airflow/.local/lib/python3.8/site-packages/airflow/example_dags/example_trigger_target_dag.py took 0.170 seconds
[2025-07-08T09:56:24.772+0000] {processor.py:161} INFO - Started process (PID=6564) to work on /home/airflow/.local/lib/python3.8/site-packages/airflow/example_dags/example_trigger_target_dag.py
[2025-07-08T09:56:24.773+0000] {processor.py:830} INFO - Processing file /home/airflow/.local/lib/python3.8/site-packages/airflow/example_dags/example_trigger_target_dag.py for tasks to queue
[2025-07-08T09:56:24.791+0000] {logging_mixin.py:188} INFO - [2025-07-08T09:56:24.791+0000] {dagbag.py:538} INFO - Filling up the DagBag from /home/airflow/.local/lib/python3.8/site-packages/airflow/example_dags/example_trigger_target_dag.py
[2025-07-08T09:56:24.815+0000] {processor.py:840} INFO - DAG(s) 'example_trigger_target_dag' retrieved from /home/airflow/.local/lib/python3.8/site-packages/airflow/example_dags/example_trigger_target_dag.py
[2025-07-08T09:56:24.882+0000] {logging_mixin.py:188} INFO - [2025-07-08T09:56:24.881+0000] {dag.py:3036} INFO - Sync 1 DAGs
[2025-07-08T09:56:24.910+0000] {logging_mixin.py:188} INFO - [2025-07-08T09:56:24.910+0000] {dag.py:3823} INFO - Setting next_dagrun for example_trigger_target_dag to None, run_after=None
[2025-07-08T09:56:24.977+0000] {processor.py:183} INFO - Processing /home/airflow/.local/lib/python3.8/site-packages/airflow/example_dags/example_trigger_target_dag.py took 0.227 seconds
[2025-07-08T09:56:55.204+0000] {processor.py:161} INFO - Started process (PID=6628) to work on /home/airflow/.local/lib/python3.8/site-packages/airflow/example_dags/example_trigger_target_dag.py
[2025-07-08T09:56:55.206+0000] {processor.py:830} INFO - Processing file /home/airflow/.local/lib/python3.8/site-packages/airflow/example_dags/example_trigger_target_dag.py for tasks to queue
[2025-07-08T09:56:55.209+0000] {logging_mixin.py:188} INFO - [2025-07-08T09:56:55.209+0000] {dagbag.py:538} INFO - Filling up the DagBag from /home/airflow/.local/lib/python3.8/site-packages/airflow/example_dags/example_trigger_target_dag.py
[2025-07-08T09:56:55.220+0000] {processor.py:840} INFO - DAG(s) 'example_trigger_target_dag' retrieved from /home/airflow/.local/lib/python3.8/site-packages/airflow/example_dags/example_trigger_target_dag.py
[2025-07-08T09:56:55.258+0000] {logging_mixin.py:188} INFO - [2025-07-08T09:56:55.258+0000] {dag.py:3036} INFO - Sync 1 DAGs
[2025-07-08T09:56:55.284+0000] {logging_mixin.py:188} INFO - [2025-07-08T09:56:55.284+0000] {dag.py:3823} INFO - Setting next_dagrun for example_trigger_target_dag to None, run_after=None
[2025-07-08T09:56:55.320+0000] {processor.py:183} INFO - Processing /home/airflow/.local/lib/python3.8/site-packages/airflow/example_dags/example_trigger_target_dag.py took 0.122 seconds
[2025-07-08T09:57:25.934+0000] {processor.py:161} INFO - Started process (PID=6693) to work on /home/airflow/.local/lib/python3.8/site-packages/airflow/example_dags/example_trigger_target_dag.py
[2025-07-08T09:57:25.936+0000] {processor.py:830} INFO - Processing file /home/airflow/.local/lib/python3.8/site-packages/airflow/example_dags/example_trigger_target_dag.py for tasks to queue
[2025-07-08T09:57:25.939+0000] {logging_mixin.py:188} INFO - [2025-07-08T09:57:25.938+0000] {dagbag.py:538} INFO - Filling up the DagBag from /home/airflow/.local/lib/python3.8/site-packages/airflow/example_dags/example_trigger_target_dag.py
[2025-07-08T09:57:25.971+0000] {processor.py:840} INFO - DAG(s) 'example_trigger_target_dag' retrieved from /home/airflow/.local/lib/python3.8/site-packages/airflow/example_dags/example_trigger_target_dag.py
[2025-07-08T09:57:26.017+0000] {logging_mixin.py:188} INFO - [2025-07-08T09:57:26.015+0000] {dag.py:3036} INFO - Sync 1 DAGs
[2025-07-08T09:57:26.057+0000] {logging_mixin.py:188} INFO - [2025-07-08T09:57:26.055+0000] {dag.py:3823} INFO - Setting next_dagrun for example_trigger_target_dag to None, run_after=None
[2025-07-08T09:57:26.137+0000] {processor.py:183} INFO - Processing /home/airflow/.local/lib/python3.8/site-packages/airflow/example_dags/example_trigger_target_dag.py took 0.219 seconds
[2025-07-08T09:57:56.434+0000] {processor.py:161} INFO - Started process (PID=6752) to work on /home/airflow/.local/lib/python3.8/site-packages/airflow/example_dags/example_trigger_target_dag.py
[2025-07-08T09:57:56.436+0000] {processor.py:830} INFO - Processing file /home/airflow/.local/lib/python3.8/site-packages/airflow/example_dags/example_trigger_target_dag.py for tasks to queue
[2025-07-08T09:57:56.439+0000] {logging_mixin.py:188} INFO - [2025-07-08T09:57:56.439+0000] {dagbag.py:538} INFO - Filling up the DagBag from /home/airflow/.local/lib/python3.8/site-packages/airflow/example_dags/example_trigger_target_dag.py
[2025-07-08T09:57:56.451+0000] {processor.py:840} INFO - DAG(s) 'example_trigger_target_dag' retrieved from /home/airflow/.local/lib/python3.8/site-packages/airflow/example_dags/example_trigger_target_dag.py
[2025-07-08T09:57:56.490+0000] {logging_mixin.py:188} INFO - [2025-07-08T09:57:56.489+0000] {dag.py:3036} INFO - Sync 1 DAGs
[2025-07-08T09:57:56.521+0000] {logging_mixin.py:188} INFO - [2025-07-08T09:57:56.520+0000] {dag.py:3823} INFO - Setting next_dagrun for example_trigger_target_dag to None, run_after=None
[2025-07-08T09:57:56.559+0000] {processor.py:183} INFO - Processing /home/airflow/.local/lib/python3.8/site-packages/airflow/example_dags/example_trigger_target_dag.py took 0.158 seconds
[2025-07-08T09:58:28.043+0000] {processor.py:161} INFO - Started process (PID=6822) to work on /home/airflow/.local/lib/python3.8/site-packages/airflow/example_dags/example_trigger_target_dag.py
[2025-07-08T09:58:28.047+0000] {processor.py:830} INFO - Processing file /home/airflow/.local/lib/python3.8/site-packages/airflow/example_dags/example_trigger_target_dag.py for tasks to queue
[2025-07-08T09:58:28.051+0000] {logging_mixin.py:188} INFO - [2025-07-08T09:58:28.050+0000] {dagbag.py:538} INFO - Filling up the DagBag from /home/airflow/.local/lib/python3.8/site-packages/airflow/example_dags/example_trigger_target_dag.py
[2025-07-08T09:58:28.083+0000] {processor.py:840} INFO - DAG(s) 'example_trigger_target_dag' retrieved from /home/airflow/.local/lib/python3.8/site-packages/airflow/example_dags/example_trigger_target_dag.py
[2025-07-08T09:58:28.149+0000] {logging_mixin.py:188} INFO - [2025-07-08T09:58:28.148+0000] {dag.py:3036} INFO - Sync 1 DAGs
[2025-07-08T09:58:28.177+0000] {logging_mixin.py:188} INFO - [2025-07-08T09:58:28.176+0000] {dag.py:3823} INFO - Setting next_dagrun for example_trigger_target_dag to None, run_after=None
[2025-07-08T09:58:28.231+0000] {processor.py:183} INFO - Processing /home/airflow/.local/lib/python3.8/site-packages/airflow/example_dags/example_trigger_target_dag.py took 0.195 seconds
[2025-07-08T09:58:59.146+0000] {processor.py:161} INFO - Started process (PID=6888) to work on /home/airflow/.local/lib/python3.8/site-packages/airflow/example_dags/example_trigger_target_dag.py
[2025-07-08T09:58:59.156+0000] {processor.py:830} INFO - Processing file /home/airflow/.local/lib/python3.8/site-packages/airflow/example_dags/example_trigger_target_dag.py for tasks to queue
[2025-07-08T09:58:59.159+0000] {logging_mixin.py:188} INFO - [2025-07-08T09:58:59.159+0000] {dagbag.py:538} INFO - Filling up the DagBag from /home/airflow/.local/lib/python3.8/site-packages/airflow/example_dags/example_trigger_target_dag.py
[2025-07-08T09:58:59.186+0000] {processor.py:840} INFO - DAG(s) 'example_trigger_target_dag' retrieved from /home/airflow/.local/lib/python3.8/site-packages/airflow/example_dags/example_trigger_target_dag.py
[2025-07-08T09:58:59.277+0000] {logging_mixin.py:188} INFO - [2025-07-08T09:58:59.277+0000] {dag.py:3036} INFO - Sync 1 DAGs
[2025-07-08T09:58:59.335+0000] {logging_mixin.py:188} INFO - [2025-07-08T09:58:59.334+0000] {dag.py:3823} INFO - Setting next_dagrun for example_trigger_target_dag to None, run_after=None
[2025-07-08T09:58:59.442+0000] {processor.py:183} INFO - Processing /home/airflow/.local/lib/python3.8/site-packages/airflow/example_dags/example_trigger_target_dag.py took 0.302 seconds
[2025-07-08T09:59:29.981+0000] {processor.py:161} INFO - Started process (PID=6954) to work on /home/airflow/.local/lib/python3.8/site-packages/airflow/example_dags/example_trigger_target_dag.py
[2025-07-08T09:59:29.992+0000] {processor.py:830} INFO - Processing file /home/airflow/.local/lib/python3.8/site-packages/airflow/example_dags/example_trigger_target_dag.py for tasks to queue
[2025-07-08T09:59:30.004+0000] {logging_mixin.py:188} INFO - [2025-07-08T09:59:30.003+0000] {dagbag.py:538} INFO - Filling up the DagBag from /home/airflow/.local/lib/python3.8/site-packages/airflow/example_dags/example_trigger_target_dag.py
[2025-07-08T09:59:30.047+0000] {processor.py:840} INFO - DAG(s) 'example_trigger_target_dag' retrieved from /home/airflow/.local/lib/python3.8/site-packages/airflow/example_dags/example_trigger_target_dag.py
[2025-07-08T09:59:30.205+0000] {logging_mixin.py:188} INFO - [2025-07-08T09:59:30.204+0000] {dag.py:3036} INFO - Sync 1 DAGs
[2025-07-08T09:59:30.308+0000] {logging_mixin.py:188} INFO - [2025-07-08T09:59:30.307+0000] {dag.py:3823} INFO - Setting next_dagrun for example_trigger_target_dag to None, run_after=None
[2025-07-08T09:59:30.399+0000] {processor.py:183} INFO - Processing /home/airflow/.local/lib/python3.8/site-packages/airflow/example_dags/example_trigger_target_dag.py took 0.424 seconds
[2025-07-08T10:00:01.105+0000] {processor.py:161} INFO - Started process (PID=7020) to work on /home/airflow/.local/lib/python3.8/site-packages/airflow/example_dags/example_trigger_target_dag.py
[2025-07-08T10:00:01.111+0000] {processor.py:830} INFO - Processing file /home/airflow/.local/lib/python3.8/site-packages/airflow/example_dags/example_trigger_target_dag.py for tasks to queue
[2025-07-08T10:00:01.115+0000] {logging_mixin.py:188} INFO - [2025-07-08T10:00:01.113+0000] {dagbag.py:538} INFO - Filling up the DagBag from /home/airflow/.local/lib/python3.8/site-packages/airflow/example_dags/example_trigger_target_dag.py
[2025-07-08T10:00:01.134+0000] {processor.py:840} INFO - DAG(s) 'example_trigger_target_dag' retrieved from /home/airflow/.local/lib/python3.8/site-packages/airflow/example_dags/example_trigger_target_dag.py
[2025-07-08T10:00:01.181+0000] {logging_mixin.py:188} INFO - [2025-07-08T10:00:01.180+0000] {dag.py:3036} INFO - Sync 1 DAGs
[2025-07-08T10:00:01.203+0000] {logging_mixin.py:188} INFO - [2025-07-08T10:00:01.203+0000] {dag.py:3823} INFO - Setting next_dagrun for example_trigger_target_dag to None, run_after=None
[2025-07-08T10:00:01.242+0000] {processor.py:183} INFO - Processing /home/airflow/.local/lib/python3.8/site-packages/airflow/example_dags/example_trigger_target_dag.py took 0.148 seconds
[2025-07-08T10:00:31.657+0000] {processor.py:161} INFO - Started process (PID=7087) to work on /home/airflow/.local/lib/python3.8/site-packages/airflow/example_dags/example_trigger_target_dag.py
[2025-07-08T10:00:31.661+0000] {processor.py:830} INFO - Processing file /home/airflow/.local/lib/python3.8/site-packages/airflow/example_dags/example_trigger_target_dag.py for tasks to queue
[2025-07-08T10:00:31.668+0000] {logging_mixin.py:188} INFO - [2025-07-08T10:00:31.667+0000] {dagbag.py:538} INFO - Filling up the DagBag from /home/airflow/.local/lib/python3.8/site-packages/airflow/example_dags/example_trigger_target_dag.py
[2025-07-08T10:00:31.679+0000] {processor.py:840} INFO - DAG(s) 'example_trigger_target_dag' retrieved from /home/airflow/.local/lib/python3.8/site-packages/airflow/example_dags/example_trigger_target_dag.py
[2025-07-08T10:00:31.712+0000] {logging_mixin.py:188} INFO - [2025-07-08T10:00:31.712+0000] {dag.py:3036} INFO - Sync 1 DAGs
[2025-07-08T10:00:31.736+0000] {logging_mixin.py:188} INFO - [2025-07-08T10:00:31.735+0000] {dag.py:3823} INFO - Setting next_dagrun for example_trigger_target_dag to None, run_after=None
[2025-07-08T10:00:31.769+0000] {processor.py:183} INFO - Processing /home/airflow/.local/lib/python3.8/site-packages/airflow/example_dags/example_trigger_target_dag.py took 0.117 seconds
[2025-07-08T10:01:02.781+0000] {processor.py:161} INFO - Started process (PID=7156) to work on /home/airflow/.local/lib/python3.8/site-packages/airflow/example_dags/example_trigger_target_dag.py
[2025-07-08T10:01:02.786+0000] {processor.py:830} INFO - Processing file /home/airflow/.local/lib/python3.8/site-packages/airflow/example_dags/example_trigger_target_dag.py for tasks to queue
[2025-07-08T10:01:02.793+0000] {logging_mixin.py:188} INFO - [2025-07-08T10:01:02.789+0000] {dagbag.py:538} INFO - Filling up the DagBag from /home/airflow/.local/lib/python3.8/site-packages/airflow/example_dags/example_trigger_target_dag.py
[2025-07-08T10:01:02.829+0000] {processor.py:840} INFO - DAG(s) 'example_trigger_target_dag' retrieved from /home/airflow/.local/lib/python3.8/site-packages/airflow/example_dags/example_trigger_target_dag.py
[2025-07-08T10:01:02.982+0000] {logging_mixin.py:188} INFO - [2025-07-08T10:01:02.976+0000] {dag.py:3036} INFO - Sync 1 DAGs
[2025-07-08T10:01:03.021+0000] {logging_mixin.py:188} INFO - [2025-07-08T10:01:03.018+0000] {dag.py:3823} INFO - Setting next_dagrun for example_trigger_target_dag to None, run_after=None
[2025-07-08T10:01:03.108+0000] {processor.py:183} INFO - Processing /home/airflow/.local/lib/python3.8/site-packages/airflow/example_dags/example_trigger_target_dag.py took 0.341 seconds
[2025-07-08T10:01:33.364+0000] {processor.py:161} INFO - Started process (PID=7224) to work on /home/airflow/.local/lib/python3.8/site-packages/airflow/example_dags/example_trigger_target_dag.py
[2025-07-08T10:01:33.379+0000] {processor.py:830} INFO - Processing file /home/airflow/.local/lib/python3.8/site-packages/airflow/example_dags/example_trigger_target_dag.py for tasks to queue
[2025-07-08T10:01:33.399+0000] {logging_mixin.py:188} INFO - [2025-07-08T10:01:33.398+0000] {dagbag.py:538} INFO - Filling up the DagBag from /home/airflow/.local/lib/python3.8/site-packages/airflow/example_dags/example_trigger_target_dag.py
[2025-07-08T10:01:33.438+0000] {processor.py:840} INFO - DAG(s) 'example_trigger_target_dag' retrieved from /home/airflow/.local/lib/python3.8/site-packages/airflow/example_dags/example_trigger_target_dag.py
[2025-07-08T10:01:33.600+0000] {logging_mixin.py:188} INFO - [2025-07-08T10:01:33.599+0000] {dag.py:3036} INFO - Sync 1 DAGs
[2025-07-08T10:01:33.656+0000] {logging_mixin.py:188} INFO - [2025-07-08T10:01:33.655+0000] {dag.py:3823} INFO - Setting next_dagrun for example_trigger_target_dag to None, run_after=None
[2025-07-08T10:01:33.734+0000] {processor.py:183} INFO - Processing /home/airflow/.local/lib/python3.8/site-packages/airflow/example_dags/example_trigger_target_dag.py took 0.396 seconds
[2025-07-08T10:02:04.304+0000] {processor.py:161} INFO - Started process (PID=7291) to work on /home/airflow/.local/lib/python3.8/site-packages/airflow/example_dags/example_trigger_target_dag.py
[2025-07-08T10:02:04.311+0000] {processor.py:830} INFO - Processing file /home/airflow/.local/lib/python3.8/site-packages/airflow/example_dags/example_trigger_target_dag.py for tasks to queue
[2025-07-08T10:02:04.314+0000] {logging_mixin.py:188} INFO - [2025-07-08T10:02:04.313+0000] {dagbag.py:538} INFO - Filling up the DagBag from /home/airflow/.local/lib/python3.8/site-packages/airflow/example_dags/example_trigger_target_dag.py
[2025-07-08T10:02:04.337+0000] {processor.py:840} INFO - DAG(s) 'example_trigger_target_dag' retrieved from /home/airflow/.local/lib/python3.8/site-packages/airflow/example_dags/example_trigger_target_dag.py
[2025-07-08T10:02:04.402+0000] {logging_mixin.py:188} INFO - [2025-07-08T10:02:04.401+0000] {dag.py:3036} INFO - Sync 1 DAGs
[2025-07-08T10:02:04.434+0000] {logging_mixin.py:188} INFO - [2025-07-08T10:02:04.434+0000] {dag.py:3823} INFO - Setting next_dagrun for example_trigger_target_dag to None, run_after=None
[2025-07-08T10:02:04.562+0000] {processor.py:183} INFO - Processing /home/airflow/.local/lib/python3.8/site-packages/airflow/example_dags/example_trigger_target_dag.py took 0.264 seconds
[2025-07-08T10:02:35.327+0000] {processor.py:161} INFO - Started process (PID=7351) to work on /home/airflow/.local/lib/python3.8/site-packages/airflow/example_dags/example_trigger_target_dag.py
[2025-07-08T10:02:35.329+0000] {processor.py:830} INFO - Processing file /home/airflow/.local/lib/python3.8/site-packages/airflow/example_dags/example_trigger_target_dag.py for tasks to queue
[2025-07-08T10:02:35.333+0000] {logging_mixin.py:188} INFO - [2025-07-08T10:02:35.333+0000] {dagbag.py:538} INFO - Filling up the DagBag from /home/airflow/.local/lib/python3.8/site-packages/airflow/example_dags/example_trigger_target_dag.py
[2025-07-08T10:02:35.372+0000] {processor.py:840} INFO - DAG(s) 'example_trigger_target_dag' retrieved from /home/airflow/.local/lib/python3.8/site-packages/airflow/example_dags/example_trigger_target_dag.py
[2025-07-08T10:02:35.416+0000] {logging_mixin.py:188} INFO - [2025-07-08T10:02:35.415+0000] {dag.py:3036} INFO - Sync 1 DAGs
[2025-07-08T10:02:35.443+0000] {logging_mixin.py:188} INFO - [2025-07-08T10:02:35.442+0000] {dag.py:3823} INFO - Setting next_dagrun for example_trigger_target_dag to None, run_after=None
[2025-07-08T10:02:35.482+0000] {processor.py:183} INFO - Processing /home/airflow/.local/lib/python3.8/site-packages/airflow/example_dags/example_trigger_target_dag.py took 0.162 seconds
[2025-07-08T10:03:06.765+0000] {processor.py:161} INFO - Started process (PID=7416) to work on /home/airflow/.local/lib/python3.8/site-packages/airflow/example_dags/example_trigger_target_dag.py
[2025-07-08T10:03:06.769+0000] {processor.py:830} INFO - Processing file /home/airflow/.local/lib/python3.8/site-packages/airflow/example_dags/example_trigger_target_dag.py for tasks to queue
[2025-07-08T10:03:06.780+0000] {logging_mixin.py:188} INFO - [2025-07-08T10:03:06.771+0000] {dagbag.py:538} INFO - Filling up the DagBag from /home/airflow/.local/lib/python3.8/site-packages/airflow/example_dags/example_trigger_target_dag.py
[2025-07-08T10:03:06.802+0000] {processor.py:840} INFO - DAG(s) 'example_trigger_target_dag' retrieved from /home/airflow/.local/lib/python3.8/site-packages/airflow/example_dags/example_trigger_target_dag.py
[2025-07-08T10:03:06.869+0000] {logging_mixin.py:188} INFO - [2025-07-08T10:03:06.869+0000] {dag.py:3036} INFO - Sync 1 DAGs
[2025-07-08T10:03:06.898+0000] {logging_mixin.py:188} INFO - [2025-07-08T10:03:06.898+0000] {dag.py:3823} INFO - Setting next_dagrun for example_trigger_target_dag to None, run_after=None
[2025-07-08T10:03:06.932+0000] {processor.py:183} INFO - Processing /home/airflow/.local/lib/python3.8/site-packages/airflow/example_dags/example_trigger_target_dag.py took 0.173 seconds
[2025-07-08T10:03:39.109+0000] {processor.py:161} INFO - Started process (PID=7483) to work on /home/airflow/.local/lib/python3.8/site-packages/airflow/example_dags/example_trigger_target_dag.py
[2025-07-08T10:03:39.110+0000] {processor.py:830} INFO - Processing file /home/airflow/.local/lib/python3.8/site-packages/airflow/example_dags/example_trigger_target_dag.py for tasks to queue
[2025-07-08T10:03:39.126+0000] {logging_mixin.py:188} INFO - [2025-07-08T10:03:39.125+0000] {dagbag.py:538} INFO - Filling up the DagBag from /home/airflow/.local/lib/python3.8/site-packages/airflow/example_dags/example_trigger_target_dag.py
[2025-07-08T10:03:39.184+0000] {processor.py:840} INFO - DAG(s) 'example_trigger_target_dag' retrieved from /home/airflow/.local/lib/python3.8/site-packages/airflow/example_dags/example_trigger_target_dag.py
[2025-07-08T10:03:39.352+0000] {logging_mixin.py:188} INFO - [2025-07-08T10:03:39.351+0000] {dag.py:3036} INFO - Sync 1 DAGs
[2025-07-08T10:03:39.433+0000] {logging_mixin.py:188} INFO - [2025-07-08T10:03:39.433+0000] {dag.py:3823} INFO - Setting next_dagrun for example_trigger_target_dag to None, run_after=None
[2025-07-08T10:03:39.592+0000] {processor.py:183} INFO - Processing /home/airflow/.local/lib/python3.8/site-packages/airflow/example_dags/example_trigger_target_dag.py took 0.525 seconds
[2025-07-08T10:04:09.975+0000] {processor.py:161} INFO - Started process (PID=7544) to work on /home/airflow/.local/lib/python3.8/site-packages/airflow/example_dags/example_trigger_target_dag.py
[2025-07-08T10:04:09.978+0000] {processor.py:830} INFO - Processing file /home/airflow/.local/lib/python3.8/site-packages/airflow/example_dags/example_trigger_target_dag.py for tasks to queue
[2025-07-08T10:04:09.986+0000] {logging_mixin.py:188} INFO - [2025-07-08T10:04:09.985+0000] {dagbag.py:538} INFO - Filling up the DagBag from /home/airflow/.local/lib/python3.8/site-packages/airflow/example_dags/example_trigger_target_dag.py
[2025-07-08T10:04:10.015+0000] {processor.py:840} INFO - DAG(s) 'example_trigger_target_dag' retrieved from /home/airflow/.local/lib/python3.8/site-packages/airflow/example_dags/example_trigger_target_dag.py
[2025-07-08T10:04:10.135+0000] {logging_mixin.py:188} INFO - [2025-07-08T10:04:10.134+0000] {dag.py:3036} INFO - Sync 1 DAGs
[2025-07-08T10:04:10.229+0000] {logging_mixin.py:188} INFO - [2025-07-08T10:04:10.229+0000] {dag.py:3823} INFO - Setting next_dagrun for example_trigger_target_dag to None, run_after=None
[2025-07-08T10:04:10.282+0000] {processor.py:183} INFO - Processing /home/airflow/.local/lib/python3.8/site-packages/airflow/example_dags/example_trigger_target_dag.py took 0.320 seconds
[2025-07-08T10:04:40.957+0000] {processor.py:161} INFO - Started process (PID=7612) to work on /home/airflow/.local/lib/python3.8/site-packages/airflow/example_dags/example_trigger_target_dag.py
[2025-07-08T10:04:40.959+0000] {processor.py:830} INFO - Processing file /home/airflow/.local/lib/python3.8/site-packages/airflow/example_dags/example_trigger_target_dag.py for tasks to queue
[2025-07-08T10:04:40.962+0000] {logging_mixin.py:188} INFO - [2025-07-08T10:04:40.962+0000] {dagbag.py:538} INFO - Filling up the DagBag from /home/airflow/.local/lib/python3.8/site-packages/airflow/example_dags/example_trigger_target_dag.py
[2025-07-08T10:04:40.973+0000] {processor.py:840} INFO - DAG(s) 'example_trigger_target_dag' retrieved from /home/airflow/.local/lib/python3.8/site-packages/airflow/example_dags/example_trigger_target_dag.py
[2025-07-08T10:04:41.060+0000] {logging_mixin.py:188} INFO - [2025-07-08T10:04:41.060+0000] {dag.py:3036} INFO - Sync 1 DAGs
[2025-07-08T10:04:41.090+0000] {logging_mixin.py:188} INFO - [2025-07-08T10:04:41.089+0000] {dag.py:3823} INFO - Setting next_dagrun for example_trigger_target_dag to None, run_after=None
[2025-07-08T10:04:41.148+0000] {processor.py:183} INFO - Processing /home/airflow/.local/lib/python3.8/site-packages/airflow/example_dags/example_trigger_target_dag.py took 0.198 seconds
[2025-07-08T10:05:12.219+0000] {processor.py:161} INFO - Started process (PID=7680) to work on /home/airflow/.local/lib/python3.8/site-packages/airflow/example_dags/example_trigger_target_dag.py
[2025-07-08T10:05:12.224+0000] {processor.py:830} INFO - Processing file /home/airflow/.local/lib/python3.8/site-packages/airflow/example_dags/example_trigger_target_dag.py for tasks to queue
[2025-07-08T10:05:12.227+0000] {logging_mixin.py:188} INFO - [2025-07-08T10:05:12.227+0000] {dagbag.py:538} INFO - Filling up the DagBag from /home/airflow/.local/lib/python3.8/site-packages/airflow/example_dags/example_trigger_target_dag.py
[2025-07-08T10:05:12.259+0000] {processor.py:840} INFO - DAG(s) 'example_trigger_target_dag' retrieved from /home/airflow/.local/lib/python3.8/site-packages/airflow/example_dags/example_trigger_target_dag.py
[2025-07-08T10:05:12.357+0000] {logging_mixin.py:188} INFO - [2025-07-08T10:05:12.357+0000] {dag.py:3036} INFO - Sync 1 DAGs
[2025-07-08T10:05:12.431+0000] {logging_mixin.py:188} INFO - [2025-07-08T10:05:12.431+0000] {dag.py:3823} INFO - Setting next_dagrun for example_trigger_target_dag to None, run_after=None
[2025-07-08T10:05:12.505+0000] {processor.py:183} INFO - Processing /home/airflow/.local/lib/python3.8/site-packages/airflow/example_dags/example_trigger_target_dag.py took 0.323 seconds
[2025-07-08T10:05:42.780+0000] {processor.py:161} INFO - Started process (PID=7749) to work on /home/airflow/.local/lib/python3.8/site-packages/airflow/example_dags/example_trigger_target_dag.py
[2025-07-08T10:05:42.781+0000] {processor.py:830} INFO - Processing file /home/airflow/.local/lib/python3.8/site-packages/airflow/example_dags/example_trigger_target_dag.py for tasks to queue
[2025-07-08T10:05:42.784+0000] {logging_mixin.py:188} INFO - [2025-07-08T10:05:42.784+0000] {dagbag.py:538} INFO - Filling up the DagBag from /home/airflow/.local/lib/python3.8/site-packages/airflow/example_dags/example_trigger_target_dag.py
[2025-07-08T10:05:42.809+0000] {processor.py:840} INFO - DAG(s) 'example_trigger_target_dag' retrieved from /home/airflow/.local/lib/python3.8/site-packages/airflow/example_dags/example_trigger_target_dag.py
[2025-07-08T10:05:42.865+0000] {logging_mixin.py:188} INFO - [2025-07-08T10:05:42.864+0000] {dag.py:3036} INFO - Sync 1 DAGs
[2025-07-08T10:05:42.935+0000] {logging_mixin.py:188} INFO - [2025-07-08T10:05:42.935+0000] {dag.py:3823} INFO - Setting next_dagrun for example_trigger_target_dag to None, run_after=None
[2025-07-08T10:05:43.007+0000] {processor.py:183} INFO - Processing /home/airflow/.local/lib/python3.8/site-packages/airflow/example_dags/example_trigger_target_dag.py took 0.242 seconds
[2025-07-08T10:06:13.217+0000] {processor.py:161} INFO - Started process (PID=7816) to work on /home/airflow/.local/lib/python3.8/site-packages/airflow/example_dags/example_trigger_target_dag.py
[2025-07-08T10:06:13.232+0000] {processor.py:830} INFO - Processing file /home/airflow/.local/lib/python3.8/site-packages/airflow/example_dags/example_trigger_target_dag.py for tasks to queue
[2025-07-08T10:06:13.236+0000] {logging_mixin.py:188} INFO - [2025-07-08T10:06:13.235+0000] {dagbag.py:538} INFO - Filling up the DagBag from /home/airflow/.local/lib/python3.8/site-packages/airflow/example_dags/example_trigger_target_dag.py
[2025-07-08T10:06:13.258+0000] {processor.py:840} INFO - DAG(s) 'example_trigger_target_dag' retrieved from /home/airflow/.local/lib/python3.8/site-packages/airflow/example_dags/example_trigger_target_dag.py
[2025-07-08T10:06:13.337+0000] {logging_mixin.py:188} INFO - [2025-07-08T10:06:13.337+0000] {dag.py:3036} INFO - Sync 1 DAGs
[2025-07-08T10:06:13.371+0000] {logging_mixin.py:188} INFO - [2025-07-08T10:06:13.371+0000] {dag.py:3823} INFO - Setting next_dagrun for example_trigger_target_dag to None, run_after=None
[2025-07-08T10:06:13.492+0000] {processor.py:183} INFO - Processing /home/airflow/.local/lib/python3.8/site-packages/airflow/example_dags/example_trigger_target_dag.py took 0.288 seconds
[2025-07-08T10:06:43.556+0000] {processor.py:161} INFO - Started process (PID=7876) to work on /home/airflow/.local/lib/python3.8/site-packages/airflow/example_dags/example_trigger_target_dag.py
[2025-07-08T10:06:43.557+0000] {processor.py:830} INFO - Processing file /home/airflow/.local/lib/python3.8/site-packages/airflow/example_dags/example_trigger_target_dag.py for tasks to queue
[2025-07-08T10:06:43.561+0000] {logging_mixin.py:188} INFO - [2025-07-08T10:06:43.561+0000] {dagbag.py:538} INFO - Filling up the DagBag from /home/airflow/.local/lib/python3.8/site-packages/airflow/example_dags/example_trigger_target_dag.py
[2025-07-08T10:06:43.573+0000] {processor.py:840} INFO - DAG(s) 'example_trigger_target_dag' retrieved from /home/airflow/.local/lib/python3.8/site-packages/airflow/example_dags/example_trigger_target_dag.py
[2025-07-08T10:06:43.620+0000] {logging_mixin.py:188} INFO - [2025-07-08T10:06:43.619+0000] {dag.py:3036} INFO - Sync 1 DAGs
[2025-07-08T10:06:43.641+0000] {logging_mixin.py:188} INFO - [2025-07-08T10:06:43.641+0000] {dag.py:3823} INFO - Setting next_dagrun for example_trigger_target_dag to None, run_after=None
[2025-07-08T10:06:43.672+0000] {processor.py:183} INFO - Processing /home/airflow/.local/lib/python3.8/site-packages/airflow/example_dags/example_trigger_target_dag.py took 0.125 seconds
[2025-07-08T10:07:14.228+0000] {processor.py:161} INFO - Started process (PID=7944) to work on /home/airflow/.local/lib/python3.8/site-packages/airflow/example_dags/example_trigger_target_dag.py
[2025-07-08T10:07:14.230+0000] {processor.py:830} INFO - Processing file /home/airflow/.local/lib/python3.8/site-packages/airflow/example_dags/example_trigger_target_dag.py for tasks to queue
[2025-07-08T10:07:14.233+0000] {logging_mixin.py:188} INFO - [2025-07-08T10:07:14.232+0000] {dagbag.py:538} INFO - Filling up the DagBag from /home/airflow/.local/lib/python3.8/site-packages/airflow/example_dags/example_trigger_target_dag.py
[2025-07-08T10:07:14.243+0000] {processor.py:840} INFO - DAG(s) 'example_trigger_target_dag' retrieved from /home/airflow/.local/lib/python3.8/site-packages/airflow/example_dags/example_trigger_target_dag.py
[2025-07-08T10:07:14.279+0000] {logging_mixin.py:188} INFO - [2025-07-08T10:07:14.279+0000] {dag.py:3036} INFO - Sync 1 DAGs
[2025-07-08T10:07:14.300+0000] {logging_mixin.py:188} INFO - [2025-07-08T10:07:14.300+0000] {dag.py:3823} INFO - Setting next_dagrun for example_trigger_target_dag to None, run_after=None
[2025-07-08T10:07:14.333+0000] {processor.py:183} INFO - Processing /home/airflow/.local/lib/python3.8/site-packages/airflow/example_dags/example_trigger_target_dag.py took 0.111 seconds
[2025-07-08T10:07:45.003+0000] {processor.py:161} INFO - Started process (PID=8011) to work on /home/airflow/.local/lib/python3.8/site-packages/airflow/example_dags/example_trigger_target_dag.py
[2025-07-08T10:07:45.004+0000] {processor.py:830} INFO - Processing file /home/airflow/.local/lib/python3.8/site-packages/airflow/example_dags/example_trigger_target_dag.py for tasks to queue
[2025-07-08T10:07:45.007+0000] {logging_mixin.py:188} INFO - [2025-07-08T10:07:45.007+0000] {dagbag.py:538} INFO - Filling up the DagBag from /home/airflow/.local/lib/python3.8/site-packages/airflow/example_dags/example_trigger_target_dag.py
[2025-07-08T10:07:45.022+0000] {processor.py:840} INFO - DAG(s) 'example_trigger_target_dag' retrieved from /home/airflow/.local/lib/python3.8/site-packages/airflow/example_dags/example_trigger_target_dag.py
[2025-07-08T10:07:45.093+0000] {logging_mixin.py:188} INFO - [2025-07-08T10:07:45.093+0000] {dag.py:3036} INFO - Sync 1 DAGs
[2025-07-08T10:07:45.125+0000] {logging_mixin.py:188} INFO - [2025-07-08T10:07:45.125+0000] {dag.py:3823} INFO - Setting next_dagrun for example_trigger_target_dag to None, run_after=None
[2025-07-08T10:07:45.217+0000] {processor.py:183} INFO - Processing /home/airflow/.local/lib/python3.8/site-packages/airflow/example_dags/example_trigger_target_dag.py took 0.221 seconds
[2025-07-08T10:08:15.588+0000] {processor.py:161} INFO - Started process (PID=8069) to work on /home/airflow/.local/lib/python3.8/site-packages/airflow/example_dags/example_trigger_target_dag.py
[2025-07-08T10:08:15.590+0000] {processor.py:830} INFO - Processing file /home/airflow/.local/lib/python3.8/site-packages/airflow/example_dags/example_trigger_target_dag.py for tasks to queue
[2025-07-08T10:08:15.602+0000] {logging_mixin.py:188} INFO - [2025-07-08T10:08:15.602+0000] {dagbag.py:538} INFO - Filling up the DagBag from /home/airflow/.local/lib/python3.8/site-packages/airflow/example_dags/example_trigger_target_dag.py
[2025-07-08T10:08:15.622+0000] {processor.py:840} INFO - DAG(s) 'example_trigger_target_dag' retrieved from /home/airflow/.local/lib/python3.8/site-packages/airflow/example_dags/example_trigger_target_dag.py
[2025-07-08T10:08:15.734+0000] {logging_mixin.py:188} INFO - [2025-07-08T10:08:15.733+0000] {dag.py:3036} INFO - Sync 1 DAGs
[2025-07-08T10:08:15.816+0000] {logging_mixin.py:188} INFO - [2025-07-08T10:08:15.815+0000] {dag.py:3823} INFO - Setting next_dagrun for example_trigger_target_dag to None, run_after=None
[2025-07-08T10:08:15.869+0000] {processor.py:183} INFO - Processing /home/airflow/.local/lib/python3.8/site-packages/airflow/example_dags/example_trigger_target_dag.py took 0.287 seconds
[2025-07-08T10:08:46.474+0000] {processor.py:161} INFO - Started process (PID=8134) to work on /home/airflow/.local/lib/python3.8/site-packages/airflow/example_dags/example_trigger_target_dag.py
[2025-07-08T10:08:46.475+0000] {processor.py:830} INFO - Processing file /home/airflow/.local/lib/python3.8/site-packages/airflow/example_dags/example_trigger_target_dag.py for tasks to queue
[2025-07-08T10:08:46.478+0000] {logging_mixin.py:188} INFO - [2025-07-08T10:08:46.477+0000] {dagbag.py:538} INFO - Filling up the DagBag from /home/airflow/.local/lib/python3.8/site-packages/airflow/example_dags/example_trigger_target_dag.py
[2025-07-08T10:08:46.535+0000] {processor.py:840} INFO - DAG(s) 'example_trigger_target_dag' retrieved from /home/airflow/.local/lib/python3.8/site-packages/airflow/example_dags/example_trigger_target_dag.py
[2025-07-08T10:08:46.632+0000] {logging_mixin.py:188} INFO - [2025-07-08T10:08:46.632+0000] {dag.py:3036} INFO - Sync 1 DAGs
[2025-07-08T10:08:46.695+0000] {logging_mixin.py:188} INFO - [2025-07-08T10:08:46.694+0000] {dag.py:3823} INFO - Setting next_dagrun for example_trigger_target_dag to None, run_after=None
[2025-07-08T10:08:46.772+0000] {processor.py:183} INFO - Processing /home/airflow/.local/lib/python3.8/site-packages/airflow/example_dags/example_trigger_target_dag.py took 0.313 seconds
[2025-07-08T10:09:17.331+0000] {processor.py:161} INFO - Started process (PID=8201) to work on /home/airflow/.local/lib/python3.8/site-packages/airflow/example_dags/example_trigger_target_dag.py
[2025-07-08T10:09:17.344+0000] {processor.py:830} INFO - Processing file /home/airflow/.local/lib/python3.8/site-packages/airflow/example_dags/example_trigger_target_dag.py for tasks to queue
[2025-07-08T10:09:17.347+0000] {logging_mixin.py:188} INFO - [2025-07-08T10:09:17.347+0000] {dagbag.py:538} INFO - Filling up the DagBag from /home/airflow/.local/lib/python3.8/site-packages/airflow/example_dags/example_trigger_target_dag.py
[2025-07-08T10:09:17.378+0000] {processor.py:840} INFO - DAG(s) 'example_trigger_target_dag' retrieved from /home/airflow/.local/lib/python3.8/site-packages/airflow/example_dags/example_trigger_target_dag.py
[2025-07-08T10:09:17.481+0000] {logging_mixin.py:188} INFO - [2025-07-08T10:09:17.481+0000] {dag.py:3036} INFO - Sync 1 DAGs
[2025-07-08T10:09:17.554+0000] {logging_mixin.py:188} INFO - [2025-07-08T10:09:17.554+0000] {dag.py:3823} INFO - Setting next_dagrun for example_trigger_target_dag to None, run_after=None
[2025-07-08T10:09:17.646+0000] {processor.py:183} INFO - Processing /home/airflow/.local/lib/python3.8/site-packages/airflow/example_dags/example_trigger_target_dag.py took 0.321 seconds
[2025-07-08T10:09:48.219+0000] {processor.py:161} INFO - Started process (PID=8269) to work on /home/airflow/.local/lib/python3.8/site-packages/airflow/example_dags/example_trigger_target_dag.py
[2025-07-08T10:09:48.221+0000] {processor.py:830} INFO - Processing file /home/airflow/.local/lib/python3.8/site-packages/airflow/example_dags/example_trigger_target_dag.py for tasks to queue
[2025-07-08T10:09:48.232+0000] {logging_mixin.py:188} INFO - [2025-07-08T10:09:48.223+0000] {dagbag.py:538} INFO - Filling up the DagBag from /home/airflow/.local/lib/python3.8/site-packages/airflow/example_dags/example_trigger_target_dag.py
[2025-07-08T10:09:48.251+0000] {processor.py:840} INFO - DAG(s) 'example_trigger_target_dag' retrieved from /home/airflow/.local/lib/python3.8/site-packages/airflow/example_dags/example_trigger_target_dag.py
[2025-07-08T10:09:48.302+0000] {logging_mixin.py:188} INFO - [2025-07-08T10:09:48.302+0000] {dag.py:3036} INFO - Sync 1 DAGs
[2025-07-08T10:09:48.331+0000] {logging_mixin.py:188} INFO - [2025-07-08T10:09:48.331+0000] {dag.py:3823} INFO - Setting next_dagrun for example_trigger_target_dag to None, run_after=None
[2025-07-08T10:09:48.389+0000] {processor.py:183} INFO - Processing /home/airflow/.local/lib/python3.8/site-packages/airflow/example_dags/example_trigger_target_dag.py took 0.184 seconds
[2025-07-08T10:10:18.547+0000] {processor.py:161} INFO - Started process (PID=8338) to work on /home/airflow/.local/lib/python3.8/site-packages/airflow/example_dags/example_trigger_target_dag.py
[2025-07-08T10:10:18.550+0000] {processor.py:830} INFO - Processing file /home/airflow/.local/lib/python3.8/site-packages/airflow/example_dags/example_trigger_target_dag.py for tasks to queue
[2025-07-08T10:10:18.553+0000] {logging_mixin.py:188} INFO - [2025-07-08T10:10:18.553+0000] {dagbag.py:538} INFO - Filling up the DagBag from /home/airflow/.local/lib/python3.8/site-packages/airflow/example_dags/example_trigger_target_dag.py
[2025-07-08T10:10:18.567+0000] {processor.py:840} INFO - DAG(s) 'example_trigger_target_dag' retrieved from /home/airflow/.local/lib/python3.8/site-packages/airflow/example_dags/example_trigger_target_dag.py
[2025-07-08T10:10:18.632+0000] {logging_mixin.py:188} INFO - [2025-07-08T10:10:18.632+0000] {dag.py:3036} INFO - Sync 1 DAGs
[2025-07-08T10:10:18.659+0000] {logging_mixin.py:188} INFO - [2025-07-08T10:10:18.658+0000] {dag.py:3823} INFO - Setting next_dagrun for example_trigger_target_dag to None, run_after=None
[2025-07-08T10:10:18.696+0000] {processor.py:183} INFO - Processing /home/airflow/.local/lib/python3.8/site-packages/airflow/example_dags/example_trigger_target_dag.py took 0.156 seconds
[2025-07-08T10:10:49.690+0000] {processor.py:161} INFO - Started process (PID=8405) to work on /home/airflow/.local/lib/python3.8/site-packages/airflow/example_dags/example_trigger_target_dag.py
[2025-07-08T10:10:49.692+0000] {processor.py:830} INFO - Processing file /home/airflow/.local/lib/python3.8/site-packages/airflow/example_dags/example_trigger_target_dag.py for tasks to queue
[2025-07-08T10:10:49.695+0000] {logging_mixin.py:188} INFO - [2025-07-08T10:10:49.694+0000] {dagbag.py:538} INFO - Filling up the DagBag from /home/airflow/.local/lib/python3.8/site-packages/airflow/example_dags/example_trigger_target_dag.py
[2025-07-08T10:10:49.713+0000] {processor.py:840} INFO - DAG(s) 'example_trigger_target_dag' retrieved from /home/airflow/.local/lib/python3.8/site-packages/airflow/example_dags/example_trigger_target_dag.py
[2025-07-08T10:10:49.777+0000] {logging_mixin.py:188} INFO - [2025-07-08T10:10:49.777+0000] {dag.py:3036} INFO - Sync 1 DAGs
[2025-07-08T10:10:49.823+0000] {logging_mixin.py:188} INFO - [2025-07-08T10:10:49.823+0000] {dag.py:3823} INFO - Setting next_dagrun for example_trigger_target_dag to None, run_after=None
[2025-07-08T10:10:49.921+0000] {processor.py:183} INFO - Processing /home/airflow/.local/lib/python3.8/site-packages/airflow/example_dags/example_trigger_target_dag.py took 0.244 seconds
[2025-07-08T10:11:20.464+0000] {processor.py:161} INFO - Started process (PID=8473) to work on /home/airflow/.local/lib/python3.8/site-packages/airflow/example_dags/example_trigger_target_dag.py
[2025-07-08T10:11:20.468+0000] {processor.py:830} INFO - Processing file /home/airflow/.local/lib/python3.8/site-packages/airflow/example_dags/example_trigger_target_dag.py for tasks to queue
[2025-07-08T10:11:20.472+0000] {logging_mixin.py:188} INFO - [2025-07-08T10:11:20.471+0000] {dagbag.py:538} INFO - Filling up the DagBag from /home/airflow/.local/lib/python3.8/site-packages/airflow/example_dags/example_trigger_target_dag.py
[2025-07-08T10:11:20.495+0000] {processor.py:840} INFO - DAG(s) 'example_trigger_target_dag' retrieved from /home/airflow/.local/lib/python3.8/site-packages/airflow/example_dags/example_trigger_target_dag.py
[2025-07-08T10:11:20.576+0000] {logging_mixin.py:188} INFO - [2025-07-08T10:11:20.576+0000] {dag.py:3036} INFO - Sync 1 DAGs
[2025-07-08T10:11:20.646+0000] {logging_mixin.py:188} INFO - [2025-07-08T10:11:20.645+0000] {dag.py:3823} INFO - Setting next_dagrun for example_trigger_target_dag to None, run_after=None
[2025-07-08T10:11:20.734+0000] {processor.py:183} INFO - Processing /home/airflow/.local/lib/python3.8/site-packages/airflow/example_dags/example_trigger_target_dag.py took 0.284 seconds
[2025-07-08T10:11:51.222+0000] {processor.py:161} INFO - Started process (PID=8533) to work on /home/airflow/.local/lib/python3.8/site-packages/airflow/example_dags/example_trigger_target_dag.py
[2025-07-08T10:11:51.223+0000] {processor.py:830} INFO - Processing file /home/airflow/.local/lib/python3.8/site-packages/airflow/example_dags/example_trigger_target_dag.py for tasks to queue
[2025-07-08T10:11:51.226+0000] {logging_mixin.py:188} INFO - [2025-07-08T10:11:51.225+0000] {dagbag.py:538} INFO - Filling up the DagBag from /home/airflow/.local/lib/python3.8/site-packages/airflow/example_dags/example_trigger_target_dag.py
[2025-07-08T10:11:51.235+0000] {processor.py:840} INFO - DAG(s) 'example_trigger_target_dag' retrieved from /home/airflow/.local/lib/python3.8/site-packages/airflow/example_dags/example_trigger_target_dag.py
[2025-07-08T10:11:51.268+0000] {logging_mixin.py:188} INFO - [2025-07-08T10:11:51.268+0000] {dag.py:3036} INFO - Sync 1 DAGs
[2025-07-08T10:11:51.294+0000] {logging_mixin.py:188} INFO - [2025-07-08T10:11:51.293+0000] {dag.py:3823} INFO - Setting next_dagrun for example_trigger_target_dag to None, run_after=None
[2025-07-08T10:11:51.331+0000] {processor.py:183} INFO - Processing /home/airflow/.local/lib/python3.8/site-packages/airflow/example_dags/example_trigger_target_dag.py took 0.115 seconds
[2025-07-08T10:12:22.515+0000] {processor.py:161} INFO - Started process (PID=8602) to work on /home/airflow/.local/lib/python3.8/site-packages/airflow/example_dags/example_trigger_target_dag.py
[2025-07-08T10:12:22.518+0000] {processor.py:830} INFO - Processing file /home/airflow/.local/lib/python3.8/site-packages/airflow/example_dags/example_trigger_target_dag.py for tasks to queue
[2025-07-08T10:12:22.523+0000] {logging_mixin.py:188} INFO - [2025-07-08T10:12:22.522+0000] {dagbag.py:538} INFO - Filling up the DagBag from /home/airflow/.local/lib/python3.8/site-packages/airflow/example_dags/example_trigger_target_dag.py
[2025-07-08T10:12:22.538+0000] {processor.py:840} INFO - DAG(s) 'example_trigger_target_dag' retrieved from /home/airflow/.local/lib/python3.8/site-packages/airflow/example_dags/example_trigger_target_dag.py
[2025-07-08T10:12:22.602+0000] {logging_mixin.py:188} INFO - [2025-07-08T10:12:22.601+0000] {dag.py:3036} INFO - Sync 1 DAGs
[2025-07-08T10:12:22.630+0000] {logging_mixin.py:188} INFO - [2025-07-08T10:12:22.629+0000] {dag.py:3823} INFO - Setting next_dagrun for example_trigger_target_dag to None, run_after=None
[2025-07-08T10:12:22.681+0000] {processor.py:183} INFO - Processing /home/airflow/.local/lib/python3.8/site-packages/airflow/example_dags/example_trigger_target_dag.py took 0.172 seconds
[2025-07-08T10:12:52.948+0000] {processor.py:161} INFO - Started process (PID=8668) to work on /home/airflow/.local/lib/python3.8/site-packages/airflow/example_dags/example_trigger_target_dag.py
[2025-07-08T10:12:52.950+0000] {processor.py:830} INFO - Processing file /home/airflow/.local/lib/python3.8/site-packages/airflow/example_dags/example_trigger_target_dag.py for tasks to queue
[2025-07-08T10:12:52.961+0000] {logging_mixin.py:188} INFO - [2025-07-08T10:12:52.961+0000] {dagbag.py:538} INFO - Filling up the DagBag from /home/airflow/.local/lib/python3.8/site-packages/airflow/example_dags/example_trigger_target_dag.py
[2025-07-08T10:12:52.984+0000] {processor.py:840} INFO - DAG(s) 'example_trigger_target_dag' retrieved from /home/airflow/.local/lib/python3.8/site-packages/airflow/example_dags/example_trigger_target_dag.py
[2025-07-08T10:12:53.043+0000] {logging_mixin.py:188} INFO - [2025-07-08T10:12:53.042+0000] {dag.py:3036} INFO - Sync 1 DAGs
[2025-07-08T10:12:53.070+0000] {logging_mixin.py:188} INFO - [2025-07-08T10:12:53.070+0000] {dag.py:3823} INFO - Setting next_dagrun for example_trigger_target_dag to None, run_after=None
[2025-07-08T10:12:53.124+0000] {processor.py:183} INFO - Processing /home/airflow/.local/lib/python3.8/site-packages/airflow/example_dags/example_trigger_target_dag.py took 0.190 seconds
[2025-07-08T10:13:24.405+0000] {processor.py:161} INFO - Started process (PID=8736) to work on /home/airflow/.local/lib/python3.8/site-packages/airflow/example_dags/example_trigger_target_dag.py
[2025-07-08T10:13:24.407+0000] {processor.py:830} INFO - Processing file /home/airflow/.local/lib/python3.8/site-packages/airflow/example_dags/example_trigger_target_dag.py for tasks to queue
[2025-07-08T10:13:24.410+0000] {logging_mixin.py:188} INFO - [2025-07-08T10:13:24.410+0000] {dagbag.py:538} INFO - Filling up the DagBag from /home/airflow/.local/lib/python3.8/site-packages/airflow/example_dags/example_trigger_target_dag.py
[2025-07-08T10:13:24.421+0000] {processor.py:840} INFO - DAG(s) 'example_trigger_target_dag' retrieved from /home/airflow/.local/lib/python3.8/site-packages/airflow/example_dags/example_trigger_target_dag.py
[2025-07-08T10:13:24.457+0000] {logging_mixin.py:188} INFO - [2025-07-08T10:13:24.456+0000] {dag.py:3036} INFO - Sync 1 DAGs
[2025-07-08T10:13:24.486+0000] {logging_mixin.py:188} INFO - [2025-07-08T10:13:24.485+0000] {dag.py:3823} INFO - Setting next_dagrun for example_trigger_target_dag to None, run_after=None
[2025-07-08T10:13:24.524+0000] {processor.py:183} INFO - Processing /home/airflow/.local/lib/python3.8/site-packages/airflow/example_dags/example_trigger_target_dag.py took 0.125 seconds
[2025-07-08T10:13:55.078+0000] {processor.py:161} INFO - Started process (PID=8797) to work on /home/airflow/.local/lib/python3.8/site-packages/airflow/example_dags/example_trigger_target_dag.py
[2025-07-08T10:13:55.080+0000] {processor.py:830} INFO - Processing file /home/airflow/.local/lib/python3.8/site-packages/airflow/example_dags/example_trigger_target_dag.py for tasks to queue
[2025-07-08T10:13:55.083+0000] {logging_mixin.py:188} INFO - [2025-07-08T10:13:55.082+0000] {dagbag.py:538} INFO - Filling up the DagBag from /home/airflow/.local/lib/python3.8/site-packages/airflow/example_dags/example_trigger_target_dag.py
[2025-07-08T10:13:55.093+0000] {processor.py:840} INFO - DAG(s) 'example_trigger_target_dag' retrieved from /home/airflow/.local/lib/python3.8/site-packages/airflow/example_dags/example_trigger_target_dag.py
[2025-07-08T10:13:55.131+0000] {logging_mixin.py:188} INFO - [2025-07-08T10:13:55.130+0000] {dag.py:3036} INFO - Sync 1 DAGs
[2025-07-08T10:13:55.156+0000] {logging_mixin.py:188} INFO - [2025-07-08T10:13:55.156+0000] {dag.py:3823} INFO - Setting next_dagrun for example_trigger_target_dag to None, run_after=None
[2025-07-08T10:13:55.210+0000] {processor.py:183} INFO - Processing /home/airflow/.local/lib/python3.8/site-packages/airflow/example_dags/example_trigger_target_dag.py took 0.140 seconds
[2025-07-08T10:14:25.492+0000] {processor.py:161} INFO - Started process (PID=8865) to work on /home/airflow/.local/lib/python3.8/site-packages/airflow/example_dags/example_trigger_target_dag.py
[2025-07-08T10:14:25.493+0000] {processor.py:830} INFO - Processing file /home/airflow/.local/lib/python3.8/site-packages/airflow/example_dags/example_trigger_target_dag.py for tasks to queue
[2025-07-08T10:14:25.496+0000] {logging_mixin.py:188} INFO - [2025-07-08T10:14:25.495+0000] {dagbag.py:538} INFO - Filling up the DagBag from /home/airflow/.local/lib/python3.8/site-packages/airflow/example_dags/example_trigger_target_dag.py
[2025-07-08T10:14:25.519+0000] {processor.py:840} INFO - DAG(s) 'example_trigger_target_dag' retrieved from /home/airflow/.local/lib/python3.8/site-packages/airflow/example_dags/example_trigger_target_dag.py
[2025-07-08T10:14:25.601+0000] {logging_mixin.py:188} INFO - [2025-07-08T10:14:25.601+0000] {dag.py:3036} INFO - Sync 1 DAGs
[2025-07-08T10:14:25.674+0000] {logging_mixin.py:188} INFO - [2025-07-08T10:14:25.662+0000] {dag.py:3823} INFO - Setting next_dagrun for example_trigger_target_dag to None, run_after=None
[2025-07-08T10:14:25.759+0000] {processor.py:183} INFO - Processing /home/airflow/.local/lib/python3.8/site-packages/airflow/example_dags/example_trigger_target_dag.py took 0.282 seconds
[2025-07-08T10:14:57.723+0000] {processor.py:161} INFO - Started process (PID=8931) to work on /home/airflow/.local/lib/python3.8/site-packages/airflow/example_dags/example_trigger_target_dag.py
[2025-07-08T10:14:57.732+0000] {processor.py:830} INFO - Processing file /home/airflow/.local/lib/python3.8/site-packages/airflow/example_dags/example_trigger_target_dag.py for tasks to queue
[2025-07-08T10:14:57.735+0000] {logging_mixin.py:188} INFO - [2025-07-08T10:14:57.735+0000] {dagbag.py:538} INFO - Filling up the DagBag from /home/airflow/.local/lib/python3.8/site-packages/airflow/example_dags/example_trigger_target_dag.py
[2025-07-08T10:14:57.754+0000] {processor.py:840} INFO - DAG(s) 'example_trigger_target_dag' retrieved from /home/airflow/.local/lib/python3.8/site-packages/airflow/example_dags/example_trigger_target_dag.py
[2025-07-08T10:14:57.830+0000] {logging_mixin.py:188} INFO - [2025-07-08T10:14:57.829+0000] {dag.py:3036} INFO - Sync 1 DAGs
[2025-07-08T10:14:57.880+0000] {logging_mixin.py:188} INFO - [2025-07-08T10:14:57.879+0000] {dag.py:3823} INFO - Setting next_dagrun for example_trigger_target_dag to None, run_after=None
[2025-07-08T10:14:57.962+0000] {processor.py:183} INFO - Processing /home/airflow/.local/lib/python3.8/site-packages/airflow/example_dags/example_trigger_target_dag.py took 0.245 seconds
[2025-07-08T10:15:29.771+0000] {processor.py:161} INFO - Started process (PID=9000) to work on /home/airflow/.local/lib/python3.8/site-packages/airflow/example_dags/example_trigger_target_dag.py
[2025-07-08T10:15:29.791+0000] {processor.py:830} INFO - Processing file /home/airflow/.local/lib/python3.8/site-packages/airflow/example_dags/example_trigger_target_dag.py for tasks to queue
[2025-07-08T10:15:29.803+0000] {logging_mixin.py:188} INFO - [2025-07-08T10:15:29.803+0000] {dagbag.py:538} INFO - Filling up the DagBag from /home/airflow/.local/lib/python3.8/site-packages/airflow/example_dags/example_trigger_target_dag.py
[2025-07-08T10:15:29.852+0000] {processor.py:840} INFO - DAG(s) 'example_trigger_target_dag' retrieved from /home/airflow/.local/lib/python3.8/site-packages/airflow/example_dags/example_trigger_target_dag.py
[2025-07-08T10:15:29.937+0000] {logging_mixin.py:188} INFO - [2025-07-08T10:15:29.937+0000] {dag.py:3036} INFO - Sync 1 DAGs
[2025-07-08T10:15:30.015+0000] {logging_mixin.py:188} INFO - [2025-07-08T10:15:30.015+0000] {dag.py:3823} INFO - Setting next_dagrun for example_trigger_target_dag to None, run_after=None
[2025-07-08T10:15:30.110+0000] {processor.py:183} INFO - Processing /home/airflow/.local/lib/python3.8/site-packages/airflow/example_dags/example_trigger_target_dag.py took 0.345 seconds
[2025-07-08T10:16:00.787+0000] {processor.py:161} INFO - Started process (PID=9058) to work on /home/airflow/.local/lib/python3.8/site-packages/airflow/example_dags/example_trigger_target_dag.py
[2025-07-08T10:16:00.800+0000] {processor.py:830} INFO - Processing file /home/airflow/.local/lib/python3.8/site-packages/airflow/example_dags/example_trigger_target_dag.py for tasks to queue
[2025-07-08T10:16:00.804+0000] {logging_mixin.py:188} INFO - [2025-07-08T10:16:00.803+0000] {dagbag.py:538} INFO - Filling up the DagBag from /home/airflow/.local/lib/python3.8/site-packages/airflow/example_dags/example_trigger_target_dag.py
[2025-07-08T10:16:00.830+0000] {processor.py:840} INFO - DAG(s) 'example_trigger_target_dag' retrieved from /home/airflow/.local/lib/python3.8/site-packages/airflow/example_dags/example_trigger_target_dag.py
[2025-07-08T10:16:00.877+0000] {logging_mixin.py:188} INFO - [2025-07-08T10:16:00.877+0000] {dag.py:3036} INFO - Sync 1 DAGs
[2025-07-08T10:16:00.905+0000] {logging_mixin.py:188} INFO - [2025-07-08T10:16:00.904+0000] {dag.py:3823} INFO - Setting next_dagrun for example_trigger_target_dag to None, run_after=None
[2025-07-08T10:16:00.962+0000] {processor.py:183} INFO - Processing /home/airflow/.local/lib/python3.8/site-packages/airflow/example_dags/example_trigger_target_dag.py took 0.181 seconds
[2025-07-08T10:16:31.183+0000] {processor.py:161} INFO - Started process (PID=9129) to work on /home/airflow/.local/lib/python3.8/site-packages/airflow/example_dags/example_trigger_target_dag.py
[2025-07-08T10:16:31.191+0000] {processor.py:830} INFO - Processing file /home/airflow/.local/lib/python3.8/site-packages/airflow/example_dags/example_trigger_target_dag.py for tasks to queue
[2025-07-08T10:16:31.194+0000] {logging_mixin.py:188} INFO - [2025-07-08T10:16:31.194+0000] {dagbag.py:538} INFO - Filling up the DagBag from /home/airflow/.local/lib/python3.8/site-packages/airflow/example_dags/example_trigger_target_dag.py
[2025-07-08T10:16:31.250+0000] {processor.py:840} INFO - DAG(s) 'example_trigger_target_dag' retrieved from /home/airflow/.local/lib/python3.8/site-packages/airflow/example_dags/example_trigger_target_dag.py
[2025-07-08T10:16:31.335+0000] {logging_mixin.py:188} INFO - [2025-07-08T10:16:31.335+0000] {dag.py:3036} INFO - Sync 1 DAGs
[2025-07-08T10:16:31.395+0000] {logging_mixin.py:188} INFO - [2025-07-08T10:16:31.395+0000] {dag.py:3823} INFO - Setting next_dagrun for example_trigger_target_dag to None, run_after=None
[2025-07-08T10:16:31.482+0000] {processor.py:183} INFO - Processing /home/airflow/.local/lib/python3.8/site-packages/airflow/example_dags/example_trigger_target_dag.py took 0.306 seconds
[2025-07-08T10:17:01.647+0000] {processor.py:161} INFO - Started process (PID=9189) to work on /home/airflow/.local/lib/python3.8/site-packages/airflow/example_dags/example_trigger_target_dag.py
[2025-07-08T10:17:01.656+0000] {processor.py:830} INFO - Processing file /home/airflow/.local/lib/python3.8/site-packages/airflow/example_dags/example_trigger_target_dag.py for tasks to queue
[2025-07-08T10:17:01.661+0000] {logging_mixin.py:188} INFO - [2025-07-08T10:17:01.660+0000] {dagbag.py:538} INFO - Filling up the DagBag from /home/airflow/.local/lib/python3.8/site-packages/airflow/example_dags/example_trigger_target_dag.py
[2025-07-08T10:17:01.673+0000] {processor.py:840} INFO - DAG(s) 'example_trigger_target_dag' retrieved from /home/airflow/.local/lib/python3.8/site-packages/airflow/example_dags/example_trigger_target_dag.py
[2025-07-08T10:17:01.729+0000] {logging_mixin.py:188} INFO - [2025-07-08T10:17:01.729+0000] {dag.py:3036} INFO - Sync 1 DAGs
[2025-07-08T10:17:01.788+0000] {logging_mixin.py:188} INFO - [2025-07-08T10:17:01.788+0000] {dag.py:3823} INFO - Setting next_dagrun for example_trigger_target_dag to None, run_after=None
[2025-07-08T10:17:01.878+0000] {processor.py:183} INFO - Processing /home/airflow/.local/lib/python3.8/site-packages/airflow/example_dags/example_trigger_target_dag.py took 0.238 seconds
[2025-07-08T10:17:34.593+0000] {processor.py:161} INFO - Started process (PID=9256) to work on /home/airflow/.local/lib/python3.8/site-packages/airflow/example_dags/example_trigger_target_dag.py
[2025-07-08T10:17:34.594+0000] {processor.py:830} INFO - Processing file /home/airflow/.local/lib/python3.8/site-packages/airflow/example_dags/example_trigger_target_dag.py for tasks to queue
[2025-07-08T10:17:34.597+0000] {logging_mixin.py:188} INFO - [2025-07-08T10:17:34.597+0000] {dagbag.py:538} INFO - Filling up the DagBag from /home/airflow/.local/lib/python3.8/site-packages/airflow/example_dags/example_trigger_target_dag.py
[2025-07-08T10:17:35.026+0000] {processor.py:840} INFO - DAG(s) 'example_trigger_target_dag' retrieved from /home/airflow/.local/lib/python3.8/site-packages/airflow/example_dags/example_trigger_target_dag.py
[2025-07-08T10:17:35.059+0000] {logging_mixin.py:188} INFO - [2025-07-08T10:17:35.059+0000] {dag.py:3036} INFO - Sync 1 DAGs
[2025-07-08T10:17:35.085+0000] {logging_mixin.py:188} INFO - [2025-07-08T10:17:35.084+0000] {dag.py:3823} INFO - Setting next_dagrun for example_trigger_target_dag to None, run_after=None
[2025-07-08T10:17:35.141+0000] {processor.py:183} INFO - Processing /home/airflow/.local/lib/python3.8/site-packages/airflow/example_dags/example_trigger_target_dag.py took 0.555 seconds
[2025-07-08T10:18:08.084+0000] {processor.py:161} INFO - Started process (PID=9323) to work on /home/airflow/.local/lib/python3.8/site-packages/airflow/example_dags/example_trigger_target_dag.py
[2025-07-08T10:18:08.089+0000] {processor.py:830} INFO - Processing file /home/airflow/.local/lib/python3.8/site-packages/airflow/example_dags/example_trigger_target_dag.py for tasks to queue
[2025-07-08T10:18:08.092+0000] {logging_mixin.py:188} INFO - [2025-07-08T10:18:08.091+0000] {dagbag.py:538} INFO - Filling up the DagBag from /home/airflow/.local/lib/python3.8/site-packages/airflow/example_dags/example_trigger_target_dag.py
[2025-07-08T10:18:08.122+0000] {processor.py:840} INFO - DAG(s) 'example_trigger_target_dag' retrieved from /home/airflow/.local/lib/python3.8/site-packages/airflow/example_dags/example_trigger_target_dag.py
[2025-07-08T10:18:08.166+0000] {logging_mixin.py:188} INFO - [2025-07-08T10:18:08.166+0000] {dag.py:3036} INFO - Sync 1 DAGs
[2025-07-08T10:18:08.193+0000] {logging_mixin.py:188} INFO - [2025-07-08T10:18:08.192+0000] {dag.py:3823} INFO - Setting next_dagrun for example_trigger_target_dag to None, run_after=None
[2025-07-08T10:18:08.290+0000] {processor.py:183} INFO - Processing /home/airflow/.local/lib/python3.8/site-packages/airflow/example_dags/example_trigger_target_dag.py took 0.220 seconds
[2025-07-08T10:18:38.658+0000] {processor.py:161} INFO - Started process (PID=9386) to work on /home/airflow/.local/lib/python3.8/site-packages/airflow/example_dags/example_trigger_target_dag.py
[2025-07-08T10:18:38.659+0000] {processor.py:830} INFO - Processing file /home/airflow/.local/lib/python3.8/site-packages/airflow/example_dags/example_trigger_target_dag.py for tasks to queue
[2025-07-08T10:18:38.670+0000] {logging_mixin.py:188} INFO - [2025-07-08T10:18:38.670+0000] {dagbag.py:538} INFO - Filling up the DagBag from /home/airflow/.local/lib/python3.8/site-packages/airflow/example_dags/example_trigger_target_dag.py
[2025-07-08T10:18:38.697+0000] {processor.py:840} INFO - DAG(s) 'example_trigger_target_dag' retrieved from /home/airflow/.local/lib/python3.8/site-packages/airflow/example_dags/example_trigger_target_dag.py
[2025-07-08T10:18:38.762+0000] {logging_mixin.py:188} INFO - [2025-07-08T10:18:38.762+0000] {dag.py:3036} INFO - Sync 1 DAGs
[2025-07-08T10:18:38.789+0000] {logging_mixin.py:188} INFO - [2025-07-08T10:18:38.789+0000] {dag.py:3823} INFO - Setting next_dagrun for example_trigger_target_dag to None, run_after=None
[2025-07-08T10:18:38.840+0000] {processor.py:183} INFO - Processing /home/airflow/.local/lib/python3.8/site-packages/airflow/example_dags/example_trigger_target_dag.py took 0.194 seconds
[2025-07-08T10:19:09.623+0000] {processor.py:161} INFO - Started process (PID=9453) to work on /home/airflow/.local/lib/python3.8/site-packages/airflow/example_dags/example_trigger_target_dag.py
[2025-07-08T10:19:09.637+0000] {processor.py:830} INFO - Processing file /home/airflow/.local/lib/python3.8/site-packages/airflow/example_dags/example_trigger_target_dag.py for tasks to queue
[2025-07-08T10:19:09.639+0000] {logging_mixin.py:188} INFO - [2025-07-08T10:19:09.639+0000] {dagbag.py:538} INFO - Filling up the DagBag from /home/airflow/.local/lib/python3.8/site-packages/airflow/example_dags/example_trigger_target_dag.py
[2025-07-08T10:19:09.660+0000] {processor.py:840} INFO - DAG(s) 'example_trigger_target_dag' retrieved from /home/airflow/.local/lib/python3.8/site-packages/airflow/example_dags/example_trigger_target_dag.py
[2025-07-08T10:19:09.711+0000] {logging_mixin.py:188} INFO - [2025-07-08T10:19:09.711+0000] {dag.py:3036} INFO - Sync 1 DAGs
[2025-07-08T10:19:09.738+0000] {logging_mixin.py:188} INFO - [2025-07-08T10:19:09.737+0000] {dag.py:3823} INFO - Setting next_dagrun for example_trigger_target_dag to None, run_after=None
[2025-07-08T10:19:09.804+0000] {processor.py:183} INFO - Processing /home/airflow/.local/lib/python3.8/site-packages/airflow/example_dags/example_trigger_target_dag.py took 0.187 seconds
[2025-07-08T10:19:40.381+0000] {processor.py:161} INFO - Started process (PID=9525) to work on /home/airflow/.local/lib/python3.8/site-packages/airflow/example_dags/example_trigger_target_dag.py
[2025-07-08T10:19:40.382+0000] {processor.py:830} INFO - Processing file /home/airflow/.local/lib/python3.8/site-packages/airflow/example_dags/example_trigger_target_dag.py for tasks to queue
[2025-07-08T10:19:40.386+0000] {logging_mixin.py:188} INFO - [2025-07-08T10:19:40.385+0000] {dagbag.py:538} INFO - Filling up the DagBag from /home/airflow/.local/lib/python3.8/site-packages/airflow/example_dags/example_trigger_target_dag.py
[2025-07-08T10:19:40.396+0000] {processor.py:840} INFO - DAG(s) 'example_trigger_target_dag' retrieved from /home/airflow/.local/lib/python3.8/site-packages/airflow/example_dags/example_trigger_target_dag.py
[2025-07-08T10:19:40.431+0000] {logging_mixin.py:188} INFO - [2025-07-08T10:19:40.431+0000] {dag.py:3036} INFO - Sync 1 DAGs
[2025-07-08T10:19:40.455+0000] {logging_mixin.py:188} INFO - [2025-07-08T10:19:40.454+0000] {dag.py:3823} INFO - Setting next_dagrun for example_trigger_target_dag to None, run_after=None
[2025-07-08T10:19:40.487+0000] {processor.py:183} INFO - Processing /home/airflow/.local/lib/python3.8/site-packages/airflow/example_dags/example_trigger_target_dag.py took 0.113 seconds
[2025-07-08T10:20:12.263+0000] {processor.py:161} INFO - Started process (PID=9593) to work on /home/airflow/.local/lib/python3.8/site-packages/airflow/example_dags/example_trigger_target_dag.py
[2025-07-08T10:20:12.280+0000] {processor.py:830} INFO - Processing file /home/airflow/.local/lib/python3.8/site-packages/airflow/example_dags/example_trigger_target_dag.py for tasks to queue
[2025-07-08T10:20:12.283+0000] {logging_mixin.py:188} INFO - [2025-07-08T10:20:12.283+0000] {dagbag.py:538} INFO - Filling up the DagBag from /home/airflow/.local/lib/python3.8/site-packages/airflow/example_dags/example_trigger_target_dag.py
[2025-07-08T10:20:12.326+0000] {processor.py:840} INFO - DAG(s) 'example_trigger_target_dag' retrieved from /home/airflow/.local/lib/python3.8/site-packages/airflow/example_dags/example_trigger_target_dag.py
[2025-07-08T10:20:12.500+0000] {logging_mixin.py:188} INFO - [2025-07-08T10:20:12.493+0000] {dag.py:3036} INFO - Sync 1 DAGs
[2025-07-08T10:20:12.659+0000] {logging_mixin.py:188} INFO - [2025-07-08T10:20:12.659+0000] {dag.py:3823} INFO - Setting next_dagrun for example_trigger_target_dag to None, run_after=None
[2025-07-08T10:20:12.810+0000] {processor.py:183} INFO - Processing /home/airflow/.local/lib/python3.8/site-packages/airflow/example_dags/example_trigger_target_dag.py took 0.557 seconds
[2025-07-08T10:20:43.140+0000] {processor.py:161} INFO - Started process (PID=9653) to work on /home/airflow/.local/lib/python3.8/site-packages/airflow/example_dags/example_trigger_target_dag.py
[2025-07-08T10:20:43.142+0000] {processor.py:830} INFO - Processing file /home/airflow/.local/lib/python3.8/site-packages/airflow/example_dags/example_trigger_target_dag.py for tasks to queue
[2025-07-08T10:20:43.145+0000] {logging_mixin.py:188} INFO - [2025-07-08T10:20:43.144+0000] {dagbag.py:538} INFO - Filling up the DagBag from /home/airflow/.local/lib/python3.8/site-packages/airflow/example_dags/example_trigger_target_dag.py
[2025-07-08T10:20:43.156+0000] {processor.py:840} INFO - DAG(s) 'example_trigger_target_dag' retrieved from /home/airflow/.local/lib/python3.8/site-packages/airflow/example_dags/example_trigger_target_dag.py
[2025-07-08T10:20:43.199+0000] {logging_mixin.py:188} INFO - [2025-07-08T10:20:43.198+0000] {dag.py:3036} INFO - Sync 1 DAGs
[2025-07-08T10:20:43.247+0000] {logging_mixin.py:188} INFO - [2025-07-08T10:20:43.247+0000] {dag.py:3823} INFO - Setting next_dagrun for example_trigger_target_dag to None, run_after=None
[2025-07-08T10:20:43.288+0000] {processor.py:183} INFO - Processing /home/airflow/.local/lib/python3.8/site-packages/airflow/example_dags/example_trigger_target_dag.py took 0.155 seconds
[2025-07-08T10:21:15.453+0000] {processor.py:161} INFO - Started process (PID=9722) to work on /home/airflow/.local/lib/python3.8/site-packages/airflow/example_dags/example_trigger_target_dag.py
[2025-07-08T10:21:15.456+0000] {processor.py:830} INFO - Processing file /home/airflow/.local/lib/python3.8/site-packages/airflow/example_dags/example_trigger_target_dag.py for tasks to queue
[2025-07-08T10:21:15.460+0000] {logging_mixin.py:188} INFO - [2025-07-08T10:21:15.460+0000] {dagbag.py:538} INFO - Filling up the DagBag from /home/airflow/.local/lib/python3.8/site-packages/airflow/example_dags/example_trigger_target_dag.py
[2025-07-08T10:21:15.484+0000] {processor.py:840} INFO - DAG(s) 'example_trigger_target_dag' retrieved from /home/airflow/.local/lib/python3.8/site-packages/airflow/example_dags/example_trigger_target_dag.py
[2025-07-08T10:21:15.582+0000] {logging_mixin.py:188} INFO - [2025-07-08T10:21:15.582+0000] {dag.py:3036} INFO - Sync 1 DAGs
[2025-07-08T10:21:15.630+0000] {logging_mixin.py:188} INFO - [2025-07-08T10:21:15.630+0000] {dag.py:3823} INFO - Setting next_dagrun for example_trigger_target_dag to None, run_after=None
[2025-07-08T10:21:15.759+0000] {processor.py:183} INFO - Processing /home/airflow/.local/lib/python3.8/site-packages/airflow/example_dags/example_trigger_target_dag.py took 0.324 seconds
[2025-07-08T10:21:46.809+0000] {processor.py:161} INFO - Started process (PID=9788) to work on /home/airflow/.local/lib/python3.8/site-packages/airflow/example_dags/example_trigger_target_dag.py
[2025-07-08T10:21:46.812+0000] {processor.py:830} INFO - Processing file /home/airflow/.local/lib/python3.8/site-packages/airflow/example_dags/example_trigger_target_dag.py for tasks to queue
[2025-07-08T10:21:46.815+0000] {logging_mixin.py:188} INFO - [2025-07-08T10:21:46.815+0000] {dagbag.py:538} INFO - Filling up the DagBag from /home/airflow/.local/lib/python3.8/site-packages/airflow/example_dags/example_trigger_target_dag.py
[2025-07-08T10:21:46.856+0000] {processor.py:840} INFO - DAG(s) 'example_trigger_target_dag' retrieved from /home/airflow/.local/lib/python3.8/site-packages/airflow/example_dags/example_trigger_target_dag.py
[2025-07-08T10:21:46.949+0000] {logging_mixin.py:188} INFO - [2025-07-08T10:21:46.948+0000] {dag.py:3036} INFO - Sync 1 DAGs
[2025-07-08T10:21:47.015+0000] {logging_mixin.py:188} INFO - [2025-07-08T10:21:47.015+0000] {dag.py:3823} INFO - Setting next_dagrun for example_trigger_target_dag to None, run_after=None
[2025-07-08T10:21:47.094+0000] {processor.py:183} INFO - Processing /home/airflow/.local/lib/python3.8/site-packages/airflow/example_dags/example_trigger_target_dag.py took 0.315 seconds
[2025-07-08T10:22:17.352+0000] {processor.py:161} INFO - Started process (PID=9854) to work on /home/airflow/.local/lib/python3.8/site-packages/airflow/example_dags/example_trigger_target_dag.py
[2025-07-08T10:22:17.359+0000] {processor.py:830} INFO - Processing file /home/airflow/.local/lib/python3.8/site-packages/airflow/example_dags/example_trigger_target_dag.py for tasks to queue
[2025-07-08T10:22:17.375+0000] {logging_mixin.py:188} INFO - [2025-07-08T10:22:17.374+0000] {dagbag.py:538} INFO - Filling up the DagBag from /home/airflow/.local/lib/python3.8/site-packages/airflow/example_dags/example_trigger_target_dag.py
[2025-07-08T10:22:17.427+0000] {processor.py:840} INFO - DAG(s) 'example_trigger_target_dag' retrieved from /home/airflow/.local/lib/python3.8/site-packages/airflow/example_dags/example_trigger_target_dag.py
[2025-07-08T10:22:17.570+0000] {logging_mixin.py:188} INFO - [2025-07-08T10:22:17.570+0000] {dag.py:3036} INFO - Sync 1 DAGs
[2025-07-08T10:22:17.624+0000] {logging_mixin.py:188} INFO - [2025-07-08T10:22:17.623+0000] {dag.py:3823} INFO - Setting next_dagrun for example_trigger_target_dag to None, run_after=None
[2025-07-08T10:22:17.710+0000] {processor.py:183} INFO - Processing /home/airflow/.local/lib/python3.8/site-packages/airflow/example_dags/example_trigger_target_dag.py took 0.412 seconds
[2025-07-08T10:22:47.991+0000] {processor.py:161} INFO - Started process (PID=9914) to work on /home/airflow/.local/lib/python3.8/site-packages/airflow/example_dags/example_trigger_target_dag.py
[2025-07-08T10:22:47.993+0000] {processor.py:830} INFO - Processing file /home/airflow/.local/lib/python3.8/site-packages/airflow/example_dags/example_trigger_target_dag.py for tasks to queue
[2025-07-08T10:22:47.996+0000] {logging_mixin.py:188} INFO - [2025-07-08T10:22:47.995+0000] {dagbag.py:538} INFO - Filling up the DagBag from /home/airflow/.local/lib/python3.8/site-packages/airflow/example_dags/example_trigger_target_dag.py
[2025-07-08T10:22:48.005+0000] {processor.py:840} INFO - DAG(s) 'example_trigger_target_dag' retrieved from /home/airflow/.local/lib/python3.8/site-packages/airflow/example_dags/example_trigger_target_dag.py
[2025-07-08T10:22:48.041+0000] {logging_mixin.py:188} INFO - [2025-07-08T10:22:48.040+0000] {dag.py:3036} INFO - Sync 1 DAGs
[2025-07-08T10:22:48.064+0000] {logging_mixin.py:188} INFO - [2025-07-08T10:22:48.064+0000] {dag.py:3823} INFO - Setting next_dagrun for example_trigger_target_dag to None, run_after=None
[2025-07-08T10:22:48.098+0000] {processor.py:183} INFO - Processing /home/airflow/.local/lib/python3.8/site-packages/airflow/example_dags/example_trigger_target_dag.py took 0.112 seconds
[2025-07-08T10:23:18.848+0000] {processor.py:161} INFO - Started process (PID=9981) to work on /home/airflow/.local/lib/python3.8/site-packages/airflow/example_dags/example_trigger_target_dag.py
[2025-07-08T10:23:18.857+0000] {processor.py:830} INFO - Processing file /home/airflow/.local/lib/python3.8/site-packages/airflow/example_dags/example_trigger_target_dag.py for tasks to queue
[2025-07-08T10:23:18.861+0000] {logging_mixin.py:188} INFO - [2025-07-08T10:23:18.860+0000] {dagbag.py:538} INFO - Filling up the DagBag from /home/airflow/.local/lib/python3.8/site-packages/airflow/example_dags/example_trigger_target_dag.py
[2025-07-08T10:23:18.918+0000] {processor.py:840} INFO - DAG(s) 'example_trigger_target_dag' retrieved from /home/airflow/.local/lib/python3.8/site-packages/airflow/example_dags/example_trigger_target_dag.py
[2025-07-08T10:23:19.009+0000] {logging_mixin.py:188} INFO - [2025-07-08T10:23:19.009+0000] {dag.py:3036} INFO - Sync 1 DAGs
[2025-07-08T10:23:19.068+0000] {logging_mixin.py:188} INFO - [2025-07-08T10:23:19.067+0000] {dag.py:3823} INFO - Setting next_dagrun for example_trigger_target_dag to None, run_after=None
[2025-07-08T10:23:19.153+0000] {processor.py:183} INFO - Processing /home/airflow/.local/lib/python3.8/site-packages/airflow/example_dags/example_trigger_target_dag.py took 0.327 seconds
[2025-07-08T10:23:49.266+0000] {processor.py:161} INFO - Started process (PID=10049) to work on /home/airflow/.local/lib/python3.8/site-packages/airflow/example_dags/example_trigger_target_dag.py
[2025-07-08T10:23:49.280+0000] {processor.py:830} INFO - Processing file /home/airflow/.local/lib/python3.8/site-packages/airflow/example_dags/example_trigger_target_dag.py for tasks to queue
[2025-07-08T10:23:49.283+0000] {logging_mixin.py:188} INFO - [2025-07-08T10:23:49.283+0000] {dagbag.py:538} INFO - Filling up the DagBag from /home/airflow/.local/lib/python3.8/site-packages/airflow/example_dags/example_trigger_target_dag.py
[2025-07-08T10:23:49.330+0000] {processor.py:840} INFO - DAG(s) 'example_trigger_target_dag' retrieved from /home/airflow/.local/lib/python3.8/site-packages/airflow/example_dags/example_trigger_target_dag.py
[2025-07-08T10:23:49.377+0000] {logging_mixin.py:188} INFO - [2025-07-08T10:23:49.376+0000] {dag.py:3036} INFO - Sync 1 DAGs
[2025-07-08T10:23:49.407+0000] {logging_mixin.py:188} INFO - [2025-07-08T10:23:49.406+0000] {dag.py:3823} INFO - Setting next_dagrun for example_trigger_target_dag to None, run_after=None
[2025-07-08T10:23:49.468+0000] {processor.py:183} INFO - Processing /home/airflow/.local/lib/python3.8/site-packages/airflow/example_dags/example_trigger_target_dag.py took 0.225 seconds
[2025-07-08T10:24:20.925+0000] {processor.py:161} INFO - Started process (PID=10118) to work on /home/airflow/.local/lib/python3.8/site-packages/airflow/example_dags/example_trigger_target_dag.py
[2025-07-08T10:24:20.934+0000] {processor.py:830} INFO - Processing file /home/airflow/.local/lib/python3.8/site-packages/airflow/example_dags/example_trigger_target_dag.py for tasks to queue
[2025-07-08T10:24:20.938+0000] {logging_mixin.py:188} INFO - [2025-07-08T10:24:20.937+0000] {dagbag.py:538} INFO - Filling up the DagBag from /home/airflow/.local/lib/python3.8/site-packages/airflow/example_dags/example_trigger_target_dag.py
[2025-07-08T10:24:20.969+0000] {processor.py:840} INFO - DAG(s) 'example_trigger_target_dag' retrieved from /home/airflow/.local/lib/python3.8/site-packages/airflow/example_dags/example_trigger_target_dag.py
[2025-07-08T10:24:21.109+0000] {logging_mixin.py:188} INFO - [2025-07-08T10:24:21.109+0000] {dag.py:3036} INFO - Sync 1 DAGs
[2025-07-08T10:24:21.222+0000] {logging_mixin.py:188} INFO - [2025-07-08T10:24:21.222+0000] {dag.py:3823} INFO - Setting next_dagrun for example_trigger_target_dag to None, run_after=None
[2025-07-08T10:24:21.362+0000] {processor.py:183} INFO - Processing /home/airflow/.local/lib/python3.8/site-packages/airflow/example_dags/example_trigger_target_dag.py took 0.465 seconds
[2025-07-08T10:24:52.351+0000] {processor.py:161} INFO - Started process (PID=10180) to work on /home/airflow/.local/lib/python3.8/site-packages/airflow/example_dags/example_trigger_target_dag.py
[2025-07-08T10:24:52.352+0000] {processor.py:830} INFO - Processing file /home/airflow/.local/lib/python3.8/site-packages/airflow/example_dags/example_trigger_target_dag.py for tasks to queue
[2025-07-08T10:24:52.355+0000] {logging_mixin.py:188} INFO - [2025-07-08T10:24:52.355+0000] {dagbag.py:538} INFO - Filling up the DagBag from /home/airflow/.local/lib/python3.8/site-packages/airflow/example_dags/example_trigger_target_dag.py
[2025-07-08T10:24:52.371+0000] {processor.py:840} INFO - DAG(s) 'example_trigger_target_dag' retrieved from /home/airflow/.local/lib/python3.8/site-packages/airflow/example_dags/example_trigger_target_dag.py
[2025-07-08T10:24:52.421+0000] {logging_mixin.py:188} INFO - [2025-07-08T10:24:52.421+0000] {dag.py:3036} INFO - Sync 1 DAGs
[2025-07-08T10:24:52.447+0000] {logging_mixin.py:188} INFO - [2025-07-08T10:24:52.447+0000] {dag.py:3823} INFO - Setting next_dagrun for example_trigger_target_dag to None, run_after=None
[2025-07-08T10:24:52.477+0000] {processor.py:183} INFO - Processing /home/airflow/.local/lib/python3.8/site-packages/airflow/example_dags/example_trigger_target_dag.py took 0.131 seconds
[2025-07-08T10:25:25.690+0000] {processor.py:161} INFO - Started process (PID=10247) to work on /home/airflow/.local/lib/python3.8/site-packages/airflow/example_dags/example_trigger_target_dag.py
[2025-07-08T10:25:25.692+0000] {processor.py:830} INFO - Processing file /home/airflow/.local/lib/python3.8/site-packages/airflow/example_dags/example_trigger_target_dag.py for tasks to queue
[2025-07-08T10:25:25.695+0000] {logging_mixin.py:188} INFO - [2025-07-08T10:25:25.695+0000] {dagbag.py:538} INFO - Filling up the DagBag from /home/airflow/.local/lib/python3.8/site-packages/airflow/example_dags/example_trigger_target_dag.py
[2025-07-08T10:25:25.706+0000] {processor.py:840} INFO - DAG(s) 'example_trigger_target_dag' retrieved from /home/airflow/.local/lib/python3.8/site-packages/airflow/example_dags/example_trigger_target_dag.py
[2025-07-08T10:25:25.742+0000] {logging_mixin.py:188} INFO - [2025-07-08T10:25:25.742+0000] {dag.py:3036} INFO - Sync 1 DAGs
[2025-07-08T10:25:25.769+0000] {logging_mixin.py:188} INFO - [2025-07-08T10:25:25.768+0000] {dag.py:3823} INFO - Setting next_dagrun for example_trigger_target_dag to None, run_after=None
[2025-07-08T10:25:25.803+0000] {processor.py:183} INFO - Processing /home/airflow/.local/lib/python3.8/site-packages/airflow/example_dags/example_trigger_target_dag.py took 0.119 seconds
[2025-07-08T10:25:57.748+0000] {processor.py:161} INFO - Started process (PID=10311) to work on /home/airflow/.local/lib/python3.8/site-packages/airflow/example_dags/example_trigger_target_dag.py
[2025-07-08T10:25:57.760+0000] {processor.py:830} INFO - Processing file /home/airflow/.local/lib/python3.8/site-packages/airflow/example_dags/example_trigger_target_dag.py for tasks to queue
[2025-07-08T10:25:57.764+0000] {logging_mixin.py:188} INFO - [2025-07-08T10:25:57.763+0000] {dagbag.py:538} INFO - Filling up the DagBag from /home/airflow/.local/lib/python3.8/site-packages/airflow/example_dags/example_trigger_target_dag.py
[2025-07-08T10:25:57.789+0000] {processor.py:840} INFO - DAG(s) 'example_trigger_target_dag' retrieved from /home/airflow/.local/lib/python3.8/site-packages/airflow/example_dags/example_trigger_target_dag.py
[2025-07-08T10:25:57.829+0000] {logging_mixin.py:188} INFO - [2025-07-08T10:25:57.828+0000] {dag.py:3036} INFO - Sync 1 DAGs
[2025-07-08T10:25:57.856+0000] {logging_mixin.py:188} INFO - [2025-07-08T10:25:57.855+0000] {dag.py:3823} INFO - Setting next_dagrun for example_trigger_target_dag to None, run_after=None
[2025-07-08T10:25:57.905+0000] {processor.py:183} INFO - Processing /home/airflow/.local/lib/python3.8/site-packages/airflow/example_dags/example_trigger_target_dag.py took 0.172 seconds
[2025-07-08T10:26:28.070+0000] {processor.py:161} INFO - Started process (PID=10373) to work on /home/airflow/.local/lib/python3.8/site-packages/airflow/example_dags/example_trigger_target_dag.py
[2025-07-08T10:26:28.084+0000] {processor.py:830} INFO - Processing file /home/airflow/.local/lib/python3.8/site-packages/airflow/example_dags/example_trigger_target_dag.py for tasks to queue
[2025-07-08T10:26:28.087+0000] {logging_mixin.py:188} INFO - [2025-07-08T10:26:28.086+0000] {dagbag.py:538} INFO - Filling up the DagBag from /home/airflow/.local/lib/python3.8/site-packages/airflow/example_dags/example_trigger_target_dag.py
[2025-07-08T10:26:28.103+0000] {processor.py:840} INFO - DAG(s) 'example_trigger_target_dag' retrieved from /home/airflow/.local/lib/python3.8/site-packages/airflow/example_dags/example_trigger_target_dag.py
[2025-07-08T10:26:28.205+0000] {logging_mixin.py:188} INFO - [2025-07-08T10:26:28.205+0000] {dag.py:3036} INFO - Sync 1 DAGs
[2025-07-08T10:26:28.240+0000] {logging_mixin.py:188} INFO - [2025-07-08T10:26:28.239+0000] {dag.py:3823} INFO - Setting next_dagrun for example_trigger_target_dag to None, run_after=None
[2025-07-08T10:26:28.280+0000] {processor.py:183} INFO - Processing /home/airflow/.local/lib/python3.8/site-packages/airflow/example_dags/example_trigger_target_dag.py took 0.227 seconds
[2025-07-08T10:26:59.984+0000] {processor.py:161} INFO - Started process (PID=10440) to work on /home/airflow/.local/lib/python3.8/site-packages/airflow/example_dags/example_trigger_target_dag.py
[2025-07-08T10:26:59.986+0000] {processor.py:830} INFO - Processing file /home/airflow/.local/lib/python3.8/site-packages/airflow/example_dags/example_trigger_target_dag.py for tasks to queue
[2025-07-08T10:26:59.989+0000] {logging_mixin.py:188} INFO - [2025-07-08T10:26:59.989+0000] {dagbag.py:538} INFO - Filling up the DagBag from /home/airflow/.local/lib/python3.8/site-packages/airflow/example_dags/example_trigger_target_dag.py
[2025-07-08T10:27:00.019+0000] {processor.py:840} INFO - DAG(s) 'example_trigger_target_dag' retrieved from /home/airflow/.local/lib/python3.8/site-packages/airflow/example_dags/example_trigger_target_dag.py
[2025-07-08T10:27:00.079+0000] {logging_mixin.py:188} INFO - [2025-07-08T10:27:00.078+0000] {dag.py:3036} INFO - Sync 1 DAGs
[2025-07-08T10:27:00.105+0000] {logging_mixin.py:188} INFO - [2025-07-08T10:27:00.104+0000] {dag.py:3823} INFO - Setting next_dagrun for example_trigger_target_dag to None, run_after=None
[2025-07-08T10:27:00.167+0000] {processor.py:183} INFO - Processing /home/airflow/.local/lib/python3.8/site-packages/airflow/example_dags/example_trigger_target_dag.py took 0.200 seconds
[2025-07-08T10:27:30.253+0000] {processor.py:161} INFO - Started process (PID=10506) to work on /home/airflow/.local/lib/python3.8/site-packages/airflow/example_dags/example_trigger_target_dag.py
[2025-07-08T10:27:30.255+0000] {processor.py:830} INFO - Processing file /home/airflow/.local/lib/python3.8/site-packages/airflow/example_dags/example_trigger_target_dag.py for tasks to queue
[2025-07-08T10:27:30.258+0000] {logging_mixin.py:188} INFO - [2025-07-08T10:27:30.257+0000] {dagbag.py:538} INFO - Filling up the DagBag from /home/airflow/.local/lib/python3.8/site-packages/airflow/example_dags/example_trigger_target_dag.py
[2025-07-08T10:27:30.273+0000] {processor.py:840} INFO - DAG(s) 'example_trigger_target_dag' retrieved from /home/airflow/.local/lib/python3.8/site-packages/airflow/example_dags/example_trigger_target_dag.py
[2025-07-08T10:27:30.312+0000] {logging_mixin.py:188} INFO - [2025-07-08T10:27:30.311+0000] {dag.py:3036} INFO - Sync 1 DAGs
[2025-07-08T10:27:30.338+0000] {logging_mixin.py:188} INFO - [2025-07-08T10:27:30.338+0000] {dag.py:3823} INFO - Setting next_dagrun for example_trigger_target_dag to None, run_after=None
[2025-07-08T10:27:30.403+0000] {processor.py:183} INFO - Processing /home/airflow/.local/lib/python3.8/site-packages/airflow/example_dags/example_trigger_target_dag.py took 0.156 seconds
[2025-07-08T10:28:01.341+0000] {processor.py:161} INFO - Started process (PID=10574) to work on /home/airflow/.local/lib/python3.8/site-packages/airflow/example_dags/example_trigger_target_dag.py
[2025-07-08T10:28:01.343+0000] {processor.py:830} INFO - Processing file /home/airflow/.local/lib/python3.8/site-packages/airflow/example_dags/example_trigger_target_dag.py for tasks to queue
[2025-07-08T10:28:01.346+0000] {logging_mixin.py:188} INFO - [2025-07-08T10:28:01.346+0000] {dagbag.py:538} INFO - Filling up the DagBag from /home/airflow/.local/lib/python3.8/site-packages/airflow/example_dags/example_trigger_target_dag.py
[2025-07-08T10:28:01.358+0000] {processor.py:840} INFO - DAG(s) 'example_trigger_target_dag' retrieved from /home/airflow/.local/lib/python3.8/site-packages/airflow/example_dags/example_trigger_target_dag.py
[2025-07-08T10:28:01.403+0000] {logging_mixin.py:188} INFO - [2025-07-08T10:28:01.402+0000] {dag.py:3036} INFO - Sync 1 DAGs
[2025-07-08T10:28:01.429+0000] {logging_mixin.py:188} INFO - [2025-07-08T10:28:01.429+0000] {dag.py:3823} INFO - Setting next_dagrun for example_trigger_target_dag to None, run_after=None
[2025-07-08T10:28:01.463+0000] {processor.py:183} INFO - Processing /home/airflow/.local/lib/python3.8/site-packages/airflow/example_dags/example_trigger_target_dag.py took 0.129 seconds
[2025-07-08T10:28:31.982+0000] {processor.py:161} INFO - Started process (PID=10634) to work on /home/airflow/.local/lib/python3.8/site-packages/airflow/example_dags/example_trigger_target_dag.py
[2025-07-08T10:28:31.984+0000] {processor.py:830} INFO - Processing file /home/airflow/.local/lib/python3.8/site-packages/airflow/example_dags/example_trigger_target_dag.py for tasks to queue
[2025-07-08T10:28:31.987+0000] {logging_mixin.py:188} INFO - [2025-07-08T10:28:31.987+0000] {dagbag.py:538} INFO - Filling up the DagBag from /home/airflow/.local/lib/python3.8/site-packages/airflow/example_dags/example_trigger_target_dag.py
[2025-07-08T10:28:32.032+0000] {processor.py:840} INFO - DAG(s) 'example_trigger_target_dag' retrieved from /home/airflow/.local/lib/python3.8/site-packages/airflow/example_dags/example_trigger_target_dag.py
[2025-07-08T10:28:32.137+0000] {logging_mixin.py:188} INFO - [2025-07-08T10:28:32.137+0000] {dag.py:3036} INFO - Sync 1 DAGs
[2025-07-08T10:28:32.185+0000] {logging_mixin.py:188} INFO - [2025-07-08T10:28:32.184+0000] {dag.py:3823} INFO - Setting next_dagrun for example_trigger_target_dag to None, run_after=None
[2025-07-08T10:28:32.250+0000] {processor.py:183} INFO - Processing /home/airflow/.local/lib/python3.8/site-packages/airflow/example_dags/example_trigger_target_dag.py took 0.295 seconds
[2025-07-08T10:29:03.244+0000] {processor.py:161} INFO - Started process (PID=10702) to work on /home/airflow/.local/lib/python3.8/site-packages/airflow/example_dags/example_trigger_target_dag.py
[2025-07-08T10:29:03.260+0000] {processor.py:830} INFO - Processing file /home/airflow/.local/lib/python3.8/site-packages/airflow/example_dags/example_trigger_target_dag.py for tasks to queue
[2025-07-08T10:29:03.263+0000] {logging_mixin.py:188} INFO - [2025-07-08T10:29:03.263+0000] {dagbag.py:538} INFO - Filling up the DagBag from /home/airflow/.local/lib/python3.8/site-packages/airflow/example_dags/example_trigger_target_dag.py
[2025-07-08T10:29:03.288+0000] {processor.py:840} INFO - DAG(s) 'example_trigger_target_dag' retrieved from /home/airflow/.local/lib/python3.8/site-packages/airflow/example_dags/example_trigger_target_dag.py
[2025-07-08T10:29:03.357+0000] {logging_mixin.py:188} INFO - [2025-07-08T10:29:03.356+0000] {dag.py:3036} INFO - Sync 1 DAGs
[2025-07-08T10:29:03.452+0000] {logging_mixin.py:188} INFO - [2025-07-08T10:29:03.451+0000] {dag.py:3823} INFO - Setting next_dagrun for example_trigger_target_dag to None, run_after=None
[2025-07-08T10:29:03.568+0000] {processor.py:183} INFO - Processing /home/airflow/.local/lib/python3.8/site-packages/airflow/example_dags/example_trigger_target_dag.py took 0.354 seconds
[2025-07-08T10:29:34.153+0000] {processor.py:161} INFO - Started process (PID=10762) to work on /home/airflow/.local/lib/python3.8/site-packages/airflow/example_dags/example_trigger_target_dag.py
[2025-07-08T10:29:34.172+0000] {processor.py:830} INFO - Processing file /home/airflow/.local/lib/python3.8/site-packages/airflow/example_dags/example_trigger_target_dag.py for tasks to queue
[2025-07-08T10:29:34.181+0000] {logging_mixin.py:188} INFO - [2025-07-08T10:29:34.181+0000] {dagbag.py:538} INFO - Filling up the DagBag from /home/airflow/.local/lib/python3.8/site-packages/airflow/example_dags/example_trigger_target_dag.py
[2025-07-08T10:29:34.216+0000] {processor.py:840} INFO - DAG(s) 'example_trigger_target_dag' retrieved from /home/airflow/.local/lib/python3.8/site-packages/airflow/example_dags/example_trigger_target_dag.py
[2025-07-08T10:29:34.368+0000] {logging_mixin.py:188} INFO - [2025-07-08T10:29:34.368+0000] {dag.py:3036} INFO - Sync 1 DAGs
[2025-07-08T10:29:34.450+0000] {logging_mixin.py:188} INFO - [2025-07-08T10:29:34.450+0000] {dag.py:3823} INFO - Setting next_dagrun for example_trigger_target_dag to None, run_after=None
[2025-07-08T10:29:34.591+0000] {processor.py:183} INFO - Processing /home/airflow/.local/lib/python3.8/site-packages/airflow/example_dags/example_trigger_target_dag.py took 0.473 seconds
[2025-07-08T10:30:04.833+0000] {processor.py:161} INFO - Started process (PID=10829) to work on /home/airflow/.local/lib/python3.8/site-packages/airflow/example_dags/example_trigger_target_dag.py
[2025-07-08T10:30:04.840+0000] {processor.py:830} INFO - Processing file /home/airflow/.local/lib/python3.8/site-packages/airflow/example_dags/example_trigger_target_dag.py for tasks to queue
[2025-07-08T10:30:04.844+0000] {logging_mixin.py:188} INFO - [2025-07-08T10:30:04.843+0000] {dagbag.py:538} INFO - Filling up the DagBag from /home/airflow/.local/lib/python3.8/site-packages/airflow/example_dags/example_trigger_target_dag.py
[2025-07-08T10:30:04.916+0000] {processor.py:840} INFO - DAG(s) 'example_trigger_target_dag' retrieved from /home/airflow/.local/lib/python3.8/site-packages/airflow/example_dags/example_trigger_target_dag.py
[2025-07-08T10:30:05.067+0000] {logging_mixin.py:188} INFO - [2025-07-08T10:30:05.066+0000] {dag.py:3036} INFO - Sync 1 DAGs
[2025-07-08T10:30:05.149+0000] {logging_mixin.py:188} INFO - [2025-07-08T10:30:05.148+0000] {dag.py:3823} INFO - Setting next_dagrun for example_trigger_target_dag to None, run_after=None
[2025-07-08T10:30:05.296+0000] {processor.py:183} INFO - Processing /home/airflow/.local/lib/python3.8/site-packages/airflow/example_dags/example_trigger_target_dag.py took 0.478 seconds
[2025-07-08T10:30:35.386+0000] {processor.py:161} INFO - Started process (PID=10888) to work on /home/airflow/.local/lib/python3.8/site-packages/airflow/example_dags/example_trigger_target_dag.py
[2025-07-08T10:30:35.389+0000] {processor.py:830} INFO - Processing file /home/airflow/.local/lib/python3.8/site-packages/airflow/example_dags/example_trigger_target_dag.py for tasks to queue
[2025-07-08T10:30:35.392+0000] {logging_mixin.py:188} INFO - [2025-07-08T10:30:35.391+0000] {dagbag.py:538} INFO - Filling up the DagBag from /home/airflow/.local/lib/python3.8/site-packages/airflow/example_dags/example_trigger_target_dag.py
[2025-07-08T10:30:35.406+0000] {processor.py:840} INFO - DAG(s) 'example_trigger_target_dag' retrieved from /home/airflow/.local/lib/python3.8/site-packages/airflow/example_dags/example_trigger_target_dag.py
[2025-07-08T10:30:35.445+0000] {logging_mixin.py:188} INFO - [2025-07-08T10:30:35.444+0000] {dag.py:3036} INFO - Sync 1 DAGs
[2025-07-08T10:30:35.471+0000] {logging_mixin.py:188} INFO - [2025-07-08T10:30:35.471+0000] {dag.py:3823} INFO - Setting next_dagrun for example_trigger_target_dag to None, run_after=None
[2025-07-08T10:30:35.507+0000] {processor.py:183} INFO - Processing /home/airflow/.local/lib/python3.8/site-packages/airflow/example_dags/example_trigger_target_dag.py took 0.129 seconds
[2025-07-08T10:31:06.589+0000] {processor.py:161} INFO - Started process (PID=10956) to work on /home/airflow/.local/lib/python3.8/site-packages/airflow/example_dags/example_trigger_target_dag.py
[2025-07-08T10:31:06.592+0000] {processor.py:830} INFO - Processing file /home/airflow/.local/lib/python3.8/site-packages/airflow/example_dags/example_trigger_target_dag.py for tasks to queue
[2025-07-08T10:31:06.595+0000] {logging_mixin.py:188} INFO - [2025-07-08T10:31:06.595+0000] {dagbag.py:538} INFO - Filling up the DagBag from /home/airflow/.local/lib/python3.8/site-packages/airflow/example_dags/example_trigger_target_dag.py
[2025-07-08T10:31:06.633+0000] {processor.py:840} INFO - DAG(s) 'example_trigger_target_dag' retrieved from /home/airflow/.local/lib/python3.8/site-packages/airflow/example_dags/example_trigger_target_dag.py
[2025-07-08T10:31:06.885+0000] {logging_mixin.py:188} INFO - [2025-07-08T10:31:06.885+0000] {dag.py:3036} INFO - Sync 1 DAGs
[2025-07-08T10:31:06.936+0000] {logging_mixin.py:188} INFO - [2025-07-08T10:31:06.935+0000] {dag.py:3823} INFO - Setting next_dagrun for example_trigger_target_dag to None, run_after=None
[2025-07-08T10:31:07.092+0000] {processor.py:183} INFO - Processing /home/airflow/.local/lib/python3.8/site-packages/airflow/example_dags/example_trigger_target_dag.py took 0.518 seconds
[2025-07-08T10:31:38.191+0000] {processor.py:161} INFO - Started process (PID=11018) to work on /home/airflow/.local/lib/python3.8/site-packages/airflow/example_dags/example_trigger_target_dag.py
[2025-07-08T10:31:38.205+0000] {processor.py:830} INFO - Processing file /home/airflow/.local/lib/python3.8/site-packages/airflow/example_dags/example_trigger_target_dag.py for tasks to queue
[2025-07-08T10:31:38.217+0000] {logging_mixin.py:188} INFO - [2025-07-08T10:31:38.207+0000] {dagbag.py:538} INFO - Filling up the DagBag from /home/airflow/.local/lib/python3.8/site-packages/airflow/example_dags/example_trigger_target_dag.py
[2025-07-08T10:31:38.250+0000] {processor.py:840} INFO - DAG(s) 'example_trigger_target_dag' retrieved from /home/airflow/.local/lib/python3.8/site-packages/airflow/example_dags/example_trigger_target_dag.py
[2025-07-08T10:31:38.343+0000] {logging_mixin.py:188} INFO - [2025-07-08T10:31:38.342+0000] {dag.py:3036} INFO - Sync 1 DAGs
[2025-07-08T10:31:38.418+0000] {logging_mixin.py:188} INFO - [2025-07-08T10:31:38.418+0000] {dag.py:3823} INFO - Setting next_dagrun for example_trigger_target_dag to None, run_after=None
[2025-07-08T10:31:38.502+0000] {processor.py:183} INFO - Processing /home/airflow/.local/lib/python3.8/site-packages/airflow/example_dags/example_trigger_target_dag.py took 0.323 seconds
[2025-07-08T10:32:08.930+0000] {processor.py:161} INFO - Started process (PID=11085) to work on /home/airflow/.local/lib/python3.8/site-packages/airflow/example_dags/example_trigger_target_dag.py
[2025-07-08T10:32:08.932+0000] {processor.py:830} INFO - Processing file /home/airflow/.local/lib/python3.8/site-packages/airflow/example_dags/example_trigger_target_dag.py for tasks to queue
[2025-07-08T10:32:08.934+0000] {logging_mixin.py:188} INFO - [2025-07-08T10:32:08.933+0000] {dagbag.py:538} INFO - Filling up the DagBag from /home/airflow/.local/lib/python3.8/site-packages/airflow/example_dags/example_trigger_target_dag.py
[2025-07-08T10:32:08.944+0000] {processor.py:840} INFO - DAG(s) 'example_trigger_target_dag' retrieved from /home/airflow/.local/lib/python3.8/site-packages/airflow/example_dags/example_trigger_target_dag.py
[2025-07-08T10:32:08.983+0000] {logging_mixin.py:188} INFO - [2025-07-08T10:32:08.982+0000] {dag.py:3036} INFO - Sync 1 DAGs
[2025-07-08T10:32:09.012+0000] {logging_mixin.py:188} INFO - [2025-07-08T10:32:09.012+0000] {dag.py:3823} INFO - Setting next_dagrun for example_trigger_target_dag to None, run_after=None
[2025-07-08T10:32:09.050+0000] {processor.py:183} INFO - Processing /home/airflow/.local/lib/python3.8/site-packages/airflow/example_dags/example_trigger_target_dag.py took 0.127 seconds
[2025-07-08T10:32:39.491+0000] {processor.py:161} INFO - Started process (PID=11153) to work on /home/airflow/.local/lib/python3.8/site-packages/airflow/example_dags/example_trigger_target_dag.py
[2025-07-08T10:32:39.497+0000] {processor.py:830} INFO - Processing file /home/airflow/.local/lib/python3.8/site-packages/airflow/example_dags/example_trigger_target_dag.py for tasks to queue
[2025-07-08T10:32:39.498+0000] {logging_mixin.py:188} INFO - [2025-07-08T10:32:39.498+0000] {dagbag.py:538} INFO - Filling up the DagBag from /home/airflow/.local/lib/python3.8/site-packages/airflow/example_dags/example_trigger_target_dag.py
[2025-07-08T10:32:39.561+0000] {processor.py:840} INFO - DAG(s) 'example_trigger_target_dag' retrieved from /home/airflow/.local/lib/python3.8/site-packages/airflow/example_dags/example_trigger_target_dag.py
[2025-07-08T10:32:39.626+0000] {logging_mixin.py:188} INFO - [2025-07-08T10:32:39.625+0000] {dag.py:3036} INFO - Sync 1 DAGs
[2025-07-08T10:32:39.656+0000] {logging_mixin.py:188} INFO - [2025-07-08T10:32:39.651+0000] {dag.py:3823} INFO - Setting next_dagrun for example_trigger_target_dag to None, run_after=None
[2025-07-08T10:32:39.715+0000] {processor.py:183} INFO - Processing /home/airflow/.local/lib/python3.8/site-packages/airflow/example_dags/example_trigger_target_dag.py took 0.242 seconds
[2025-07-08T10:33:09.895+0000] {processor.py:161} INFO - Started process (PID=11221) to work on /home/airflow/.local/lib/python3.8/site-packages/airflow/example_dags/example_trigger_target_dag.py
[2025-07-08T10:33:09.897+0000] {processor.py:830} INFO - Processing file /home/airflow/.local/lib/python3.8/site-packages/airflow/example_dags/example_trigger_target_dag.py for tasks to queue
[2025-07-08T10:33:09.898+0000] {logging_mixin.py:188} INFO - [2025-07-08T10:33:09.898+0000] {dagbag.py:538} INFO - Filling up the DagBag from /home/airflow/.local/lib/python3.8/site-packages/airflow/example_dags/example_trigger_target_dag.py
[2025-07-08T10:33:09.909+0000] {processor.py:840} INFO - DAG(s) 'example_trigger_target_dag' retrieved from /home/airflow/.local/lib/python3.8/site-packages/airflow/example_dags/example_trigger_target_dag.py
[2025-07-08T10:33:09.967+0000] {logging_mixin.py:188} INFO - [2025-07-08T10:33:09.967+0000] {dag.py:3036} INFO - Sync 1 DAGs
[2025-07-08T10:33:10.014+0000] {logging_mixin.py:188} INFO - [2025-07-08T10:33:10.013+0000] {dag.py:3823} INFO - Setting next_dagrun for example_trigger_target_dag to None, run_after=None
[2025-07-08T10:33:10.055+0000] {processor.py:183} INFO - Processing /home/airflow/.local/lib/python3.8/site-packages/airflow/example_dags/example_trigger_target_dag.py took 0.165 seconds
[2025-07-08T10:33:40.390+0000] {processor.py:161} INFO - Started process (PID=11289) to work on /home/airflow/.local/lib/python3.8/site-packages/airflow/example_dags/example_trigger_target_dag.py
[2025-07-08T10:33:40.392+0000] {processor.py:830} INFO - Processing file /home/airflow/.local/lib/python3.8/site-packages/airflow/example_dags/example_trigger_target_dag.py for tasks to queue
[2025-07-08T10:33:40.393+0000] {logging_mixin.py:188} INFO - [2025-07-08T10:33:40.393+0000] {dagbag.py:538} INFO - Filling up the DagBag from /home/airflow/.local/lib/python3.8/site-packages/airflow/example_dags/example_trigger_target_dag.py
[2025-07-08T10:33:40.404+0000] {processor.py:840} INFO - DAG(s) 'example_trigger_target_dag' retrieved from /home/airflow/.local/lib/python3.8/site-packages/airflow/example_dags/example_trigger_target_dag.py
[2025-07-08T10:33:40.442+0000] {logging_mixin.py:188} INFO - [2025-07-08T10:33:40.441+0000] {dag.py:3036} INFO - Sync 1 DAGs
[2025-07-08T10:33:40.468+0000] {logging_mixin.py:188} INFO - [2025-07-08T10:33:40.467+0000] {dag.py:3823} INFO - Setting next_dagrun for example_trigger_target_dag to None, run_after=None
[2025-07-08T10:33:40.511+0000] {processor.py:183} INFO - Processing /home/airflow/.local/lib/python3.8/site-packages/airflow/example_dags/example_trigger_target_dag.py took 0.128 seconds
[2025-07-08T10:34:11.476+0000] {processor.py:161} INFO - Started process (PID=11355) to work on /home/airflow/.local/lib/python3.8/site-packages/airflow/example_dags/example_trigger_target_dag.py
[2025-07-08T10:34:11.478+0000] {processor.py:830} INFO - Processing file /home/airflow/.local/lib/python3.8/site-packages/airflow/example_dags/example_trigger_target_dag.py for tasks to queue
[2025-07-08T10:34:11.480+0000] {logging_mixin.py:188} INFO - [2025-07-08T10:34:11.479+0000] {dagbag.py:538} INFO - Filling up the DagBag from /home/airflow/.local/lib/python3.8/site-packages/airflow/example_dags/example_trigger_target_dag.py
[2025-07-08T10:34:11.499+0000] {processor.py:840} INFO - DAG(s) 'example_trigger_target_dag' retrieved from /home/airflow/.local/lib/python3.8/site-packages/airflow/example_dags/example_trigger_target_dag.py
[2025-07-08T10:34:11.556+0000] {logging_mixin.py:188} INFO - [2025-07-08T10:34:11.556+0000] {dag.py:3036} INFO - Sync 1 DAGs
[2025-07-08T10:34:11.600+0000] {logging_mixin.py:188} INFO - [2025-07-08T10:34:11.599+0000] {dag.py:3823} INFO - Setting next_dagrun for example_trigger_target_dag to None, run_after=None
[2025-07-08T10:34:11.688+0000] {processor.py:183} INFO - Processing /home/airflow/.local/lib/python3.8/site-packages/airflow/example_dags/example_trigger_target_dag.py took 0.226 seconds
[2025-07-08T10:34:44.489+0000] {processor.py:161} INFO - Started process (PID=11418) to work on /home/airflow/.local/lib/python3.8/site-packages/airflow/example_dags/example_trigger_target_dag.py
[2025-07-08T10:34:44.492+0000] {processor.py:830} INFO - Processing file /home/airflow/.local/lib/python3.8/site-packages/airflow/example_dags/example_trigger_target_dag.py for tasks to queue
[2025-07-08T10:34:44.494+0000] {logging_mixin.py:188} INFO - [2025-07-08T10:34:44.494+0000] {dagbag.py:538} INFO - Filling up the DagBag from /home/airflow/.local/lib/python3.8/site-packages/airflow/example_dags/example_trigger_target_dag.py
[2025-07-08T10:34:44.541+0000] {processor.py:840} INFO - DAG(s) 'example_trigger_target_dag' retrieved from /home/airflow/.local/lib/python3.8/site-packages/airflow/example_dags/example_trigger_target_dag.py
[2025-07-08T10:34:44.677+0000] {logging_mixin.py:188} INFO - [2025-07-08T10:34:44.676+0000] {dag.py:3036} INFO - Sync 1 DAGs
[2025-07-08T10:34:44.791+0000] {logging_mixin.py:188} INFO - [2025-07-08T10:34:44.791+0000] {dag.py:3823} INFO - Setting next_dagrun for example_trigger_target_dag to None, run_after=None
[2025-07-08T10:34:44.908+0000] {processor.py:183} INFO - Processing /home/airflow/.local/lib/python3.8/site-packages/airflow/example_dags/example_trigger_target_dag.py took 0.442 seconds
[2025-07-08T10:35:15.373+0000] {processor.py:161} INFO - Started process (PID=11489) to work on /home/airflow/.local/lib/python3.8/site-packages/airflow/example_dags/example_trigger_target_dag.py
[2025-07-08T10:35:15.384+0000] {processor.py:830} INFO - Processing file /home/airflow/.local/lib/python3.8/site-packages/airflow/example_dags/example_trigger_target_dag.py for tasks to queue
[2025-07-08T10:35:15.386+0000] {logging_mixin.py:188} INFO - [2025-07-08T10:35:15.385+0000] {dagbag.py:538} INFO - Filling up the DagBag from /home/airflow/.local/lib/python3.8/site-packages/airflow/example_dags/example_trigger_target_dag.py
[2025-07-08T10:35:15.422+0000] {processor.py:840} INFO - DAG(s) 'example_trigger_target_dag' retrieved from /home/airflow/.local/lib/python3.8/site-packages/airflow/example_dags/example_trigger_target_dag.py
[2025-07-08T10:35:15.583+0000] {logging_mixin.py:188} INFO - [2025-07-08T10:35:15.582+0000] {dag.py:3036} INFO - Sync 1 DAGs
[2025-07-08T10:35:15.679+0000] {logging_mixin.py:188} INFO - [2025-07-08T10:35:15.678+0000] {dag.py:3823} INFO - Setting next_dagrun for example_trigger_target_dag to None, run_after=None
[2025-07-08T10:35:15.994+0000] {processor.py:183} INFO - Processing /home/airflow/.local/lib/python3.8/site-packages/airflow/example_dags/example_trigger_target_dag.py took 0.652 seconds
[2025-07-08T10:35:46.184+0000] {processor.py:161} INFO - Started process (PID=11547) to work on /home/airflow/.local/lib/python3.8/site-packages/airflow/example_dags/example_trigger_target_dag.py
[2025-07-08T10:35:46.186+0000] {processor.py:830} INFO - Processing file /home/airflow/.local/lib/python3.8/site-packages/airflow/example_dags/example_trigger_target_dag.py for tasks to queue
[2025-07-08T10:35:46.188+0000] {logging_mixin.py:188} INFO - [2025-07-08T10:35:46.187+0000] {dagbag.py:538} INFO - Filling up the DagBag from /home/airflow/.local/lib/python3.8/site-packages/airflow/example_dags/example_trigger_target_dag.py
[2025-07-08T10:35:46.212+0000] {processor.py:840} INFO - DAG(s) 'example_trigger_target_dag' retrieved from /home/airflow/.local/lib/python3.8/site-packages/airflow/example_dags/example_trigger_target_dag.py
[2025-07-08T10:35:46.271+0000] {logging_mixin.py:188} INFO - [2025-07-08T10:35:46.271+0000] {dag.py:3036} INFO - Sync 1 DAGs
[2025-07-08T10:35:46.337+0000] {logging_mixin.py:188} INFO - [2025-07-08T10:35:46.336+0000] {dag.py:3823} INFO - Setting next_dagrun for example_trigger_target_dag to None, run_after=None
[2025-07-08T10:35:46.444+0000] {processor.py:183} INFO - Processing /home/airflow/.local/lib/python3.8/site-packages/airflow/example_dags/example_trigger_target_dag.py took 0.292 seconds
[2025-07-08T10:36:17.094+0000] {processor.py:161} INFO - Started process (PID=11615) to work on /home/airflow/.local/lib/python3.8/site-packages/airflow/example_dags/example_trigger_target_dag.py
[2025-07-08T10:36:17.143+0000] {processor.py:830} INFO - Processing file /home/airflow/.local/lib/python3.8/site-packages/airflow/example_dags/example_trigger_target_dag.py for tasks to queue
[2025-07-08T10:36:17.169+0000] {logging_mixin.py:188} INFO - [2025-07-08T10:36:17.169+0000] {dagbag.py:538} INFO - Filling up the DagBag from /home/airflow/.local/lib/python3.8/site-packages/airflow/example_dags/example_trigger_target_dag.py
[2025-07-08T10:36:17.202+0000] {processor.py:840} INFO - DAG(s) 'example_trigger_target_dag' retrieved from /home/airflow/.local/lib/python3.8/site-packages/airflow/example_dags/example_trigger_target_dag.py
[2025-07-08T10:36:17.255+0000] {logging_mixin.py:188} INFO - [2025-07-08T10:36:17.255+0000] {dag.py:3036} INFO - Sync 1 DAGs
[2025-07-08T10:36:17.282+0000] {logging_mixin.py:188} INFO - [2025-07-08T10:36:17.282+0000] {dag.py:3823} INFO - Setting next_dagrun for example_trigger_target_dag to None, run_after=None
[2025-07-08T10:36:17.349+0000] {processor.py:183} INFO - Processing /home/airflow/.local/lib/python3.8/site-packages/airflow/example_dags/example_trigger_target_dag.py took 0.339 seconds
[2025-07-08T10:36:48.042+0000] {processor.py:161} INFO - Started process (PID=11675) to work on /home/airflow/.local/lib/python3.8/site-packages/airflow/example_dags/example_trigger_target_dag.py
[2025-07-08T10:36:48.045+0000] {processor.py:830} INFO - Processing file /home/airflow/.local/lib/python3.8/site-packages/airflow/example_dags/example_trigger_target_dag.py for tasks to queue
[2025-07-08T10:36:48.046+0000] {logging_mixin.py:188} INFO - [2025-07-08T10:36:48.046+0000] {dagbag.py:538} INFO - Filling up the DagBag from /home/airflow/.local/lib/python3.8/site-packages/airflow/example_dags/example_trigger_target_dag.py
[2025-07-08T10:36:48.058+0000] {processor.py:840} INFO - DAG(s) 'example_trigger_target_dag' retrieved from /home/airflow/.local/lib/python3.8/site-packages/airflow/example_dags/example_trigger_target_dag.py
[2025-07-08T10:36:48.114+0000] {logging_mixin.py:188} INFO - [2025-07-08T10:36:48.114+0000] {dag.py:3036} INFO - Sync 1 DAGs
[2025-07-08T10:36:48.140+0000] {logging_mixin.py:188} INFO - [2025-07-08T10:36:48.139+0000] {dag.py:3823} INFO - Setting next_dagrun for example_trigger_target_dag to None, run_after=None
[2025-07-08T10:36:48.178+0000] {processor.py:183} INFO - Processing /home/airflow/.local/lib/python3.8/site-packages/airflow/example_dags/example_trigger_target_dag.py took 0.142 seconds
[2025-07-08T10:37:19.674+0000] {processor.py:161} INFO - Started process (PID=11750) to work on /home/airflow/.local/lib/python3.8/site-packages/airflow/example_dags/example_trigger_target_dag.py
[2025-07-08T10:37:19.680+0000] {processor.py:830} INFO - Processing file /home/airflow/.local/lib/python3.8/site-packages/airflow/example_dags/example_trigger_target_dag.py for tasks to queue
[2025-07-08T10:37:19.682+0000] {logging_mixin.py:188} INFO - [2025-07-08T10:37:19.682+0000] {dagbag.py:538} INFO - Filling up the DagBag from /home/airflow/.local/lib/python3.8/site-packages/airflow/example_dags/example_trigger_target_dag.py
[2025-07-08T10:37:19.703+0000] {processor.py:840} INFO - DAG(s) 'example_trigger_target_dag' retrieved from /home/airflow/.local/lib/python3.8/site-packages/airflow/example_dags/example_trigger_target_dag.py
[2025-07-08T10:37:19.812+0000] {logging_mixin.py:188} INFO - [2025-07-08T10:37:19.811+0000] {dag.py:3036} INFO - Sync 1 DAGs
[2025-07-08T10:37:19.880+0000] {logging_mixin.py:188} INFO - [2025-07-08T10:37:19.880+0000] {dag.py:3823} INFO - Setting next_dagrun for example_trigger_target_dag to None, run_after=None
[2025-07-08T10:37:19.982+0000] {processor.py:183} INFO - Processing /home/airflow/.local/lib/python3.8/site-packages/airflow/example_dags/example_trigger_target_dag.py took 0.331 seconds
[2025-07-08T10:37:50.202+0000] {processor.py:161} INFO - Started process (PID=11816) to work on /home/airflow/.local/lib/python3.8/site-packages/airflow/example_dags/example_trigger_target_dag.py
[2025-07-08T10:37:50.204+0000] {processor.py:830} INFO - Processing file /home/airflow/.local/lib/python3.8/site-packages/airflow/example_dags/example_trigger_target_dag.py for tasks to queue
[2025-07-08T10:37:50.213+0000] {logging_mixin.py:188} INFO - [2025-07-08T10:37:50.205+0000] {dagbag.py:538} INFO - Filling up the DagBag from /home/airflow/.local/lib/python3.8/site-packages/airflow/example_dags/example_trigger_target_dag.py
[2025-07-08T10:37:50.259+0000] {processor.py:840} INFO - DAG(s) 'example_trigger_target_dag' retrieved from /home/airflow/.local/lib/python3.8/site-packages/airflow/example_dags/example_trigger_target_dag.py
[2025-07-08T10:37:50.353+0000] {logging_mixin.py:188} INFO - [2025-07-08T10:37:50.353+0000] {dag.py:3036} INFO - Sync 1 DAGs
[2025-07-08T10:37:50.427+0000] {logging_mixin.py:188} INFO - [2025-07-08T10:37:50.427+0000] {dag.py:3823} INFO - Setting next_dagrun for example_trigger_target_dag to None, run_after=None
[2025-07-08T10:37:50.550+0000] {processor.py:183} INFO - Processing /home/airflow/.local/lib/python3.8/site-packages/airflow/example_dags/example_trigger_target_dag.py took 0.384 seconds
[2025-07-08T10:38:21.262+0000] {processor.py:161} INFO - Started process (PID=11880) to work on /home/airflow/.local/lib/python3.8/site-packages/airflow/example_dags/example_trigger_target_dag.py
[2025-07-08T10:38:21.268+0000] {processor.py:830} INFO - Processing file /home/airflow/.local/lib/python3.8/site-packages/airflow/example_dags/example_trigger_target_dag.py for tasks to queue
[2025-07-08T10:38:21.280+0000] {logging_mixin.py:188} INFO - [2025-07-08T10:38:21.269+0000] {dagbag.py:538} INFO - Filling up the DagBag from /home/airflow/.local/lib/python3.8/site-packages/airflow/example_dags/example_trigger_target_dag.py
[2025-07-08T10:38:21.320+0000] {processor.py:840} INFO - DAG(s) 'example_trigger_target_dag' retrieved from /home/airflow/.local/lib/python3.8/site-packages/airflow/example_dags/example_trigger_target_dag.py
[2025-07-08T10:38:21.543+0000] {logging_mixin.py:188} INFO - [2025-07-08T10:38:21.539+0000] {dag.py:3036} INFO - Sync 1 DAGs
[2025-07-08T10:38:21.694+0000] {logging_mixin.py:188} INFO - [2025-07-08T10:38:21.693+0000] {dag.py:3823} INFO - Setting next_dagrun for example_trigger_target_dag to None, run_after=None
[2025-07-08T10:38:21.798+0000] {processor.py:183} INFO - Processing /home/airflow/.local/lib/python3.8/site-packages/airflow/example_dags/example_trigger_target_dag.py took 0.543 seconds
[2025-07-08T10:38:53.185+0000] {processor.py:161} INFO - Started process (PID=11952) to work on /home/airflow/.local/lib/python3.8/site-packages/airflow/example_dags/example_trigger_target_dag.py
[2025-07-08T10:38:53.187+0000] {processor.py:830} INFO - Processing file /home/airflow/.local/lib/python3.8/site-packages/airflow/example_dags/example_trigger_target_dag.py for tasks to queue
[2025-07-08T10:38:53.202+0000] {logging_mixin.py:188} INFO - [2025-07-08T10:38:53.202+0000] {dagbag.py:538} INFO - Filling up the DagBag from /home/airflow/.local/lib/python3.8/site-packages/airflow/example_dags/example_trigger_target_dag.py
[2025-07-08T10:38:53.266+0000] {processor.py:840} INFO - DAG(s) 'example_trigger_target_dag' retrieved from /home/airflow/.local/lib/python3.8/site-packages/airflow/example_dags/example_trigger_target_dag.py
[2025-07-08T10:38:53.369+0000] {logging_mixin.py:188} INFO - [2025-07-08T10:38:53.369+0000] {dag.py:3036} INFO - Sync 1 DAGs
[2025-07-08T10:38:53.463+0000] {logging_mixin.py:188} INFO - [2025-07-08T10:38:53.463+0000] {dag.py:3823} INFO - Setting next_dagrun for example_trigger_target_dag to None, run_after=None
[2025-07-08T10:38:53.594+0000] {processor.py:183} INFO - Processing /home/airflow/.local/lib/python3.8/site-packages/airflow/example_dags/example_trigger_target_dag.py took 0.431 seconds
[2025-07-08T10:39:24.225+0000] {processor.py:161} INFO - Started process (PID=12010) to work on /home/airflow/.local/lib/python3.8/site-packages/airflow/example_dags/example_trigger_target_dag.py
[2025-07-08T10:39:24.232+0000] {processor.py:830} INFO - Processing file /home/airflow/.local/lib/python3.8/site-packages/airflow/example_dags/example_trigger_target_dag.py for tasks to queue
[2025-07-08T10:39:24.234+0000] {logging_mixin.py:188} INFO - [2025-07-08T10:39:24.233+0000] {dagbag.py:538} INFO - Filling up the DagBag from /home/airflow/.local/lib/python3.8/site-packages/airflow/example_dags/example_trigger_target_dag.py
[2025-07-08T10:39:24.253+0000] {processor.py:840} INFO - DAG(s) 'example_trigger_target_dag' retrieved from /home/airflow/.local/lib/python3.8/site-packages/airflow/example_dags/example_trigger_target_dag.py
[2025-07-08T10:39:24.321+0000] {logging_mixin.py:188} INFO - [2025-07-08T10:39:24.321+0000] {dag.py:3036} INFO - Sync 1 DAGs
[2025-07-08T10:39:24.380+0000] {logging_mixin.py:188} INFO - [2025-07-08T10:39:24.379+0000] {dag.py:3823} INFO - Setting next_dagrun for example_trigger_target_dag to None, run_after=None
[2025-07-08T10:39:24.427+0000] {processor.py:183} INFO - Processing /home/airflow/.local/lib/python3.8/site-packages/airflow/example_dags/example_trigger_target_dag.py took 0.216 seconds
[2025-07-08T10:39:55.084+0000] {processor.py:161} INFO - Started process (PID=12078) to work on /home/airflow/.local/lib/python3.8/site-packages/airflow/example_dags/example_trigger_target_dag.py
[2025-07-08T10:39:55.085+0000] {processor.py:830} INFO - Processing file /home/airflow/.local/lib/python3.8/site-packages/airflow/example_dags/example_trigger_target_dag.py for tasks to queue
[2025-07-08T10:39:55.087+0000] {logging_mixin.py:188} INFO - [2025-07-08T10:39:55.086+0000] {dagbag.py:538} INFO - Filling up the DagBag from /home/airflow/.local/lib/python3.8/site-packages/airflow/example_dags/example_trigger_target_dag.py
[2025-07-08T10:39:55.098+0000] {processor.py:840} INFO - DAG(s) 'example_trigger_target_dag' retrieved from /home/airflow/.local/lib/python3.8/site-packages/airflow/example_dags/example_trigger_target_dag.py
[2025-07-08T10:39:55.140+0000] {logging_mixin.py:188} INFO - [2025-07-08T10:39:55.139+0000] {dag.py:3036} INFO - Sync 1 DAGs
[2025-07-08T10:39:55.166+0000] {logging_mixin.py:188} INFO - [2025-07-08T10:39:55.166+0000] {dag.py:3823} INFO - Setting next_dagrun for example_trigger_target_dag to None, run_after=None
[2025-07-08T10:39:55.202+0000] {processor.py:183} INFO - Processing /home/airflow/.local/lib/python3.8/site-packages/airflow/example_dags/example_trigger_target_dag.py took 0.124 seconds
[2025-07-08T10:40:25.923+0000] {processor.py:161} INFO - Started process (PID=12146) to work on /home/airflow/.local/lib/python3.8/site-packages/airflow/example_dags/example_trigger_target_dag.py
[2025-07-08T10:40:25.941+0000] {processor.py:830} INFO - Processing file /home/airflow/.local/lib/python3.8/site-packages/airflow/example_dags/example_trigger_target_dag.py for tasks to queue
[2025-07-08T10:40:25.943+0000] {logging_mixin.py:188} INFO - [2025-07-08T10:40:25.942+0000] {dagbag.py:538} INFO - Filling up the DagBag from /home/airflow/.local/lib/python3.8/site-packages/airflow/example_dags/example_trigger_target_dag.py
[2025-07-08T10:40:25.975+0000] {processor.py:840} INFO - DAG(s) 'example_trigger_target_dag' retrieved from /home/airflow/.local/lib/python3.8/site-packages/airflow/example_dags/example_trigger_target_dag.py
[2025-07-08T10:40:26.118+0000] {logging_mixin.py:188} INFO - [2025-07-08T10:40:26.118+0000] {dag.py:3036} INFO - Sync 1 DAGs
[2025-07-08T10:40:26.218+0000] {logging_mixin.py:188} INFO - [2025-07-08T10:40:26.217+0000] {dag.py:3823} INFO - Setting next_dagrun for example_trigger_target_dag to None, run_after=None
[2025-07-08T10:40:26.361+0000] {processor.py:183} INFO - Processing /home/airflow/.local/lib/python3.8/site-packages/airflow/example_dags/example_trigger_target_dag.py took 0.445 seconds
[2025-07-08T10:40:56.637+0000] {processor.py:161} INFO - Started process (PID=12207) to work on /home/airflow/.local/lib/python3.8/site-packages/airflow/example_dags/example_trigger_target_dag.py
[2025-07-08T10:40:56.639+0000] {processor.py:830} INFO - Processing file /home/airflow/.local/lib/python3.8/site-packages/airflow/example_dags/example_trigger_target_dag.py for tasks to queue
[2025-07-08T10:40:56.640+0000] {logging_mixin.py:188} INFO - [2025-07-08T10:40:56.640+0000] {dagbag.py:538} INFO - Filling up the DagBag from /home/airflow/.local/lib/python3.8/site-packages/airflow/example_dags/example_trigger_target_dag.py
[2025-07-08T10:40:56.650+0000] {processor.py:840} INFO - DAG(s) 'example_trigger_target_dag' retrieved from /home/airflow/.local/lib/python3.8/site-packages/airflow/example_dags/example_trigger_target_dag.py
[2025-07-08T10:40:56.687+0000] {logging_mixin.py:188} INFO - [2025-07-08T10:40:56.687+0000] {dag.py:3036} INFO - Sync 1 DAGs
[2025-07-08T10:40:56.714+0000] {logging_mixin.py:188} INFO - [2025-07-08T10:40:56.714+0000] {dag.py:3823} INFO - Setting next_dagrun for example_trigger_target_dag to None, run_after=None
[2025-07-08T10:40:56.750+0000] {processor.py:183} INFO - Processing /home/airflow/.local/lib/python3.8/site-packages/airflow/example_dags/example_trigger_target_dag.py took 0.118 seconds
[2025-07-08T10:41:27.116+0000] {processor.py:161} INFO - Started process (PID=12274) to work on /home/airflow/.local/lib/python3.8/site-packages/airflow/example_dags/example_trigger_target_dag.py
[2025-07-08T10:41:27.128+0000] {processor.py:830} INFO - Processing file /home/airflow/.local/lib/python3.8/site-packages/airflow/example_dags/example_trigger_target_dag.py for tasks to queue
[2025-07-08T10:41:27.139+0000] {logging_mixin.py:188} INFO - [2025-07-08T10:41:27.139+0000] {dagbag.py:538} INFO - Filling up the DagBag from /home/airflow/.local/lib/python3.8/site-packages/airflow/example_dags/example_trigger_target_dag.py
[2025-07-08T10:41:27.163+0000] {processor.py:840} INFO - DAG(s) 'example_trigger_target_dag' retrieved from /home/airflow/.local/lib/python3.8/site-packages/airflow/example_dags/example_trigger_target_dag.py
[2025-07-08T10:41:27.313+0000] {logging_mixin.py:188} INFO - [2025-07-08T10:41:27.313+0000] {dag.py:3036} INFO - Sync 1 DAGs
[2025-07-08T10:41:27.404+0000] {logging_mixin.py:188} INFO - [2025-07-08T10:41:27.404+0000] {dag.py:3823} INFO - Setting next_dagrun for example_trigger_target_dag to None, run_after=None
[2025-07-08T10:41:27.568+0000] {processor.py:183} INFO - Processing /home/airflow/.local/lib/python3.8/site-packages/airflow/example_dags/example_trigger_target_dag.py took 0.474 seconds
[2025-07-08T10:41:58.123+0000] {processor.py:161} INFO - Started process (PID=12335) to work on /home/airflow/.local/lib/python3.8/site-packages/airflow/example_dags/example_trigger_target_dag.py
[2025-07-08T10:41:58.135+0000] {processor.py:830} INFO - Processing file /home/airflow/.local/lib/python3.8/site-packages/airflow/example_dags/example_trigger_target_dag.py for tasks to queue
[2025-07-08T10:41:58.137+0000] {logging_mixin.py:188} INFO - [2025-07-08T10:41:58.136+0000] {dagbag.py:538} INFO - Filling up the DagBag from /home/airflow/.local/lib/python3.8/site-packages/airflow/example_dags/example_trigger_target_dag.py
[2025-07-08T10:41:58.147+0000] {processor.py:840} INFO - DAG(s) 'example_trigger_target_dag' retrieved from /home/airflow/.local/lib/python3.8/site-packages/airflow/example_dags/example_trigger_target_dag.py
[2025-07-08T10:41:58.253+0000] {logging_mixin.py:188} INFO - [2025-07-08T10:41:58.253+0000] {dag.py:3036} INFO - Sync 1 DAGs
[2025-07-08T10:41:58.307+0000] {logging_mixin.py:188} INFO - [2025-07-08T10:41:58.306+0000] {dag.py:3823} INFO - Setting next_dagrun for example_trigger_target_dag to None, run_after=None
[2025-07-08T10:41:58.388+0000] {processor.py:183} INFO - Processing /home/airflow/.local/lib/python3.8/site-packages/airflow/example_dags/example_trigger_target_dag.py took 0.295 seconds
[2025-07-08T10:42:29.134+0000] {processor.py:161} INFO - Started process (PID=12402) to work on /home/airflow/.local/lib/python3.8/site-packages/airflow/example_dags/example_trigger_target_dag.py
[2025-07-08T10:42:29.140+0000] {processor.py:830} INFO - Processing file /home/airflow/.local/lib/python3.8/site-packages/airflow/example_dags/example_trigger_target_dag.py for tasks to queue
[2025-07-08T10:42:29.142+0000] {logging_mixin.py:188} INFO - [2025-07-08T10:42:29.141+0000] {dagbag.py:538} INFO - Filling up the DagBag from /home/airflow/.local/lib/python3.8/site-packages/airflow/example_dags/example_trigger_target_dag.py
[2025-07-08T10:42:29.170+0000] {processor.py:840} INFO - DAG(s) 'example_trigger_target_dag' retrieved from /home/airflow/.local/lib/python3.8/site-packages/airflow/example_dags/example_trigger_target_dag.py
[2025-07-08T10:42:29.389+0000] {logging_mixin.py:188} INFO - [2025-07-08T10:42:29.389+0000] {dag.py:3036} INFO - Sync 1 DAGs
[2025-07-08T10:42:29.457+0000] {logging_mixin.py:188} INFO - [2025-07-08T10:42:29.442+0000] {dag.py:3823} INFO - Setting next_dagrun for example_trigger_target_dag to None, run_after=None
[2025-07-08T10:42:29.522+0000] {processor.py:183} INFO - Processing /home/airflow/.local/lib/python3.8/site-packages/airflow/example_dags/example_trigger_target_dag.py took 0.404 seconds
[2025-07-08T10:42:59.966+0000] {processor.py:161} INFO - Started process (PID=12461) to work on /home/airflow/.local/lib/python3.8/site-packages/airflow/example_dags/example_trigger_target_dag.py
[2025-07-08T10:42:59.967+0000] {processor.py:830} INFO - Processing file /home/airflow/.local/lib/python3.8/site-packages/airflow/example_dags/example_trigger_target_dag.py for tasks to queue
[2025-07-08T10:42:59.969+0000] {logging_mixin.py:188} INFO - [2025-07-08T10:42:59.968+0000] {dagbag.py:538} INFO - Filling up the DagBag from /home/airflow/.local/lib/python3.8/site-packages/airflow/example_dags/example_trigger_target_dag.py
[2025-07-08T10:42:59.979+0000] {processor.py:840} INFO - DAG(s) 'example_trigger_target_dag' retrieved from /home/airflow/.local/lib/python3.8/site-packages/airflow/example_dags/example_trigger_target_dag.py
[2025-07-08T10:43:00.016+0000] {logging_mixin.py:188} INFO - [2025-07-08T10:43:00.016+0000] {dag.py:3036} INFO - Sync 1 DAGs
[2025-07-08T10:43:00.068+0000] {logging_mixin.py:188} INFO - [2025-07-08T10:43:00.067+0000] {dag.py:3823} INFO - Setting next_dagrun for example_trigger_target_dag to None, run_after=None
[2025-07-08T10:43:00.142+0000] {processor.py:183} INFO - Processing /home/airflow/.local/lib/python3.8/site-packages/airflow/example_dags/example_trigger_target_dag.py took 0.182 seconds
[2025-07-08T10:43:32.308+0000] {processor.py:161} INFO - Started process (PID=12529) to work on /home/airflow/.local/lib/python3.8/site-packages/airflow/example_dags/example_trigger_target_dag.py
[2025-07-08T10:43:32.310+0000] {processor.py:830} INFO - Processing file /home/airflow/.local/lib/python3.8/site-packages/airflow/example_dags/example_trigger_target_dag.py for tasks to queue
[2025-07-08T10:43:32.311+0000] {logging_mixin.py:188} INFO - [2025-07-08T10:43:32.311+0000] {dagbag.py:538} INFO - Filling up the DagBag from /home/airflow/.local/lib/python3.8/site-packages/airflow/example_dags/example_trigger_target_dag.py
[2025-07-08T10:43:32.335+0000] {processor.py:840} INFO - DAG(s) 'example_trigger_target_dag' retrieved from /home/airflow/.local/lib/python3.8/site-packages/airflow/example_dags/example_trigger_target_dag.py
[2025-07-08T10:43:32.415+0000] {logging_mixin.py:188} INFO - [2025-07-08T10:43:32.415+0000] {dag.py:3036} INFO - Sync 1 DAGs
[2025-07-08T10:43:32.490+0000] {logging_mixin.py:188} INFO - [2025-07-08T10:43:32.489+0000] {dag.py:3823} INFO - Setting next_dagrun for example_trigger_target_dag to None, run_after=None
[2025-07-08T10:43:32.613+0000] {processor.py:183} INFO - Processing /home/airflow/.local/lib/python3.8/site-packages/airflow/example_dags/example_trigger_target_dag.py took 0.336 seconds
[2025-07-08T10:44:04.334+0000] {processor.py:161} INFO - Started process (PID=12596) to work on /home/airflow/.local/lib/python3.8/site-packages/airflow/example_dags/example_trigger_target_dag.py
[2025-07-08T10:44:04.354+0000] {processor.py:830} INFO - Processing file /home/airflow/.local/lib/python3.8/site-packages/airflow/example_dags/example_trigger_target_dag.py for tasks to queue
[2025-07-08T10:44:04.372+0000] {logging_mixin.py:188} INFO - [2025-07-08T10:44:04.355+0000] {dagbag.py:538} INFO - Filling up the DagBag from /home/airflow/.local/lib/python3.8/site-packages/airflow/example_dags/example_trigger_target_dag.py
[2025-07-08T10:44:04.400+0000] {processor.py:840} INFO - DAG(s) 'example_trigger_target_dag' retrieved from /home/airflow/.local/lib/python3.8/site-packages/airflow/example_dags/example_trigger_target_dag.py
[2025-07-08T10:44:04.525+0000] {logging_mixin.py:188} INFO - [2025-07-08T10:44:04.525+0000] {dag.py:3036} INFO - Sync 1 DAGs
[2025-07-08T10:44:04.596+0000] {logging_mixin.py:188} INFO - [2025-07-08T10:44:04.588+0000] {dag.py:3823} INFO - Setting next_dagrun for example_trigger_target_dag to None, run_after=None
[2025-07-08T10:44:04.684+0000] {processor.py:183} INFO - Processing /home/airflow/.local/lib/python3.8/site-packages/airflow/example_dags/example_trigger_target_dag.py took 0.377 seconds
[2025-07-08T10:44:35.563+0000] {processor.py:161} INFO - Started process (PID=12656) to work on /home/airflow/.local/lib/python3.8/site-packages/airflow/example_dags/example_trigger_target_dag.py
[2025-07-08T10:44:35.565+0000] {processor.py:830} INFO - Processing file /home/airflow/.local/lib/python3.8/site-packages/airflow/example_dags/example_trigger_target_dag.py for tasks to queue
[2025-07-08T10:44:35.566+0000] {logging_mixin.py:188} INFO - [2025-07-08T10:44:35.566+0000] {dagbag.py:538} INFO - Filling up the DagBag from /home/airflow/.local/lib/python3.8/site-packages/airflow/example_dags/example_trigger_target_dag.py
[2025-07-08T10:44:35.597+0000] {processor.py:840} INFO - DAG(s) 'example_trigger_target_dag' retrieved from /home/airflow/.local/lib/python3.8/site-packages/airflow/example_dags/example_trigger_target_dag.py
[2025-07-08T10:44:35.670+0000] {logging_mixin.py:188} INFO - [2025-07-08T10:44:35.670+0000] {dag.py:3036} INFO - Sync 1 DAGs
[2025-07-08T10:44:35.725+0000] {logging_mixin.py:188} INFO - [2025-07-08T10:44:35.725+0000] {dag.py:3823} INFO - Setting next_dagrun for example_trigger_target_dag to None, run_after=None
[2025-07-08T10:44:35.828+0000] {processor.py:183} INFO - Processing /home/airflow/.local/lib/python3.8/site-packages/airflow/example_dags/example_trigger_target_dag.py took 0.283 seconds
[2025-07-08T10:45:11.368+0000] {processor.py:161} INFO - Started process (PID=12727) to work on /home/airflow/.local/lib/python3.8/site-packages/airflow/example_dags/example_trigger_target_dag.py
[2025-07-08T10:45:11.376+0000] {processor.py:830} INFO - Processing file /home/airflow/.local/lib/python3.8/site-packages/airflow/example_dags/example_trigger_target_dag.py for tasks to queue
[2025-07-08T10:45:11.378+0000] {logging_mixin.py:188} INFO - [2025-07-08T10:45:11.377+0000] {dagbag.py:538} INFO - Filling up the DagBag from /home/airflow/.local/lib/python3.8/site-packages/airflow/example_dags/example_trigger_target_dag.py
[2025-07-08T10:45:11.399+0000] {processor.py:840} INFO - DAG(s) 'example_trigger_target_dag' retrieved from /home/airflow/.local/lib/python3.8/site-packages/airflow/example_dags/example_trigger_target_dag.py
[2025-07-08T10:45:11.563+0000] {logging_mixin.py:188} INFO - [2025-07-08T10:45:11.562+0000] {dag.py:3036} INFO - Sync 1 DAGs
[2025-07-08T10:45:11.628+0000] {logging_mixin.py:188} INFO - [2025-07-08T10:45:11.628+0000] {dag.py:3823} INFO - Setting next_dagrun for example_trigger_target_dag to None, run_after=None
[2025-07-08T10:45:11.753+0000] {processor.py:183} INFO - Processing /home/airflow/.local/lib/python3.8/site-packages/airflow/example_dags/example_trigger_target_dag.py took 0.400 seconds
[2025-07-08T10:45:44.332+0000] {processor.py:161} INFO - Started process (PID=12794) to work on /home/airflow/.local/lib/python3.8/site-packages/airflow/example_dags/example_trigger_target_dag.py
[2025-07-08T10:45:44.333+0000] {processor.py:830} INFO - Processing file /home/airflow/.local/lib/python3.8/site-packages/airflow/example_dags/example_trigger_target_dag.py for tasks to queue
[2025-07-08T10:45:44.335+0000] {logging_mixin.py:188} INFO - [2025-07-08T10:45:44.334+0000] {dagbag.py:538} INFO - Filling up the DagBag from /home/airflow/.local/lib/python3.8/site-packages/airflow/example_dags/example_trigger_target_dag.py
[2025-07-08T10:45:44.380+0000] {processor.py:840} INFO - DAG(s) 'example_trigger_target_dag' retrieved from /home/airflow/.local/lib/python3.8/site-packages/airflow/example_dags/example_trigger_target_dag.py
[2025-07-08T10:45:44.492+0000] {logging_mixin.py:188} INFO - [2025-07-08T10:45:44.492+0000] {dag.py:3036} INFO - Sync 1 DAGs
[2025-07-08T10:45:44.568+0000] {logging_mixin.py:188} INFO - [2025-07-08T10:45:44.567+0000] {dag.py:3823} INFO - Setting next_dagrun for example_trigger_target_dag to None, run_after=None
[2025-07-08T10:45:44.666+0000] {processor.py:183} INFO - Processing /home/airflow/.local/lib/python3.8/site-packages/airflow/example_dags/example_trigger_target_dag.py took 0.341 seconds
[2025-07-08T10:46:14.972+0000] {processor.py:161} INFO - Started process (PID=12852) to work on /home/airflow/.local/lib/python3.8/site-packages/airflow/example_dags/example_trigger_target_dag.py
[2025-07-08T10:46:14.984+0000] {processor.py:830} INFO - Processing file /home/airflow/.local/lib/python3.8/site-packages/airflow/example_dags/example_trigger_target_dag.py for tasks to queue
[2025-07-08T10:46:14.986+0000] {logging_mixin.py:188} INFO - [2025-07-08T10:46:14.985+0000] {dagbag.py:538} INFO - Filling up the DagBag from /home/airflow/.local/lib/python3.8/site-packages/airflow/example_dags/example_trigger_target_dag.py
[2025-07-08T10:46:15.013+0000] {processor.py:840} INFO - DAG(s) 'example_trigger_target_dag' retrieved from /home/airflow/.local/lib/python3.8/site-packages/airflow/example_dags/example_trigger_target_dag.py
[2025-07-08T10:46:15.089+0000] {logging_mixin.py:188} INFO - [2025-07-08T10:46:15.088+0000] {dag.py:3036} INFO - Sync 1 DAGs
[2025-07-08T10:46:15.168+0000] {logging_mixin.py:188} INFO - [2025-07-08T10:46:15.152+0000] {dag.py:3823} INFO - Setting next_dagrun for example_trigger_target_dag to None, run_after=None
[2025-07-08T10:46:15.280+0000] {processor.py:183} INFO - Processing /home/airflow/.local/lib/python3.8/site-packages/airflow/example_dags/example_trigger_target_dag.py took 0.326 seconds
[2025-07-08T10:46:45.528+0000] {processor.py:161} INFO - Started process (PID=12918) to work on /home/airflow/.local/lib/python3.8/site-packages/airflow/example_dags/example_trigger_target_dag.py
[2025-07-08T10:46:45.530+0000] {processor.py:830} INFO - Processing file /home/airflow/.local/lib/python3.8/site-packages/airflow/example_dags/example_trigger_target_dag.py for tasks to queue
[2025-07-08T10:46:45.531+0000] {logging_mixin.py:188} INFO - [2025-07-08T10:46:45.531+0000] {dagbag.py:538} INFO - Filling up the DagBag from /home/airflow/.local/lib/python3.8/site-packages/airflow/example_dags/example_trigger_target_dag.py
[2025-07-08T10:46:45.559+0000] {processor.py:840} INFO - DAG(s) 'example_trigger_target_dag' retrieved from /home/airflow/.local/lib/python3.8/site-packages/airflow/example_dags/example_trigger_target_dag.py
[2025-07-08T10:46:45.627+0000] {logging_mixin.py:188} INFO - [2025-07-08T10:46:45.627+0000] {dag.py:3036} INFO - Sync 1 DAGs
[2025-07-08T10:46:45.677+0000] {logging_mixin.py:188} INFO - [2025-07-08T10:46:45.677+0000] {dag.py:3823} INFO - Setting next_dagrun for example_trigger_target_dag to None, run_after=None
[2025-07-08T10:46:45.757+0000] {processor.py:183} INFO - Processing /home/airflow/.local/lib/python3.8/site-packages/airflow/example_dags/example_trigger_target_dag.py took 0.247 seconds
[2025-07-08T10:47:16.310+0000] {processor.py:161} INFO - Started process (PID=12978) to work on /home/airflow/.local/lib/python3.8/site-packages/airflow/example_dags/example_trigger_target_dag.py
[2025-07-08T10:47:16.315+0000] {processor.py:830} INFO - Processing file /home/airflow/.local/lib/python3.8/site-packages/airflow/example_dags/example_trigger_target_dag.py for tasks to queue
[2025-07-08T10:47:16.321+0000] {logging_mixin.py:188} INFO - [2025-07-08T10:47:16.320+0000] {dagbag.py:538} INFO - Filling up the DagBag from /home/airflow/.local/lib/python3.8/site-packages/airflow/example_dags/example_trigger_target_dag.py
[2025-07-08T10:47:16.379+0000] {processor.py:840} INFO - DAG(s) 'example_trigger_target_dag' retrieved from /home/airflow/.local/lib/python3.8/site-packages/airflow/example_dags/example_trigger_target_dag.py
[2025-07-08T10:47:16.450+0000] {logging_mixin.py:188} INFO - [2025-07-08T10:47:16.450+0000] {dag.py:3036} INFO - Sync 1 DAGs
[2025-07-08T10:47:16.499+0000] {logging_mixin.py:188} INFO - [2025-07-08T10:47:16.499+0000] {dag.py:3823} INFO - Setting next_dagrun for example_trigger_target_dag to None, run_after=None
[2025-07-08T10:47:16.543+0000] {processor.py:183} INFO - Processing /home/airflow/.local/lib/python3.8/site-packages/airflow/example_dags/example_trigger_target_dag.py took 0.246 seconds
[2025-07-08T10:47:47.499+0000] {processor.py:161} INFO - Started process (PID=13047) to work on /home/airflow/.local/lib/python3.8/site-packages/airflow/example_dags/example_trigger_target_dag.py
[2025-07-08T10:47:47.501+0000] {processor.py:830} INFO - Processing file /home/airflow/.local/lib/python3.8/site-packages/airflow/example_dags/example_trigger_target_dag.py for tasks to queue
[2025-07-08T10:47:47.502+0000] {logging_mixin.py:188} INFO - [2025-07-08T10:47:47.502+0000] {dagbag.py:538} INFO - Filling up the DagBag from /home/airflow/.local/lib/python3.8/site-packages/airflow/example_dags/example_trigger_target_dag.py
[2025-07-08T10:47:47.533+0000] {processor.py:840} INFO - DAG(s) 'example_trigger_target_dag' retrieved from /home/airflow/.local/lib/python3.8/site-packages/airflow/example_dags/example_trigger_target_dag.py
[2025-07-08T10:47:47.643+0000] {logging_mixin.py:188} INFO - [2025-07-08T10:47:47.641+0000] {dag.py:3036} INFO - Sync 1 DAGs
[2025-07-08T10:47:47.770+0000] {logging_mixin.py:188} INFO - [2025-07-08T10:47:47.770+0000] {dag.py:3823} INFO - Setting next_dagrun for example_trigger_target_dag to None, run_after=None
[2025-07-08T10:47:47.891+0000] {processor.py:183} INFO - Processing /home/airflow/.local/lib/python3.8/site-packages/airflow/example_dags/example_trigger_target_dag.py took 0.399 seconds
[2025-07-08T10:48:18.429+0000] {processor.py:161} INFO - Started process (PID=13105) to work on /home/airflow/.local/lib/python3.8/site-packages/airflow/example_dags/example_trigger_target_dag.py
[2025-07-08T10:48:18.438+0000] {processor.py:830} INFO - Processing file /home/airflow/.local/lib/python3.8/site-packages/airflow/example_dags/example_trigger_target_dag.py for tasks to queue
[2025-07-08T10:48:18.440+0000] {logging_mixin.py:188} INFO - [2025-07-08T10:48:18.439+0000] {dagbag.py:538} INFO - Filling up the DagBag from /home/airflow/.local/lib/python3.8/site-packages/airflow/example_dags/example_trigger_target_dag.py
[2025-07-08T10:48:18.465+0000] {processor.py:840} INFO - DAG(s) 'example_trigger_target_dag' retrieved from /home/airflow/.local/lib/python3.8/site-packages/airflow/example_dags/example_trigger_target_dag.py
[2025-07-08T10:48:18.544+0000] {logging_mixin.py:188} INFO - [2025-07-08T10:48:18.544+0000] {dag.py:3036} INFO - Sync 1 DAGs
[2025-07-08T10:48:18.609+0000] {logging_mixin.py:188} INFO - [2025-07-08T10:48:18.609+0000] {dag.py:3823} INFO - Setting next_dagrun for example_trigger_target_dag to None, run_after=None
[2025-07-08T10:48:18.687+0000] {processor.py:183} INFO - Processing /home/airflow/.local/lib/python3.8/site-packages/airflow/example_dags/example_trigger_target_dag.py took 0.277 seconds
[2025-07-08T10:48:49.842+0000] {processor.py:161} INFO - Started process (PID=13172) to work on /home/airflow/.local/lib/python3.8/site-packages/airflow/example_dags/example_trigger_target_dag.py
[2025-07-08T10:48:49.846+0000] {processor.py:830} INFO - Processing file /home/airflow/.local/lib/python3.8/site-packages/airflow/example_dags/example_trigger_target_dag.py for tasks to queue
[2025-07-08T10:48:49.853+0000] {logging_mixin.py:188} INFO - [2025-07-08T10:48:49.847+0000] {dagbag.py:538} INFO - Filling up the DagBag from /home/airflow/.local/lib/python3.8/site-packages/airflow/example_dags/example_trigger_target_dag.py
[2025-07-08T10:48:49.904+0000] {processor.py:840} INFO - DAG(s) 'example_trigger_target_dag' retrieved from /home/airflow/.local/lib/python3.8/site-packages/airflow/example_dags/example_trigger_target_dag.py
[2025-07-08T10:48:50.083+0000] {logging_mixin.py:188} INFO - [2025-07-08T10:48:50.082+0000] {dag.py:3036} INFO - Sync 1 DAGs
[2025-07-08T10:48:50.164+0000] {logging_mixin.py:188} INFO - [2025-07-08T10:48:50.164+0000] {dag.py:3823} INFO - Setting next_dagrun for example_trigger_target_dag to None, run_after=None
[2025-07-08T10:48:50.272+0000] {processor.py:183} INFO - Processing /home/airflow/.local/lib/python3.8/site-packages/airflow/example_dags/example_trigger_target_dag.py took 0.463 seconds
[2025-07-08T10:49:20.385+0000] {processor.py:161} INFO - Started process (PID=13228) to work on /home/airflow/.local/lib/python3.8/site-packages/airflow/example_dags/example_trigger_target_dag.py
[2025-07-08T10:49:20.396+0000] {processor.py:830} INFO - Processing file /home/airflow/.local/lib/python3.8/site-packages/airflow/example_dags/example_trigger_target_dag.py for tasks to queue
[2025-07-08T10:49:20.398+0000] {logging_mixin.py:188} INFO - [2025-07-08T10:49:20.398+0000] {dagbag.py:538} INFO - Filling up the DagBag from /home/airflow/.local/lib/python3.8/site-packages/airflow/example_dags/example_trigger_target_dag.py
[2025-07-08T10:49:20.439+0000] {processor.py:840} INFO - DAG(s) 'example_trigger_target_dag' retrieved from /home/airflow/.local/lib/python3.8/site-packages/airflow/example_dags/example_trigger_target_dag.py
[2025-07-08T10:49:20.561+0000] {logging_mixin.py:188} INFO - [2025-07-08T10:49:20.561+0000] {dag.py:3036} INFO - Sync 1 DAGs
[2025-07-08T10:49:20.639+0000] {logging_mixin.py:188} INFO - [2025-07-08T10:49:20.638+0000] {dag.py:3823} INFO - Setting next_dagrun for example_trigger_target_dag to None, run_after=None
[2025-07-08T10:49:20.763+0000] {processor.py:183} INFO - Processing /home/airflow/.local/lib/python3.8/site-packages/airflow/example_dags/example_trigger_target_dag.py took 0.394 seconds
[2025-07-08T10:49:51.181+0000] {processor.py:161} INFO - Started process (PID=13294) to work on /home/airflow/.local/lib/python3.8/site-packages/airflow/example_dags/example_trigger_target_dag.py
[2025-07-08T10:49:51.188+0000] {processor.py:830} INFO - Processing file /home/airflow/.local/lib/python3.8/site-packages/airflow/example_dags/example_trigger_target_dag.py for tasks to queue
[2025-07-08T10:49:51.190+0000] {logging_mixin.py:188} INFO - [2025-07-08T10:49:51.190+0000] {dagbag.py:538} INFO - Filling up the DagBag from /home/airflow/.local/lib/python3.8/site-packages/airflow/example_dags/example_trigger_target_dag.py
[2025-07-08T10:49:51.213+0000] {processor.py:840} INFO - DAG(s) 'example_trigger_target_dag' retrieved from /home/airflow/.local/lib/python3.8/site-packages/airflow/example_dags/example_trigger_target_dag.py
[2025-07-08T10:49:51.299+0000] {logging_mixin.py:188} INFO - [2025-07-08T10:49:51.299+0000] {dag.py:3036} INFO - Sync 1 DAGs
[2025-07-08T10:49:51.362+0000] {logging_mixin.py:188} INFO - [2025-07-08T10:49:51.362+0000] {dag.py:3823} INFO - Setting next_dagrun for example_trigger_target_dag to None, run_after=None
[2025-07-08T10:49:51.447+0000] {processor.py:183} INFO - Processing /home/airflow/.local/lib/python3.8/site-packages/airflow/example_dags/example_trigger_target_dag.py took 0.283 seconds
[2025-07-08T10:50:21.973+0000] {processor.py:161} INFO - Started process (PID=13362) to work on /home/airflow/.local/lib/python3.8/site-packages/airflow/example_dags/example_trigger_target_dag.py
[2025-07-08T10:50:21.988+0000] {processor.py:830} INFO - Processing file /home/airflow/.local/lib/python3.8/site-packages/airflow/example_dags/example_trigger_target_dag.py for tasks to queue
[2025-07-08T10:50:21.990+0000] {logging_mixin.py:188} INFO - [2025-07-08T10:50:21.989+0000] {dagbag.py:538} INFO - Filling up the DagBag from /home/airflow/.local/lib/python3.8/site-packages/airflow/example_dags/example_trigger_target_dag.py
[2025-07-08T10:50:22.025+0000] {processor.py:840} INFO - DAG(s) 'example_trigger_target_dag' retrieved from /home/airflow/.local/lib/python3.8/site-packages/airflow/example_dags/example_trigger_target_dag.py
[2025-07-08T10:50:22.118+0000] {logging_mixin.py:188} INFO - [2025-07-08T10:50:22.118+0000] {dag.py:3036} INFO - Sync 1 DAGs
[2025-07-08T10:50:22.184+0000] {logging_mixin.py:188} INFO - [2025-07-08T10:50:22.183+0000] {dag.py:3823} INFO - Setting next_dagrun for example_trigger_target_dag to None, run_after=None
[2025-07-08T10:50:22.295+0000] {processor.py:183} INFO - Processing /home/airflow/.local/lib/python3.8/site-packages/airflow/example_dags/example_trigger_target_dag.py took 0.338 seconds
[2025-07-08T10:50:52.993+0000] {processor.py:161} INFO - Started process (PID=13423) to work on /home/airflow/.local/lib/python3.8/site-packages/airflow/example_dags/example_trigger_target_dag.py
[2025-07-08T10:50:52.995+0000] {processor.py:830} INFO - Processing file /home/airflow/.local/lib/python3.8/site-packages/airflow/example_dags/example_trigger_target_dag.py for tasks to queue
[2025-07-08T10:50:52.997+0000] {logging_mixin.py:188} INFO - [2025-07-08T10:50:52.996+0000] {dagbag.py:538} INFO - Filling up the DagBag from /home/airflow/.local/lib/python3.8/site-packages/airflow/example_dags/example_trigger_target_dag.py
[2025-07-08T10:50:53.008+0000] {processor.py:840} INFO - DAG(s) 'example_trigger_target_dag' retrieved from /home/airflow/.local/lib/python3.8/site-packages/airflow/example_dags/example_trigger_target_dag.py
[2025-07-08T10:50:53.048+0000] {logging_mixin.py:188} INFO - [2025-07-08T10:50:53.047+0000] {dag.py:3036} INFO - Sync 1 DAGs
[2025-07-08T10:50:53.071+0000] {logging_mixin.py:188} INFO - [2025-07-08T10:50:53.071+0000] {dag.py:3823} INFO - Setting next_dagrun for example_trigger_target_dag to None, run_after=None
[2025-07-08T10:50:53.110+0000] {processor.py:183} INFO - Processing /home/airflow/.local/lib/python3.8/site-packages/airflow/example_dags/example_trigger_target_dag.py took 0.123 seconds
[2025-07-08T10:51:24.061+0000] {processor.py:161} INFO - Started process (PID=13489) to work on /home/airflow/.local/lib/python3.8/site-packages/airflow/example_dags/example_trigger_target_dag.py
[2025-07-08T10:51:24.063+0000] {processor.py:830} INFO - Processing file /home/airflow/.local/lib/python3.8/site-packages/airflow/example_dags/example_trigger_target_dag.py for tasks to queue
[2025-07-08T10:51:24.073+0000] {logging_mixin.py:188} INFO - [2025-07-08T10:51:24.064+0000] {dagbag.py:538} INFO - Filling up the DagBag from /home/airflow/.local/lib/python3.8/site-packages/airflow/example_dags/example_trigger_target_dag.py
[2025-07-08T10:51:24.089+0000] {processor.py:840} INFO - DAG(s) 'example_trigger_target_dag' retrieved from /home/airflow/.local/lib/python3.8/site-packages/airflow/example_dags/example_trigger_target_dag.py
[2025-07-08T10:51:24.170+0000] {logging_mixin.py:188} INFO - [2025-07-08T10:51:24.170+0000] {dag.py:3036} INFO - Sync 1 DAGs
[2025-07-08T10:51:24.216+0000] {logging_mixin.py:188} INFO - [2025-07-08T10:51:24.215+0000] {dag.py:3823} INFO - Setting next_dagrun for example_trigger_target_dag to None, run_after=None
[2025-07-08T10:51:24.306+0000] {processor.py:183} INFO - Processing /home/airflow/.local/lib/python3.8/site-packages/airflow/example_dags/example_trigger_target_dag.py took 0.263 seconds
[2025-07-08T10:51:55.558+0000] {processor.py:161} INFO - Started process (PID=13550) to work on /home/airflow/.local/lib/python3.8/site-packages/airflow/example_dags/example_trigger_target_dag.py
[2025-07-08T10:51:55.568+0000] {processor.py:830} INFO - Processing file /home/airflow/.local/lib/python3.8/site-packages/airflow/example_dags/example_trigger_target_dag.py for tasks to queue
[2025-07-08T10:51:55.574+0000] {logging_mixin.py:188} INFO - [2025-07-08T10:51:55.572+0000] {dagbag.py:538} INFO - Filling up the DagBag from /home/airflow/.local/lib/python3.8/site-packages/airflow/example_dags/example_trigger_target_dag.py
[2025-07-08T10:51:55.610+0000] {processor.py:840} INFO - DAG(s) 'example_trigger_target_dag' retrieved from /home/airflow/.local/lib/python3.8/site-packages/airflow/example_dags/example_trigger_target_dag.py
[2025-07-08T10:51:55.668+0000] {logging_mixin.py:188} INFO - [2025-07-08T10:51:55.667+0000] {dag.py:3036} INFO - Sync 1 DAGs
[2025-07-08T10:51:55.694+0000] {logging_mixin.py:188} INFO - [2025-07-08T10:51:55.694+0000] {dag.py:3823} INFO - Setting next_dagrun for example_trigger_target_dag to None, run_after=None
[2025-07-08T10:51:55.737+0000] {processor.py:183} INFO - Processing /home/airflow/.local/lib/python3.8/site-packages/airflow/example_dags/example_trigger_target_dag.py took 0.185 seconds
[2025-07-08T10:52:31.672+0000] {processor.py:161} INFO - Started process (PID=13619) to work on /home/airflow/.local/lib/python3.8/site-packages/airflow/example_dags/example_trigger_target_dag.py
[2025-07-08T10:52:31.684+0000] {processor.py:830} INFO - Processing file /home/airflow/.local/lib/python3.8/site-packages/airflow/example_dags/example_trigger_target_dag.py for tasks to queue
[2025-07-08T10:52:31.686+0000] {logging_mixin.py:188} INFO - [2025-07-08T10:52:31.685+0000] {dagbag.py:538} INFO - Filling up the DagBag from /home/airflow/.local/lib/python3.8/site-packages/airflow/example_dags/example_trigger_target_dag.py
[2025-07-08T10:52:31.745+0000] {processor.py:840} INFO - DAG(s) 'example_trigger_target_dag' retrieved from /home/airflow/.local/lib/python3.8/site-packages/airflow/example_dags/example_trigger_target_dag.py
[2025-07-08T10:52:31.897+0000] {logging_mixin.py:188} INFO - [2025-07-08T10:52:31.897+0000] {dag.py:3036} INFO - Sync 1 DAGs
[2025-07-08T10:52:32.024+0000] {logging_mixin.py:188} INFO - [2025-07-08T10:52:32.007+0000] {dag.py:3823} INFO - Setting next_dagrun for example_trigger_target_dag to None, run_after=None
[2025-07-08T10:52:32.158+0000] {processor.py:183} INFO - Processing /home/airflow/.local/lib/python3.8/site-packages/airflow/example_dags/example_trigger_target_dag.py took 0.508 seconds
[2025-07-08T10:53:02.721+0000] {processor.py:161} INFO - Started process (PID=13686) to work on /home/airflow/.local/lib/python3.8/site-packages/airflow/example_dags/example_trigger_target_dag.py
[2025-07-08T10:53:02.722+0000] {processor.py:830} INFO - Processing file /home/airflow/.local/lib/python3.8/site-packages/airflow/example_dags/example_trigger_target_dag.py for tasks to queue
[2025-07-08T10:53:02.743+0000] {logging_mixin.py:188} INFO - [2025-07-08T10:53:02.723+0000] {dagbag.py:538} INFO - Filling up the DagBag from /home/airflow/.local/lib/python3.8/site-packages/airflow/example_dags/example_trigger_target_dag.py
[2025-07-08T10:53:02.779+0000] {processor.py:840} INFO - DAG(s) 'example_trigger_target_dag' retrieved from /home/airflow/.local/lib/python3.8/site-packages/airflow/example_dags/example_trigger_target_dag.py
[2025-07-08T10:53:02.895+0000] {logging_mixin.py:188} INFO - [2025-07-08T10:53:02.894+0000] {dag.py:3036} INFO - Sync 1 DAGs
[2025-07-08T10:53:02.973+0000] {logging_mixin.py:188} INFO - [2025-07-08T10:53:02.973+0000] {dag.py:3823} INFO - Setting next_dagrun for example_trigger_target_dag to None, run_after=None
[2025-07-08T10:53:03.170+0000] {processor.py:183} INFO - Processing /home/airflow/.local/lib/python3.8/site-packages/airflow/example_dags/example_trigger_target_dag.py took 0.445 seconds
[2025-07-08T10:53:35.420+0000] {processor.py:161} INFO - Started process (PID=13746) to work on /home/airflow/.local/lib/python3.8/site-packages/airflow/example_dags/example_trigger_target_dag.py
[2025-07-08T10:53:35.423+0000] {processor.py:830} INFO - Processing file /home/airflow/.local/lib/python3.8/site-packages/airflow/example_dags/example_trigger_target_dag.py for tasks to queue
[2025-07-08T10:53:35.424+0000] {logging_mixin.py:188} INFO - [2025-07-08T10:53:35.423+0000] {dagbag.py:538} INFO - Filling up the DagBag from /home/airflow/.local/lib/python3.8/site-packages/airflow/example_dags/example_trigger_target_dag.py
[2025-07-08T10:53:35.435+0000] {processor.py:840} INFO - DAG(s) 'example_trigger_target_dag' retrieved from /home/airflow/.local/lib/python3.8/site-packages/airflow/example_dags/example_trigger_target_dag.py
[2025-07-08T10:53:35.473+0000] {logging_mixin.py:188} INFO - [2025-07-08T10:53:35.472+0000] {dag.py:3036} INFO - Sync 1 DAGs
[2025-07-08T10:53:35.498+0000] {logging_mixin.py:188} INFO - [2025-07-08T10:53:35.498+0000] {dag.py:3823} INFO - Setting next_dagrun for example_trigger_target_dag to None, run_after=None
[2025-07-08T10:53:35.534+0000] {processor.py:183} INFO - Processing /home/airflow/.local/lib/python3.8/site-packages/airflow/example_dags/example_trigger_target_dag.py took 0.120 seconds
[2025-07-08T10:54:06.577+0000] {processor.py:161} INFO - Started process (PID=13812) to work on /home/airflow/.local/lib/python3.8/site-packages/airflow/example_dags/example_trigger_target_dag.py
[2025-07-08T10:54:06.579+0000] {processor.py:830} INFO - Processing file /home/airflow/.local/lib/python3.8/site-packages/airflow/example_dags/example_trigger_target_dag.py for tasks to queue
[2025-07-08T10:54:06.591+0000] {logging_mixin.py:188} INFO - [2025-07-08T10:54:06.590+0000] {dagbag.py:538} INFO - Filling up the DagBag from /home/airflow/.local/lib/python3.8/site-packages/airflow/example_dags/example_trigger_target_dag.py
[2025-07-08T10:54:06.629+0000] {processor.py:840} INFO - DAG(s) 'example_trigger_target_dag' retrieved from /home/airflow/.local/lib/python3.8/site-packages/airflow/example_dags/example_trigger_target_dag.py
[2025-07-08T10:54:06.789+0000] {logging_mixin.py:188} INFO - [2025-07-08T10:54:06.789+0000] {dag.py:3036} INFO - Sync 1 DAGs
[2025-07-08T10:54:06.863+0000] {logging_mixin.py:188} INFO - [2025-07-08T10:54:06.863+0000] {dag.py:3823} INFO - Setting next_dagrun for example_trigger_target_dag to None, run_after=None
[2025-07-08T10:54:06.934+0000] {processor.py:183} INFO - Processing /home/airflow/.local/lib/python3.8/site-packages/airflow/example_dags/example_trigger_target_dag.py took 0.380 seconds
