[2025-07-08T09:05:50.673+0000] {processor.py:161} INFO - Started process (PID=176) to work on /home/airflow/.local/lib/python3.8/site-packages/airflow/example_dags/example_task_group_decorator.py
[2025-07-08T09:05:50.675+0000] {processor.py:830} INFO - Processing file /home/airflow/.local/lib/python3.8/site-packages/airflow/example_dags/example_task_group_decorator.py for tasks to queue
[2025-07-08T09:05:50.678+0000] {logging_mixin.py:188} INFO - [2025-07-08T09:05:50.677+0000] {dagbag.py:538} INFO - Filling up the DagBag from /home/airflow/.local/lib/python3.8/site-packages/airflow/example_dags/example_task_group_decorator.py
[2025-07-08T09:05:50.729+0000] {processor.py:840} INFO - DAG(s) 'example_task_group_decorator' retrieved from /home/airflow/.local/lib/python3.8/site-packages/airflow/example_dags/example_task_group_decorator.py
[2025-07-08T09:05:51.098+0000] {logging_mixin.py:188} INFO - [2025-07-08T09:05:51.097+0000] {dag.py:3036} INFO - Sync 1 DAGs
[2025-07-08T09:05:51.137+0000] {logging_mixin.py:188} INFO - [2025-07-08T09:05:51.137+0000] {dag.py:3823} INFO - Setting next_dagrun for example_task_group_decorator to 2025-07-07 00:00:00+00:00, run_after=2025-07-08 00:00:00+00:00
[2025-07-08T09:05:51.200+0000] {processor.py:183} INFO - Processing /home/airflow/.local/lib/python3.8/site-packages/airflow/example_dags/example_task_group_decorator.py took 0.533 seconds
[2025-07-08T09:06:21.842+0000] {processor.py:161} INFO - Started process (PID=241) to work on /home/airflow/.local/lib/python3.8/site-packages/airflow/example_dags/example_task_group_decorator.py
[2025-07-08T09:06:21.863+0000] {processor.py:830} INFO - Processing file /home/airflow/.local/lib/python3.8/site-packages/airflow/example_dags/example_task_group_decorator.py for tasks to queue
[2025-07-08T09:06:21.889+0000] {logging_mixin.py:188} INFO - [2025-07-08T09:06:21.879+0000] {dagbag.py:538} INFO - Filling up the DagBag from /home/airflow/.local/lib/python3.8/site-packages/airflow/example_dags/example_task_group_decorator.py
[2025-07-08T09:06:22.060+0000] {processor.py:840} INFO - DAG(s) 'example_task_group_decorator' retrieved from /home/airflow/.local/lib/python3.8/site-packages/airflow/example_dags/example_task_group_decorator.py
[2025-07-08T09:06:22.146+0000] {logging_mixin.py:188} INFO - [2025-07-08T09:06:22.145+0000] {dag.py:3036} INFO - Sync 1 DAGs
[2025-07-08T09:06:22.211+0000] {logging_mixin.py:188} INFO - [2025-07-08T09:06:22.211+0000] {dag.py:3823} INFO - Setting next_dagrun for example_task_group_decorator to 2025-07-07 00:00:00+00:00, run_after=2025-07-08 00:00:00+00:00
[2025-07-08T09:06:22.266+0000] {processor.py:183} INFO - Processing /home/airflow/.local/lib/python3.8/site-packages/airflow/example_dags/example_task_group_decorator.py took 0.431 seconds
[2025-07-08T09:06:52.583+0000] {processor.py:161} INFO - Started process (PID=303) to work on /home/airflow/.local/lib/python3.8/site-packages/airflow/example_dags/example_task_group_decorator.py
[2025-07-08T09:06:52.584+0000] {processor.py:830} INFO - Processing file /home/airflow/.local/lib/python3.8/site-packages/airflow/example_dags/example_task_group_decorator.py for tasks to queue
[2025-07-08T09:06:52.587+0000] {logging_mixin.py:188} INFO - [2025-07-08T09:06:52.587+0000] {dagbag.py:538} INFO - Filling up the DagBag from /home/airflow/.local/lib/python3.8/site-packages/airflow/example_dags/example_task_group_decorator.py
[2025-07-08T09:06:52.675+0000] {processor.py:840} INFO - DAG(s) 'example_task_group_decorator' retrieved from /home/airflow/.local/lib/python3.8/site-packages/airflow/example_dags/example_task_group_decorator.py
[2025-07-08T09:06:52.751+0000] {logging_mixin.py:188} INFO - [2025-07-08T09:06:52.750+0000] {dag.py:3036} INFO - Sync 1 DAGs
[2025-07-08T09:06:52.802+0000] {logging_mixin.py:188} INFO - [2025-07-08T09:06:52.802+0000] {dag.py:3823} INFO - Setting next_dagrun for example_task_group_decorator to 2025-07-07 00:00:00+00:00, run_after=2025-07-08 00:00:00+00:00
[2025-07-08T09:06:52.882+0000] {processor.py:183} INFO - Processing /home/airflow/.local/lib/python3.8/site-packages/airflow/example_dags/example_task_group_decorator.py took 0.318 seconds
[2025-07-08T09:07:22.988+0000] {processor.py:161} INFO - Started process (PID=359) to work on /home/airflow/.local/lib/python3.8/site-packages/airflow/example_dags/example_task_group_decorator.py
[2025-07-08T09:07:22.990+0000] {processor.py:830} INFO - Processing file /home/airflow/.local/lib/python3.8/site-packages/airflow/example_dags/example_task_group_decorator.py for tasks to queue
[2025-07-08T09:07:22.995+0000] {logging_mixin.py:188} INFO - [2025-07-08T09:07:22.994+0000] {dagbag.py:538} INFO - Filling up the DagBag from /home/airflow/.local/lib/python3.8/site-packages/airflow/example_dags/example_task_group_decorator.py
[2025-07-08T09:07:23.037+0000] {processor.py:840} INFO - DAG(s) 'example_task_group_decorator' retrieved from /home/airflow/.local/lib/python3.8/site-packages/airflow/example_dags/example_task_group_decorator.py
[2025-07-08T09:07:23.085+0000] {logging_mixin.py:188} INFO - [2025-07-08T09:07:23.085+0000] {dag.py:3036} INFO - Sync 1 DAGs
[2025-07-08T09:07:23.128+0000] {logging_mixin.py:188} INFO - [2025-07-08T09:07:23.128+0000] {dag.py:3823} INFO - Setting next_dagrun for example_task_group_decorator to 2025-07-07 00:00:00+00:00, run_after=2025-07-08 00:00:00+00:00
[2025-07-08T09:07:23.182+0000] {processor.py:183} INFO - Processing /home/airflow/.local/lib/python3.8/site-packages/airflow/example_dags/example_task_group_decorator.py took 0.208 seconds
[2025-07-08T09:07:53.367+0000] {processor.py:161} INFO - Started process (PID=425) to work on /home/airflow/.local/lib/python3.8/site-packages/airflow/example_dags/example_task_group_decorator.py
[2025-07-08T09:07:53.369+0000] {processor.py:830} INFO - Processing file /home/airflow/.local/lib/python3.8/site-packages/airflow/example_dags/example_task_group_decorator.py for tasks to queue
[2025-07-08T09:07:53.372+0000] {logging_mixin.py:188} INFO - [2025-07-08T09:07:53.371+0000] {dagbag.py:538} INFO - Filling up the DagBag from /home/airflow/.local/lib/python3.8/site-packages/airflow/example_dags/example_task_group_decorator.py
[2025-07-08T09:07:53.404+0000] {processor.py:840} INFO - DAG(s) 'example_task_group_decorator' retrieved from /home/airflow/.local/lib/python3.8/site-packages/airflow/example_dags/example_task_group_decorator.py
[2025-07-08T09:07:53.455+0000] {logging_mixin.py:188} INFO - [2025-07-08T09:07:53.455+0000] {dag.py:3036} INFO - Sync 1 DAGs
[2025-07-08T09:07:53.526+0000] {logging_mixin.py:188} INFO - [2025-07-08T09:07:53.526+0000] {dag.py:3823} INFO - Setting next_dagrun for example_task_group_decorator to 2025-07-07 00:00:00+00:00, run_after=2025-07-08 00:00:00+00:00
[2025-07-08T09:07:53.594+0000] {processor.py:183} INFO - Processing /home/airflow/.local/lib/python3.8/site-packages/airflow/example_dags/example_task_group_decorator.py took 0.233 seconds
[2025-07-08T09:08:24.713+0000] {processor.py:161} INFO - Started process (PID=491) to work on /home/airflow/.local/lib/python3.8/site-packages/airflow/example_dags/example_task_group_decorator.py
[2025-07-08T09:08:24.715+0000] {processor.py:830} INFO - Processing file /home/airflow/.local/lib/python3.8/site-packages/airflow/example_dags/example_task_group_decorator.py for tasks to queue
[2025-07-08T09:08:24.718+0000] {logging_mixin.py:188} INFO - [2025-07-08T09:08:24.718+0000] {dagbag.py:538} INFO - Filling up the DagBag from /home/airflow/.local/lib/python3.8/site-packages/airflow/example_dags/example_task_group_decorator.py
[2025-07-08T09:08:24.749+0000] {processor.py:840} INFO - DAG(s) 'example_task_group_decorator' retrieved from /home/airflow/.local/lib/python3.8/site-packages/airflow/example_dags/example_task_group_decorator.py
[2025-07-08T09:08:24.796+0000] {logging_mixin.py:188} INFO - [2025-07-08T09:08:24.796+0000] {dag.py:3036} INFO - Sync 1 DAGs
[2025-07-08T09:08:24.838+0000] {logging_mixin.py:188} INFO - [2025-07-08T09:08:24.838+0000] {dag.py:3823} INFO - Setting next_dagrun for example_task_group_decorator to 2025-07-07 00:00:00+00:00, run_after=2025-07-08 00:00:00+00:00
[2025-07-08T09:08:24.874+0000] {processor.py:183} INFO - Processing /home/airflow/.local/lib/python3.8/site-packages/airflow/example_dags/example_task_group_decorator.py took 0.167 seconds
[2025-07-08T09:08:56.224+0000] {processor.py:161} INFO - Started process (PID=556) to work on /home/airflow/.local/lib/python3.8/site-packages/airflow/example_dags/example_task_group_decorator.py
[2025-07-08T09:08:56.227+0000] {processor.py:830} INFO - Processing file /home/airflow/.local/lib/python3.8/site-packages/airflow/example_dags/example_task_group_decorator.py for tasks to queue
[2025-07-08T09:08:56.230+0000] {logging_mixin.py:188} INFO - [2025-07-08T09:08:56.229+0000] {dagbag.py:538} INFO - Filling up the DagBag from /home/airflow/.local/lib/python3.8/site-packages/airflow/example_dags/example_task_group_decorator.py
[2025-07-08T09:08:56.260+0000] {processor.py:840} INFO - DAG(s) 'example_task_group_decorator' retrieved from /home/airflow/.local/lib/python3.8/site-packages/airflow/example_dags/example_task_group_decorator.py
[2025-07-08T09:08:56.311+0000] {logging_mixin.py:188} INFO - [2025-07-08T09:08:56.310+0000] {dag.py:3036} INFO - Sync 1 DAGs
[2025-07-08T09:08:56.369+0000] {logging_mixin.py:188} INFO - [2025-07-08T09:08:56.368+0000] {dag.py:3823} INFO - Setting next_dagrun for example_task_group_decorator to 2025-07-07 00:00:00+00:00, run_after=2025-07-08 00:00:00+00:00
[2025-07-08T09:08:56.406+0000] {processor.py:183} INFO - Processing /home/airflow/.local/lib/python3.8/site-packages/airflow/example_dags/example_task_group_decorator.py took 0.192 seconds
[2025-07-08T09:09:28.075+0000] {processor.py:161} INFO - Started process (PID=620) to work on /home/airflow/.local/lib/python3.8/site-packages/airflow/example_dags/example_task_group_decorator.py
[2025-07-08T09:09:28.083+0000] {processor.py:830} INFO - Processing file /home/airflow/.local/lib/python3.8/site-packages/airflow/example_dags/example_task_group_decorator.py for tasks to queue
[2025-07-08T09:09:28.086+0000] {logging_mixin.py:188} INFO - [2025-07-08T09:09:28.085+0000] {dagbag.py:538} INFO - Filling up the DagBag from /home/airflow/.local/lib/python3.8/site-packages/airflow/example_dags/example_task_group_decorator.py
[2025-07-08T09:09:28.193+0000] {processor.py:840} INFO - DAG(s) 'example_task_group_decorator' retrieved from /home/airflow/.local/lib/python3.8/site-packages/airflow/example_dags/example_task_group_decorator.py
[2025-07-08T09:09:28.365+0000] {logging_mixin.py:188} INFO - [2025-07-08T09:09:28.365+0000] {dag.py:3036} INFO - Sync 1 DAGs
[2025-07-08T09:09:28.530+0000] {logging_mixin.py:188} INFO - [2025-07-08T09:09:28.529+0000] {dag.py:3823} INFO - Setting next_dagrun for example_task_group_decorator to 2025-07-07 00:00:00+00:00, run_after=2025-07-08 00:00:00+00:00
[2025-07-08T09:09:28.653+0000] {processor.py:183} INFO - Processing /home/airflow/.local/lib/python3.8/site-packages/airflow/example_dags/example_task_group_decorator.py took 0.592 seconds
[2025-07-08T09:09:59.367+0000] {processor.py:161} INFO - Started process (PID=683) to work on /home/airflow/.local/lib/python3.8/site-packages/airflow/example_dags/example_task_group_decorator.py
[2025-07-08T09:09:59.375+0000] {processor.py:830} INFO - Processing file /home/airflow/.local/lib/python3.8/site-packages/airflow/example_dags/example_task_group_decorator.py for tasks to queue
[2025-07-08T09:09:59.379+0000] {logging_mixin.py:188} INFO - [2025-07-08T09:09:59.378+0000] {dagbag.py:538} INFO - Filling up the DagBag from /home/airflow/.local/lib/python3.8/site-packages/airflow/example_dags/example_task_group_decorator.py
[2025-07-08T09:09:59.428+0000] {processor.py:840} INFO - DAG(s) 'example_task_group_decorator' retrieved from /home/airflow/.local/lib/python3.8/site-packages/airflow/example_dags/example_task_group_decorator.py
[2025-07-08T09:09:59.529+0000] {logging_mixin.py:188} INFO - [2025-07-08T09:09:59.529+0000] {dag.py:3036} INFO - Sync 1 DAGs
[2025-07-08T09:09:59.614+0000] {logging_mixin.py:188} INFO - [2025-07-08T09:09:59.614+0000] {dag.py:3823} INFO - Setting next_dagrun for example_task_group_decorator to 2025-07-07 00:00:00+00:00, run_after=2025-07-08 00:00:00+00:00
[2025-07-08T09:09:59.664+0000] {processor.py:183} INFO - Processing /home/airflow/.local/lib/python3.8/site-packages/airflow/example_dags/example_task_group_decorator.py took 0.326 seconds
[2025-07-08T09:10:30.561+0000] {processor.py:161} INFO - Started process (PID=741) to work on /home/airflow/.local/lib/python3.8/site-packages/airflow/example_dags/example_task_group_decorator.py
[2025-07-08T09:10:30.563+0000] {processor.py:830} INFO - Processing file /home/airflow/.local/lib/python3.8/site-packages/airflow/example_dags/example_task_group_decorator.py for tasks to queue
[2025-07-08T09:10:30.566+0000] {logging_mixin.py:188} INFO - [2025-07-08T09:10:30.566+0000] {dagbag.py:538} INFO - Filling up the DagBag from /home/airflow/.local/lib/python3.8/site-packages/airflow/example_dags/example_task_group_decorator.py
[2025-07-08T09:10:30.596+0000] {processor.py:840} INFO - DAG(s) 'example_task_group_decorator' retrieved from /home/airflow/.local/lib/python3.8/site-packages/airflow/example_dags/example_task_group_decorator.py
[2025-07-08T09:10:30.645+0000] {logging_mixin.py:188} INFO - [2025-07-08T09:10:30.644+0000] {dag.py:3036} INFO - Sync 1 DAGs
[2025-07-08T09:10:30.693+0000] {logging_mixin.py:188} INFO - [2025-07-08T09:10:30.692+0000] {dag.py:3823} INFO - Setting next_dagrun for example_task_group_decorator to 2025-07-07 00:00:00+00:00, run_after=2025-07-08 00:00:00+00:00
[2025-07-08T09:10:30.729+0000] {processor.py:183} INFO - Processing /home/airflow/.local/lib/python3.8/site-packages/airflow/example_dags/example_task_group_decorator.py took 0.173 seconds
[2025-07-08T09:11:01.396+0000] {processor.py:161} INFO - Started process (PID=806) to work on /home/airflow/.local/lib/python3.8/site-packages/airflow/example_dags/example_task_group_decorator.py
[2025-07-08T09:11:01.397+0000] {processor.py:830} INFO - Processing file /home/airflow/.local/lib/python3.8/site-packages/airflow/example_dags/example_task_group_decorator.py for tasks to queue
[2025-07-08T09:11:01.402+0000] {logging_mixin.py:188} INFO - [2025-07-08T09:11:01.402+0000] {dagbag.py:538} INFO - Filling up the DagBag from /home/airflow/.local/lib/python3.8/site-packages/airflow/example_dags/example_task_group_decorator.py
[2025-07-08T09:11:01.469+0000] {processor.py:840} INFO - DAG(s) 'example_task_group_decorator' retrieved from /home/airflow/.local/lib/python3.8/site-packages/airflow/example_dags/example_task_group_decorator.py
[2025-07-08T09:11:01.552+0000] {logging_mixin.py:188} INFO - [2025-07-08T09:11:01.551+0000] {dag.py:3036} INFO - Sync 1 DAGs
[2025-07-08T09:11:01.596+0000] {logging_mixin.py:188} INFO - [2025-07-08T09:11:01.596+0000] {dag.py:3823} INFO - Setting next_dagrun for example_task_group_decorator to 2025-07-07 00:00:00+00:00, run_after=2025-07-08 00:00:00+00:00
[2025-07-08T09:11:01.637+0000] {processor.py:183} INFO - Processing /home/airflow/.local/lib/python3.8/site-packages/airflow/example_dags/example_task_group_decorator.py took 0.258 seconds
[2025-07-08T09:11:32.305+0000] {processor.py:161} INFO - Started process (PID=875) to work on /home/airflow/.local/lib/python3.8/site-packages/airflow/example_dags/example_task_group_decorator.py
[2025-07-08T09:11:32.310+0000] {processor.py:830} INFO - Processing file /home/airflow/.local/lib/python3.8/site-packages/airflow/example_dags/example_task_group_decorator.py for tasks to queue
[2025-07-08T09:11:32.313+0000] {logging_mixin.py:188} INFO - [2025-07-08T09:11:32.313+0000] {dagbag.py:538} INFO - Filling up the DagBag from /home/airflow/.local/lib/python3.8/site-packages/airflow/example_dags/example_task_group_decorator.py
[2025-07-08T09:11:32.342+0000] {processor.py:840} INFO - DAG(s) 'example_task_group_decorator' retrieved from /home/airflow/.local/lib/python3.8/site-packages/airflow/example_dags/example_task_group_decorator.py
[2025-07-08T09:11:32.390+0000] {logging_mixin.py:188} INFO - [2025-07-08T09:11:32.390+0000] {dag.py:3036} INFO - Sync 1 DAGs
[2025-07-08T09:11:32.435+0000] {logging_mixin.py:188} INFO - [2025-07-08T09:11:32.434+0000] {dag.py:3823} INFO - Setting next_dagrun for example_task_group_decorator to 2025-07-07 00:00:00+00:00, run_after=2025-07-08 00:00:00+00:00
[2025-07-08T09:11:32.477+0000] {processor.py:183} INFO - Processing /home/airflow/.local/lib/python3.8/site-packages/airflow/example_dags/example_task_group_decorator.py took 0.178 seconds
[2025-07-08T09:12:03.227+0000] {processor.py:161} INFO - Started process (PID=939) to work on /home/airflow/.local/lib/python3.8/site-packages/airflow/example_dags/example_task_group_decorator.py
[2025-07-08T09:12:03.228+0000] {processor.py:830} INFO - Processing file /home/airflow/.local/lib/python3.8/site-packages/airflow/example_dags/example_task_group_decorator.py for tasks to queue
[2025-07-08T09:12:03.231+0000] {logging_mixin.py:188} INFO - [2025-07-08T09:12:03.231+0000] {dagbag.py:538} INFO - Filling up the DagBag from /home/airflow/.local/lib/python3.8/site-packages/airflow/example_dags/example_task_group_decorator.py
[2025-07-08T09:12:03.263+0000] {processor.py:840} INFO - DAG(s) 'example_task_group_decorator' retrieved from /home/airflow/.local/lib/python3.8/site-packages/airflow/example_dags/example_task_group_decorator.py
[2025-07-08T09:12:03.313+0000] {logging_mixin.py:188} INFO - [2025-07-08T09:12:03.313+0000] {dag.py:3036} INFO - Sync 1 DAGs
[2025-07-08T09:12:03.361+0000] {logging_mixin.py:188} INFO - [2025-07-08T09:12:03.360+0000] {dag.py:3823} INFO - Setting next_dagrun for example_task_group_decorator to 2025-07-07 00:00:00+00:00, run_after=2025-07-08 00:00:00+00:00
[2025-07-08T09:12:03.413+0000] {processor.py:183} INFO - Processing /home/airflow/.local/lib/python3.8/site-packages/airflow/example_dags/example_task_group_decorator.py took 0.192 seconds
[2025-07-08T09:12:33.906+0000] {processor.py:161} INFO - Started process (PID=1006) to work on /home/airflow/.local/lib/python3.8/site-packages/airflow/example_dags/example_task_group_decorator.py
[2025-07-08T09:12:33.908+0000] {processor.py:830} INFO - Processing file /home/airflow/.local/lib/python3.8/site-packages/airflow/example_dags/example_task_group_decorator.py for tasks to queue
[2025-07-08T09:12:33.911+0000] {logging_mixin.py:188} INFO - [2025-07-08T09:12:33.910+0000] {dagbag.py:538} INFO - Filling up the DagBag from /home/airflow/.local/lib/python3.8/site-packages/airflow/example_dags/example_task_group_decorator.py
[2025-07-08T09:12:33.941+0000] {processor.py:840} INFO - DAG(s) 'example_task_group_decorator' retrieved from /home/airflow/.local/lib/python3.8/site-packages/airflow/example_dags/example_task_group_decorator.py
[2025-07-08T09:12:33.990+0000] {logging_mixin.py:188} INFO - [2025-07-08T09:12:33.989+0000] {dag.py:3036} INFO - Sync 1 DAGs
[2025-07-08T09:12:34.076+0000] {logging_mixin.py:188} INFO - [2025-07-08T09:12:34.076+0000] {dag.py:3823} INFO - Setting next_dagrun for example_task_group_decorator to 2025-07-07 00:00:00+00:00, run_after=2025-07-08 00:00:00+00:00
[2025-07-08T09:12:34.111+0000] {processor.py:183} INFO - Processing /home/airflow/.local/lib/python3.8/site-packages/airflow/example_dags/example_task_group_decorator.py took 0.212 seconds
[2025-07-08T09:13:04.986+0000] {processor.py:161} INFO - Started process (PID=1074) to work on /home/airflow/.local/lib/python3.8/site-packages/airflow/example_dags/example_task_group_decorator.py
[2025-07-08T09:13:04.988+0000] {processor.py:830} INFO - Processing file /home/airflow/.local/lib/python3.8/site-packages/airflow/example_dags/example_task_group_decorator.py for tasks to queue
[2025-07-08T09:13:04.992+0000] {logging_mixin.py:188} INFO - [2025-07-08T09:13:04.991+0000] {dagbag.py:538} INFO - Filling up the DagBag from /home/airflow/.local/lib/python3.8/site-packages/airflow/example_dags/example_task_group_decorator.py
[2025-07-08T09:13:05.074+0000] {processor.py:840} INFO - DAG(s) 'example_task_group_decorator' retrieved from /home/airflow/.local/lib/python3.8/site-packages/airflow/example_dags/example_task_group_decorator.py
[2025-07-08T09:13:05.189+0000] {logging_mixin.py:188} INFO - [2025-07-08T09:13:05.188+0000] {dag.py:3036} INFO - Sync 1 DAGs
[2025-07-08T09:13:05.248+0000] {logging_mixin.py:188} INFO - [2025-07-08T09:13:05.247+0000] {dag.py:3823} INFO - Setting next_dagrun for example_task_group_decorator to 2025-07-07 00:00:00+00:00, run_after=2025-07-08 00:00:00+00:00
[2025-07-08T09:13:05.296+0000] {processor.py:183} INFO - Processing /home/airflow/.local/lib/python3.8/site-packages/airflow/example_dags/example_task_group_decorator.py took 0.333 seconds
[2025-07-08T09:13:36.356+0000] {processor.py:161} INFO - Started process (PID=1141) to work on /home/airflow/.local/lib/python3.8/site-packages/airflow/example_dags/example_task_group_decorator.py
[2025-07-08T09:13:36.364+0000] {processor.py:830} INFO - Processing file /home/airflow/.local/lib/python3.8/site-packages/airflow/example_dags/example_task_group_decorator.py for tasks to queue
[2025-07-08T09:13:36.376+0000] {logging_mixin.py:188} INFO - [2025-07-08T09:13:36.367+0000] {dagbag.py:538} INFO - Filling up the DagBag from /home/airflow/.local/lib/python3.8/site-packages/airflow/example_dags/example_task_group_decorator.py
[2025-07-08T09:13:36.471+0000] {processor.py:840} INFO - DAG(s) 'example_task_group_decorator' retrieved from /home/airflow/.local/lib/python3.8/site-packages/airflow/example_dags/example_task_group_decorator.py
[2025-07-08T09:13:36.677+0000] {logging_mixin.py:188} INFO - [2025-07-08T09:13:36.677+0000] {dag.py:3036} INFO - Sync 1 DAGs
[2025-07-08T09:13:36.790+0000] {logging_mixin.py:188} INFO - [2025-07-08T09:13:36.790+0000] {dag.py:3823} INFO - Setting next_dagrun for example_task_group_decorator to 2025-07-07 00:00:00+00:00, run_after=2025-07-08 00:00:00+00:00
[2025-07-08T09:13:36.944+0000] {processor.py:183} INFO - Processing /home/airflow/.local/lib/python3.8/site-packages/airflow/example_dags/example_task_group_decorator.py took 0.605 seconds
[2025-07-08T09:14:07.100+0000] {processor.py:161} INFO - Started process (PID=1199) to work on /home/airflow/.local/lib/python3.8/site-packages/airflow/example_dags/example_task_group_decorator.py
[2025-07-08T09:14:07.105+0000] {processor.py:830} INFO - Processing file /home/airflow/.local/lib/python3.8/site-packages/airflow/example_dags/example_task_group_decorator.py for tasks to queue
[2025-07-08T09:14:07.109+0000] {logging_mixin.py:188} INFO - [2025-07-08T09:14:07.108+0000] {dagbag.py:538} INFO - Filling up the DagBag from /home/airflow/.local/lib/python3.8/site-packages/airflow/example_dags/example_task_group_decorator.py
[2025-07-08T09:14:07.143+0000] {processor.py:840} INFO - DAG(s) 'example_task_group_decorator' retrieved from /home/airflow/.local/lib/python3.8/site-packages/airflow/example_dags/example_task_group_decorator.py
[2025-07-08T09:14:07.191+0000] {logging_mixin.py:188} INFO - [2025-07-08T09:14:07.190+0000] {dag.py:3036} INFO - Sync 1 DAGs
[2025-07-08T09:14:07.233+0000] {logging_mixin.py:188} INFO - [2025-07-08T09:14:07.233+0000] {dag.py:3823} INFO - Setting next_dagrun for example_task_group_decorator to 2025-07-07 00:00:00+00:00, run_after=2025-07-08 00:00:00+00:00
[2025-07-08T09:14:07.265+0000] {processor.py:183} INFO - Processing /home/airflow/.local/lib/python3.8/site-packages/airflow/example_dags/example_task_group_decorator.py took 0.171 seconds
[2025-07-08T09:14:37.475+0000] {processor.py:161} INFO - Started process (PID=1265) to work on /home/airflow/.local/lib/python3.8/site-packages/airflow/example_dags/example_task_group_decorator.py
[2025-07-08T09:14:37.477+0000] {processor.py:830} INFO - Processing file /home/airflow/.local/lib/python3.8/site-packages/airflow/example_dags/example_task_group_decorator.py for tasks to queue
[2025-07-08T09:14:37.480+0000] {logging_mixin.py:188} INFO - [2025-07-08T09:14:37.480+0000] {dagbag.py:538} INFO - Filling up the DagBag from /home/airflow/.local/lib/python3.8/site-packages/airflow/example_dags/example_task_group_decorator.py
[2025-07-08T09:14:37.515+0000] {processor.py:840} INFO - DAG(s) 'example_task_group_decorator' retrieved from /home/airflow/.local/lib/python3.8/site-packages/airflow/example_dags/example_task_group_decorator.py
[2025-07-08T09:14:37.572+0000] {logging_mixin.py:188} INFO - [2025-07-08T09:14:37.572+0000] {dag.py:3036} INFO - Sync 1 DAGs
[2025-07-08T09:14:37.621+0000] {logging_mixin.py:188} INFO - [2025-07-08T09:14:37.620+0000] {dag.py:3823} INFO - Setting next_dagrun for example_task_group_decorator to 2025-07-07 00:00:00+00:00, run_after=2025-07-08 00:00:00+00:00
[2025-07-08T09:14:37.659+0000] {processor.py:183} INFO - Processing /home/airflow/.local/lib/python3.8/site-packages/airflow/example_dags/example_task_group_decorator.py took 0.192 seconds
[2025-07-08T09:15:08.007+0000] {processor.py:161} INFO - Started process (PID=1330) to work on /home/airflow/.local/lib/python3.8/site-packages/airflow/example_dags/example_task_group_decorator.py
[2025-07-08T09:15:08.011+0000] {processor.py:830} INFO - Processing file /home/airflow/.local/lib/python3.8/site-packages/airflow/example_dags/example_task_group_decorator.py for tasks to queue
[2025-07-08T09:15:08.015+0000] {logging_mixin.py:188} INFO - [2025-07-08T09:15:08.015+0000] {dagbag.py:538} INFO - Filling up the DagBag from /home/airflow/.local/lib/python3.8/site-packages/airflow/example_dags/example_task_group_decorator.py
[2025-07-08T09:15:08.047+0000] {processor.py:840} INFO - DAG(s) 'example_task_group_decorator' retrieved from /home/airflow/.local/lib/python3.8/site-packages/airflow/example_dags/example_task_group_decorator.py
[2025-07-08T09:15:08.099+0000] {logging_mixin.py:188} INFO - [2025-07-08T09:15:08.099+0000] {dag.py:3036} INFO - Sync 1 DAGs
[2025-07-08T09:15:08.142+0000] {logging_mixin.py:188} INFO - [2025-07-08T09:15:08.142+0000] {dag.py:3823} INFO - Setting next_dagrun for example_task_group_decorator to 2025-07-07 00:00:00+00:00, run_after=2025-07-08 00:00:00+00:00
[2025-07-08T09:15:08.225+0000] {processor.py:183} INFO - Processing /home/airflow/.local/lib/python3.8/site-packages/airflow/example_dags/example_task_group_decorator.py took 0.242 seconds
[2025-07-08T09:15:38.517+0000] {processor.py:161} INFO - Started process (PID=1398) to work on /home/airflow/.local/lib/python3.8/site-packages/airflow/example_dags/example_task_group_decorator.py
[2025-07-08T09:15:38.519+0000] {processor.py:830} INFO - Processing file /home/airflow/.local/lib/python3.8/site-packages/airflow/example_dags/example_task_group_decorator.py for tasks to queue
[2025-07-08T09:15:38.522+0000] {logging_mixin.py:188} INFO - [2025-07-08T09:15:38.522+0000] {dagbag.py:538} INFO - Filling up the DagBag from /home/airflow/.local/lib/python3.8/site-packages/airflow/example_dags/example_task_group_decorator.py
[2025-07-08T09:15:38.611+0000] {processor.py:840} INFO - DAG(s) 'example_task_group_decorator' retrieved from /home/airflow/.local/lib/python3.8/site-packages/airflow/example_dags/example_task_group_decorator.py
[2025-07-08T09:15:38.782+0000] {logging_mixin.py:188} INFO - [2025-07-08T09:15:38.781+0000] {dag.py:3036} INFO - Sync 1 DAGs
[2025-07-08T09:15:38.938+0000] {logging_mixin.py:188} INFO - [2025-07-08T09:15:38.937+0000] {dag.py:3823} INFO - Setting next_dagrun for example_task_group_decorator to 2025-07-07 00:00:00+00:00, run_after=2025-07-08 00:00:00+00:00
[2025-07-08T09:15:39.026+0000] {processor.py:183} INFO - Processing /home/airflow/.local/lib/python3.8/site-packages/airflow/example_dags/example_task_group_decorator.py took 0.524 seconds
[2025-07-08T09:16:10.002+0000] {processor.py:161} INFO - Started process (PID=1464) to work on /home/airflow/.local/lib/python3.8/site-packages/airflow/example_dags/example_task_group_decorator.py
[2025-07-08T09:16:10.004+0000] {processor.py:830} INFO - Processing file /home/airflow/.local/lib/python3.8/site-packages/airflow/example_dags/example_task_group_decorator.py for tasks to queue
[2025-07-08T09:16:10.007+0000] {logging_mixin.py:188} INFO - [2025-07-08T09:16:10.007+0000] {dagbag.py:538} INFO - Filling up the DagBag from /home/airflow/.local/lib/python3.8/site-packages/airflow/example_dags/example_task_group_decorator.py
[2025-07-08T09:16:10.125+0000] {processor.py:840} INFO - DAG(s) 'example_task_group_decorator' retrieved from /home/airflow/.local/lib/python3.8/site-packages/airflow/example_dags/example_task_group_decorator.py
[2025-07-08T09:16:10.231+0000] {logging_mixin.py:188} INFO - [2025-07-08T09:16:10.231+0000] {dag.py:3036} INFO - Sync 1 DAGs
[2025-07-08T09:16:10.318+0000] {logging_mixin.py:188} INFO - [2025-07-08T09:16:10.318+0000] {dag.py:3823} INFO - Setting next_dagrun for example_task_group_decorator to 2025-07-07 00:00:00+00:00, run_after=2025-07-08 00:00:00+00:00
[2025-07-08T09:16:10.357+0000] {processor.py:183} INFO - Processing /home/airflow/.local/lib/python3.8/site-packages/airflow/example_dags/example_task_group_decorator.py took 0.371 seconds
[2025-07-08T09:16:41.076+0000] {processor.py:161} INFO - Started process (PID=1529) to work on /home/airflow/.local/lib/python3.8/site-packages/airflow/example_dags/example_task_group_decorator.py
[2025-07-08T09:16:41.084+0000] {processor.py:830} INFO - Processing file /home/airflow/.local/lib/python3.8/site-packages/airflow/example_dags/example_task_group_decorator.py for tasks to queue
[2025-07-08T09:16:41.087+0000] {logging_mixin.py:188} INFO - [2025-07-08T09:16:41.087+0000] {dagbag.py:538} INFO - Filling up the DagBag from /home/airflow/.local/lib/python3.8/site-packages/airflow/example_dags/example_task_group_decorator.py
[2025-07-08T09:16:41.172+0000] {processor.py:840} INFO - DAG(s) 'example_task_group_decorator' retrieved from /home/airflow/.local/lib/python3.8/site-packages/airflow/example_dags/example_task_group_decorator.py
[2025-07-08T09:16:41.301+0000] {logging_mixin.py:188} INFO - [2025-07-08T09:16:41.301+0000] {dag.py:3036} INFO - Sync 1 DAGs
[2025-07-08T09:16:41.374+0000] {logging_mixin.py:188} INFO - [2025-07-08T09:16:41.374+0000] {dag.py:3823} INFO - Setting next_dagrun for example_task_group_decorator to 2025-07-07 00:00:00+00:00, run_after=2025-07-08 00:00:00+00:00
[2025-07-08T09:16:41.436+0000] {processor.py:183} INFO - Processing /home/airflow/.local/lib/python3.8/site-packages/airflow/example_dags/example_task_group_decorator.py took 0.371 seconds
[2025-07-08T09:17:11.583+0000] {processor.py:161} INFO - Started process (PID=1597) to work on /home/airflow/.local/lib/python3.8/site-packages/airflow/example_dags/example_task_group_decorator.py
[2025-07-08T09:17:11.588+0000] {processor.py:830} INFO - Processing file /home/airflow/.local/lib/python3.8/site-packages/airflow/example_dags/example_task_group_decorator.py for tasks to queue
[2025-07-08T09:17:11.591+0000] {logging_mixin.py:188} INFO - [2025-07-08T09:17:11.591+0000] {dagbag.py:538} INFO - Filling up the DagBag from /home/airflow/.local/lib/python3.8/site-packages/airflow/example_dags/example_task_group_decorator.py
[2025-07-08T09:17:11.723+0000] {processor.py:840} INFO - DAG(s) 'example_task_group_decorator' retrieved from /home/airflow/.local/lib/python3.8/site-packages/airflow/example_dags/example_task_group_decorator.py
[2025-07-08T09:17:11.877+0000] {logging_mixin.py:188} INFO - [2025-07-08T09:17:11.877+0000] {dag.py:3036} INFO - Sync 1 DAGs
[2025-07-08T09:17:12.131+0000] {logging_mixin.py:188} INFO - [2025-07-08T09:17:12.100+0000] {dag.py:3823} INFO - Setting next_dagrun for example_task_group_decorator to 2025-07-07 00:00:00+00:00, run_after=2025-07-08 00:00:00+00:00
[2025-07-08T09:17:12.209+0000] {processor.py:183} INFO - Processing /home/airflow/.local/lib/python3.8/site-packages/airflow/example_dags/example_task_group_decorator.py took 0.640 seconds
[2025-07-08T09:17:42.560+0000] {processor.py:161} INFO - Started process (PID=1662) to work on /home/airflow/.local/lib/python3.8/site-packages/airflow/example_dags/example_task_group_decorator.py
[2025-07-08T09:17:42.578+0000] {processor.py:830} INFO - Processing file /home/airflow/.local/lib/python3.8/site-packages/airflow/example_dags/example_task_group_decorator.py for tasks to queue
[2025-07-08T09:17:42.583+0000] {logging_mixin.py:188} INFO - [2025-07-08T09:17:42.583+0000] {dagbag.py:538} INFO - Filling up the DagBag from /home/airflow/.local/lib/python3.8/site-packages/airflow/example_dags/example_task_group_decorator.py
[2025-07-08T09:17:42.712+0000] {processor.py:840} INFO - DAG(s) 'example_task_group_decorator' retrieved from /home/airflow/.local/lib/python3.8/site-packages/airflow/example_dags/example_task_group_decorator.py
[2025-07-08T09:17:42.897+0000] {logging_mixin.py:188} INFO - [2025-07-08T09:17:42.897+0000] {dag.py:3036} INFO - Sync 1 DAGs
[2025-07-08T09:17:43.012+0000] {logging_mixin.py:188} INFO - [2025-07-08T09:17:43.012+0000] {dag.py:3823} INFO - Setting next_dagrun for example_task_group_decorator to 2025-07-07 00:00:00+00:00, run_after=2025-07-08 00:00:00+00:00
[2025-07-08T09:17:43.124+0000] {processor.py:183} INFO - Processing /home/airflow/.local/lib/python3.8/site-packages/airflow/example_dags/example_task_group_decorator.py took 0.573 seconds
[2025-07-08T09:18:13.792+0000] {processor.py:161} INFO - Started process (PID=1720) to work on /home/airflow/.local/lib/python3.8/site-packages/airflow/example_dags/example_task_group_decorator.py
[2025-07-08T09:18:13.794+0000] {processor.py:830} INFO - Processing file /home/airflow/.local/lib/python3.8/site-packages/airflow/example_dags/example_task_group_decorator.py for tasks to queue
[2025-07-08T09:18:13.797+0000] {logging_mixin.py:188} INFO - [2025-07-08T09:18:13.797+0000] {dagbag.py:538} INFO - Filling up the DagBag from /home/airflow/.local/lib/python3.8/site-packages/airflow/example_dags/example_task_group_decorator.py
[2025-07-08T09:18:13.829+0000] {processor.py:840} INFO - DAG(s) 'example_task_group_decorator' retrieved from /home/airflow/.local/lib/python3.8/site-packages/airflow/example_dags/example_task_group_decorator.py
[2025-07-08T09:18:13.882+0000] {logging_mixin.py:188} INFO - [2025-07-08T09:18:13.882+0000] {dag.py:3036} INFO - Sync 1 DAGs
[2025-07-08T09:18:13.928+0000] {logging_mixin.py:188} INFO - [2025-07-08T09:18:13.928+0000] {dag.py:3823} INFO - Setting next_dagrun for example_task_group_decorator to 2025-07-07 00:00:00+00:00, run_after=2025-07-08 00:00:00+00:00
[2025-07-08T09:18:13.969+0000] {processor.py:183} INFO - Processing /home/airflow/.local/lib/python3.8/site-packages/airflow/example_dags/example_task_group_decorator.py took 0.182 seconds
[2025-07-08T09:18:44.085+0000] {processor.py:161} INFO - Started process (PID=1785) to work on /home/airflow/.local/lib/python3.8/site-packages/airflow/example_dags/example_task_group_decorator.py
[2025-07-08T09:18:44.098+0000] {processor.py:830} INFO - Processing file /home/airflow/.local/lib/python3.8/site-packages/airflow/example_dags/example_task_group_decorator.py for tasks to queue
[2025-07-08T09:18:44.103+0000] {logging_mixin.py:188} INFO - [2025-07-08T09:18:44.102+0000] {dagbag.py:538} INFO - Filling up the DagBag from /home/airflow/.local/lib/python3.8/site-packages/airflow/example_dags/example_task_group_decorator.py
[2025-07-08T09:18:44.173+0000] {processor.py:840} INFO - DAG(s) 'example_task_group_decorator' retrieved from /home/airflow/.local/lib/python3.8/site-packages/airflow/example_dags/example_task_group_decorator.py
[2025-07-08T09:18:44.233+0000] {logging_mixin.py:188} INFO - [2025-07-08T09:18:44.224+0000] {dag.py:3036} INFO - Sync 1 DAGs
[2025-07-08T09:18:44.295+0000] {logging_mixin.py:188} INFO - [2025-07-08T09:18:44.294+0000] {dag.py:3823} INFO - Setting next_dagrun for example_task_group_decorator to 2025-07-07 00:00:00+00:00, run_after=2025-07-08 00:00:00+00:00
[2025-07-08T09:18:44.333+0000] {processor.py:183} INFO - Processing /home/airflow/.local/lib/python3.8/site-packages/airflow/example_dags/example_task_group_decorator.py took 0.269 seconds
[2025-07-08T09:19:14.997+0000] {processor.py:161} INFO - Started process (PID=1851) to work on /home/airflow/.local/lib/python3.8/site-packages/airflow/example_dags/example_task_group_decorator.py
[2025-07-08T09:19:15.003+0000] {processor.py:830} INFO - Processing file /home/airflow/.local/lib/python3.8/site-packages/airflow/example_dags/example_task_group_decorator.py for tasks to queue
[2025-07-08T09:19:15.035+0000] {logging_mixin.py:188} INFO - [2025-07-08T09:19:15.008+0000] {dagbag.py:538} INFO - Filling up the DagBag from /home/airflow/.local/lib/python3.8/site-packages/airflow/example_dags/example_task_group_decorator.py
[2025-07-08T09:19:15.101+0000] {processor.py:840} INFO - DAG(s) 'example_task_group_decorator' retrieved from /home/airflow/.local/lib/python3.8/site-packages/airflow/example_dags/example_task_group_decorator.py
[2025-07-08T09:19:15.216+0000] {logging_mixin.py:188} INFO - [2025-07-08T09:19:15.216+0000] {dag.py:3036} INFO - Sync 1 DAGs
[2025-07-08T09:19:15.303+0000] {logging_mixin.py:188} INFO - [2025-07-08T09:19:15.303+0000] {dag.py:3823} INFO - Setting next_dagrun for example_task_group_decorator to 2025-07-07 00:00:00+00:00, run_after=2025-07-08 00:00:00+00:00
[2025-07-08T09:19:15.352+0000] {processor.py:183} INFO - Processing /home/airflow/.local/lib/python3.8/site-packages/airflow/example_dags/example_task_group_decorator.py took 0.395 seconds
[2025-07-08T09:19:45.894+0000] {processor.py:161} INFO - Started process (PID=1917) to work on /home/airflow/.local/lib/python3.8/site-packages/airflow/example_dags/example_task_group_decorator.py
[2025-07-08T09:19:45.908+0000] {processor.py:830} INFO - Processing file /home/airflow/.local/lib/python3.8/site-packages/airflow/example_dags/example_task_group_decorator.py for tasks to queue
[2025-07-08T09:19:45.911+0000] {logging_mixin.py:188} INFO - [2025-07-08T09:19:45.911+0000] {dagbag.py:538} INFO - Filling up the DagBag from /home/airflow/.local/lib/python3.8/site-packages/airflow/example_dags/example_task_group_decorator.py
[2025-07-08T09:19:45.999+0000] {processor.py:840} INFO - DAG(s) 'example_task_group_decorator' retrieved from /home/airflow/.local/lib/python3.8/site-packages/airflow/example_dags/example_task_group_decorator.py
[2025-07-08T09:19:46.100+0000] {logging_mixin.py:188} INFO - [2025-07-08T09:19:46.100+0000] {dag.py:3036} INFO - Sync 1 DAGs
[2025-07-08T09:19:46.174+0000] {logging_mixin.py:188} INFO - [2025-07-08T09:19:46.173+0000] {dag.py:3823} INFO - Setting next_dagrun for example_task_group_decorator to 2025-07-07 00:00:00+00:00, run_after=2025-07-08 00:00:00+00:00
[2025-07-08T09:19:46.207+0000] {processor.py:183} INFO - Processing /home/airflow/.local/lib/python3.8/site-packages/airflow/example_dags/example_task_group_decorator.py took 0.333 seconds
[2025-07-08T09:20:16.528+0000] {processor.py:161} INFO - Started process (PID=1984) to work on /home/airflow/.local/lib/python3.8/site-packages/airflow/example_dags/example_task_group_decorator.py
[2025-07-08T09:20:16.536+0000] {processor.py:830} INFO - Processing file /home/airflow/.local/lib/python3.8/site-packages/airflow/example_dags/example_task_group_decorator.py for tasks to queue
[2025-07-08T09:20:16.539+0000] {logging_mixin.py:188} INFO - [2025-07-08T09:20:16.539+0000] {dagbag.py:538} INFO - Filling up the DagBag from /home/airflow/.local/lib/python3.8/site-packages/airflow/example_dags/example_task_group_decorator.py
[2025-07-08T09:20:16.618+0000] {processor.py:840} INFO - DAG(s) 'example_task_group_decorator' retrieved from /home/airflow/.local/lib/python3.8/site-packages/airflow/example_dags/example_task_group_decorator.py
[2025-07-08T09:20:16.755+0000] {logging_mixin.py:188} INFO - [2025-07-08T09:20:16.753+0000] {dag.py:3036} INFO - Sync 1 DAGs
[2025-07-08T09:20:16.912+0000] {logging_mixin.py:188} INFO - [2025-07-08T09:20:16.911+0000] {dag.py:3823} INFO - Setting next_dagrun for example_task_group_decorator to 2025-07-07 00:00:00+00:00, run_after=2025-07-08 00:00:00+00:00
[2025-07-08T09:20:16.946+0000] {processor.py:183} INFO - Processing /home/airflow/.local/lib/python3.8/site-packages/airflow/example_dags/example_task_group_decorator.py took 0.429 seconds
[2025-07-08T09:20:47.172+0000] {processor.py:161} INFO - Started process (PID=2048) to work on /home/airflow/.local/lib/python3.8/site-packages/airflow/example_dags/example_task_group_decorator.py
[2025-07-08T09:20:47.176+0000] {processor.py:830} INFO - Processing file /home/airflow/.local/lib/python3.8/site-packages/airflow/example_dags/example_task_group_decorator.py for tasks to queue
[2025-07-08T09:20:47.180+0000] {logging_mixin.py:188} INFO - [2025-07-08T09:20:47.180+0000] {dagbag.py:538} INFO - Filling up the DagBag from /home/airflow/.local/lib/python3.8/site-packages/airflow/example_dags/example_task_group_decorator.py
[2025-07-08T09:20:47.263+0000] {processor.py:840} INFO - DAG(s) 'example_task_group_decorator' retrieved from /home/airflow/.local/lib/python3.8/site-packages/airflow/example_dags/example_task_group_decorator.py
[2025-07-08T09:20:47.334+0000] {logging_mixin.py:188} INFO - [2025-07-08T09:20:47.333+0000] {dag.py:3036} INFO - Sync 1 DAGs
[2025-07-08T09:20:47.403+0000] {logging_mixin.py:188} INFO - [2025-07-08T09:20:47.403+0000] {dag.py:3823} INFO - Setting next_dagrun for example_task_group_decorator to 2025-07-07 00:00:00+00:00, run_after=2025-07-08 00:00:00+00:00
[2025-07-08T09:20:47.443+0000] {processor.py:183} INFO - Processing /home/airflow/.local/lib/python3.8/site-packages/airflow/example_dags/example_task_group_decorator.py took 0.289 seconds
[2025-07-08T09:21:17.757+0000] {processor.py:161} INFO - Started process (PID=2107) to work on /home/airflow/.local/lib/python3.8/site-packages/airflow/example_dags/example_task_group_decorator.py
[2025-07-08T09:21:17.760+0000] {processor.py:830} INFO - Processing file /home/airflow/.local/lib/python3.8/site-packages/airflow/example_dags/example_task_group_decorator.py for tasks to queue
[2025-07-08T09:21:17.763+0000] {logging_mixin.py:188} INFO - [2025-07-08T09:21:17.763+0000] {dagbag.py:538} INFO - Filling up the DagBag from /home/airflow/.local/lib/python3.8/site-packages/airflow/example_dags/example_task_group_decorator.py
[2025-07-08T09:21:17.797+0000] {processor.py:840} INFO - DAG(s) 'example_task_group_decorator' retrieved from /home/airflow/.local/lib/python3.8/site-packages/airflow/example_dags/example_task_group_decorator.py
[2025-07-08T09:21:17.849+0000] {logging_mixin.py:188} INFO - [2025-07-08T09:21:17.849+0000] {dag.py:3036} INFO - Sync 1 DAGs
[2025-07-08T09:21:17.895+0000] {logging_mixin.py:188} INFO - [2025-07-08T09:21:17.894+0000] {dag.py:3823} INFO - Setting next_dagrun for example_task_group_decorator to 2025-07-07 00:00:00+00:00, run_after=2025-07-08 00:00:00+00:00
[2025-07-08T09:21:17.939+0000] {processor.py:183} INFO - Processing /home/airflow/.local/lib/python3.8/site-packages/airflow/example_dags/example_task_group_decorator.py took 0.188 seconds
[2025-07-08T09:21:48.116+0000] {processor.py:161} INFO - Started process (PID=2173) to work on /home/airflow/.local/lib/python3.8/site-packages/airflow/example_dags/example_task_group_decorator.py
[2025-07-08T09:21:48.117+0000] {processor.py:830} INFO - Processing file /home/airflow/.local/lib/python3.8/site-packages/airflow/example_dags/example_task_group_decorator.py for tasks to queue
[2025-07-08T09:21:48.121+0000] {logging_mixin.py:188} INFO - [2025-07-08T09:21:48.120+0000] {dagbag.py:538} INFO - Filling up the DagBag from /home/airflow/.local/lib/python3.8/site-packages/airflow/example_dags/example_task_group_decorator.py
[2025-07-08T09:21:48.165+0000] {processor.py:840} INFO - DAG(s) 'example_task_group_decorator' retrieved from /home/airflow/.local/lib/python3.8/site-packages/airflow/example_dags/example_task_group_decorator.py
[2025-07-08T09:21:48.221+0000] {logging_mixin.py:188} INFO - [2025-07-08T09:21:48.221+0000] {dag.py:3036} INFO - Sync 1 DAGs
[2025-07-08T09:21:48.272+0000] {logging_mixin.py:188} INFO - [2025-07-08T09:21:48.271+0000] {dag.py:3823} INFO - Setting next_dagrun for example_task_group_decorator to 2025-07-07 00:00:00+00:00, run_after=2025-07-08 00:00:00+00:00
[2025-07-08T09:21:48.316+0000] {processor.py:183} INFO - Processing /home/airflow/.local/lib/python3.8/site-packages/airflow/example_dags/example_task_group_decorator.py took 0.215 seconds
[2025-07-08T09:22:18.787+0000] {processor.py:161} INFO - Started process (PID=2239) to work on /home/airflow/.local/lib/python3.8/site-packages/airflow/example_dags/example_task_group_decorator.py
[2025-07-08T09:22:18.789+0000] {processor.py:830} INFO - Processing file /home/airflow/.local/lib/python3.8/site-packages/airflow/example_dags/example_task_group_decorator.py for tasks to queue
[2025-07-08T09:22:18.794+0000] {logging_mixin.py:188} INFO - [2025-07-08T09:22:18.791+0000] {dagbag.py:538} INFO - Filling up the DagBag from /home/airflow/.local/lib/python3.8/site-packages/airflow/example_dags/example_task_group_decorator.py
[2025-07-08T09:22:18.931+0000] {processor.py:840} INFO - DAG(s) 'example_task_group_decorator' retrieved from /home/airflow/.local/lib/python3.8/site-packages/airflow/example_dags/example_task_group_decorator.py
[2025-07-08T09:22:19.197+0000] {logging_mixin.py:188} INFO - [2025-07-08T09:22:19.197+0000] {dag.py:3036} INFO - Sync 1 DAGs
[2025-07-08T09:22:19.431+0000] {logging_mixin.py:188} INFO - [2025-07-08T09:22:19.430+0000] {dag.py:3823} INFO - Setting next_dagrun for example_task_group_decorator to 2025-07-07 00:00:00+00:00, run_after=2025-07-08 00:00:00+00:00
[2025-07-08T09:22:19.557+0000] {processor.py:183} INFO - Processing /home/airflow/.local/lib/python3.8/site-packages/airflow/example_dags/example_task_group_decorator.py took 0.787 seconds
[2025-07-08T09:22:50.098+0000] {processor.py:161} INFO - Started process (PID=2304) to work on /home/airflow/.local/lib/python3.8/site-packages/airflow/example_dags/example_task_group_decorator.py
[2025-07-08T09:22:50.104+0000] {processor.py:830} INFO - Processing file /home/airflow/.local/lib/python3.8/site-packages/airflow/example_dags/example_task_group_decorator.py for tasks to queue
[2025-07-08T09:22:50.108+0000] {logging_mixin.py:188} INFO - [2025-07-08T09:22:50.107+0000] {dagbag.py:538} INFO - Filling up the DagBag from /home/airflow/.local/lib/python3.8/site-packages/airflow/example_dags/example_task_group_decorator.py
[2025-07-08T09:22:50.194+0000] {processor.py:840} INFO - DAG(s) 'example_task_group_decorator' retrieved from /home/airflow/.local/lib/python3.8/site-packages/airflow/example_dags/example_task_group_decorator.py
[2025-07-08T09:22:50.339+0000] {logging_mixin.py:188} INFO - [2025-07-08T09:22:50.338+0000] {dag.py:3036} INFO - Sync 1 DAGs
[2025-07-08T09:22:50.442+0000] {logging_mixin.py:188} INFO - [2025-07-08T09:22:50.442+0000] {dag.py:3823} INFO - Setting next_dagrun for example_task_group_decorator to 2025-07-07 00:00:00+00:00, run_after=2025-07-08 00:00:00+00:00
[2025-07-08T09:22:50.526+0000] {processor.py:183} INFO - Processing /home/airflow/.local/lib/python3.8/site-packages/airflow/example_dags/example_task_group_decorator.py took 0.443 seconds
[2025-07-08T09:23:21.070+0000] {processor.py:161} INFO - Started process (PID=2364) to work on /home/airflow/.local/lib/python3.8/site-packages/airflow/example_dags/example_task_group_decorator.py
[2025-07-08T09:23:21.076+0000] {processor.py:830} INFO - Processing file /home/airflow/.local/lib/python3.8/site-packages/airflow/example_dags/example_task_group_decorator.py for tasks to queue
[2025-07-08T09:23:21.081+0000] {logging_mixin.py:188} INFO - [2025-07-08T09:23:21.081+0000] {dagbag.py:538} INFO - Filling up the DagBag from /home/airflow/.local/lib/python3.8/site-packages/airflow/example_dags/example_task_group_decorator.py
[2025-07-08T09:23:21.143+0000] {processor.py:840} INFO - DAG(s) 'example_task_group_decorator' retrieved from /home/airflow/.local/lib/python3.8/site-packages/airflow/example_dags/example_task_group_decorator.py
[2025-07-08T09:23:21.201+0000] {logging_mixin.py:188} INFO - [2025-07-08T09:23:21.200+0000] {dag.py:3036} INFO - Sync 1 DAGs
[2025-07-08T09:23:21.259+0000] {logging_mixin.py:188} INFO - [2025-07-08T09:23:21.259+0000] {dag.py:3823} INFO - Setting next_dagrun for example_task_group_decorator to 2025-07-07 00:00:00+00:00, run_after=2025-07-08 00:00:00+00:00
[2025-07-08T09:23:21.312+0000] {processor.py:183} INFO - Processing /home/airflow/.local/lib/python3.8/site-packages/airflow/example_dags/example_task_group_decorator.py took 0.263 seconds
[2025-07-08T09:23:52.201+0000] {processor.py:161} INFO - Started process (PID=2431) to work on /home/airflow/.local/lib/python3.8/site-packages/airflow/example_dags/example_task_group_decorator.py
[2025-07-08T09:23:52.203+0000] {processor.py:830} INFO - Processing file /home/airflow/.local/lib/python3.8/site-packages/airflow/example_dags/example_task_group_decorator.py for tasks to queue
[2025-07-08T09:23:52.206+0000] {logging_mixin.py:188} INFO - [2025-07-08T09:23:52.206+0000] {dagbag.py:538} INFO - Filling up the DagBag from /home/airflow/.local/lib/python3.8/site-packages/airflow/example_dags/example_task_group_decorator.py
[2025-07-08T09:23:52.253+0000] {processor.py:840} INFO - DAG(s) 'example_task_group_decorator' retrieved from /home/airflow/.local/lib/python3.8/site-packages/airflow/example_dags/example_task_group_decorator.py
[2025-07-08T09:23:52.347+0000] {logging_mixin.py:188} INFO - [2025-07-08T09:23:52.347+0000] {dag.py:3036} INFO - Sync 1 DAGs
[2025-07-08T09:23:52.392+0000] {logging_mixin.py:188} INFO - [2025-07-08T09:23:52.391+0000] {dag.py:3823} INFO - Setting next_dagrun for example_task_group_decorator to 2025-07-07 00:00:00+00:00, run_after=2025-07-08 00:00:00+00:00
[2025-07-08T09:23:52.429+0000] {processor.py:183} INFO - Processing /home/airflow/.local/lib/python3.8/site-packages/airflow/example_dags/example_task_group_decorator.py took 0.242 seconds
[2025-07-08T09:24:22.724+0000] {processor.py:161} INFO - Started process (PID=2497) to work on /home/airflow/.local/lib/python3.8/site-packages/airflow/example_dags/example_task_group_decorator.py
[2025-07-08T09:24:22.726+0000] {processor.py:830} INFO - Processing file /home/airflow/.local/lib/python3.8/site-packages/airflow/example_dags/example_task_group_decorator.py for tasks to queue
[2025-07-08T09:24:22.729+0000] {logging_mixin.py:188} INFO - [2025-07-08T09:24:22.728+0000] {dagbag.py:538} INFO - Filling up the DagBag from /home/airflow/.local/lib/python3.8/site-packages/airflow/example_dags/example_task_group_decorator.py
[2025-07-08T09:24:22.761+0000] {processor.py:840} INFO - DAG(s) 'example_task_group_decorator' retrieved from /home/airflow/.local/lib/python3.8/site-packages/airflow/example_dags/example_task_group_decorator.py
[2025-07-08T09:24:22.811+0000] {logging_mixin.py:188} INFO - [2025-07-08T09:24:22.811+0000] {dag.py:3036} INFO - Sync 1 DAGs
[2025-07-08T09:24:22.857+0000] {logging_mixin.py:188} INFO - [2025-07-08T09:24:22.856+0000] {dag.py:3823} INFO - Setting next_dagrun for example_task_group_decorator to 2025-07-07 00:00:00+00:00, run_after=2025-07-08 00:00:00+00:00
[2025-07-08T09:24:22.892+0000] {processor.py:183} INFO - Processing /home/airflow/.local/lib/python3.8/site-packages/airflow/example_dags/example_task_group_decorator.py took 0.174 seconds
[2025-07-08T09:24:53.601+0000] {processor.py:161} INFO - Started process (PID=2564) to work on /home/airflow/.local/lib/python3.8/site-packages/airflow/example_dags/example_task_group_decorator.py
[2025-07-08T09:24:53.602+0000] {processor.py:830} INFO - Processing file /home/airflow/.local/lib/python3.8/site-packages/airflow/example_dags/example_task_group_decorator.py for tasks to queue
[2025-07-08T09:24:53.605+0000] {logging_mixin.py:188} INFO - [2025-07-08T09:24:53.605+0000] {dagbag.py:538} INFO - Filling up the DagBag from /home/airflow/.local/lib/python3.8/site-packages/airflow/example_dags/example_task_group_decorator.py
[2025-07-08T09:24:53.680+0000] {processor.py:840} INFO - DAG(s) 'example_task_group_decorator' retrieved from /home/airflow/.local/lib/python3.8/site-packages/airflow/example_dags/example_task_group_decorator.py
[2025-07-08T09:24:53.770+0000] {logging_mixin.py:188} INFO - [2025-07-08T09:24:53.770+0000] {dag.py:3036} INFO - Sync 1 DAGs
[2025-07-08T09:24:53.815+0000] {logging_mixin.py:188} INFO - [2025-07-08T09:24:53.815+0000] {dag.py:3823} INFO - Setting next_dagrun for example_task_group_decorator to 2025-07-07 00:00:00+00:00, run_after=2025-07-08 00:00:00+00:00
[2025-07-08T09:24:53.849+0000] {processor.py:183} INFO - Processing /home/airflow/.local/lib/python3.8/site-packages/airflow/example_dags/example_task_group_decorator.py took 0.262 seconds
[2025-07-08T09:25:24.580+0000] {processor.py:161} INFO - Started process (PID=2630) to work on /home/airflow/.local/lib/python3.8/site-packages/airflow/example_dags/example_task_group_decorator.py
[2025-07-08T09:25:24.587+0000] {processor.py:830} INFO - Processing file /home/airflow/.local/lib/python3.8/site-packages/airflow/example_dags/example_task_group_decorator.py for tasks to queue
[2025-07-08T09:25:24.591+0000] {logging_mixin.py:188} INFO - [2025-07-08T09:25:24.590+0000] {dagbag.py:538} INFO - Filling up the DagBag from /home/airflow/.local/lib/python3.8/site-packages/airflow/example_dags/example_task_group_decorator.py
[2025-07-08T09:25:24.627+0000] {processor.py:840} INFO - DAG(s) 'example_task_group_decorator' retrieved from /home/airflow/.local/lib/python3.8/site-packages/airflow/example_dags/example_task_group_decorator.py
[2025-07-08T09:25:24.714+0000] {logging_mixin.py:188} INFO - [2025-07-08T09:25:24.714+0000] {dag.py:3036} INFO - Sync 1 DAGs
[2025-07-08T09:25:24.991+0000] {logging_mixin.py:188} INFO - [2025-07-08T09:25:24.990+0000] {dag.py:3823} INFO - Setting next_dagrun for example_task_group_decorator to 2025-07-07 00:00:00+00:00, run_after=2025-07-08 00:00:00+00:00
[2025-07-08T09:25:25.026+0000] {processor.py:183} INFO - Processing /home/airflow/.local/lib/python3.8/site-packages/airflow/example_dags/example_task_group_decorator.py took 0.452 seconds
[2025-07-08T09:25:56.042+0000] {processor.py:161} INFO - Started process (PID=2696) to work on /home/airflow/.local/lib/python3.8/site-packages/airflow/example_dags/example_task_group_decorator.py
[2025-07-08T09:25:56.043+0000] {processor.py:830} INFO - Processing file /home/airflow/.local/lib/python3.8/site-packages/airflow/example_dags/example_task_group_decorator.py for tasks to queue
[2025-07-08T09:25:56.060+0000] {logging_mixin.py:188} INFO - [2025-07-08T09:25:56.060+0000] {dagbag.py:538} INFO - Filling up the DagBag from /home/airflow/.local/lib/python3.8/site-packages/airflow/example_dags/example_task_group_decorator.py
[2025-07-08T09:25:56.147+0000] {processor.py:840} INFO - DAG(s) 'example_task_group_decorator' retrieved from /home/airflow/.local/lib/python3.8/site-packages/airflow/example_dags/example_task_group_decorator.py
[2025-07-08T09:25:56.208+0000] {logging_mixin.py:188} INFO - [2025-07-08T09:25:56.197+0000] {dag.py:3036} INFO - Sync 1 DAGs
[2025-07-08T09:25:56.508+0000] {logging_mixin.py:188} INFO - [2025-07-08T09:25:56.507+0000] {dag.py:3823} INFO - Setting next_dagrun for example_task_group_decorator to 2025-07-07 00:00:00+00:00, run_after=2025-07-08 00:00:00+00:00
[2025-07-08T09:25:56.551+0000] {processor.py:183} INFO - Processing /home/airflow/.local/lib/python3.8/site-packages/airflow/example_dags/example_task_group_decorator.py took 0.523 seconds
[2025-07-08T09:26:28.103+0000] {processor.py:161} INFO - Started process (PID=2762) to work on /home/airflow/.local/lib/python3.8/site-packages/airflow/example_dags/example_task_group_decorator.py
[2025-07-08T09:26:28.116+0000] {processor.py:830} INFO - Processing file /home/airflow/.local/lib/python3.8/site-packages/airflow/example_dags/example_task_group_decorator.py for tasks to queue
[2025-07-08T09:26:28.119+0000] {logging_mixin.py:188} INFO - [2025-07-08T09:26:28.119+0000] {dagbag.py:538} INFO - Filling up the DagBag from /home/airflow/.local/lib/python3.8/site-packages/airflow/example_dags/example_task_group_decorator.py
[2025-07-08T09:26:28.233+0000] {processor.py:840} INFO - DAG(s) 'example_task_group_decorator' retrieved from /home/airflow/.local/lib/python3.8/site-packages/airflow/example_dags/example_task_group_decorator.py
[2025-07-08T09:26:28.373+0000] {logging_mixin.py:188} INFO - [2025-07-08T09:26:28.373+0000] {dag.py:3036} INFO - Sync 1 DAGs
[2025-07-08T09:26:29.070+0000] {logging_mixin.py:188} INFO - [2025-07-08T09:26:29.069+0000] {dag.py:3823} INFO - Setting next_dagrun for example_task_group_decorator to 2025-07-07 00:00:00+00:00, run_after=2025-07-08 00:00:00+00:00
[2025-07-08T09:26:29.130+0000] {processor.py:183} INFO - Processing /home/airflow/.local/lib/python3.8/site-packages/airflow/example_dags/example_task_group_decorator.py took 1.033 seconds
[2025-07-08T09:26:59.693+0000] {processor.py:161} INFO - Started process (PID=2828) to work on /home/airflow/.local/lib/python3.8/site-packages/airflow/example_dags/example_task_group_decorator.py
[2025-07-08T09:26:59.695+0000] {processor.py:830} INFO - Processing file /home/airflow/.local/lib/python3.8/site-packages/airflow/example_dags/example_task_group_decorator.py for tasks to queue
[2025-07-08T09:26:59.698+0000] {logging_mixin.py:188} INFO - [2025-07-08T09:26:59.697+0000] {dagbag.py:538} INFO - Filling up the DagBag from /home/airflow/.local/lib/python3.8/site-packages/airflow/example_dags/example_task_group_decorator.py
[2025-07-08T09:26:59.806+0000] {processor.py:840} INFO - DAG(s) 'example_task_group_decorator' retrieved from /home/airflow/.local/lib/python3.8/site-packages/airflow/example_dags/example_task_group_decorator.py
[2025-07-08T09:26:59.925+0000] {logging_mixin.py:188} INFO - [2025-07-08T09:26:59.925+0000] {dag.py:3036} INFO - Sync 1 DAGs
[2025-07-08T09:27:00.073+0000] {logging_mixin.py:188} INFO - [2025-07-08T09:27:00.072+0000] {dag.py:3823} INFO - Setting next_dagrun for example_task_group_decorator to 2025-07-07 00:00:00+00:00, run_after=2025-07-08 00:00:00+00:00
[2025-07-08T09:27:00.170+0000] {processor.py:183} INFO - Processing /home/airflow/.local/lib/python3.8/site-packages/airflow/example_dags/example_task_group_decorator.py took 0.512 seconds
[2025-07-08T09:27:30.482+0000] {processor.py:161} INFO - Started process (PID=2887) to work on /home/airflow/.local/lib/python3.8/site-packages/airflow/example_dags/example_task_group_decorator.py
[2025-07-08T09:27:30.485+0000] {processor.py:830} INFO - Processing file /home/airflow/.local/lib/python3.8/site-packages/airflow/example_dags/example_task_group_decorator.py for tasks to queue
[2025-07-08T09:27:30.487+0000] {logging_mixin.py:188} INFO - [2025-07-08T09:27:30.487+0000] {dagbag.py:538} INFO - Filling up the DagBag from /home/airflow/.local/lib/python3.8/site-packages/airflow/example_dags/example_task_group_decorator.py
[2025-07-08T09:27:30.547+0000] {processor.py:840} INFO - DAG(s) 'example_task_group_decorator' retrieved from /home/airflow/.local/lib/python3.8/site-packages/airflow/example_dags/example_task_group_decorator.py
[2025-07-08T09:27:30.868+0000] {logging_mixin.py:188} INFO - [2025-07-08T09:27:30.867+0000] {dag.py:3036} INFO - Sync 1 DAGs
[2025-07-08T09:27:30.910+0000] {logging_mixin.py:188} INFO - [2025-07-08T09:27:30.910+0000] {dag.py:3823} INFO - Setting next_dagrun for example_task_group_decorator to 2025-07-07 00:00:00+00:00, run_after=2025-07-08 00:00:00+00:00
[2025-07-08T09:27:30.945+0000] {processor.py:183} INFO - Processing /home/airflow/.local/lib/python3.8/site-packages/airflow/example_dags/example_task_group_decorator.py took 0.468 seconds
[2025-07-08T09:28:01.244+0000] {processor.py:161} INFO - Started process (PID=2953) to work on /home/airflow/.local/lib/python3.8/site-packages/airflow/example_dags/example_task_group_decorator.py
[2025-07-08T09:28:01.245+0000] {processor.py:830} INFO - Processing file /home/airflow/.local/lib/python3.8/site-packages/airflow/example_dags/example_task_group_decorator.py for tasks to queue
[2025-07-08T09:28:01.248+0000] {logging_mixin.py:188} INFO - [2025-07-08T09:28:01.248+0000] {dagbag.py:538} INFO - Filling up the DagBag from /home/airflow/.local/lib/python3.8/site-packages/airflow/example_dags/example_task_group_decorator.py
[2025-07-08T09:28:01.282+0000] {processor.py:840} INFO - DAG(s) 'example_task_group_decorator' retrieved from /home/airflow/.local/lib/python3.8/site-packages/airflow/example_dags/example_task_group_decorator.py
[2025-07-08T09:28:01.336+0000] {logging_mixin.py:188} INFO - [2025-07-08T09:28:01.335+0000] {dag.py:3036} INFO - Sync 1 DAGs
[2025-07-08T09:28:01.382+0000] {logging_mixin.py:188} INFO - [2025-07-08T09:28:01.381+0000] {dag.py:3823} INFO - Setting next_dagrun for example_task_group_decorator to 2025-07-07 00:00:00+00:00, run_after=2025-07-08 00:00:00+00:00
[2025-07-08T09:28:01.419+0000] {processor.py:183} INFO - Processing /home/airflow/.local/lib/python3.8/site-packages/airflow/example_dags/example_task_group_decorator.py took 0.181 seconds
[2025-07-08T09:28:32.268+0000] {processor.py:161} INFO - Started process (PID=3019) to work on /home/airflow/.local/lib/python3.8/site-packages/airflow/example_dags/example_task_group_decorator.py
[2025-07-08T09:28:32.270+0000] {processor.py:830} INFO - Processing file /home/airflow/.local/lib/python3.8/site-packages/airflow/example_dags/example_task_group_decorator.py for tasks to queue
[2025-07-08T09:28:32.273+0000] {logging_mixin.py:188} INFO - [2025-07-08T09:28:32.273+0000] {dagbag.py:538} INFO - Filling up the DagBag from /home/airflow/.local/lib/python3.8/site-packages/airflow/example_dags/example_task_group_decorator.py
[2025-07-08T09:28:32.307+0000] {processor.py:840} INFO - DAG(s) 'example_task_group_decorator' retrieved from /home/airflow/.local/lib/python3.8/site-packages/airflow/example_dags/example_task_group_decorator.py
[2025-07-08T09:28:32.358+0000] {logging_mixin.py:188} INFO - [2025-07-08T09:28:32.357+0000] {dag.py:3036} INFO - Sync 1 DAGs
[2025-07-08T09:28:32.401+0000] {logging_mixin.py:188} INFO - [2025-07-08T09:28:32.400+0000] {dag.py:3823} INFO - Setting next_dagrun for example_task_group_decorator to 2025-07-07 00:00:00+00:00, run_after=2025-07-08 00:00:00+00:00
[2025-07-08T09:28:32.436+0000] {processor.py:183} INFO - Processing /home/airflow/.local/lib/python3.8/site-packages/airflow/example_dags/example_task_group_decorator.py took 0.174 seconds
[2025-07-08T09:29:02.901+0000] {processor.py:161} INFO - Started process (PID=3084) to work on /home/airflow/.local/lib/python3.8/site-packages/airflow/example_dags/example_task_group_decorator.py
[2025-07-08T09:29:02.902+0000] {processor.py:830} INFO - Processing file /home/airflow/.local/lib/python3.8/site-packages/airflow/example_dags/example_task_group_decorator.py for tasks to queue
[2025-07-08T09:29:02.905+0000] {logging_mixin.py:188} INFO - [2025-07-08T09:29:02.905+0000] {dagbag.py:538} INFO - Filling up the DagBag from /home/airflow/.local/lib/python3.8/site-packages/airflow/example_dags/example_task_group_decorator.py
[2025-07-08T09:29:02.982+0000] {processor.py:840} INFO - DAG(s) 'example_task_group_decorator' retrieved from /home/airflow/.local/lib/python3.8/site-packages/airflow/example_dags/example_task_group_decorator.py
[2025-07-08T09:29:03.117+0000] {logging_mixin.py:188} INFO - [2025-07-08T09:29:03.117+0000] {dag.py:3036} INFO - Sync 1 DAGs
[2025-07-08T09:29:03.195+0000] {logging_mixin.py:188} INFO - [2025-07-08T09:29:03.195+0000] {dag.py:3823} INFO - Setting next_dagrun for example_task_group_decorator to 2025-07-07 00:00:00+00:00, run_after=2025-07-08 00:00:00+00:00
[2025-07-08T09:29:03.259+0000] {processor.py:183} INFO - Processing /home/airflow/.local/lib/python3.8/site-packages/airflow/example_dags/example_task_group_decorator.py took 0.378 seconds
[2025-07-08T09:29:33.588+0000] {processor.py:161} INFO - Started process (PID=3150) to work on /home/airflow/.local/lib/python3.8/site-packages/airflow/example_dags/example_task_group_decorator.py
[2025-07-08T09:29:33.592+0000] {processor.py:830} INFO - Processing file /home/airflow/.local/lib/python3.8/site-packages/airflow/example_dags/example_task_group_decorator.py for tasks to queue
[2025-07-08T09:29:33.604+0000] {logging_mixin.py:188} INFO - [2025-07-08T09:29:33.595+0000] {dagbag.py:538} INFO - Filling up the DagBag from /home/airflow/.local/lib/python3.8/site-packages/airflow/example_dags/example_task_group_decorator.py
[2025-07-08T09:29:33.665+0000] {processor.py:840} INFO - DAG(s) 'example_task_group_decorator' retrieved from /home/airflow/.local/lib/python3.8/site-packages/airflow/example_dags/example_task_group_decorator.py
[2025-07-08T09:29:33.765+0000] {logging_mixin.py:188} INFO - [2025-07-08T09:29:33.765+0000] {dag.py:3036} INFO - Sync 1 DAGs
[2025-07-08T09:29:33.842+0000] {logging_mixin.py:188} INFO - [2025-07-08T09:29:33.842+0000] {dag.py:3823} INFO - Setting next_dagrun for example_task_group_decorator to 2025-07-07 00:00:00+00:00, run_after=2025-07-08 00:00:00+00:00
[2025-07-08T09:29:33.928+0000] {processor.py:183} INFO - Processing /home/airflow/.local/lib/python3.8/site-packages/airflow/example_dags/example_task_group_decorator.py took 0.354 seconds
[2025-07-08T09:30:04.178+0000] {processor.py:161} INFO - Started process (PID=3215) to work on /home/airflow/.local/lib/python3.8/site-packages/airflow/example_dags/example_task_group_decorator.py
[2025-07-08T09:30:04.186+0000] {processor.py:830} INFO - Processing file /home/airflow/.local/lib/python3.8/site-packages/airflow/example_dags/example_task_group_decorator.py for tasks to queue
[2025-07-08T09:30:04.190+0000] {logging_mixin.py:188} INFO - [2025-07-08T09:30:04.189+0000] {dagbag.py:538} INFO - Filling up the DagBag from /home/airflow/.local/lib/python3.8/site-packages/airflow/example_dags/example_task_group_decorator.py
[2025-07-08T09:30:04.234+0000] {processor.py:840} INFO - DAG(s) 'example_task_group_decorator' retrieved from /home/airflow/.local/lib/python3.8/site-packages/airflow/example_dags/example_task_group_decorator.py
[2025-07-08T09:30:04.369+0000] {logging_mixin.py:188} INFO - [2025-07-08T09:30:04.369+0000] {dag.py:3036} INFO - Sync 1 DAGs
[2025-07-08T09:30:04.461+0000] {logging_mixin.py:188} INFO - [2025-07-08T09:30:04.460+0000] {dag.py:3823} INFO - Setting next_dagrun for example_task_group_decorator to 2025-07-07 00:00:00+00:00, run_after=2025-07-08 00:00:00+00:00
[2025-07-08T09:30:04.542+0000] {processor.py:183} INFO - Processing /home/airflow/.local/lib/python3.8/site-packages/airflow/example_dags/example_task_group_decorator.py took 0.386 seconds
[2025-07-08T09:30:34.751+0000] {processor.py:161} INFO - Started process (PID=3282) to work on /home/airflow/.local/lib/python3.8/site-packages/airflow/example_dags/example_task_group_decorator.py
[2025-07-08T09:30:34.761+0000] {processor.py:830} INFO - Processing file /home/airflow/.local/lib/python3.8/site-packages/airflow/example_dags/example_task_group_decorator.py for tasks to queue
[2025-07-08T09:30:34.765+0000] {logging_mixin.py:188} INFO - [2025-07-08T09:30:34.764+0000] {dagbag.py:538} INFO - Filling up the DagBag from /home/airflow/.local/lib/python3.8/site-packages/airflow/example_dags/example_task_group_decorator.py
[2025-07-08T09:30:34.867+0000] {processor.py:840} INFO - DAG(s) 'example_task_group_decorator' retrieved from /home/airflow/.local/lib/python3.8/site-packages/airflow/example_dags/example_task_group_decorator.py
[2025-07-08T09:30:35.129+0000] {logging_mixin.py:188} INFO - [2025-07-08T09:30:35.128+0000] {dag.py:3036} INFO - Sync 1 DAGs
[2025-07-08T09:30:35.246+0000] {logging_mixin.py:188} INFO - [2025-07-08T09:30:35.245+0000] {dag.py:3823} INFO - Setting next_dagrun for example_task_group_decorator to 2025-07-07 00:00:00+00:00, run_after=2025-07-08 00:00:00+00:00
[2025-07-08T09:30:35.320+0000] {processor.py:183} INFO - Processing /home/airflow/.local/lib/python3.8/site-packages/airflow/example_dags/example_task_group_decorator.py took 0.576 seconds
[2025-07-08T09:31:05.546+0000] {processor.py:161} INFO - Started process (PID=3347) to work on /home/airflow/.local/lib/python3.8/site-packages/airflow/example_dags/example_task_group_decorator.py
[2025-07-08T09:31:05.548+0000] {processor.py:830} INFO - Processing file /home/airflow/.local/lib/python3.8/site-packages/airflow/example_dags/example_task_group_decorator.py for tasks to queue
[2025-07-08T09:31:05.551+0000] {logging_mixin.py:188} INFO - [2025-07-08T09:31:05.550+0000] {dagbag.py:538} INFO - Filling up the DagBag from /home/airflow/.local/lib/python3.8/site-packages/airflow/example_dags/example_task_group_decorator.py
[2025-07-08T09:31:05.626+0000] {processor.py:840} INFO - DAG(s) 'example_task_group_decorator' retrieved from /home/airflow/.local/lib/python3.8/site-packages/airflow/example_dags/example_task_group_decorator.py
[2025-07-08T09:31:05.689+0000] {logging_mixin.py:188} INFO - [2025-07-08T09:31:05.689+0000] {dag.py:3036} INFO - Sync 1 DAGs
[2025-07-08T09:31:05.745+0000] {logging_mixin.py:188} INFO - [2025-07-08T09:31:05.745+0000] {dag.py:3823} INFO - Setting next_dagrun for example_task_group_decorator to 2025-07-07 00:00:00+00:00, run_after=2025-07-08 00:00:00+00:00
[2025-07-08T09:31:05.830+0000] {processor.py:183} INFO - Processing /home/airflow/.local/lib/python3.8/site-packages/airflow/example_dags/example_task_group_decorator.py took 0.307 seconds
[2025-07-08T09:31:36.107+0000] {processor.py:161} INFO - Started process (PID=3406) to work on /home/airflow/.local/lib/python3.8/site-packages/airflow/example_dags/example_task_group_decorator.py
[2025-07-08T09:31:36.110+0000] {processor.py:830} INFO - Processing file /home/airflow/.local/lib/python3.8/site-packages/airflow/example_dags/example_task_group_decorator.py for tasks to queue
[2025-07-08T09:31:36.113+0000] {logging_mixin.py:188} INFO - [2025-07-08T09:31:36.113+0000] {dagbag.py:538} INFO - Filling up the DagBag from /home/airflow/.local/lib/python3.8/site-packages/airflow/example_dags/example_task_group_decorator.py
[2025-07-08T09:31:36.151+0000] {processor.py:840} INFO - DAG(s) 'example_task_group_decorator' retrieved from /home/airflow/.local/lib/python3.8/site-packages/airflow/example_dags/example_task_group_decorator.py
[2025-07-08T09:31:36.205+0000] {logging_mixin.py:188} INFO - [2025-07-08T09:31:36.205+0000] {dag.py:3036} INFO - Sync 1 DAGs
[2025-07-08T09:31:36.253+0000] {logging_mixin.py:188} INFO - [2025-07-08T09:31:36.253+0000] {dag.py:3823} INFO - Setting next_dagrun for example_task_group_decorator to 2025-07-07 00:00:00+00:00, run_after=2025-07-08 00:00:00+00:00
[2025-07-08T09:31:36.289+0000] {processor.py:183} INFO - Processing /home/airflow/.local/lib/python3.8/site-packages/airflow/example_dags/example_task_group_decorator.py took 0.189 seconds
[2025-07-08T09:32:06.646+0000] {processor.py:161} INFO - Started process (PID=3472) to work on /home/airflow/.local/lib/python3.8/site-packages/airflow/example_dags/example_task_group_decorator.py
[2025-07-08T09:32:06.648+0000] {processor.py:830} INFO - Processing file /home/airflow/.local/lib/python3.8/site-packages/airflow/example_dags/example_task_group_decorator.py for tasks to queue
[2025-07-08T09:32:06.652+0000] {logging_mixin.py:188} INFO - [2025-07-08T09:32:06.651+0000] {dagbag.py:538} INFO - Filling up the DagBag from /home/airflow/.local/lib/python3.8/site-packages/airflow/example_dags/example_task_group_decorator.py
[2025-07-08T09:32:06.694+0000] {processor.py:840} INFO - DAG(s) 'example_task_group_decorator' retrieved from /home/airflow/.local/lib/python3.8/site-packages/airflow/example_dags/example_task_group_decorator.py
[2025-07-08T09:32:06.756+0000] {logging_mixin.py:188} INFO - [2025-07-08T09:32:06.756+0000] {dag.py:3036} INFO - Sync 1 DAGs
[2025-07-08T09:32:06.799+0000] {logging_mixin.py:188} INFO - [2025-07-08T09:32:06.799+0000] {dag.py:3823} INFO - Setting next_dagrun for example_task_group_decorator to 2025-07-07 00:00:00+00:00, run_after=2025-07-08 00:00:00+00:00
[2025-07-08T09:32:06.835+0000] {processor.py:183} INFO - Processing /home/airflow/.local/lib/python3.8/site-packages/airflow/example_dags/example_task_group_decorator.py took 0.199 seconds
[2025-07-08T09:32:36.929+0000] {processor.py:161} INFO - Started process (PID=3537) to work on /home/airflow/.local/lib/python3.8/site-packages/airflow/example_dags/example_task_group_decorator.py
[2025-07-08T09:32:36.930+0000] {processor.py:830} INFO - Processing file /home/airflow/.local/lib/python3.8/site-packages/airflow/example_dags/example_task_group_decorator.py for tasks to queue
[2025-07-08T09:32:36.933+0000] {logging_mixin.py:188} INFO - [2025-07-08T09:32:36.932+0000] {dagbag.py:538} INFO - Filling up the DagBag from /home/airflow/.local/lib/python3.8/site-packages/airflow/example_dags/example_task_group_decorator.py
[2025-07-08T09:32:36.958+0000] {processor.py:840} INFO - DAG(s) 'example_task_group_decorator' retrieved from /home/airflow/.local/lib/python3.8/site-packages/airflow/example_dags/example_task_group_decorator.py
[2025-07-08T09:32:37.017+0000] {logging_mixin.py:188} INFO - [2025-07-08T09:32:37.016+0000] {dag.py:3036} INFO - Sync 1 DAGs
[2025-07-08T09:32:37.062+0000] {logging_mixin.py:188} INFO - [2025-07-08T09:32:37.062+0000] {dag.py:3823} INFO - Setting next_dagrun for example_task_group_decorator to 2025-07-07 00:00:00+00:00, run_after=2025-07-08 00:00:00+00:00
[2025-07-08T09:32:37.093+0000] {processor.py:183} INFO - Processing /home/airflow/.local/lib/python3.8/site-packages/airflow/example_dags/example_task_group_decorator.py took 0.170 seconds
[2025-07-08T09:33:07.787+0000] {processor.py:161} INFO - Started process (PID=3604) to work on /home/airflow/.local/lib/python3.8/site-packages/airflow/example_dags/example_task_group_decorator.py
[2025-07-08T09:33:07.788+0000] {processor.py:830} INFO - Processing file /home/airflow/.local/lib/python3.8/site-packages/airflow/example_dags/example_task_group_decorator.py for tasks to queue
[2025-07-08T09:33:07.791+0000] {logging_mixin.py:188} INFO - [2025-07-08T09:33:07.791+0000] {dagbag.py:538} INFO - Filling up the DagBag from /home/airflow/.local/lib/python3.8/site-packages/airflow/example_dags/example_task_group_decorator.py
[2025-07-08T09:33:07.825+0000] {processor.py:840} INFO - DAG(s) 'example_task_group_decorator' retrieved from /home/airflow/.local/lib/python3.8/site-packages/airflow/example_dags/example_task_group_decorator.py
[2025-07-08T09:33:07.878+0000] {logging_mixin.py:188} INFO - [2025-07-08T09:33:07.877+0000] {dag.py:3036} INFO - Sync 1 DAGs
[2025-07-08T09:33:07.923+0000] {logging_mixin.py:188} INFO - [2025-07-08T09:33:07.923+0000] {dag.py:3823} INFO - Setting next_dagrun for example_task_group_decorator to 2025-07-07 00:00:00+00:00, run_after=2025-07-08 00:00:00+00:00
[2025-07-08T09:33:07.974+0000] {processor.py:183} INFO - Processing /home/airflow/.local/lib/python3.8/site-packages/airflow/example_dags/example_task_group_decorator.py took 0.194 seconds
[2025-07-08T09:33:38.410+0000] {processor.py:161} INFO - Started process (PID=3669) to work on /home/airflow/.local/lib/python3.8/site-packages/airflow/example_dags/example_task_group_decorator.py
[2025-07-08T09:33:38.413+0000] {processor.py:830} INFO - Processing file /home/airflow/.local/lib/python3.8/site-packages/airflow/example_dags/example_task_group_decorator.py for tasks to queue
[2025-07-08T09:33:38.416+0000] {logging_mixin.py:188} INFO - [2025-07-08T09:33:38.415+0000] {dagbag.py:538} INFO - Filling up the DagBag from /home/airflow/.local/lib/python3.8/site-packages/airflow/example_dags/example_task_group_decorator.py
[2025-07-08T09:33:38.474+0000] {processor.py:840} INFO - DAG(s) 'example_task_group_decorator' retrieved from /home/airflow/.local/lib/python3.8/site-packages/airflow/example_dags/example_task_group_decorator.py
[2025-07-08T09:33:38.527+0000] {logging_mixin.py:188} INFO - [2025-07-08T09:33:38.526+0000] {dag.py:3036} INFO - Sync 1 DAGs
[2025-07-08T09:33:38.572+0000] {logging_mixin.py:188} INFO - [2025-07-08T09:33:38.572+0000] {dag.py:3823} INFO - Setting next_dagrun for example_task_group_decorator to 2025-07-07 00:00:00+00:00, run_after=2025-07-08 00:00:00+00:00
[2025-07-08T09:33:38.603+0000] {processor.py:183} INFO - Processing /home/airflow/.local/lib/python3.8/site-packages/airflow/example_dags/example_task_group_decorator.py took 0.199 seconds
[2025-07-08T09:34:08.874+0000] {processor.py:161} INFO - Started process (PID=3735) to work on /home/airflow/.local/lib/python3.8/site-packages/airflow/example_dags/example_task_group_decorator.py
[2025-07-08T09:34:08.875+0000] {processor.py:830} INFO - Processing file /home/airflow/.local/lib/python3.8/site-packages/airflow/example_dags/example_task_group_decorator.py for tasks to queue
[2025-07-08T09:34:08.878+0000] {logging_mixin.py:188} INFO - [2025-07-08T09:34:08.878+0000] {dagbag.py:538} INFO - Filling up the DagBag from /home/airflow/.local/lib/python3.8/site-packages/airflow/example_dags/example_task_group_decorator.py
[2025-07-08T09:34:08.926+0000] {processor.py:840} INFO - DAG(s) 'example_task_group_decorator' retrieved from /home/airflow/.local/lib/python3.8/site-packages/airflow/example_dags/example_task_group_decorator.py
[2025-07-08T09:34:09.053+0000] {logging_mixin.py:188} INFO - [2025-07-08T09:34:09.053+0000] {dag.py:3036} INFO - Sync 1 DAGs
[2025-07-08T09:34:09.101+0000] {logging_mixin.py:188} INFO - [2025-07-08T09:34:09.101+0000] {dag.py:3823} INFO - Setting next_dagrun for example_task_group_decorator to 2025-07-07 00:00:00+00:00, run_after=2025-07-08 00:00:00+00:00
[2025-07-08T09:34:09.135+0000] {processor.py:183} INFO - Processing /home/airflow/.local/lib/python3.8/site-packages/airflow/example_dags/example_task_group_decorator.py took 0.269 seconds
[2025-07-08T09:34:39.363+0000] {processor.py:161} INFO - Started process (PID=3801) to work on /home/airflow/.local/lib/python3.8/site-packages/airflow/example_dags/example_task_group_decorator.py
[2025-07-08T09:34:39.365+0000] {processor.py:830} INFO - Processing file /home/airflow/.local/lib/python3.8/site-packages/airflow/example_dags/example_task_group_decorator.py for tasks to queue
[2025-07-08T09:34:39.368+0000] {logging_mixin.py:188} INFO - [2025-07-08T09:34:39.368+0000] {dagbag.py:538} INFO - Filling up the DagBag from /home/airflow/.local/lib/python3.8/site-packages/airflow/example_dags/example_task_group_decorator.py
[2025-07-08T09:34:39.401+0000] {processor.py:840} INFO - DAG(s) 'example_task_group_decorator' retrieved from /home/airflow/.local/lib/python3.8/site-packages/airflow/example_dags/example_task_group_decorator.py
[2025-07-08T09:34:39.450+0000] {logging_mixin.py:188} INFO - [2025-07-08T09:34:39.450+0000] {dag.py:3036} INFO - Sync 1 DAGs
[2025-07-08T09:34:39.498+0000] {logging_mixin.py:188} INFO - [2025-07-08T09:34:39.497+0000] {dag.py:3823} INFO - Setting next_dagrun for example_task_group_decorator to 2025-07-07 00:00:00+00:00, run_after=2025-07-08 00:00:00+00:00
[2025-07-08T09:34:39.541+0000] {processor.py:183} INFO - Processing /home/airflow/.local/lib/python3.8/site-packages/airflow/example_dags/example_task_group_decorator.py took 0.184 seconds
[2025-07-08T09:35:11.341+0000] {processor.py:161} INFO - Started process (PID=3868) to work on /home/airflow/.local/lib/python3.8/site-packages/airflow/example_dags/example_task_group_decorator.py
[2025-07-08T09:35:11.343+0000] {processor.py:830} INFO - Processing file /home/airflow/.local/lib/python3.8/site-packages/airflow/example_dags/example_task_group_decorator.py for tasks to queue
[2025-07-08T09:35:11.346+0000] {logging_mixin.py:188} INFO - [2025-07-08T09:35:11.346+0000] {dagbag.py:538} INFO - Filling up the DagBag from /home/airflow/.local/lib/python3.8/site-packages/airflow/example_dags/example_task_group_decorator.py
[2025-07-08T09:35:11.377+0000] {processor.py:840} INFO - DAG(s) 'example_task_group_decorator' retrieved from /home/airflow/.local/lib/python3.8/site-packages/airflow/example_dags/example_task_group_decorator.py
[2025-07-08T09:35:11.427+0000] {logging_mixin.py:188} INFO - [2025-07-08T09:35:11.427+0000] {dag.py:3036} INFO - Sync 1 DAGs
[2025-07-08T09:35:11.477+0000] {logging_mixin.py:188} INFO - [2025-07-08T09:35:11.476+0000] {dag.py:3823} INFO - Setting next_dagrun for example_task_group_decorator to 2025-07-07 00:00:00+00:00, run_after=2025-07-08 00:00:00+00:00
[2025-07-08T09:35:11.511+0000] {processor.py:183} INFO - Processing /home/airflow/.local/lib/python3.8/site-packages/airflow/example_dags/example_task_group_decorator.py took 0.177 seconds
[2025-07-08T09:35:41.923+0000] {processor.py:161} INFO - Started process (PID=3931) to work on /home/airflow/.local/lib/python3.8/site-packages/airflow/example_dags/example_task_group_decorator.py
[2025-07-08T09:35:41.940+0000] {processor.py:830} INFO - Processing file /home/airflow/.local/lib/python3.8/site-packages/airflow/example_dags/example_task_group_decorator.py for tasks to queue
[2025-07-08T09:35:41.943+0000] {logging_mixin.py:188} INFO - [2025-07-08T09:35:41.943+0000] {dagbag.py:538} INFO - Filling up the DagBag from /home/airflow/.local/lib/python3.8/site-packages/airflow/example_dags/example_task_group_decorator.py
[2025-07-08T09:35:42.130+0000] {processor.py:840} INFO - DAG(s) 'example_task_group_decorator' retrieved from /home/airflow/.local/lib/python3.8/site-packages/airflow/example_dags/example_task_group_decorator.py
[2025-07-08T09:35:42.374+0000] {logging_mixin.py:188} INFO - [2025-07-08T09:35:42.374+0000] {dag.py:3036} INFO - Sync 1 DAGs
[2025-07-08T09:35:42.562+0000] {logging_mixin.py:188} INFO - [2025-07-08T09:35:42.562+0000] {dag.py:3823} INFO - Setting next_dagrun for example_task_group_decorator to 2025-07-07 00:00:00+00:00, run_after=2025-07-08 00:00:00+00:00
[2025-07-08T09:35:42.638+0000] {processor.py:183} INFO - Processing /home/airflow/.local/lib/python3.8/site-packages/airflow/example_dags/example_task_group_decorator.py took 0.721 seconds
[2025-07-08T09:36:13.116+0000] {processor.py:161} INFO - Started process (PID=3989) to work on /home/airflow/.local/lib/python3.8/site-packages/airflow/example_dags/example_task_group_decorator.py
[2025-07-08T09:36:13.118+0000] {processor.py:830} INFO - Processing file /home/airflow/.local/lib/python3.8/site-packages/airflow/example_dags/example_task_group_decorator.py for tasks to queue
[2025-07-08T09:36:13.129+0000] {logging_mixin.py:188} INFO - [2025-07-08T09:36:13.128+0000] {dagbag.py:538} INFO - Filling up the DagBag from /home/airflow/.local/lib/python3.8/site-packages/airflow/example_dags/example_task_group_decorator.py
[2025-07-08T09:36:13.203+0000] {processor.py:840} INFO - DAG(s) 'example_task_group_decorator' retrieved from /home/airflow/.local/lib/python3.8/site-packages/airflow/example_dags/example_task_group_decorator.py
[2025-07-08T09:36:13.317+0000] {logging_mixin.py:188} INFO - [2025-07-08T09:36:13.315+0000] {dag.py:3036} INFO - Sync 1 DAGs
[2025-07-08T09:36:13.439+0000] {logging_mixin.py:188} INFO - [2025-07-08T09:36:13.439+0000] {dag.py:3823} INFO - Setting next_dagrun for example_task_group_decorator to 2025-07-07 00:00:00+00:00, run_after=2025-07-08 00:00:00+00:00
[2025-07-08T09:36:13.528+0000] {processor.py:183} INFO - Processing /home/airflow/.local/lib/python3.8/site-packages/airflow/example_dags/example_task_group_decorator.py took 0.431 seconds
[2025-07-08T09:36:43.631+0000] {processor.py:161} INFO - Started process (PID=4058) to work on /home/airflow/.local/lib/python3.8/site-packages/airflow/example_dags/example_task_group_decorator.py
[2025-07-08T09:36:43.653+0000] {processor.py:830} INFO - Processing file /home/airflow/.local/lib/python3.8/site-packages/airflow/example_dags/example_task_group_decorator.py for tasks to queue
[2025-07-08T09:36:43.655+0000] {logging_mixin.py:188} INFO - [2025-07-08T09:36:43.655+0000] {dagbag.py:538} INFO - Filling up the DagBag from /home/airflow/.local/lib/python3.8/site-packages/airflow/example_dags/example_task_group_decorator.py
[2025-07-08T09:36:43.706+0000] {processor.py:840} INFO - DAG(s) 'example_task_group_decorator' retrieved from /home/airflow/.local/lib/python3.8/site-packages/airflow/example_dags/example_task_group_decorator.py
[2025-07-08T09:36:43.813+0000] {logging_mixin.py:188} INFO - [2025-07-08T09:36:43.812+0000] {dag.py:3036} INFO - Sync 1 DAGs
[2025-07-08T09:36:43.914+0000] {logging_mixin.py:188} INFO - [2025-07-08T09:36:43.914+0000] {dag.py:3823} INFO - Setting next_dagrun for example_task_group_decorator to 2025-07-07 00:00:00+00:00, run_after=2025-07-08 00:00:00+00:00
[2025-07-08T09:36:44.052+0000] {processor.py:183} INFO - Processing /home/airflow/.local/lib/python3.8/site-packages/airflow/example_dags/example_task_group_decorator.py took 0.440 seconds
[2025-07-08T09:37:14.520+0000] {processor.py:161} INFO - Started process (PID=4124) to work on /home/airflow/.local/lib/python3.8/site-packages/airflow/example_dags/example_task_group_decorator.py
[2025-07-08T09:37:14.521+0000] {processor.py:830} INFO - Processing file /home/airflow/.local/lib/python3.8/site-packages/airflow/example_dags/example_task_group_decorator.py for tasks to queue
[2025-07-08T09:37:14.526+0000] {logging_mixin.py:188} INFO - [2025-07-08T09:37:14.526+0000] {dagbag.py:538} INFO - Filling up the DagBag from /home/airflow/.local/lib/python3.8/site-packages/airflow/example_dags/example_task_group_decorator.py
[2025-07-08T09:37:14.570+0000] {processor.py:840} INFO - DAG(s) 'example_task_group_decorator' retrieved from /home/airflow/.local/lib/python3.8/site-packages/airflow/example_dags/example_task_group_decorator.py
[2025-07-08T09:37:14.674+0000] {logging_mixin.py:188} INFO - [2025-07-08T09:37:14.673+0000] {dag.py:3036} INFO - Sync 1 DAGs
[2025-07-08T09:37:14.790+0000] {logging_mixin.py:188} INFO - [2025-07-08T09:37:14.789+0000] {dag.py:3823} INFO - Setting next_dagrun for example_task_group_decorator to 2025-07-07 00:00:00+00:00, run_after=2025-07-08 00:00:00+00:00
[2025-07-08T09:37:14.881+0000] {processor.py:183} INFO - Processing /home/airflow/.local/lib/python3.8/site-packages/airflow/example_dags/example_task_group_decorator.py took 0.368 seconds
[2025-07-08T09:37:45.243+0000] {processor.py:161} INFO - Started process (PID=4193) to work on /home/airflow/.local/lib/python3.8/site-packages/airflow/example_dags/example_task_group_decorator.py
[2025-07-08T09:37:45.259+0000] {processor.py:830} INFO - Processing file /home/airflow/.local/lib/python3.8/site-packages/airflow/example_dags/example_task_group_decorator.py for tasks to queue
[2025-07-08T09:37:45.268+0000] {logging_mixin.py:188} INFO - [2025-07-08T09:37:45.264+0000] {dagbag.py:538} INFO - Filling up the DagBag from /home/airflow/.local/lib/python3.8/site-packages/airflow/example_dags/example_task_group_decorator.py
[2025-07-08T09:37:45.373+0000] {processor.py:840} INFO - DAG(s) 'example_task_group_decorator' retrieved from /home/airflow/.local/lib/python3.8/site-packages/airflow/example_dags/example_task_group_decorator.py
[2025-07-08T09:37:45.485+0000] {logging_mixin.py:188} INFO - [2025-07-08T09:37:45.485+0000] {dag.py:3036} INFO - Sync 1 DAGs
[2025-07-08T09:37:45.616+0000] {logging_mixin.py:188} INFO - [2025-07-08T09:37:45.615+0000] {dag.py:3823} INFO - Setting next_dagrun for example_task_group_decorator to 2025-07-07 00:00:00+00:00, run_after=2025-07-08 00:00:00+00:00
[2025-07-08T09:37:45.690+0000] {processor.py:183} INFO - Processing /home/airflow/.local/lib/python3.8/site-packages/airflow/example_dags/example_task_group_decorator.py took 0.467 seconds
[2025-07-08T09:38:15.820+0000] {processor.py:161} INFO - Started process (PID=4259) to work on /home/airflow/.local/lib/python3.8/site-packages/airflow/example_dags/example_task_group_decorator.py
[2025-07-08T09:38:15.821+0000] {processor.py:830} INFO - Processing file /home/airflow/.local/lib/python3.8/site-packages/airflow/example_dags/example_task_group_decorator.py for tasks to queue
[2025-07-08T09:38:15.824+0000] {logging_mixin.py:188} INFO - [2025-07-08T09:38:15.824+0000] {dagbag.py:538} INFO - Filling up the DagBag from /home/airflow/.local/lib/python3.8/site-packages/airflow/example_dags/example_task_group_decorator.py
[2025-07-08T09:38:15.855+0000] {processor.py:840} INFO - DAG(s) 'example_task_group_decorator' retrieved from /home/airflow/.local/lib/python3.8/site-packages/airflow/example_dags/example_task_group_decorator.py
[2025-07-08T09:38:15.953+0000] {logging_mixin.py:188} INFO - [2025-07-08T09:38:15.953+0000] {dag.py:3036} INFO - Sync 1 DAGs
[2025-07-08T09:38:16.077+0000] {logging_mixin.py:188} INFO - [2025-07-08T09:38:16.076+0000] {dag.py:3823} INFO - Setting next_dagrun for example_task_group_decorator to 2025-07-07 00:00:00+00:00, run_after=2025-07-08 00:00:00+00:00
[2025-07-08T09:38:16.157+0000] {processor.py:183} INFO - Processing /home/airflow/.local/lib/python3.8/site-packages/airflow/example_dags/example_task_group_decorator.py took 0.351 seconds
[2025-07-08T09:38:46.506+0000] {processor.py:161} INFO - Started process (PID=4327) to work on /home/airflow/.local/lib/python3.8/site-packages/airflow/example_dags/example_task_group_decorator.py
[2025-07-08T09:38:46.515+0000] {processor.py:830} INFO - Processing file /home/airflow/.local/lib/python3.8/site-packages/airflow/example_dags/example_task_group_decorator.py for tasks to queue
[2025-07-08T09:38:46.518+0000] {logging_mixin.py:188} INFO - [2025-07-08T09:38:46.518+0000] {dagbag.py:538} INFO - Filling up the DagBag from /home/airflow/.local/lib/python3.8/site-packages/airflow/example_dags/example_task_group_decorator.py
[2025-07-08T09:38:46.621+0000] {processor.py:840} INFO - DAG(s) 'example_task_group_decorator' retrieved from /home/airflow/.local/lib/python3.8/site-packages/airflow/example_dags/example_task_group_decorator.py
[2025-07-08T09:38:46.696+0000] {logging_mixin.py:188} INFO - [2025-07-08T09:38:46.695+0000] {dag.py:3036} INFO - Sync 1 DAGs
[2025-07-08T09:38:46.750+0000] {logging_mixin.py:188} INFO - [2025-07-08T09:38:46.749+0000] {dag.py:3823} INFO - Setting next_dagrun for example_task_group_decorator to 2025-07-07 00:00:00+00:00, run_after=2025-07-08 00:00:00+00:00
[2025-07-08T09:38:46.832+0000] {processor.py:183} INFO - Processing /home/airflow/.local/lib/python3.8/site-packages/airflow/example_dags/example_task_group_decorator.py took 0.342 seconds
[2025-07-08T09:39:17.092+0000] {processor.py:161} INFO - Started process (PID=4394) to work on /home/airflow/.local/lib/python3.8/site-packages/airflow/example_dags/example_task_group_decorator.py
[2025-07-08T09:39:17.093+0000] {processor.py:830} INFO - Processing file /home/airflow/.local/lib/python3.8/site-packages/airflow/example_dags/example_task_group_decorator.py for tasks to queue
[2025-07-08T09:39:17.096+0000] {logging_mixin.py:188} INFO - [2025-07-08T09:39:17.096+0000] {dagbag.py:538} INFO - Filling up the DagBag from /home/airflow/.local/lib/python3.8/site-packages/airflow/example_dags/example_task_group_decorator.py
[2025-07-08T09:39:17.138+0000] {processor.py:840} INFO - DAG(s) 'example_task_group_decorator' retrieved from /home/airflow/.local/lib/python3.8/site-packages/airflow/example_dags/example_task_group_decorator.py
[2025-07-08T09:39:17.261+0000] {logging_mixin.py:188} INFO - [2025-07-08T09:39:17.261+0000] {dag.py:3036} INFO - Sync 1 DAGs
[2025-07-08T09:39:17.337+0000] {logging_mixin.py:188} INFO - [2025-07-08T09:39:17.336+0000] {dag.py:3823} INFO - Setting next_dagrun for example_task_group_decorator to 2025-07-07 00:00:00+00:00, run_after=2025-07-08 00:00:00+00:00
[2025-07-08T09:39:17.395+0000] {processor.py:183} INFO - Processing /home/airflow/.local/lib/python3.8/site-packages/airflow/example_dags/example_task_group_decorator.py took 0.314 seconds
[2025-07-08T09:39:47.637+0000] {processor.py:161} INFO - Started process (PID=4460) to work on /home/airflow/.local/lib/python3.8/site-packages/airflow/example_dags/example_task_group_decorator.py
[2025-07-08T09:39:47.644+0000] {processor.py:830} INFO - Processing file /home/airflow/.local/lib/python3.8/site-packages/airflow/example_dags/example_task_group_decorator.py for tasks to queue
[2025-07-08T09:39:47.647+0000] {logging_mixin.py:188} INFO - [2025-07-08T09:39:47.647+0000] {dagbag.py:538} INFO - Filling up the DagBag from /home/airflow/.local/lib/python3.8/site-packages/airflow/example_dags/example_task_group_decorator.py
[2025-07-08T09:39:47.751+0000] {processor.py:840} INFO - DAG(s) 'example_task_group_decorator' retrieved from /home/airflow/.local/lib/python3.8/site-packages/airflow/example_dags/example_task_group_decorator.py
[2025-07-08T09:39:47.838+0000] {logging_mixin.py:188} INFO - [2025-07-08T09:39:47.838+0000] {dag.py:3036} INFO - Sync 1 DAGs
[2025-07-08T09:39:47.914+0000] {logging_mixin.py:188} INFO - [2025-07-08T09:39:47.913+0000] {dag.py:3823} INFO - Setting next_dagrun for example_task_group_decorator to 2025-07-07 00:00:00+00:00, run_after=2025-07-08 00:00:00+00:00
[2025-07-08T09:39:47.988+0000] {processor.py:183} INFO - Processing /home/airflow/.local/lib/python3.8/site-packages/airflow/example_dags/example_task_group_decorator.py took 0.358 seconds
[2025-07-08T09:40:18.618+0000] {processor.py:161} INFO - Started process (PID=4527) to work on /home/airflow/.local/lib/python3.8/site-packages/airflow/example_dags/example_task_group_decorator.py
[2025-07-08T09:40:18.620+0000] {processor.py:830} INFO - Processing file /home/airflow/.local/lib/python3.8/site-packages/airflow/example_dags/example_task_group_decorator.py for tasks to queue
[2025-07-08T09:40:18.623+0000] {logging_mixin.py:188} INFO - [2025-07-08T09:40:18.622+0000] {dagbag.py:538} INFO - Filling up the DagBag from /home/airflow/.local/lib/python3.8/site-packages/airflow/example_dags/example_task_group_decorator.py
[2025-07-08T09:40:18.684+0000] {processor.py:840} INFO - DAG(s) 'example_task_group_decorator' retrieved from /home/airflow/.local/lib/python3.8/site-packages/airflow/example_dags/example_task_group_decorator.py
[2025-07-08T09:40:18.794+0000] {logging_mixin.py:188} INFO - [2025-07-08T09:40:18.793+0000] {dag.py:3036} INFO - Sync 1 DAGs
[2025-07-08T09:40:18.894+0000] {logging_mixin.py:188} INFO - [2025-07-08T09:40:18.894+0000] {dag.py:3823} INFO - Setting next_dagrun for example_task_group_decorator to 2025-07-07 00:00:00+00:00, run_after=2025-07-08 00:00:00+00:00
[2025-07-08T09:40:18.968+0000] {processor.py:183} INFO - Processing /home/airflow/.local/lib/python3.8/site-packages/airflow/example_dags/example_task_group_decorator.py took 0.369 seconds
[2025-07-08T09:40:49.116+0000] {processor.py:161} INFO - Started process (PID=4593) to work on /home/airflow/.local/lib/python3.8/site-packages/airflow/example_dags/example_task_group_decorator.py
[2025-07-08T09:40:49.140+0000] {processor.py:830} INFO - Processing file /home/airflow/.local/lib/python3.8/site-packages/airflow/example_dags/example_task_group_decorator.py for tasks to queue
[2025-07-08T09:40:49.157+0000] {logging_mixin.py:188} INFO - [2025-07-08T09:40:49.156+0000] {dagbag.py:538} INFO - Filling up the DagBag from /home/airflow/.local/lib/python3.8/site-packages/airflow/example_dags/example_task_group_decorator.py
[2025-07-08T09:40:49.280+0000] {processor.py:840} INFO - DAG(s) 'example_task_group_decorator' retrieved from /home/airflow/.local/lib/python3.8/site-packages/airflow/example_dags/example_task_group_decorator.py
[2025-07-08T09:40:49.420+0000] {logging_mixin.py:188} INFO - [2025-07-08T09:40:49.419+0000] {dag.py:3036} INFO - Sync 1 DAGs
[2025-07-08T09:40:49.549+0000] {logging_mixin.py:188} INFO - [2025-07-08T09:40:49.548+0000] {dag.py:3823} INFO - Setting next_dagrun for example_task_group_decorator to 2025-07-07 00:00:00+00:00, run_after=2025-07-08 00:00:00+00:00
[2025-07-08T09:40:49.646+0000] {processor.py:183} INFO - Processing /home/airflow/.local/lib/python3.8/site-packages/airflow/example_dags/example_task_group_decorator.py took 0.552 seconds
[2025-07-08T09:41:20.267+0000] {processor.py:161} INFO - Started process (PID=4658) to work on /home/airflow/.local/lib/python3.8/site-packages/airflow/example_dags/example_task_group_decorator.py
[2025-07-08T09:41:20.269+0000] {processor.py:830} INFO - Processing file /home/airflow/.local/lib/python3.8/site-packages/airflow/example_dags/example_task_group_decorator.py for tasks to queue
[2025-07-08T09:41:20.274+0000] {logging_mixin.py:188} INFO - [2025-07-08T09:41:20.274+0000] {dagbag.py:538} INFO - Filling up the DagBag from /home/airflow/.local/lib/python3.8/site-packages/airflow/example_dags/example_task_group_decorator.py
[2025-07-08T09:41:20.313+0000] {processor.py:840} INFO - DAG(s) 'example_task_group_decorator' retrieved from /home/airflow/.local/lib/python3.8/site-packages/airflow/example_dags/example_task_group_decorator.py
[2025-07-08T09:41:20.387+0000] {logging_mixin.py:188} INFO - [2025-07-08T09:41:20.387+0000] {dag.py:3036} INFO - Sync 1 DAGs
[2025-07-08T09:41:20.480+0000] {logging_mixin.py:188} INFO - [2025-07-08T09:41:20.480+0000] {dag.py:3823} INFO - Setting next_dagrun for example_task_group_decorator to 2025-07-07 00:00:00+00:00, run_after=2025-07-08 00:00:00+00:00
[2025-07-08T09:41:20.622+0000] {processor.py:183} INFO - Processing /home/airflow/.local/lib/python3.8/site-packages/airflow/example_dags/example_task_group_decorator.py took 0.363 seconds
[2025-07-08T09:41:51.524+0000] {processor.py:161} INFO - Started process (PID=4717) to work on /home/airflow/.local/lib/python3.8/site-packages/airflow/example_dags/example_task_group_decorator.py
[2025-07-08T09:41:51.526+0000] {processor.py:830} INFO - Processing file /home/airflow/.local/lib/python3.8/site-packages/airflow/example_dags/example_task_group_decorator.py for tasks to queue
[2025-07-08T09:41:51.529+0000] {logging_mixin.py:188} INFO - [2025-07-08T09:41:51.528+0000] {dagbag.py:538} INFO - Filling up the DagBag from /home/airflow/.local/lib/python3.8/site-packages/airflow/example_dags/example_task_group_decorator.py
[2025-07-08T09:41:51.565+0000] {processor.py:840} INFO - DAG(s) 'example_task_group_decorator' retrieved from /home/airflow/.local/lib/python3.8/site-packages/airflow/example_dags/example_task_group_decorator.py
[2025-07-08T09:41:51.617+0000] {logging_mixin.py:188} INFO - [2025-07-08T09:41:51.617+0000] {dag.py:3036} INFO - Sync 1 DAGs
[2025-07-08T09:41:51.680+0000] {logging_mixin.py:188} INFO - [2025-07-08T09:41:51.680+0000] {dag.py:3823} INFO - Setting next_dagrun for example_task_group_decorator to 2025-07-07 00:00:00+00:00, run_after=2025-07-08 00:00:00+00:00
[2025-07-08T09:41:51.730+0000] {processor.py:183} INFO - Processing /home/airflow/.local/lib/python3.8/site-packages/airflow/example_dags/example_task_group_decorator.py took 0.213 seconds
[2025-07-08T09:42:22.450+0000] {processor.py:161} INFO - Started process (PID=4783) to work on /home/airflow/.local/lib/python3.8/site-packages/airflow/example_dags/example_task_group_decorator.py
[2025-07-08T09:42:22.451+0000] {processor.py:830} INFO - Processing file /home/airflow/.local/lib/python3.8/site-packages/airflow/example_dags/example_task_group_decorator.py for tasks to queue
[2025-07-08T09:42:22.454+0000] {logging_mixin.py:188} INFO - [2025-07-08T09:42:22.453+0000] {dagbag.py:538} INFO - Filling up the DagBag from /home/airflow/.local/lib/python3.8/site-packages/airflow/example_dags/example_task_group_decorator.py
[2025-07-08T09:42:22.491+0000] {processor.py:840} INFO - DAG(s) 'example_task_group_decorator' retrieved from /home/airflow/.local/lib/python3.8/site-packages/airflow/example_dags/example_task_group_decorator.py
[2025-07-08T09:42:22.546+0000] {logging_mixin.py:188} INFO - [2025-07-08T09:42:22.546+0000] {dag.py:3036} INFO - Sync 1 DAGs
[2025-07-08T09:42:22.602+0000] {logging_mixin.py:188} INFO - [2025-07-08T09:42:22.602+0000] {dag.py:3823} INFO - Setting next_dagrun for example_task_group_decorator to 2025-07-07 00:00:00+00:00, run_after=2025-07-08 00:00:00+00:00
[2025-07-08T09:42:22.640+0000] {processor.py:183} INFO - Processing /home/airflow/.local/lib/python3.8/site-packages/airflow/example_dags/example_task_group_decorator.py took 0.203 seconds
[2025-07-08T09:42:53.032+0000] {processor.py:161} INFO - Started process (PID=4849) to work on /home/airflow/.local/lib/python3.8/site-packages/airflow/example_dags/example_task_group_decorator.py
[2025-07-08T09:42:53.034+0000] {processor.py:830} INFO - Processing file /home/airflow/.local/lib/python3.8/site-packages/airflow/example_dags/example_task_group_decorator.py for tasks to queue
[2025-07-08T09:42:53.037+0000] {logging_mixin.py:188} INFO - [2025-07-08T09:42:53.036+0000] {dagbag.py:538} INFO - Filling up the DagBag from /home/airflow/.local/lib/python3.8/site-packages/airflow/example_dags/example_task_group_decorator.py
[2025-07-08T09:42:53.068+0000] {processor.py:840} INFO - DAG(s) 'example_task_group_decorator' retrieved from /home/airflow/.local/lib/python3.8/site-packages/airflow/example_dags/example_task_group_decorator.py
[2025-07-08T09:42:53.119+0000] {logging_mixin.py:188} INFO - [2025-07-08T09:42:53.119+0000] {dag.py:3036} INFO - Sync 1 DAGs
[2025-07-08T09:42:53.163+0000] {logging_mixin.py:188} INFO - [2025-07-08T09:42:53.163+0000] {dag.py:3823} INFO - Setting next_dagrun for example_task_group_decorator to 2025-07-07 00:00:00+00:00, run_after=2025-07-08 00:00:00+00:00
[2025-07-08T09:42:53.198+0000] {processor.py:183} INFO - Processing /home/airflow/.local/lib/python3.8/site-packages/airflow/example_dags/example_task_group_decorator.py took 0.173 seconds
[2025-07-08T09:43:23.661+0000] {processor.py:161} INFO - Started process (PID=4914) to work on /home/airflow/.local/lib/python3.8/site-packages/airflow/example_dags/example_task_group_decorator.py
[2025-07-08T09:43:23.662+0000] {processor.py:830} INFO - Processing file /home/airflow/.local/lib/python3.8/site-packages/airflow/example_dags/example_task_group_decorator.py for tasks to queue
[2025-07-08T09:43:23.665+0000] {logging_mixin.py:188} INFO - [2025-07-08T09:43:23.665+0000] {dagbag.py:538} INFO - Filling up the DagBag from /home/airflow/.local/lib/python3.8/site-packages/airflow/example_dags/example_task_group_decorator.py
[2025-07-08T09:43:23.754+0000] {processor.py:840} INFO - DAG(s) 'example_task_group_decorator' retrieved from /home/airflow/.local/lib/python3.8/site-packages/airflow/example_dags/example_task_group_decorator.py
[2025-07-08T09:43:23.874+0000] {logging_mixin.py:188} INFO - [2025-07-08T09:43:23.873+0000] {dag.py:3036} INFO - Sync 1 DAGs
[2025-07-08T09:43:23.990+0000] {logging_mixin.py:188} INFO - [2025-07-08T09:43:23.990+0000] {dag.py:3823} INFO - Setting next_dagrun for example_task_group_decorator to 2025-07-07 00:00:00+00:00, run_after=2025-07-08 00:00:00+00:00
[2025-07-08T09:43:24.082+0000] {processor.py:183} INFO - Processing /home/airflow/.local/lib/python3.8/site-packages/airflow/example_dags/example_task_group_decorator.py took 0.440 seconds
[2025-07-08T09:43:54.444+0000] {processor.py:161} INFO - Started process (PID=4980) to work on /home/airflow/.local/lib/python3.8/site-packages/airflow/example_dags/example_task_group_decorator.py
[2025-07-08T09:43:54.452+0000] {processor.py:830} INFO - Processing file /home/airflow/.local/lib/python3.8/site-packages/airflow/example_dags/example_task_group_decorator.py for tasks to queue
[2025-07-08T09:43:54.455+0000] {logging_mixin.py:188} INFO - [2025-07-08T09:43:54.455+0000] {dagbag.py:538} INFO - Filling up the DagBag from /home/airflow/.local/lib/python3.8/site-packages/airflow/example_dags/example_task_group_decorator.py
[2025-07-08T09:43:54.493+0000] {processor.py:840} INFO - DAG(s) 'example_task_group_decorator' retrieved from /home/airflow/.local/lib/python3.8/site-packages/airflow/example_dags/example_task_group_decorator.py
[2025-07-08T09:43:54.633+0000] {logging_mixin.py:188} INFO - [2025-07-08T09:43:54.632+0000] {dag.py:3036} INFO - Sync 1 DAGs
[2025-07-08T09:43:54.766+0000] {logging_mixin.py:188} INFO - [2025-07-08T09:43:54.766+0000] {dag.py:3823} INFO - Setting next_dagrun for example_task_group_decorator to 2025-07-07 00:00:00+00:00, run_after=2025-07-08 00:00:00+00:00
[2025-07-08T09:43:54.840+0000] {processor.py:183} INFO - Processing /home/airflow/.local/lib/python3.8/site-packages/airflow/example_dags/example_task_group_decorator.py took 0.411 seconds
[2025-07-08T09:44:25.444+0000] {processor.py:161} INFO - Started process (PID=5038) to work on /home/airflow/.local/lib/python3.8/site-packages/airflow/example_dags/example_task_group_decorator.py
[2025-07-08T09:44:25.446+0000] {processor.py:830} INFO - Processing file /home/airflow/.local/lib/python3.8/site-packages/airflow/example_dags/example_task_group_decorator.py for tasks to queue
[2025-07-08T09:44:25.449+0000] {logging_mixin.py:188} INFO - [2025-07-08T09:44:25.448+0000] {dagbag.py:538} INFO - Filling up the DagBag from /home/airflow/.local/lib/python3.8/site-packages/airflow/example_dags/example_task_group_decorator.py
[2025-07-08T09:44:25.485+0000] {processor.py:840} INFO - DAG(s) 'example_task_group_decorator' retrieved from /home/airflow/.local/lib/python3.8/site-packages/airflow/example_dags/example_task_group_decorator.py
[2025-07-08T09:44:25.537+0000] {logging_mixin.py:188} INFO - [2025-07-08T09:44:25.536+0000] {dag.py:3036} INFO - Sync 1 DAGs
[2025-07-08T09:44:25.585+0000] {logging_mixin.py:188} INFO - [2025-07-08T09:44:25.584+0000] {dag.py:3823} INFO - Setting next_dagrun for example_task_group_decorator to 2025-07-07 00:00:00+00:00, run_after=2025-07-08 00:00:00+00:00
[2025-07-08T09:44:25.621+0000] {processor.py:183} INFO - Processing /home/airflow/.local/lib/python3.8/site-packages/airflow/example_dags/example_task_group_decorator.py took 0.183 seconds
[2025-07-08T09:44:56.306+0000] {processor.py:161} INFO - Started process (PID=5104) to work on /home/airflow/.local/lib/python3.8/site-packages/airflow/example_dags/example_task_group_decorator.py
[2025-07-08T09:44:56.309+0000] {processor.py:830} INFO - Processing file /home/airflow/.local/lib/python3.8/site-packages/airflow/example_dags/example_task_group_decorator.py for tasks to queue
[2025-07-08T09:44:56.312+0000] {logging_mixin.py:188} INFO - [2025-07-08T09:44:56.312+0000] {dagbag.py:538} INFO - Filling up the DagBag from /home/airflow/.local/lib/python3.8/site-packages/airflow/example_dags/example_task_group_decorator.py
[2025-07-08T09:44:56.345+0000] {processor.py:840} INFO - DAG(s) 'example_task_group_decorator' retrieved from /home/airflow/.local/lib/python3.8/site-packages/airflow/example_dags/example_task_group_decorator.py
[2025-07-08T09:44:56.396+0000] {logging_mixin.py:188} INFO - [2025-07-08T09:44:56.396+0000] {dag.py:3036} INFO - Sync 1 DAGs
[2025-07-08T09:44:56.441+0000] {logging_mixin.py:188} INFO - [2025-07-08T09:44:56.441+0000] {dag.py:3823} INFO - Setting next_dagrun for example_task_group_decorator to 2025-07-07 00:00:00+00:00, run_after=2025-07-08 00:00:00+00:00
[2025-07-08T09:44:56.477+0000] {processor.py:183} INFO - Processing /home/airflow/.local/lib/python3.8/site-packages/airflow/example_dags/example_task_group_decorator.py took 0.181 seconds
[2025-07-08T09:45:27.082+0000] {processor.py:161} INFO - Started process (PID=5169) to work on /home/airflow/.local/lib/python3.8/site-packages/airflow/example_dags/example_task_group_decorator.py
[2025-07-08T09:45:27.084+0000] {processor.py:830} INFO - Processing file /home/airflow/.local/lib/python3.8/site-packages/airflow/example_dags/example_task_group_decorator.py for tasks to queue
[2025-07-08T09:45:27.087+0000] {logging_mixin.py:188} INFO - [2025-07-08T09:45:27.086+0000] {dagbag.py:538} INFO - Filling up the DagBag from /home/airflow/.local/lib/python3.8/site-packages/airflow/example_dags/example_task_group_decorator.py
[2025-07-08T09:45:27.158+0000] {processor.py:840} INFO - DAG(s) 'example_task_group_decorator' retrieved from /home/airflow/.local/lib/python3.8/site-packages/airflow/example_dags/example_task_group_decorator.py
[2025-07-08T09:45:27.260+0000] {logging_mixin.py:188} INFO - [2025-07-08T09:45:27.260+0000] {dag.py:3036} INFO - Sync 1 DAGs
[2025-07-08T09:45:27.342+0000] {logging_mixin.py:188} INFO - [2025-07-08T09:45:27.341+0000] {dag.py:3823} INFO - Setting next_dagrun for example_task_group_decorator to 2025-07-07 00:00:00+00:00, run_after=2025-07-08 00:00:00+00:00
[2025-07-08T09:45:27.421+0000] {processor.py:183} INFO - Processing /home/airflow/.local/lib/python3.8/site-packages/airflow/example_dags/example_task_group_decorator.py took 0.346 seconds
[2025-07-08T09:45:57.668+0000] {processor.py:161} INFO - Started process (PID=5235) to work on /home/airflow/.local/lib/python3.8/site-packages/airflow/example_dags/example_task_group_decorator.py
[2025-07-08T09:45:57.680+0000] {processor.py:830} INFO - Processing file /home/airflow/.local/lib/python3.8/site-packages/airflow/example_dags/example_task_group_decorator.py for tasks to queue
[2025-07-08T09:45:57.683+0000] {logging_mixin.py:188} INFO - [2025-07-08T09:45:57.682+0000] {dagbag.py:538} INFO - Filling up the DagBag from /home/airflow/.local/lib/python3.8/site-packages/airflow/example_dags/example_task_group_decorator.py
[2025-07-08T09:45:57.762+0000] {processor.py:840} INFO - DAG(s) 'example_task_group_decorator' retrieved from /home/airflow/.local/lib/python3.8/site-packages/airflow/example_dags/example_task_group_decorator.py
[2025-07-08T09:45:57.859+0000] {logging_mixin.py:188} INFO - [2025-07-08T09:45:57.859+0000] {dag.py:3036} INFO - Sync 1 DAGs
[2025-07-08T09:45:58.005+0000] {logging_mixin.py:188} INFO - [2025-07-08T09:45:58.004+0000] {dag.py:3823} INFO - Setting next_dagrun for example_task_group_decorator to 2025-07-07 00:00:00+00:00, run_after=2025-07-08 00:00:00+00:00
[2025-07-08T09:45:58.090+0000] {processor.py:183} INFO - Processing /home/airflow/.local/lib/python3.8/site-packages/airflow/example_dags/example_task_group_decorator.py took 0.437 seconds
[2025-07-08T09:46:28.327+0000] {processor.py:161} INFO - Started process (PID=5302) to work on /home/airflow/.local/lib/python3.8/site-packages/airflow/example_dags/example_task_group_decorator.py
[2025-07-08T09:46:28.328+0000] {processor.py:830} INFO - Processing file /home/airflow/.local/lib/python3.8/site-packages/airflow/example_dags/example_task_group_decorator.py for tasks to queue
[2025-07-08T09:46:28.331+0000] {logging_mixin.py:188} INFO - [2025-07-08T09:46:28.330+0000] {dagbag.py:538} INFO - Filling up the DagBag from /home/airflow/.local/lib/python3.8/site-packages/airflow/example_dags/example_task_group_decorator.py
[2025-07-08T09:46:28.362+0000] {processor.py:840} INFO - DAG(s) 'example_task_group_decorator' retrieved from /home/airflow/.local/lib/python3.8/site-packages/airflow/example_dags/example_task_group_decorator.py
[2025-07-08T09:46:28.424+0000] {logging_mixin.py:188} INFO - [2025-07-08T09:46:28.423+0000] {dag.py:3036} INFO - Sync 1 DAGs
[2025-07-08T09:46:28.467+0000] {logging_mixin.py:188} INFO - [2025-07-08T09:46:28.467+0000] {dag.py:3823} INFO - Setting next_dagrun for example_task_group_decorator to 2025-07-07 00:00:00+00:00, run_after=2025-07-08 00:00:00+00:00
[2025-07-08T09:46:28.508+0000] {processor.py:183} INFO - Processing /home/airflow/.local/lib/python3.8/site-packages/airflow/example_dags/example_task_group_decorator.py took 0.187 seconds
[2025-07-08T09:46:58.988+0000] {processor.py:161} INFO - Started process (PID=5366) to work on /home/airflow/.local/lib/python3.8/site-packages/airflow/example_dags/example_task_group_decorator.py
[2025-07-08T09:46:58.996+0000] {processor.py:830} INFO - Processing file /home/airflow/.local/lib/python3.8/site-packages/airflow/example_dags/example_task_group_decorator.py for tasks to queue
[2025-07-08T09:46:58.999+0000] {logging_mixin.py:188} INFO - [2025-07-08T09:46:58.999+0000] {dagbag.py:538} INFO - Filling up the DagBag from /home/airflow/.local/lib/python3.8/site-packages/airflow/example_dags/example_task_group_decorator.py
[2025-07-08T09:46:59.043+0000] {processor.py:840} INFO - DAG(s) 'example_task_group_decorator' retrieved from /home/airflow/.local/lib/python3.8/site-packages/airflow/example_dags/example_task_group_decorator.py
[2025-07-08T09:46:59.109+0000] {logging_mixin.py:188} INFO - [2025-07-08T09:46:59.109+0000] {dag.py:3036} INFO - Sync 1 DAGs
[2025-07-08T09:46:59.159+0000] {logging_mixin.py:188} INFO - [2025-07-08T09:46:59.158+0000] {dag.py:3823} INFO - Setting next_dagrun for example_task_group_decorator to 2025-07-07 00:00:00+00:00, run_after=2025-07-08 00:00:00+00:00
[2025-07-08T09:46:59.238+0000] {processor.py:183} INFO - Processing /home/airflow/.local/lib/python3.8/site-packages/airflow/example_dags/example_task_group_decorator.py took 0.264 seconds
[2025-07-08T09:47:29.443+0000] {processor.py:161} INFO - Started process (PID=5431) to work on /home/airflow/.local/lib/python3.8/site-packages/airflow/example_dags/example_task_group_decorator.py
[2025-07-08T09:47:29.445+0000] {processor.py:830} INFO - Processing file /home/airflow/.local/lib/python3.8/site-packages/airflow/example_dags/example_task_group_decorator.py for tasks to queue
[2025-07-08T09:47:29.456+0000] {logging_mixin.py:188} INFO - [2025-07-08T09:47:29.447+0000] {dagbag.py:538} INFO - Filling up the DagBag from /home/airflow/.local/lib/python3.8/site-packages/airflow/example_dags/example_task_group_decorator.py
[2025-07-08T09:47:29.521+0000] {processor.py:840} INFO - DAG(s) 'example_task_group_decorator' retrieved from /home/airflow/.local/lib/python3.8/site-packages/airflow/example_dags/example_task_group_decorator.py
[2025-07-08T09:47:29.665+0000] {logging_mixin.py:188} INFO - [2025-07-08T09:47:29.665+0000] {dag.py:3036} INFO - Sync 1 DAGs
[2025-07-08T09:47:29.762+0000] {logging_mixin.py:188} INFO - [2025-07-08T09:47:29.762+0000] {dag.py:3823} INFO - Setting next_dagrun for example_task_group_decorator to 2025-07-07 00:00:00+00:00, run_after=2025-07-08 00:00:00+00:00
[2025-07-08T09:47:29.819+0000] {processor.py:183} INFO - Processing /home/airflow/.local/lib/python3.8/site-packages/airflow/example_dags/example_task_group_decorator.py took 0.391 seconds
[2025-07-08T09:48:00.040+0000] {processor.py:161} INFO - Started process (PID=5496) to work on /home/airflow/.local/lib/python3.8/site-packages/airflow/example_dags/example_task_group_decorator.py
[2025-07-08T09:48:00.048+0000] {processor.py:830} INFO - Processing file /home/airflow/.local/lib/python3.8/site-packages/airflow/example_dags/example_task_group_decorator.py for tasks to queue
[2025-07-08T09:48:00.052+0000] {logging_mixin.py:188} INFO - [2025-07-08T09:48:00.051+0000] {dagbag.py:538} INFO - Filling up the DagBag from /home/airflow/.local/lib/python3.8/site-packages/airflow/example_dags/example_task_group_decorator.py
[2025-07-08T09:48:00.101+0000] {processor.py:840} INFO - DAG(s) 'example_task_group_decorator' retrieved from /home/airflow/.local/lib/python3.8/site-packages/airflow/example_dags/example_task_group_decorator.py
[2025-07-08T09:48:00.154+0000] {logging_mixin.py:188} INFO - [2025-07-08T09:48:00.154+0000] {dag.py:3036} INFO - Sync 1 DAGs
[2025-07-08T09:48:00.204+0000] {logging_mixin.py:188} INFO - [2025-07-08T09:48:00.204+0000] {dag.py:3823} INFO - Setting next_dagrun for example_task_group_decorator to 2025-07-07 00:00:00+00:00, run_after=2025-07-08 00:00:00+00:00
[2025-07-08T09:48:00.256+0000] {processor.py:183} INFO - Processing /home/airflow/.local/lib/python3.8/site-packages/airflow/example_dags/example_task_group_decorator.py took 0.230 seconds
[2025-07-08T09:48:30.711+0000] {processor.py:161} INFO - Started process (PID=5555) to work on /home/airflow/.local/lib/python3.8/site-packages/airflow/example_dags/example_task_group_decorator.py
[2025-07-08T09:48:30.712+0000] {processor.py:830} INFO - Processing file /home/airflow/.local/lib/python3.8/site-packages/airflow/example_dags/example_task_group_decorator.py for tasks to queue
[2025-07-08T09:48:30.715+0000] {logging_mixin.py:188} INFO - [2025-07-08T09:48:30.715+0000] {dagbag.py:538} INFO - Filling up the DagBag from /home/airflow/.local/lib/python3.8/site-packages/airflow/example_dags/example_task_group_decorator.py
[2025-07-08T09:48:30.748+0000] {processor.py:840} INFO - DAG(s) 'example_task_group_decorator' retrieved from /home/airflow/.local/lib/python3.8/site-packages/airflow/example_dags/example_task_group_decorator.py
[2025-07-08T09:48:30.800+0000] {logging_mixin.py:188} INFO - [2025-07-08T09:48:30.799+0000] {dag.py:3036} INFO - Sync 1 DAGs
[2025-07-08T09:48:30.843+0000] {logging_mixin.py:188} INFO - [2025-07-08T09:48:30.843+0000] {dag.py:3823} INFO - Setting next_dagrun for example_task_group_decorator to 2025-07-07 00:00:00+00:00, run_after=2025-07-08 00:00:00+00:00
[2025-07-08T09:48:30.893+0000] {processor.py:183} INFO - Processing /home/airflow/.local/lib/python3.8/site-packages/airflow/example_dags/example_task_group_decorator.py took 0.188 seconds
[2025-07-08T09:49:01.869+0000] {processor.py:161} INFO - Started process (PID=5620) to work on /home/airflow/.local/lib/python3.8/site-packages/airflow/example_dags/example_task_group_decorator.py
[2025-07-08T09:49:01.871+0000] {processor.py:830} INFO - Processing file /home/airflow/.local/lib/python3.8/site-packages/airflow/example_dags/example_task_group_decorator.py for tasks to queue
[2025-07-08T09:49:01.874+0000] {logging_mixin.py:188} INFO - [2025-07-08T09:49:01.874+0000] {dagbag.py:538} INFO - Filling up the DagBag from /home/airflow/.local/lib/python3.8/site-packages/airflow/example_dags/example_task_group_decorator.py
[2025-07-08T09:49:01.916+0000] {processor.py:840} INFO - DAG(s) 'example_task_group_decorator' retrieved from /home/airflow/.local/lib/python3.8/site-packages/airflow/example_dags/example_task_group_decorator.py
[2025-07-08T09:49:01.969+0000] {logging_mixin.py:188} INFO - [2025-07-08T09:49:01.968+0000] {dag.py:3036} INFO - Sync 1 DAGs
[2025-07-08T09:49:02.014+0000] {logging_mixin.py:188} INFO - [2025-07-08T09:49:02.014+0000] {dag.py:3823} INFO - Setting next_dagrun for example_task_group_decorator to 2025-07-07 00:00:00+00:00, run_after=2025-07-08 00:00:00+00:00
[2025-07-08T09:49:02.063+0000] {processor.py:183} INFO - Processing /home/airflow/.local/lib/python3.8/site-packages/airflow/example_dags/example_task_group_decorator.py took 0.201 seconds
[2025-07-08T09:49:32.355+0000] {processor.py:161} INFO - Started process (PID=5686) to work on /home/airflow/.local/lib/python3.8/site-packages/airflow/example_dags/example_task_group_decorator.py
[2025-07-08T09:49:32.357+0000] {processor.py:830} INFO - Processing file /home/airflow/.local/lib/python3.8/site-packages/airflow/example_dags/example_task_group_decorator.py for tasks to queue
[2025-07-08T09:49:32.368+0000] {logging_mixin.py:188} INFO - [2025-07-08T09:49:32.359+0000] {dagbag.py:538} INFO - Filling up the DagBag from /home/airflow/.local/lib/python3.8/site-packages/airflow/example_dags/example_task_group_decorator.py
[2025-07-08T09:49:32.450+0000] {processor.py:840} INFO - DAG(s) 'example_task_group_decorator' retrieved from /home/airflow/.local/lib/python3.8/site-packages/airflow/example_dags/example_task_group_decorator.py
[2025-07-08T09:49:32.597+0000] {logging_mixin.py:188} INFO - [2025-07-08T09:49:32.589+0000] {dag.py:3036} INFO - Sync 1 DAGs
[2025-07-08T09:49:32.672+0000] {logging_mixin.py:188} INFO - [2025-07-08T09:49:32.671+0000] {dag.py:3823} INFO - Setting next_dagrun for example_task_group_decorator to 2025-07-07 00:00:00+00:00, run_after=2025-07-08 00:00:00+00:00
[2025-07-08T09:49:32.724+0000] {processor.py:183} INFO - Processing /home/airflow/.local/lib/python3.8/site-packages/airflow/example_dags/example_task_group_decorator.py took 0.394 seconds
[2025-07-08T09:50:03.104+0000] {processor.py:161} INFO - Started process (PID=5752) to work on /home/airflow/.local/lib/python3.8/site-packages/airflow/example_dags/example_task_group_decorator.py
[2025-07-08T09:50:03.108+0000] {processor.py:830} INFO - Processing file /home/airflow/.local/lib/python3.8/site-packages/airflow/example_dags/example_task_group_decorator.py for tasks to queue
[2025-07-08T09:50:03.111+0000] {logging_mixin.py:188} INFO - [2025-07-08T09:50:03.110+0000] {dagbag.py:538} INFO - Filling up the DagBag from /home/airflow/.local/lib/python3.8/site-packages/airflow/example_dags/example_task_group_decorator.py
[2025-07-08T09:50:03.189+0000] {processor.py:840} INFO - DAG(s) 'example_task_group_decorator' retrieved from /home/airflow/.local/lib/python3.8/site-packages/airflow/example_dags/example_task_group_decorator.py
[2025-07-08T09:50:03.303+0000] {logging_mixin.py:188} INFO - [2025-07-08T09:50:03.295+0000] {dag.py:3036} INFO - Sync 1 DAGs
[2025-07-08T09:50:03.487+0000] {logging_mixin.py:188} INFO - [2025-07-08T09:50:03.486+0000] {dag.py:3823} INFO - Setting next_dagrun for example_task_group_decorator to 2025-07-07 00:00:00+00:00, run_after=2025-07-08 00:00:00+00:00
[2025-07-08T09:50:03.526+0000] {processor.py:183} INFO - Processing /home/airflow/.local/lib/python3.8/site-packages/airflow/example_dags/example_task_group_decorator.py took 0.436 seconds
[2025-07-08T09:50:33.807+0000] {processor.py:161} INFO - Started process (PID=5818) to work on /home/airflow/.local/lib/python3.8/site-packages/airflow/example_dags/example_task_group_decorator.py
[2025-07-08T09:50:33.808+0000] {processor.py:830} INFO - Processing file /home/airflow/.local/lib/python3.8/site-packages/airflow/example_dags/example_task_group_decorator.py for tasks to queue
[2025-07-08T09:50:33.811+0000] {logging_mixin.py:188} INFO - [2025-07-08T09:50:33.811+0000] {dagbag.py:538} INFO - Filling up the DagBag from /home/airflow/.local/lib/python3.8/site-packages/airflow/example_dags/example_task_group_decorator.py
[2025-07-08T09:50:33.842+0000] {processor.py:840} INFO - DAG(s) 'example_task_group_decorator' retrieved from /home/airflow/.local/lib/python3.8/site-packages/airflow/example_dags/example_task_group_decorator.py
[2025-07-08T09:50:33.934+0000] {logging_mixin.py:188} INFO - [2025-07-08T09:50:33.934+0000] {dag.py:3036} INFO - Sync 1 DAGs
[2025-07-08T09:50:34.014+0000] {logging_mixin.py:188} INFO - [2025-07-08T09:50:34.014+0000] {dag.py:3823} INFO - Setting next_dagrun for example_task_group_decorator to 2025-07-07 00:00:00+00:00, run_after=2025-07-08 00:00:00+00:00
[2025-07-08T09:50:34.097+0000] {processor.py:183} INFO - Processing /home/airflow/.local/lib/python3.8/site-packages/airflow/example_dags/example_task_group_decorator.py took 0.296 seconds
[2025-07-08T09:51:04.260+0000] {processor.py:161} INFO - Started process (PID=5876) to work on /home/airflow/.local/lib/python3.8/site-packages/airflow/example_dags/example_task_group_decorator.py
[2025-07-08T09:51:04.262+0000] {processor.py:830} INFO - Processing file /home/airflow/.local/lib/python3.8/site-packages/airflow/example_dags/example_task_group_decorator.py for tasks to queue
[2025-07-08T09:51:04.269+0000] {logging_mixin.py:188} INFO - [2025-07-08T09:51:04.265+0000] {dagbag.py:538} INFO - Filling up the DagBag from /home/airflow/.local/lib/python3.8/site-packages/airflow/example_dags/example_task_group_decorator.py
[2025-07-08T09:51:04.376+0000] {processor.py:840} INFO - DAG(s) 'example_task_group_decorator' retrieved from /home/airflow/.local/lib/python3.8/site-packages/airflow/example_dags/example_task_group_decorator.py
[2025-07-08T09:51:04.440+0000] {logging_mixin.py:188} INFO - [2025-07-08T09:51:04.439+0000] {dag.py:3036} INFO - Sync 1 DAGs
[2025-07-08T09:51:04.531+0000] {logging_mixin.py:188} INFO - [2025-07-08T09:51:04.531+0000] {dag.py:3823} INFO - Setting next_dagrun for example_task_group_decorator to 2025-07-07 00:00:00+00:00, run_after=2025-07-08 00:00:00+00:00
[2025-07-08T09:51:04.620+0000] {processor.py:183} INFO - Processing /home/airflow/.local/lib/python3.8/site-packages/airflow/example_dags/example_task_group_decorator.py took 0.367 seconds
[2025-07-08T09:51:34.776+0000] {processor.py:161} INFO - Started process (PID=5942) to work on /home/airflow/.local/lib/python3.8/site-packages/airflow/example_dags/example_task_group_decorator.py
[2025-07-08T09:51:34.794+0000] {processor.py:830} INFO - Processing file /home/airflow/.local/lib/python3.8/site-packages/airflow/example_dags/example_task_group_decorator.py for tasks to queue
[2025-07-08T09:51:34.797+0000] {logging_mixin.py:188} INFO - [2025-07-08T09:51:34.796+0000] {dagbag.py:538} INFO - Filling up the DagBag from /home/airflow/.local/lib/python3.8/site-packages/airflow/example_dags/example_task_group_decorator.py
[2025-07-08T09:51:34.847+0000] {processor.py:840} INFO - DAG(s) 'example_task_group_decorator' retrieved from /home/airflow/.local/lib/python3.8/site-packages/airflow/example_dags/example_task_group_decorator.py
[2025-07-08T09:51:34.923+0000] {logging_mixin.py:188} INFO - [2025-07-08T09:51:34.923+0000] {dag.py:3036} INFO - Sync 1 DAGs
[2025-07-08T09:51:34.972+0000] {logging_mixin.py:188} INFO - [2025-07-08T09:51:34.971+0000] {dag.py:3823} INFO - Setting next_dagrun for example_task_group_decorator to 2025-07-07 00:00:00+00:00, run_after=2025-07-08 00:00:00+00:00
[2025-07-08T09:51:35.008+0000] {processor.py:183} INFO - Processing /home/airflow/.local/lib/python3.8/site-packages/airflow/example_dags/example_task_group_decorator.py took 0.247 seconds
[2025-07-08T09:52:05.509+0000] {processor.py:161} INFO - Started process (PID=6009) to work on /home/airflow/.local/lib/python3.8/site-packages/airflow/example_dags/example_task_group_decorator.py
[2025-07-08T09:52:05.511+0000] {processor.py:830} INFO - Processing file /home/airflow/.local/lib/python3.8/site-packages/airflow/example_dags/example_task_group_decorator.py for tasks to queue
[2025-07-08T09:52:05.514+0000] {logging_mixin.py:188} INFO - [2025-07-08T09:52:05.514+0000] {dagbag.py:538} INFO - Filling up the DagBag from /home/airflow/.local/lib/python3.8/site-packages/airflow/example_dags/example_task_group_decorator.py
[2025-07-08T09:52:05.548+0000] {processor.py:840} INFO - DAG(s) 'example_task_group_decorator' retrieved from /home/airflow/.local/lib/python3.8/site-packages/airflow/example_dags/example_task_group_decorator.py
[2025-07-08T09:52:05.602+0000] {logging_mixin.py:188} INFO - [2025-07-08T09:52:05.601+0000] {dag.py:3036} INFO - Sync 1 DAGs
[2025-07-08T09:52:05.686+0000] {logging_mixin.py:188} INFO - [2025-07-08T09:52:05.686+0000] {dag.py:3823} INFO - Setting next_dagrun for example_task_group_decorator to 2025-07-07 00:00:00+00:00, run_after=2025-07-08 00:00:00+00:00
[2025-07-08T09:52:05.761+0000] {processor.py:183} INFO - Processing /home/airflow/.local/lib/python3.8/site-packages/airflow/example_dags/example_task_group_decorator.py took 0.259 seconds
[2025-07-08T09:52:36.599+0000] {processor.py:161} INFO - Started process (PID=6074) to work on /home/airflow/.local/lib/python3.8/site-packages/airflow/example_dags/example_task_group_decorator.py
[2025-07-08T09:52:36.600+0000] {processor.py:830} INFO - Processing file /home/airflow/.local/lib/python3.8/site-packages/airflow/example_dags/example_task_group_decorator.py for tasks to queue
[2025-07-08T09:52:36.604+0000] {logging_mixin.py:188} INFO - [2025-07-08T09:52:36.603+0000] {dagbag.py:538} INFO - Filling up the DagBag from /home/airflow/.local/lib/python3.8/site-packages/airflow/example_dags/example_task_group_decorator.py
[2025-07-08T09:52:36.653+0000] {processor.py:840} INFO - DAG(s) 'example_task_group_decorator' retrieved from /home/airflow/.local/lib/python3.8/site-packages/airflow/example_dags/example_task_group_decorator.py
[2025-07-08T09:52:36.713+0000] {logging_mixin.py:188} INFO - [2025-07-08T09:52:36.713+0000] {dag.py:3036} INFO - Sync 1 DAGs
[2025-07-08T09:52:36.791+0000] {logging_mixin.py:188} INFO - [2025-07-08T09:52:36.790+0000] {dag.py:3823} INFO - Setting next_dagrun for example_task_group_decorator to 2025-07-07 00:00:00+00:00, run_after=2025-07-08 00:00:00+00:00
[2025-07-08T09:52:36.826+0000] {processor.py:183} INFO - Processing /home/airflow/.local/lib/python3.8/site-packages/airflow/example_dags/example_task_group_decorator.py took 0.235 seconds
[2025-07-08T09:53:07.451+0000] {processor.py:161} INFO - Started process (PID=6133) to work on /home/airflow/.local/lib/python3.8/site-packages/airflow/example_dags/example_task_group_decorator.py
[2025-07-08T09:53:07.455+0000] {processor.py:830} INFO - Processing file /home/airflow/.local/lib/python3.8/site-packages/airflow/example_dags/example_task_group_decorator.py for tasks to queue
[2025-07-08T09:53:07.473+0000] {logging_mixin.py:188} INFO - [2025-07-08T09:53:07.472+0000] {dagbag.py:538} INFO - Filling up the DagBag from /home/airflow/.local/lib/python3.8/site-packages/airflow/example_dags/example_task_group_decorator.py
[2025-07-08T09:53:07.533+0000] {processor.py:840} INFO - DAG(s) 'example_task_group_decorator' retrieved from /home/airflow/.local/lib/python3.8/site-packages/airflow/example_dags/example_task_group_decorator.py
[2025-07-08T09:53:07.697+0000] {logging_mixin.py:188} INFO - [2025-07-08T09:53:07.697+0000] {dag.py:3036} INFO - Sync 1 DAGs
[2025-07-08T09:53:07.813+0000] {logging_mixin.py:188} INFO - [2025-07-08T09:53:07.813+0000] {dag.py:3823} INFO - Setting next_dagrun for example_task_group_decorator to 2025-07-07 00:00:00+00:00, run_after=2025-07-08 00:00:00+00:00
[2025-07-08T09:53:07.889+0000] {processor.py:183} INFO - Processing /home/airflow/.local/lib/python3.8/site-packages/airflow/example_dags/example_task_group_decorator.py took 0.451 seconds
[2025-07-08T09:53:38.663+0000] {processor.py:161} INFO - Started process (PID=6201) to work on /home/airflow/.local/lib/python3.8/site-packages/airflow/example_dags/example_task_group_decorator.py
[2025-07-08T09:53:38.674+0000] {processor.py:830} INFO - Processing file /home/airflow/.local/lib/python3.8/site-packages/airflow/example_dags/example_task_group_decorator.py for tasks to queue
[2025-07-08T09:53:38.677+0000] {logging_mixin.py:188} INFO - [2025-07-08T09:53:38.676+0000] {dagbag.py:538} INFO - Filling up the DagBag from /home/airflow/.local/lib/python3.8/site-packages/airflow/example_dags/example_task_group_decorator.py
[2025-07-08T09:53:38.718+0000] {processor.py:840} INFO - DAG(s) 'example_task_group_decorator' retrieved from /home/airflow/.local/lib/python3.8/site-packages/airflow/example_dags/example_task_group_decorator.py
[2025-07-08T09:53:38.781+0000] {logging_mixin.py:188} INFO - [2025-07-08T09:53:38.780+0000] {dag.py:3036} INFO - Sync 1 DAGs
[2025-07-08T09:53:38.841+0000] {logging_mixin.py:188} INFO - [2025-07-08T09:53:38.840+0000] {dag.py:3823} INFO - Setting next_dagrun for example_task_group_decorator to 2025-07-07 00:00:00+00:00, run_after=2025-07-08 00:00:00+00:00
[2025-07-08T09:53:38.901+0000] {processor.py:183} INFO - Processing /home/airflow/.local/lib/python3.8/site-packages/airflow/example_dags/example_task_group_decorator.py took 0.257 seconds
[2025-07-08T09:54:09.560+0000] {processor.py:161} INFO - Started process (PID=6270) to work on /home/airflow/.local/lib/python3.8/site-packages/airflow/example_dags/example_task_group_decorator.py
[2025-07-08T09:54:09.562+0000] {processor.py:830} INFO - Processing file /home/airflow/.local/lib/python3.8/site-packages/airflow/example_dags/example_task_group_decorator.py for tasks to queue
[2025-07-08T09:54:09.566+0000] {logging_mixin.py:188} INFO - [2025-07-08T09:54:09.566+0000] {dagbag.py:538} INFO - Filling up the DagBag from /home/airflow/.local/lib/python3.8/site-packages/airflow/example_dags/example_task_group_decorator.py
[2025-07-08T09:54:09.600+0000] {processor.py:840} INFO - DAG(s) 'example_task_group_decorator' retrieved from /home/airflow/.local/lib/python3.8/site-packages/airflow/example_dags/example_task_group_decorator.py
[2025-07-08T09:54:09.652+0000] {logging_mixin.py:188} INFO - [2025-07-08T09:54:09.651+0000] {dag.py:3036} INFO - Sync 1 DAGs
[2025-07-08T09:54:09.697+0000] {logging_mixin.py:188} INFO - [2025-07-08T09:54:09.696+0000] {dag.py:3823} INFO - Setting next_dagrun for example_task_group_decorator to 2025-07-07 00:00:00+00:00, run_after=2025-07-08 00:00:00+00:00
[2025-07-08T09:54:09.749+0000] {processor.py:183} INFO - Processing /home/airflow/.local/lib/python3.8/site-packages/airflow/example_dags/example_task_group_decorator.py took 0.196 seconds
[2025-07-08T09:54:40.131+0000] {processor.py:161} INFO - Started process (PID=6338) to work on /home/airflow/.local/lib/python3.8/site-packages/airflow/example_dags/example_task_group_decorator.py
[2025-07-08T09:54:40.141+0000] {processor.py:830} INFO - Processing file /home/airflow/.local/lib/python3.8/site-packages/airflow/example_dags/example_task_group_decorator.py for tasks to queue
[2025-07-08T09:54:40.145+0000] {logging_mixin.py:188} INFO - [2025-07-08T09:54:40.144+0000] {dagbag.py:538} INFO - Filling up the DagBag from /home/airflow/.local/lib/python3.8/site-packages/airflow/example_dags/example_task_group_decorator.py
[2025-07-08T09:54:40.197+0000] {processor.py:840} INFO - DAG(s) 'example_task_group_decorator' retrieved from /home/airflow/.local/lib/python3.8/site-packages/airflow/example_dags/example_task_group_decorator.py
[2025-07-08T09:54:40.248+0000] {logging_mixin.py:188} INFO - [2025-07-08T09:54:40.248+0000] {dag.py:3036} INFO - Sync 1 DAGs
[2025-07-08T09:54:40.305+0000] {logging_mixin.py:188} INFO - [2025-07-08T09:54:40.305+0000] {dag.py:3823} INFO - Setting next_dagrun for example_task_group_decorator to 2025-07-07 00:00:00+00:00, run_after=2025-07-08 00:00:00+00:00
[2025-07-08T09:54:40.343+0000] {processor.py:183} INFO - Processing /home/airflow/.local/lib/python3.8/site-packages/airflow/example_dags/example_task_group_decorator.py took 0.266 seconds
[2025-07-08T09:55:11.053+0000] {processor.py:161} INFO - Started process (PID=6406) to work on /home/airflow/.local/lib/python3.8/site-packages/airflow/example_dags/example_task_group_decorator.py
[2025-07-08T09:55:11.068+0000] {processor.py:830} INFO - Processing file /home/airflow/.local/lib/python3.8/site-packages/airflow/example_dags/example_task_group_decorator.py for tasks to queue
[2025-07-08T09:55:11.071+0000] {logging_mixin.py:188} INFO - [2025-07-08T09:55:11.070+0000] {dagbag.py:538} INFO - Filling up the DagBag from /home/airflow/.local/lib/python3.8/site-packages/airflow/example_dags/example_task_group_decorator.py
[2025-07-08T09:55:11.181+0000] {processor.py:840} INFO - DAG(s) 'example_task_group_decorator' retrieved from /home/airflow/.local/lib/python3.8/site-packages/airflow/example_dags/example_task_group_decorator.py
[2025-07-08T09:55:11.336+0000] {logging_mixin.py:188} INFO - [2025-07-08T09:55:11.336+0000] {dag.py:3036} INFO - Sync 1 DAGs
[2025-07-08T09:55:11.506+0000] {logging_mixin.py:188} INFO - [2025-07-08T09:55:11.506+0000] {dag.py:3823} INFO - Setting next_dagrun for example_task_group_decorator to 2025-07-07 00:00:00+00:00, run_after=2025-07-08 00:00:00+00:00
[2025-07-08T09:55:11.639+0000] {processor.py:183} INFO - Processing /home/airflow/.local/lib/python3.8/site-packages/airflow/example_dags/example_task_group_decorator.py took 0.601 seconds
[2025-07-08T09:55:42.393+0000] {processor.py:161} INFO - Started process (PID=6465) to work on /home/airflow/.local/lib/python3.8/site-packages/airflow/example_dags/example_task_group_decorator.py
[2025-07-08T09:55:42.394+0000] {processor.py:830} INFO - Processing file /home/airflow/.local/lib/python3.8/site-packages/airflow/example_dags/example_task_group_decorator.py for tasks to queue
[2025-07-08T09:55:42.409+0000] {logging_mixin.py:188} INFO - [2025-07-08T09:55:42.409+0000] {dagbag.py:538} INFO - Filling up the DagBag from /home/airflow/.local/lib/python3.8/site-packages/airflow/example_dags/example_task_group_decorator.py
[2025-07-08T09:55:42.509+0000] {processor.py:840} INFO - DAG(s) 'example_task_group_decorator' retrieved from /home/airflow/.local/lib/python3.8/site-packages/airflow/example_dags/example_task_group_decorator.py
[2025-07-08T09:55:42.612+0000] {logging_mixin.py:188} INFO - [2025-07-08T09:55:42.611+0000] {dag.py:3036} INFO - Sync 1 DAGs
[2025-07-08T09:55:42.702+0000] {logging_mixin.py:188} INFO - [2025-07-08T09:55:42.701+0000] {dag.py:3823} INFO - Setting next_dagrun for example_task_group_decorator to 2025-07-07 00:00:00+00:00, run_after=2025-07-08 00:00:00+00:00
[2025-07-08T09:55:42.767+0000] {processor.py:183} INFO - Processing /home/airflow/.local/lib/python3.8/site-packages/airflow/example_dags/example_task_group_decorator.py took 0.384 seconds
[2025-07-08T09:56:13.057+0000] {processor.py:161} INFO - Started process (PID=6534) to work on /home/airflow/.local/lib/python3.8/site-packages/airflow/example_dags/example_task_group_decorator.py
[2025-07-08T09:56:13.059+0000] {processor.py:830} INFO - Processing file /home/airflow/.local/lib/python3.8/site-packages/airflow/example_dags/example_task_group_decorator.py for tasks to queue
[2025-07-08T09:56:13.061+0000] {logging_mixin.py:188} INFO - [2025-07-08T09:56:13.061+0000] {dagbag.py:538} INFO - Filling up the DagBag from /home/airflow/.local/lib/python3.8/site-packages/airflow/example_dags/example_task_group_decorator.py
[2025-07-08T09:56:13.090+0000] {processor.py:840} INFO - DAG(s) 'example_task_group_decorator' retrieved from /home/airflow/.local/lib/python3.8/site-packages/airflow/example_dags/example_task_group_decorator.py
[2025-07-08T09:56:13.139+0000] {logging_mixin.py:188} INFO - [2025-07-08T09:56:13.138+0000] {dag.py:3036} INFO - Sync 1 DAGs
[2025-07-08T09:56:13.175+0000] {logging_mixin.py:188} INFO - [2025-07-08T09:56:13.175+0000] {dag.py:3823} INFO - Setting next_dagrun for example_task_group_decorator to 2025-07-07 00:00:00+00:00, run_after=2025-07-08 00:00:00+00:00
[2025-07-08T09:56:13.208+0000] {processor.py:183} INFO - Processing /home/airflow/.local/lib/python3.8/site-packages/airflow/example_dags/example_task_group_decorator.py took 0.157 seconds
[2025-07-08T09:56:43.700+0000] {processor.py:161} INFO - Started process (PID=6601) to work on /home/airflow/.local/lib/python3.8/site-packages/airflow/example_dags/example_task_group_decorator.py
[2025-07-08T09:56:43.702+0000] {processor.py:830} INFO - Processing file /home/airflow/.local/lib/python3.8/site-packages/airflow/example_dags/example_task_group_decorator.py for tasks to queue
[2025-07-08T09:56:43.705+0000] {logging_mixin.py:188} INFO - [2025-07-08T09:56:43.705+0000] {dagbag.py:538} INFO - Filling up the DagBag from /home/airflow/.local/lib/python3.8/site-packages/airflow/example_dags/example_task_group_decorator.py
[2025-07-08T09:56:43.741+0000] {processor.py:840} INFO - DAG(s) 'example_task_group_decorator' retrieved from /home/airflow/.local/lib/python3.8/site-packages/airflow/example_dags/example_task_group_decorator.py
[2025-07-08T09:56:43.793+0000] {logging_mixin.py:188} INFO - [2025-07-08T09:56:43.793+0000] {dag.py:3036} INFO - Sync 1 DAGs
[2025-07-08T09:56:43.841+0000] {logging_mixin.py:188} INFO - [2025-07-08T09:56:43.841+0000] {dag.py:3823} INFO - Setting next_dagrun for example_task_group_decorator to 2025-07-07 00:00:00+00:00, run_after=2025-07-08 00:00:00+00:00
[2025-07-08T09:56:43.876+0000] {processor.py:183} INFO - Processing /home/airflow/.local/lib/python3.8/site-packages/airflow/example_dags/example_task_group_decorator.py took 0.182 seconds
[2025-07-08T09:57:14.078+0000] {processor.py:161} INFO - Started process (PID=6666) to work on /home/airflow/.local/lib/python3.8/site-packages/airflow/example_dags/example_task_group_decorator.py
[2025-07-08T09:57:14.081+0000] {processor.py:830} INFO - Processing file /home/airflow/.local/lib/python3.8/site-packages/airflow/example_dags/example_task_group_decorator.py for tasks to queue
[2025-07-08T09:57:14.088+0000] {logging_mixin.py:188} INFO - [2025-07-08T09:57:14.084+0000] {dagbag.py:538} INFO - Filling up the DagBag from /home/airflow/.local/lib/python3.8/site-packages/airflow/example_dags/example_task_group_decorator.py
[2025-07-08T09:57:14.122+0000] {processor.py:840} INFO - DAG(s) 'example_task_group_decorator' retrieved from /home/airflow/.local/lib/python3.8/site-packages/airflow/example_dags/example_task_group_decorator.py
[2025-07-08T09:57:14.184+0000] {logging_mixin.py:188} INFO - [2025-07-08T09:57:14.184+0000] {dag.py:3036} INFO - Sync 1 DAGs
[2025-07-08T09:57:14.275+0000] {logging_mixin.py:188} INFO - [2025-07-08T09:57:14.275+0000] {dag.py:3823} INFO - Setting next_dagrun for example_task_group_decorator to 2025-07-07 00:00:00+00:00, run_after=2025-07-08 00:00:00+00:00
[2025-07-08T09:57:14.342+0000] {processor.py:183} INFO - Processing /home/airflow/.local/lib/python3.8/site-packages/airflow/example_dags/example_task_group_decorator.py took 0.270 seconds
[2025-07-08T09:57:44.523+0000] {processor.py:161} INFO - Started process (PID=6731) to work on /home/airflow/.local/lib/python3.8/site-packages/airflow/example_dags/example_task_group_decorator.py
[2025-07-08T09:57:44.525+0000] {processor.py:830} INFO - Processing file /home/airflow/.local/lib/python3.8/site-packages/airflow/example_dags/example_task_group_decorator.py for tasks to queue
[2025-07-08T09:57:44.528+0000] {logging_mixin.py:188} INFO - [2025-07-08T09:57:44.527+0000] {dagbag.py:538} INFO - Filling up the DagBag from /home/airflow/.local/lib/python3.8/site-packages/airflow/example_dags/example_task_group_decorator.py
[2025-07-08T09:57:44.562+0000] {processor.py:840} INFO - DAG(s) 'example_task_group_decorator' retrieved from /home/airflow/.local/lib/python3.8/site-packages/airflow/example_dags/example_task_group_decorator.py
[2025-07-08T09:57:44.617+0000] {logging_mixin.py:188} INFO - [2025-07-08T09:57:44.617+0000] {dag.py:3036} INFO - Sync 1 DAGs
[2025-07-08T09:57:44.672+0000] {logging_mixin.py:188} INFO - [2025-07-08T09:57:44.672+0000] {dag.py:3823} INFO - Setting next_dagrun for example_task_group_decorator to 2025-07-07 00:00:00+00:00, run_after=2025-07-08 00:00:00+00:00
[2025-07-08T09:57:44.721+0000] {processor.py:183} INFO - Processing /home/airflow/.local/lib/python3.8/site-packages/airflow/example_dags/example_task_group_decorator.py took 0.204 seconds
[2025-07-08T09:58:15.451+0000] {processor.py:161} INFO - Started process (PID=6798) to work on /home/airflow/.local/lib/python3.8/site-packages/airflow/example_dags/example_task_group_decorator.py
[2025-07-08T09:58:15.453+0000] {processor.py:830} INFO - Processing file /home/airflow/.local/lib/python3.8/site-packages/airflow/example_dags/example_task_group_decorator.py for tasks to queue
[2025-07-08T09:58:15.457+0000] {logging_mixin.py:188} INFO - [2025-07-08T09:58:15.456+0000] {dagbag.py:538} INFO - Filling up the DagBag from /home/airflow/.local/lib/python3.8/site-packages/airflow/example_dags/example_task_group_decorator.py
[2025-07-08T09:58:15.497+0000] {processor.py:840} INFO - DAG(s) 'example_task_group_decorator' retrieved from /home/airflow/.local/lib/python3.8/site-packages/airflow/example_dags/example_task_group_decorator.py
[2025-07-08T09:58:15.548+0000] {logging_mixin.py:188} INFO - [2025-07-08T09:58:15.547+0000] {dag.py:3036} INFO - Sync 1 DAGs
[2025-07-08T09:58:15.638+0000] {logging_mixin.py:188} INFO - [2025-07-08T09:58:15.637+0000] {dag.py:3823} INFO - Setting next_dagrun for example_task_group_decorator to 2025-07-07 00:00:00+00:00, run_after=2025-07-08 00:00:00+00:00
[2025-07-08T09:58:15.689+0000] {processor.py:183} INFO - Processing /home/airflow/.local/lib/python3.8/site-packages/airflow/example_dags/example_task_group_decorator.py took 0.252 seconds
[2025-07-08T09:58:46.111+0000] {processor.py:161} INFO - Started process (PID=6862) to work on /home/airflow/.local/lib/python3.8/site-packages/airflow/example_dags/example_task_group_decorator.py
[2025-07-08T09:58:46.124+0000] {processor.py:830} INFO - Processing file /home/airflow/.local/lib/python3.8/site-packages/airflow/example_dags/example_task_group_decorator.py for tasks to queue
[2025-07-08T09:58:46.127+0000] {logging_mixin.py:188} INFO - [2025-07-08T09:58:46.127+0000] {dagbag.py:538} INFO - Filling up the DagBag from /home/airflow/.local/lib/python3.8/site-packages/airflow/example_dags/example_task_group_decorator.py
[2025-07-08T09:58:46.274+0000] {processor.py:840} INFO - DAG(s) 'example_task_group_decorator' retrieved from /home/airflow/.local/lib/python3.8/site-packages/airflow/example_dags/example_task_group_decorator.py
[2025-07-08T09:58:46.351+0000] {logging_mixin.py:188} INFO - [2025-07-08T09:58:46.350+0000] {dag.py:3036} INFO - Sync 1 DAGs
[2025-07-08T09:58:46.441+0000] {logging_mixin.py:188} INFO - [2025-07-08T09:58:46.441+0000] {dag.py:3823} INFO - Setting next_dagrun for example_task_group_decorator to 2025-07-07 00:00:00+00:00, run_after=2025-07-08 00:00:00+00:00
[2025-07-08T09:58:46.520+0000] {processor.py:183} INFO - Processing /home/airflow/.local/lib/python3.8/site-packages/airflow/example_dags/example_task_group_decorator.py took 0.415 seconds
[2025-07-08T09:59:17.345+0000] {processor.py:161} INFO - Started process (PID=6927) to work on /home/airflow/.local/lib/python3.8/site-packages/airflow/example_dags/example_task_group_decorator.py
[2025-07-08T09:59:17.348+0000] {processor.py:830} INFO - Processing file /home/airflow/.local/lib/python3.8/site-packages/airflow/example_dags/example_task_group_decorator.py for tasks to queue
[2025-07-08T09:59:17.353+0000] {logging_mixin.py:188} INFO - [2025-07-08T09:59:17.353+0000] {dagbag.py:538} INFO - Filling up the DagBag from /home/airflow/.local/lib/python3.8/site-packages/airflow/example_dags/example_task_group_decorator.py
[2025-07-08T09:59:17.458+0000] {processor.py:840} INFO - DAG(s) 'example_task_group_decorator' retrieved from /home/airflow/.local/lib/python3.8/site-packages/airflow/example_dags/example_task_group_decorator.py
[2025-07-08T09:59:17.630+0000] {logging_mixin.py:188} INFO - [2025-07-08T09:59:17.629+0000] {dag.py:3036} INFO - Sync 1 DAGs
[2025-07-08T09:59:17.728+0000] {logging_mixin.py:188} INFO - [2025-07-08T09:59:17.727+0000] {dag.py:3823} INFO - Setting next_dagrun for example_task_group_decorator to 2025-07-07 00:00:00+00:00, run_after=2025-07-08 00:00:00+00:00
[2025-07-08T09:59:17.814+0000] {processor.py:183} INFO - Processing /home/airflow/.local/lib/python3.8/site-packages/airflow/example_dags/example_task_group_decorator.py took 0.501 seconds
[2025-07-08T09:59:48.386+0000] {processor.py:161} INFO - Started process (PID=6992) to work on /home/airflow/.local/lib/python3.8/site-packages/airflow/example_dags/example_task_group_decorator.py
[2025-07-08T09:59:48.388+0000] {processor.py:830} INFO - Processing file /home/airflow/.local/lib/python3.8/site-packages/airflow/example_dags/example_task_group_decorator.py for tasks to queue
[2025-07-08T09:59:48.391+0000] {logging_mixin.py:188} INFO - [2025-07-08T09:59:48.390+0000] {dagbag.py:538} INFO - Filling up the DagBag from /home/airflow/.local/lib/python3.8/site-packages/airflow/example_dags/example_task_group_decorator.py
[2025-07-08T09:59:48.425+0000] {processor.py:840} INFO - DAG(s) 'example_task_group_decorator' retrieved from /home/airflow/.local/lib/python3.8/site-packages/airflow/example_dags/example_task_group_decorator.py
[2025-07-08T09:59:48.478+0000] {logging_mixin.py:188} INFO - [2025-07-08T09:59:48.478+0000] {dag.py:3036} INFO - Sync 1 DAGs
[2025-07-08T09:59:48.529+0000] {logging_mixin.py:188} INFO - [2025-07-08T09:59:48.527+0000] {dag.py:3823} INFO - Setting next_dagrun for example_task_group_decorator to 2025-07-07 00:00:00+00:00, run_after=2025-07-08 00:00:00+00:00
[2025-07-08T09:59:48.568+0000] {processor.py:183} INFO - Processing /home/airflow/.local/lib/python3.8/site-packages/airflow/example_dags/example_task_group_decorator.py took 0.189 seconds
[2025-07-08T10:00:18.869+0000] {processor.py:161} INFO - Started process (PID=7059) to work on /home/airflow/.local/lib/python3.8/site-packages/airflow/example_dags/example_task_group_decorator.py
[2025-07-08T10:00:18.871+0000] {processor.py:830} INFO - Processing file /home/airflow/.local/lib/python3.8/site-packages/airflow/example_dags/example_task_group_decorator.py for tasks to queue
[2025-07-08T10:00:18.875+0000] {logging_mixin.py:188} INFO - [2025-07-08T10:00:18.874+0000] {dagbag.py:538} INFO - Filling up the DagBag from /home/airflow/.local/lib/python3.8/site-packages/airflow/example_dags/example_task_group_decorator.py
[2025-07-08T10:00:18.921+0000] {processor.py:840} INFO - DAG(s) 'example_task_group_decorator' retrieved from /home/airflow/.local/lib/python3.8/site-packages/airflow/example_dags/example_task_group_decorator.py
[2025-07-08T10:00:18.978+0000] {logging_mixin.py:188} INFO - [2025-07-08T10:00:18.977+0000] {dag.py:3036} INFO - Sync 1 DAGs
[2025-07-08T10:00:19.033+0000] {logging_mixin.py:188} INFO - [2025-07-08T10:00:19.032+0000] {dag.py:3823} INFO - Setting next_dagrun for example_task_group_decorator to 2025-07-07 00:00:00+00:00, run_after=2025-07-08 00:00:00+00:00
[2025-07-08T10:00:19.086+0000] {processor.py:183} INFO - Processing /home/airflow/.local/lib/python3.8/site-packages/airflow/example_dags/example_task_group_decorator.py took 0.224 seconds
[2025-07-08T10:00:49.196+0000] {processor.py:161} INFO - Started process (PID=7127) to work on /home/airflow/.local/lib/python3.8/site-packages/airflow/example_dags/example_task_group_decorator.py
[2025-07-08T10:00:49.198+0000] {processor.py:830} INFO - Processing file /home/airflow/.local/lib/python3.8/site-packages/airflow/example_dags/example_task_group_decorator.py for tasks to queue
[2025-07-08T10:00:49.201+0000] {logging_mixin.py:188} INFO - [2025-07-08T10:00:49.200+0000] {dagbag.py:538} INFO - Filling up the DagBag from /home/airflow/.local/lib/python3.8/site-packages/airflow/example_dags/example_task_group_decorator.py
[2025-07-08T10:00:49.228+0000] {processor.py:840} INFO - DAG(s) 'example_task_group_decorator' retrieved from /home/airflow/.local/lib/python3.8/site-packages/airflow/example_dags/example_task_group_decorator.py
[2025-07-08T10:00:49.283+0000] {logging_mixin.py:188} INFO - [2025-07-08T10:00:49.283+0000] {dag.py:3036} INFO - Sync 1 DAGs
[2025-07-08T10:00:49.335+0000] {logging_mixin.py:188} INFO - [2025-07-08T10:00:49.334+0000] {dag.py:3823} INFO - Setting next_dagrun for example_task_group_decorator to 2025-07-07 00:00:00+00:00, run_after=2025-07-08 00:00:00+00:00
[2025-07-08T10:00:49.382+0000] {processor.py:183} INFO - Processing /home/airflow/.local/lib/python3.8/site-packages/airflow/example_dags/example_task_group_decorator.py took 0.191 seconds
[2025-07-08T10:01:19.532+0000] {processor.py:161} INFO - Started process (PID=7195) to work on /home/airflow/.local/lib/python3.8/site-packages/airflow/example_dags/example_task_group_decorator.py
[2025-07-08T10:01:19.535+0000] {processor.py:830} INFO - Processing file /home/airflow/.local/lib/python3.8/site-packages/airflow/example_dags/example_task_group_decorator.py for tasks to queue
[2025-07-08T10:01:19.539+0000] {logging_mixin.py:188} INFO - [2025-07-08T10:01:19.538+0000] {dagbag.py:538} INFO - Filling up the DagBag from /home/airflow/.local/lib/python3.8/site-packages/airflow/example_dags/example_task_group_decorator.py
[2025-07-08T10:01:19.572+0000] {processor.py:840} INFO - DAG(s) 'example_task_group_decorator' retrieved from /home/airflow/.local/lib/python3.8/site-packages/airflow/example_dags/example_task_group_decorator.py
[2025-07-08T10:01:19.625+0000] {logging_mixin.py:188} INFO - [2025-07-08T10:01:19.625+0000] {dag.py:3036} INFO - Sync 1 DAGs
[2025-07-08T10:01:19.677+0000] {logging_mixin.py:188} INFO - [2025-07-08T10:01:19.676+0000] {dag.py:3823} INFO - Setting next_dagrun for example_task_group_decorator to 2025-07-07 00:00:00+00:00, run_after=2025-07-08 00:00:00+00:00
[2025-07-08T10:01:19.716+0000] {processor.py:183} INFO - Processing /home/airflow/.local/lib/python3.8/site-packages/airflow/example_dags/example_task_group_decorator.py took 0.190 seconds
[2025-07-08T10:01:50.196+0000] {processor.py:161} INFO - Started process (PID=7263) to work on /home/airflow/.local/lib/python3.8/site-packages/airflow/example_dags/example_task_group_decorator.py
[2025-07-08T10:01:50.198+0000] {processor.py:830} INFO - Processing file /home/airflow/.local/lib/python3.8/site-packages/airflow/example_dags/example_task_group_decorator.py for tasks to queue
[2025-07-08T10:01:50.202+0000] {logging_mixin.py:188} INFO - [2025-07-08T10:01:50.201+0000] {dagbag.py:538} INFO - Filling up the DagBag from /home/airflow/.local/lib/python3.8/site-packages/airflow/example_dags/example_task_group_decorator.py
[2025-07-08T10:01:50.250+0000] {processor.py:840} INFO - DAG(s) 'example_task_group_decorator' retrieved from /home/airflow/.local/lib/python3.8/site-packages/airflow/example_dags/example_task_group_decorator.py
[2025-07-08T10:01:50.310+0000] {logging_mixin.py:188} INFO - [2025-07-08T10:01:50.310+0000] {dag.py:3036} INFO - Sync 1 DAGs
[2025-07-08T10:01:50.366+0000] {logging_mixin.py:188} INFO - [2025-07-08T10:01:50.365+0000] {dag.py:3823} INFO - Setting next_dagrun for example_task_group_decorator to 2025-07-07 00:00:00+00:00, run_after=2025-07-08 00:00:00+00:00
[2025-07-08T10:01:50.409+0000] {processor.py:183} INFO - Processing /home/airflow/.local/lib/python3.8/site-packages/airflow/example_dags/example_task_group_decorator.py took 0.220 seconds
[2025-07-08T10:02:20.700+0000] {processor.py:161} INFO - Started process (PID=7323) to work on /home/airflow/.local/lib/python3.8/site-packages/airflow/example_dags/example_task_group_decorator.py
[2025-07-08T10:02:20.702+0000] {processor.py:830} INFO - Processing file /home/airflow/.local/lib/python3.8/site-packages/airflow/example_dags/example_task_group_decorator.py for tasks to queue
[2025-07-08T10:02:20.705+0000] {logging_mixin.py:188} INFO - [2025-07-08T10:02:20.705+0000] {dagbag.py:538} INFO - Filling up the DagBag from /home/airflow/.local/lib/python3.8/site-packages/airflow/example_dags/example_task_group_decorator.py
[2025-07-08T10:02:20.748+0000] {processor.py:840} INFO - DAG(s) 'example_task_group_decorator' retrieved from /home/airflow/.local/lib/python3.8/site-packages/airflow/example_dags/example_task_group_decorator.py
[2025-07-08T10:02:20.851+0000] {logging_mixin.py:188} INFO - [2025-07-08T10:02:20.850+0000] {dag.py:3036} INFO - Sync 1 DAGs
[2025-07-08T10:02:20.919+0000] {logging_mixin.py:188} INFO - [2025-07-08T10:02:20.919+0000] {dag.py:3823} INFO - Setting next_dagrun for example_task_group_decorator to 2025-07-07 00:00:00+00:00, run_after=2025-07-08 00:00:00+00:00
[2025-07-08T10:02:20.970+0000] {processor.py:183} INFO - Processing /home/airflow/.local/lib/python3.8/site-packages/airflow/example_dags/example_task_group_decorator.py took 0.279 seconds
[2025-07-08T10:02:51.922+0000] {processor.py:161} INFO - Started process (PID=7390) to work on /home/airflow/.local/lib/python3.8/site-packages/airflow/example_dags/example_task_group_decorator.py
[2025-07-08T10:02:51.924+0000] {processor.py:830} INFO - Processing file /home/airflow/.local/lib/python3.8/site-packages/airflow/example_dags/example_task_group_decorator.py for tasks to queue
[2025-07-08T10:02:51.926+0000] {logging_mixin.py:188} INFO - [2025-07-08T10:02:51.926+0000] {dagbag.py:538} INFO - Filling up the DagBag from /home/airflow/.local/lib/python3.8/site-packages/airflow/example_dags/example_task_group_decorator.py
[2025-07-08T10:02:51.962+0000] {processor.py:840} INFO - DAG(s) 'example_task_group_decorator' retrieved from /home/airflow/.local/lib/python3.8/site-packages/airflow/example_dags/example_task_group_decorator.py
[2025-07-08T10:02:52.033+0000] {logging_mixin.py:188} INFO - [2025-07-08T10:02:52.032+0000] {dag.py:3036} INFO - Sync 1 DAGs
[2025-07-08T10:02:52.072+0000] {logging_mixin.py:188} INFO - [2025-07-08T10:02:52.072+0000] {dag.py:3823} INFO - Setting next_dagrun for example_task_group_decorator to 2025-07-07 00:00:00+00:00, run_after=2025-07-08 00:00:00+00:00
[2025-07-08T10:02:52.103+0000] {processor.py:183} INFO - Processing /home/airflow/.local/lib/python3.8/site-packages/airflow/example_dags/example_task_group_decorator.py took 0.186 seconds
[2025-07-08T10:03:22.427+0000] {processor.py:161} INFO - Started process (PID=7457) to work on /home/airflow/.local/lib/python3.8/site-packages/airflow/example_dags/example_task_group_decorator.py
[2025-07-08T10:03:22.452+0000] {processor.py:830} INFO - Processing file /home/airflow/.local/lib/python3.8/site-packages/airflow/example_dags/example_task_group_decorator.py for tasks to queue
[2025-07-08T10:03:22.455+0000] {logging_mixin.py:188} INFO - [2025-07-08T10:03:22.455+0000] {dagbag.py:538} INFO - Filling up the DagBag from /home/airflow/.local/lib/python3.8/site-packages/airflow/example_dags/example_task_group_decorator.py
[2025-07-08T10:03:22.574+0000] {processor.py:840} INFO - DAG(s) 'example_task_group_decorator' retrieved from /home/airflow/.local/lib/python3.8/site-packages/airflow/example_dags/example_task_group_decorator.py
[2025-07-08T10:03:22.704+0000] {logging_mixin.py:188} INFO - [2025-07-08T10:03:22.704+0000] {dag.py:3036} INFO - Sync 1 DAGs
[2025-07-08T10:03:22.832+0000] {logging_mixin.py:188} INFO - [2025-07-08T10:03:22.832+0000] {dag.py:3823} INFO - Setting next_dagrun for example_task_group_decorator to 2025-07-07 00:00:00+00:00, run_after=2025-07-08 00:00:00+00:00
[2025-07-08T10:03:22.977+0000] {processor.py:183} INFO - Processing /home/airflow/.local/lib/python3.8/site-packages/airflow/example_dags/example_task_group_decorator.py took 0.568 seconds
[2025-07-08T10:03:53.661+0000] {processor.py:161} INFO - Started process (PID=7516) to work on /home/airflow/.local/lib/python3.8/site-packages/airflow/example_dags/example_task_group_decorator.py
[2025-07-08T10:03:53.664+0000] {processor.py:830} INFO - Processing file /home/airflow/.local/lib/python3.8/site-packages/airflow/example_dags/example_task_group_decorator.py for tasks to queue
[2025-07-08T10:03:53.702+0000] {logging_mixin.py:188} INFO - [2025-07-08T10:03:53.691+0000] {dagbag.py:538} INFO - Filling up the DagBag from /home/airflow/.local/lib/python3.8/site-packages/airflow/example_dags/example_task_group_decorator.py
[2025-07-08T10:03:53.799+0000] {processor.py:840} INFO - DAG(s) 'example_task_group_decorator' retrieved from /home/airflow/.local/lib/python3.8/site-packages/airflow/example_dags/example_task_group_decorator.py
[2025-07-08T10:03:53.934+0000] {logging_mixin.py:188} INFO - [2025-07-08T10:03:53.933+0000] {dag.py:3036} INFO - Sync 1 DAGs
[2025-07-08T10:03:54.025+0000] {logging_mixin.py:188} INFO - [2025-07-08T10:03:54.025+0000] {dag.py:3823} INFO - Setting next_dagrun for example_task_group_decorator to 2025-07-07 00:00:00+00:00, run_after=2025-07-08 00:00:00+00:00
[2025-07-08T10:03:54.062+0000] {processor.py:183} INFO - Processing /home/airflow/.local/lib/python3.8/site-packages/airflow/example_dags/example_task_group_decorator.py took 0.430 seconds
[2025-07-08T10:04:25.297+0000] {processor.py:161} INFO - Started process (PID=7584) to work on /home/airflow/.local/lib/python3.8/site-packages/airflow/example_dags/example_task_group_decorator.py
[2025-07-08T10:04:25.312+0000] {processor.py:830} INFO - Processing file /home/airflow/.local/lib/python3.8/site-packages/airflow/example_dags/example_task_group_decorator.py for tasks to queue
[2025-07-08T10:04:25.316+0000] {logging_mixin.py:188} INFO - [2025-07-08T10:04:25.315+0000] {dagbag.py:538} INFO - Filling up the DagBag from /home/airflow/.local/lib/python3.8/site-packages/airflow/example_dags/example_task_group_decorator.py
[2025-07-08T10:04:25.388+0000] {processor.py:840} INFO - DAG(s) 'example_task_group_decorator' retrieved from /home/airflow/.local/lib/python3.8/site-packages/airflow/example_dags/example_task_group_decorator.py
[2025-07-08T10:04:25.498+0000] {logging_mixin.py:188} INFO - [2025-07-08T10:04:25.497+0000] {dag.py:3036} INFO - Sync 1 DAGs
[2025-07-08T10:04:25.588+0000] {logging_mixin.py:188} INFO - [2025-07-08T10:04:25.587+0000] {dag.py:3823} INFO - Setting next_dagrun for example_task_group_decorator to 2025-07-07 00:00:00+00:00, run_after=2025-07-08 00:00:00+00:00
[2025-07-08T10:04:25.663+0000] {processor.py:183} INFO - Processing /home/airflow/.local/lib/python3.8/site-packages/airflow/example_dags/example_task_group_decorator.py took 0.398 seconds
[2025-07-08T10:04:55.991+0000] {processor.py:161} INFO - Started process (PID=7651) to work on /home/airflow/.local/lib/python3.8/site-packages/airflow/example_dags/example_task_group_decorator.py
[2025-07-08T10:04:55.993+0000] {processor.py:830} INFO - Processing file /home/airflow/.local/lib/python3.8/site-packages/airflow/example_dags/example_task_group_decorator.py for tasks to queue
[2025-07-08T10:04:55.997+0000] {logging_mixin.py:188} INFO - [2025-07-08T10:04:55.996+0000] {dagbag.py:538} INFO - Filling up the DagBag from /home/airflow/.local/lib/python3.8/site-packages/airflow/example_dags/example_task_group_decorator.py
[2025-07-08T10:04:56.066+0000] {processor.py:840} INFO - DAG(s) 'example_task_group_decorator' retrieved from /home/airflow/.local/lib/python3.8/site-packages/airflow/example_dags/example_task_group_decorator.py
[2025-07-08T10:04:56.120+0000] {logging_mixin.py:188} INFO - [2025-07-08T10:04:56.119+0000] {dag.py:3036} INFO - Sync 1 DAGs
[2025-07-08T10:04:56.269+0000] {logging_mixin.py:188} INFO - [2025-07-08T10:04:56.268+0000] {dag.py:3823} INFO - Setting next_dagrun for example_task_group_decorator to 2025-07-07 00:00:00+00:00, run_after=2025-07-08 00:00:00+00:00
[2025-07-08T10:04:56.383+0000] {processor.py:183} INFO - Processing /home/airflow/.local/lib/python3.8/site-packages/airflow/example_dags/example_task_group_decorator.py took 0.406 seconds
[2025-07-08T10:05:26.631+0000] {processor.py:161} INFO - Started process (PID=7719) to work on /home/airflow/.local/lib/python3.8/site-packages/airflow/example_dags/example_task_group_decorator.py
[2025-07-08T10:05:26.640+0000] {processor.py:830} INFO - Processing file /home/airflow/.local/lib/python3.8/site-packages/airflow/example_dags/example_task_group_decorator.py for tasks to queue
[2025-07-08T10:05:26.643+0000] {logging_mixin.py:188} INFO - [2025-07-08T10:05:26.643+0000] {dagbag.py:538} INFO - Filling up the DagBag from /home/airflow/.local/lib/python3.8/site-packages/airflow/example_dags/example_task_group_decorator.py
[2025-07-08T10:05:26.680+0000] {processor.py:840} INFO - DAG(s) 'example_task_group_decorator' retrieved from /home/airflow/.local/lib/python3.8/site-packages/airflow/example_dags/example_task_group_decorator.py
[2025-07-08T10:05:26.736+0000] {logging_mixin.py:188} INFO - [2025-07-08T10:05:26.736+0000] {dag.py:3036} INFO - Sync 1 DAGs
[2025-07-08T10:05:26.794+0000] {logging_mixin.py:188} INFO - [2025-07-08T10:05:26.793+0000] {dag.py:3823} INFO - Setting next_dagrun for example_task_group_decorator to 2025-07-07 00:00:00+00:00, run_after=2025-07-08 00:00:00+00:00
[2025-07-08T10:05:26.830+0000] {processor.py:183} INFO - Processing /home/airflow/.local/lib/python3.8/site-packages/airflow/example_dags/example_task_group_decorator.py took 0.207 seconds
[2025-07-08T10:05:57.278+0000] {processor.py:161} INFO - Started process (PID=7788) to work on /home/airflow/.local/lib/python3.8/site-packages/airflow/example_dags/example_task_group_decorator.py
[2025-07-08T10:05:57.279+0000] {processor.py:830} INFO - Processing file /home/airflow/.local/lib/python3.8/site-packages/airflow/example_dags/example_task_group_decorator.py for tasks to queue
[2025-07-08T10:05:57.282+0000] {logging_mixin.py:188} INFO - [2025-07-08T10:05:57.282+0000] {dagbag.py:538} INFO - Filling up the DagBag from /home/airflow/.local/lib/python3.8/site-packages/airflow/example_dags/example_task_group_decorator.py
[2025-07-08T10:05:57.351+0000] {processor.py:840} INFO - DAG(s) 'example_task_group_decorator' retrieved from /home/airflow/.local/lib/python3.8/site-packages/airflow/example_dags/example_task_group_decorator.py
[2025-07-08T10:05:57.455+0000] {logging_mixin.py:188} INFO - [2025-07-08T10:05:57.453+0000] {dag.py:3036} INFO - Sync 1 DAGs
[2025-07-08T10:05:57.566+0000] {logging_mixin.py:188} INFO - [2025-07-08T10:05:57.565+0000] {dag.py:3823} INFO - Setting next_dagrun for example_task_group_decorator to 2025-07-07 00:00:00+00:00, run_after=2025-07-08 00:00:00+00:00
[2025-07-08T10:05:57.656+0000] {processor.py:183} INFO - Processing /home/airflow/.local/lib/python3.8/site-packages/airflow/example_dags/example_task_group_decorator.py took 0.417 seconds
[2025-07-08T10:06:29.197+0000] {processor.py:161} INFO - Started process (PID=7854) to work on /home/airflow/.local/lib/python3.8/site-packages/airflow/example_dags/example_task_group_decorator.py
[2025-07-08T10:06:29.212+0000] {processor.py:830} INFO - Processing file /home/airflow/.local/lib/python3.8/site-packages/airflow/example_dags/example_task_group_decorator.py for tasks to queue
[2025-07-08T10:06:29.216+0000] {logging_mixin.py:188} INFO - [2025-07-08T10:06:29.215+0000] {dagbag.py:538} INFO - Filling up the DagBag from /home/airflow/.local/lib/python3.8/site-packages/airflow/example_dags/example_task_group_decorator.py
[2025-07-08T10:06:29.265+0000] {processor.py:840} INFO - DAG(s) 'example_task_group_decorator' retrieved from /home/airflow/.local/lib/python3.8/site-packages/airflow/example_dags/example_task_group_decorator.py
[2025-07-08T10:06:29.333+0000] {logging_mixin.py:188} INFO - [2025-07-08T10:06:29.332+0000] {dag.py:3036} INFO - Sync 1 DAGs
[2025-07-08T10:06:29.379+0000] {logging_mixin.py:188} INFO - [2025-07-08T10:06:29.379+0000] {dag.py:3823} INFO - Setting next_dagrun for example_task_group_decorator to 2025-07-07 00:00:00+00:00, run_after=2025-07-08 00:00:00+00:00
[2025-07-08T10:06:29.512+0000] {processor.py:183} INFO - Processing /home/airflow/.local/lib/python3.8/site-packages/airflow/example_dags/example_task_group_decorator.py took 0.329 seconds
[2025-07-08T10:06:59.752+0000] {processor.py:161} INFO - Started process (PID=7912) to work on /home/airflow/.local/lib/python3.8/site-packages/airflow/example_dags/example_task_group_decorator.py
[2025-07-08T10:06:59.756+0000] {processor.py:830} INFO - Processing file /home/airflow/.local/lib/python3.8/site-packages/airflow/example_dags/example_task_group_decorator.py for tasks to queue
[2025-07-08T10:06:59.763+0000] {logging_mixin.py:188} INFO - [2025-07-08T10:06:59.763+0000] {dagbag.py:538} INFO - Filling up the DagBag from /home/airflow/.local/lib/python3.8/site-packages/airflow/example_dags/example_task_group_decorator.py
[2025-07-08T10:06:59.804+0000] {processor.py:840} INFO - DAG(s) 'example_task_group_decorator' retrieved from /home/airflow/.local/lib/python3.8/site-packages/airflow/example_dags/example_task_group_decorator.py
[2025-07-08T10:06:59.858+0000] {logging_mixin.py:188} INFO - [2025-07-08T10:06:59.858+0000] {dag.py:3036} INFO - Sync 1 DAGs
[2025-07-08T10:06:59.908+0000] {logging_mixin.py:188} INFO - [2025-07-08T10:06:59.907+0000] {dag.py:3823} INFO - Setting next_dagrun for example_task_group_decorator to 2025-07-07 00:00:00+00:00, run_after=2025-07-08 00:00:00+00:00
[2025-07-08T10:06:59.942+0000] {processor.py:183} INFO - Processing /home/airflow/.local/lib/python3.8/site-packages/airflow/example_dags/example_task_group_decorator.py took 0.216 seconds
[2025-07-08T10:07:30.728+0000] {processor.py:161} INFO - Started process (PID=7980) to work on /home/airflow/.local/lib/python3.8/site-packages/airflow/example_dags/example_task_group_decorator.py
[2025-07-08T10:07:30.731+0000] {processor.py:830} INFO - Processing file /home/airflow/.local/lib/python3.8/site-packages/airflow/example_dags/example_task_group_decorator.py for tasks to queue
[2025-07-08T10:07:30.736+0000] {logging_mixin.py:188} INFO - [2025-07-08T10:07:30.735+0000] {dagbag.py:538} INFO - Filling up the DagBag from /home/airflow/.local/lib/python3.8/site-packages/airflow/example_dags/example_task_group_decorator.py
[2025-07-08T10:07:30.855+0000] {processor.py:840} INFO - DAG(s) 'example_task_group_decorator' retrieved from /home/airflow/.local/lib/python3.8/site-packages/airflow/example_dags/example_task_group_decorator.py
[2025-07-08T10:07:30.985+0000] {logging_mixin.py:188} INFO - [2025-07-08T10:07:30.985+0000] {dag.py:3036} INFO - Sync 1 DAGs
[2025-07-08T10:07:31.084+0000] {logging_mixin.py:188} INFO - [2025-07-08T10:07:31.083+0000] {dag.py:3823} INFO - Setting next_dagrun for example_task_group_decorator to 2025-07-07 00:00:00+00:00, run_after=2025-07-08 00:00:00+00:00
[2025-07-08T10:07:31.225+0000] {processor.py:183} INFO - Processing /home/airflow/.local/lib/python3.8/site-packages/airflow/example_dags/example_task_group_decorator.py took 0.512 seconds
[2025-07-08T10:08:02.103+0000] {processor.py:161} INFO - Started process (PID=8044) to work on /home/airflow/.local/lib/python3.8/site-packages/airflow/example_dags/example_task_group_decorator.py
[2025-07-08T10:08:02.111+0000] {processor.py:830} INFO - Processing file /home/airflow/.local/lib/python3.8/site-packages/airflow/example_dags/example_task_group_decorator.py for tasks to queue
[2025-07-08T10:08:02.114+0000] {logging_mixin.py:188} INFO - [2025-07-08T10:08:02.114+0000] {dagbag.py:538} INFO - Filling up the DagBag from /home/airflow/.local/lib/python3.8/site-packages/airflow/example_dags/example_task_group_decorator.py
[2025-07-08T10:08:02.163+0000] {processor.py:840} INFO - DAG(s) 'example_task_group_decorator' retrieved from /home/airflow/.local/lib/python3.8/site-packages/airflow/example_dags/example_task_group_decorator.py
[2025-07-08T10:08:02.234+0000] {logging_mixin.py:188} INFO - [2025-07-08T10:08:02.233+0000] {dag.py:3036} INFO - Sync 1 DAGs
[2025-07-08T10:08:02.288+0000] {logging_mixin.py:188} INFO - [2025-07-08T10:08:02.287+0000] {dag.py:3823} INFO - Setting next_dagrun for example_task_group_decorator to 2025-07-07 00:00:00+00:00, run_after=2025-07-08 00:00:00+00:00
[2025-07-08T10:08:02.342+0000] {processor.py:183} INFO - Processing /home/airflow/.local/lib/python3.8/site-packages/airflow/example_dags/example_task_group_decorator.py took 0.245 seconds
[2025-07-08T10:08:32.994+0000] {processor.py:161} INFO - Started process (PID=8110) to work on /home/airflow/.local/lib/python3.8/site-packages/airflow/example_dags/example_task_group_decorator.py
[2025-07-08T10:08:33.008+0000] {processor.py:830} INFO - Processing file /home/airflow/.local/lib/python3.8/site-packages/airflow/example_dags/example_task_group_decorator.py for tasks to queue
[2025-07-08T10:08:33.020+0000] {logging_mixin.py:188} INFO - [2025-07-08T10:08:33.011+0000] {dagbag.py:538} INFO - Filling up the DagBag from /home/airflow/.local/lib/python3.8/site-packages/airflow/example_dags/example_task_group_decorator.py
[2025-07-08T10:08:33.114+0000] {processor.py:840} INFO - DAG(s) 'example_task_group_decorator' retrieved from /home/airflow/.local/lib/python3.8/site-packages/airflow/example_dags/example_task_group_decorator.py
[2025-07-08T10:08:33.265+0000] {logging_mixin.py:188} INFO - [2025-07-08T10:08:33.264+0000] {dag.py:3036} INFO - Sync 1 DAGs
[2025-07-08T10:08:33.433+0000] {logging_mixin.py:188} INFO - [2025-07-08T10:08:33.433+0000] {dag.py:3823} INFO - Setting next_dagrun for example_task_group_decorator to 2025-07-07 00:00:00+00:00, run_after=2025-07-08 00:00:00+00:00
[2025-07-08T10:08:33.546+0000] {processor.py:183} INFO - Processing /home/airflow/.local/lib/python3.8/site-packages/airflow/example_dags/example_task_group_decorator.py took 0.579 seconds
[2025-07-08T10:09:03.881+0000] {processor.py:161} INFO - Started process (PID=8171) to work on /home/airflow/.local/lib/python3.8/site-packages/airflow/example_dags/example_task_group_decorator.py
[2025-07-08T10:09:03.888+0000] {processor.py:830} INFO - Processing file /home/airflow/.local/lib/python3.8/site-packages/airflow/example_dags/example_task_group_decorator.py for tasks to queue
[2025-07-08T10:09:03.891+0000] {logging_mixin.py:188} INFO - [2025-07-08T10:09:03.891+0000] {dagbag.py:538} INFO - Filling up the DagBag from /home/airflow/.local/lib/python3.8/site-packages/airflow/example_dags/example_task_group_decorator.py
[2025-07-08T10:09:04.080+0000] {processor.py:840} INFO - DAG(s) 'example_task_group_decorator' retrieved from /home/airflow/.local/lib/python3.8/site-packages/airflow/example_dags/example_task_group_decorator.py
[2025-07-08T10:09:04.222+0000] {logging_mixin.py:188} INFO - [2025-07-08T10:09:04.222+0000] {dag.py:3036} INFO - Sync 1 DAGs
[2025-07-08T10:09:04.323+0000] {logging_mixin.py:188} INFO - [2025-07-08T10:09:04.323+0000] {dag.py:3823} INFO - Setting next_dagrun for example_task_group_decorator to 2025-07-07 00:00:00+00:00, run_after=2025-07-08 00:00:00+00:00
[2025-07-08T10:09:04.396+0000] {processor.py:183} INFO - Processing /home/airflow/.local/lib/python3.8/site-packages/airflow/example_dags/example_task_group_decorator.py took 0.550 seconds
[2025-07-08T10:09:35.098+0000] {processor.py:161} INFO - Started process (PID=8238) to work on /home/airflow/.local/lib/python3.8/site-packages/airflow/example_dags/example_task_group_decorator.py
[2025-07-08T10:09:35.108+0000] {processor.py:830} INFO - Processing file /home/airflow/.local/lib/python3.8/site-packages/airflow/example_dags/example_task_group_decorator.py for tasks to queue
[2025-07-08T10:09:35.112+0000] {logging_mixin.py:188} INFO - [2025-07-08T10:09:35.111+0000] {dagbag.py:538} INFO - Filling up the DagBag from /home/airflow/.local/lib/python3.8/site-packages/airflow/example_dags/example_task_group_decorator.py
[2025-07-08T10:09:35.194+0000] {processor.py:840} INFO - DAG(s) 'example_task_group_decorator' retrieved from /home/airflow/.local/lib/python3.8/site-packages/airflow/example_dags/example_task_group_decorator.py
[2025-07-08T10:09:35.341+0000] {logging_mixin.py:188} INFO - [2025-07-08T10:09:35.341+0000] {dag.py:3036} INFO - Sync 1 DAGs
[2025-07-08T10:09:35.430+0000] {logging_mixin.py:188} INFO - [2025-07-08T10:09:35.429+0000] {dag.py:3823} INFO - Setting next_dagrun for example_task_group_decorator to 2025-07-07 00:00:00+00:00, run_after=2025-07-08 00:00:00+00:00
[2025-07-08T10:09:35.522+0000] {processor.py:183} INFO - Processing /home/airflow/.local/lib/python3.8/site-packages/airflow/example_dags/example_task_group_decorator.py took 0.440 seconds
[2025-07-08T10:10:06.130+0000] {processor.py:161} INFO - Started process (PID=8306) to work on /home/airflow/.local/lib/python3.8/site-packages/airflow/example_dags/example_task_group_decorator.py
[2025-07-08T10:10:06.131+0000] {processor.py:830} INFO - Processing file /home/airflow/.local/lib/python3.8/site-packages/airflow/example_dags/example_task_group_decorator.py for tasks to queue
[2025-07-08T10:10:06.134+0000] {logging_mixin.py:188} INFO - [2025-07-08T10:10:06.133+0000] {dagbag.py:538} INFO - Filling up the DagBag from /home/airflow/.local/lib/python3.8/site-packages/airflow/example_dags/example_task_group_decorator.py
[2025-07-08T10:10:06.335+0000] {processor.py:840} INFO - DAG(s) 'example_task_group_decorator' retrieved from /home/airflow/.local/lib/python3.8/site-packages/airflow/example_dags/example_task_group_decorator.py
[2025-07-08T10:10:06.561+0000] {logging_mixin.py:188} INFO - [2025-07-08T10:10:06.561+0000] {dag.py:3036} INFO - Sync 1 DAGs
[2025-07-08T10:10:06.660+0000] {logging_mixin.py:188} INFO - [2025-07-08T10:10:06.655+0000] {dag.py:3823} INFO - Setting next_dagrun for example_task_group_decorator to 2025-07-07 00:00:00+00:00, run_after=2025-07-08 00:00:00+00:00
[2025-07-08T10:10:06.724+0000] {processor.py:183} INFO - Processing /home/airflow/.local/lib/python3.8/site-packages/airflow/example_dags/example_task_group_decorator.py took 0.609 seconds
[2025-07-08T10:10:37.615+0000] {processor.py:161} INFO - Started process (PID=8375) to work on /home/airflow/.local/lib/python3.8/site-packages/airflow/example_dags/example_task_group_decorator.py
[2025-07-08T10:10:37.624+0000] {processor.py:830} INFO - Processing file /home/airflow/.local/lib/python3.8/site-packages/airflow/example_dags/example_task_group_decorator.py for tasks to queue
[2025-07-08T10:10:37.627+0000] {logging_mixin.py:188} INFO - [2025-07-08T10:10:37.627+0000] {dagbag.py:538} INFO - Filling up the DagBag from /home/airflow/.local/lib/python3.8/site-packages/airflow/example_dags/example_task_group_decorator.py
[2025-07-08T10:10:37.733+0000] {processor.py:840} INFO - DAG(s) 'example_task_group_decorator' retrieved from /home/airflow/.local/lib/python3.8/site-packages/airflow/example_dags/example_task_group_decorator.py
[2025-07-08T10:10:37.785+0000] {logging_mixin.py:188} INFO - [2025-07-08T10:10:37.784+0000] {dag.py:3036} INFO - Sync 1 DAGs
[2025-07-08T10:10:37.841+0000] {logging_mixin.py:188} INFO - [2025-07-08T10:10:37.840+0000] {dag.py:3823} INFO - Setting next_dagrun for example_task_group_decorator to 2025-07-07 00:00:00+00:00, run_after=2025-07-08 00:00:00+00:00
[2025-07-08T10:10:37.902+0000] {processor.py:183} INFO - Processing /home/airflow/.local/lib/python3.8/site-packages/airflow/example_dags/example_task_group_decorator.py took 0.305 seconds
[2025-07-08T10:11:08.757+0000] {processor.py:161} INFO - Started process (PID=8442) to work on /home/airflow/.local/lib/python3.8/site-packages/airflow/example_dags/example_task_group_decorator.py
[2025-07-08T10:11:08.759+0000] {processor.py:830} INFO - Processing file /home/airflow/.local/lib/python3.8/site-packages/airflow/example_dags/example_task_group_decorator.py for tasks to queue
[2025-07-08T10:11:08.779+0000] {logging_mixin.py:188} INFO - [2025-07-08T10:11:08.778+0000] {dagbag.py:538} INFO - Filling up the DagBag from /home/airflow/.local/lib/python3.8/site-packages/airflow/example_dags/example_task_group_decorator.py
[2025-07-08T10:11:08.981+0000] {processor.py:840} INFO - DAG(s) 'example_task_group_decorator' retrieved from /home/airflow/.local/lib/python3.8/site-packages/airflow/example_dags/example_task_group_decorator.py
[2025-07-08T10:11:09.187+0000] {logging_mixin.py:188} INFO - [2025-07-08T10:11:09.187+0000] {dag.py:3036} INFO - Sync 1 DAGs
[2025-07-08T10:11:09.298+0000] {logging_mixin.py:188} INFO - [2025-07-08T10:11:09.298+0000] {dag.py:3823} INFO - Setting next_dagrun for example_task_group_decorator to 2025-07-07 00:00:00+00:00, run_after=2025-07-08 00:00:00+00:00
[2025-07-08T10:11:09.358+0000] {processor.py:183} INFO - Processing /home/airflow/.local/lib/python3.8/site-packages/airflow/example_dags/example_task_group_decorator.py took 0.637 seconds
[2025-07-08T10:11:40.051+0000] {processor.py:161} INFO - Started process (PID=8510) to work on /home/airflow/.local/lib/python3.8/site-packages/airflow/example_dags/example_task_group_decorator.py
[2025-07-08T10:11:40.071+0000] {processor.py:830} INFO - Processing file /home/airflow/.local/lib/python3.8/site-packages/airflow/example_dags/example_task_group_decorator.py for tasks to queue
[2025-07-08T10:11:40.074+0000] {logging_mixin.py:188} INFO - [2025-07-08T10:11:40.074+0000] {dagbag.py:538} INFO - Filling up the DagBag from /home/airflow/.local/lib/python3.8/site-packages/airflow/example_dags/example_task_group_decorator.py
[2025-07-08T10:11:40.328+0000] {processor.py:840} INFO - DAG(s) 'example_task_group_decorator' retrieved from /home/airflow/.local/lib/python3.8/site-packages/airflow/example_dags/example_task_group_decorator.py
[2025-07-08T10:11:40.485+0000] {logging_mixin.py:188} INFO - [2025-07-08T10:11:40.485+0000] {dag.py:3036} INFO - Sync 1 DAGs
[2025-07-08T10:11:40.606+0000] {logging_mixin.py:188} INFO - [2025-07-08T10:11:40.605+0000] {dag.py:3823} INFO - Setting next_dagrun for example_task_group_decorator to 2025-07-07 00:00:00+00:00, run_after=2025-07-08 00:00:00+00:00
[2025-07-08T10:11:40.716+0000] {processor.py:183} INFO - Processing /home/airflow/.local/lib/python3.8/site-packages/airflow/example_dags/example_task_group_decorator.py took 0.681 seconds
[2025-07-08T10:12:11.331+0000] {processor.py:161} INFO - Started process (PID=8571) to work on /home/airflow/.local/lib/python3.8/site-packages/airflow/example_dags/example_task_group_decorator.py
[2025-07-08T10:12:11.332+0000] {processor.py:830} INFO - Processing file /home/airflow/.local/lib/python3.8/site-packages/airflow/example_dags/example_task_group_decorator.py for tasks to queue
[2025-07-08T10:12:11.335+0000] {logging_mixin.py:188} INFO - [2025-07-08T10:12:11.334+0000] {dagbag.py:538} INFO - Filling up the DagBag from /home/airflow/.local/lib/python3.8/site-packages/airflow/example_dags/example_task_group_decorator.py
[2025-07-08T10:12:11.405+0000] {processor.py:840} INFO - DAG(s) 'example_task_group_decorator' retrieved from /home/airflow/.local/lib/python3.8/site-packages/airflow/example_dags/example_task_group_decorator.py
[2025-07-08T10:12:11.538+0000] {logging_mixin.py:188} INFO - [2025-07-08T10:12:11.538+0000] {dag.py:3036} INFO - Sync 1 DAGs
[2025-07-08T10:12:11.607+0000] {logging_mixin.py:188} INFO - [2025-07-08T10:12:11.606+0000] {dag.py:3823} INFO - Setting next_dagrun for example_task_group_decorator to 2025-07-07 00:00:00+00:00, run_after=2025-07-08 00:00:00+00:00
[2025-07-08T10:12:11.698+0000] {processor.py:183} INFO - Processing /home/airflow/.local/lib/python3.8/site-packages/airflow/example_dags/example_task_group_decorator.py took 0.388 seconds
[2025-07-08T10:12:42.149+0000] {processor.py:161} INFO - Started process (PID=8638) to work on /home/airflow/.local/lib/python3.8/site-packages/airflow/example_dags/example_task_group_decorator.py
[2025-07-08T10:12:42.151+0000] {processor.py:830} INFO - Processing file /home/airflow/.local/lib/python3.8/site-packages/airflow/example_dags/example_task_group_decorator.py for tasks to queue
[2025-07-08T10:12:42.154+0000] {logging_mixin.py:188} INFO - [2025-07-08T10:12:42.153+0000] {dagbag.py:538} INFO - Filling up the DagBag from /home/airflow/.local/lib/python3.8/site-packages/airflow/example_dags/example_task_group_decorator.py
[2025-07-08T10:12:42.187+0000] {processor.py:840} INFO - DAG(s) 'example_task_group_decorator' retrieved from /home/airflow/.local/lib/python3.8/site-packages/airflow/example_dags/example_task_group_decorator.py
[2025-07-08T10:12:42.238+0000] {logging_mixin.py:188} INFO - [2025-07-08T10:12:42.238+0000] {dag.py:3036} INFO - Sync 1 DAGs
[2025-07-08T10:12:42.289+0000] {logging_mixin.py:188} INFO - [2025-07-08T10:12:42.289+0000] {dag.py:3823} INFO - Setting next_dagrun for example_task_group_decorator to 2025-07-07 00:00:00+00:00, run_after=2025-07-08 00:00:00+00:00
[2025-07-08T10:12:42.331+0000] {processor.py:183} INFO - Processing /home/airflow/.local/lib/python3.8/site-packages/airflow/example_dags/example_task_group_decorator.py took 0.188 seconds
[2025-07-08T10:13:12.938+0000] {processor.py:161} INFO - Started process (PID=8705) to work on /home/airflow/.local/lib/python3.8/site-packages/airflow/example_dags/example_task_group_decorator.py
[2025-07-08T10:13:12.939+0000] {processor.py:830} INFO - Processing file /home/airflow/.local/lib/python3.8/site-packages/airflow/example_dags/example_task_group_decorator.py for tasks to queue
[2025-07-08T10:13:12.942+0000] {logging_mixin.py:188} INFO - [2025-07-08T10:13:12.942+0000] {dagbag.py:538} INFO - Filling up the DagBag from /home/airflow/.local/lib/python3.8/site-packages/airflow/example_dags/example_task_group_decorator.py
[2025-07-08T10:13:12.981+0000] {processor.py:840} INFO - DAG(s) 'example_task_group_decorator' retrieved from /home/airflow/.local/lib/python3.8/site-packages/airflow/example_dags/example_task_group_decorator.py
[2025-07-08T10:13:13.077+0000] {logging_mixin.py:188} INFO - [2025-07-08T10:13:13.076+0000] {dag.py:3036} INFO - Sync 1 DAGs
[2025-07-08T10:13:13.119+0000] {logging_mixin.py:188} INFO - [2025-07-08T10:13:13.119+0000] {dag.py:3823} INFO - Setting next_dagrun for example_task_group_decorator to 2025-07-07 00:00:00+00:00, run_after=2025-07-08 00:00:00+00:00
[2025-07-08T10:13:13.148+0000] {processor.py:183} INFO - Processing /home/airflow/.local/lib/python3.8/site-packages/airflow/example_dags/example_task_group_decorator.py took 0.235 seconds
[2025-07-08T10:13:43.567+0000] {processor.py:161} INFO - Started process (PID=8774) to work on /home/airflow/.local/lib/python3.8/site-packages/airflow/example_dags/example_task_group_decorator.py
[2025-07-08T10:13:43.572+0000] {processor.py:830} INFO - Processing file /home/airflow/.local/lib/python3.8/site-packages/airflow/example_dags/example_task_group_decorator.py for tasks to queue
[2025-07-08T10:13:43.575+0000] {logging_mixin.py:188} INFO - [2025-07-08T10:13:43.574+0000] {dagbag.py:538} INFO - Filling up the DagBag from /home/airflow/.local/lib/python3.8/site-packages/airflow/example_dags/example_task_group_decorator.py
[2025-07-08T10:13:43.712+0000] {processor.py:840} INFO - DAG(s) 'example_task_group_decorator' retrieved from /home/airflow/.local/lib/python3.8/site-packages/airflow/example_dags/example_task_group_decorator.py
[2025-07-08T10:13:43.829+0000] {logging_mixin.py:188} INFO - [2025-07-08T10:13:43.829+0000] {dag.py:3036} INFO - Sync 1 DAGs
[2025-07-08T10:13:43.926+0000] {logging_mixin.py:188} INFO - [2025-07-08T10:13:43.926+0000] {dag.py:3823} INFO - Setting next_dagrun for example_task_group_decorator to 2025-07-07 00:00:00+00:00, run_after=2025-07-08 00:00:00+00:00
[2025-07-08T10:13:43.998+0000] {processor.py:183} INFO - Processing /home/airflow/.local/lib/python3.8/site-packages/airflow/example_dags/example_task_group_decorator.py took 0.467 seconds
[2025-07-08T10:14:14.086+0000] {processor.py:161} INFO - Started process (PID=8833) to work on /home/airflow/.local/lib/python3.8/site-packages/airflow/example_dags/example_task_group_decorator.py
[2025-07-08T10:14:14.088+0000] {processor.py:830} INFO - Processing file /home/airflow/.local/lib/python3.8/site-packages/airflow/example_dags/example_task_group_decorator.py for tasks to queue
[2025-07-08T10:14:14.093+0000] {logging_mixin.py:188} INFO - [2025-07-08T10:14:14.091+0000] {dagbag.py:538} INFO - Filling up the DagBag from /home/airflow/.local/lib/python3.8/site-packages/airflow/example_dags/example_task_group_decorator.py
[2025-07-08T10:14:14.130+0000] {processor.py:840} INFO - DAG(s) 'example_task_group_decorator' retrieved from /home/airflow/.local/lib/python3.8/site-packages/airflow/example_dags/example_task_group_decorator.py
[2025-07-08T10:14:14.207+0000] {logging_mixin.py:188} INFO - [2025-07-08T10:14:14.206+0000] {dag.py:3036} INFO - Sync 1 DAGs
[2025-07-08T10:14:14.243+0000] {logging_mixin.py:188} INFO - [2025-07-08T10:14:14.243+0000] {dag.py:3823} INFO - Setting next_dagrun for example_task_group_decorator to 2025-07-07 00:00:00+00:00, run_after=2025-07-08 00:00:00+00:00
[2025-07-08T10:14:14.277+0000] {processor.py:183} INFO - Processing /home/airflow/.local/lib/python3.8/site-packages/airflow/example_dags/example_task_group_decorator.py took 0.198 seconds
[2025-07-08T10:14:44.350+0000] {processor.py:161} INFO - Started process (PID=8899) to work on /home/airflow/.local/lib/python3.8/site-packages/airflow/example_dags/example_task_group_decorator.py
[2025-07-08T10:14:44.360+0000] {processor.py:830} INFO - Processing file /home/airflow/.local/lib/python3.8/site-packages/airflow/example_dags/example_task_group_decorator.py for tasks to queue
[2025-07-08T10:14:44.363+0000] {logging_mixin.py:188} INFO - [2025-07-08T10:14:44.363+0000] {dagbag.py:538} INFO - Filling up the DagBag from /home/airflow/.local/lib/python3.8/site-packages/airflow/example_dags/example_task_group_decorator.py
[2025-07-08T10:14:44.432+0000] {processor.py:840} INFO - DAG(s) 'example_task_group_decorator' retrieved from /home/airflow/.local/lib/python3.8/site-packages/airflow/example_dags/example_task_group_decorator.py
[2025-07-08T10:14:44.493+0000] {logging_mixin.py:188} INFO - [2025-07-08T10:14:44.493+0000] {dag.py:3036} INFO - Sync 1 DAGs
[2025-07-08T10:14:44.542+0000] {logging_mixin.py:188} INFO - [2025-07-08T10:14:44.541+0000] {dag.py:3823} INFO - Setting next_dagrun for example_task_group_decorator to 2025-07-07 00:00:00+00:00, run_after=2025-07-08 00:00:00+00:00
[2025-07-08T10:14:44.573+0000] {processor.py:183} INFO - Processing /home/airflow/.local/lib/python3.8/site-packages/airflow/example_dags/example_task_group_decorator.py took 0.240 seconds
[2025-07-08T10:15:14.900+0000] {processor.py:161} INFO - Started process (PID=8969) to work on /home/airflow/.local/lib/python3.8/site-packages/airflow/example_dags/example_task_group_decorator.py
[2025-07-08T10:15:14.901+0000] {processor.py:830} INFO - Processing file /home/airflow/.local/lib/python3.8/site-packages/airflow/example_dags/example_task_group_decorator.py for tasks to queue
[2025-07-08T10:15:14.905+0000] {logging_mixin.py:188} INFO - [2025-07-08T10:15:14.904+0000] {dagbag.py:538} INFO - Filling up the DagBag from /home/airflow/.local/lib/python3.8/site-packages/airflow/example_dags/example_task_group_decorator.py
[2025-07-08T10:15:14.982+0000] {processor.py:840} INFO - DAG(s) 'example_task_group_decorator' retrieved from /home/airflow/.local/lib/python3.8/site-packages/airflow/example_dags/example_task_group_decorator.py
[2025-07-08T10:15:15.099+0000] {logging_mixin.py:188} INFO - [2025-07-08T10:15:15.098+0000] {dag.py:3036} INFO - Sync 1 DAGs
[2025-07-08T10:15:15.229+0000] {logging_mixin.py:188} INFO - [2025-07-08T10:15:15.229+0000] {dag.py:3823} INFO - Setting next_dagrun for example_task_group_decorator to 2025-07-07 00:00:00+00:00, run_after=2025-07-08 00:00:00+00:00
[2025-07-08T10:15:15.346+0000] {processor.py:183} INFO - Processing /home/airflow/.local/lib/python3.8/site-packages/airflow/example_dags/example_task_group_decorator.py took 0.484 seconds
[2025-07-08T10:15:45.468+0000] {processor.py:161} INFO - Started process (PID=9029) to work on /home/airflow/.local/lib/python3.8/site-packages/airflow/example_dags/example_task_group_decorator.py
[2025-07-08T10:15:45.483+0000] {processor.py:830} INFO - Processing file /home/airflow/.local/lib/python3.8/site-packages/airflow/example_dags/example_task_group_decorator.py for tasks to queue
[2025-07-08T10:15:45.486+0000] {logging_mixin.py:188} INFO - [2025-07-08T10:15:45.486+0000] {dagbag.py:538} INFO - Filling up the DagBag from /home/airflow/.local/lib/python3.8/site-packages/airflow/example_dags/example_task_group_decorator.py
[2025-07-08T10:15:45.567+0000] {processor.py:840} INFO - DAG(s) 'example_task_group_decorator' retrieved from /home/airflow/.local/lib/python3.8/site-packages/airflow/example_dags/example_task_group_decorator.py
[2025-07-08T10:15:46.129+0000] {logging_mixin.py:188} INFO - [2025-07-08T10:15:46.128+0000] {dag.py:3036} INFO - Sync 1 DAGs
[2025-07-08T10:15:46.217+0000] {logging_mixin.py:188} INFO - [2025-07-08T10:15:46.216+0000] {dag.py:3823} INFO - Setting next_dagrun for example_task_group_decorator to 2025-07-07 00:00:00+00:00, run_after=2025-07-08 00:00:00+00:00
[2025-07-08T10:15:46.291+0000] {processor.py:183} INFO - Processing /home/airflow/.local/lib/python3.8/site-packages/airflow/example_dags/example_task_group_decorator.py took 0.837 seconds
[2025-07-08T10:16:16.577+0000] {processor.py:161} INFO - Started process (PID=9097) to work on /home/airflow/.local/lib/python3.8/site-packages/airflow/example_dags/example_task_group_decorator.py
[2025-07-08T10:16:16.578+0000] {processor.py:830} INFO - Processing file /home/airflow/.local/lib/python3.8/site-packages/airflow/example_dags/example_task_group_decorator.py for tasks to queue
[2025-07-08T10:16:16.582+0000] {logging_mixin.py:188} INFO - [2025-07-08T10:16:16.580+0000] {dagbag.py:538} INFO - Filling up the DagBag from /home/airflow/.local/lib/python3.8/site-packages/airflow/example_dags/example_task_group_decorator.py
[2025-07-08T10:16:16.621+0000] {processor.py:840} INFO - DAG(s) 'example_task_group_decorator' retrieved from /home/airflow/.local/lib/python3.8/site-packages/airflow/example_dags/example_task_group_decorator.py
[2025-07-08T10:16:16.676+0000] {logging_mixin.py:188} INFO - [2025-07-08T10:16:16.676+0000] {dag.py:3036} INFO - Sync 1 DAGs
[2025-07-08T10:16:16.758+0000] {logging_mixin.py:188} INFO - [2025-07-08T10:16:16.757+0000] {dag.py:3823} INFO - Setting next_dagrun for example_task_group_decorator to 2025-07-07 00:00:00+00:00, run_after=2025-07-08 00:00:00+00:00
[2025-07-08T10:16:16.851+0000] {processor.py:183} INFO - Processing /home/airflow/.local/lib/python3.8/site-packages/airflow/example_dags/example_task_group_decorator.py took 0.281 seconds
[2025-07-08T10:16:47.370+0000] {processor.py:161} INFO - Started process (PID=9164) to work on /home/airflow/.local/lib/python3.8/site-packages/airflow/example_dags/example_task_group_decorator.py
[2025-07-08T10:16:47.380+0000] {processor.py:830} INFO - Processing file /home/airflow/.local/lib/python3.8/site-packages/airflow/example_dags/example_task_group_decorator.py for tasks to queue
[2025-07-08T10:16:47.383+0000] {logging_mixin.py:188} INFO - [2025-07-08T10:16:47.383+0000] {dagbag.py:538} INFO - Filling up the DagBag from /home/airflow/.local/lib/python3.8/site-packages/airflow/example_dags/example_task_group_decorator.py
[2025-07-08T10:16:47.431+0000] {processor.py:840} INFO - DAG(s) 'example_task_group_decorator' retrieved from /home/airflow/.local/lib/python3.8/site-packages/airflow/example_dags/example_task_group_decorator.py
[2025-07-08T10:16:47.501+0000] {logging_mixin.py:188} INFO - [2025-07-08T10:16:47.500+0000] {dag.py:3036} INFO - Sync 1 DAGs
[2025-07-08T10:16:48.028+0000] {logging_mixin.py:188} INFO - [2025-07-08T10:16:48.027+0000] {dag.py:3823} INFO - Setting next_dagrun for example_task_group_decorator to 2025-07-07 00:00:00+00:00, run_after=2025-07-08 00:00:00+00:00
[2025-07-08T10:16:48.063+0000] {processor.py:183} INFO - Processing /home/airflow/.local/lib/python3.8/site-packages/airflow/example_dags/example_task_group_decorator.py took 0.706 seconds
[2025-07-08T10:17:18.125+0000] {processor.py:161} INFO - Started process (PID=9223) to work on /home/airflow/.local/lib/python3.8/site-packages/airflow/example_dags/example_task_group_decorator.py
[2025-07-08T10:17:18.126+0000] {processor.py:830} INFO - Processing file /home/airflow/.local/lib/python3.8/site-packages/airflow/example_dags/example_task_group_decorator.py for tasks to queue
[2025-07-08T10:17:18.130+0000] {logging_mixin.py:188} INFO - [2025-07-08T10:17:18.129+0000] {dagbag.py:538} INFO - Filling up the DagBag from /home/airflow/.local/lib/python3.8/site-packages/airflow/example_dags/example_task_group_decorator.py
[2025-07-08T10:17:18.201+0000] {processor.py:840} INFO - DAG(s) 'example_task_group_decorator' retrieved from /home/airflow/.local/lib/python3.8/site-packages/airflow/example_dags/example_task_group_decorator.py
[2025-07-08T10:17:18.258+0000] {logging_mixin.py:188} INFO - [2025-07-08T10:17:18.258+0000] {dag.py:3036} INFO - Sync 1 DAGs
[2025-07-08T10:17:18.627+0000] {logging_mixin.py:188} INFO - [2025-07-08T10:17:18.627+0000] {dag.py:3823} INFO - Setting next_dagrun for example_task_group_decorator to 2025-07-07 00:00:00+00:00, run_after=2025-07-08 00:00:00+00:00
[2025-07-08T10:17:18.661+0000] {processor.py:183} INFO - Processing /home/airflow/.local/lib/python3.8/site-packages/airflow/example_dags/example_task_group_decorator.py took 0.542 seconds
[2025-07-08T10:17:49.125+0000] {processor.py:161} INFO - Started process (PID=9291) to work on /home/airflow/.local/lib/python3.8/site-packages/airflow/example_dags/example_task_group_decorator.py
[2025-07-08T10:17:49.127+0000] {processor.py:830} INFO - Processing file /home/airflow/.local/lib/python3.8/site-packages/airflow/example_dags/example_task_group_decorator.py for tasks to queue
[2025-07-08T10:17:49.131+0000] {logging_mixin.py:188} INFO - [2025-07-08T10:17:49.130+0000] {dagbag.py:538} INFO - Filling up the DagBag from /home/airflow/.local/lib/python3.8/site-packages/airflow/example_dags/example_task_group_decorator.py
[2025-07-08T10:17:49.164+0000] {processor.py:840} INFO - DAG(s) 'example_task_group_decorator' retrieved from /home/airflow/.local/lib/python3.8/site-packages/airflow/example_dags/example_task_group_decorator.py
[2025-07-08T10:17:49.216+0000] {logging_mixin.py:188} INFO - [2025-07-08T10:17:49.215+0000] {dag.py:3036} INFO - Sync 1 DAGs
[2025-07-08T10:17:49.265+0000] {logging_mixin.py:188} INFO - [2025-07-08T10:17:49.265+0000] {dag.py:3823} INFO - Setting next_dagrun for example_task_group_decorator to 2025-07-07 00:00:00+00:00, run_after=2025-07-08 00:00:00+00:00
[2025-07-08T10:17:49.326+0000] {processor.py:183} INFO - Processing /home/airflow/.local/lib/python3.8/site-packages/airflow/example_dags/example_task_group_decorator.py took 0.207 seconds
[2025-07-08T10:18:19.706+0000] {processor.py:161} INFO - Started process (PID=9350) to work on /home/airflow/.local/lib/python3.8/site-packages/airflow/example_dags/example_task_group_decorator.py
[2025-07-08T10:18:19.716+0000] {processor.py:830} INFO - Processing file /home/airflow/.local/lib/python3.8/site-packages/airflow/example_dags/example_task_group_decorator.py for tasks to queue
[2025-07-08T10:18:19.719+0000] {logging_mixin.py:188} INFO - [2025-07-08T10:18:19.719+0000] {dagbag.py:538} INFO - Filling up the DagBag from /home/airflow/.local/lib/python3.8/site-packages/airflow/example_dags/example_task_group_decorator.py
[2025-07-08T10:18:19.849+0000] {processor.py:840} INFO - DAG(s) 'example_task_group_decorator' retrieved from /home/airflow/.local/lib/python3.8/site-packages/airflow/example_dags/example_task_group_decorator.py
[2025-07-08T10:18:20.107+0000] {logging_mixin.py:188} INFO - [2025-07-08T10:18:20.106+0000] {dag.py:3036} INFO - Sync 1 DAGs
[2025-07-08T10:18:20.185+0000] {logging_mixin.py:188} INFO - [2025-07-08T10:18:20.185+0000] {dag.py:3823} INFO - Setting next_dagrun for example_task_group_decorator to 2025-07-07 00:00:00+00:00, run_after=2025-07-08 00:00:00+00:00
[2025-07-08T10:18:20.242+0000] {processor.py:183} INFO - Processing /home/airflow/.local/lib/python3.8/site-packages/airflow/example_dags/example_task_group_decorator.py took 0.593 seconds
[2025-07-08T10:18:50.485+0000] {processor.py:161} INFO - Started process (PID=9423) to work on /home/airflow/.local/lib/python3.8/site-packages/airflow/example_dags/example_task_group_decorator.py
[2025-07-08T10:18:50.493+0000] {processor.py:830} INFO - Processing file /home/airflow/.local/lib/python3.8/site-packages/airflow/example_dags/example_task_group_decorator.py for tasks to queue
[2025-07-08T10:18:50.496+0000] {logging_mixin.py:188} INFO - [2025-07-08T10:18:50.496+0000] {dagbag.py:538} INFO - Filling up the DagBag from /home/airflow/.local/lib/python3.8/site-packages/airflow/example_dags/example_task_group_decorator.py
[2025-07-08T10:18:50.579+0000] {processor.py:840} INFO - DAG(s) 'example_task_group_decorator' retrieved from /home/airflow/.local/lib/python3.8/site-packages/airflow/example_dags/example_task_group_decorator.py
[2025-07-08T10:18:50.640+0000] {logging_mixin.py:188} INFO - [2025-07-08T10:18:50.639+0000] {dag.py:3036} INFO - Sync 1 DAGs
[2025-07-08T10:18:50.686+0000] {logging_mixin.py:188} INFO - [2025-07-08T10:18:50.686+0000] {dag.py:3823} INFO - Setting next_dagrun for example_task_group_decorator to 2025-07-07 00:00:00+00:00, run_after=2025-07-08 00:00:00+00:00
[2025-07-08T10:18:50.742+0000] {processor.py:183} INFO - Processing /home/airflow/.local/lib/python3.8/site-packages/airflow/example_dags/example_task_group_decorator.py took 0.268 seconds
[2025-07-08T10:19:23.953+0000] {processor.py:161} INFO - Started process (PID=9491) to work on /home/airflow/.local/lib/python3.8/site-packages/airflow/example_dags/example_task_group_decorator.py
[2025-07-08T10:19:23.960+0000] {processor.py:830} INFO - Processing file /home/airflow/.local/lib/python3.8/site-packages/airflow/example_dags/example_task_group_decorator.py for tasks to queue
[2025-07-08T10:19:23.963+0000] {logging_mixin.py:188} INFO - [2025-07-08T10:19:23.963+0000] {dagbag.py:538} INFO - Filling up the DagBag from /home/airflow/.local/lib/python3.8/site-packages/airflow/example_dags/example_task_group_decorator.py
[2025-07-08T10:19:24.028+0000] {processor.py:840} INFO - DAG(s) 'example_task_group_decorator' retrieved from /home/airflow/.local/lib/python3.8/site-packages/airflow/example_dags/example_task_group_decorator.py
[2025-07-08T10:19:24.090+0000] {logging_mixin.py:188} INFO - [2025-07-08T10:19:24.090+0000] {dag.py:3036} INFO - Sync 1 DAGs
[2025-07-08T10:19:24.138+0000] {logging_mixin.py:188} INFO - [2025-07-08T10:19:24.137+0000] {dag.py:3823} INFO - Setting next_dagrun for example_task_group_decorator to 2025-07-07 00:00:00+00:00, run_after=2025-07-08 00:00:00+00:00
[2025-07-08T10:19:24.204+0000] {processor.py:183} INFO - Processing /home/airflow/.local/lib/python3.8/site-packages/airflow/example_dags/example_task_group_decorator.py took 0.265 seconds
[2025-07-08T10:19:54.608+0000] {processor.py:161} INFO - Started process (PID=9559) to work on /home/airflow/.local/lib/python3.8/site-packages/airflow/example_dags/example_task_group_decorator.py
[2025-07-08T10:19:54.610+0000] {processor.py:830} INFO - Processing file /home/airflow/.local/lib/python3.8/site-packages/airflow/example_dags/example_task_group_decorator.py for tasks to queue
[2025-07-08T10:19:54.625+0000] {logging_mixin.py:188} INFO - [2025-07-08T10:19:54.624+0000] {dagbag.py:538} INFO - Filling up the DagBag from /home/airflow/.local/lib/python3.8/site-packages/airflow/example_dags/example_task_group_decorator.py
[2025-07-08T10:19:54.722+0000] {processor.py:840} INFO - DAG(s) 'example_task_group_decorator' retrieved from /home/airflow/.local/lib/python3.8/site-packages/airflow/example_dags/example_task_group_decorator.py
[2025-07-08T10:19:54.857+0000] {logging_mixin.py:188} INFO - [2025-07-08T10:19:54.857+0000] {dag.py:3036} INFO - Sync 1 DAGs
[2025-07-08T10:19:55.012+0000] {logging_mixin.py:188} INFO - [2025-07-08T10:19:55.011+0000] {dag.py:3823} INFO - Setting next_dagrun for example_task_group_decorator to 2025-07-07 00:00:00+00:00, run_after=2025-07-08 00:00:00+00:00
[2025-07-08T10:19:55.205+0000] {processor.py:183} INFO - Processing /home/airflow/.local/lib/python3.8/site-packages/airflow/example_dags/example_task_group_decorator.py took 0.623 seconds
[2025-07-08T10:20:25.897+0000] {processor.py:161} INFO - Started process (PID=9618) to work on /home/airflow/.local/lib/python3.8/site-packages/airflow/example_dags/example_task_group_decorator.py
[2025-07-08T10:20:25.910+0000] {processor.py:830} INFO - Processing file /home/airflow/.local/lib/python3.8/site-packages/airflow/example_dags/example_task_group_decorator.py for tasks to queue
[2025-07-08T10:20:25.920+0000] {logging_mixin.py:188} INFO - [2025-07-08T10:20:25.912+0000] {dagbag.py:538} INFO - Filling up the DagBag from /home/airflow/.local/lib/python3.8/site-packages/airflow/example_dags/example_task_group_decorator.py
[2025-07-08T10:20:25.994+0000] {processor.py:840} INFO - DAG(s) 'example_task_group_decorator' retrieved from /home/airflow/.local/lib/python3.8/site-packages/airflow/example_dags/example_task_group_decorator.py
[2025-07-08T10:20:26.067+0000] {logging_mixin.py:188} INFO - [2025-07-08T10:20:26.067+0000] {dag.py:3036} INFO - Sync 1 DAGs
[2025-07-08T10:20:26.189+0000] {logging_mixin.py:188} INFO - [2025-07-08T10:20:26.188+0000] {dag.py:3823} INFO - Setting next_dagrun for example_task_group_decorator to 2025-07-07 00:00:00+00:00, run_after=2025-07-08 00:00:00+00:00
[2025-07-08T10:20:26.321+0000] {processor.py:183} INFO - Processing /home/airflow/.local/lib/python3.8/site-packages/airflow/example_dags/example_task_group_decorator.py took 0.435 seconds
[2025-07-08T10:20:57.809+0000] {processor.py:161} INFO - Started process (PID=9688) to work on /home/airflow/.local/lib/python3.8/site-packages/airflow/example_dags/example_task_group_decorator.py
[2025-07-08T10:20:57.821+0000] {processor.py:830} INFO - Processing file /home/airflow/.local/lib/python3.8/site-packages/airflow/example_dags/example_task_group_decorator.py for tasks to queue
[2025-07-08T10:20:57.840+0000] {logging_mixin.py:188} INFO - [2025-07-08T10:20:57.823+0000] {dagbag.py:538} INFO - Filling up the DagBag from /home/airflow/.local/lib/python3.8/site-packages/airflow/example_dags/example_task_group_decorator.py
[2025-07-08T10:20:57.907+0000] {processor.py:840} INFO - DAG(s) 'example_task_group_decorator' retrieved from /home/airflow/.local/lib/python3.8/site-packages/airflow/example_dags/example_task_group_decorator.py
[2025-07-08T10:20:58.132+0000] {logging_mixin.py:188} INFO - [2025-07-08T10:20:58.132+0000] {dag.py:3036} INFO - Sync 1 DAGs
[2025-07-08T10:20:58.288+0000] {logging_mixin.py:188} INFO - [2025-07-08T10:20:58.287+0000] {dag.py:3823} INFO - Setting next_dagrun for example_task_group_decorator to 2025-07-07 00:00:00+00:00, run_after=2025-07-08 00:00:00+00:00
[2025-07-08T10:20:58.424+0000] {processor.py:183} INFO - Processing /home/airflow/.local/lib/python3.8/site-packages/airflow/example_dags/example_task_group_decorator.py took 0.627 seconds
[2025-07-08T10:21:28.955+0000] {processor.py:161} INFO - Started process (PID=9756) to work on /home/airflow/.local/lib/python3.8/site-packages/airflow/example_dags/example_task_group_decorator.py
[2025-07-08T10:21:28.962+0000] {processor.py:830} INFO - Processing file /home/airflow/.local/lib/python3.8/site-packages/airflow/example_dags/example_task_group_decorator.py for tasks to queue
[2025-07-08T10:21:28.966+0000] {logging_mixin.py:188} INFO - [2025-07-08T10:21:28.965+0000] {dagbag.py:538} INFO - Filling up the DagBag from /home/airflow/.local/lib/python3.8/site-packages/airflow/example_dags/example_task_group_decorator.py
[2025-07-08T10:21:29.084+0000] {processor.py:840} INFO - DAG(s) 'example_task_group_decorator' retrieved from /home/airflow/.local/lib/python3.8/site-packages/airflow/example_dags/example_task_group_decorator.py
[2025-07-08T10:21:29.179+0000] {logging_mixin.py:188} INFO - [2025-07-08T10:21:29.178+0000] {dag.py:3036} INFO - Sync 1 DAGs
[2025-07-08T10:21:29.257+0000] {logging_mixin.py:188} INFO - [2025-07-08T10:21:29.257+0000] {dag.py:3823} INFO - Setting next_dagrun for example_task_group_decorator to 2025-07-07 00:00:00+00:00, run_after=2025-07-08 00:00:00+00:00
[2025-07-08T10:21:29.314+0000] {processor.py:183} INFO - Processing /home/airflow/.local/lib/python3.8/site-packages/airflow/example_dags/example_task_group_decorator.py took 0.379 seconds
[2025-07-08T10:21:59.669+0000] {processor.py:161} INFO - Started process (PID=9824) to work on /home/airflow/.local/lib/python3.8/site-packages/airflow/example_dags/example_task_group_decorator.py
[2025-07-08T10:21:59.670+0000] {processor.py:830} INFO - Processing file /home/airflow/.local/lib/python3.8/site-packages/airflow/example_dags/example_task_group_decorator.py for tasks to queue
[2025-07-08T10:21:59.673+0000] {logging_mixin.py:188} INFO - [2025-07-08T10:21:59.673+0000] {dagbag.py:538} INFO - Filling up the DagBag from /home/airflow/.local/lib/python3.8/site-packages/airflow/example_dags/example_task_group_decorator.py
[2025-07-08T10:21:59.708+0000] {processor.py:840} INFO - DAG(s) 'example_task_group_decorator' retrieved from /home/airflow/.local/lib/python3.8/site-packages/airflow/example_dags/example_task_group_decorator.py
[2025-07-08T10:21:59.761+0000] {logging_mixin.py:188} INFO - [2025-07-08T10:21:59.761+0000] {dag.py:3036} INFO - Sync 1 DAGs
[2025-07-08T10:21:59.810+0000] {logging_mixin.py:188} INFO - [2025-07-08T10:21:59.810+0000] {dag.py:3823} INFO - Setting next_dagrun for example_task_group_decorator to 2025-07-07 00:00:00+00:00, run_after=2025-07-08 00:00:00+00:00
[2025-07-08T10:21:59.846+0000] {processor.py:183} INFO - Processing /home/airflow/.local/lib/python3.8/site-packages/airflow/example_dags/example_task_group_decorator.py took 0.183 seconds
[2025-07-08T10:22:30.063+0000] {processor.py:161} INFO - Started process (PID=9884) to work on /home/airflow/.local/lib/python3.8/site-packages/airflow/example_dags/example_task_group_decorator.py
[2025-07-08T10:22:30.064+0000] {processor.py:830} INFO - Processing file /home/airflow/.local/lib/python3.8/site-packages/airflow/example_dags/example_task_group_decorator.py for tasks to queue
[2025-07-08T10:22:30.068+0000] {logging_mixin.py:188} INFO - [2025-07-08T10:22:30.067+0000] {dagbag.py:538} INFO - Filling up the DagBag from /home/airflow/.local/lib/python3.8/site-packages/airflow/example_dags/example_task_group_decorator.py
[2025-07-08T10:22:30.124+0000] {processor.py:840} INFO - DAG(s) 'example_task_group_decorator' retrieved from /home/airflow/.local/lib/python3.8/site-packages/airflow/example_dags/example_task_group_decorator.py
[2025-07-08T10:22:30.236+0000] {logging_mixin.py:188} INFO - [2025-07-08T10:22:30.231+0000] {dag.py:3036} INFO - Sync 1 DAGs
[2025-07-08T10:22:30.305+0000] {logging_mixin.py:188} INFO - [2025-07-08T10:22:30.304+0000] {dag.py:3823} INFO - Setting next_dagrun for example_task_group_decorator to 2025-07-07 00:00:00+00:00, run_after=2025-07-08 00:00:00+00:00
[2025-07-08T10:22:30.360+0000] {processor.py:183} INFO - Processing /home/airflow/.local/lib/python3.8/site-packages/airflow/example_dags/example_task_group_decorator.py took 0.303 seconds
[2025-07-08T10:23:01.328+0000] {processor.py:161} INFO - Started process (PID=9951) to work on /home/airflow/.local/lib/python3.8/site-packages/airflow/example_dags/example_task_group_decorator.py
[2025-07-08T10:23:01.330+0000] {processor.py:830} INFO - Processing file /home/airflow/.local/lib/python3.8/site-packages/airflow/example_dags/example_task_group_decorator.py for tasks to queue
[2025-07-08T10:23:01.334+0000] {logging_mixin.py:188} INFO - [2025-07-08T10:23:01.334+0000] {dagbag.py:538} INFO - Filling up the DagBag from /home/airflow/.local/lib/python3.8/site-packages/airflow/example_dags/example_task_group_decorator.py
[2025-07-08T10:23:01.374+0000] {processor.py:840} INFO - DAG(s) 'example_task_group_decorator' retrieved from /home/airflow/.local/lib/python3.8/site-packages/airflow/example_dags/example_task_group_decorator.py
[2025-07-08T10:23:01.434+0000] {logging_mixin.py:188} INFO - [2025-07-08T10:23:01.433+0000] {dag.py:3036} INFO - Sync 1 DAGs
[2025-07-08T10:23:01.552+0000] {logging_mixin.py:188} INFO - [2025-07-08T10:23:01.551+0000] {dag.py:3823} INFO - Setting next_dagrun for example_task_group_decorator to 2025-07-07 00:00:00+00:00, run_after=2025-07-08 00:00:00+00:00
[2025-07-08T10:23:01.650+0000] {processor.py:183} INFO - Processing /home/airflow/.local/lib/python3.8/site-packages/airflow/example_dags/example_task_group_decorator.py took 0.340 seconds
[2025-07-08T10:23:33.412+0000] {processor.py:161} INFO - Started process (PID=10015) to work on /home/airflow/.local/lib/python3.8/site-packages/airflow/example_dags/example_task_group_decorator.py
[2025-07-08T10:23:33.424+0000] {processor.py:830} INFO - Processing file /home/airflow/.local/lib/python3.8/site-packages/airflow/example_dags/example_task_group_decorator.py for tasks to queue
[2025-07-08T10:23:33.427+0000] {logging_mixin.py:188} INFO - [2025-07-08T10:23:33.427+0000] {dagbag.py:538} INFO - Filling up the DagBag from /home/airflow/.local/lib/python3.8/site-packages/airflow/example_dags/example_task_group_decorator.py
[2025-07-08T10:23:33.497+0000] {processor.py:840} INFO - DAG(s) 'example_task_group_decorator' retrieved from /home/airflow/.local/lib/python3.8/site-packages/airflow/example_dags/example_task_group_decorator.py
[2025-07-08T10:23:33.597+0000] {logging_mixin.py:188} INFO - [2025-07-08T10:23:33.597+0000] {dag.py:3036} INFO - Sync 1 DAGs
[2025-07-08T10:23:33.723+0000] {logging_mixin.py:188} INFO - [2025-07-08T10:23:33.723+0000] {dag.py:3823} INFO - Setting next_dagrun for example_task_group_decorator to 2025-07-07 00:00:00+00:00, run_after=2025-07-08 00:00:00+00:00
[2025-07-08T10:23:33.791+0000] {processor.py:183} INFO - Processing /home/airflow/.local/lib/python3.8/site-packages/airflow/example_dags/example_task_group_decorator.py took 0.425 seconds
[2025-07-08T10:24:04.225+0000] {processor.py:161} INFO - Started process (PID=10080) to work on /home/airflow/.local/lib/python3.8/site-packages/airflow/example_dags/example_task_group_decorator.py
[2025-07-08T10:24:04.226+0000] {processor.py:830} INFO - Processing file /home/airflow/.local/lib/python3.8/site-packages/airflow/example_dags/example_task_group_decorator.py for tasks to queue
[2025-07-08T10:24:04.238+0000] {logging_mixin.py:188} INFO - [2025-07-08T10:24:04.237+0000] {dagbag.py:538} INFO - Filling up the DagBag from /home/airflow/.local/lib/python3.8/site-packages/airflow/example_dags/example_task_group_decorator.py
[2025-07-08T10:24:04.388+0000] {processor.py:840} INFO - DAG(s) 'example_task_group_decorator' retrieved from /home/airflow/.local/lib/python3.8/site-packages/airflow/example_dags/example_task_group_decorator.py
[2025-07-08T10:24:04.589+0000] {logging_mixin.py:188} INFO - [2025-07-08T10:24:04.588+0000] {dag.py:3036} INFO - Sync 1 DAGs
[2025-07-08T10:24:04.725+0000] {logging_mixin.py:188} INFO - [2025-07-08T10:24:04.724+0000] {dag.py:3823} INFO - Setting next_dagrun for example_task_group_decorator to 2025-07-07 00:00:00+00:00, run_after=2025-07-08 00:00:00+00:00
[2025-07-08T10:24:04.870+0000] {processor.py:183} INFO - Processing /home/airflow/.local/lib/python3.8/site-packages/airflow/example_dags/example_task_group_decorator.py took 0.688 seconds
[2025-07-08T10:24:35.311+0000] {processor.py:161} INFO - Started process (PID=10140) to work on /home/airflow/.local/lib/python3.8/site-packages/airflow/example_dags/example_task_group_decorator.py
[2025-07-08T10:24:35.315+0000] {processor.py:830} INFO - Processing file /home/airflow/.local/lib/python3.8/site-packages/airflow/example_dags/example_task_group_decorator.py for tasks to queue
[2025-07-08T10:24:35.319+0000] {logging_mixin.py:188} INFO - [2025-07-08T10:24:35.318+0000] {dagbag.py:538} INFO - Filling up the DagBag from /home/airflow/.local/lib/python3.8/site-packages/airflow/example_dags/example_task_group_decorator.py
[2025-07-08T10:24:35.356+0000] {processor.py:840} INFO - DAG(s) 'example_task_group_decorator' retrieved from /home/airflow/.local/lib/python3.8/site-packages/airflow/example_dags/example_task_group_decorator.py
[2025-07-08T10:24:35.421+0000] {logging_mixin.py:188} INFO - [2025-07-08T10:24:35.420+0000] {dag.py:3036} INFO - Sync 1 DAGs
[2025-07-08T10:24:35.482+0000] {logging_mixin.py:188} INFO - [2025-07-08T10:24:35.481+0000] {dag.py:3823} INFO - Setting next_dagrun for example_task_group_decorator to 2025-07-07 00:00:00+00:00, run_after=2025-07-08 00:00:00+00:00
[2025-07-08T10:24:35.543+0000] {processor.py:183} INFO - Processing /home/airflow/.local/lib/python3.8/site-packages/airflow/example_dags/example_task_group_decorator.py took 0.237 seconds
[2025-07-08T10:25:06.751+0000] {processor.py:161} INFO - Started process (PID=10207) to work on /home/airflow/.local/lib/python3.8/site-packages/airflow/example_dags/example_task_group_decorator.py
[2025-07-08T10:25:06.765+0000] {processor.py:830} INFO - Processing file /home/airflow/.local/lib/python3.8/site-packages/airflow/example_dags/example_task_group_decorator.py for tasks to queue
[2025-07-08T10:25:06.768+0000] {logging_mixin.py:188} INFO - [2025-07-08T10:25:06.768+0000] {dagbag.py:538} INFO - Filling up the DagBag from /home/airflow/.local/lib/python3.8/site-packages/airflow/example_dags/example_task_group_decorator.py
[2025-07-08T10:25:06.831+0000] {processor.py:840} INFO - DAG(s) 'example_task_group_decorator' retrieved from /home/airflow/.local/lib/python3.8/site-packages/airflow/example_dags/example_task_group_decorator.py
[2025-07-08T10:25:06.941+0000] {logging_mixin.py:188} INFO - [2025-07-08T10:25:06.941+0000] {dag.py:3036} INFO - Sync 1 DAGs
[2025-07-08T10:25:07.046+0000] {logging_mixin.py:188} INFO - [2025-07-08T10:25:07.046+0000] {dag.py:3823} INFO - Setting next_dagrun for example_task_group_decorator to 2025-07-07 00:00:00+00:00, run_after=2025-07-08 00:00:00+00:00
[2025-07-08T10:25:07.162+0000] {processor.py:183} INFO - Processing /home/airflow/.local/lib/python3.8/site-packages/airflow/example_dags/example_task_group_decorator.py took 0.417 seconds
[2025-07-08T10:25:37.320+0000] {processor.py:161} INFO - Started process (PID=10267) to work on /home/airflow/.local/lib/python3.8/site-packages/airflow/example_dags/example_task_group_decorator.py
[2025-07-08T10:25:37.321+0000] {processor.py:830} INFO - Processing file /home/airflow/.local/lib/python3.8/site-packages/airflow/example_dags/example_task_group_decorator.py for tasks to queue
[2025-07-08T10:25:37.332+0000] {logging_mixin.py:188} INFO - [2025-07-08T10:25:37.332+0000] {dagbag.py:538} INFO - Filling up the DagBag from /home/airflow/.local/lib/python3.8/site-packages/airflow/example_dags/example_task_group_decorator.py
[2025-07-08T10:25:37.399+0000] {processor.py:840} INFO - DAG(s) 'example_task_group_decorator' retrieved from /home/airflow/.local/lib/python3.8/site-packages/airflow/example_dags/example_task_group_decorator.py
[2025-07-08T10:25:37.549+0000] {logging_mixin.py:188} INFO - [2025-07-08T10:25:37.549+0000] {dag.py:3036} INFO - Sync 1 DAGs
[2025-07-08T10:25:37.658+0000] {logging_mixin.py:188} INFO - [2025-07-08T10:25:37.658+0000] {dag.py:3823} INFO - Setting next_dagrun for example_task_group_decorator to 2025-07-07 00:00:00+00:00, run_after=2025-07-08 00:00:00+00:00
[2025-07-08T10:25:37.733+0000] {processor.py:183} INFO - Processing /home/airflow/.local/lib/python3.8/site-packages/airflow/example_dags/example_task_group_decorator.py took 0.423 seconds
[2025-07-08T10:26:08.616+0000] {processor.py:161} INFO - Started process (PID=10333) to work on /home/airflow/.local/lib/python3.8/site-packages/airflow/example_dags/example_task_group_decorator.py
[2025-07-08T10:26:08.623+0000] {processor.py:830} INFO - Processing file /home/airflow/.local/lib/python3.8/site-packages/airflow/example_dags/example_task_group_decorator.py for tasks to queue
[2025-07-08T10:26:08.634+0000] {logging_mixin.py:188} INFO - [2025-07-08T10:26:08.633+0000] {dagbag.py:538} INFO - Filling up the DagBag from /home/airflow/.local/lib/python3.8/site-packages/airflow/example_dags/example_task_group_decorator.py
[2025-07-08T10:26:08.753+0000] {processor.py:840} INFO - DAG(s) 'example_task_group_decorator' retrieved from /home/airflow/.local/lib/python3.8/site-packages/airflow/example_dags/example_task_group_decorator.py
[2025-07-08T10:26:08.865+0000] {logging_mixin.py:188} INFO - [2025-07-08T10:26:08.865+0000] {dag.py:3036} INFO - Sync 1 DAGs
[2025-07-08T10:26:09.020+0000] {logging_mixin.py:188} INFO - [2025-07-08T10:26:09.019+0000] {dag.py:3823} INFO - Setting next_dagrun for example_task_group_decorator to 2025-07-07 00:00:00+00:00, run_after=2025-07-08 00:00:00+00:00
[2025-07-08T10:26:09.090+0000] {processor.py:183} INFO - Processing /home/airflow/.local/lib/python3.8/site-packages/airflow/example_dags/example_task_group_decorator.py took 0.488 seconds
[2025-07-08T10:26:39.874+0000] {processor.py:161} INFO - Started process (PID=10401) to work on /home/airflow/.local/lib/python3.8/site-packages/airflow/example_dags/example_task_group_decorator.py
[2025-07-08T10:26:39.884+0000] {processor.py:830} INFO - Processing file /home/airflow/.local/lib/python3.8/site-packages/airflow/example_dags/example_task_group_decorator.py for tasks to queue
[2025-07-08T10:26:39.887+0000] {logging_mixin.py:188} INFO - [2025-07-08T10:26:39.887+0000] {dagbag.py:538} INFO - Filling up the DagBag from /home/airflow/.local/lib/python3.8/site-packages/airflow/example_dags/example_task_group_decorator.py
[2025-07-08T10:26:39.961+0000] {processor.py:840} INFO - DAG(s) 'example_task_group_decorator' retrieved from /home/airflow/.local/lib/python3.8/site-packages/airflow/example_dags/example_task_group_decorator.py
[2025-07-08T10:26:40.021+0000] {logging_mixin.py:188} INFO - [2025-07-08T10:26:40.021+0000] {dag.py:3036} INFO - Sync 1 DAGs
[2025-07-08T10:26:40.066+0000] {logging_mixin.py:188} INFO - [2025-07-08T10:26:40.066+0000] {dag.py:3823} INFO - Setting next_dagrun for example_task_group_decorator to 2025-07-07 00:00:00+00:00, run_after=2025-07-08 00:00:00+00:00
[2025-07-08T10:26:40.105+0000] {processor.py:183} INFO - Processing /home/airflow/.local/lib/python3.8/site-packages/airflow/example_dags/example_task_group_decorator.py took 0.237 seconds
[2025-07-08T10:27:10.782+0000] {processor.py:161} INFO - Started process (PID=10469) to work on /home/airflow/.local/lib/python3.8/site-packages/airflow/example_dags/example_task_group_decorator.py
[2025-07-08T10:27:10.785+0000] {processor.py:830} INFO - Processing file /home/airflow/.local/lib/python3.8/site-packages/airflow/example_dags/example_task_group_decorator.py for tasks to queue
[2025-07-08T10:27:10.788+0000] {logging_mixin.py:188} INFO - [2025-07-08T10:27:10.788+0000] {dagbag.py:538} INFO - Filling up the DagBag from /home/airflow/.local/lib/python3.8/site-packages/airflow/example_dags/example_task_group_decorator.py
[2025-07-08T10:27:10.914+0000] {processor.py:840} INFO - DAG(s) 'example_task_group_decorator' retrieved from /home/airflow/.local/lib/python3.8/site-packages/airflow/example_dags/example_task_group_decorator.py
[2025-07-08T10:27:11.108+0000] {logging_mixin.py:188} INFO - [2025-07-08T10:27:11.107+0000] {dag.py:3036} INFO - Sync 1 DAGs
[2025-07-08T10:27:11.218+0000] {logging_mixin.py:188} INFO - [2025-07-08T10:27:11.218+0000] {dag.py:3823} INFO - Setting next_dagrun for example_task_group_decorator to 2025-07-07 00:00:00+00:00, run_after=2025-07-08 00:00:00+00:00
[2025-07-08T10:27:11.322+0000] {processor.py:183} INFO - Processing /home/airflow/.local/lib/python3.8/site-packages/airflow/example_dags/example_task_group_decorator.py took 0.570 seconds
[2025-07-08T10:27:42.119+0000] {processor.py:161} INFO - Started process (PID=10529) to work on /home/airflow/.local/lib/python3.8/site-packages/airflow/example_dags/example_task_group_decorator.py
[2025-07-08T10:27:42.121+0000] {processor.py:830} INFO - Processing file /home/airflow/.local/lib/python3.8/site-packages/airflow/example_dags/example_task_group_decorator.py for tasks to queue
[2025-07-08T10:27:42.125+0000] {logging_mixin.py:188} INFO - [2025-07-08T10:27:42.124+0000] {dagbag.py:538} INFO - Filling up the DagBag from /home/airflow/.local/lib/python3.8/site-packages/airflow/example_dags/example_task_group_decorator.py
[2025-07-08T10:27:42.162+0000] {processor.py:840} INFO - DAG(s) 'example_task_group_decorator' retrieved from /home/airflow/.local/lib/python3.8/site-packages/airflow/example_dags/example_task_group_decorator.py
[2025-07-08T10:27:42.212+0000] {logging_mixin.py:188} INFO - [2025-07-08T10:27:42.212+0000] {dag.py:3036} INFO - Sync 1 DAGs
[2025-07-08T10:27:42.262+0000] {logging_mixin.py:188} INFO - [2025-07-08T10:27:42.262+0000] {dag.py:3823} INFO - Setting next_dagrun for example_task_group_decorator to 2025-07-07 00:00:00+00:00, run_after=2025-07-08 00:00:00+00:00
[2025-07-08T10:27:42.301+0000] {processor.py:183} INFO - Processing /home/airflow/.local/lib/python3.8/site-packages/airflow/example_dags/example_task_group_decorator.py took 0.187 seconds
[2025-07-08T10:28:13.456+0000] {processor.py:161} INFO - Started process (PID=10597) to work on /home/airflow/.local/lib/python3.8/site-packages/airflow/example_dags/example_task_group_decorator.py
[2025-07-08T10:28:13.472+0000] {processor.py:830} INFO - Processing file /home/airflow/.local/lib/python3.8/site-packages/airflow/example_dags/example_task_group_decorator.py for tasks to queue
[2025-07-08T10:28:13.476+0000] {logging_mixin.py:188} INFO - [2025-07-08T10:28:13.475+0000] {dagbag.py:538} INFO - Filling up the DagBag from /home/airflow/.local/lib/python3.8/site-packages/airflow/example_dags/example_task_group_decorator.py
[2025-07-08T10:28:13.540+0000] {processor.py:840} INFO - DAG(s) 'example_task_group_decorator' retrieved from /home/airflow/.local/lib/python3.8/site-packages/airflow/example_dags/example_task_group_decorator.py
[2025-07-08T10:28:13.653+0000] {logging_mixin.py:188} INFO - [2025-07-08T10:28:13.653+0000] {dag.py:3036} INFO - Sync 1 DAGs
[2025-07-08T10:28:13.739+0000] {logging_mixin.py:188} INFO - [2025-07-08T10:28:13.739+0000] {dag.py:3823} INFO - Setting next_dagrun for example_task_group_decorator to 2025-07-07 00:00:00+00:00, run_after=2025-07-08 00:00:00+00:00
[2025-07-08T10:28:13.790+0000] {processor.py:183} INFO - Processing /home/airflow/.local/lib/python3.8/site-packages/airflow/example_dags/example_task_group_decorator.py took 0.354 seconds
[2025-07-08T10:28:47.518+0000] {processor.py:161} INFO - Started process (PID=10668) to work on /home/airflow/.local/lib/python3.8/site-packages/airflow/example_dags/example_task_group_decorator.py
[2025-07-08T10:28:47.536+0000] {processor.py:830} INFO - Processing file /home/airflow/.local/lib/python3.8/site-packages/airflow/example_dags/example_task_group_decorator.py for tasks to queue
[2025-07-08T10:28:47.539+0000] {logging_mixin.py:188} INFO - [2025-07-08T10:28:47.539+0000] {dagbag.py:538} INFO - Filling up the DagBag from /home/airflow/.local/lib/python3.8/site-packages/airflow/example_dags/example_task_group_decorator.py
[2025-07-08T10:28:47.642+0000] {processor.py:840} INFO - DAG(s) 'example_task_group_decorator' retrieved from /home/airflow/.local/lib/python3.8/site-packages/airflow/example_dags/example_task_group_decorator.py
[2025-07-08T10:28:47.811+0000] {logging_mixin.py:188} INFO - [2025-07-08T10:28:47.810+0000] {dag.py:3036} INFO - Sync 1 DAGs
[2025-07-08T10:28:47.948+0000] {logging_mixin.py:188} INFO - [2025-07-08T10:28:47.947+0000] {dag.py:3823} INFO - Setting next_dagrun for example_task_group_decorator to 2025-07-07 00:00:00+00:00, run_after=2025-07-08 00:00:00+00:00
[2025-07-08T10:28:48.218+0000] {processor.py:183} INFO - Processing /home/airflow/.local/lib/python3.8/site-packages/airflow/example_dags/example_task_group_decorator.py took 0.723 seconds
[2025-07-08T10:29:18.522+0000] {processor.py:161} INFO - Started process (PID=10725) to work on /home/airflow/.local/lib/python3.8/site-packages/airflow/example_dags/example_task_group_decorator.py
[2025-07-08T10:29:18.523+0000] {processor.py:830} INFO - Processing file /home/airflow/.local/lib/python3.8/site-packages/airflow/example_dags/example_task_group_decorator.py for tasks to queue
[2025-07-08T10:29:18.528+0000] {logging_mixin.py:188} INFO - [2025-07-08T10:29:18.527+0000] {dagbag.py:538} INFO - Filling up the DagBag from /home/airflow/.local/lib/python3.8/site-packages/airflow/example_dags/example_task_group_decorator.py
[2025-07-08T10:29:18.662+0000] {processor.py:840} INFO - DAG(s) 'example_task_group_decorator' retrieved from /home/airflow/.local/lib/python3.8/site-packages/airflow/example_dags/example_task_group_decorator.py
[2025-07-08T10:29:18.757+0000] {logging_mixin.py:188} INFO - [2025-07-08T10:29:18.756+0000] {dag.py:3036} INFO - Sync 1 DAGs
[2025-07-08T10:29:18.830+0000] {logging_mixin.py:188} INFO - [2025-07-08T10:29:18.830+0000] {dag.py:3823} INFO - Setting next_dagrun for example_task_group_decorator to 2025-07-07 00:00:00+00:00, run_after=2025-07-08 00:00:00+00:00
[2025-07-08T10:29:18.924+0000] {processor.py:183} INFO - Processing /home/airflow/.local/lib/python3.8/site-packages/airflow/example_dags/example_task_group_decorator.py took 0.410 seconds
[2025-07-08T10:29:49.221+0000] {processor.py:161} INFO - Started process (PID=10796) to work on /home/airflow/.local/lib/python3.8/site-packages/airflow/example_dags/example_task_group_decorator.py
[2025-07-08T10:29:49.226+0000] {processor.py:830} INFO - Processing file /home/airflow/.local/lib/python3.8/site-packages/airflow/example_dags/example_task_group_decorator.py for tasks to queue
[2025-07-08T10:29:49.237+0000] {logging_mixin.py:188} INFO - [2025-07-08T10:29:49.236+0000] {dagbag.py:538} INFO - Filling up the DagBag from /home/airflow/.local/lib/python3.8/site-packages/airflow/example_dags/example_task_group_decorator.py
[2025-07-08T10:29:49.335+0000] {processor.py:840} INFO - DAG(s) 'example_task_group_decorator' retrieved from /home/airflow/.local/lib/python3.8/site-packages/airflow/example_dags/example_task_group_decorator.py
[2025-07-08T10:29:49.486+0000] {logging_mixin.py:188} INFO - [2025-07-08T10:29:49.486+0000] {dag.py:3036} INFO - Sync 1 DAGs
[2025-07-08T10:29:49.682+0000] {logging_mixin.py:188} INFO - [2025-07-08T10:29:49.682+0000] {dag.py:3823} INFO - Setting next_dagrun for example_task_group_decorator to 2025-07-07 00:00:00+00:00, run_after=2025-07-08 00:00:00+00:00
[2025-07-08T10:29:49.744+0000] {processor.py:183} INFO - Processing /home/airflow/.local/lib/python3.8/site-packages/airflow/example_dags/example_task_group_decorator.py took 0.538 seconds
[2025-07-08T10:30:20.585+0000] {processor.py:161} INFO - Started process (PID=10862) to work on /home/airflow/.local/lib/python3.8/site-packages/airflow/example_dags/example_task_group_decorator.py
[2025-07-08T10:30:20.587+0000] {processor.py:830} INFO - Processing file /home/airflow/.local/lib/python3.8/site-packages/airflow/example_dags/example_task_group_decorator.py for tasks to queue
[2025-07-08T10:30:20.590+0000] {logging_mixin.py:188} INFO - [2025-07-08T10:30:20.589+0000] {dagbag.py:538} INFO - Filling up the DagBag from /home/airflow/.local/lib/python3.8/site-packages/airflow/example_dags/example_task_group_decorator.py
[2025-07-08T10:30:20.681+0000] {processor.py:840} INFO - DAG(s) 'example_task_group_decorator' retrieved from /home/airflow/.local/lib/python3.8/site-packages/airflow/example_dags/example_task_group_decorator.py
[2025-07-08T10:30:20.874+0000] {logging_mixin.py:188} INFO - [2025-07-08T10:30:20.873+0000] {dag.py:3036} INFO - Sync 1 DAGs
[2025-07-08T10:30:21.033+0000] {logging_mixin.py:188} INFO - [2025-07-08T10:30:21.033+0000] {dag.py:3823} INFO - Setting next_dagrun for example_task_group_decorator to 2025-07-07 00:00:00+00:00, run_after=2025-07-08 00:00:00+00:00
[2025-07-08T10:30:21.171+0000] {processor.py:183} INFO - Processing /home/airflow/.local/lib/python3.8/site-packages/airflow/example_dags/example_task_group_decorator.py took 0.592 seconds
[2025-07-08T10:30:52.751+0000] {processor.py:161} INFO - Started process (PID=10922) to work on /home/airflow/.local/lib/python3.8/site-packages/airflow/example_dags/example_task_group_decorator.py
[2025-07-08T10:30:52.772+0000] {processor.py:830} INFO - Processing file /home/airflow/.local/lib/python3.8/site-packages/airflow/example_dags/example_task_group_decorator.py for tasks to queue
[2025-07-08T10:30:52.775+0000] {logging_mixin.py:188} INFO - [2025-07-08T10:30:52.775+0000] {dagbag.py:538} INFO - Filling up the DagBag from /home/airflow/.local/lib/python3.8/site-packages/airflow/example_dags/example_task_group_decorator.py
[2025-07-08T10:30:52.902+0000] {processor.py:840} INFO - DAG(s) 'example_task_group_decorator' retrieved from /home/airflow/.local/lib/python3.8/site-packages/airflow/example_dags/example_task_group_decorator.py
[2025-07-08T10:30:53.064+0000] {logging_mixin.py:188} INFO - [2025-07-08T10:30:53.064+0000] {dag.py:3036} INFO - Sync 1 DAGs
[2025-07-08T10:30:53.257+0000] {logging_mixin.py:188} INFO - [2025-07-08T10:30:53.256+0000] {dag.py:3823} INFO - Setting next_dagrun for example_task_group_decorator to 2025-07-07 00:00:00+00:00, run_after=2025-07-08 00:00:00+00:00
[2025-07-08T10:30:53.362+0000] {processor.py:183} INFO - Processing /home/airflow/.local/lib/python3.8/site-packages/airflow/example_dags/example_task_group_decorator.py took 0.617 seconds
[2025-07-08T10:31:23.929+0000] {processor.py:161} INFO - Started process (PID=10989) to work on /home/airflow/.local/lib/python3.8/site-packages/airflow/example_dags/example_task_group_decorator.py
[2025-07-08T10:31:23.930+0000] {processor.py:830} INFO - Processing file /home/airflow/.local/lib/python3.8/site-packages/airflow/example_dags/example_task_group_decorator.py for tasks to queue
[2025-07-08T10:31:23.937+0000] {logging_mixin.py:188} INFO - [2025-07-08T10:31:23.937+0000] {dagbag.py:538} INFO - Filling up the DagBag from /home/airflow/.local/lib/python3.8/site-packages/airflow/example_dags/example_task_group_decorator.py
[2025-07-08T10:31:24.014+0000] {processor.py:840} INFO - DAG(s) 'example_task_group_decorator' retrieved from /home/airflow/.local/lib/python3.8/site-packages/airflow/example_dags/example_task_group_decorator.py
[2025-07-08T10:31:24.173+0000] {logging_mixin.py:188} INFO - [2025-07-08T10:31:24.173+0000] {dag.py:3036} INFO - Sync 1 DAGs
[2025-07-08T10:31:24.281+0000] {logging_mixin.py:188} INFO - [2025-07-08T10:31:24.281+0000] {dag.py:3823} INFO - Setting next_dagrun for example_task_group_decorator to 2025-07-07 00:00:00+00:00, run_after=2025-07-08 00:00:00+00:00
[2025-07-08T10:31:24.366+0000] {processor.py:183} INFO - Processing /home/airflow/.local/lib/python3.8/site-packages/airflow/example_dags/example_task_group_decorator.py took 0.464 seconds
[2025-07-08T10:31:54.582+0000] {processor.py:161} INFO - Started process (PID=11052) to work on /home/airflow/.local/lib/python3.8/site-packages/airflow/example_dags/example_task_group_decorator.py
[2025-07-08T10:31:54.596+0000] {processor.py:830} INFO - Processing file /home/airflow/.local/lib/python3.8/site-packages/airflow/example_dags/example_task_group_decorator.py for tasks to queue
[2025-07-08T10:31:54.600+0000] {logging_mixin.py:188} INFO - [2025-07-08T10:31:54.599+0000] {dagbag.py:538} INFO - Filling up the DagBag from /home/airflow/.local/lib/python3.8/site-packages/airflow/example_dags/example_task_group_decorator.py
[2025-07-08T10:31:54.688+0000] {processor.py:840} INFO - DAG(s) 'example_task_group_decorator' retrieved from /home/airflow/.local/lib/python3.8/site-packages/airflow/example_dags/example_task_group_decorator.py
[2025-07-08T10:31:54.781+0000] {logging_mixin.py:188} INFO - [2025-07-08T10:31:54.780+0000] {dag.py:3036} INFO - Sync 1 DAGs
[2025-07-08T10:31:54.863+0000] {logging_mixin.py:188} INFO - [2025-07-08T10:31:54.863+0000] {dag.py:3823} INFO - Setting next_dagrun for example_task_group_decorator to 2025-07-07 00:00:00+00:00, run_after=2025-07-08 00:00:00+00:00
[2025-07-08T10:31:54.900+0000] {processor.py:183} INFO - Processing /home/airflow/.local/lib/python3.8/site-packages/airflow/example_dags/example_task_group_decorator.py took 0.333 seconds
[2025-07-08T10:32:25.054+0000] {processor.py:161} INFO - Started process (PID=11119) to work on /home/airflow/.local/lib/python3.8/site-packages/airflow/example_dags/example_task_group_decorator.py
[2025-07-08T10:32:25.056+0000] {processor.py:830} INFO - Processing file /home/airflow/.local/lib/python3.8/site-packages/airflow/example_dags/example_task_group_decorator.py for tasks to queue
[2025-07-08T10:32:25.058+0000] {logging_mixin.py:188} INFO - [2025-07-08T10:32:25.057+0000] {dagbag.py:538} INFO - Filling up the DagBag from /home/airflow/.local/lib/python3.8/site-packages/airflow/example_dags/example_task_group_decorator.py
[2025-07-08T10:32:25.092+0000] {processor.py:840} INFO - DAG(s) 'example_task_group_decorator' retrieved from /home/airflow/.local/lib/python3.8/site-packages/airflow/example_dags/example_task_group_decorator.py
[2025-07-08T10:32:25.154+0000] {logging_mixin.py:188} INFO - [2025-07-08T10:32:25.153+0000] {dag.py:3036} INFO - Sync 1 DAGs
[2025-07-08T10:32:25.233+0000] {logging_mixin.py:188} INFO - [2025-07-08T10:32:25.232+0000] {dag.py:3823} INFO - Setting next_dagrun for example_task_group_decorator to 2025-07-07 00:00:00+00:00, run_after=2025-07-08 00:00:00+00:00
[2025-07-08T10:32:25.268+0000] {processor.py:183} INFO - Processing /home/airflow/.local/lib/python3.8/site-packages/airflow/example_dags/example_task_group_decorator.py took 0.222 seconds
[2025-07-08T10:32:56.051+0000] {processor.py:161} INFO - Started process (PID=11187) to work on /home/airflow/.local/lib/python3.8/site-packages/airflow/example_dags/example_task_group_decorator.py
[2025-07-08T10:32:56.056+0000] {processor.py:830} INFO - Processing file /home/airflow/.local/lib/python3.8/site-packages/airflow/example_dags/example_task_group_decorator.py for tasks to queue
[2025-07-08T10:32:56.058+0000] {logging_mixin.py:188} INFO - [2025-07-08T10:32:56.057+0000] {dagbag.py:538} INFO - Filling up the DagBag from /home/airflow/.local/lib/python3.8/site-packages/airflow/example_dags/example_task_group_decorator.py
[2025-07-08T10:32:56.177+0000] {processor.py:840} INFO - DAG(s) 'example_task_group_decorator' retrieved from /home/airflow/.local/lib/python3.8/site-packages/airflow/example_dags/example_task_group_decorator.py
[2025-07-08T10:32:56.314+0000] {logging_mixin.py:188} INFO - [2025-07-08T10:32:56.313+0000] {dag.py:3036} INFO - Sync 1 DAGs
[2025-07-08T10:32:56.363+0000] {logging_mixin.py:188} INFO - [2025-07-08T10:32:56.363+0000] {dag.py:3823} INFO - Setting next_dagrun for example_task_group_decorator to 2025-07-07 00:00:00+00:00, run_after=2025-07-08 00:00:00+00:00
[2025-07-08T10:32:56.424+0000] {processor.py:183} INFO - Processing /home/airflow/.local/lib/python3.8/site-packages/airflow/example_dags/example_task_group_decorator.py took 0.379 seconds
[2025-07-08T10:33:27.271+0000] {processor.py:161} INFO - Started process (PID=11254) to work on /home/airflow/.local/lib/python3.8/site-packages/airflow/example_dags/example_task_group_decorator.py
[2025-07-08T10:33:27.272+0000] {processor.py:830} INFO - Processing file /home/airflow/.local/lib/python3.8/site-packages/airflow/example_dags/example_task_group_decorator.py for tasks to queue
[2025-07-08T10:33:27.274+0000] {logging_mixin.py:188} INFO - [2025-07-08T10:33:27.273+0000] {dagbag.py:538} INFO - Filling up the DagBag from /home/airflow/.local/lib/python3.8/site-packages/airflow/example_dags/example_task_group_decorator.py
[2025-07-08T10:33:27.307+0000] {processor.py:840} INFO - DAG(s) 'example_task_group_decorator' retrieved from /home/airflow/.local/lib/python3.8/site-packages/airflow/example_dags/example_task_group_decorator.py
[2025-07-08T10:33:27.356+0000] {logging_mixin.py:188} INFO - [2025-07-08T10:33:27.355+0000] {dag.py:3036} INFO - Sync 1 DAGs
[2025-07-08T10:33:27.427+0000] {logging_mixin.py:188} INFO - [2025-07-08T10:33:27.426+0000] {dag.py:3823} INFO - Setting next_dagrun for example_task_group_decorator to 2025-07-07 00:00:00+00:00, run_after=2025-07-08 00:00:00+00:00
[2025-07-08T10:33:27.541+0000] {processor.py:183} INFO - Processing /home/airflow/.local/lib/python3.8/site-packages/airflow/example_dags/example_task_group_decorator.py took 0.276 seconds
[2025-07-08T10:33:57.770+0000] {processor.py:161} INFO - Started process (PID=11323) to work on /home/airflow/.local/lib/python3.8/site-packages/airflow/example_dags/example_task_group_decorator.py
[2025-07-08T10:33:57.780+0000] {processor.py:830} INFO - Processing file /home/airflow/.local/lib/python3.8/site-packages/airflow/example_dags/example_task_group_decorator.py for tasks to queue
[2025-07-08T10:33:57.782+0000] {logging_mixin.py:188} INFO - [2025-07-08T10:33:57.781+0000] {dagbag.py:538} INFO - Filling up the DagBag from /home/airflow/.local/lib/python3.8/site-packages/airflow/example_dags/example_task_group_decorator.py
[2025-07-08T10:33:57.895+0000] {processor.py:840} INFO - DAG(s) 'example_task_group_decorator' retrieved from /home/airflow/.local/lib/python3.8/site-packages/airflow/example_dags/example_task_group_decorator.py
[2025-07-08T10:33:58.089+0000] {logging_mixin.py:188} INFO - [2025-07-08T10:33:58.089+0000] {dag.py:3036} INFO - Sync 1 DAGs
[2025-07-08T10:33:58.310+0000] {logging_mixin.py:188} INFO - [2025-07-08T10:33:58.309+0000] {dag.py:3823} INFO - Setting next_dagrun for example_task_group_decorator to 2025-07-07 00:00:00+00:00, run_after=2025-07-08 00:00:00+00:00
[2025-07-08T10:33:58.417+0000] {processor.py:183} INFO - Processing /home/airflow/.local/lib/python3.8/site-packages/airflow/example_dags/example_task_group_decorator.py took 0.676 seconds
[2025-07-08T10:34:28.696+0000] {processor.py:161} INFO - Started process (PID=11383) to work on /home/airflow/.local/lib/python3.8/site-packages/airflow/example_dags/example_task_group_decorator.py
[2025-07-08T10:34:28.697+0000] {processor.py:830} INFO - Processing file /home/airflow/.local/lib/python3.8/site-packages/airflow/example_dags/example_task_group_decorator.py for tasks to queue
[2025-07-08T10:34:28.699+0000] {logging_mixin.py:188} INFO - [2025-07-08T10:34:28.698+0000] {dagbag.py:538} INFO - Filling up the DagBag from /home/airflow/.local/lib/python3.8/site-packages/airflow/example_dags/example_task_group_decorator.py
[2025-07-08T10:34:28.779+0000] {processor.py:840} INFO - DAG(s) 'example_task_group_decorator' retrieved from /home/airflow/.local/lib/python3.8/site-packages/airflow/example_dags/example_task_group_decorator.py
[2025-07-08T10:34:28.863+0000] {logging_mixin.py:188} INFO - [2025-07-08T10:34:28.863+0000] {dag.py:3036} INFO - Sync 1 DAGs
[2025-07-08T10:34:28.917+0000] {logging_mixin.py:188} INFO - [2025-07-08T10:34:28.916+0000] {dag.py:3823} INFO - Setting next_dagrun for example_task_group_decorator to 2025-07-07 00:00:00+00:00, run_after=2025-07-08 00:00:00+00:00
[2025-07-08T10:34:28.958+0000] {processor.py:183} INFO - Processing /home/airflow/.local/lib/python3.8/site-packages/airflow/example_dags/example_task_group_decorator.py took 0.280 seconds
[2025-07-08T10:34:59.361+0000] {processor.py:161} INFO - Started process (PID=11451) to work on /home/airflow/.local/lib/python3.8/site-packages/airflow/example_dags/example_task_group_decorator.py
[2025-07-08T10:34:59.365+0000] {processor.py:830} INFO - Processing file /home/airflow/.local/lib/python3.8/site-packages/airflow/example_dags/example_task_group_decorator.py for tasks to queue
[2025-07-08T10:34:59.367+0000] {logging_mixin.py:188} INFO - [2025-07-08T10:34:59.366+0000] {dagbag.py:538} INFO - Filling up the DagBag from /home/airflow/.local/lib/python3.8/site-packages/airflow/example_dags/example_task_group_decorator.py
[2025-07-08T10:34:59.478+0000] {processor.py:840} INFO - DAG(s) 'example_task_group_decorator' retrieved from /home/airflow/.local/lib/python3.8/site-packages/airflow/example_dags/example_task_group_decorator.py
[2025-07-08T10:34:59.652+0000] {logging_mixin.py:188} INFO - [2025-07-08T10:34:59.652+0000] {dag.py:3036} INFO - Sync 1 DAGs
[2025-07-08T10:34:59.746+0000] {logging_mixin.py:188} INFO - [2025-07-08T10:34:59.745+0000] {dag.py:3823} INFO - Setting next_dagrun for example_task_group_decorator to 2025-07-07 00:00:00+00:00, run_after=2025-07-08 00:00:00+00:00
[2025-07-08T10:34:59.824+0000] {processor.py:183} INFO - Processing /home/airflow/.local/lib/python3.8/site-packages/airflow/example_dags/example_task_group_decorator.py took 0.490 seconds
[2025-07-08T10:35:30.707+0000] {processor.py:161} INFO - Started process (PID=11522) to work on /home/airflow/.local/lib/python3.8/site-packages/airflow/example_dags/example_task_group_decorator.py
[2025-07-08T10:35:30.716+0000] {processor.py:830} INFO - Processing file /home/airflow/.local/lib/python3.8/site-packages/airflow/example_dags/example_task_group_decorator.py for tasks to queue
[2025-07-08T10:35:30.718+0000] {logging_mixin.py:188} INFO - [2025-07-08T10:35:30.717+0000] {dagbag.py:538} INFO - Filling up the DagBag from /home/airflow/.local/lib/python3.8/site-packages/airflow/example_dags/example_task_group_decorator.py
[2025-07-08T10:35:30.797+0000] {processor.py:840} INFO - DAG(s) 'example_task_group_decorator' retrieved from /home/airflow/.local/lib/python3.8/site-packages/airflow/example_dags/example_task_group_decorator.py
[2025-07-08T10:35:30.978+0000] {logging_mixin.py:188} INFO - [2025-07-08T10:35:30.977+0000] {dag.py:3036} INFO - Sync 1 DAGs
[2025-07-08T10:35:31.086+0000] {logging_mixin.py:188} INFO - [2025-07-08T10:35:31.085+0000] {dag.py:3823} INFO - Setting next_dagrun for example_task_group_decorator to 2025-07-07 00:00:00+00:00, run_after=2025-07-08 00:00:00+00:00
[2025-07-08T10:35:31.151+0000] {processor.py:183} INFO - Processing /home/airflow/.local/lib/python3.8/site-packages/airflow/example_dags/example_task_group_decorator.py took 0.462 seconds
[2025-07-08T10:36:01.560+0000] {processor.py:161} INFO - Started process (PID=11583) to work on /home/airflow/.local/lib/python3.8/site-packages/airflow/example_dags/example_task_group_decorator.py
[2025-07-08T10:36:01.565+0000] {processor.py:830} INFO - Processing file /home/airflow/.local/lib/python3.8/site-packages/airflow/example_dags/example_task_group_decorator.py for tasks to queue
[2025-07-08T10:36:01.571+0000] {logging_mixin.py:188} INFO - [2025-07-08T10:36:01.571+0000] {dagbag.py:538} INFO - Filling up the DagBag from /home/airflow/.local/lib/python3.8/site-packages/airflow/example_dags/example_task_group_decorator.py
[2025-07-08T10:36:01.700+0000] {processor.py:840} INFO - DAG(s) 'example_task_group_decorator' retrieved from /home/airflow/.local/lib/python3.8/site-packages/airflow/example_dags/example_task_group_decorator.py
[2025-07-08T10:36:01.917+0000] {logging_mixin.py:188} INFO - [2025-07-08T10:36:01.916+0000] {dag.py:3036} INFO - Sync 1 DAGs
[2025-07-08T10:36:02.162+0000] {logging_mixin.py:188} INFO - [2025-07-08T10:36:02.162+0000] {dag.py:3823} INFO - Setting next_dagrun for example_task_group_decorator to 2025-07-07 00:00:00+00:00, run_after=2025-07-08 00:00:00+00:00
[2025-07-08T10:36:02.354+0000] {processor.py:183} INFO - Processing /home/airflow/.local/lib/python3.8/site-packages/airflow/example_dags/example_task_group_decorator.py took 0.810 seconds
[2025-07-08T10:36:32.847+0000] {processor.py:161} INFO - Started process (PID=11651) to work on /home/airflow/.local/lib/python3.8/site-packages/airflow/example_dags/example_task_group_decorator.py
[2025-07-08T10:36:32.860+0000] {processor.py:830} INFO - Processing file /home/airflow/.local/lib/python3.8/site-packages/airflow/example_dags/example_task_group_decorator.py for tasks to queue
[2025-07-08T10:36:32.862+0000] {logging_mixin.py:188} INFO - [2025-07-08T10:36:32.861+0000] {dagbag.py:538} INFO - Filling up the DagBag from /home/airflow/.local/lib/python3.8/site-packages/airflow/example_dags/example_task_group_decorator.py
[2025-07-08T10:36:33.066+0000] {processor.py:840} INFO - DAG(s) 'example_task_group_decorator' retrieved from /home/airflow/.local/lib/python3.8/site-packages/airflow/example_dags/example_task_group_decorator.py
[2025-07-08T10:36:33.228+0000] {logging_mixin.py:188} INFO - [2025-07-08T10:36:33.211+0000] {dag.py:3036} INFO - Sync 1 DAGs
[2025-07-08T10:36:33.410+0000] {logging_mixin.py:188} INFO - [2025-07-08T10:36:33.410+0000] {dag.py:3823} INFO - Setting next_dagrun for example_task_group_decorator to 2025-07-07 00:00:00+00:00, run_after=2025-07-08 00:00:00+00:00
[2025-07-08T10:36:33.550+0000] {processor.py:183} INFO - Processing /home/airflow/.local/lib/python3.8/site-packages/airflow/example_dags/example_task_group_decorator.py took 0.735 seconds
[2025-07-08T10:37:03.662+0000] {processor.py:161} INFO - Started process (PID=11712) to work on /home/airflow/.local/lib/python3.8/site-packages/airflow/example_dags/example_task_group_decorator.py
[2025-07-08T10:37:03.663+0000] {processor.py:830} INFO - Processing file /home/airflow/.local/lib/python3.8/site-packages/airflow/example_dags/example_task_group_decorator.py for tasks to queue
[2025-07-08T10:37:03.665+0000] {logging_mixin.py:188} INFO - [2025-07-08T10:37:03.665+0000] {dagbag.py:538} INFO - Filling up the DagBag from /home/airflow/.local/lib/python3.8/site-packages/airflow/example_dags/example_task_group_decorator.py
[2025-07-08T10:37:03.755+0000] {processor.py:840} INFO - DAG(s) 'example_task_group_decorator' retrieved from /home/airflow/.local/lib/python3.8/site-packages/airflow/example_dags/example_task_group_decorator.py
[2025-07-08T10:37:03.906+0000] {logging_mixin.py:188} INFO - [2025-07-08T10:37:03.905+0000] {dag.py:3036} INFO - Sync 1 DAGs
[2025-07-08T10:37:04.007+0000] {logging_mixin.py:188} INFO - [2025-07-08T10:37:04.007+0000] {dag.py:3823} INFO - Setting next_dagrun for example_task_group_decorator to 2025-07-07 00:00:00+00:00, run_after=2025-07-08 00:00:00+00:00
[2025-07-08T10:37:04.044+0000] {processor.py:183} INFO - Processing /home/airflow/.local/lib/python3.8/site-packages/airflow/example_dags/example_task_group_decorator.py took 0.398 seconds
[2025-07-08T10:37:36.768+0000] {processor.py:161} INFO - Started process (PID=11786) to work on /home/airflow/.local/lib/python3.8/site-packages/airflow/example_dags/example_task_group_decorator.py
[2025-07-08T10:37:36.776+0000] {processor.py:830} INFO - Processing file /home/airflow/.local/lib/python3.8/site-packages/airflow/example_dags/example_task_group_decorator.py for tasks to queue
[2025-07-08T10:37:36.778+0000] {logging_mixin.py:188} INFO - [2025-07-08T10:37:36.777+0000] {dagbag.py:538} INFO - Filling up the DagBag from /home/airflow/.local/lib/python3.8/site-packages/airflow/example_dags/example_task_group_decorator.py
[2025-07-08T10:37:36.827+0000] {processor.py:840} INFO - DAG(s) 'example_task_group_decorator' retrieved from /home/airflow/.local/lib/python3.8/site-packages/airflow/example_dags/example_task_group_decorator.py
[2025-07-08T10:37:36.881+0000] {logging_mixin.py:188} INFO - [2025-07-08T10:37:36.880+0000] {dag.py:3036} INFO - Sync 1 DAGs
[2025-07-08T10:37:36.925+0000] {logging_mixin.py:188} INFO - [2025-07-08T10:37:36.924+0000] {dag.py:3823} INFO - Setting next_dagrun for example_task_group_decorator to 2025-07-07 00:00:00+00:00, run_after=2025-07-08 00:00:00+00:00
[2025-07-08T10:37:36.974+0000] {processor.py:183} INFO - Processing /home/airflow/.local/lib/python3.8/site-packages/airflow/example_dags/example_task_group_decorator.py took 0.218 seconds
[2025-07-08T10:38:07.298+0000] {processor.py:161} INFO - Started process (PID=11848) to work on /home/airflow/.local/lib/python3.8/site-packages/airflow/example_dags/example_task_group_decorator.py
[2025-07-08T10:38:07.299+0000] {processor.py:830} INFO - Processing file /home/airflow/.local/lib/python3.8/site-packages/airflow/example_dags/example_task_group_decorator.py for tasks to queue
[2025-07-08T10:38:07.309+0000] {logging_mixin.py:188} INFO - [2025-07-08T10:38:07.308+0000] {dagbag.py:538} INFO - Filling up the DagBag from /home/airflow/.local/lib/python3.8/site-packages/airflow/example_dags/example_task_group_decorator.py
[2025-07-08T10:38:07.370+0000] {processor.py:840} INFO - DAG(s) 'example_task_group_decorator' retrieved from /home/airflow/.local/lib/python3.8/site-packages/airflow/example_dags/example_task_group_decorator.py
[2025-07-08T10:38:07.461+0000] {logging_mixin.py:188} INFO - [2025-07-08T10:38:07.460+0000] {dag.py:3036} INFO - Sync 1 DAGs
[2025-07-08T10:38:07.545+0000] {logging_mixin.py:188} INFO - [2025-07-08T10:38:07.545+0000] {dag.py:3823} INFO - Setting next_dagrun for example_task_group_decorator to 2025-07-07 00:00:00+00:00, run_after=2025-07-08 00:00:00+00:00
[2025-07-08T10:38:07.663+0000] {processor.py:183} INFO - Processing /home/airflow/.local/lib/python3.8/site-packages/airflow/example_dags/example_task_group_decorator.py took 0.371 seconds
[2025-07-08T10:38:40.426+0000] {processor.py:161} INFO - Started process (PID=11915) to work on /home/airflow/.local/lib/python3.8/site-packages/airflow/example_dags/example_task_group_decorator.py
[2025-07-08T10:38:40.435+0000] {processor.py:830} INFO - Processing file /home/airflow/.local/lib/python3.8/site-packages/airflow/example_dags/example_task_group_decorator.py for tasks to queue
[2025-07-08T10:38:40.436+0000] {logging_mixin.py:188} INFO - [2025-07-08T10:38:40.436+0000] {dagbag.py:538} INFO - Filling up the DagBag from /home/airflow/.local/lib/python3.8/site-packages/airflow/example_dags/example_task_group_decorator.py
[2025-07-08T10:38:40.550+0000] {processor.py:840} INFO - DAG(s) 'example_task_group_decorator' retrieved from /home/airflow/.local/lib/python3.8/site-packages/airflow/example_dags/example_task_group_decorator.py
[2025-07-08T10:38:40.754+0000] {logging_mixin.py:188} INFO - [2025-07-08T10:38:40.754+0000] {dag.py:3036} INFO - Sync 1 DAGs
[2025-07-08T10:38:40.850+0000] {logging_mixin.py:188} INFO - [2025-07-08T10:38:40.849+0000] {dag.py:3823} INFO - Setting next_dagrun for example_task_group_decorator to 2025-07-07 00:00:00+00:00, run_after=2025-07-08 00:00:00+00:00
[2025-07-08T10:38:40.927+0000] {processor.py:183} INFO - Processing /home/airflow/.local/lib/python3.8/site-packages/airflow/example_dags/example_task_group_decorator.py took 0.509 seconds
[2025-07-08T10:39:11.581+0000] {processor.py:161} INFO - Started process (PID=11985) to work on /home/airflow/.local/lib/python3.8/site-packages/airflow/example_dags/example_task_group_decorator.py
[2025-07-08T10:39:11.588+0000] {processor.py:830} INFO - Processing file /home/airflow/.local/lib/python3.8/site-packages/airflow/example_dags/example_task_group_decorator.py for tasks to queue
[2025-07-08T10:39:11.590+0000] {logging_mixin.py:188} INFO - [2025-07-08T10:39:11.589+0000] {dagbag.py:538} INFO - Filling up the DagBag from /home/airflow/.local/lib/python3.8/site-packages/airflow/example_dags/example_task_group_decorator.py
[2025-07-08T10:39:11.692+0000] {processor.py:840} INFO - DAG(s) 'example_task_group_decorator' retrieved from /home/airflow/.local/lib/python3.8/site-packages/airflow/example_dags/example_task_group_decorator.py
[2025-07-08T10:39:11.884+0000] {logging_mixin.py:188} INFO - [2025-07-08T10:39:11.857+0000] {dag.py:3036} INFO - Sync 1 DAGs
[2025-07-08T10:39:12.010+0000] {logging_mixin.py:188} INFO - [2025-07-08T10:39:12.010+0000] {dag.py:3823} INFO - Setting next_dagrun for example_task_group_decorator to 2025-07-07 00:00:00+00:00, run_after=2025-07-08 00:00:00+00:00
[2025-07-08T10:39:12.139+0000] {processor.py:183} INFO - Processing /home/airflow/.local/lib/python3.8/site-packages/airflow/example_dags/example_task_group_decorator.py took 0.581 seconds
[2025-07-08T10:39:42.663+0000] {processor.py:161} INFO - Started process (PID=12043) to work on /home/airflow/.local/lib/python3.8/site-packages/airflow/example_dags/example_task_group_decorator.py
[2025-07-08T10:39:42.665+0000] {processor.py:830} INFO - Processing file /home/airflow/.local/lib/python3.8/site-packages/airflow/example_dags/example_task_group_decorator.py for tasks to queue
[2025-07-08T10:39:42.674+0000] {logging_mixin.py:188} INFO - [2025-07-08T10:39:42.673+0000] {dagbag.py:538} INFO - Filling up the DagBag from /home/airflow/.local/lib/python3.8/site-packages/airflow/example_dags/example_task_group_decorator.py
[2025-07-08T10:39:42.775+0000] {processor.py:840} INFO - DAG(s) 'example_task_group_decorator' retrieved from /home/airflow/.local/lib/python3.8/site-packages/airflow/example_dags/example_task_group_decorator.py
[2025-07-08T10:39:42.873+0000] {logging_mixin.py:188} INFO - [2025-07-08T10:39:42.873+0000] {dag.py:3036} INFO - Sync 1 DAGs
[2025-07-08T10:39:42.981+0000] {logging_mixin.py:188} INFO - [2025-07-08T10:39:42.975+0000] {dag.py:3823} INFO - Setting next_dagrun for example_task_group_decorator to 2025-07-07 00:00:00+00:00, run_after=2025-07-08 00:00:00+00:00
[2025-07-08T10:39:43.062+0000] {processor.py:183} INFO - Processing /home/airflow/.local/lib/python3.8/site-packages/airflow/example_dags/example_task_group_decorator.py took 0.411 seconds
[2025-07-08T10:40:13.833+0000] {processor.py:161} INFO - Started process (PID=12111) to work on /home/airflow/.local/lib/python3.8/site-packages/airflow/example_dags/example_task_group_decorator.py
[2025-07-08T10:40:13.849+0000] {processor.py:830} INFO - Processing file /home/airflow/.local/lib/python3.8/site-packages/airflow/example_dags/example_task_group_decorator.py for tasks to queue
[2025-07-08T10:40:13.851+0000] {logging_mixin.py:188} INFO - [2025-07-08T10:40:13.850+0000] {dagbag.py:538} INFO - Filling up the DagBag from /home/airflow/.local/lib/python3.8/site-packages/airflow/example_dags/example_task_group_decorator.py
[2025-07-08T10:40:14.040+0000] {processor.py:840} INFO - DAG(s) 'example_task_group_decorator' retrieved from /home/airflow/.local/lib/python3.8/site-packages/airflow/example_dags/example_task_group_decorator.py
[2025-07-08T10:40:14.217+0000] {logging_mixin.py:188} INFO - [2025-07-08T10:40:14.216+0000] {dag.py:3036} INFO - Sync 1 DAGs
[2025-07-08T10:40:14.365+0000] {logging_mixin.py:188} INFO - [2025-07-08T10:40:14.365+0000] {dag.py:3823} INFO - Setting next_dagrun for example_task_group_decorator to 2025-07-07 00:00:00+00:00, run_after=2025-07-08 00:00:00+00:00
[2025-07-08T10:40:14.540+0000] {processor.py:183} INFO - Processing /home/airflow/.local/lib/python3.8/site-packages/airflow/example_dags/example_task_group_decorator.py took 0.753 seconds
[2025-07-08T10:40:44.994+0000] {processor.py:161} INFO - Started process (PID=12172) to work on /home/airflow/.local/lib/python3.8/site-packages/airflow/example_dags/example_task_group_decorator.py
[2025-07-08T10:40:44.995+0000] {processor.py:830} INFO - Processing file /home/airflow/.local/lib/python3.8/site-packages/airflow/example_dags/example_task_group_decorator.py for tasks to queue
[2025-07-08T10:40:44.997+0000] {logging_mixin.py:188} INFO - [2025-07-08T10:40:44.996+0000] {dagbag.py:538} INFO - Filling up the DagBag from /home/airflow/.local/lib/python3.8/site-packages/airflow/example_dags/example_task_group_decorator.py
[2025-07-08T10:40:45.072+0000] {processor.py:840} INFO - DAG(s) 'example_task_group_decorator' retrieved from /home/airflow/.local/lib/python3.8/site-packages/airflow/example_dags/example_task_group_decorator.py
[2025-07-08T10:40:45.187+0000] {logging_mixin.py:188} INFO - [2025-07-08T10:40:45.186+0000] {dag.py:3036} INFO - Sync 1 DAGs
[2025-07-08T10:40:45.307+0000] {logging_mixin.py:188} INFO - [2025-07-08T10:40:45.307+0000] {dag.py:3823} INFO - Setting next_dagrun for example_task_group_decorator to 2025-07-07 00:00:00+00:00, run_after=2025-07-08 00:00:00+00:00
[2025-07-08T10:40:45.534+0000] {processor.py:183} INFO - Processing /home/airflow/.local/lib/python3.8/site-packages/airflow/example_dags/example_task_group_decorator.py took 0.554 seconds
[2025-07-08T10:41:16.167+0000] {processor.py:161} INFO - Started process (PID=12239) to work on /home/airflow/.local/lib/python3.8/site-packages/airflow/example_dags/example_task_group_decorator.py
[2025-07-08T10:41:16.177+0000] {processor.py:830} INFO - Processing file /home/airflow/.local/lib/python3.8/site-packages/airflow/example_dags/example_task_group_decorator.py for tasks to queue
[2025-07-08T10:41:16.186+0000] {logging_mixin.py:188} INFO - [2025-07-08T10:41:16.185+0000] {dagbag.py:538} INFO - Filling up the DagBag from /home/airflow/.local/lib/python3.8/site-packages/airflow/example_dags/example_task_group_decorator.py
[2025-07-08T10:41:16.392+0000] {processor.py:840} INFO - DAG(s) 'example_task_group_decorator' retrieved from /home/airflow/.local/lib/python3.8/site-packages/airflow/example_dags/example_task_group_decorator.py
[2025-07-08T10:41:16.572+0000] {logging_mixin.py:188} INFO - [2025-07-08T10:41:16.567+0000] {dag.py:3036} INFO - Sync 1 DAGs
[2025-07-08T10:41:16.777+0000] {logging_mixin.py:188} INFO - [2025-07-08T10:41:16.777+0000] {dag.py:3823} INFO - Setting next_dagrun for example_task_group_decorator to 2025-07-07 00:00:00+00:00, run_after=2025-07-08 00:00:00+00:00
[2025-07-08T10:41:16.898+0000] {processor.py:183} INFO - Processing /home/airflow/.local/lib/python3.8/site-packages/airflow/example_dags/example_task_group_decorator.py took 0.741 seconds
[2025-07-08T10:41:47.763+0000] {processor.py:161} INFO - Started process (PID=12308) to work on /home/airflow/.local/lib/python3.8/site-packages/airflow/example_dags/example_task_group_decorator.py
[2025-07-08T10:41:47.773+0000] {processor.py:830} INFO - Processing file /home/airflow/.local/lib/python3.8/site-packages/airflow/example_dags/example_task_group_decorator.py for tasks to queue
[2025-07-08T10:41:47.775+0000] {logging_mixin.py:188} INFO - [2025-07-08T10:41:47.774+0000] {dagbag.py:538} INFO - Filling up the DagBag from /home/airflow/.local/lib/python3.8/site-packages/airflow/example_dags/example_task_group_decorator.py
[2025-07-08T10:41:47.944+0000] {processor.py:840} INFO - DAG(s) 'example_task_group_decorator' retrieved from /home/airflow/.local/lib/python3.8/site-packages/airflow/example_dags/example_task_group_decorator.py
[2025-07-08T10:41:48.134+0000] {logging_mixin.py:188} INFO - [2025-07-08T10:41:48.134+0000] {dag.py:3036} INFO - Sync 1 DAGs
[2025-07-08T10:41:48.275+0000] {logging_mixin.py:188} INFO - [2025-07-08T10:41:48.275+0000] {dag.py:3823} INFO - Setting next_dagrun for example_task_group_decorator to 2025-07-07 00:00:00+00:00, run_after=2025-07-08 00:00:00+00:00
[2025-07-08T10:41:48.434+0000] {processor.py:183} INFO - Processing /home/airflow/.local/lib/python3.8/site-packages/airflow/example_dags/example_task_group_decorator.py took 0.719 seconds
[2025-07-08T10:42:18.651+0000] {processor.py:161} INFO - Started process (PID=12369) to work on /home/airflow/.local/lib/python3.8/site-packages/airflow/example_dags/example_task_group_decorator.py
[2025-07-08T10:42:18.664+0000] {processor.py:830} INFO - Processing file /home/airflow/.local/lib/python3.8/site-packages/airflow/example_dags/example_task_group_decorator.py for tasks to queue
[2025-07-08T10:42:18.666+0000] {logging_mixin.py:188} INFO - [2025-07-08T10:42:18.665+0000] {dagbag.py:538} INFO - Filling up the DagBag from /home/airflow/.local/lib/python3.8/site-packages/airflow/example_dags/example_task_group_decorator.py
[2025-07-08T10:42:18.785+0000] {processor.py:840} INFO - DAG(s) 'example_task_group_decorator' retrieved from /home/airflow/.local/lib/python3.8/site-packages/airflow/example_dags/example_task_group_decorator.py
[2025-07-08T10:42:18.902+0000] {logging_mixin.py:188} INFO - [2025-07-08T10:42:18.902+0000] {dag.py:3036} INFO - Sync 1 DAGs
[2025-07-08T10:42:18.979+0000] {logging_mixin.py:188} INFO - [2025-07-08T10:42:18.978+0000] {dag.py:3823} INFO - Setting next_dagrun for example_task_group_decorator to 2025-07-07 00:00:00+00:00, run_after=2025-07-08 00:00:00+00:00
[2025-07-08T10:42:19.069+0000] {processor.py:183} INFO - Processing /home/airflow/.local/lib/python3.8/site-packages/airflow/example_dags/example_task_group_decorator.py took 0.430 seconds
[2025-07-08T10:42:49.172+0000] {processor.py:161} INFO - Started process (PID=12434) to work on /home/airflow/.local/lib/python3.8/site-packages/airflow/example_dags/example_task_group_decorator.py
[2025-07-08T10:42:49.175+0000] {processor.py:830} INFO - Processing file /home/airflow/.local/lib/python3.8/site-packages/airflow/example_dags/example_task_group_decorator.py for tasks to queue
[2025-07-08T10:42:49.184+0000] {logging_mixin.py:188} INFO - [2025-07-08T10:42:49.183+0000] {dagbag.py:538} INFO - Filling up the DagBag from /home/airflow/.local/lib/python3.8/site-packages/airflow/example_dags/example_task_group_decorator.py
[2025-07-08T10:42:49.229+0000] {processor.py:840} INFO - DAG(s) 'example_task_group_decorator' retrieved from /home/airflow/.local/lib/python3.8/site-packages/airflow/example_dags/example_task_group_decorator.py
[2025-07-08T10:42:49.363+0000] {logging_mixin.py:188} INFO - [2025-07-08T10:42:49.362+0000] {dag.py:3036} INFO - Sync 1 DAGs
[2025-07-08T10:42:49.455+0000] {logging_mixin.py:188} INFO - [2025-07-08T10:42:49.454+0000] {dag.py:3823} INFO - Setting next_dagrun for example_task_group_decorator to 2025-07-07 00:00:00+00:00, run_after=2025-07-08 00:00:00+00:00
[2025-07-08T10:42:49.573+0000] {processor.py:183} INFO - Processing /home/airflow/.local/lib/python3.8/site-packages/airflow/example_dags/example_task_group_decorator.py took 0.416 seconds
[2025-07-08T10:43:19.756+0000] {processor.py:161} INFO - Started process (PID=12494) to work on /home/airflow/.local/lib/python3.8/site-packages/airflow/example_dags/example_task_group_decorator.py
[2025-07-08T10:43:19.772+0000] {processor.py:830} INFO - Processing file /home/airflow/.local/lib/python3.8/site-packages/airflow/example_dags/example_task_group_decorator.py for tasks to queue
[2025-07-08T10:43:19.777+0000] {logging_mixin.py:188} INFO - [2025-07-08T10:43:19.777+0000] {dagbag.py:538} INFO - Filling up the DagBag from /home/airflow/.local/lib/python3.8/site-packages/airflow/example_dags/example_task_group_decorator.py
[2025-07-08T10:43:19.875+0000] {processor.py:840} INFO - DAG(s) 'example_task_group_decorator' retrieved from /home/airflow/.local/lib/python3.8/site-packages/airflow/example_dags/example_task_group_decorator.py
[2025-07-08T10:43:20.006+0000] {logging_mixin.py:188} INFO - [2025-07-08T10:43:20.006+0000] {dag.py:3036} INFO - Sync 1 DAGs
[2025-07-08T10:43:20.098+0000] {logging_mixin.py:188} INFO - [2025-07-08T10:43:20.097+0000] {dag.py:3823} INFO - Setting next_dagrun for example_task_group_decorator to 2025-07-07 00:00:00+00:00, run_after=2025-07-08 00:00:00+00:00
[2025-07-08T10:43:20.154+0000] {processor.py:183} INFO - Processing /home/airflow/.local/lib/python3.8/site-packages/airflow/example_dags/example_task_group_decorator.py took 0.413 seconds
[2025-07-08T10:43:50.477+0000] {processor.py:161} INFO - Started process (PID=12559) to work on /home/airflow/.local/lib/python3.8/site-packages/airflow/example_dags/example_task_group_decorator.py
[2025-07-08T10:43:50.479+0000] {processor.py:830} INFO - Processing file /home/airflow/.local/lib/python3.8/site-packages/airflow/example_dags/example_task_group_decorator.py for tasks to queue
[2025-07-08T10:43:50.489+0000] {logging_mixin.py:188} INFO - [2025-07-08T10:43:50.488+0000] {dagbag.py:538} INFO - Filling up the DagBag from /home/airflow/.local/lib/python3.8/site-packages/airflow/example_dags/example_task_group_decorator.py
[2025-07-08T10:43:50.577+0000] {processor.py:840} INFO - DAG(s) 'example_task_group_decorator' retrieved from /home/airflow/.local/lib/python3.8/site-packages/airflow/example_dags/example_task_group_decorator.py
[2025-07-08T10:43:50.715+0000] {logging_mixin.py:188} INFO - [2025-07-08T10:43:50.715+0000] {dag.py:3036} INFO - Sync 1 DAGs
[2025-07-08T10:43:50.798+0000] {logging_mixin.py:188} INFO - [2025-07-08T10:43:50.798+0000] {dag.py:3823} INFO - Setting next_dagrun for example_task_group_decorator to 2025-07-07 00:00:00+00:00, run_after=2025-07-08 00:00:00+00:00
[2025-07-08T10:43:50.874+0000] {processor.py:183} INFO - Processing /home/airflow/.local/lib/python3.8/site-packages/airflow/example_dags/example_task_group_decorator.py took 0.412 seconds
[2025-07-08T10:44:21.321+0000] {processor.py:161} INFO - Started process (PID=12626) to work on /home/airflow/.local/lib/python3.8/site-packages/airflow/example_dags/example_task_group_decorator.py
[2025-07-08T10:44:21.328+0000] {processor.py:830} INFO - Processing file /home/airflow/.local/lib/python3.8/site-packages/airflow/example_dags/example_task_group_decorator.py for tasks to queue
[2025-07-08T10:44:21.330+0000] {logging_mixin.py:188} INFO - [2025-07-08T10:44:21.330+0000] {dagbag.py:538} INFO - Filling up the DagBag from /home/airflow/.local/lib/python3.8/site-packages/airflow/example_dags/example_task_group_decorator.py
[2025-07-08T10:44:21.494+0000] {processor.py:840} INFO - DAG(s) 'example_task_group_decorator' retrieved from /home/airflow/.local/lib/python3.8/site-packages/airflow/example_dags/example_task_group_decorator.py
[2025-07-08T10:44:21.685+0000] {logging_mixin.py:188} INFO - [2025-07-08T10:44:21.685+0000] {dag.py:3036} INFO - Sync 1 DAGs
[2025-07-08T10:44:21.836+0000] {logging_mixin.py:188} INFO - [2025-07-08T10:44:21.835+0000] {dag.py:3823} INFO - Setting next_dagrun for example_task_group_decorator to 2025-07-07 00:00:00+00:00, run_after=2025-07-08 00:00:00+00:00
[2025-07-08T10:44:22.044+0000] {processor.py:183} INFO - Processing /home/airflow/.local/lib/python3.8/site-packages/airflow/example_dags/example_task_group_decorator.py took 0.747 seconds
[2025-07-08T10:44:52.782+0000] {processor.py:161} INFO - Started process (PID=12688) to work on /home/airflow/.local/lib/python3.8/site-packages/airflow/example_dags/example_task_group_decorator.py
[2025-07-08T10:44:52.783+0000] {processor.py:830} INFO - Processing file /home/airflow/.local/lib/python3.8/site-packages/airflow/example_dags/example_task_group_decorator.py for tasks to queue
[2025-07-08T10:44:52.784+0000] {logging_mixin.py:188} INFO - [2025-07-08T10:44:52.783+0000] {dagbag.py:538} INFO - Filling up the DagBag from /home/airflow/.local/lib/python3.8/site-packages/airflow/example_dags/example_task_group_decorator.py
[2025-07-08T10:44:52.822+0000] {processor.py:840} INFO - DAG(s) 'example_task_group_decorator' retrieved from /home/airflow/.local/lib/python3.8/site-packages/airflow/example_dags/example_task_group_decorator.py
[2025-07-08T10:44:52.869+0000] {logging_mixin.py:188} INFO - [2025-07-08T10:44:52.869+0000] {dag.py:3036} INFO - Sync 1 DAGs
[2025-07-08T10:44:52.912+0000] {logging_mixin.py:188} INFO - [2025-07-08T10:44:52.912+0000] {dag.py:3823} INFO - Setting next_dagrun for example_task_group_decorator to 2025-07-07 00:00:00+00:00, run_after=2025-07-08 00:00:00+00:00
[2025-07-08T10:44:52.983+0000] {processor.py:183} INFO - Processing /home/airflow/.local/lib/python3.8/site-packages/airflow/example_dags/example_task_group_decorator.py took 0.207 seconds
[2025-07-08T10:45:23.843+0000] {processor.py:161} INFO - Started process (PID=12757) to work on /home/airflow/.local/lib/python3.8/site-packages/airflow/example_dags/example_task_group_decorator.py
[2025-07-08T10:45:23.884+0000] {processor.py:830} INFO - Processing file /home/airflow/.local/lib/python3.8/site-packages/airflow/example_dags/example_task_group_decorator.py for tasks to queue
[2025-07-08T10:45:23.886+0000] {logging_mixin.py:188} INFO - [2025-07-08T10:45:23.885+0000] {dagbag.py:538} INFO - Filling up the DagBag from /home/airflow/.local/lib/python3.8/site-packages/airflow/example_dags/example_task_group_decorator.py
[2025-07-08T10:45:23.961+0000] {processor.py:840} INFO - DAG(s) 'example_task_group_decorator' retrieved from /home/airflow/.local/lib/python3.8/site-packages/airflow/example_dags/example_task_group_decorator.py
[2025-07-08T10:45:24.116+0000] {logging_mixin.py:188} INFO - [2025-07-08T10:45:24.115+0000] {dag.py:3036} INFO - Sync 1 DAGs
[2025-07-08T10:45:24.230+0000] {logging_mixin.py:188} INFO - [2025-07-08T10:45:24.229+0000] {dag.py:3823} INFO - Setting next_dagrun for example_task_group_decorator to 2025-07-07 00:00:00+00:00, run_after=2025-07-08 00:00:00+00:00
[2025-07-08T10:45:24.318+0000] {processor.py:183} INFO - Processing /home/airflow/.local/lib/python3.8/site-packages/airflow/example_dags/example_task_group_decorator.py took 0.496 seconds
[2025-07-08T10:45:55.154+0000] {processor.py:161} INFO - Started process (PID=12817) to work on /home/airflow/.local/lib/python3.8/site-packages/airflow/example_dags/example_task_group_decorator.py
[2025-07-08T10:45:55.155+0000] {processor.py:830} INFO - Processing file /home/airflow/.local/lib/python3.8/site-packages/airflow/example_dags/example_task_group_decorator.py for tasks to queue
[2025-07-08T10:45:55.157+0000] {logging_mixin.py:188} INFO - [2025-07-08T10:45:55.156+0000] {dagbag.py:538} INFO - Filling up the DagBag from /home/airflow/.local/lib/python3.8/site-packages/airflow/example_dags/example_task_group_decorator.py
[2025-07-08T10:45:55.191+0000] {processor.py:840} INFO - DAG(s) 'example_task_group_decorator' retrieved from /home/airflow/.local/lib/python3.8/site-packages/airflow/example_dags/example_task_group_decorator.py
[2025-07-08T10:45:55.241+0000] {logging_mixin.py:188} INFO - [2025-07-08T10:45:55.240+0000] {dag.py:3036} INFO - Sync 1 DAGs
[2025-07-08T10:45:55.292+0000] {logging_mixin.py:188} INFO - [2025-07-08T10:45:55.292+0000] {dag.py:3823} INFO - Setting next_dagrun for example_task_group_decorator to 2025-07-07 00:00:00+00:00, run_after=2025-07-08 00:00:00+00:00
[2025-07-08T10:45:55.329+0000] {processor.py:183} INFO - Processing /home/airflow/.local/lib/python3.8/site-packages/airflow/example_dags/example_task_group_decorator.py took 0.181 seconds
[2025-07-08T10:46:27.526+0000] {processor.py:161} INFO - Started process (PID=12886) to work on /home/airflow/.local/lib/python3.8/site-packages/airflow/example_dags/example_task_group_decorator.py
[2025-07-08T10:46:27.534+0000] {processor.py:830} INFO - Processing file /home/airflow/.local/lib/python3.8/site-packages/airflow/example_dags/example_task_group_decorator.py for tasks to queue
[2025-07-08T10:46:27.556+0000] {logging_mixin.py:188} INFO - [2025-07-08T10:46:27.535+0000] {dagbag.py:538} INFO - Filling up the DagBag from /home/airflow/.local/lib/python3.8/site-packages/airflow/example_dags/example_task_group_decorator.py
[2025-07-08T10:46:27.731+0000] {processor.py:840} INFO - DAG(s) 'example_task_group_decorator' retrieved from /home/airflow/.local/lib/python3.8/site-packages/airflow/example_dags/example_task_group_decorator.py
[2025-07-08T10:46:27.905+0000] {logging_mixin.py:188} INFO - [2025-07-08T10:46:27.905+0000] {dag.py:3036} INFO - Sync 1 DAGs
[2025-07-08T10:46:28.101+0000] {logging_mixin.py:188} INFO - [2025-07-08T10:46:28.100+0000] {dag.py:3823} INFO - Setting next_dagrun for example_task_group_decorator to 2025-07-07 00:00:00+00:00, run_after=2025-07-08 00:00:00+00:00
[2025-07-08T10:46:28.193+0000] {processor.py:183} INFO - Processing /home/airflow/.local/lib/python3.8/site-packages/airflow/example_dags/example_task_group_decorator.py took 0.694 seconds
[2025-07-08T10:46:58.475+0000] {processor.py:161} INFO - Started process (PID=12946) to work on /home/airflow/.local/lib/python3.8/site-packages/airflow/example_dags/example_task_group_decorator.py
[2025-07-08T10:46:58.476+0000] {processor.py:830} INFO - Processing file /home/airflow/.local/lib/python3.8/site-packages/airflow/example_dags/example_task_group_decorator.py for tasks to queue
[2025-07-08T10:46:58.477+0000] {logging_mixin.py:188} INFO - [2025-07-08T10:46:58.476+0000] {dagbag.py:538} INFO - Filling up the DagBag from /home/airflow/.local/lib/python3.8/site-packages/airflow/example_dags/example_task_group_decorator.py
[2025-07-08T10:46:58.503+0000] {processor.py:840} INFO - DAG(s) 'example_task_group_decorator' retrieved from /home/airflow/.local/lib/python3.8/site-packages/airflow/example_dags/example_task_group_decorator.py
[2025-07-08T10:46:58.555+0000] {logging_mixin.py:188} INFO - [2025-07-08T10:46:58.554+0000] {dag.py:3036} INFO - Sync 1 DAGs
[2025-07-08T10:46:58.591+0000] {logging_mixin.py:188} INFO - [2025-07-08T10:46:58.590+0000] {dag.py:3823} INFO - Setting next_dagrun for example_task_group_decorator to 2025-07-07 00:00:00+00:00, run_after=2025-07-08 00:00:00+00:00
[2025-07-08T10:46:58.620+0000] {processor.py:183} INFO - Processing /home/airflow/.local/lib/python3.8/site-packages/airflow/example_dags/example_task_group_decorator.py took 0.150 seconds
[2025-07-08T10:47:30.987+0000] {processor.py:161} INFO - Started process (PID=13013) to work on /home/airflow/.local/lib/python3.8/site-packages/airflow/example_dags/example_task_group_decorator.py
[2025-07-08T10:47:30.999+0000] {processor.py:830} INFO - Processing file /home/airflow/.local/lib/python3.8/site-packages/airflow/example_dags/example_task_group_decorator.py for tasks to queue
[2025-07-08T10:47:31.000+0000] {logging_mixin.py:188} INFO - [2025-07-08T10:47:31.000+0000] {dagbag.py:538} INFO - Filling up the DagBag from /home/airflow/.local/lib/python3.8/site-packages/airflow/example_dags/example_task_group_decorator.py
[2025-07-08T10:47:31.094+0000] {processor.py:840} INFO - DAG(s) 'example_task_group_decorator' retrieved from /home/airflow/.local/lib/python3.8/site-packages/airflow/example_dags/example_task_group_decorator.py
[2025-07-08T10:47:31.310+0000] {logging_mixin.py:188} INFO - [2025-07-08T10:47:31.309+0000] {dag.py:3036} INFO - Sync 1 DAGs
[2025-07-08T10:47:31.601+0000] {logging_mixin.py:188} INFO - [2025-07-08T10:47:31.601+0000] {dag.py:3823} INFO - Setting next_dagrun for example_task_group_decorator to 2025-07-07 00:00:00+00:00, run_after=2025-07-08 00:00:00+00:00
[2025-07-08T10:47:31.783+0000] {processor.py:183} INFO - Processing /home/airflow/.local/lib/python3.8/site-packages/airflow/example_dags/example_task_group_decorator.py took 0.803 seconds
[2025-07-08T10:48:02.293+0000] {processor.py:161} INFO - Started process (PID=13079) to work on /home/airflow/.local/lib/python3.8/site-packages/airflow/example_dags/example_task_group_decorator.py
[2025-07-08T10:48:02.295+0000] {processor.py:830} INFO - Processing file /home/airflow/.local/lib/python3.8/site-packages/airflow/example_dags/example_task_group_decorator.py for tasks to queue
[2025-07-08T10:48:02.301+0000] {logging_mixin.py:188} INFO - [2025-07-08T10:48:02.296+0000] {dagbag.py:538} INFO - Filling up the DagBag from /home/airflow/.local/lib/python3.8/site-packages/airflow/example_dags/example_task_group_decorator.py
[2025-07-08T10:48:02.425+0000] {processor.py:840} INFO - DAG(s) 'example_task_group_decorator' retrieved from /home/airflow/.local/lib/python3.8/site-packages/airflow/example_dags/example_task_group_decorator.py
[2025-07-08T10:48:02.560+0000] {logging_mixin.py:188} INFO - [2025-07-08T10:48:02.559+0000] {dag.py:3036} INFO - Sync 1 DAGs
[2025-07-08T10:48:02.682+0000] {logging_mixin.py:188} INFO - [2025-07-08T10:48:02.681+0000] {dag.py:3823} INFO - Setting next_dagrun for example_task_group_decorator to 2025-07-07 00:00:00+00:00, run_after=2025-07-08 00:00:00+00:00
[2025-07-08T10:48:02.752+0000] {processor.py:183} INFO - Processing /home/airflow/.local/lib/python3.8/site-packages/airflow/example_dags/example_task_group_decorator.py took 0.506 seconds
[2025-07-08T10:48:33.235+0000] {processor.py:161} INFO - Started process (PID=13138) to work on /home/airflow/.local/lib/python3.8/site-packages/airflow/example_dags/example_task_group_decorator.py
[2025-07-08T10:48:33.239+0000] {processor.py:830} INFO - Processing file /home/airflow/.local/lib/python3.8/site-packages/airflow/example_dags/example_task_group_decorator.py for tasks to queue
[2025-07-08T10:48:33.241+0000] {logging_mixin.py:188} INFO - [2025-07-08T10:48:33.240+0000] {dagbag.py:538} INFO - Filling up the DagBag from /home/airflow/.local/lib/python3.8/site-packages/airflow/example_dags/example_task_group_decorator.py
[2025-07-08T10:48:33.311+0000] {processor.py:840} INFO - DAG(s) 'example_task_group_decorator' retrieved from /home/airflow/.local/lib/python3.8/site-packages/airflow/example_dags/example_task_group_decorator.py
[2025-07-08T10:48:33.414+0000] {logging_mixin.py:188} INFO - [2025-07-08T10:48:33.414+0000] {dag.py:3036} INFO - Sync 1 DAGs
[2025-07-08T10:48:33.570+0000] {logging_mixin.py:188} INFO - [2025-07-08T10:48:33.569+0000] {dag.py:3823} INFO - Setting next_dagrun for example_task_group_decorator to 2025-07-07 00:00:00+00:00, run_after=2025-07-08 00:00:00+00:00
[2025-07-08T10:48:33.686+0000] {processor.py:183} INFO - Processing /home/airflow/.local/lib/python3.8/site-packages/airflow/example_dags/example_task_group_decorator.py took 0.467 seconds
[2025-07-08T10:49:03.891+0000] {processor.py:161} INFO - Started process (PID=13205) to work on /home/airflow/.local/lib/python3.8/site-packages/airflow/example_dags/example_task_group_decorator.py
[2025-07-08T10:49:03.899+0000] {processor.py:830} INFO - Processing file /home/airflow/.local/lib/python3.8/site-packages/airflow/example_dags/example_task_group_decorator.py for tasks to queue
[2025-07-08T10:49:03.901+0000] {logging_mixin.py:188} INFO - [2025-07-08T10:49:03.900+0000] {dagbag.py:538} INFO - Filling up the DagBag from /home/airflow/.local/lib/python3.8/site-packages/airflow/example_dags/example_task_group_decorator.py
[2025-07-08T10:49:03.960+0000] {processor.py:840} INFO - DAG(s) 'example_task_group_decorator' retrieved from /home/airflow/.local/lib/python3.8/site-packages/airflow/example_dags/example_task_group_decorator.py
[2025-07-08T10:49:04.067+0000] {logging_mixin.py:188} INFO - [2025-07-08T10:49:04.067+0000] {dag.py:3036} INFO - Sync 1 DAGs
[2025-07-08T10:49:04.146+0000] {logging_mixin.py:188} INFO - [2025-07-08T10:49:04.146+0000] {dag.py:3823} INFO - Setting next_dagrun for example_task_group_decorator to 2025-07-07 00:00:00+00:00, run_after=2025-07-08 00:00:00+00:00
[2025-07-08T10:49:04.212+0000] {processor.py:183} INFO - Processing /home/airflow/.local/lib/python3.8/site-packages/airflow/example_dags/example_task_group_decorator.py took 0.328 seconds
[2025-07-08T10:49:35.205+0000] {processor.py:161} INFO - Started process (PID=13264) to work on /home/airflow/.local/lib/python3.8/site-packages/airflow/example_dags/example_task_group_decorator.py
[2025-07-08T10:49:35.212+0000] {processor.py:830} INFO - Processing file /home/airflow/.local/lib/python3.8/site-packages/airflow/example_dags/example_task_group_decorator.py for tasks to queue
[2025-07-08T10:49:35.213+0000] {logging_mixin.py:188} INFO - [2025-07-08T10:49:35.213+0000] {dagbag.py:538} INFO - Filling up the DagBag from /home/airflow/.local/lib/python3.8/site-packages/airflow/example_dags/example_task_group_decorator.py
[2025-07-08T10:49:35.438+0000] {processor.py:840} INFO - DAG(s) 'example_task_group_decorator' retrieved from /home/airflow/.local/lib/python3.8/site-packages/airflow/example_dags/example_task_group_decorator.py
[2025-07-08T10:49:35.625+0000] {logging_mixin.py:188} INFO - [2025-07-08T10:49:35.625+0000] {dag.py:3036} INFO - Sync 1 DAGs
[2025-07-08T10:49:35.750+0000] {logging_mixin.py:188} INFO - [2025-07-08T10:49:35.750+0000] {dag.py:3823} INFO - Setting next_dagrun for example_task_group_decorator to 2025-07-07 00:00:00+00:00, run_after=2025-07-08 00:00:00+00:00
[2025-07-08T10:49:35.860+0000] {processor.py:183} INFO - Processing /home/airflow/.local/lib/python3.8/site-packages/airflow/example_dags/example_task_group_decorator.py took 0.685 seconds
[2025-07-08T10:50:06.295+0000] {processor.py:161} INFO - Started process (PID=13332) to work on /home/airflow/.local/lib/python3.8/site-packages/airflow/example_dags/example_task_group_decorator.py
[2025-07-08T10:50:06.304+0000] {processor.py:830} INFO - Processing file /home/airflow/.local/lib/python3.8/site-packages/airflow/example_dags/example_task_group_decorator.py for tasks to queue
[2025-07-08T10:50:06.312+0000] {logging_mixin.py:188} INFO - [2025-07-08T10:50:06.311+0000] {dagbag.py:538} INFO - Filling up the DagBag from /home/airflow/.local/lib/python3.8/site-packages/airflow/example_dags/example_task_group_decorator.py
[2025-07-08T10:50:06.521+0000] {processor.py:840} INFO - DAG(s) 'example_task_group_decorator' retrieved from /home/airflow/.local/lib/python3.8/site-packages/airflow/example_dags/example_task_group_decorator.py
[2025-07-08T10:50:06.715+0000] {logging_mixin.py:188} INFO - [2025-07-08T10:50:06.714+0000] {dag.py:3036} INFO - Sync 1 DAGs
[2025-07-08T10:50:06.854+0000] {logging_mixin.py:188} INFO - [2025-07-08T10:50:06.854+0000] {dag.py:3823} INFO - Setting next_dagrun for example_task_group_decorator to 2025-07-07 00:00:00+00:00, run_after=2025-07-08 00:00:00+00:00
[2025-07-08T10:50:06.976+0000] {processor.py:183} INFO - Processing /home/airflow/.local/lib/python3.8/site-packages/airflow/example_dags/example_task_group_decorator.py took 0.743 seconds
[2025-07-08T10:50:37.595+0000] {processor.py:161} INFO - Started process (PID=13391) to work on /home/airflow/.local/lib/python3.8/site-packages/airflow/example_dags/example_task_group_decorator.py
[2025-07-08T10:50:37.612+0000] {processor.py:830} INFO - Processing file /home/airflow/.local/lib/python3.8/site-packages/airflow/example_dags/example_task_group_decorator.py for tasks to queue
[2025-07-08T10:50:37.614+0000] {logging_mixin.py:188} INFO - [2025-07-08T10:50:37.613+0000] {dagbag.py:538} INFO - Filling up the DagBag from /home/airflow/.local/lib/python3.8/site-packages/airflow/example_dags/example_task_group_decorator.py
[2025-07-08T10:50:37.705+0000] {processor.py:840} INFO - DAG(s) 'example_task_group_decorator' retrieved from /home/airflow/.local/lib/python3.8/site-packages/airflow/example_dags/example_task_group_decorator.py
[2025-07-08T10:50:37.813+0000] {logging_mixin.py:188} INFO - [2025-07-08T10:50:37.813+0000] {dag.py:3036} INFO - Sync 1 DAGs
[2025-07-08T10:50:37.917+0000] {logging_mixin.py:188} INFO - [2025-07-08T10:50:37.917+0000] {dag.py:3823} INFO - Setting next_dagrun for example_task_group_decorator to 2025-07-07 00:00:00+00:00, run_after=2025-07-08 00:00:00+00:00
[2025-07-08T10:50:37.995+0000] {processor.py:183} INFO - Processing /home/airflow/.local/lib/python3.8/site-packages/airflow/example_dags/example_task_group_decorator.py took 0.418 seconds
[2025-07-08T10:51:17.129+0000] {processor.py:161} INFO - Started process (PID=13465) to work on /home/airflow/.local/lib/python3.8/site-packages/airflow/example_dags/example_task_group_decorator.py
[2025-07-08T10:51:17.136+0000] {processor.py:830} INFO - Processing file /home/airflow/.local/lib/python3.8/site-packages/airflow/example_dags/example_task_group_decorator.py for tasks to queue
[2025-07-08T10:51:17.138+0000] {logging_mixin.py:188} INFO - [2025-07-08T10:51:17.137+0000] {dagbag.py:538} INFO - Filling up the DagBag from /home/airflow/.local/lib/python3.8/site-packages/airflow/example_dags/example_task_group_decorator.py
[2025-07-08T10:51:17.262+0000] {processor.py:840} INFO - DAG(s) 'example_task_group_decorator' retrieved from /home/airflow/.local/lib/python3.8/site-packages/airflow/example_dags/example_task_group_decorator.py
[2025-07-08T10:51:17.447+0000] {logging_mixin.py:188} INFO - [2025-07-08T10:51:17.447+0000] {dag.py:3036} INFO - Sync 1 DAGs
[2025-07-08T10:51:17.562+0000] {logging_mixin.py:188} INFO - [2025-07-08T10:51:17.561+0000] {dag.py:3823} INFO - Setting next_dagrun for example_task_group_decorator to 2025-07-07 00:00:00+00:00, run_after=2025-07-08 00:00:00+00:00
[2025-07-08T10:51:17.712+0000] {processor.py:183} INFO - Processing /home/airflow/.local/lib/python3.8/site-packages/airflow/example_dags/example_task_group_decorator.py took 0.654 seconds
[2025-07-08T10:51:50.648+0000] {processor.py:161} INFO - Started process (PID=13532) to work on /home/airflow/.local/lib/python3.8/site-packages/airflow/example_dags/example_task_group_decorator.py
[2025-07-08T10:51:50.650+0000] {processor.py:830} INFO - Processing file /home/airflow/.local/lib/python3.8/site-packages/airflow/example_dags/example_task_group_decorator.py for tasks to queue
[2025-07-08T10:51:50.652+0000] {logging_mixin.py:188} INFO - [2025-07-08T10:51:50.651+0000] {dagbag.py:538} INFO - Filling up the DagBag from /home/airflow/.local/lib/python3.8/site-packages/airflow/example_dags/example_task_group_decorator.py
[2025-07-08T10:51:50.762+0000] {processor.py:840} INFO - DAG(s) 'example_task_group_decorator' retrieved from /home/airflow/.local/lib/python3.8/site-packages/airflow/example_dags/example_task_group_decorator.py
[2025-07-08T10:51:50.937+0000] {logging_mixin.py:188} INFO - [2025-07-08T10:51:50.937+0000] {dag.py:3036} INFO - Sync 1 DAGs
[2025-07-08T10:51:51.110+0000] {logging_mixin.py:188} INFO - [2025-07-08T10:51:51.110+0000] {dag.py:3823} INFO - Setting next_dagrun for example_task_group_decorator to 2025-07-07 00:00:00+00:00, run_after=2025-07-08 00:00:00+00:00
[2025-07-08T10:51:51.192+0000] {processor.py:183} INFO - Processing /home/airflow/.local/lib/python3.8/site-packages/airflow/example_dags/example_task_group_decorator.py took 0.563 seconds
[2025-07-08T10:52:21.794+0000] {processor.py:161} INFO - Started process (PID=13598) to work on /home/airflow/.local/lib/python3.8/site-packages/airflow/example_dags/example_task_group_decorator.py
[2025-07-08T10:52:21.795+0000] {processor.py:830} INFO - Processing file /home/airflow/.local/lib/python3.8/site-packages/airflow/example_dags/example_task_group_decorator.py for tasks to queue
[2025-07-08T10:52:21.797+0000] {logging_mixin.py:188} INFO - [2025-07-08T10:52:21.796+0000] {dagbag.py:538} INFO - Filling up the DagBag from /home/airflow/.local/lib/python3.8/site-packages/airflow/example_dags/example_task_group_decorator.py
[2025-07-08T10:52:21.923+0000] {processor.py:840} INFO - DAG(s) 'example_task_group_decorator' retrieved from /home/airflow/.local/lib/python3.8/site-packages/airflow/example_dags/example_task_group_decorator.py
[2025-07-08T10:52:22.133+0000] {logging_mixin.py:188} INFO - [2025-07-08T10:52:22.133+0000] {dag.py:3036} INFO - Sync 1 DAGs
[2025-07-08T10:52:22.295+0000] {logging_mixin.py:188} INFO - [2025-07-08T10:52:22.294+0000] {dag.py:3823} INFO - Setting next_dagrun for example_task_group_decorator to 2025-07-07 00:00:00+00:00, run_after=2025-07-08 00:00:00+00:00
[2025-07-08T10:52:22.351+0000] {processor.py:183} INFO - Processing /home/airflow/.local/lib/python3.8/site-packages/airflow/example_dags/example_task_group_decorator.py took 0.569 seconds
[2025-07-08T10:52:53.034+0000] {processor.py:161} INFO - Started process (PID=13657) to work on /home/airflow/.local/lib/python3.8/site-packages/airflow/example_dags/example_task_group_decorator.py
[2025-07-08T10:52:53.036+0000] {processor.py:830} INFO - Processing file /home/airflow/.local/lib/python3.8/site-packages/airflow/example_dags/example_task_group_decorator.py for tasks to queue
[2025-07-08T10:52:53.037+0000] {logging_mixin.py:188} INFO - [2025-07-08T10:52:53.037+0000] {dagbag.py:538} INFO - Filling up the DagBag from /home/airflow/.local/lib/python3.8/site-packages/airflow/example_dags/example_task_group_decorator.py
[2025-07-08T10:52:53.068+0000] {processor.py:840} INFO - DAG(s) 'example_task_group_decorator' retrieved from /home/airflow/.local/lib/python3.8/site-packages/airflow/example_dags/example_task_group_decorator.py
[2025-07-08T10:52:53.121+0000] {logging_mixin.py:188} INFO - [2025-07-08T10:52:53.121+0000] {dag.py:3036} INFO - Sync 1 DAGs
[2025-07-08T10:52:53.166+0000] {logging_mixin.py:188} INFO - [2025-07-08T10:52:53.165+0000] {dag.py:3823} INFO - Setting next_dagrun for example_task_group_decorator to 2025-07-07 00:00:00+00:00, run_after=2025-07-08 00:00:00+00:00
[2025-07-08T10:52:53.197+0000] {processor.py:183} INFO - Processing /home/airflow/.local/lib/python3.8/site-packages/airflow/example_dags/example_task_group_decorator.py took 0.169 seconds
[2025-07-08T10:53:23.320+0000] {processor.py:161} INFO - Started process (PID=13724) to work on /home/airflow/.local/lib/python3.8/site-packages/airflow/example_dags/example_task_group_decorator.py
[2025-07-08T10:53:23.322+0000] {processor.py:830} INFO - Processing file /home/airflow/.local/lib/python3.8/site-packages/airflow/example_dags/example_task_group_decorator.py for tasks to queue
[2025-07-08T10:53:23.323+0000] {logging_mixin.py:188} INFO - [2025-07-08T10:53:23.323+0000] {dagbag.py:538} INFO - Filling up the DagBag from /home/airflow/.local/lib/python3.8/site-packages/airflow/example_dags/example_task_group_decorator.py
[2025-07-08T10:53:23.503+0000] {processor.py:840} INFO - DAG(s) 'example_task_group_decorator' retrieved from /home/airflow/.local/lib/python3.8/site-packages/airflow/example_dags/example_task_group_decorator.py
[2025-07-08T10:53:23.682+0000] {logging_mixin.py:188} INFO - [2025-07-08T10:53:23.681+0000] {dag.py:3036} INFO - Sync 1 DAGs
[2025-07-08T10:53:23.835+0000] {logging_mixin.py:188} INFO - [2025-07-08T10:53:23.824+0000] {dag.py:3823} INFO - Setting next_dagrun for example_task_group_decorator to 2025-07-07 00:00:00+00:00, run_after=2025-07-08 00:00:00+00:00
[2025-07-08T10:53:23.979+0000] {processor.py:183} INFO - Processing /home/airflow/.local/lib/python3.8/site-packages/airflow/example_dags/example_task_group_decorator.py took 0.689 seconds
[2025-07-08T10:53:54.161+0000] {processor.py:161} INFO - Started process (PID=13786) to work on /home/airflow/.local/lib/python3.8/site-packages/airflow/example_dags/example_task_group_decorator.py
[2025-07-08T10:53:54.163+0000] {processor.py:830} INFO - Processing file /home/airflow/.local/lib/python3.8/site-packages/airflow/example_dags/example_task_group_decorator.py for tasks to queue
[2025-07-08T10:53:54.165+0000] {logging_mixin.py:188} INFO - [2025-07-08T10:53:54.164+0000] {dagbag.py:538} INFO - Filling up the DagBag from /home/airflow/.local/lib/python3.8/site-packages/airflow/example_dags/example_task_group_decorator.py
[2025-07-08T10:53:54.207+0000] {processor.py:840} INFO - DAG(s) 'example_task_group_decorator' retrieved from /home/airflow/.local/lib/python3.8/site-packages/airflow/example_dags/example_task_group_decorator.py
[2025-07-08T10:53:54.250+0000] {logging_mixin.py:188} INFO - [2025-07-08T10:53:54.250+0000] {dag.py:3036} INFO - Sync 1 DAGs
[2025-07-08T10:53:54.287+0000] {logging_mixin.py:188} INFO - [2025-07-08T10:53:54.287+0000] {dag.py:3823} INFO - Setting next_dagrun for example_task_group_decorator to 2025-07-07 00:00:00+00:00, run_after=2025-07-08 00:00:00+00:00
[2025-07-08T10:53:54.317+0000] {processor.py:183} INFO - Processing /home/airflow/.local/lib/python3.8/site-packages/airflow/example_dags/example_task_group_decorator.py took 0.162 seconds
[2025-07-08T10:54:25.273+0000] {processor.py:161} INFO - Started process (PID=13852) to work on /home/airflow/.local/lib/python3.8/site-packages/airflow/example_dags/example_task_group_decorator.py
[2025-07-08T10:54:25.274+0000] {processor.py:830} INFO - Processing file /home/airflow/.local/lib/python3.8/site-packages/airflow/example_dags/example_task_group_decorator.py for tasks to queue
[2025-07-08T10:54:25.275+0000] {logging_mixin.py:188} INFO - [2025-07-08T10:54:25.275+0000] {dagbag.py:538} INFO - Filling up the DagBag from /home/airflow/.local/lib/python3.8/site-packages/airflow/example_dags/example_task_group_decorator.py
[2025-07-08T10:54:25.430+0000] {processor.py:840} INFO - DAG(s) 'example_task_group_decorator' retrieved from /home/airflow/.local/lib/python3.8/site-packages/airflow/example_dags/example_task_group_decorator.py
[2025-07-08T10:54:25.621+0000] {logging_mixin.py:188} INFO - [2025-07-08T10:54:25.621+0000] {dag.py:3036} INFO - Sync 1 DAGs
[2025-07-08T10:54:25.740+0000] {logging_mixin.py:188} INFO - [2025-07-08T10:54:25.735+0000] {dag.py:3823} INFO - Setting next_dagrun for example_task_group_decorator to 2025-07-07 00:00:00+00:00, run_after=2025-07-08 00:00:00+00:00
[2025-07-08T10:54:25.822+0000] {processor.py:183} INFO - Processing /home/airflow/.local/lib/python3.8/site-packages/airflow/example_dags/example_task_group_decorator.py took 0.575 seconds
