[2025-07-08T09:05:53.394+0000] {processor.py:161} INFO - Started process (PID=186) to work on /home/airflow/.local/lib/python3.8/site-packages/airflow/example_dags/example_python_decorator.py
[2025-07-08T09:05:53.396+0000] {processor.py:830} INFO - Processing file /home/airflow/.local/lib/python3.8/site-packages/airflow/example_dags/example_python_decorator.py for tasks to queue
[2025-07-08T09:05:53.399+0000] {logging_mixin.py:188} INFO - [2025-07-08T09:05:53.398+0000] {dagbag.py:538} INFO - Filling up the DagBag from /home/airflow/.local/lib/python3.8/site-packages/airflow/example_dags/example_python_decorator.py
[2025-07-08T09:05:53.428+0000] {processor.py:840} INFO - DAG(s) 'example_python_decorator' retrieved from /home/airflow/.local/lib/python3.8/site-packages/airflow/example_dags/example_python_decorator.py
[2025-07-08T09:05:53.647+0000] {logging_mixin.py:188} INFO - [2025-07-08T09:05:53.647+0000] {dag.py:3036} INFO - Sync 1 DAGs
[2025-07-08T09:05:53.672+0000] {logging_mixin.py:188} INFO - [2025-07-08T09:05:53.672+0000] {dag.py:3823} INFO - Setting next_dagrun for example_python_decorator to None, run_after=None
[2025-07-08T09:05:53.711+0000] {processor.py:183} INFO - Processing /home/airflow/.local/lib/python3.8/site-packages/airflow/example_dags/example_python_decorator.py took 0.323 seconds
[2025-07-08T09:06:24.377+0000] {processor.py:161} INFO - Started process (PID=251) to work on /home/airflow/.local/lib/python3.8/site-packages/airflow/example_dags/example_python_decorator.py
[2025-07-08T09:06:24.384+0000] {processor.py:830} INFO - Processing file /home/airflow/.local/lib/python3.8/site-packages/airflow/example_dags/example_python_decorator.py for tasks to queue
[2025-07-08T09:06:24.388+0000] {logging_mixin.py:188} INFO - [2025-07-08T09:06:24.387+0000] {dagbag.py:538} INFO - Filling up the DagBag from /home/airflow/.local/lib/python3.8/site-packages/airflow/example_dags/example_python_decorator.py
[2025-07-08T09:06:24.451+0000] {processor.py:840} INFO - DAG(s) 'example_python_decorator' retrieved from /home/airflow/.local/lib/python3.8/site-packages/airflow/example_dags/example_python_decorator.py
[2025-07-08T09:06:24.557+0000] {logging_mixin.py:188} INFO - [2025-07-08T09:06:24.557+0000] {dag.py:3036} INFO - Sync 1 DAGs
[2025-07-08T09:06:24.599+0000] {logging_mixin.py:188} INFO - [2025-07-08T09:06:24.599+0000] {dag.py:3823} INFO - Setting next_dagrun for example_python_decorator to None, run_after=None
[2025-07-08T09:06:24.758+0000] {processor.py:183} INFO - Processing /home/airflow/.local/lib/python3.8/site-packages/airflow/example_dags/example_python_decorator.py took 0.392 seconds
[2025-07-08T09:06:55.539+0000] {processor.py:161} INFO - Started process (PID=314) to work on /home/airflow/.local/lib/python3.8/site-packages/airflow/example_dags/example_python_decorator.py
[2025-07-08T09:06:55.541+0000] {processor.py:830} INFO - Processing file /home/airflow/.local/lib/python3.8/site-packages/airflow/example_dags/example_python_decorator.py for tasks to queue
[2025-07-08T09:06:55.544+0000] {logging_mixin.py:188} INFO - [2025-07-08T09:06:55.543+0000] {dagbag.py:538} INFO - Filling up the DagBag from /home/airflow/.local/lib/python3.8/site-packages/airflow/example_dags/example_python_decorator.py
[2025-07-08T09:06:55.596+0000] {processor.py:840} INFO - DAG(s) 'example_python_decorator' retrieved from /home/airflow/.local/lib/python3.8/site-packages/airflow/example_dags/example_python_decorator.py
[2025-07-08T09:06:55.681+0000] {logging_mixin.py:188} INFO - [2025-07-08T09:06:55.681+0000] {dag.py:3036} INFO - Sync 1 DAGs
[2025-07-08T09:06:55.723+0000] {logging_mixin.py:188} INFO - [2025-07-08T09:06:55.723+0000] {dag.py:3823} INFO - Setting next_dagrun for example_python_decorator to None, run_after=None
[2025-07-08T09:06:55.802+0000] {processor.py:183} INFO - Processing /home/airflow/.local/lib/python3.8/site-packages/airflow/example_dags/example_python_decorator.py took 0.276 seconds
[2025-07-08T09:07:26.636+0000] {processor.py:161} INFO - Started process (PID=378) to work on /home/airflow/.local/lib/python3.8/site-packages/airflow/example_dags/example_python_decorator.py
[2025-07-08T09:07:26.638+0000] {processor.py:830} INFO - Processing file /home/airflow/.local/lib/python3.8/site-packages/airflow/example_dags/example_python_decorator.py for tasks to queue
[2025-07-08T09:07:26.641+0000] {logging_mixin.py:188} INFO - [2025-07-08T09:07:26.641+0000] {dagbag.py:538} INFO - Filling up the DagBag from /home/airflow/.local/lib/python3.8/site-packages/airflow/example_dags/example_python_decorator.py
[2025-07-08T09:07:26.691+0000] {processor.py:840} INFO - DAG(s) 'example_python_decorator' retrieved from /home/airflow/.local/lib/python3.8/site-packages/airflow/example_dags/example_python_decorator.py
[2025-07-08T09:07:26.777+0000] {logging_mixin.py:188} INFO - [2025-07-08T09:07:26.777+0000] {dag.py:3036} INFO - Sync 1 DAGs
[2025-07-08T09:07:26.830+0000] {logging_mixin.py:188} INFO - [2025-07-08T09:07:26.829+0000] {dag.py:3823} INFO - Setting next_dagrun for example_python_decorator to None, run_after=None
[2025-07-08T09:07:26.909+0000] {processor.py:183} INFO - Processing /home/airflow/.local/lib/python3.8/site-packages/airflow/example_dags/example_python_decorator.py took 0.291 seconds
[2025-07-08T09:07:57.022+0000] {processor.py:161} INFO - Started process (PID=442) to work on /home/airflow/.local/lib/python3.8/site-packages/airflow/example_dags/example_python_decorator.py
[2025-07-08T09:07:57.025+0000] {processor.py:830} INFO - Processing file /home/airflow/.local/lib/python3.8/site-packages/airflow/example_dags/example_python_decorator.py for tasks to queue
[2025-07-08T09:07:57.031+0000] {logging_mixin.py:188} INFO - [2025-07-08T09:07:57.030+0000] {dagbag.py:538} INFO - Filling up the DagBag from /home/airflow/.local/lib/python3.8/site-packages/airflow/example_dags/example_python_decorator.py
[2025-07-08T09:07:57.066+0000] {processor.py:840} INFO - DAG(s) 'example_python_decorator' retrieved from /home/airflow/.local/lib/python3.8/site-packages/airflow/example_dags/example_python_decorator.py
[2025-07-08T09:07:57.123+0000] {logging_mixin.py:188} INFO - [2025-07-08T09:07:57.121+0000] {dag.py:3036} INFO - Sync 1 DAGs
[2025-07-08T09:07:57.148+0000] {logging_mixin.py:188} INFO - [2025-07-08T09:07:57.148+0000] {dag.py:3823} INFO - Setting next_dagrun for example_python_decorator to None, run_after=None
[2025-07-08T09:07:57.189+0000] {processor.py:183} INFO - Processing /home/airflow/.local/lib/python3.8/site-packages/airflow/example_dags/example_python_decorator.py took 0.179 seconds
[2025-07-08T09:08:27.646+0000] {processor.py:161} INFO - Started process (PID=500) to work on /home/airflow/.local/lib/python3.8/site-packages/airflow/example_dags/example_python_decorator.py
[2025-07-08T09:08:27.648+0000] {processor.py:830} INFO - Processing file /home/airflow/.local/lib/python3.8/site-packages/airflow/example_dags/example_python_decorator.py for tasks to queue
[2025-07-08T09:08:27.651+0000] {logging_mixin.py:188} INFO - [2025-07-08T09:08:27.651+0000] {dagbag.py:538} INFO - Filling up the DagBag from /home/airflow/.local/lib/python3.8/site-packages/airflow/example_dags/example_python_decorator.py
[2025-07-08T09:08:27.675+0000] {processor.py:840} INFO - DAG(s) 'example_python_decorator' retrieved from /home/airflow/.local/lib/python3.8/site-packages/airflow/example_dags/example_python_decorator.py
[2025-07-08T09:08:27.714+0000] {logging_mixin.py:188} INFO - [2025-07-08T09:08:27.714+0000] {dag.py:3036} INFO - Sync 1 DAGs
[2025-07-08T09:08:27.736+0000] {logging_mixin.py:188} INFO - [2025-07-08T09:08:27.735+0000] {dag.py:3823} INFO - Setting next_dagrun for example_python_decorator to None, run_after=None
[2025-07-08T09:08:27.770+0000] {processor.py:183} INFO - Processing /home/airflow/.local/lib/python3.8/site-packages/airflow/example_dags/example_python_decorator.py took 0.129 seconds
[2025-07-08T09:08:58.384+0000] {processor.py:161} INFO - Started process (PID=565) to work on /home/airflow/.local/lib/python3.8/site-packages/airflow/example_dags/example_python_decorator.py
[2025-07-08T09:08:58.386+0000] {processor.py:830} INFO - Processing file /home/airflow/.local/lib/python3.8/site-packages/airflow/example_dags/example_python_decorator.py for tasks to queue
[2025-07-08T09:08:58.389+0000] {logging_mixin.py:188} INFO - [2025-07-08T09:08:58.388+0000] {dagbag.py:538} INFO - Filling up the DagBag from /home/airflow/.local/lib/python3.8/site-packages/airflow/example_dags/example_python_decorator.py
[2025-07-08T09:08:58.410+0000] {processor.py:840} INFO - DAG(s) 'example_python_decorator' retrieved from /home/airflow/.local/lib/python3.8/site-packages/airflow/example_dags/example_python_decorator.py
[2025-07-08T09:08:58.446+0000] {logging_mixin.py:188} INFO - [2025-07-08T09:08:58.446+0000] {dag.py:3036} INFO - Sync 1 DAGs
[2025-07-08T09:08:58.466+0000] {logging_mixin.py:188} INFO - [2025-07-08T09:08:58.466+0000] {dag.py:3823} INFO - Setting next_dagrun for example_python_decorator to None, run_after=None
[2025-07-08T09:08:58.501+0000] {processor.py:183} INFO - Processing /home/airflow/.local/lib/python3.8/site-packages/airflow/example_dags/example_python_decorator.py took 0.122 seconds
[2025-07-08T09:09:29.884+0000] {processor.py:161} INFO - Started process (PID=629) to work on /home/airflow/.local/lib/python3.8/site-packages/airflow/example_dags/example_python_decorator.py
[2025-07-08T09:09:29.892+0000] {processor.py:830} INFO - Processing file /home/airflow/.local/lib/python3.8/site-packages/airflow/example_dags/example_python_decorator.py for tasks to queue
[2025-07-08T09:09:29.895+0000] {logging_mixin.py:188} INFO - [2025-07-08T09:09:29.895+0000] {dagbag.py:538} INFO - Filling up the DagBag from /home/airflow/.local/lib/python3.8/site-packages/airflow/example_dags/example_python_decorator.py
[2025-07-08T09:09:29.949+0000] {processor.py:840} INFO - DAG(s) 'example_python_decorator' retrieved from /home/airflow/.local/lib/python3.8/site-packages/airflow/example_dags/example_python_decorator.py
[2025-07-08T09:09:30.006+0000] {logging_mixin.py:188} INFO - [2025-07-08T09:09:30.006+0000] {dag.py:3036} INFO - Sync 1 DAGs
[2025-07-08T09:09:30.034+0000] {logging_mixin.py:188} INFO - [2025-07-08T09:09:30.033+0000] {dag.py:3823} INFO - Setting next_dagrun for example_python_decorator to None, run_after=None
[2025-07-08T09:09:30.077+0000] {processor.py:183} INFO - Processing /home/airflow/.local/lib/python3.8/site-packages/airflow/example_dags/example_python_decorator.py took 0.199 seconds
[2025-07-08T09:10:00.976+0000] {processor.py:161} INFO - Started process (PID=693) to work on /home/airflow/.local/lib/python3.8/site-packages/airflow/example_dags/example_python_decorator.py
[2025-07-08T09:10:00.977+0000] {processor.py:830} INFO - Processing file /home/airflow/.local/lib/python3.8/site-packages/airflow/example_dags/example_python_decorator.py for tasks to queue
[2025-07-08T09:10:00.981+0000] {logging_mixin.py:188} INFO - [2025-07-08T09:10:00.980+0000] {dagbag.py:538} INFO - Filling up the DagBag from /home/airflow/.local/lib/python3.8/site-packages/airflow/example_dags/example_python_decorator.py
[2025-07-08T09:10:01.043+0000] {processor.py:840} INFO - DAG(s) 'example_python_decorator' retrieved from /home/airflow/.local/lib/python3.8/site-packages/airflow/example_dags/example_python_decorator.py
[2025-07-08T09:10:01.133+0000] {logging_mixin.py:188} INFO - [2025-07-08T09:10:01.133+0000] {dag.py:3036} INFO - Sync 1 DAGs
[2025-07-08T09:10:01.187+0000] {logging_mixin.py:188} INFO - [2025-07-08T09:10:01.186+0000] {dag.py:3823} INFO - Setting next_dagrun for example_python_decorator to None, run_after=None
[2025-07-08T09:10:01.250+0000] {processor.py:183} INFO - Processing /home/airflow/.local/lib/python3.8/site-packages/airflow/example_dags/example_python_decorator.py took 0.287 seconds
[2025-07-08T09:10:31.543+0000] {processor.py:161} INFO - Started process (PID=750) to work on /home/airflow/.local/lib/python3.8/site-packages/airflow/example_dags/example_python_decorator.py
[2025-07-08T09:10:31.546+0000] {processor.py:830} INFO - Processing file /home/airflow/.local/lib/python3.8/site-packages/airflow/example_dags/example_python_decorator.py for tasks to queue
[2025-07-08T09:10:31.549+0000] {logging_mixin.py:188} INFO - [2025-07-08T09:10:31.548+0000] {dagbag.py:538} INFO - Filling up the DagBag from /home/airflow/.local/lib/python3.8/site-packages/airflow/example_dags/example_python_decorator.py
[2025-07-08T09:10:31.600+0000] {processor.py:840} INFO - DAG(s) 'example_python_decorator' retrieved from /home/airflow/.local/lib/python3.8/site-packages/airflow/example_dags/example_python_decorator.py
[2025-07-08T09:10:31.639+0000] {logging_mixin.py:188} INFO - [2025-07-08T09:10:31.639+0000] {dag.py:3036} INFO - Sync 1 DAGs
[2025-07-08T09:10:31.667+0000] {logging_mixin.py:188} INFO - [2025-07-08T09:10:31.666+0000] {dag.py:3823} INFO - Setting next_dagrun for example_python_decorator to None, run_after=None
[2025-07-08T09:10:31.726+0000] {processor.py:183} INFO - Processing /home/airflow/.local/lib/python3.8/site-packages/airflow/example_dags/example_python_decorator.py took 0.188 seconds
[2025-07-08T09:11:02.698+0000] {processor.py:161} INFO - Started process (PID=815) to work on /home/airflow/.local/lib/python3.8/site-packages/airflow/example_dags/example_python_decorator.py
[2025-07-08T09:11:02.699+0000] {processor.py:830} INFO - Processing file /home/airflow/.local/lib/python3.8/site-packages/airflow/example_dags/example_python_decorator.py for tasks to queue
[2025-07-08T09:11:02.702+0000] {logging_mixin.py:188} INFO - [2025-07-08T09:11:02.702+0000] {dagbag.py:538} INFO - Filling up the DagBag from /home/airflow/.local/lib/python3.8/site-packages/airflow/example_dags/example_python_decorator.py
[2025-07-08T09:11:02.728+0000] {processor.py:840} INFO - DAG(s) 'example_python_decorator' retrieved from /home/airflow/.local/lib/python3.8/site-packages/airflow/example_dags/example_python_decorator.py
[2025-07-08T09:11:02.771+0000] {logging_mixin.py:188} INFO - [2025-07-08T09:11:02.771+0000] {dag.py:3036} INFO - Sync 1 DAGs
[2025-07-08T09:11:02.795+0000] {logging_mixin.py:188} INFO - [2025-07-08T09:11:02.795+0000] {dag.py:3823} INFO - Setting next_dagrun for example_python_decorator to None, run_after=None
[2025-07-08T09:11:02.833+0000] {processor.py:183} INFO - Processing /home/airflow/.local/lib/python3.8/site-packages/airflow/example_dags/example_python_decorator.py took 0.140 seconds
[2025-07-08T09:11:33.219+0000] {processor.py:161} INFO - Started process (PID=883) to work on /home/airflow/.local/lib/python3.8/site-packages/airflow/example_dags/example_python_decorator.py
[2025-07-08T09:11:33.221+0000] {processor.py:830} INFO - Processing file /home/airflow/.local/lib/python3.8/site-packages/airflow/example_dags/example_python_decorator.py for tasks to queue
[2025-07-08T09:11:33.224+0000] {logging_mixin.py:188} INFO - [2025-07-08T09:11:33.223+0000] {dagbag.py:538} INFO - Filling up the DagBag from /home/airflow/.local/lib/python3.8/site-packages/airflow/example_dags/example_python_decorator.py
[2025-07-08T09:11:33.253+0000] {processor.py:840} INFO - DAG(s) 'example_python_decorator' retrieved from /home/airflow/.local/lib/python3.8/site-packages/airflow/example_dags/example_python_decorator.py
[2025-07-08T09:11:33.300+0000] {logging_mixin.py:188} INFO - [2025-07-08T09:11:33.300+0000] {dag.py:3036} INFO - Sync 1 DAGs
[2025-07-08T09:11:33.326+0000] {logging_mixin.py:188} INFO - [2025-07-08T09:11:33.326+0000] {dag.py:3823} INFO - Setting next_dagrun for example_python_decorator to None, run_after=None
[2025-07-08T09:11:33.366+0000] {processor.py:183} INFO - Processing /home/airflow/.local/lib/python3.8/site-packages/airflow/example_dags/example_python_decorator.py took 0.153 seconds
[2025-07-08T09:12:04.278+0000] {processor.py:161} INFO - Started process (PID=948) to work on /home/airflow/.local/lib/python3.8/site-packages/airflow/example_dags/example_python_decorator.py
[2025-07-08T09:12:04.280+0000] {processor.py:830} INFO - Processing file /home/airflow/.local/lib/python3.8/site-packages/airflow/example_dags/example_python_decorator.py for tasks to queue
[2025-07-08T09:12:04.283+0000] {logging_mixin.py:188} INFO - [2025-07-08T09:12:04.283+0000] {dagbag.py:538} INFO - Filling up the DagBag from /home/airflow/.local/lib/python3.8/site-packages/airflow/example_dags/example_python_decorator.py
[2025-07-08T09:12:04.311+0000] {processor.py:840} INFO - DAG(s) 'example_python_decorator' retrieved from /home/airflow/.local/lib/python3.8/site-packages/airflow/example_dags/example_python_decorator.py
[2025-07-08T09:12:04.351+0000] {logging_mixin.py:188} INFO - [2025-07-08T09:12:04.350+0000] {dag.py:3036} INFO - Sync 1 DAGs
[2025-07-08T09:12:04.375+0000] {logging_mixin.py:188} INFO - [2025-07-08T09:12:04.374+0000] {dag.py:3823} INFO - Setting next_dagrun for example_python_decorator to None, run_after=None
[2025-07-08T09:12:04.412+0000] {processor.py:183} INFO - Processing /home/airflow/.local/lib/python3.8/site-packages/airflow/example_dags/example_python_decorator.py took 0.141 seconds
[2025-07-08T09:12:34.931+0000] {processor.py:161} INFO - Started process (PID=1015) to work on /home/airflow/.local/lib/python3.8/site-packages/airflow/example_dags/example_python_decorator.py
[2025-07-08T09:12:34.933+0000] {processor.py:830} INFO - Processing file /home/airflow/.local/lib/python3.8/site-packages/airflow/example_dags/example_python_decorator.py for tasks to queue
[2025-07-08T09:12:34.936+0000] {logging_mixin.py:188} INFO - [2025-07-08T09:12:34.935+0000] {dagbag.py:538} INFO - Filling up the DagBag from /home/airflow/.local/lib/python3.8/site-packages/airflow/example_dags/example_python_decorator.py
[2025-07-08T09:12:34.965+0000] {processor.py:840} INFO - DAG(s) 'example_python_decorator' retrieved from /home/airflow/.local/lib/python3.8/site-packages/airflow/example_dags/example_python_decorator.py
[2025-07-08T09:12:35.009+0000] {logging_mixin.py:188} INFO - [2025-07-08T09:12:35.009+0000] {dag.py:3036} INFO - Sync 1 DAGs
[2025-07-08T09:12:35.047+0000] {logging_mixin.py:188} INFO - [2025-07-08T09:12:35.046+0000] {dag.py:3823} INFO - Setting next_dagrun for example_python_decorator to None, run_after=None
[2025-07-08T09:12:35.096+0000] {processor.py:183} INFO - Processing /home/airflow/.local/lib/python3.8/site-packages/airflow/example_dags/example_python_decorator.py took 0.174 seconds
[2025-07-08T09:13:06.280+0000] {processor.py:161} INFO - Started process (PID=1083) to work on /home/airflow/.local/lib/python3.8/site-packages/airflow/example_dags/example_python_decorator.py
[2025-07-08T09:13:06.282+0000] {processor.py:830} INFO - Processing file /home/airflow/.local/lib/python3.8/site-packages/airflow/example_dags/example_python_decorator.py for tasks to queue
[2025-07-08T09:13:06.285+0000] {logging_mixin.py:188} INFO - [2025-07-08T09:13:06.285+0000] {dagbag.py:538} INFO - Filling up the DagBag from /home/airflow/.local/lib/python3.8/site-packages/airflow/example_dags/example_python_decorator.py
[2025-07-08T09:13:06.309+0000] {processor.py:840} INFO - DAG(s) 'example_python_decorator' retrieved from /home/airflow/.local/lib/python3.8/site-packages/airflow/example_dags/example_python_decorator.py
[2025-07-08T09:13:06.349+0000] {logging_mixin.py:188} INFO - [2025-07-08T09:13:06.349+0000] {dag.py:3036} INFO - Sync 1 DAGs
[2025-07-08T09:13:06.374+0000] {logging_mixin.py:188} INFO - [2025-07-08T09:13:06.373+0000] {dag.py:3823} INFO - Setting next_dagrun for example_python_decorator to None, run_after=None
[2025-07-08T09:13:06.417+0000] {processor.py:183} INFO - Processing /home/airflow/.local/lib/python3.8/site-packages/airflow/example_dags/example_python_decorator.py took 0.144 seconds
[2025-07-08T09:13:39.090+0000] {processor.py:161} INFO - Started process (PID=1150) to work on /home/airflow/.local/lib/python3.8/site-packages/airflow/example_dags/example_python_decorator.py
[2025-07-08T09:13:39.106+0000] {processor.py:830} INFO - Processing file /home/airflow/.local/lib/python3.8/site-packages/airflow/example_dags/example_python_decorator.py for tasks to queue
[2025-07-08T09:13:39.123+0000] {logging_mixin.py:188} INFO - [2025-07-08T09:13:39.122+0000] {dagbag.py:538} INFO - Filling up the DagBag from /home/airflow/.local/lib/python3.8/site-packages/airflow/example_dags/example_python_decorator.py
[2025-07-08T09:13:39.203+0000] {processor.py:840} INFO - DAG(s) 'example_python_decorator' retrieved from /home/airflow/.local/lib/python3.8/site-packages/airflow/example_dags/example_python_decorator.py
[2025-07-08T09:13:39.336+0000] {logging_mixin.py:188} INFO - [2025-07-08T09:13:39.327+0000] {dag.py:3036} INFO - Sync 1 DAGs
[2025-07-08T09:13:39.452+0000] {logging_mixin.py:188} INFO - [2025-07-08T09:13:39.451+0000] {dag.py:3823} INFO - Setting next_dagrun for example_python_decorator to None, run_after=None
[2025-07-08T09:13:39.536+0000] {processor.py:183} INFO - Processing /home/airflow/.local/lib/python3.8/site-packages/airflow/example_dags/example_python_decorator.py took 0.466 seconds
[2025-07-08T09:14:10.405+0000] {processor.py:161} INFO - Started process (PID=1216) to work on /home/airflow/.local/lib/python3.8/site-packages/airflow/example_dags/example_python_decorator.py
[2025-07-08T09:14:10.406+0000] {processor.py:830} INFO - Processing file /home/airflow/.local/lib/python3.8/site-packages/airflow/example_dags/example_python_decorator.py for tasks to queue
[2025-07-08T09:14:10.421+0000] {logging_mixin.py:188} INFO - [2025-07-08T09:14:10.421+0000] {dagbag.py:538} INFO - Filling up the DagBag from /home/airflow/.local/lib/python3.8/site-packages/airflow/example_dags/example_python_decorator.py
[2025-07-08T09:14:10.517+0000] {processor.py:840} INFO - DAG(s) 'example_python_decorator' retrieved from /home/airflow/.local/lib/python3.8/site-packages/airflow/example_dags/example_python_decorator.py
[2025-07-08T09:14:10.647+0000] {logging_mixin.py:188} INFO - [2025-07-08T09:14:10.647+0000] {dag.py:3036} INFO - Sync 1 DAGs
[2025-07-08T09:14:10.724+0000] {logging_mixin.py:188} INFO - [2025-07-08T09:14:10.724+0000] {dag.py:3823} INFO - Setting next_dagrun for example_python_decorator to None, run_after=None
[2025-07-08T09:14:10.968+0000] {processor.py:183} INFO - Processing /home/airflow/.local/lib/python3.8/site-packages/airflow/example_dags/example_python_decorator.py took 0.586 seconds
[2025-07-08T09:14:41.755+0000] {processor.py:161} INFO - Started process (PID=1275) to work on /home/airflow/.local/lib/python3.8/site-packages/airflow/example_dags/example_python_decorator.py
[2025-07-08T09:14:41.759+0000] {processor.py:830} INFO - Processing file /home/airflow/.local/lib/python3.8/site-packages/airflow/example_dags/example_python_decorator.py for tasks to queue
[2025-07-08T09:14:41.762+0000] {logging_mixin.py:188} INFO - [2025-07-08T09:14:41.762+0000] {dagbag.py:538} INFO - Filling up the DagBag from /home/airflow/.local/lib/python3.8/site-packages/airflow/example_dags/example_python_decorator.py
[2025-07-08T09:14:41.804+0000] {processor.py:840} INFO - DAG(s) 'example_python_decorator' retrieved from /home/airflow/.local/lib/python3.8/site-packages/airflow/example_dags/example_python_decorator.py
[2025-07-08T09:14:41.894+0000] {logging_mixin.py:188} INFO - [2025-07-08T09:14:41.893+0000] {dag.py:3036} INFO - Sync 1 DAGs
[2025-07-08T09:14:41.957+0000] {logging_mixin.py:188} INFO - [2025-07-08T09:14:41.957+0000] {dag.py:3823} INFO - Setting next_dagrun for example_python_decorator to None, run_after=None
[2025-07-08T09:14:42.068+0000] {processor.py:183} INFO - Processing /home/airflow/.local/lib/python3.8/site-packages/airflow/example_dags/example_python_decorator.py took 0.322 seconds
[2025-07-08T09:15:12.788+0000] {processor.py:161} INFO - Started process (PID=1340) to work on /home/airflow/.local/lib/python3.8/site-packages/airflow/example_dags/example_python_decorator.py
[2025-07-08T09:15:12.790+0000] {processor.py:830} INFO - Processing file /home/airflow/.local/lib/python3.8/site-packages/airflow/example_dags/example_python_decorator.py for tasks to queue
[2025-07-08T09:15:12.813+0000] {logging_mixin.py:188} INFO - [2025-07-08T09:15:12.812+0000] {dagbag.py:538} INFO - Filling up the DagBag from /home/airflow/.local/lib/python3.8/site-packages/airflow/example_dags/example_python_decorator.py
[2025-07-08T09:15:12.886+0000] {processor.py:840} INFO - DAG(s) 'example_python_decorator' retrieved from /home/airflow/.local/lib/python3.8/site-packages/airflow/example_dags/example_python_decorator.py
[2025-07-08T09:15:13.017+0000] {logging_mixin.py:188} INFO - [2025-07-08T09:15:13.016+0000] {dag.py:3036} INFO - Sync 1 DAGs
[2025-07-08T09:15:13.103+0000] {logging_mixin.py:188} INFO - [2025-07-08T09:15:13.102+0000] {dag.py:3823} INFO - Setting next_dagrun for example_python_decorator to None, run_after=None
[2025-07-08T09:15:13.272+0000] {processor.py:183} INFO - Processing /home/airflow/.local/lib/python3.8/site-packages/airflow/example_dags/example_python_decorator.py took 0.502 seconds
[2025-07-08T09:15:43.594+0000] {processor.py:161} INFO - Started process (PID=1407) to work on /home/airflow/.local/lib/python3.8/site-packages/airflow/example_dags/example_python_decorator.py
[2025-07-08T09:15:43.604+0000] {processor.py:830} INFO - Processing file /home/airflow/.local/lib/python3.8/site-packages/airflow/example_dags/example_python_decorator.py for tasks to queue
[2025-07-08T09:15:43.607+0000] {logging_mixin.py:188} INFO - [2025-07-08T09:15:43.607+0000] {dagbag.py:538} INFO - Filling up the DagBag from /home/airflow/.local/lib/python3.8/site-packages/airflow/example_dags/example_python_decorator.py
[2025-07-08T09:15:43.694+0000] {processor.py:840} INFO - DAG(s) 'example_python_decorator' retrieved from /home/airflow/.local/lib/python3.8/site-packages/airflow/example_dags/example_python_decorator.py
[2025-07-08T09:15:43.824+0000] {logging_mixin.py:188} INFO - [2025-07-08T09:15:43.823+0000] {dag.py:3036} INFO - Sync 1 DAGs
[2025-07-08T09:15:43.857+0000] {logging_mixin.py:188} INFO - [2025-07-08T09:15:43.857+0000] {dag.py:3823} INFO - Setting next_dagrun for example_python_decorator to None, run_after=None
[2025-07-08T09:15:43.921+0000] {processor.py:183} INFO - Processing /home/airflow/.local/lib/python3.8/site-packages/airflow/example_dags/example_python_decorator.py took 0.356 seconds
[2025-07-08T09:16:14.815+0000] {processor.py:161} INFO - Started process (PID=1474) to work on /home/airflow/.local/lib/python3.8/site-packages/airflow/example_dags/example_python_decorator.py
[2025-07-08T09:16:14.816+0000] {processor.py:830} INFO - Processing file /home/airflow/.local/lib/python3.8/site-packages/airflow/example_dags/example_python_decorator.py for tasks to queue
[2025-07-08T09:16:14.820+0000] {logging_mixin.py:188} INFO - [2025-07-08T09:16:14.819+0000] {dagbag.py:538} INFO - Filling up the DagBag from /home/airflow/.local/lib/python3.8/site-packages/airflow/example_dags/example_python_decorator.py
[2025-07-08T09:16:14.867+0000] {processor.py:840} INFO - DAG(s) 'example_python_decorator' retrieved from /home/airflow/.local/lib/python3.8/site-packages/airflow/example_dags/example_python_decorator.py
[2025-07-08T09:16:14.934+0000] {logging_mixin.py:188} INFO - [2025-07-08T09:16:14.934+0000] {dag.py:3036} INFO - Sync 1 DAGs
[2025-07-08T09:16:14.959+0000] {logging_mixin.py:188} INFO - [2025-07-08T09:16:14.959+0000] {dag.py:3823} INFO - Setting next_dagrun for example_python_decorator to None, run_after=None
[2025-07-08T09:16:14.997+0000] {processor.py:183} INFO - Processing /home/airflow/.local/lib/python3.8/site-packages/airflow/example_dags/example_python_decorator.py took 0.190 seconds
[2025-07-08T09:16:45.848+0000] {processor.py:161} INFO - Started process (PID=1539) to work on /home/airflow/.local/lib/python3.8/site-packages/airflow/example_dags/example_python_decorator.py
[2025-07-08T09:16:45.850+0000] {processor.py:830} INFO - Processing file /home/airflow/.local/lib/python3.8/site-packages/airflow/example_dags/example_python_decorator.py for tasks to queue
[2025-07-08T09:16:45.853+0000] {logging_mixin.py:188} INFO - [2025-07-08T09:16:45.853+0000] {dagbag.py:538} INFO - Filling up the DagBag from /home/airflow/.local/lib/python3.8/site-packages/airflow/example_dags/example_python_decorator.py
[2025-07-08T09:16:45.881+0000] {processor.py:840} INFO - DAG(s) 'example_python_decorator' retrieved from /home/airflow/.local/lib/python3.8/site-packages/airflow/example_dags/example_python_decorator.py
[2025-07-08T09:16:45.926+0000] {logging_mixin.py:188} INFO - [2025-07-08T09:16:45.926+0000] {dag.py:3036} INFO - Sync 1 DAGs
[2025-07-08T09:16:45.952+0000] {logging_mixin.py:188} INFO - [2025-07-08T09:16:45.952+0000] {dag.py:3823} INFO - Setting next_dagrun for example_python_decorator to None, run_after=None
[2025-07-08T09:16:46.006+0000] {processor.py:183} INFO - Processing /home/airflow/.local/lib/python3.8/site-packages/airflow/example_dags/example_python_decorator.py took 0.164 seconds
[2025-07-08T09:17:16.542+0000] {processor.py:161} INFO - Started process (PID=1606) to work on /home/airflow/.local/lib/python3.8/site-packages/airflow/example_dags/example_python_decorator.py
[2025-07-08T09:17:16.544+0000] {processor.py:830} INFO - Processing file /home/airflow/.local/lib/python3.8/site-packages/airflow/example_dags/example_python_decorator.py for tasks to queue
[2025-07-08T09:17:16.547+0000] {logging_mixin.py:188} INFO - [2025-07-08T09:17:16.546+0000] {dagbag.py:538} INFO - Filling up the DagBag from /home/airflow/.local/lib/python3.8/site-packages/airflow/example_dags/example_python_decorator.py
[2025-07-08T09:17:16.577+0000] {processor.py:840} INFO - DAG(s) 'example_python_decorator' retrieved from /home/airflow/.local/lib/python3.8/site-packages/airflow/example_dags/example_python_decorator.py
[2025-07-08T09:17:16.633+0000] {logging_mixin.py:188} INFO - [2025-07-08T09:17:16.632+0000] {dag.py:3036} INFO - Sync 1 DAGs
[2025-07-08T09:17:16.659+0000] {logging_mixin.py:188} INFO - [2025-07-08T09:17:16.659+0000] {dag.py:3823} INFO - Setting next_dagrun for example_python_decorator to None, run_after=None
[2025-07-08T09:17:16.700+0000] {processor.py:183} INFO - Processing /home/airflow/.local/lib/python3.8/site-packages/airflow/example_dags/example_python_decorator.py took 0.164 seconds
[2025-07-08T09:17:46.967+0000] {processor.py:161} INFO - Started process (PID=1671) to work on /home/airflow/.local/lib/python3.8/site-packages/airflow/example_dags/example_python_decorator.py
[2025-07-08T09:17:46.973+0000] {processor.py:830} INFO - Processing file /home/airflow/.local/lib/python3.8/site-packages/airflow/example_dags/example_python_decorator.py for tasks to queue
[2025-07-08T09:17:46.992+0000] {logging_mixin.py:188} INFO - [2025-07-08T09:17:46.975+0000] {dagbag.py:538} INFO - Filling up the DagBag from /home/airflow/.local/lib/python3.8/site-packages/airflow/example_dags/example_python_decorator.py
[2025-07-08T09:17:47.076+0000] {processor.py:840} INFO - DAG(s) 'example_python_decorator' retrieved from /home/airflow/.local/lib/python3.8/site-packages/airflow/example_dags/example_python_decorator.py
[2025-07-08T09:17:47.270+0000] {logging_mixin.py:188} INFO - [2025-07-08T09:17:47.270+0000] {dag.py:3036} INFO - Sync 1 DAGs
[2025-07-08T09:17:47.340+0000] {logging_mixin.py:188} INFO - [2025-07-08T09:17:47.331+0000] {dag.py:3823} INFO - Setting next_dagrun for example_python_decorator to None, run_after=None
[2025-07-08T09:17:47.460+0000] {processor.py:183} INFO - Processing /home/airflow/.local/lib/python3.8/site-packages/airflow/example_dags/example_python_decorator.py took 0.508 seconds
[2025-07-08T09:18:18.458+0000] {processor.py:161} INFO - Started process (PID=1736) to work on /home/airflow/.local/lib/python3.8/site-packages/airflow/example_dags/example_python_decorator.py
[2025-07-08T09:18:18.476+0000] {processor.py:830} INFO - Processing file /home/airflow/.local/lib/python3.8/site-packages/airflow/example_dags/example_python_decorator.py for tasks to queue
[2025-07-08T09:18:18.479+0000] {logging_mixin.py:188} INFO - [2025-07-08T09:18:18.478+0000] {dagbag.py:538} INFO - Filling up the DagBag from /home/airflow/.local/lib/python3.8/site-packages/airflow/example_dags/example_python_decorator.py
[2025-07-08T09:18:18.594+0000] {processor.py:840} INFO - DAG(s) 'example_python_decorator' retrieved from /home/airflow/.local/lib/python3.8/site-packages/airflow/example_dags/example_python_decorator.py
[2025-07-08T09:18:18.705+0000] {logging_mixin.py:188} INFO - [2025-07-08T09:18:18.705+0000] {dag.py:3036} INFO - Sync 1 DAGs
[2025-07-08T09:18:18.785+0000] {logging_mixin.py:188} INFO - [2025-07-08T09:18:18.784+0000] {dag.py:3823} INFO - Setting next_dagrun for example_python_decorator to None, run_after=None
[2025-07-08T09:18:18.892+0000] {processor.py:183} INFO - Processing /home/airflow/.local/lib/python3.8/site-packages/airflow/example_dags/example_python_decorator.py took 0.452 seconds
[2025-07-08T09:18:49.015+0000] {processor.py:161} INFO - Started process (PID=1794) to work on /home/airflow/.local/lib/python3.8/site-packages/airflow/example_dags/example_python_decorator.py
[2025-07-08T09:18:49.017+0000] {processor.py:830} INFO - Processing file /home/airflow/.local/lib/python3.8/site-packages/airflow/example_dags/example_python_decorator.py for tasks to queue
[2025-07-08T09:18:49.020+0000] {logging_mixin.py:188} INFO - [2025-07-08T09:18:49.020+0000] {dagbag.py:538} INFO - Filling up the DagBag from /home/airflow/.local/lib/python3.8/site-packages/airflow/example_dags/example_python_decorator.py
[2025-07-08T09:18:49.048+0000] {processor.py:840} INFO - DAG(s) 'example_python_decorator' retrieved from /home/airflow/.local/lib/python3.8/site-packages/airflow/example_dags/example_python_decorator.py
[2025-07-08T09:18:49.093+0000] {logging_mixin.py:188} INFO - [2025-07-08T09:18:49.092+0000] {dag.py:3036} INFO - Sync 1 DAGs
[2025-07-08T09:18:49.136+0000] {logging_mixin.py:188} INFO - [2025-07-08T09:18:49.136+0000] {dag.py:3823} INFO - Setting next_dagrun for example_python_decorator to None, run_after=None
[2025-07-08T09:18:49.196+0000] {processor.py:183} INFO - Processing /home/airflow/.local/lib/python3.8/site-packages/airflow/example_dags/example_python_decorator.py took 0.187 seconds
[2025-07-08T09:19:19.942+0000] {processor.py:161} INFO - Started process (PID=1860) to work on /home/airflow/.local/lib/python3.8/site-packages/airflow/example_dags/example_python_decorator.py
[2025-07-08T09:19:19.944+0000] {processor.py:830} INFO - Processing file /home/airflow/.local/lib/python3.8/site-packages/airflow/example_dags/example_python_decorator.py for tasks to queue
[2025-07-08T09:19:19.948+0000] {logging_mixin.py:188} INFO - [2025-07-08T09:19:19.946+0000] {dagbag.py:538} INFO - Filling up the DagBag from /home/airflow/.local/lib/python3.8/site-packages/airflow/example_dags/example_python_decorator.py
[2025-07-08T09:19:19.975+0000] {processor.py:840} INFO - DAG(s) 'example_python_decorator' retrieved from /home/airflow/.local/lib/python3.8/site-packages/airflow/example_dags/example_python_decorator.py
[2025-07-08T09:19:20.020+0000] {logging_mixin.py:188} INFO - [2025-07-08T09:19:20.019+0000] {dag.py:3036} INFO - Sync 1 DAGs
[2025-07-08T09:19:20.052+0000] {logging_mixin.py:188} INFO - [2025-07-08T09:19:20.052+0000] {dag.py:3823} INFO - Setting next_dagrun for example_python_decorator to None, run_after=None
[2025-07-08T09:19:20.092+0000] {processor.py:183} INFO - Processing /home/airflow/.local/lib/python3.8/site-packages/airflow/example_dags/example_python_decorator.py took 0.157 seconds
[2025-07-08T09:19:50.283+0000] {processor.py:161} INFO - Started process (PID=1927) to work on /home/airflow/.local/lib/python3.8/site-packages/airflow/example_dags/example_python_decorator.py
[2025-07-08T09:19:50.289+0000] {processor.py:830} INFO - Processing file /home/airflow/.local/lib/python3.8/site-packages/airflow/example_dags/example_python_decorator.py for tasks to queue
[2025-07-08T09:19:50.294+0000] {logging_mixin.py:188} INFO - [2025-07-08T09:19:50.293+0000] {dagbag.py:538} INFO - Filling up the DagBag from /home/airflow/.local/lib/python3.8/site-packages/airflow/example_dags/example_python_decorator.py
[2025-07-08T09:19:50.326+0000] {processor.py:840} INFO - DAG(s) 'example_python_decorator' retrieved from /home/airflow/.local/lib/python3.8/site-packages/airflow/example_dags/example_python_decorator.py
[2025-07-08T09:19:50.377+0000] {logging_mixin.py:188} INFO - [2025-07-08T09:19:50.377+0000] {dag.py:3036} INFO - Sync 1 DAGs
[2025-07-08T09:19:50.418+0000] {logging_mixin.py:188} INFO - [2025-07-08T09:19:50.418+0000] {dag.py:3823} INFO - Setting next_dagrun for example_python_decorator to None, run_after=None
[2025-07-08T09:19:50.451+0000] {processor.py:183} INFO - Processing /home/airflow/.local/lib/python3.8/site-packages/airflow/example_dags/example_python_decorator.py took 0.177 seconds
[2025-07-08T09:20:20.868+0000] {processor.py:161} INFO - Started process (PID=1994) to work on /home/airflow/.local/lib/python3.8/site-packages/airflow/example_dags/example_python_decorator.py
[2025-07-08T09:20:20.870+0000] {processor.py:830} INFO - Processing file /home/airflow/.local/lib/python3.8/site-packages/airflow/example_dags/example_python_decorator.py for tasks to queue
[2025-07-08T09:20:20.891+0000] {logging_mixin.py:188} INFO - [2025-07-08T09:20:20.885+0000] {dagbag.py:538} INFO - Filling up the DagBag from /home/airflow/.local/lib/python3.8/site-packages/airflow/example_dags/example_python_decorator.py
[2025-07-08T09:20:20.917+0000] {processor.py:840} INFO - DAG(s) 'example_python_decorator' retrieved from /home/airflow/.local/lib/python3.8/site-packages/airflow/example_dags/example_python_decorator.py
[2025-07-08T09:20:20.961+0000] {logging_mixin.py:188} INFO - [2025-07-08T09:20:20.961+0000] {dag.py:3036} INFO - Sync 1 DAGs
[2025-07-08T09:20:20.980+0000] {logging_mixin.py:188} INFO - [2025-07-08T09:20:20.979+0000] {dag.py:3823} INFO - Setting next_dagrun for example_python_decorator to None, run_after=None
[2025-07-08T09:20:21.012+0000] {processor.py:183} INFO - Processing /home/airflow/.local/lib/python3.8/site-packages/airflow/example_dags/example_python_decorator.py took 0.158 seconds
[2025-07-08T09:20:51.862+0000] {processor.py:161} INFO - Started process (PID=2060) to work on /home/airflow/.local/lib/python3.8/site-packages/airflow/example_dags/example_python_decorator.py
[2025-07-08T09:20:51.872+0000] {processor.py:830} INFO - Processing file /home/airflow/.local/lib/python3.8/site-packages/airflow/example_dags/example_python_decorator.py for tasks to queue
[2025-07-08T09:20:51.877+0000] {logging_mixin.py:188} INFO - [2025-07-08T09:20:51.876+0000] {dagbag.py:538} INFO - Filling up the DagBag from /home/airflow/.local/lib/python3.8/site-packages/airflow/example_dags/example_python_decorator.py
[2025-07-08T09:20:51.946+0000] {processor.py:840} INFO - DAG(s) 'example_python_decorator' retrieved from /home/airflow/.local/lib/python3.8/site-packages/airflow/example_dags/example_python_decorator.py
[2025-07-08T09:20:52.024+0000] {logging_mixin.py:188} INFO - [2025-07-08T09:20:52.024+0000] {dag.py:3036} INFO - Sync 1 DAGs
[2025-07-08T09:20:52.068+0000] {logging_mixin.py:188} INFO - [2025-07-08T09:20:52.067+0000] {dag.py:3823} INFO - Setting next_dagrun for example_python_decorator to None, run_after=None
[2025-07-08T09:20:52.156+0000] {processor.py:183} INFO - Processing /home/airflow/.local/lib/python3.8/site-packages/airflow/example_dags/example_python_decorator.py took 0.315 seconds
[2025-07-08T09:21:22.491+0000] {processor.py:161} INFO - Started process (PID=2126) to work on /home/airflow/.local/lib/python3.8/site-packages/airflow/example_dags/example_python_decorator.py
[2025-07-08T09:21:22.493+0000] {processor.py:830} INFO - Processing file /home/airflow/.local/lib/python3.8/site-packages/airflow/example_dags/example_python_decorator.py for tasks to queue
[2025-07-08T09:21:22.497+0000] {logging_mixin.py:188} INFO - [2025-07-08T09:21:22.496+0000] {dagbag.py:538} INFO - Filling up the DagBag from /home/airflow/.local/lib/python3.8/site-packages/airflow/example_dags/example_python_decorator.py
[2025-07-08T09:21:22.531+0000] {processor.py:840} INFO - DAG(s) 'example_python_decorator' retrieved from /home/airflow/.local/lib/python3.8/site-packages/airflow/example_dags/example_python_decorator.py
[2025-07-08T09:21:22.606+0000] {logging_mixin.py:188} INFO - [2025-07-08T09:21:22.606+0000] {dag.py:3036} INFO - Sync 1 DAGs
[2025-07-08T09:21:22.649+0000] {logging_mixin.py:188} INFO - [2025-07-08T09:21:22.649+0000] {dag.py:3823} INFO - Setting next_dagrun for example_python_decorator to None, run_after=None
[2025-07-08T09:21:22.728+0000] {processor.py:183} INFO - Processing /home/airflow/.local/lib/python3.8/site-packages/airflow/example_dags/example_python_decorator.py took 0.254 seconds
[2025-07-08T09:21:52.899+0000] {processor.py:161} INFO - Started process (PID=2184) to work on /home/airflow/.local/lib/python3.8/site-packages/airflow/example_dags/example_python_decorator.py
[2025-07-08T09:21:52.906+0000] {processor.py:830} INFO - Processing file /home/airflow/.local/lib/python3.8/site-packages/airflow/example_dags/example_python_decorator.py for tasks to queue
[2025-07-08T09:21:52.909+0000] {logging_mixin.py:188} INFO - [2025-07-08T09:21:52.908+0000] {dagbag.py:538} INFO - Filling up the DagBag from /home/airflow/.local/lib/python3.8/site-packages/airflow/example_dags/example_python_decorator.py
[2025-07-08T09:21:52.979+0000] {processor.py:840} INFO - DAG(s) 'example_python_decorator' retrieved from /home/airflow/.local/lib/python3.8/site-packages/airflow/example_dags/example_python_decorator.py
[2025-07-08T09:21:53.030+0000] {logging_mixin.py:188} INFO - [2025-07-08T09:21:53.029+0000] {dag.py:3036} INFO - Sync 1 DAGs
[2025-07-08T09:21:53.066+0000] {logging_mixin.py:188} INFO - [2025-07-08T09:21:53.065+0000] {dag.py:3823} INFO - Setting next_dagrun for example_python_decorator to None, run_after=None
[2025-07-08T09:21:53.152+0000] {processor.py:183} INFO - Processing /home/airflow/.local/lib/python3.8/site-packages/airflow/example_dags/example_python_decorator.py took 0.259 seconds
[2025-07-08T09:22:23.625+0000] {processor.py:161} INFO - Started process (PID=2250) to work on /home/airflow/.local/lib/python3.8/site-packages/airflow/example_dags/example_python_decorator.py
[2025-07-08T09:22:23.630+0000] {processor.py:830} INFO - Processing file /home/airflow/.local/lib/python3.8/site-packages/airflow/example_dags/example_python_decorator.py for tasks to queue
[2025-07-08T09:22:23.633+0000] {logging_mixin.py:188} INFO - [2025-07-08T09:22:23.632+0000] {dagbag.py:538} INFO - Filling up the DagBag from /home/airflow/.local/lib/python3.8/site-packages/airflow/example_dags/example_python_decorator.py
[2025-07-08T09:22:23.660+0000] {processor.py:840} INFO - DAG(s) 'example_python_decorator' retrieved from /home/airflow/.local/lib/python3.8/site-packages/airflow/example_dags/example_python_decorator.py
[2025-07-08T09:22:23.704+0000] {logging_mixin.py:188} INFO - [2025-07-08T09:22:23.704+0000] {dag.py:3036} INFO - Sync 1 DAGs
[2025-07-08T09:22:23.730+0000] {logging_mixin.py:188} INFO - [2025-07-08T09:22:23.730+0000] {dag.py:3823} INFO - Setting next_dagrun for example_python_decorator to None, run_after=None
[2025-07-08T09:22:23.767+0000] {processor.py:183} INFO - Processing /home/airflow/.local/lib/python3.8/site-packages/airflow/example_dags/example_python_decorator.py took 0.148 seconds
[2025-07-08T09:22:54.307+0000] {processor.py:161} INFO - Started process (PID=2316) to work on /home/airflow/.local/lib/python3.8/site-packages/airflow/example_dags/example_python_decorator.py
[2025-07-08T09:22:54.309+0000] {processor.py:830} INFO - Processing file /home/airflow/.local/lib/python3.8/site-packages/airflow/example_dags/example_python_decorator.py for tasks to queue
[2025-07-08T09:22:54.312+0000] {logging_mixin.py:188} INFO - [2025-07-08T09:22:54.311+0000] {dagbag.py:538} INFO - Filling up the DagBag from /home/airflow/.local/lib/python3.8/site-packages/airflow/example_dags/example_python_decorator.py
[2025-07-08T09:22:54.373+0000] {processor.py:840} INFO - DAG(s) 'example_python_decorator' retrieved from /home/airflow/.local/lib/python3.8/site-packages/airflow/example_dags/example_python_decorator.py
[2025-07-08T09:22:54.424+0000] {logging_mixin.py:188} INFO - [2025-07-08T09:22:54.424+0000] {dag.py:3036} INFO - Sync 1 DAGs
[2025-07-08T09:22:54.450+0000] {logging_mixin.py:188} INFO - [2025-07-08T09:22:54.449+0000] {dag.py:3823} INFO - Setting next_dagrun for example_python_decorator to None, run_after=None
[2025-07-08T09:22:54.489+0000] {processor.py:183} INFO - Processing /home/airflow/.local/lib/python3.8/site-packages/airflow/example_dags/example_python_decorator.py took 0.195 seconds
[2025-07-08T09:23:24.911+0000] {processor.py:161} INFO - Started process (PID=2381) to work on /home/airflow/.local/lib/python3.8/site-packages/airflow/example_dags/example_python_decorator.py
[2025-07-08T09:23:24.920+0000] {processor.py:830} INFO - Processing file /home/airflow/.local/lib/python3.8/site-packages/airflow/example_dags/example_python_decorator.py for tasks to queue
[2025-07-08T09:23:24.923+0000] {logging_mixin.py:188} INFO - [2025-07-08T09:23:24.923+0000] {dagbag.py:538} INFO - Filling up the DagBag from /home/airflow/.local/lib/python3.8/site-packages/airflow/example_dags/example_python_decorator.py
[2025-07-08T09:23:24.965+0000] {processor.py:840} INFO - DAG(s) 'example_python_decorator' retrieved from /home/airflow/.local/lib/python3.8/site-packages/airflow/example_dags/example_python_decorator.py
[2025-07-08T09:23:25.016+0000] {logging_mixin.py:188} INFO - [2025-07-08T09:23:25.015+0000] {dag.py:3036} INFO - Sync 1 DAGs
[2025-07-08T09:23:25.044+0000] {logging_mixin.py:188} INFO - [2025-07-08T09:23:25.044+0000] {dag.py:3823} INFO - Setting next_dagrun for example_python_decorator to None, run_after=None
[2025-07-08T09:23:25.100+0000] {processor.py:183} INFO - Processing /home/airflow/.local/lib/python3.8/site-packages/airflow/example_dags/example_python_decorator.py took 0.202 seconds
[2025-07-08T09:23:55.714+0000] {processor.py:161} INFO - Started process (PID=2448) to work on /home/airflow/.local/lib/python3.8/site-packages/airflow/example_dags/example_python_decorator.py
[2025-07-08T09:23:55.715+0000] {processor.py:830} INFO - Processing file /home/airflow/.local/lib/python3.8/site-packages/airflow/example_dags/example_python_decorator.py for tasks to queue
[2025-07-08T09:23:55.726+0000] {logging_mixin.py:188} INFO - [2025-07-08T09:23:55.726+0000] {dagbag.py:538} INFO - Filling up the DagBag from /home/airflow/.local/lib/python3.8/site-packages/airflow/example_dags/example_python_decorator.py
[2025-07-08T09:23:55.768+0000] {processor.py:840} INFO - DAG(s) 'example_python_decorator' retrieved from /home/airflow/.local/lib/python3.8/site-packages/airflow/example_dags/example_python_decorator.py
[2025-07-08T09:23:55.854+0000] {logging_mixin.py:188} INFO - [2025-07-08T09:23:55.854+0000] {dag.py:3036} INFO - Sync 1 DAGs
[2025-07-08T09:23:55.887+0000] {logging_mixin.py:188} INFO - [2025-07-08T09:23:55.886+0000] {dag.py:3823} INFO - Setting next_dagrun for example_python_decorator to None, run_after=None
[2025-07-08T09:23:55.947+0000] {processor.py:183} INFO - Processing /home/airflow/.local/lib/python3.8/site-packages/airflow/example_dags/example_python_decorator.py took 0.238 seconds
[2025-07-08T09:24:26.026+0000] {processor.py:161} INFO - Started process (PID=2512) to work on /home/airflow/.local/lib/python3.8/site-packages/airflow/example_dags/example_python_decorator.py
[2025-07-08T09:24:26.028+0000] {processor.py:830} INFO - Processing file /home/airflow/.local/lib/python3.8/site-packages/airflow/example_dags/example_python_decorator.py for tasks to queue
[2025-07-08T09:24:26.033+0000] {logging_mixin.py:188} INFO - [2025-07-08T09:24:26.032+0000] {dagbag.py:538} INFO - Filling up the DagBag from /home/airflow/.local/lib/python3.8/site-packages/airflow/example_dags/example_python_decorator.py
[2025-07-08T09:24:26.063+0000] {processor.py:840} INFO - DAG(s) 'example_python_decorator' retrieved from /home/airflow/.local/lib/python3.8/site-packages/airflow/example_dags/example_python_decorator.py
[2025-07-08T09:24:26.113+0000] {logging_mixin.py:188} INFO - [2025-07-08T09:24:26.112+0000] {dag.py:3036} INFO - Sync 1 DAGs
[2025-07-08T09:24:26.142+0000] {logging_mixin.py:188} INFO - [2025-07-08T09:24:26.141+0000] {dag.py:3823} INFO - Setting next_dagrun for example_python_decorator to None, run_after=None
[2025-07-08T09:24:26.242+0000] {processor.py:183} INFO - Processing /home/airflow/.local/lib/python3.8/site-packages/airflow/example_dags/example_python_decorator.py took 0.223 seconds
[2025-07-08T09:24:56.666+0000] {processor.py:161} INFO - Started process (PID=2573) to work on /home/airflow/.local/lib/python3.8/site-packages/airflow/example_dags/example_python_decorator.py
[2025-07-08T09:24:56.667+0000] {processor.py:830} INFO - Processing file /home/airflow/.local/lib/python3.8/site-packages/airflow/example_dags/example_python_decorator.py for tasks to queue
[2025-07-08T09:24:56.671+0000] {logging_mixin.py:188} INFO - [2025-07-08T09:24:56.670+0000] {dagbag.py:538} INFO - Filling up the DagBag from /home/airflow/.local/lib/python3.8/site-packages/airflow/example_dags/example_python_decorator.py
[2025-07-08T09:24:56.701+0000] {processor.py:840} INFO - DAG(s) 'example_python_decorator' retrieved from /home/airflow/.local/lib/python3.8/site-packages/airflow/example_dags/example_python_decorator.py
[2025-07-08T09:24:56.749+0000] {logging_mixin.py:188} INFO - [2025-07-08T09:24:56.749+0000] {dag.py:3036} INFO - Sync 1 DAGs
[2025-07-08T09:24:56.775+0000] {logging_mixin.py:188} INFO - [2025-07-08T09:24:56.774+0000] {dag.py:3823} INFO - Setting next_dagrun for example_python_decorator to None, run_after=None
[2025-07-08T09:24:56.809+0000] {processor.py:183} INFO - Processing /home/airflow/.local/lib/python3.8/site-packages/airflow/example_dags/example_python_decorator.py took 0.171 seconds
[2025-07-08T09:25:27.244+0000] {processor.py:161} INFO - Started process (PID=2639) to work on /home/airflow/.local/lib/python3.8/site-packages/airflow/example_dags/example_python_decorator.py
[2025-07-08T09:25:27.253+0000] {processor.py:830} INFO - Processing file /home/airflow/.local/lib/python3.8/site-packages/airflow/example_dags/example_python_decorator.py for tasks to queue
[2025-07-08T09:25:27.257+0000] {logging_mixin.py:188} INFO - [2025-07-08T09:25:27.256+0000] {dagbag.py:538} INFO - Filling up the DagBag from /home/airflow/.local/lib/python3.8/site-packages/airflow/example_dags/example_python_decorator.py
[2025-07-08T09:25:27.285+0000] {processor.py:840} INFO - DAG(s) 'example_python_decorator' retrieved from /home/airflow/.local/lib/python3.8/site-packages/airflow/example_dags/example_python_decorator.py
[2025-07-08T09:25:27.329+0000] {logging_mixin.py:188} INFO - [2025-07-08T09:25:27.329+0000] {dag.py:3036} INFO - Sync 1 DAGs
[2025-07-08T09:25:27.366+0000] {logging_mixin.py:188} INFO - [2025-07-08T09:25:27.366+0000] {dag.py:3823} INFO - Setting next_dagrun for example_python_decorator to None, run_after=None
[2025-07-08T09:25:27.402+0000] {processor.py:183} INFO - Processing /home/airflow/.local/lib/python3.8/site-packages/airflow/example_dags/example_python_decorator.py took 0.177 seconds
[2025-07-08T09:25:58.719+0000] {processor.py:161} INFO - Started process (PID=2705) to work on /home/airflow/.local/lib/python3.8/site-packages/airflow/example_dags/example_python_decorator.py
[2025-07-08T09:25:58.721+0000] {processor.py:830} INFO - Processing file /home/airflow/.local/lib/python3.8/site-packages/airflow/example_dags/example_python_decorator.py for tasks to queue
[2025-07-08T09:25:58.724+0000] {logging_mixin.py:188} INFO - [2025-07-08T09:25:58.723+0000] {dagbag.py:538} INFO - Filling up the DagBag from /home/airflow/.local/lib/python3.8/site-packages/airflow/example_dags/example_python_decorator.py
[2025-07-08T09:25:58.750+0000] {processor.py:840} INFO - DAG(s) 'example_python_decorator' retrieved from /home/airflow/.local/lib/python3.8/site-packages/airflow/example_dags/example_python_decorator.py
[2025-07-08T09:25:58.789+0000] {logging_mixin.py:188} INFO - [2025-07-08T09:25:58.789+0000] {dag.py:3036} INFO - Sync 1 DAGs
[2025-07-08T09:25:58.809+0000] {logging_mixin.py:188} INFO - [2025-07-08T09:25:58.809+0000] {dag.py:3823} INFO - Setting next_dagrun for example_python_decorator to None, run_after=None
[2025-07-08T09:25:58.842+0000] {processor.py:183} INFO - Processing /home/airflow/.local/lib/python3.8/site-packages/airflow/example_dags/example_python_decorator.py took 0.129 seconds
[2025-07-08T09:26:31.624+0000] {processor.py:161} INFO - Started process (PID=2771) to work on /home/airflow/.local/lib/python3.8/site-packages/airflow/example_dags/example_python_decorator.py
[2025-07-08T09:26:31.626+0000] {processor.py:830} INFO - Processing file /home/airflow/.local/lib/python3.8/site-packages/airflow/example_dags/example_python_decorator.py for tasks to queue
[2025-07-08T09:26:31.629+0000] {logging_mixin.py:188} INFO - [2025-07-08T09:26:31.628+0000] {dagbag.py:538} INFO - Filling up the DagBag from /home/airflow/.local/lib/python3.8/site-packages/airflow/example_dags/example_python_decorator.py
[2025-07-08T09:26:31.656+0000] {processor.py:840} INFO - DAG(s) 'example_python_decorator' retrieved from /home/airflow/.local/lib/python3.8/site-packages/airflow/example_dags/example_python_decorator.py
[2025-07-08T09:26:31.699+0000] {logging_mixin.py:188} INFO - [2025-07-08T09:26:31.698+0000] {dag.py:3036} INFO - Sync 1 DAGs
[2025-07-08T09:26:31.724+0000] {logging_mixin.py:188} INFO - [2025-07-08T09:26:31.724+0000] {dag.py:3823} INFO - Setting next_dagrun for example_python_decorator to None, run_after=None
[2025-07-08T09:26:31.774+0000] {processor.py:183} INFO - Processing /home/airflow/.local/lib/python3.8/site-packages/airflow/example_dags/example_python_decorator.py took 0.168 seconds
[2025-07-08T09:27:02.911+0000] {processor.py:161} INFO - Started process (PID=2838) to work on /home/airflow/.local/lib/python3.8/site-packages/airflow/example_dags/example_python_decorator.py
[2025-07-08T09:27:02.919+0000] {processor.py:830} INFO - Processing file /home/airflow/.local/lib/python3.8/site-packages/airflow/example_dags/example_python_decorator.py for tasks to queue
[2025-07-08T09:27:02.923+0000] {logging_mixin.py:188} INFO - [2025-07-08T09:27:02.922+0000] {dagbag.py:538} INFO - Filling up the DagBag from /home/airflow/.local/lib/python3.8/site-packages/airflow/example_dags/example_python_decorator.py
[2025-07-08T09:27:02.997+0000] {processor.py:840} INFO - DAG(s) 'example_python_decorator' retrieved from /home/airflow/.local/lib/python3.8/site-packages/airflow/example_dags/example_python_decorator.py
[2025-07-08T09:27:03.123+0000] {logging_mixin.py:188} INFO - [2025-07-08T09:27:03.122+0000] {dag.py:3036} INFO - Sync 1 DAGs
[2025-07-08T09:27:03.200+0000] {logging_mixin.py:188} INFO - [2025-07-08T09:27:03.200+0000] {dag.py:3823} INFO - Setting next_dagrun for example_python_decorator to None, run_after=None
[2025-07-08T09:27:03.314+0000] {processor.py:183} INFO - Processing /home/airflow/.local/lib/python3.8/site-packages/airflow/example_dags/example_python_decorator.py took 0.431 seconds
[2025-07-08T09:27:35.007+0000] {processor.py:161} INFO - Started process (PID=2896) to work on /home/airflow/.local/lib/python3.8/site-packages/airflow/example_dags/example_python_decorator.py
[2025-07-08T09:27:35.012+0000] {processor.py:830} INFO - Processing file /home/airflow/.local/lib/python3.8/site-packages/airflow/example_dags/example_python_decorator.py for tasks to queue
[2025-07-08T09:27:35.015+0000] {logging_mixin.py:188} INFO - [2025-07-08T09:27:35.015+0000] {dagbag.py:538} INFO - Filling up the DagBag from /home/airflow/.local/lib/python3.8/site-packages/airflow/example_dags/example_python_decorator.py
[2025-07-08T09:27:35.087+0000] {processor.py:840} INFO - DAG(s) 'example_python_decorator' retrieved from /home/airflow/.local/lib/python3.8/site-packages/airflow/example_dags/example_python_decorator.py
[2025-07-08T09:27:35.145+0000] {logging_mixin.py:188} INFO - [2025-07-08T09:27:35.144+0000] {dag.py:3036} INFO - Sync 1 DAGs
[2025-07-08T09:27:35.178+0000] {logging_mixin.py:188} INFO - [2025-07-08T09:27:35.178+0000] {dag.py:3823} INFO - Setting next_dagrun for example_python_decorator to None, run_after=None
[2025-07-08T09:27:35.289+0000] {processor.py:183} INFO - Processing /home/airflow/.local/lib/python3.8/site-packages/airflow/example_dags/example_python_decorator.py took 0.303 seconds
[2025-07-08T09:28:05.611+0000] {processor.py:161} INFO - Started process (PID=2962) to work on /home/airflow/.local/lib/python3.8/site-packages/airflow/example_dags/example_python_decorator.py
[2025-07-08T09:28:05.618+0000] {processor.py:830} INFO - Processing file /home/airflow/.local/lib/python3.8/site-packages/airflow/example_dags/example_python_decorator.py for tasks to queue
[2025-07-08T09:28:05.639+0000] {logging_mixin.py:188} INFO - [2025-07-08T09:28:05.638+0000] {dagbag.py:538} INFO - Filling up the DagBag from /home/airflow/.local/lib/python3.8/site-packages/airflow/example_dags/example_python_decorator.py
[2025-07-08T09:28:05.725+0000] {processor.py:840} INFO - DAG(s) 'example_python_decorator' retrieved from /home/airflow/.local/lib/python3.8/site-packages/airflow/example_dags/example_python_decorator.py
[2025-07-08T09:28:05.940+0000] {logging_mixin.py:188} INFO - [2025-07-08T09:28:05.940+0000] {dag.py:3036} INFO - Sync 1 DAGs
[2025-07-08T09:28:06.000+0000] {logging_mixin.py:188} INFO - [2025-07-08T09:28:05.999+0000] {dag.py:3823} INFO - Setting next_dagrun for example_python_decorator to None, run_after=None
[2025-07-08T09:28:06.115+0000] {processor.py:183} INFO - Processing /home/airflow/.local/lib/python3.8/site-packages/airflow/example_dags/example_python_decorator.py took 0.518 seconds
[2025-07-08T09:28:36.319+0000] {processor.py:161} INFO - Started process (PID=3028) to work on /home/airflow/.local/lib/python3.8/site-packages/airflow/example_dags/example_python_decorator.py
[2025-07-08T09:28:36.325+0000] {processor.py:830} INFO - Processing file /home/airflow/.local/lib/python3.8/site-packages/airflow/example_dags/example_python_decorator.py for tasks to queue
[2025-07-08T09:28:36.328+0000] {logging_mixin.py:188} INFO - [2025-07-08T09:28:36.327+0000] {dagbag.py:538} INFO - Filling up the DagBag from /home/airflow/.local/lib/python3.8/site-packages/airflow/example_dags/example_python_decorator.py
[2025-07-08T09:28:36.355+0000] {processor.py:840} INFO - DAG(s) 'example_python_decorator' retrieved from /home/airflow/.local/lib/python3.8/site-packages/airflow/example_dags/example_python_decorator.py
[2025-07-08T09:28:36.400+0000] {logging_mixin.py:188} INFO - [2025-07-08T09:28:36.400+0000] {dag.py:3036} INFO - Sync 1 DAGs
[2025-07-08T09:28:36.422+0000] {logging_mixin.py:188} INFO - [2025-07-08T09:28:36.421+0000] {dag.py:3823} INFO - Setting next_dagrun for example_python_decorator to None, run_after=None
[2025-07-08T09:28:36.453+0000] {processor.py:183} INFO - Processing /home/airflow/.local/lib/python3.8/site-packages/airflow/example_dags/example_python_decorator.py took 0.141 seconds
[2025-07-08T09:29:07.411+0000] {processor.py:161} INFO - Started process (PID=3093) to work on /home/airflow/.local/lib/python3.8/site-packages/airflow/example_dags/example_python_decorator.py
[2025-07-08T09:29:07.412+0000] {processor.py:830} INFO - Processing file /home/airflow/.local/lib/python3.8/site-packages/airflow/example_dags/example_python_decorator.py for tasks to queue
[2025-07-08T09:29:07.416+0000] {logging_mixin.py:188} INFO - [2025-07-08T09:29:07.415+0000] {dagbag.py:538} INFO - Filling up the DagBag from /home/airflow/.local/lib/python3.8/site-packages/airflow/example_dags/example_python_decorator.py
[2025-07-08T09:29:07.449+0000] {processor.py:840} INFO - DAG(s) 'example_python_decorator' retrieved from /home/airflow/.local/lib/python3.8/site-packages/airflow/example_dags/example_python_decorator.py
[2025-07-08T09:29:07.502+0000] {logging_mixin.py:188} INFO - [2025-07-08T09:29:07.502+0000] {dag.py:3036} INFO - Sync 1 DAGs
[2025-07-08T09:29:07.530+0000] {logging_mixin.py:188} INFO - [2025-07-08T09:29:07.530+0000] {dag.py:3823} INFO - Setting next_dagrun for example_python_decorator to None, run_after=None
[2025-07-08T09:29:07.591+0000] {processor.py:183} INFO - Processing /home/airflow/.local/lib/python3.8/site-packages/airflow/example_dags/example_python_decorator.py took 0.187 seconds
[2025-07-08T09:29:37.983+0000] {processor.py:161} INFO - Started process (PID=3159) to work on /home/airflow/.local/lib/python3.8/site-packages/airflow/example_dags/example_python_decorator.py
[2025-07-08T09:29:38.012+0000] {processor.py:830} INFO - Processing file /home/airflow/.local/lib/python3.8/site-packages/airflow/example_dags/example_python_decorator.py for tasks to queue
[2025-07-08T09:29:38.027+0000] {logging_mixin.py:188} INFO - [2025-07-08T09:29:38.019+0000] {dagbag.py:538} INFO - Filling up the DagBag from /home/airflow/.local/lib/python3.8/site-packages/airflow/example_dags/example_python_decorator.py
[2025-07-08T09:29:38.098+0000] {processor.py:840} INFO - DAG(s) 'example_python_decorator' retrieved from /home/airflow/.local/lib/python3.8/site-packages/airflow/example_dags/example_python_decorator.py
[2025-07-08T09:29:38.202+0000] {logging_mixin.py:188} INFO - [2025-07-08T09:29:38.201+0000] {dag.py:3036} INFO - Sync 1 DAGs
[2025-07-08T09:29:38.234+0000] {logging_mixin.py:188} INFO - [2025-07-08T09:29:38.233+0000] {dag.py:3823} INFO - Setting next_dagrun for example_python_decorator to None, run_after=None
[2025-07-08T09:29:38.271+0000] {processor.py:183} INFO - Processing /home/airflow/.local/lib/python3.8/site-packages/airflow/example_dags/example_python_decorator.py took 0.294 seconds
[2025-07-08T09:30:08.921+0000] {processor.py:161} INFO - Started process (PID=3224) to work on /home/airflow/.local/lib/python3.8/site-packages/airflow/example_dags/example_python_decorator.py
[2025-07-08T09:30:08.923+0000] {processor.py:830} INFO - Processing file /home/airflow/.local/lib/python3.8/site-packages/airflow/example_dags/example_python_decorator.py for tasks to queue
[2025-07-08T09:30:08.927+0000] {logging_mixin.py:188} INFO - [2025-07-08T09:30:08.926+0000] {dagbag.py:538} INFO - Filling up the DagBag from /home/airflow/.local/lib/python3.8/site-packages/airflow/example_dags/example_python_decorator.py
[2025-07-08T09:30:08.960+0000] {processor.py:840} INFO - DAG(s) 'example_python_decorator' retrieved from /home/airflow/.local/lib/python3.8/site-packages/airflow/example_dags/example_python_decorator.py
[2025-07-08T09:30:09.015+0000] {logging_mixin.py:188} INFO - [2025-07-08T09:30:09.014+0000] {dag.py:3036} INFO - Sync 1 DAGs
[2025-07-08T09:30:09.042+0000] {logging_mixin.py:188} INFO - [2025-07-08T09:30:09.041+0000] {dag.py:3823} INFO - Setting next_dagrun for example_python_decorator to None, run_after=None
[2025-07-08T09:30:09.092+0000] {processor.py:183} INFO - Processing /home/airflow/.local/lib/python3.8/site-packages/airflow/example_dags/example_python_decorator.py took 0.181 seconds
[2025-07-08T09:30:39.545+0000] {processor.py:161} INFO - Started process (PID=3291) to work on /home/airflow/.local/lib/python3.8/site-packages/airflow/example_dags/example_python_decorator.py
[2025-07-08T09:30:39.547+0000] {processor.py:830} INFO - Processing file /home/airflow/.local/lib/python3.8/site-packages/airflow/example_dags/example_python_decorator.py for tasks to queue
[2025-07-08T09:30:39.549+0000] {logging_mixin.py:188} INFO - [2025-07-08T09:30:39.549+0000] {dagbag.py:538} INFO - Filling up the DagBag from /home/airflow/.local/lib/python3.8/site-packages/airflow/example_dags/example_python_decorator.py
[2025-07-08T09:30:39.574+0000] {processor.py:840} INFO - DAG(s) 'example_python_decorator' retrieved from /home/airflow/.local/lib/python3.8/site-packages/airflow/example_dags/example_python_decorator.py
[2025-07-08T09:30:39.610+0000] {logging_mixin.py:188} INFO - [2025-07-08T09:30:39.610+0000] {dag.py:3036} INFO - Sync 1 DAGs
[2025-07-08T09:30:39.631+0000] {logging_mixin.py:188} INFO - [2025-07-08T09:30:39.631+0000] {dag.py:3823} INFO - Setting next_dagrun for example_python_decorator to None, run_after=None
[2025-07-08T09:30:39.661+0000] {processor.py:183} INFO - Processing /home/airflow/.local/lib/python3.8/site-packages/airflow/example_dags/example_python_decorator.py took 0.123 seconds
[2025-07-08T09:31:10.447+0000] {processor.py:161} INFO - Started process (PID=3357) to work on /home/airflow/.local/lib/python3.8/site-packages/airflow/example_dags/example_python_decorator.py
[2025-07-08T09:31:10.449+0000] {processor.py:830} INFO - Processing file /home/airflow/.local/lib/python3.8/site-packages/airflow/example_dags/example_python_decorator.py for tasks to queue
[2025-07-08T09:31:10.451+0000] {logging_mixin.py:188} INFO - [2025-07-08T09:31:10.451+0000] {dagbag.py:538} INFO - Filling up the DagBag from /home/airflow/.local/lib/python3.8/site-packages/airflow/example_dags/example_python_decorator.py
[2025-07-08T09:31:10.513+0000] {processor.py:840} INFO - DAG(s) 'example_python_decorator' retrieved from /home/airflow/.local/lib/python3.8/site-packages/airflow/example_dags/example_python_decorator.py
[2025-07-08T09:31:10.564+0000] {logging_mixin.py:188} INFO - [2025-07-08T09:31:10.564+0000] {dag.py:3036} INFO - Sync 1 DAGs
[2025-07-08T09:31:10.590+0000] {logging_mixin.py:188} INFO - [2025-07-08T09:31:10.590+0000] {dag.py:3823} INFO - Setting next_dagrun for example_python_decorator to None, run_after=None
[2025-07-08T09:31:10.642+0000] {processor.py:183} INFO - Processing /home/airflow/.local/lib/python3.8/site-packages/airflow/example_dags/example_python_decorator.py took 0.208 seconds
[2025-07-08T09:31:40.908+0000] {processor.py:161} INFO - Started process (PID=3423) to work on /home/airflow/.local/lib/python3.8/site-packages/airflow/example_dags/example_python_decorator.py
[2025-07-08T09:31:40.910+0000] {processor.py:830} INFO - Processing file /home/airflow/.local/lib/python3.8/site-packages/airflow/example_dags/example_python_decorator.py for tasks to queue
[2025-07-08T09:31:40.913+0000] {logging_mixin.py:188} INFO - [2025-07-08T09:31:40.912+0000] {dagbag.py:538} INFO - Filling up the DagBag from /home/airflow/.local/lib/python3.8/site-packages/airflow/example_dags/example_python_decorator.py
[2025-07-08T09:31:40.938+0000] {processor.py:840} INFO - DAG(s) 'example_python_decorator' retrieved from /home/airflow/.local/lib/python3.8/site-packages/airflow/example_dags/example_python_decorator.py
[2025-07-08T09:31:40.990+0000] {logging_mixin.py:188} INFO - [2025-07-08T09:31:40.990+0000] {dag.py:3036} INFO - Sync 1 DAGs
[2025-07-08T09:31:41.016+0000] {logging_mixin.py:188} INFO - [2025-07-08T09:31:41.016+0000] {dag.py:3823} INFO - Setting next_dagrun for example_python_decorator to None, run_after=None
[2025-07-08T09:31:41.053+0000] {processor.py:183} INFO - Processing /home/airflow/.local/lib/python3.8/site-packages/airflow/example_dags/example_python_decorator.py took 0.151 seconds
[2025-07-08T09:32:11.291+0000] {processor.py:161} INFO - Started process (PID=3489) to work on /home/airflow/.local/lib/python3.8/site-packages/airflow/example_dags/example_python_decorator.py
[2025-07-08T09:32:11.292+0000] {processor.py:830} INFO - Processing file /home/airflow/.local/lib/python3.8/site-packages/airflow/example_dags/example_python_decorator.py for tasks to queue
[2025-07-08T09:32:11.295+0000] {logging_mixin.py:188} INFO - [2025-07-08T09:32:11.295+0000] {dagbag.py:538} INFO - Filling up the DagBag from /home/airflow/.local/lib/python3.8/site-packages/airflow/example_dags/example_python_decorator.py
[2025-07-08T09:32:11.324+0000] {processor.py:840} INFO - DAG(s) 'example_python_decorator' retrieved from /home/airflow/.local/lib/python3.8/site-packages/airflow/example_dags/example_python_decorator.py
[2025-07-08T09:32:11.384+0000] {logging_mixin.py:188} INFO - [2025-07-08T09:32:11.384+0000] {dag.py:3036} INFO - Sync 1 DAGs
[2025-07-08T09:32:11.450+0000] {logging_mixin.py:188} INFO - [2025-07-08T09:32:11.449+0000] {dag.py:3823} INFO - Setting next_dagrun for example_python_decorator to None, run_after=None
[2025-07-08T09:32:11.530+0000] {processor.py:183} INFO - Processing /home/airflow/.local/lib/python3.8/site-packages/airflow/example_dags/example_python_decorator.py took 0.247 seconds
[2025-07-08T09:32:41.633+0000] {processor.py:161} INFO - Started process (PID=3555) to work on /home/airflow/.local/lib/python3.8/site-packages/airflow/example_dags/example_python_decorator.py
[2025-07-08T09:32:41.635+0000] {processor.py:830} INFO - Processing file /home/airflow/.local/lib/python3.8/site-packages/airflow/example_dags/example_python_decorator.py for tasks to queue
[2025-07-08T09:32:41.638+0000] {logging_mixin.py:188} INFO - [2025-07-08T09:32:41.638+0000] {dagbag.py:538} INFO - Filling up the DagBag from /home/airflow/.local/lib/python3.8/site-packages/airflow/example_dags/example_python_decorator.py
[2025-07-08T09:32:41.665+0000] {processor.py:840} INFO - DAG(s) 'example_python_decorator' retrieved from /home/airflow/.local/lib/python3.8/site-packages/airflow/example_dags/example_python_decorator.py
[2025-07-08T09:32:41.710+0000] {logging_mixin.py:188} INFO - [2025-07-08T09:32:41.709+0000] {dag.py:3036} INFO - Sync 1 DAGs
[2025-07-08T09:32:41.754+0000] {logging_mixin.py:188} INFO - [2025-07-08T09:32:41.753+0000] {dag.py:3823} INFO - Setting next_dagrun for example_python_decorator to None, run_after=None
[2025-07-08T09:32:41.793+0000] {processor.py:183} INFO - Processing /home/airflow/.local/lib/python3.8/site-packages/airflow/example_dags/example_python_decorator.py took 0.168 seconds
[2025-07-08T09:33:12.002+0000] {processor.py:161} INFO - Started process (PID=3621) to work on /home/airflow/.local/lib/python3.8/site-packages/airflow/example_dags/example_python_decorator.py
[2025-07-08T09:33:12.004+0000] {processor.py:830} INFO - Processing file /home/airflow/.local/lib/python3.8/site-packages/airflow/example_dags/example_python_decorator.py for tasks to queue
[2025-07-08T09:33:12.010+0000] {logging_mixin.py:188} INFO - [2025-07-08T09:33:12.009+0000] {dagbag.py:538} INFO - Filling up the DagBag from /home/airflow/.local/lib/python3.8/site-packages/airflow/example_dags/example_python_decorator.py
[2025-07-08T09:33:12.045+0000] {processor.py:840} INFO - DAG(s) 'example_python_decorator' retrieved from /home/airflow/.local/lib/python3.8/site-packages/airflow/example_dags/example_python_decorator.py
[2025-07-08T09:33:12.119+0000] {logging_mixin.py:188} INFO - [2025-07-08T09:33:12.118+0000] {dag.py:3036} INFO - Sync 1 DAGs
[2025-07-08T09:33:12.187+0000] {logging_mixin.py:188} INFO - [2025-07-08T09:33:12.187+0000] {dag.py:3823} INFO - Setting next_dagrun for example_python_decorator to None, run_after=None
[2025-07-08T09:33:12.237+0000] {processor.py:183} INFO - Processing /home/airflow/.local/lib/python3.8/site-packages/airflow/example_dags/example_python_decorator.py took 0.240 seconds
[2025-07-08T09:33:42.733+0000] {processor.py:161} INFO - Started process (PID=3686) to work on /home/airflow/.local/lib/python3.8/site-packages/airflow/example_dags/example_python_decorator.py
[2025-07-08T09:33:42.738+0000] {processor.py:830} INFO - Processing file /home/airflow/.local/lib/python3.8/site-packages/airflow/example_dags/example_python_decorator.py for tasks to queue
[2025-07-08T09:33:42.744+0000] {logging_mixin.py:188} INFO - [2025-07-08T09:33:42.740+0000] {dagbag.py:538} INFO - Filling up the DagBag from /home/airflow/.local/lib/python3.8/site-packages/airflow/example_dags/example_python_decorator.py
[2025-07-08T09:33:42.794+0000] {processor.py:840} INFO - DAG(s) 'example_python_decorator' retrieved from /home/airflow/.local/lib/python3.8/site-packages/airflow/example_dags/example_python_decorator.py
[2025-07-08T09:33:42.835+0000] {logging_mixin.py:188} INFO - [2025-07-08T09:33:42.834+0000] {dag.py:3036} INFO - Sync 1 DAGs
[2025-07-08T09:33:42.860+0000] {logging_mixin.py:188} INFO - [2025-07-08T09:33:42.860+0000] {dag.py:3823} INFO - Setting next_dagrun for example_python_decorator to None, run_after=None
[2025-07-08T09:33:42.893+0000] {processor.py:183} INFO - Processing /home/airflow/.local/lib/python3.8/site-packages/airflow/example_dags/example_python_decorator.py took 0.173 seconds
[2025-07-08T09:34:12.987+0000] {processor.py:161} INFO - Started process (PID=3752) to work on /home/airflow/.local/lib/python3.8/site-packages/airflow/example_dags/example_python_decorator.py
[2025-07-08T09:34:12.990+0000] {processor.py:830} INFO - Processing file /home/airflow/.local/lib/python3.8/site-packages/airflow/example_dags/example_python_decorator.py for tasks to queue
[2025-07-08T09:34:12.994+0000] {logging_mixin.py:188} INFO - [2025-07-08T09:34:12.993+0000] {dagbag.py:538} INFO - Filling up the DagBag from /home/airflow/.local/lib/python3.8/site-packages/airflow/example_dags/example_python_decorator.py
[2025-07-08T09:34:13.049+0000] {processor.py:840} INFO - DAG(s) 'example_python_decorator' retrieved from /home/airflow/.local/lib/python3.8/site-packages/airflow/example_dags/example_python_decorator.py
[2025-07-08T09:34:13.128+0000] {logging_mixin.py:188} INFO - [2025-07-08T09:34:13.127+0000] {dag.py:3036} INFO - Sync 1 DAGs
[2025-07-08T09:34:13.175+0000] {logging_mixin.py:188} INFO - [2025-07-08T09:34:13.174+0000] {dag.py:3823} INFO - Setting next_dagrun for example_python_decorator to None, run_after=None
[2025-07-08T09:34:13.253+0000] {processor.py:183} INFO - Processing /home/airflow/.local/lib/python3.8/site-packages/airflow/example_dags/example_python_decorator.py took 0.280 seconds
[2025-07-08T09:34:43.881+0000] {processor.py:161} INFO - Started process (PID=3817) to work on /home/airflow/.local/lib/python3.8/site-packages/airflow/example_dags/example_python_decorator.py
[2025-07-08T09:34:43.887+0000] {processor.py:830} INFO - Processing file /home/airflow/.local/lib/python3.8/site-packages/airflow/example_dags/example_python_decorator.py for tasks to queue
[2025-07-08T09:34:43.890+0000] {logging_mixin.py:188} INFO - [2025-07-08T09:34:43.889+0000] {dagbag.py:538} INFO - Filling up the DagBag from /home/airflow/.local/lib/python3.8/site-packages/airflow/example_dags/example_python_decorator.py
[2025-07-08T09:34:43.948+0000] {processor.py:840} INFO - DAG(s) 'example_python_decorator' retrieved from /home/airflow/.local/lib/python3.8/site-packages/airflow/example_dags/example_python_decorator.py
[2025-07-08T09:34:44.006+0000] {logging_mixin.py:188} INFO - [2025-07-08T09:34:44.005+0000] {dag.py:3036} INFO - Sync 1 DAGs
[2025-07-08T09:34:44.033+0000] {logging_mixin.py:188} INFO - [2025-07-08T09:34:44.033+0000] {dag.py:3823} INFO - Setting next_dagrun for example_python_decorator to None, run_after=None
[2025-07-08T09:34:44.068+0000] {processor.py:183} INFO - Processing /home/airflow/.local/lib/python3.8/site-packages/airflow/example_dags/example_python_decorator.py took 0.202 seconds
[2025-07-08T09:35:14.419+0000] {processor.py:161} INFO - Started process (PID=3877) to work on /home/airflow/.local/lib/python3.8/site-packages/airflow/example_dags/example_python_decorator.py
[2025-07-08T09:35:14.421+0000] {processor.py:830} INFO - Processing file /home/airflow/.local/lib/python3.8/site-packages/airflow/example_dags/example_python_decorator.py for tasks to queue
[2025-07-08T09:35:14.424+0000] {logging_mixin.py:188} INFO - [2025-07-08T09:35:14.423+0000] {dagbag.py:538} INFO - Filling up the DagBag from /home/airflow/.local/lib/python3.8/site-packages/airflow/example_dags/example_python_decorator.py
[2025-07-08T09:35:14.453+0000] {processor.py:840} INFO - DAG(s) 'example_python_decorator' retrieved from /home/airflow/.local/lib/python3.8/site-packages/airflow/example_dags/example_python_decorator.py
[2025-07-08T09:35:14.488+0000] {logging_mixin.py:188} INFO - [2025-07-08T09:35:14.488+0000] {dag.py:3036} INFO - Sync 1 DAGs
[2025-07-08T09:35:14.516+0000] {logging_mixin.py:188} INFO - [2025-07-08T09:35:14.515+0000] {dag.py:3823} INFO - Setting next_dagrun for example_python_decorator to None, run_after=None
[2025-07-08T09:35:14.554+0000] {processor.py:183} INFO - Processing /home/airflow/.local/lib/python3.8/site-packages/airflow/example_dags/example_python_decorator.py took 0.141 seconds
[2025-07-08T09:35:45.312+0000] {processor.py:161} INFO - Started process (PID=3942) to work on /home/airflow/.local/lib/python3.8/site-packages/airflow/example_dags/example_python_decorator.py
[2025-07-08T09:35:45.314+0000] {processor.py:830} INFO - Processing file /home/airflow/.local/lib/python3.8/site-packages/airflow/example_dags/example_python_decorator.py for tasks to queue
[2025-07-08T09:35:45.317+0000] {logging_mixin.py:188} INFO - [2025-07-08T09:35:45.317+0000] {dagbag.py:538} INFO - Filling up the DagBag from /home/airflow/.local/lib/python3.8/site-packages/airflow/example_dags/example_python_decorator.py
[2025-07-08T09:35:45.372+0000] {processor.py:840} INFO - DAG(s) 'example_python_decorator' retrieved from /home/airflow/.local/lib/python3.8/site-packages/airflow/example_dags/example_python_decorator.py
[2025-07-08T09:35:45.458+0000] {logging_mixin.py:188} INFO - [2025-07-08T09:35:45.458+0000] {dag.py:3036} INFO - Sync 1 DAGs
[2025-07-08T09:35:45.517+0000] {logging_mixin.py:188} INFO - [2025-07-08T09:35:45.516+0000] {dag.py:3823} INFO - Setting next_dagrun for example_python_decorator to None, run_after=None
[2025-07-08T09:35:45.552+0000] {processor.py:183} INFO - Processing /home/airflow/.local/lib/python3.8/site-packages/airflow/example_dags/example_python_decorator.py took 0.247 seconds
[2025-07-08T09:36:16.577+0000] {processor.py:161} INFO - Started process (PID=4006) to work on /home/airflow/.local/lib/python3.8/site-packages/airflow/example_dags/example_python_decorator.py
[2025-07-08T09:36:16.578+0000] {processor.py:830} INFO - Processing file /home/airflow/.local/lib/python3.8/site-packages/airflow/example_dags/example_python_decorator.py for tasks to queue
[2025-07-08T09:36:16.581+0000] {logging_mixin.py:188} INFO - [2025-07-08T09:36:16.581+0000] {dagbag.py:538} INFO - Filling up the DagBag from /home/airflow/.local/lib/python3.8/site-packages/airflow/example_dags/example_python_decorator.py
[2025-07-08T09:36:16.635+0000] {processor.py:840} INFO - DAG(s) 'example_python_decorator' retrieved from /home/airflow/.local/lib/python3.8/site-packages/airflow/example_dags/example_python_decorator.py
[2025-07-08T09:36:16.688+0000] {logging_mixin.py:188} INFO - [2025-07-08T09:36:16.687+0000] {dag.py:3036} INFO - Sync 1 DAGs
[2025-07-08T09:36:16.723+0000] {logging_mixin.py:188} INFO - [2025-07-08T09:36:16.722+0000] {dag.py:3823} INFO - Setting next_dagrun for example_python_decorator to None, run_after=None
[2025-07-08T09:36:16.763+0000] {processor.py:183} INFO - Processing /home/airflow/.local/lib/python3.8/site-packages/airflow/example_dags/example_python_decorator.py took 0.197 seconds
[2025-07-08T09:36:47.765+0000] {processor.py:161} INFO - Started process (PID=4075) to work on /home/airflow/.local/lib/python3.8/site-packages/airflow/example_dags/example_python_decorator.py
[2025-07-08T09:36:47.776+0000] {processor.py:830} INFO - Processing file /home/airflow/.local/lib/python3.8/site-packages/airflow/example_dags/example_python_decorator.py for tasks to queue
[2025-07-08T09:36:47.779+0000] {logging_mixin.py:188} INFO - [2025-07-08T09:36:47.779+0000] {dagbag.py:538} INFO - Filling up the DagBag from /home/airflow/.local/lib/python3.8/site-packages/airflow/example_dags/example_python_decorator.py
[2025-07-08T09:36:47.848+0000] {processor.py:840} INFO - DAG(s) 'example_python_decorator' retrieved from /home/airflow/.local/lib/python3.8/site-packages/airflow/example_dags/example_python_decorator.py
[2025-07-08T09:36:47.916+0000] {logging_mixin.py:188} INFO - [2025-07-08T09:36:47.916+0000] {dag.py:3036} INFO - Sync 1 DAGs
[2025-07-08T09:36:47.943+0000] {logging_mixin.py:188} INFO - [2025-07-08T09:36:47.942+0000] {dag.py:3823} INFO - Setting next_dagrun for example_python_decorator to None, run_after=None
[2025-07-08T09:36:47.979+0000] {processor.py:183} INFO - Processing /home/airflow/.local/lib/python3.8/site-packages/airflow/example_dags/example_python_decorator.py took 0.229 seconds
[2025-07-08T09:37:18.779+0000] {processor.py:161} INFO - Started process (PID=4141) to work on /home/airflow/.local/lib/python3.8/site-packages/airflow/example_dags/example_python_decorator.py
[2025-07-08T09:37:18.783+0000] {processor.py:830} INFO - Processing file /home/airflow/.local/lib/python3.8/site-packages/airflow/example_dags/example_python_decorator.py for tasks to queue
[2025-07-08T09:37:18.806+0000] {logging_mixin.py:188} INFO - [2025-07-08T09:37:18.806+0000] {dagbag.py:538} INFO - Filling up the DagBag from /home/airflow/.local/lib/python3.8/site-packages/airflow/example_dags/example_python_decorator.py
[2025-07-08T09:37:18.872+0000] {processor.py:840} INFO - DAG(s) 'example_python_decorator' retrieved from /home/airflow/.local/lib/python3.8/site-packages/airflow/example_dags/example_python_decorator.py
[2025-07-08T09:37:18.955+0000] {logging_mixin.py:188} INFO - [2025-07-08T09:37:18.946+0000] {dag.py:3036} INFO - Sync 1 DAGs
[2025-07-08T09:37:19.008+0000] {logging_mixin.py:188} INFO - [2025-07-08T09:37:19.008+0000] {dag.py:3823} INFO - Setting next_dagrun for example_python_decorator to None, run_after=None
[2025-07-08T09:37:19.081+0000] {processor.py:183} INFO - Processing /home/airflow/.local/lib/python3.8/site-packages/airflow/example_dags/example_python_decorator.py took 0.329 seconds
[2025-07-08T09:37:50.089+0000] {processor.py:161} INFO - Started process (PID=4210) to work on /home/airflow/.local/lib/python3.8/site-packages/airflow/example_dags/example_python_decorator.py
[2025-07-08T09:37:50.091+0000] {processor.py:830} INFO - Processing file /home/airflow/.local/lib/python3.8/site-packages/airflow/example_dags/example_python_decorator.py for tasks to queue
[2025-07-08T09:37:50.094+0000] {logging_mixin.py:188} INFO - [2025-07-08T09:37:50.093+0000] {dagbag.py:538} INFO - Filling up the DagBag from /home/airflow/.local/lib/python3.8/site-packages/airflow/example_dags/example_python_decorator.py
[2025-07-08T09:37:50.145+0000] {processor.py:840} INFO - DAG(s) 'example_python_decorator' retrieved from /home/airflow/.local/lib/python3.8/site-packages/airflow/example_dags/example_python_decorator.py
[2025-07-08T09:37:50.211+0000] {logging_mixin.py:188} INFO - [2025-07-08T09:37:50.211+0000] {dag.py:3036} INFO - Sync 1 DAGs
[2025-07-08T09:37:50.247+0000] {logging_mixin.py:188} INFO - [2025-07-08T09:37:50.246+0000] {dag.py:3823} INFO - Setting next_dagrun for example_python_decorator to None, run_after=None
[2025-07-08T09:37:50.311+0000] {processor.py:183} INFO - Processing /home/airflow/.local/lib/python3.8/site-packages/airflow/example_dags/example_python_decorator.py took 0.244 seconds
[2025-07-08T09:38:20.637+0000] {processor.py:161} INFO - Started process (PID=4268) to work on /home/airflow/.local/lib/python3.8/site-packages/airflow/example_dags/example_python_decorator.py
[2025-07-08T09:38:20.639+0000] {processor.py:830} INFO - Processing file /home/airflow/.local/lib/python3.8/site-packages/airflow/example_dags/example_python_decorator.py for tasks to queue
[2025-07-08T09:38:20.641+0000] {logging_mixin.py:188} INFO - [2025-07-08T09:38:20.641+0000] {dagbag.py:538} INFO - Filling up the DagBag from /home/airflow/.local/lib/python3.8/site-packages/airflow/example_dags/example_python_decorator.py
[2025-07-08T09:38:20.665+0000] {processor.py:840} INFO - DAG(s) 'example_python_decorator' retrieved from /home/airflow/.local/lib/python3.8/site-packages/airflow/example_dags/example_python_decorator.py
[2025-07-08T09:38:20.702+0000] {logging_mixin.py:188} INFO - [2025-07-08T09:38:20.702+0000] {dag.py:3036} INFO - Sync 1 DAGs
[2025-07-08T09:38:20.726+0000] {logging_mixin.py:188} INFO - [2025-07-08T09:38:20.726+0000] {dag.py:3823} INFO - Setting next_dagrun for example_python_decorator to None, run_after=None
[2025-07-08T09:38:20.762+0000] {processor.py:183} INFO - Processing /home/airflow/.local/lib/python3.8/site-packages/airflow/example_dags/example_python_decorator.py took 0.130 seconds
[2025-07-08T09:38:51.149+0000] {processor.py:161} INFO - Started process (PID=4335) to work on /home/airflow/.local/lib/python3.8/site-packages/airflow/example_dags/example_python_decorator.py
[2025-07-08T09:38:51.151+0000] {processor.py:830} INFO - Processing file /home/airflow/.local/lib/python3.8/site-packages/airflow/example_dags/example_python_decorator.py for tasks to queue
[2025-07-08T09:38:51.153+0000] {logging_mixin.py:188} INFO - [2025-07-08T09:38:51.153+0000] {dagbag.py:538} INFO - Filling up the DagBag from /home/airflow/.local/lib/python3.8/site-packages/airflow/example_dags/example_python_decorator.py
[2025-07-08T09:38:51.176+0000] {processor.py:840} INFO - DAG(s) 'example_python_decorator' retrieved from /home/airflow/.local/lib/python3.8/site-packages/airflow/example_dags/example_python_decorator.py
[2025-07-08T09:38:51.215+0000] {logging_mixin.py:188} INFO - [2025-07-08T09:38:51.214+0000] {dag.py:3036} INFO - Sync 1 DAGs
[2025-07-08T09:38:51.234+0000] {logging_mixin.py:188} INFO - [2025-07-08T09:38:51.234+0000] {dag.py:3823} INFO - Setting next_dagrun for example_python_decorator to None, run_after=None
[2025-07-08T09:38:51.266+0000] {processor.py:183} INFO - Processing /home/airflow/.local/lib/python3.8/site-packages/airflow/example_dags/example_python_decorator.py took 0.122 seconds
[2025-07-08T09:39:22.155+0000] {processor.py:161} INFO - Started process (PID=4402) to work on /home/airflow/.local/lib/python3.8/site-packages/airflow/example_dags/example_python_decorator.py
[2025-07-08T09:39:22.156+0000] {processor.py:830} INFO - Processing file /home/airflow/.local/lib/python3.8/site-packages/airflow/example_dags/example_python_decorator.py for tasks to queue
[2025-07-08T09:39:22.159+0000] {logging_mixin.py:188} INFO - [2025-07-08T09:39:22.159+0000] {dagbag.py:538} INFO - Filling up the DagBag from /home/airflow/.local/lib/python3.8/site-packages/airflow/example_dags/example_python_decorator.py
[2025-07-08T09:39:22.185+0000] {processor.py:840} INFO - DAG(s) 'example_python_decorator' retrieved from /home/airflow/.local/lib/python3.8/site-packages/airflow/example_dags/example_python_decorator.py
[2025-07-08T09:39:22.224+0000] {logging_mixin.py:188} INFO - [2025-07-08T09:39:22.224+0000] {dag.py:3036} INFO - Sync 1 DAGs
[2025-07-08T09:39:22.249+0000] {logging_mixin.py:188} INFO - [2025-07-08T09:39:22.248+0000] {dag.py:3823} INFO - Setting next_dagrun for example_python_decorator to None, run_after=None
[2025-07-08T09:39:22.286+0000] {processor.py:183} INFO - Processing /home/airflow/.local/lib/python3.8/site-packages/airflow/example_dags/example_python_decorator.py took 0.136 seconds
[2025-07-08T09:39:53.003+0000] {processor.py:161} INFO - Started process (PID=4468) to work on /home/airflow/.local/lib/python3.8/site-packages/airflow/example_dags/example_python_decorator.py
[2025-07-08T09:39:53.005+0000] {processor.py:830} INFO - Processing file /home/airflow/.local/lib/python3.8/site-packages/airflow/example_dags/example_python_decorator.py for tasks to queue
[2025-07-08T09:39:53.010+0000] {logging_mixin.py:188} INFO - [2025-07-08T09:39:53.009+0000] {dagbag.py:538} INFO - Filling up the DagBag from /home/airflow/.local/lib/python3.8/site-packages/airflow/example_dags/example_python_decorator.py
[2025-07-08T09:39:53.044+0000] {processor.py:840} INFO - DAG(s) 'example_python_decorator' retrieved from /home/airflow/.local/lib/python3.8/site-packages/airflow/example_dags/example_python_decorator.py
[2025-07-08T09:39:53.103+0000] {logging_mixin.py:188} INFO - [2025-07-08T09:39:53.103+0000] {dag.py:3036} INFO - Sync 1 DAGs
[2025-07-08T09:39:53.123+0000] {logging_mixin.py:188} INFO - [2025-07-08T09:39:53.123+0000] {dag.py:3823} INFO - Setting next_dagrun for example_python_decorator to None, run_after=None
[2025-07-08T09:39:53.157+0000] {processor.py:183} INFO - Processing /home/airflow/.local/lib/python3.8/site-packages/airflow/example_dags/example_python_decorator.py took 0.165 seconds
[2025-07-08T09:40:23.825+0000] {processor.py:161} INFO - Started process (PID=4535) to work on /home/airflow/.local/lib/python3.8/site-packages/airflow/example_dags/example_python_decorator.py
[2025-07-08T09:40:23.827+0000] {processor.py:830} INFO - Processing file /home/airflow/.local/lib/python3.8/site-packages/airflow/example_dags/example_python_decorator.py for tasks to queue
[2025-07-08T09:40:23.830+0000] {logging_mixin.py:188} INFO - [2025-07-08T09:40:23.829+0000] {dagbag.py:538} INFO - Filling up the DagBag from /home/airflow/.local/lib/python3.8/site-packages/airflow/example_dags/example_python_decorator.py
[2025-07-08T09:40:23.852+0000] {processor.py:840} INFO - DAG(s) 'example_python_decorator' retrieved from /home/airflow/.local/lib/python3.8/site-packages/airflow/example_dags/example_python_decorator.py
[2025-07-08T09:40:23.893+0000] {logging_mixin.py:188} INFO - [2025-07-08T09:40:23.892+0000] {dag.py:3036} INFO - Sync 1 DAGs
[2025-07-08T09:40:23.916+0000] {logging_mixin.py:188} INFO - [2025-07-08T09:40:23.916+0000] {dag.py:3823} INFO - Setting next_dagrun for example_python_decorator to None, run_after=None
[2025-07-08T09:40:23.951+0000] {processor.py:183} INFO - Processing /home/airflow/.local/lib/python3.8/site-packages/airflow/example_dags/example_python_decorator.py took 0.131 seconds
[2025-07-08T09:40:54.056+0000] {processor.py:161} INFO - Started process (PID=4602) to work on /home/airflow/.local/lib/python3.8/site-packages/airflow/example_dags/example_python_decorator.py
[2025-07-08T09:40:54.064+0000] {processor.py:830} INFO - Processing file /home/airflow/.local/lib/python3.8/site-packages/airflow/example_dags/example_python_decorator.py for tasks to queue
[2025-07-08T09:40:54.068+0000] {logging_mixin.py:188} INFO - [2025-07-08T09:40:54.067+0000] {dagbag.py:538} INFO - Filling up the DagBag from /home/airflow/.local/lib/python3.8/site-packages/airflow/example_dags/example_python_decorator.py
[2025-07-08T09:40:54.123+0000] {processor.py:840} INFO - DAG(s) 'example_python_decorator' retrieved from /home/airflow/.local/lib/python3.8/site-packages/airflow/example_dags/example_python_decorator.py
[2025-07-08T09:40:54.197+0000] {logging_mixin.py:188} INFO - [2025-07-08T09:40:54.196+0000] {dag.py:3036} INFO - Sync 1 DAGs
[2025-07-08T09:40:54.246+0000] {logging_mixin.py:188} INFO - [2025-07-08T09:40:54.245+0000] {dag.py:3823} INFO - Setting next_dagrun for example_python_decorator to None, run_after=None
[2025-07-08T09:40:54.333+0000] {processor.py:183} INFO - Processing /home/airflow/.local/lib/python3.8/site-packages/airflow/example_dags/example_python_decorator.py took 0.294 seconds
[2025-07-08T09:41:25.247+0000] {processor.py:161} INFO - Started process (PID=4668) to work on /home/airflow/.local/lib/python3.8/site-packages/airflow/example_dags/example_python_decorator.py
[2025-07-08T09:41:25.256+0000] {processor.py:830} INFO - Processing file /home/airflow/.local/lib/python3.8/site-packages/airflow/example_dags/example_python_decorator.py for tasks to queue
[2025-07-08T09:41:25.260+0000] {logging_mixin.py:188} INFO - [2025-07-08T09:41:25.259+0000] {dagbag.py:538} INFO - Filling up the DagBag from /home/airflow/.local/lib/python3.8/site-packages/airflow/example_dags/example_python_decorator.py
[2025-07-08T09:41:25.319+0000] {processor.py:840} INFO - DAG(s) 'example_python_decorator' retrieved from /home/airflow/.local/lib/python3.8/site-packages/airflow/example_dags/example_python_decorator.py
[2025-07-08T09:41:25.442+0000] {logging_mixin.py:188} INFO - [2025-07-08T09:41:25.441+0000] {dag.py:3036} INFO - Sync 1 DAGs
[2025-07-08T09:41:25.492+0000] {logging_mixin.py:188} INFO - [2025-07-08T09:41:25.492+0000] {dag.py:3823} INFO - Setting next_dagrun for example_python_decorator to None, run_after=None
[2025-07-08T09:41:25.562+0000] {processor.py:183} INFO - Processing /home/airflow/.local/lib/python3.8/site-packages/airflow/example_dags/example_python_decorator.py took 0.322 seconds
[2025-07-08T09:41:56.337+0000] {processor.py:161} INFO - Started process (PID=4733) to work on /home/airflow/.local/lib/python3.8/site-packages/airflow/example_dags/example_python_decorator.py
[2025-07-08T09:41:56.352+0000] {processor.py:830} INFO - Processing file /home/airflow/.local/lib/python3.8/site-packages/airflow/example_dags/example_python_decorator.py for tasks to queue
[2025-07-08T09:41:56.355+0000] {logging_mixin.py:188} INFO - [2025-07-08T09:41:56.355+0000] {dagbag.py:538} INFO - Filling up the DagBag from /home/airflow/.local/lib/python3.8/site-packages/airflow/example_dags/example_python_decorator.py
[2025-07-08T09:41:56.483+0000] {processor.py:840} INFO - DAG(s) 'example_python_decorator' retrieved from /home/airflow/.local/lib/python3.8/site-packages/airflow/example_dags/example_python_decorator.py
[2025-07-08T09:41:56.648+0000] {logging_mixin.py:188} INFO - [2025-07-08T09:41:56.647+0000] {dag.py:3036} INFO - Sync 1 DAGs
[2025-07-08T09:41:56.728+0000] {logging_mixin.py:188} INFO - [2025-07-08T09:41:56.727+0000] {dag.py:3823} INFO - Setting next_dagrun for example_python_decorator to None, run_after=None
[2025-07-08T09:41:56.834+0000] {processor.py:183} INFO - Processing /home/airflow/.local/lib/python3.8/site-packages/airflow/example_dags/example_python_decorator.py took 0.519 seconds
[2025-07-08T09:42:26.969+0000] {processor.py:161} INFO - Started process (PID=4792) to work on /home/airflow/.local/lib/python3.8/site-packages/airflow/example_dags/example_python_decorator.py
[2025-07-08T09:42:26.970+0000] {processor.py:830} INFO - Processing file /home/airflow/.local/lib/python3.8/site-packages/airflow/example_dags/example_python_decorator.py for tasks to queue
[2025-07-08T09:42:26.973+0000] {logging_mixin.py:188} INFO - [2025-07-08T09:42:26.973+0000] {dagbag.py:538} INFO - Filling up the DagBag from /home/airflow/.local/lib/python3.8/site-packages/airflow/example_dags/example_python_decorator.py
[2025-07-08T09:42:26.999+0000] {processor.py:840} INFO - DAG(s) 'example_python_decorator' retrieved from /home/airflow/.local/lib/python3.8/site-packages/airflow/example_dags/example_python_decorator.py
[2025-07-08T09:42:27.043+0000] {logging_mixin.py:188} INFO - [2025-07-08T09:42:27.043+0000] {dag.py:3036} INFO - Sync 1 DAGs
[2025-07-08T09:42:27.070+0000] {logging_mixin.py:188} INFO - [2025-07-08T09:42:27.070+0000] {dag.py:3823} INFO - Setting next_dagrun for example_python_decorator to None, run_after=None
[2025-07-08T09:42:27.106+0000] {processor.py:183} INFO - Processing /home/airflow/.local/lib/python3.8/site-packages/airflow/example_dags/example_python_decorator.py took 0.143 seconds
[2025-07-08T09:42:57.463+0000] {processor.py:161} INFO - Started process (PID=4858) to work on /home/airflow/.local/lib/python3.8/site-packages/airflow/example_dags/example_python_decorator.py
[2025-07-08T09:42:57.477+0000] {processor.py:830} INFO - Processing file /home/airflow/.local/lib/python3.8/site-packages/airflow/example_dags/example_python_decorator.py for tasks to queue
[2025-07-08T09:42:57.480+0000] {logging_mixin.py:188} INFO - [2025-07-08T09:42:57.480+0000] {dagbag.py:538} INFO - Filling up the DagBag from /home/airflow/.local/lib/python3.8/site-packages/airflow/example_dags/example_python_decorator.py
[2025-07-08T09:42:57.589+0000] {processor.py:840} INFO - DAG(s) 'example_python_decorator' retrieved from /home/airflow/.local/lib/python3.8/site-packages/airflow/example_dags/example_python_decorator.py
[2025-07-08T09:42:57.710+0000] {logging_mixin.py:188} INFO - [2025-07-08T09:42:57.710+0000] {dag.py:3036} INFO - Sync 1 DAGs
[2025-07-08T09:42:57.758+0000] {logging_mixin.py:188} INFO - [2025-07-08T09:42:57.758+0000] {dag.py:3823} INFO - Setting next_dagrun for example_python_decorator to None, run_after=None
[2025-07-08T09:42:57.882+0000] {processor.py:183} INFO - Processing /home/airflow/.local/lib/python3.8/site-packages/airflow/example_dags/example_python_decorator.py took 0.437 seconds
[2025-07-08T09:43:28.619+0000] {processor.py:161} INFO - Started process (PID=4923) to work on /home/airflow/.local/lib/python3.8/site-packages/airflow/example_dags/example_python_decorator.py
[2025-07-08T09:43:28.620+0000] {processor.py:830} INFO - Processing file /home/airflow/.local/lib/python3.8/site-packages/airflow/example_dags/example_python_decorator.py for tasks to queue
[2025-07-08T09:43:28.624+0000] {logging_mixin.py:188} INFO - [2025-07-08T09:43:28.623+0000] {dagbag.py:538} INFO - Filling up the DagBag from /home/airflow/.local/lib/python3.8/site-packages/airflow/example_dags/example_python_decorator.py
[2025-07-08T09:43:28.659+0000] {processor.py:840} INFO - DAG(s) 'example_python_decorator' retrieved from /home/airflow/.local/lib/python3.8/site-packages/airflow/example_dags/example_python_decorator.py
[2025-07-08T09:43:28.774+0000] {logging_mixin.py:188} INFO - [2025-07-08T09:43:28.774+0000] {dag.py:3036} INFO - Sync 1 DAGs
[2025-07-08T09:43:28.826+0000] {logging_mixin.py:188} INFO - [2025-07-08T09:43:28.826+0000] {dag.py:3823} INFO - Setting next_dagrun for example_python_decorator to None, run_after=None
[2025-07-08T09:43:28.898+0000] {processor.py:183} INFO - Processing /home/airflow/.local/lib/python3.8/site-packages/airflow/example_dags/example_python_decorator.py took 0.289 seconds
[2025-07-08T09:43:59.373+0000] {processor.py:161} INFO - Started process (PID=4989) to work on /home/airflow/.local/lib/python3.8/site-packages/airflow/example_dags/example_python_decorator.py
[2025-07-08T09:43:59.376+0000] {processor.py:830} INFO - Processing file /home/airflow/.local/lib/python3.8/site-packages/airflow/example_dags/example_python_decorator.py for tasks to queue
[2025-07-08T09:43:59.386+0000] {logging_mixin.py:188} INFO - [2025-07-08T09:43:59.385+0000] {dagbag.py:538} INFO - Filling up the DagBag from /home/airflow/.local/lib/python3.8/site-packages/airflow/example_dags/example_python_decorator.py
[2025-07-08T09:43:59.467+0000] {processor.py:840} INFO - DAG(s) 'example_python_decorator' retrieved from /home/airflow/.local/lib/python3.8/site-packages/airflow/example_dags/example_python_decorator.py
[2025-07-08T09:43:59.586+0000] {logging_mixin.py:188} INFO - [2025-07-08T09:43:59.586+0000] {dag.py:3036} INFO - Sync 1 DAGs
[2025-07-08T09:43:59.664+0000] {logging_mixin.py:188} INFO - [2025-07-08T09:43:59.655+0000] {dag.py:3823} INFO - Setting next_dagrun for example_python_decorator to None, run_after=None
[2025-07-08T09:43:59.742+0000] {processor.py:183} INFO - Processing /home/airflow/.local/lib/python3.8/site-packages/airflow/example_dags/example_python_decorator.py took 0.388 seconds
[2025-07-08T09:44:30.232+0000] {processor.py:161} INFO - Started process (PID=5054) to work on /home/airflow/.local/lib/python3.8/site-packages/airflow/example_dags/example_python_decorator.py
[2025-07-08T09:44:30.238+0000] {processor.py:830} INFO - Processing file /home/airflow/.local/lib/python3.8/site-packages/airflow/example_dags/example_python_decorator.py for tasks to queue
[2025-07-08T09:44:30.241+0000] {logging_mixin.py:188} INFO - [2025-07-08T09:44:30.241+0000] {dagbag.py:538} INFO - Filling up the DagBag from /home/airflow/.local/lib/python3.8/site-packages/airflow/example_dags/example_python_decorator.py
[2025-07-08T09:44:30.330+0000] {processor.py:840} INFO - DAG(s) 'example_python_decorator' retrieved from /home/airflow/.local/lib/python3.8/site-packages/airflow/example_dags/example_python_decorator.py
[2025-07-08T09:44:30.420+0000] {logging_mixin.py:188} INFO - [2025-07-08T09:44:30.420+0000] {dag.py:3036} INFO - Sync 1 DAGs
[2025-07-08T09:44:30.460+0000] {logging_mixin.py:188} INFO - [2025-07-08T09:44:30.460+0000] {dag.py:3823} INFO - Setting next_dagrun for example_python_decorator to None, run_after=None
[2025-07-08T09:44:30.617+0000] {processor.py:183} INFO - Processing /home/airflow/.local/lib/python3.8/site-packages/airflow/example_dags/example_python_decorator.py took 0.403 seconds
[2025-07-08T09:45:00.925+0000] {processor.py:161} INFO - Started process (PID=5113) to work on /home/airflow/.local/lib/python3.8/site-packages/airflow/example_dags/example_python_decorator.py
[2025-07-08T09:45:00.936+0000] {processor.py:830} INFO - Processing file /home/airflow/.local/lib/python3.8/site-packages/airflow/example_dags/example_python_decorator.py for tasks to queue
[2025-07-08T09:45:00.939+0000] {logging_mixin.py:188} INFO - [2025-07-08T09:45:00.939+0000] {dagbag.py:538} INFO - Filling up the DagBag from /home/airflow/.local/lib/python3.8/site-packages/airflow/example_dags/example_python_decorator.py
[2025-07-08T09:45:01.043+0000] {processor.py:840} INFO - DAG(s) 'example_python_decorator' retrieved from /home/airflow/.local/lib/python3.8/site-packages/airflow/example_dags/example_python_decorator.py
[2025-07-08T09:45:01.145+0000] {logging_mixin.py:188} INFO - [2025-07-08T09:45:01.144+0000] {dag.py:3036} INFO - Sync 1 DAGs
[2025-07-08T09:45:01.204+0000] {logging_mixin.py:188} INFO - [2025-07-08T09:45:01.204+0000] {dag.py:3823} INFO - Setting next_dagrun for example_python_decorator to None, run_after=None
[2025-07-08T09:45:01.283+0000] {processor.py:183} INFO - Processing /home/airflow/.local/lib/python3.8/site-packages/airflow/example_dags/example_python_decorator.py took 0.396 seconds
[2025-07-08T09:45:31.378+0000] {processor.py:161} INFO - Started process (PID=5178) to work on /home/airflow/.local/lib/python3.8/site-packages/airflow/example_dags/example_python_decorator.py
[2025-07-08T09:45:31.379+0000] {processor.py:830} INFO - Processing file /home/airflow/.local/lib/python3.8/site-packages/airflow/example_dags/example_python_decorator.py for tasks to queue
[2025-07-08T09:45:31.382+0000] {logging_mixin.py:188} INFO - [2025-07-08T09:45:31.382+0000] {dagbag.py:538} INFO - Filling up the DagBag from /home/airflow/.local/lib/python3.8/site-packages/airflow/example_dags/example_python_decorator.py
[2025-07-08T09:45:31.413+0000] {processor.py:840} INFO - DAG(s) 'example_python_decorator' retrieved from /home/airflow/.local/lib/python3.8/site-packages/airflow/example_dags/example_python_decorator.py
[2025-07-08T09:45:31.462+0000] {logging_mixin.py:188} INFO - [2025-07-08T09:45:31.462+0000] {dag.py:3036} INFO - Sync 1 DAGs
[2025-07-08T09:45:31.491+0000] {logging_mixin.py:188} INFO - [2025-07-08T09:45:31.491+0000] {dag.py:3823} INFO - Setting next_dagrun for example_python_decorator to None, run_after=None
[2025-07-08T09:45:31.539+0000] {processor.py:183} INFO - Processing /home/airflow/.local/lib/python3.8/site-packages/airflow/example_dags/example_python_decorator.py took 0.169 seconds
[2025-07-08T09:46:01.956+0000] {processor.py:161} INFO - Started process (PID=5244) to work on /home/airflow/.local/lib/python3.8/site-packages/airflow/example_dags/example_python_decorator.py
[2025-07-08T09:46:01.959+0000] {processor.py:830} INFO - Processing file /home/airflow/.local/lib/python3.8/site-packages/airflow/example_dags/example_python_decorator.py for tasks to queue
[2025-07-08T09:46:01.962+0000] {logging_mixin.py:188} INFO - [2025-07-08T09:46:01.961+0000] {dagbag.py:538} INFO - Filling up the DagBag from /home/airflow/.local/lib/python3.8/site-packages/airflow/example_dags/example_python_decorator.py
[2025-07-08T09:46:01.994+0000] {processor.py:840} INFO - DAG(s) 'example_python_decorator' retrieved from /home/airflow/.local/lib/python3.8/site-packages/airflow/example_dags/example_python_decorator.py
[2025-07-08T09:46:02.040+0000] {logging_mixin.py:188} INFO - [2025-07-08T09:46:02.039+0000] {dag.py:3036} INFO - Sync 1 DAGs
[2025-07-08T09:46:02.066+0000] {logging_mixin.py:188} INFO - [2025-07-08T09:46:02.066+0000] {dag.py:3823} INFO - Setting next_dagrun for example_python_decorator to None, run_after=None
[2025-07-08T09:46:02.101+0000] {processor.py:183} INFO - Processing /home/airflow/.local/lib/python3.8/site-packages/airflow/example_dags/example_python_decorator.py took 0.151 seconds
[2025-07-08T09:46:32.821+0000] {processor.py:161} INFO - Started process (PID=5311) to work on /home/airflow/.local/lib/python3.8/site-packages/airflow/example_dags/example_python_decorator.py
[2025-07-08T09:46:32.824+0000] {processor.py:830} INFO - Processing file /home/airflow/.local/lib/python3.8/site-packages/airflow/example_dags/example_python_decorator.py for tasks to queue
[2025-07-08T09:46:32.827+0000] {logging_mixin.py:188} INFO - [2025-07-08T09:46:32.826+0000] {dagbag.py:538} INFO - Filling up the DagBag from /home/airflow/.local/lib/python3.8/site-packages/airflow/example_dags/example_python_decorator.py
[2025-07-08T09:46:32.862+0000] {processor.py:840} INFO - DAG(s) 'example_python_decorator' retrieved from /home/airflow/.local/lib/python3.8/site-packages/airflow/example_dags/example_python_decorator.py
[2025-07-08T09:46:32.973+0000] {logging_mixin.py:188} INFO - [2025-07-08T09:46:32.973+0000] {dag.py:3036} INFO - Sync 1 DAGs
[2025-07-08T09:46:33.041+0000] {logging_mixin.py:188} INFO - [2025-07-08T09:46:33.040+0000] {dag.py:3823} INFO - Setting next_dagrun for example_python_decorator to None, run_after=None
[2025-07-08T09:46:33.114+0000] {processor.py:183} INFO - Processing /home/airflow/.local/lib/python3.8/site-packages/airflow/example_dags/example_python_decorator.py took 0.299 seconds
[2025-07-08T09:47:03.729+0000] {processor.py:161} INFO - Started process (PID=5375) to work on /home/airflow/.local/lib/python3.8/site-packages/airflow/example_dags/example_python_decorator.py
[2025-07-08T09:47:03.752+0000] {processor.py:830} INFO - Processing file /home/airflow/.local/lib/python3.8/site-packages/airflow/example_dags/example_python_decorator.py for tasks to queue
[2025-07-08T09:47:03.760+0000] {logging_mixin.py:188} INFO - [2025-07-08T09:47:03.760+0000] {dagbag.py:538} INFO - Filling up the DagBag from /home/airflow/.local/lib/python3.8/site-packages/airflow/example_dags/example_python_decorator.py
[2025-07-08T09:47:03.826+0000] {processor.py:840} INFO - DAG(s) 'example_python_decorator' retrieved from /home/airflow/.local/lib/python3.8/site-packages/airflow/example_dags/example_python_decorator.py
[2025-07-08T09:47:03.920+0000] {logging_mixin.py:188} INFO - [2025-07-08T09:47:03.920+0000] {dag.py:3036} INFO - Sync 1 DAGs
[2025-07-08T09:47:03.972+0000] {logging_mixin.py:188} INFO - [2025-07-08T09:47:03.971+0000] {dag.py:3823} INFO - Setting next_dagrun for example_python_decorator to None, run_after=None
[2025-07-08T09:47:04.027+0000] {processor.py:183} INFO - Processing /home/airflow/.local/lib/python3.8/site-packages/airflow/example_dags/example_python_decorator.py took 0.320 seconds
[2025-07-08T09:47:34.279+0000] {processor.py:161} INFO - Started process (PID=5440) to work on /home/airflow/.local/lib/python3.8/site-packages/airflow/example_dags/example_python_decorator.py
[2025-07-08T09:47:34.293+0000] {processor.py:830} INFO - Processing file /home/airflow/.local/lib/python3.8/site-packages/airflow/example_dags/example_python_decorator.py for tasks to queue
[2025-07-08T09:47:34.296+0000] {logging_mixin.py:188} INFO - [2025-07-08T09:47:34.295+0000] {dagbag.py:538} INFO - Filling up the DagBag from /home/airflow/.local/lib/python3.8/site-packages/airflow/example_dags/example_python_decorator.py
[2025-07-08T09:47:34.321+0000] {processor.py:840} INFO - DAG(s) 'example_python_decorator' retrieved from /home/airflow/.local/lib/python3.8/site-packages/airflow/example_dags/example_python_decorator.py
[2025-07-08T09:47:34.367+0000] {logging_mixin.py:188} INFO - [2025-07-08T09:47:34.367+0000] {dag.py:3036} INFO - Sync 1 DAGs
[2025-07-08T09:47:34.396+0000] {logging_mixin.py:188} INFO - [2025-07-08T09:47:34.396+0000] {dag.py:3823} INFO - Setting next_dagrun for example_python_decorator to None, run_after=None
[2025-07-08T09:47:34.454+0000] {processor.py:183} INFO - Processing /home/airflow/.local/lib/python3.8/site-packages/airflow/example_dags/example_python_decorator.py took 0.192 seconds
[2025-07-08T09:48:05.276+0000] {processor.py:161} INFO - Started process (PID=5506) to work on /home/airflow/.local/lib/python3.8/site-packages/airflow/example_dags/example_python_decorator.py
[2025-07-08T09:48:05.281+0000] {processor.py:830} INFO - Processing file /home/airflow/.local/lib/python3.8/site-packages/airflow/example_dags/example_python_decorator.py for tasks to queue
[2025-07-08T09:48:05.284+0000] {logging_mixin.py:188} INFO - [2025-07-08T09:48:05.284+0000] {dagbag.py:538} INFO - Filling up the DagBag from /home/airflow/.local/lib/python3.8/site-packages/airflow/example_dags/example_python_decorator.py
[2025-07-08T09:48:05.363+0000] {processor.py:840} INFO - DAG(s) 'example_python_decorator' retrieved from /home/airflow/.local/lib/python3.8/site-packages/airflow/example_dags/example_python_decorator.py
[2025-07-08T09:48:05.476+0000] {logging_mixin.py:188} INFO - [2025-07-08T09:48:05.473+0000] {dag.py:3036} INFO - Sync 1 DAGs
[2025-07-08T09:48:05.586+0000] {logging_mixin.py:188} INFO - [2025-07-08T09:48:05.585+0000] {dag.py:3823} INFO - Setting next_dagrun for example_python_decorator to None, run_after=None
[2025-07-08T09:48:05.677+0000] {processor.py:183} INFO - Processing /home/airflow/.local/lib/python3.8/site-packages/airflow/example_dags/example_python_decorator.py took 0.450 seconds
[2025-07-08T09:48:36.566+0000] {processor.py:161} INFO - Started process (PID=5572) to work on /home/airflow/.local/lib/python3.8/site-packages/airflow/example_dags/example_python_decorator.py
[2025-07-08T09:48:36.579+0000] {processor.py:830} INFO - Processing file /home/airflow/.local/lib/python3.8/site-packages/airflow/example_dags/example_python_decorator.py for tasks to queue
[2025-07-08T09:48:36.583+0000] {logging_mixin.py:188} INFO - [2025-07-08T09:48:36.582+0000] {dagbag.py:538} INFO - Filling up the DagBag from /home/airflow/.local/lib/python3.8/site-packages/airflow/example_dags/example_python_decorator.py
[2025-07-08T09:48:36.679+0000] {processor.py:840} INFO - DAG(s) 'example_python_decorator' retrieved from /home/airflow/.local/lib/python3.8/site-packages/airflow/example_dags/example_python_decorator.py
[2025-07-08T09:48:36.801+0000] {logging_mixin.py:188} INFO - [2025-07-08T09:48:36.801+0000] {dag.py:3036} INFO - Sync 1 DAGs
[2025-07-08T09:48:36.865+0000] {logging_mixin.py:188} INFO - [2025-07-08T09:48:36.865+0000] {dag.py:3823} INFO - Setting next_dagrun for example_python_decorator to None, run_after=None
[2025-07-08T09:48:36.976+0000] {processor.py:183} INFO - Processing /home/airflow/.local/lib/python3.8/site-packages/airflow/example_dags/example_python_decorator.py took 0.445 seconds
[2025-07-08T09:49:07.152+0000] {processor.py:161} INFO - Started process (PID=5629) to work on /home/airflow/.local/lib/python3.8/site-packages/airflow/example_dags/example_python_decorator.py
[2025-07-08T09:49:07.154+0000] {processor.py:830} INFO - Processing file /home/airflow/.local/lib/python3.8/site-packages/airflow/example_dags/example_python_decorator.py for tasks to queue
[2025-07-08T09:49:07.157+0000] {logging_mixin.py:188} INFO - [2025-07-08T09:49:07.157+0000] {dagbag.py:538} INFO - Filling up the DagBag from /home/airflow/.local/lib/python3.8/site-packages/airflow/example_dags/example_python_decorator.py
[2025-07-08T09:49:07.178+0000] {processor.py:840} INFO - DAG(s) 'example_python_decorator' retrieved from /home/airflow/.local/lib/python3.8/site-packages/airflow/example_dags/example_python_decorator.py
[2025-07-08T09:49:07.228+0000] {logging_mixin.py:188} INFO - [2025-07-08T09:49:07.228+0000] {dag.py:3036} INFO - Sync 1 DAGs
[2025-07-08T09:49:07.249+0000] {logging_mixin.py:188} INFO - [2025-07-08T09:49:07.249+0000] {dag.py:3823} INFO - Setting next_dagrun for example_python_decorator to None, run_after=None
[2025-07-08T09:49:07.279+0000] {processor.py:183} INFO - Processing /home/airflow/.local/lib/python3.8/site-packages/airflow/example_dags/example_python_decorator.py took 0.133 seconds
[2025-07-08T09:49:37.630+0000] {processor.py:161} INFO - Started process (PID=5695) to work on /home/airflow/.local/lib/python3.8/site-packages/airflow/example_dags/example_python_decorator.py
[2025-07-08T09:49:37.632+0000] {processor.py:830} INFO - Processing file /home/airflow/.local/lib/python3.8/site-packages/airflow/example_dags/example_python_decorator.py for tasks to queue
[2025-07-08T09:49:37.635+0000] {logging_mixin.py:188} INFO - [2025-07-08T09:49:37.634+0000] {dagbag.py:538} INFO - Filling up the DagBag from /home/airflow/.local/lib/python3.8/site-packages/airflow/example_dags/example_python_decorator.py
[2025-07-08T09:49:37.661+0000] {processor.py:840} INFO - DAG(s) 'example_python_decorator' retrieved from /home/airflow/.local/lib/python3.8/site-packages/airflow/example_dags/example_python_decorator.py
[2025-07-08T09:49:37.701+0000] {logging_mixin.py:188} INFO - [2025-07-08T09:49:37.700+0000] {dag.py:3036} INFO - Sync 1 DAGs
[2025-07-08T09:49:37.725+0000] {logging_mixin.py:188} INFO - [2025-07-08T09:49:37.725+0000] {dag.py:3823} INFO - Setting next_dagrun for example_python_decorator to None, run_after=None
[2025-07-08T09:49:37.760+0000] {processor.py:183} INFO - Processing /home/airflow/.local/lib/python3.8/site-packages/airflow/example_dags/example_python_decorator.py took 0.136 seconds
[2025-07-08T09:50:08.715+0000] {processor.py:161} INFO - Started process (PID=5761) to work on /home/airflow/.local/lib/python3.8/site-packages/airflow/example_dags/example_python_decorator.py
[2025-07-08T09:50:08.722+0000] {processor.py:830} INFO - Processing file /home/airflow/.local/lib/python3.8/site-packages/airflow/example_dags/example_python_decorator.py for tasks to queue
[2025-07-08T09:50:08.738+0000] {logging_mixin.py:188} INFO - [2025-07-08T09:50:08.738+0000] {dagbag.py:538} INFO - Filling up the DagBag from /home/airflow/.local/lib/python3.8/site-packages/airflow/example_dags/example_python_decorator.py
[2025-07-08T09:50:08.800+0000] {processor.py:840} INFO - DAG(s) 'example_python_decorator' retrieved from /home/airflow/.local/lib/python3.8/site-packages/airflow/example_dags/example_python_decorator.py
[2025-07-08T09:50:08.965+0000] {logging_mixin.py:188} INFO - [2025-07-08T09:50:08.965+0000] {dag.py:3036} INFO - Sync 1 DAGs
[2025-07-08T09:50:09.032+0000] {logging_mixin.py:188} INFO - [2025-07-08T09:50:09.031+0000] {dag.py:3823} INFO - Setting next_dagrun for example_python_decorator to None, run_after=None
[2025-07-08T09:50:09.076+0000] {processor.py:183} INFO - Processing /home/airflow/.local/lib/python3.8/site-packages/airflow/example_dags/example_python_decorator.py took 0.410 seconds
[2025-07-08T09:50:39.815+0000] {processor.py:161} INFO - Started process (PID=5827) to work on /home/airflow/.local/lib/python3.8/site-packages/airflow/example_dags/example_python_decorator.py
[2025-07-08T09:50:39.821+0000] {processor.py:830} INFO - Processing file /home/airflow/.local/lib/python3.8/site-packages/airflow/example_dags/example_python_decorator.py for tasks to queue
[2025-07-08T09:50:39.823+0000] {logging_mixin.py:188} INFO - [2025-07-08T09:50:39.823+0000] {dagbag.py:538} INFO - Filling up the DagBag from /home/airflow/.local/lib/python3.8/site-packages/airflow/example_dags/example_python_decorator.py
[2025-07-08T09:50:39.997+0000] {processor.py:840} INFO - DAG(s) 'example_python_decorator' retrieved from /home/airflow/.local/lib/python3.8/site-packages/airflow/example_dags/example_python_decorator.py
[2025-07-08T09:50:40.157+0000] {logging_mixin.py:188} INFO - [2025-07-08T09:50:40.157+0000] {dag.py:3036} INFO - Sync 1 DAGs
[2025-07-08T09:50:40.253+0000] {logging_mixin.py:188} INFO - [2025-07-08T09:50:40.253+0000] {dag.py:3823} INFO - Setting next_dagrun for example_python_decorator to None, run_after=None
[2025-07-08T09:50:40.359+0000] {processor.py:183} INFO - Processing /home/airflow/.local/lib/python3.8/site-packages/airflow/example_dags/example_python_decorator.py took 0.553 seconds
[2025-07-08T09:51:10.887+0000] {processor.py:161} INFO - Started process (PID=5893) to work on /home/airflow/.local/lib/python3.8/site-packages/airflow/example_dags/example_python_decorator.py
[2025-07-08T09:51:10.929+0000] {processor.py:830} INFO - Processing file /home/airflow/.local/lib/python3.8/site-packages/airflow/example_dags/example_python_decorator.py for tasks to queue
[2025-07-08T09:51:10.935+0000] {logging_mixin.py:188} INFO - [2025-07-08T09:51:10.934+0000] {dagbag.py:538} INFO - Filling up the DagBag from /home/airflow/.local/lib/python3.8/site-packages/airflow/example_dags/example_python_decorator.py
[2025-07-08T09:51:11.044+0000] {processor.py:840} INFO - DAG(s) 'example_python_decorator' retrieved from /home/airflow/.local/lib/python3.8/site-packages/airflow/example_dags/example_python_decorator.py
[2025-07-08T09:51:11.201+0000] {logging_mixin.py:188} INFO - [2025-07-08T09:51:11.201+0000] {dag.py:3036} INFO - Sync 1 DAGs
[2025-07-08T09:51:11.299+0000] {logging_mixin.py:188} INFO - [2025-07-08T09:51:11.299+0000] {dag.py:3823} INFO - Setting next_dagrun for example_python_decorator to None, run_after=None
[2025-07-08T09:51:11.487+0000] {processor.py:183} INFO - Processing /home/airflow/.local/lib/python3.8/site-packages/airflow/example_dags/example_python_decorator.py took 0.618 seconds
[2025-07-08T09:51:41.915+0000] {processor.py:161} INFO - Started process (PID=5959) to work on /home/airflow/.local/lib/python3.8/site-packages/airflow/example_dags/example_python_decorator.py
[2025-07-08T09:51:41.920+0000] {processor.py:830} INFO - Processing file /home/airflow/.local/lib/python3.8/site-packages/airflow/example_dags/example_python_decorator.py for tasks to queue
[2025-07-08T09:51:41.925+0000] {logging_mixin.py:188} INFO - [2025-07-08T09:51:41.925+0000] {dagbag.py:538} INFO - Filling up the DagBag from /home/airflow/.local/lib/python3.8/site-packages/airflow/example_dags/example_python_decorator.py
[2025-07-08T09:51:42.002+0000] {processor.py:840} INFO - DAG(s) 'example_python_decorator' retrieved from /home/airflow/.local/lib/python3.8/site-packages/airflow/example_dags/example_python_decorator.py
[2025-07-08T09:51:42.133+0000] {logging_mixin.py:188} INFO - [2025-07-08T09:51:42.133+0000] {dag.py:3036} INFO - Sync 1 DAGs
[2025-07-08T09:51:42.215+0000] {logging_mixin.py:188} INFO - [2025-07-08T09:51:42.215+0000] {dag.py:3823} INFO - Setting next_dagrun for example_python_decorator to None, run_after=None
[2025-07-08T09:51:42.288+0000] {processor.py:183} INFO - Processing /home/airflow/.local/lib/python3.8/site-packages/airflow/example_dags/example_python_decorator.py took 0.383 seconds
[2025-07-08T09:52:12.529+0000] {processor.py:161} INFO - Started process (PID=6018) to work on /home/airflow/.local/lib/python3.8/site-packages/airflow/example_dags/example_python_decorator.py
[2025-07-08T09:52:12.532+0000] {processor.py:830} INFO - Processing file /home/airflow/.local/lib/python3.8/site-packages/airflow/example_dags/example_python_decorator.py for tasks to queue
[2025-07-08T09:52:12.535+0000] {logging_mixin.py:188} INFO - [2025-07-08T09:52:12.534+0000] {dagbag.py:538} INFO - Filling up the DagBag from /home/airflow/.local/lib/python3.8/site-packages/airflow/example_dags/example_python_decorator.py
[2025-07-08T09:52:12.573+0000] {processor.py:840} INFO - DAG(s) 'example_python_decorator' retrieved from /home/airflow/.local/lib/python3.8/site-packages/airflow/example_dags/example_python_decorator.py
[2025-07-08T09:52:12.621+0000] {logging_mixin.py:188} INFO - [2025-07-08T09:52:12.621+0000] {dag.py:3036} INFO - Sync 1 DAGs
[2025-07-08T09:52:12.648+0000] {logging_mixin.py:188} INFO - [2025-07-08T09:52:12.648+0000] {dag.py:3823} INFO - Setting next_dagrun for example_python_decorator to None, run_after=None
[2025-07-08T09:52:12.683+0000] {processor.py:183} INFO - Processing /home/airflow/.local/lib/python3.8/site-packages/airflow/example_dags/example_python_decorator.py took 0.160 seconds
[2025-07-08T09:52:43.069+0000] {processor.py:161} INFO - Started process (PID=6083) to work on /home/airflow/.local/lib/python3.8/site-packages/airflow/example_dags/example_python_decorator.py
[2025-07-08T09:52:43.070+0000] {processor.py:830} INFO - Processing file /home/airflow/.local/lib/python3.8/site-packages/airflow/example_dags/example_python_decorator.py for tasks to queue
[2025-07-08T09:52:43.073+0000] {logging_mixin.py:188} INFO - [2025-07-08T09:52:43.073+0000] {dagbag.py:538} INFO - Filling up the DagBag from /home/airflow/.local/lib/python3.8/site-packages/airflow/example_dags/example_python_decorator.py
[2025-07-08T09:52:43.102+0000] {processor.py:840} INFO - DAG(s) 'example_python_decorator' retrieved from /home/airflow/.local/lib/python3.8/site-packages/airflow/example_dags/example_python_decorator.py
[2025-07-08T09:52:43.177+0000] {logging_mixin.py:188} INFO - [2025-07-08T09:52:43.177+0000] {dag.py:3036} INFO - Sync 1 DAGs
[2025-07-08T09:52:43.203+0000] {logging_mixin.py:188} INFO - [2025-07-08T09:52:43.203+0000] {dag.py:3823} INFO - Setting next_dagrun for example_python_decorator to None, run_after=None
[2025-07-08T09:52:43.239+0000] {processor.py:183} INFO - Processing /home/airflow/.local/lib/python3.8/site-packages/airflow/example_dags/example_python_decorator.py took 0.176 seconds
[2025-07-08T09:53:14.019+0000] {processor.py:161} INFO - Started process (PID=6153) to work on /home/airflow/.local/lib/python3.8/site-packages/airflow/example_dags/example_python_decorator.py
[2025-07-08T09:53:14.021+0000] {processor.py:830} INFO - Processing file /home/airflow/.local/lib/python3.8/site-packages/airflow/example_dags/example_python_decorator.py for tasks to queue
[2025-07-08T09:53:14.024+0000] {logging_mixin.py:188} INFO - [2025-07-08T09:53:14.023+0000] {dagbag.py:538} INFO - Filling up the DagBag from /home/airflow/.local/lib/python3.8/site-packages/airflow/example_dags/example_python_decorator.py
[2025-07-08T09:53:14.051+0000] {processor.py:840} INFO - DAG(s) 'example_python_decorator' retrieved from /home/airflow/.local/lib/python3.8/site-packages/airflow/example_dags/example_python_decorator.py
[2025-07-08T09:53:14.095+0000] {logging_mixin.py:188} INFO - [2025-07-08T09:53:14.095+0000] {dag.py:3036} INFO - Sync 1 DAGs
[2025-07-08T09:53:14.121+0000] {logging_mixin.py:188} INFO - [2025-07-08T09:53:14.120+0000] {dag.py:3823} INFO - Setting next_dagrun for example_python_decorator to None, run_after=None
[2025-07-08T09:53:14.154+0000] {processor.py:183} INFO - Processing /home/airflow/.local/lib/python3.8/site-packages/airflow/example_dags/example_python_decorator.py took 0.141 seconds
[2025-07-08T09:53:44.791+0000] {processor.py:161} INFO - Started process (PID=6222) to work on /home/airflow/.local/lib/python3.8/site-packages/airflow/example_dags/example_python_decorator.py
[2025-07-08T09:53:44.792+0000] {processor.py:830} INFO - Processing file /home/airflow/.local/lib/python3.8/site-packages/airflow/example_dags/example_python_decorator.py for tasks to queue
[2025-07-08T09:53:44.795+0000] {logging_mixin.py:188} INFO - [2025-07-08T09:53:44.795+0000] {dagbag.py:538} INFO - Filling up the DagBag from /home/airflow/.local/lib/python3.8/site-packages/airflow/example_dags/example_python_decorator.py
[2025-07-08T09:53:44.862+0000] {processor.py:840} INFO - DAG(s) 'example_python_decorator' retrieved from /home/airflow/.local/lib/python3.8/site-packages/airflow/example_dags/example_python_decorator.py
[2025-07-08T09:53:44.913+0000] {logging_mixin.py:188} INFO - [2025-07-08T09:53:44.912+0000] {dag.py:3036} INFO - Sync 1 DAGs
[2025-07-08T09:53:44.939+0000] {logging_mixin.py:188} INFO - [2025-07-08T09:53:44.939+0000] {dag.py:3823} INFO - Setting next_dagrun for example_python_decorator to None, run_after=None
[2025-07-08T09:53:45.008+0000] {processor.py:183} INFO - Processing /home/airflow/.local/lib/python3.8/site-packages/airflow/example_dags/example_python_decorator.py took 0.242 seconds
[2025-07-08T09:54:15.725+0000] {processor.py:161} INFO - Started process (PID=6290) to work on /home/airflow/.local/lib/python3.8/site-packages/airflow/example_dags/example_python_decorator.py
[2025-07-08T09:54:15.727+0000] {processor.py:830} INFO - Processing file /home/airflow/.local/lib/python3.8/site-packages/airflow/example_dags/example_python_decorator.py for tasks to queue
[2025-07-08T09:54:15.730+0000] {logging_mixin.py:188} INFO - [2025-07-08T09:54:15.730+0000] {dagbag.py:538} INFO - Filling up the DagBag from /home/airflow/.local/lib/python3.8/site-packages/airflow/example_dags/example_python_decorator.py
[2025-07-08T09:54:15.757+0000] {processor.py:840} INFO - DAG(s) 'example_python_decorator' retrieved from /home/airflow/.local/lib/python3.8/site-packages/airflow/example_dags/example_python_decorator.py
[2025-07-08T09:54:15.805+0000] {logging_mixin.py:188} INFO - [2025-07-08T09:54:15.804+0000] {dag.py:3036} INFO - Sync 1 DAGs
[2025-07-08T09:54:15.829+0000] {logging_mixin.py:188} INFO - [2025-07-08T09:54:15.828+0000] {dag.py:3823} INFO - Setting next_dagrun for example_python_decorator to None, run_after=None
[2025-07-08T09:54:15.886+0000] {processor.py:183} INFO - Processing /home/airflow/.local/lib/python3.8/site-packages/airflow/example_dags/example_python_decorator.py took 0.167 seconds
[2025-07-08T09:54:46.322+0000] {processor.py:161} INFO - Started process (PID=6350) to work on /home/airflow/.local/lib/python3.8/site-packages/airflow/example_dags/example_python_decorator.py
[2025-07-08T09:54:46.324+0000] {processor.py:830} INFO - Processing file /home/airflow/.local/lib/python3.8/site-packages/airflow/example_dags/example_python_decorator.py for tasks to queue
[2025-07-08T09:54:46.328+0000] {logging_mixin.py:188} INFO - [2025-07-08T09:54:46.327+0000] {dagbag.py:538} INFO - Filling up the DagBag from /home/airflow/.local/lib/python3.8/site-packages/airflow/example_dags/example_python_decorator.py
[2025-07-08T09:54:46.357+0000] {processor.py:840} INFO - DAG(s) 'example_python_decorator' retrieved from /home/airflow/.local/lib/python3.8/site-packages/airflow/example_dags/example_python_decorator.py
[2025-07-08T09:54:46.407+0000] {logging_mixin.py:188} INFO - [2025-07-08T09:54:46.407+0000] {dag.py:3036} INFO - Sync 1 DAGs
[2025-07-08T09:54:46.434+0000] {logging_mixin.py:188} INFO - [2025-07-08T09:54:46.434+0000] {dag.py:3823} INFO - Setting next_dagrun for example_python_decorator to None, run_after=None
[2025-07-08T09:54:46.483+0000] {processor.py:183} INFO - Processing /home/airflow/.local/lib/python3.8/site-packages/airflow/example_dags/example_python_decorator.py took 0.168 seconds
[2025-07-08T09:55:17.210+0000] {processor.py:161} INFO - Started process (PID=6418) to work on /home/airflow/.local/lib/python3.8/site-packages/airflow/example_dags/example_python_decorator.py
[2025-07-08T09:55:17.212+0000] {processor.py:830} INFO - Processing file /home/airflow/.local/lib/python3.8/site-packages/airflow/example_dags/example_python_decorator.py for tasks to queue
[2025-07-08T09:55:17.215+0000] {logging_mixin.py:188} INFO - [2025-07-08T09:55:17.214+0000] {dagbag.py:538} INFO - Filling up the DagBag from /home/airflow/.local/lib/python3.8/site-packages/airflow/example_dags/example_python_decorator.py
[2025-07-08T09:55:17.242+0000] {processor.py:840} INFO - DAG(s) 'example_python_decorator' retrieved from /home/airflow/.local/lib/python3.8/site-packages/airflow/example_dags/example_python_decorator.py
[2025-07-08T09:55:17.298+0000] {logging_mixin.py:188} INFO - [2025-07-08T09:55:17.298+0000] {dag.py:3036} INFO - Sync 1 DAGs
[2025-07-08T09:55:17.323+0000] {logging_mixin.py:188} INFO - [2025-07-08T09:55:17.323+0000] {dag.py:3823} INFO - Setting next_dagrun for example_python_decorator to None, run_after=None
[2025-07-08T09:55:17.359+0000] {processor.py:183} INFO - Processing /home/airflow/.local/lib/python3.8/site-packages/airflow/example_dags/example_python_decorator.py took 0.155 seconds
[2025-07-08T09:55:48.054+0000] {processor.py:161} INFO - Started process (PID=6484) to work on /home/airflow/.local/lib/python3.8/site-packages/airflow/example_dags/example_python_decorator.py
[2025-07-08T09:55:48.055+0000] {processor.py:830} INFO - Processing file /home/airflow/.local/lib/python3.8/site-packages/airflow/example_dags/example_python_decorator.py for tasks to queue
[2025-07-08T09:55:48.067+0000] {logging_mixin.py:188} INFO - [2025-07-08T09:55:48.066+0000] {dagbag.py:538} INFO - Filling up the DagBag from /home/airflow/.local/lib/python3.8/site-packages/airflow/example_dags/example_python_decorator.py
[2025-07-08T09:55:48.119+0000] {processor.py:840} INFO - DAG(s) 'example_python_decorator' retrieved from /home/airflow/.local/lib/python3.8/site-packages/airflow/example_dags/example_python_decorator.py
[2025-07-08T09:55:48.182+0000] {logging_mixin.py:188} INFO - [2025-07-08T09:55:48.182+0000] {dag.py:3036} INFO - Sync 1 DAGs
[2025-07-08T09:55:48.231+0000] {logging_mixin.py:188} INFO - [2025-07-08T09:55:48.230+0000] {dag.py:3823} INFO - Setting next_dagrun for example_python_decorator to None, run_after=None
[2025-07-08T09:55:48.279+0000] {processor.py:183} INFO - Processing /home/airflow/.local/lib/python3.8/site-packages/airflow/example_dags/example_python_decorator.py took 0.233 seconds
[2025-07-08T09:56:19.735+0000] {processor.py:161} INFO - Started process (PID=6553) to work on /home/airflow/.local/lib/python3.8/site-packages/airflow/example_dags/example_python_decorator.py
[2025-07-08T09:56:19.748+0000] {processor.py:830} INFO - Processing file /home/airflow/.local/lib/python3.8/site-packages/airflow/example_dags/example_python_decorator.py for tasks to queue
[2025-07-08T09:56:19.752+0000] {logging_mixin.py:188} INFO - [2025-07-08T09:56:19.751+0000] {dagbag.py:538} INFO - Filling up the DagBag from /home/airflow/.local/lib/python3.8/site-packages/airflow/example_dags/example_python_decorator.py
[2025-07-08T09:56:19.847+0000] {processor.py:840} INFO - DAG(s) 'example_python_decorator' retrieved from /home/airflow/.local/lib/python3.8/site-packages/airflow/example_dags/example_python_decorator.py
[2025-07-08T09:56:19.933+0000] {logging_mixin.py:188} INFO - [2025-07-08T09:56:19.933+0000] {dag.py:3036} INFO - Sync 1 DAGs
[2025-07-08T09:56:19.980+0000] {logging_mixin.py:188} INFO - [2025-07-08T09:56:19.979+0000] {dag.py:3823} INFO - Setting next_dagrun for example_python_decorator to None, run_after=None
[2025-07-08T09:56:20.095+0000] {processor.py:183} INFO - Processing /home/airflow/.local/lib/python3.8/site-packages/airflow/example_dags/example_python_decorator.py took 0.385 seconds
[2025-07-08T09:56:52.219+0000] {processor.py:161} INFO - Started process (PID=6614) to work on /home/airflow/.local/lib/python3.8/site-packages/airflow/example_dags/example_python_decorator.py
[2025-07-08T09:56:52.222+0000] {processor.py:830} INFO - Processing file /home/airflow/.local/lib/python3.8/site-packages/airflow/example_dags/example_python_decorator.py for tasks to queue
[2025-07-08T09:56:52.225+0000] {logging_mixin.py:188} INFO - [2025-07-08T09:56:52.224+0000] {dagbag.py:538} INFO - Filling up the DagBag from /home/airflow/.local/lib/python3.8/site-packages/airflow/example_dags/example_python_decorator.py
[2025-07-08T09:56:52.341+0000] {processor.py:840} INFO - DAG(s) 'example_python_decorator' retrieved from /home/airflow/.local/lib/python3.8/site-packages/airflow/example_dags/example_python_decorator.py
[2025-07-08T09:56:52.572+0000] {logging_mixin.py:188} INFO - [2025-07-08T09:56:52.571+0000] {dag.py:3036} INFO - Sync 1 DAGs
[2025-07-08T09:56:52.614+0000] {logging_mixin.py:188} INFO - [2025-07-08T09:56:52.614+0000] {dag.py:3823} INFO - Setting next_dagrun for example_python_decorator to None, run_after=None
[2025-07-08T09:56:52.798+0000] {processor.py:183} INFO - Processing /home/airflow/.local/lib/python3.8/site-packages/airflow/example_dags/example_python_decorator.py took 0.597 seconds
[2025-07-08T09:57:23.432+0000] {processor.py:161} INFO - Started process (PID=6679) to work on /home/airflow/.local/lib/python3.8/site-packages/airflow/example_dags/example_python_decorator.py
[2025-07-08T09:57:23.433+0000] {processor.py:830} INFO - Processing file /home/airflow/.local/lib/python3.8/site-packages/airflow/example_dags/example_python_decorator.py for tasks to queue
[2025-07-08T09:57:23.450+0000] {logging_mixin.py:188} INFO - [2025-07-08T09:57:23.436+0000] {dagbag.py:538} INFO - Filling up the DagBag from /home/airflow/.local/lib/python3.8/site-packages/airflow/example_dags/example_python_decorator.py
[2025-07-08T09:57:23.499+0000] {processor.py:840} INFO - DAG(s) 'example_python_decorator' retrieved from /home/airflow/.local/lib/python3.8/site-packages/airflow/example_dags/example_python_decorator.py
[2025-07-08T09:57:23.643+0000] {logging_mixin.py:188} INFO - [2025-07-08T09:57:23.643+0000] {dag.py:3036} INFO - Sync 1 DAGs
[2025-07-08T09:57:23.712+0000] {logging_mixin.py:188} INFO - [2025-07-08T09:57:23.712+0000] {dag.py:3823} INFO - Setting next_dagrun for example_python_decorator to None, run_after=None
[2025-07-08T09:57:23.806+0000] {processor.py:183} INFO - Processing /home/airflow/.local/lib/python3.8/site-packages/airflow/example_dags/example_python_decorator.py took 0.392 seconds
[2025-07-08T09:57:54.710+0000] {processor.py:161} INFO - Started process (PID=6746) to work on /home/airflow/.local/lib/python3.8/site-packages/airflow/example_dags/example_python_decorator.py
[2025-07-08T09:57:54.730+0000] {processor.py:830} INFO - Processing file /home/airflow/.local/lib/python3.8/site-packages/airflow/example_dags/example_python_decorator.py for tasks to queue
[2025-07-08T09:57:54.734+0000] {logging_mixin.py:188} INFO - [2025-07-08T09:57:54.734+0000] {dagbag.py:538} INFO - Filling up the DagBag from /home/airflow/.local/lib/python3.8/site-packages/airflow/example_dags/example_python_decorator.py
[2025-07-08T09:57:54.798+0000] {processor.py:840} INFO - DAG(s) 'example_python_decorator' retrieved from /home/airflow/.local/lib/python3.8/site-packages/airflow/example_dags/example_python_decorator.py
[2025-07-08T09:57:54.887+0000] {logging_mixin.py:188} INFO - [2025-07-08T09:57:54.886+0000] {dag.py:3036} INFO - Sync 1 DAGs
[2025-07-08T09:57:54.964+0000] {logging_mixin.py:188} INFO - [2025-07-08T09:57:54.959+0000] {dag.py:3823} INFO - Setting next_dagrun for example_python_decorator to None, run_after=None
[2025-07-08T09:57:55.030+0000] {processor.py:183} INFO - Processing /home/airflow/.local/lib/python3.8/site-packages/airflow/example_dags/example_python_decorator.py took 0.341 seconds
[2025-07-08T09:58:25.888+0000] {processor.py:161} INFO - Started process (PID=6816) to work on /home/airflow/.local/lib/python3.8/site-packages/airflow/example_dags/example_python_decorator.py
[2025-07-08T09:58:25.889+0000] {processor.py:830} INFO - Processing file /home/airflow/.local/lib/python3.8/site-packages/airflow/example_dags/example_python_decorator.py for tasks to queue
[2025-07-08T09:58:25.893+0000] {logging_mixin.py:188} INFO - [2025-07-08T09:58:25.892+0000] {dagbag.py:538} INFO - Filling up the DagBag from /home/airflow/.local/lib/python3.8/site-packages/airflow/example_dags/example_python_decorator.py
[2025-07-08T09:58:25.931+0000] {processor.py:840} INFO - DAG(s) 'example_python_decorator' retrieved from /home/airflow/.local/lib/python3.8/site-packages/airflow/example_dags/example_python_decorator.py
[2025-07-08T09:58:26.106+0000] {logging_mixin.py:188} INFO - [2025-07-08T09:58:26.095+0000] {dag.py:3036} INFO - Sync 1 DAGs
[2025-07-08T09:58:26.179+0000] {logging_mixin.py:188} INFO - [2025-07-08T09:58:26.179+0000] {dag.py:3823} INFO - Setting next_dagrun for example_python_decorator to None, run_after=None
[2025-07-08T09:58:26.285+0000] {processor.py:183} INFO - Processing /home/airflow/.local/lib/python3.8/site-packages/airflow/example_dags/example_python_decorator.py took 0.405 seconds
[2025-07-08T09:58:57.074+0000] {processor.py:161} INFO - Started process (PID=6881) to work on /home/airflow/.local/lib/python3.8/site-packages/airflow/example_dags/example_python_decorator.py
[2025-07-08T09:58:57.076+0000] {processor.py:830} INFO - Processing file /home/airflow/.local/lib/python3.8/site-packages/airflow/example_dags/example_python_decorator.py for tasks to queue
[2025-07-08T09:58:57.079+0000] {logging_mixin.py:188} INFO - [2025-07-08T09:58:57.079+0000] {dagbag.py:538} INFO - Filling up the DagBag from /home/airflow/.local/lib/python3.8/site-packages/airflow/example_dags/example_python_decorator.py
[2025-07-08T09:58:57.129+0000] {processor.py:840} INFO - DAG(s) 'example_python_decorator' retrieved from /home/airflow/.local/lib/python3.8/site-packages/airflow/example_dags/example_python_decorator.py
[2025-07-08T09:58:57.173+0000] {logging_mixin.py:188} INFO - [2025-07-08T09:58:57.172+0000] {dag.py:3036} INFO - Sync 1 DAGs
[2025-07-08T09:58:57.199+0000] {logging_mixin.py:188} INFO - [2025-07-08T09:58:57.198+0000] {dag.py:3823} INFO - Setting next_dagrun for example_python_decorator to None, run_after=None
[2025-07-08T09:58:57.231+0000] {processor.py:183} INFO - Processing /home/airflow/.local/lib/python3.8/site-packages/airflow/example_dags/example_python_decorator.py took 0.164 seconds
[2025-07-08T09:59:27.970+0000] {processor.py:161} INFO - Started process (PID=6947) to work on /home/airflow/.local/lib/python3.8/site-packages/airflow/example_dags/example_python_decorator.py
[2025-07-08T09:59:27.972+0000] {processor.py:830} INFO - Processing file /home/airflow/.local/lib/python3.8/site-packages/airflow/example_dags/example_python_decorator.py for tasks to queue
[2025-07-08T09:59:27.975+0000] {logging_mixin.py:188} INFO - [2025-07-08T09:59:27.974+0000] {dagbag.py:538} INFO - Filling up the DagBag from /home/airflow/.local/lib/python3.8/site-packages/airflow/example_dags/example_python_decorator.py
[2025-07-08T09:59:28.010+0000] {processor.py:840} INFO - DAG(s) 'example_python_decorator' retrieved from /home/airflow/.local/lib/python3.8/site-packages/airflow/example_dags/example_python_decorator.py
[2025-07-08T09:59:28.057+0000] {logging_mixin.py:188} INFO - [2025-07-08T09:59:28.057+0000] {dag.py:3036} INFO - Sync 1 DAGs
[2025-07-08T09:59:28.104+0000] {logging_mixin.py:188} INFO - [2025-07-08T09:59:28.103+0000] {dag.py:3823} INFO - Setting next_dagrun for example_python_decorator to None, run_after=None
[2025-07-08T09:59:28.155+0000] {processor.py:183} INFO - Processing /home/airflow/.local/lib/python3.8/site-packages/airflow/example_dags/example_python_decorator.py took 0.192 seconds
[2025-07-08T09:59:58.467+0000] {processor.py:161} INFO - Started process (PID=7015) to work on /home/airflow/.local/lib/python3.8/site-packages/airflow/example_dags/example_python_decorator.py
[2025-07-08T09:59:58.470+0000] {processor.py:830} INFO - Processing file /home/airflow/.local/lib/python3.8/site-packages/airflow/example_dags/example_python_decorator.py for tasks to queue
[2025-07-08T09:59:58.473+0000] {logging_mixin.py:188} INFO - [2025-07-08T09:59:58.473+0000] {dagbag.py:538} INFO - Filling up the DagBag from /home/airflow/.local/lib/python3.8/site-packages/airflow/example_dags/example_python_decorator.py
[2025-07-08T09:59:58.501+0000] {processor.py:840} INFO - DAG(s) 'example_python_decorator' retrieved from /home/airflow/.local/lib/python3.8/site-packages/airflow/example_dags/example_python_decorator.py
[2025-07-08T09:59:58.548+0000] {logging_mixin.py:188} INFO - [2025-07-08T09:59:58.548+0000] {dag.py:3036} INFO - Sync 1 DAGs
[2025-07-08T09:59:58.577+0000] {logging_mixin.py:188} INFO - [2025-07-08T09:59:58.577+0000] {dag.py:3823} INFO - Setting next_dagrun for example_python_decorator to None, run_after=None
[2025-07-08T09:59:58.626+0000] {processor.py:183} INFO - Processing /home/airflow/.local/lib/python3.8/site-packages/airflow/example_dags/example_python_decorator.py took 0.165 seconds
[2025-07-08T10:00:28.972+0000] {processor.py:161} INFO - Started process (PID=7082) to work on /home/airflow/.local/lib/python3.8/site-packages/airflow/example_dags/example_python_decorator.py
[2025-07-08T10:00:28.974+0000] {processor.py:830} INFO - Processing file /home/airflow/.local/lib/python3.8/site-packages/airflow/example_dags/example_python_decorator.py for tasks to queue
[2025-07-08T10:00:28.977+0000] {logging_mixin.py:188} INFO - [2025-07-08T10:00:28.976+0000] {dagbag.py:538} INFO - Filling up the DagBag from /home/airflow/.local/lib/python3.8/site-packages/airflow/example_dags/example_python_decorator.py
[2025-07-08T10:00:29.005+0000] {processor.py:840} INFO - DAG(s) 'example_python_decorator' retrieved from /home/airflow/.local/lib/python3.8/site-packages/airflow/example_dags/example_python_decorator.py
[2025-07-08T10:00:29.051+0000] {logging_mixin.py:188} INFO - [2025-07-08T10:00:29.050+0000] {dag.py:3036} INFO - Sync 1 DAGs
[2025-07-08T10:00:29.077+0000] {logging_mixin.py:188} INFO - [2025-07-08T10:00:29.077+0000] {dag.py:3823} INFO - Setting next_dagrun for example_python_decorator to None, run_after=None
[2025-07-08T10:00:29.116+0000] {processor.py:183} INFO - Processing /home/airflow/.local/lib/python3.8/site-packages/airflow/example_dags/example_python_decorator.py took 0.150 seconds
[2025-07-08T10:01:00.098+0000] {processor.py:161} INFO - Started process (PID=7150) to work on /home/airflow/.local/lib/python3.8/site-packages/airflow/example_dags/example_python_decorator.py
[2025-07-08T10:01:00.106+0000] {processor.py:830} INFO - Processing file /home/airflow/.local/lib/python3.8/site-packages/airflow/example_dags/example_python_decorator.py for tasks to queue
[2025-07-08T10:01:00.110+0000] {logging_mixin.py:188} INFO - [2025-07-08T10:01:00.109+0000] {dagbag.py:538} INFO - Filling up the DagBag from /home/airflow/.local/lib/python3.8/site-packages/airflow/example_dags/example_python_decorator.py
[2025-07-08T10:01:00.153+0000] {processor.py:840} INFO - DAG(s) 'example_python_decorator' retrieved from /home/airflow/.local/lib/python3.8/site-packages/airflow/example_dags/example_python_decorator.py
[2025-07-08T10:01:00.226+0000] {logging_mixin.py:188} INFO - [2025-07-08T10:01:00.225+0000] {dag.py:3036} INFO - Sync 1 DAGs
[2025-07-08T10:01:00.251+0000] {logging_mixin.py:188} INFO - [2025-07-08T10:01:00.251+0000] {dag.py:3823} INFO - Setting next_dagrun for example_python_decorator to None, run_after=None
[2025-07-08T10:01:00.304+0000] {processor.py:183} INFO - Processing /home/airflow/.local/lib/python3.8/site-packages/airflow/example_dags/example_python_decorator.py took 0.212 seconds
[2025-07-08T10:01:31.353+0000] {processor.py:161} INFO - Started process (PID=7217) to work on /home/airflow/.local/lib/python3.8/site-packages/airflow/example_dags/example_python_decorator.py
[2025-07-08T10:01:31.355+0000] {processor.py:830} INFO - Processing file /home/airflow/.local/lib/python3.8/site-packages/airflow/example_dags/example_python_decorator.py for tasks to queue
[2025-07-08T10:01:31.359+0000] {logging_mixin.py:188} INFO - [2025-07-08T10:01:31.358+0000] {dagbag.py:538} INFO - Filling up the DagBag from /home/airflow/.local/lib/python3.8/site-packages/airflow/example_dags/example_python_decorator.py
[2025-07-08T10:01:31.402+0000] {processor.py:840} INFO - DAG(s) 'example_python_decorator' retrieved from /home/airflow/.local/lib/python3.8/site-packages/airflow/example_dags/example_python_decorator.py
[2025-07-08T10:01:31.448+0000] {logging_mixin.py:188} INFO - [2025-07-08T10:01:31.448+0000] {dag.py:3036} INFO - Sync 1 DAGs
[2025-07-08T10:01:31.477+0000] {logging_mixin.py:188} INFO - [2025-07-08T10:01:31.477+0000] {dag.py:3823} INFO - Setting next_dagrun for example_python_decorator to None, run_after=None
[2025-07-08T10:01:31.543+0000] {processor.py:183} INFO - Processing /home/airflow/.local/lib/python3.8/site-packages/airflow/example_dags/example_python_decorator.py took 0.230 seconds
[2025-07-08T10:02:02.623+0000] {processor.py:161} INFO - Started process (PID=7277) to work on /home/airflow/.local/lib/python3.8/site-packages/airflow/example_dags/example_python_decorator.py
[2025-07-08T10:02:02.632+0000] {processor.py:830} INFO - Processing file /home/airflow/.local/lib/python3.8/site-packages/airflow/example_dags/example_python_decorator.py for tasks to queue
[2025-07-08T10:02:02.644+0000] {logging_mixin.py:188} INFO - [2025-07-08T10:02:02.637+0000] {dagbag.py:538} INFO - Filling up the DagBag from /home/airflow/.local/lib/python3.8/site-packages/airflow/example_dags/example_python_decorator.py
[2025-07-08T10:02:02.712+0000] {processor.py:840} INFO - DAG(s) 'example_python_decorator' retrieved from /home/airflow/.local/lib/python3.8/site-packages/airflow/example_dags/example_python_decorator.py
[2025-07-08T10:02:02.767+0000] {logging_mixin.py:188} INFO - [2025-07-08T10:02:02.766+0000] {dag.py:3036} INFO - Sync 1 DAGs
[2025-07-08T10:02:02.793+0000] {logging_mixin.py:188} INFO - [2025-07-08T10:02:02.793+0000] {dag.py:3823} INFO - Setting next_dagrun for example_python_decorator to None, run_after=None
[2025-07-08T10:02:02.834+0000] {processor.py:183} INFO - Processing /home/airflow/.local/lib/python3.8/site-packages/airflow/example_dags/example_python_decorator.py took 0.247 seconds
[2025-07-08T10:02:33.638+0000] {processor.py:161} INFO - Started process (PID=7343) to work on /home/airflow/.local/lib/python3.8/site-packages/airflow/example_dags/example_python_decorator.py
[2025-07-08T10:02:33.640+0000] {processor.py:830} INFO - Processing file /home/airflow/.local/lib/python3.8/site-packages/airflow/example_dags/example_python_decorator.py for tasks to queue
[2025-07-08T10:02:33.643+0000] {logging_mixin.py:188} INFO - [2025-07-08T10:02:33.643+0000] {dagbag.py:538} INFO - Filling up the DagBag from /home/airflow/.local/lib/python3.8/site-packages/airflow/example_dags/example_python_decorator.py
[2025-07-08T10:02:33.694+0000] {processor.py:840} INFO - DAG(s) 'example_python_decorator' retrieved from /home/airflow/.local/lib/python3.8/site-packages/airflow/example_dags/example_python_decorator.py
[2025-07-08T10:02:33.942+0000] {logging_mixin.py:188} INFO - [2025-07-08T10:02:33.942+0000] {dag.py:3036} INFO - Sync 1 DAGs
[2025-07-08T10:02:34.066+0000] {logging_mixin.py:188} INFO - [2025-07-08T10:02:34.066+0000] {dag.py:3823} INFO - Setting next_dagrun for example_python_decorator to None, run_after=None
[2025-07-08T10:02:34.149+0000] {processor.py:183} INFO - Processing /home/airflow/.local/lib/python3.8/site-packages/airflow/example_dags/example_python_decorator.py took 0.517 seconds
[2025-07-08T10:03:04.807+0000] {processor.py:161} INFO - Started process (PID=7410) to work on /home/airflow/.local/lib/python3.8/site-packages/airflow/example_dags/example_python_decorator.py
[2025-07-08T10:03:04.816+0000] {processor.py:830} INFO - Processing file /home/airflow/.local/lib/python3.8/site-packages/airflow/example_dags/example_python_decorator.py for tasks to queue
[2025-07-08T10:03:04.819+0000] {logging_mixin.py:188} INFO - [2025-07-08T10:03:04.819+0000] {dagbag.py:538} INFO - Filling up the DagBag from /home/airflow/.local/lib/python3.8/site-packages/airflow/example_dags/example_python_decorator.py
[2025-07-08T10:03:04.922+0000] {processor.py:840} INFO - DAG(s) 'example_python_decorator' retrieved from /home/airflow/.local/lib/python3.8/site-packages/airflow/example_dags/example_python_decorator.py
[2025-07-08T10:03:05.013+0000] {logging_mixin.py:188} INFO - [2025-07-08T10:03:05.013+0000] {dag.py:3036} INFO - Sync 1 DAGs
[2025-07-08T10:03:05.071+0000] {logging_mixin.py:188} INFO - [2025-07-08T10:03:05.070+0000] {dag.py:3823} INFO - Setting next_dagrun for example_python_decorator to None, run_after=None
[2025-07-08T10:03:05.236+0000] {processor.py:183} INFO - Processing /home/airflow/.local/lib/python3.8/site-packages/airflow/example_dags/example_python_decorator.py took 0.467 seconds
[2025-07-08T10:03:35.399+0000] {processor.py:161} INFO - Started process (PID=7469) to work on /home/airflow/.local/lib/python3.8/site-packages/airflow/example_dags/example_python_decorator.py
[2025-07-08T10:03:35.409+0000] {processor.py:830} INFO - Processing file /home/airflow/.local/lib/python3.8/site-packages/airflow/example_dags/example_python_decorator.py for tasks to queue
[2025-07-08T10:03:35.412+0000] {logging_mixin.py:188} INFO - [2025-07-08T10:03:35.412+0000] {dagbag.py:538} INFO - Filling up the DagBag from /home/airflow/.local/lib/python3.8/site-packages/airflow/example_dags/example_python_decorator.py
[2025-07-08T10:03:35.474+0000] {processor.py:840} INFO - DAG(s) 'example_python_decorator' retrieved from /home/airflow/.local/lib/python3.8/site-packages/airflow/example_dags/example_python_decorator.py
[2025-07-08T10:03:35.520+0000] {logging_mixin.py:188} INFO - [2025-07-08T10:03:35.519+0000] {dag.py:3036} INFO - Sync 1 DAGs
[2025-07-08T10:03:35.550+0000] {logging_mixin.py:188} INFO - [2025-07-08T10:03:35.550+0000] {dag.py:3823} INFO - Setting next_dagrun for example_python_decorator to None, run_after=None
[2025-07-08T10:03:35.628+0000] {processor.py:183} INFO - Processing /home/airflow/.local/lib/python3.8/site-packages/airflow/example_dags/example_python_decorator.py took 0.236 seconds
[2025-07-08T10:04:05.748+0000] {processor.py:161} INFO - Started process (PID=7536) to work on /home/airflow/.local/lib/python3.8/site-packages/airflow/example_dags/example_python_decorator.py
[2025-07-08T10:04:05.751+0000] {processor.py:830} INFO - Processing file /home/airflow/.local/lib/python3.8/site-packages/airflow/example_dags/example_python_decorator.py for tasks to queue
[2025-07-08T10:04:05.753+0000] {logging_mixin.py:188} INFO - [2025-07-08T10:04:05.753+0000] {dagbag.py:538} INFO - Filling up the DagBag from /home/airflow/.local/lib/python3.8/site-packages/airflow/example_dags/example_python_decorator.py
[2025-07-08T10:04:05.777+0000] {processor.py:840} INFO - DAG(s) 'example_python_decorator' retrieved from /home/airflow/.local/lib/python3.8/site-packages/airflow/example_dags/example_python_decorator.py
[2025-07-08T10:04:05.815+0000] {logging_mixin.py:188} INFO - [2025-07-08T10:04:05.814+0000] {dag.py:3036} INFO - Sync 1 DAGs
[2025-07-08T10:04:05.835+0000] {logging_mixin.py:188} INFO - [2025-07-08T10:04:05.834+0000] {dag.py:3823} INFO - Setting next_dagrun for example_python_decorator to None, run_after=None
[2025-07-08T10:04:05.868+0000] {processor.py:183} INFO - Processing /home/airflow/.local/lib/python3.8/site-packages/airflow/example_dags/example_python_decorator.py took 0.126 seconds
[2025-07-08T10:04:36.325+0000] {processor.py:161} INFO - Started process (PID=7604) to work on /home/airflow/.local/lib/python3.8/site-packages/airflow/example_dags/example_python_decorator.py
[2025-07-08T10:04:36.326+0000] {processor.py:830} INFO - Processing file /home/airflow/.local/lib/python3.8/site-packages/airflow/example_dags/example_python_decorator.py for tasks to queue
[2025-07-08T10:04:36.330+0000] {logging_mixin.py:188} INFO - [2025-07-08T10:04:36.329+0000] {dagbag.py:538} INFO - Filling up the DagBag from /home/airflow/.local/lib/python3.8/site-packages/airflow/example_dags/example_python_decorator.py
[2025-07-08T10:04:36.356+0000] {processor.py:840} INFO - DAG(s) 'example_python_decorator' retrieved from /home/airflow/.local/lib/python3.8/site-packages/airflow/example_dags/example_python_decorator.py
[2025-07-08T10:04:36.406+0000] {logging_mixin.py:188} INFO - [2025-07-08T10:04:36.405+0000] {dag.py:3036} INFO - Sync 1 DAGs
[2025-07-08T10:04:36.444+0000] {logging_mixin.py:188} INFO - [2025-07-08T10:04:36.443+0000] {dag.py:3823} INFO - Setting next_dagrun for example_python_decorator to None, run_after=None
[2025-07-08T10:04:36.491+0000] {processor.py:183} INFO - Processing /home/airflow/.local/lib/python3.8/site-packages/airflow/example_dags/example_python_decorator.py took 0.173 seconds
[2025-07-08T10:05:06.812+0000] {processor.py:161} INFO - Started process (PID=7672) to work on /home/airflow/.local/lib/python3.8/site-packages/airflow/example_dags/example_python_decorator.py
[2025-07-08T10:05:06.815+0000] {processor.py:830} INFO - Processing file /home/airflow/.local/lib/python3.8/site-packages/airflow/example_dags/example_python_decorator.py for tasks to queue
[2025-07-08T10:05:06.819+0000] {logging_mixin.py:188} INFO - [2025-07-08T10:05:06.818+0000] {dagbag.py:538} INFO - Filling up the DagBag from /home/airflow/.local/lib/python3.8/site-packages/airflow/example_dags/example_python_decorator.py
[2025-07-08T10:05:06.857+0000] {processor.py:840} INFO - DAG(s) 'example_python_decorator' retrieved from /home/airflow/.local/lib/python3.8/site-packages/airflow/example_dags/example_python_decorator.py
[2025-07-08T10:05:06.933+0000] {logging_mixin.py:188} INFO - [2025-07-08T10:05:06.933+0000] {dag.py:3036} INFO - Sync 1 DAGs
[2025-07-08T10:05:06.963+0000] {logging_mixin.py:188} INFO - [2025-07-08T10:05:06.962+0000] {dag.py:3823} INFO - Setting next_dagrun for example_python_decorator to None, run_after=None
[2025-07-08T10:05:07.006+0000] {processor.py:183} INFO - Processing /home/airflow/.local/lib/python3.8/site-packages/airflow/example_dags/example_python_decorator.py took 0.203 seconds
[2025-07-08T10:05:37.200+0000] {processor.py:161} INFO - Started process (PID=7741) to work on /home/airflow/.local/lib/python3.8/site-packages/airflow/example_dags/example_python_decorator.py
[2025-07-08T10:05:37.202+0000] {processor.py:830} INFO - Processing file /home/airflow/.local/lib/python3.8/site-packages/airflow/example_dags/example_python_decorator.py for tasks to queue
[2025-07-08T10:05:37.205+0000] {logging_mixin.py:188} INFO - [2025-07-08T10:05:37.204+0000] {dagbag.py:538} INFO - Filling up the DagBag from /home/airflow/.local/lib/python3.8/site-packages/airflow/example_dags/example_python_decorator.py
[2025-07-08T10:05:37.232+0000] {processor.py:840} INFO - DAG(s) 'example_python_decorator' retrieved from /home/airflow/.local/lib/python3.8/site-packages/airflow/example_dags/example_python_decorator.py
[2025-07-08T10:05:37.275+0000] {logging_mixin.py:188} INFO - [2025-07-08T10:05:37.275+0000] {dag.py:3036} INFO - Sync 1 DAGs
[2025-07-08T10:05:37.311+0000] {logging_mixin.py:188} INFO - [2025-07-08T10:05:37.310+0000] {dag.py:3823} INFO - Setting next_dagrun for example_python_decorator to None, run_after=None
[2025-07-08T10:05:37.363+0000] {processor.py:183} INFO - Processing /home/airflow/.local/lib/python3.8/site-packages/airflow/example_dags/example_python_decorator.py took 0.176 seconds
[2025-07-08T10:06:07.743+0000] {processor.py:161} INFO - Started process (PID=7801) to work on /home/airflow/.local/lib/python3.8/site-packages/airflow/example_dags/example_python_decorator.py
[2025-07-08T10:06:07.745+0000] {processor.py:830} INFO - Processing file /home/airflow/.local/lib/python3.8/site-packages/airflow/example_dags/example_python_decorator.py for tasks to queue
[2025-07-08T10:06:07.748+0000] {logging_mixin.py:188} INFO - [2025-07-08T10:06:07.748+0000] {dagbag.py:538} INFO - Filling up the DagBag from /home/airflow/.local/lib/python3.8/site-packages/airflow/example_dags/example_python_decorator.py
[2025-07-08T10:06:07.770+0000] {processor.py:840} INFO - DAG(s) 'example_python_decorator' retrieved from /home/airflow/.local/lib/python3.8/site-packages/airflow/example_dags/example_python_decorator.py
[2025-07-08T10:06:07.813+0000] {logging_mixin.py:188} INFO - [2025-07-08T10:06:07.813+0000] {dag.py:3036} INFO - Sync 1 DAGs
[2025-07-08T10:06:07.839+0000] {logging_mixin.py:188} INFO - [2025-07-08T10:06:07.839+0000] {dag.py:3823} INFO - Setting next_dagrun for example_python_decorator to None, run_after=None
[2025-07-08T10:06:07.876+0000] {processor.py:183} INFO - Processing /home/airflow/.local/lib/python3.8/site-packages/airflow/example_dags/example_python_decorator.py took 0.138 seconds
[2025-07-08T10:06:38.487+0000] {processor.py:161} INFO - Started process (PID=7868) to work on /home/airflow/.local/lib/python3.8/site-packages/airflow/example_dags/example_python_decorator.py
[2025-07-08T10:06:38.490+0000] {processor.py:830} INFO - Processing file /home/airflow/.local/lib/python3.8/site-packages/airflow/example_dags/example_python_decorator.py for tasks to queue
[2025-07-08T10:06:38.498+0000] {logging_mixin.py:188} INFO - [2025-07-08T10:06:38.496+0000] {dagbag.py:538} INFO - Filling up the DagBag from /home/airflow/.local/lib/python3.8/site-packages/airflow/example_dags/example_python_decorator.py
[2025-07-08T10:06:38.555+0000] {processor.py:840} INFO - DAG(s) 'example_python_decorator' retrieved from /home/airflow/.local/lib/python3.8/site-packages/airflow/example_dags/example_python_decorator.py
[2025-07-08T10:06:38.596+0000] {logging_mixin.py:188} INFO - [2025-07-08T10:06:38.595+0000] {dag.py:3036} INFO - Sync 1 DAGs
[2025-07-08T10:06:38.618+0000] {logging_mixin.py:188} INFO - [2025-07-08T10:06:38.618+0000] {dag.py:3823} INFO - Setting next_dagrun for example_python_decorator to None, run_after=None
[2025-07-08T10:06:38.648+0000] {processor.py:183} INFO - Processing /home/airflow/.local/lib/python3.8/site-packages/airflow/example_dags/example_python_decorator.py took 0.171 seconds
[2025-07-08T10:07:09.495+0000] {processor.py:161} INFO - Started process (PID=7936) to work on /home/airflow/.local/lib/python3.8/site-packages/airflow/example_dags/example_python_decorator.py
[2025-07-08T10:07:09.520+0000] {processor.py:830} INFO - Processing file /home/airflow/.local/lib/python3.8/site-packages/airflow/example_dags/example_python_decorator.py for tasks to queue
[2025-07-08T10:07:09.523+0000] {logging_mixin.py:188} INFO - [2025-07-08T10:07:09.523+0000] {dagbag.py:538} INFO - Filling up the DagBag from /home/airflow/.local/lib/python3.8/site-packages/airflow/example_dags/example_python_decorator.py
[2025-07-08T10:07:09.575+0000] {processor.py:840} INFO - DAG(s) 'example_python_decorator' retrieved from /home/airflow/.local/lib/python3.8/site-packages/airflow/example_dags/example_python_decorator.py
[2025-07-08T10:07:09.673+0000] {logging_mixin.py:188} INFO - [2025-07-08T10:07:09.672+0000] {dag.py:3036} INFO - Sync 1 DAGs
[2025-07-08T10:07:09.730+0000] {logging_mixin.py:188} INFO - [2025-07-08T10:07:09.730+0000] {dag.py:3823} INFO - Setting next_dagrun for example_python_decorator to None, run_after=None
[2025-07-08T10:07:09.834+0000] {processor.py:183} INFO - Processing /home/airflow/.local/lib/python3.8/site-packages/airflow/example_dags/example_python_decorator.py took 0.345 seconds
[2025-07-08T10:07:40.794+0000] {processor.py:161} INFO - Started process (PID=7995) to work on /home/airflow/.local/lib/python3.8/site-packages/airflow/example_dags/example_python_decorator.py
[2025-07-08T10:07:40.795+0000] {processor.py:830} INFO - Processing file /home/airflow/.local/lib/python3.8/site-packages/airflow/example_dags/example_python_decorator.py for tasks to queue
[2025-07-08T10:07:40.798+0000] {logging_mixin.py:188} INFO - [2025-07-08T10:07:40.797+0000] {dagbag.py:538} INFO - Filling up the DagBag from /home/airflow/.local/lib/python3.8/site-packages/airflow/example_dags/example_python_decorator.py
[2025-07-08T10:07:40.866+0000] {processor.py:840} INFO - DAG(s) 'example_python_decorator' retrieved from /home/airflow/.local/lib/python3.8/site-packages/airflow/example_dags/example_python_decorator.py
[2025-07-08T10:07:40.994+0000] {logging_mixin.py:188} INFO - [2025-07-08T10:07:40.994+0000] {dag.py:3036} INFO - Sync 1 DAGs
[2025-07-08T10:07:41.119+0000] {logging_mixin.py:188} INFO - [2025-07-08T10:07:41.119+0000] {dag.py:3823} INFO - Setting next_dagrun for example_python_decorator to None, run_after=None
[2025-07-08T10:07:41.286+0000] {processor.py:183} INFO - Processing /home/airflow/.local/lib/python3.8/site-packages/airflow/example_dags/example_python_decorator.py took 0.510 seconds
[2025-07-08T10:08:11.482+0000] {processor.py:161} INFO - Started process (PID=8059) to work on /home/airflow/.local/lib/python3.8/site-packages/airflow/example_dags/example_python_decorator.py
[2025-07-08T10:08:11.484+0000] {processor.py:830} INFO - Processing file /home/airflow/.local/lib/python3.8/site-packages/airflow/example_dags/example_python_decorator.py for tasks to queue
[2025-07-08T10:08:11.487+0000] {logging_mixin.py:188} INFO - [2025-07-08T10:08:11.487+0000] {dagbag.py:538} INFO - Filling up the DagBag from /home/airflow/.local/lib/python3.8/site-packages/airflow/example_dags/example_python_decorator.py
[2025-07-08T10:08:11.516+0000] {processor.py:840} INFO - DAG(s) 'example_python_decorator' retrieved from /home/airflow/.local/lib/python3.8/site-packages/airflow/example_dags/example_python_decorator.py
[2025-07-08T10:08:11.576+0000] {logging_mixin.py:188} INFO - [2025-07-08T10:08:11.575+0000] {dag.py:3036} INFO - Sync 1 DAGs
[2025-07-08T10:08:11.600+0000] {logging_mixin.py:188} INFO - [2025-07-08T10:08:11.599+0000] {dag.py:3823} INFO - Setting next_dagrun for example_python_decorator to None, run_after=None
[2025-07-08T10:08:11.657+0000] {processor.py:183} INFO - Processing /home/airflow/.local/lib/python3.8/site-packages/airflow/example_dags/example_python_decorator.py took 0.181 seconds
[2025-07-08T10:08:42.254+0000] {processor.py:161} INFO - Started process (PID=8126) to work on /home/airflow/.local/lib/python3.8/site-packages/airflow/example_dags/example_python_decorator.py
[2025-07-08T10:08:42.255+0000] {processor.py:830} INFO - Processing file /home/airflow/.local/lib/python3.8/site-packages/airflow/example_dags/example_python_decorator.py for tasks to queue
[2025-07-08T10:08:42.258+0000] {logging_mixin.py:188} INFO - [2025-07-08T10:08:42.258+0000] {dagbag.py:538} INFO - Filling up the DagBag from /home/airflow/.local/lib/python3.8/site-packages/airflow/example_dags/example_python_decorator.py
[2025-07-08T10:08:42.320+0000] {processor.py:840} INFO - DAG(s) 'example_python_decorator' retrieved from /home/airflow/.local/lib/python3.8/site-packages/airflow/example_dags/example_python_decorator.py
[2025-07-08T10:08:42.390+0000] {logging_mixin.py:188} INFO - [2025-07-08T10:08:42.390+0000] {dag.py:3036} INFO - Sync 1 DAGs
[2025-07-08T10:08:42.431+0000] {logging_mixin.py:188} INFO - [2025-07-08T10:08:42.431+0000] {dag.py:3823} INFO - Setting next_dagrun for example_python_decorator to None, run_after=None
[2025-07-08T10:08:42.533+0000] {processor.py:183} INFO - Processing /home/airflow/.local/lib/python3.8/site-packages/airflow/example_dags/example_python_decorator.py took 0.296 seconds
[2025-07-08T10:09:12.709+0000] {processor.py:161} INFO - Started process (PID=8193) to work on /home/airflow/.local/lib/python3.8/site-packages/airflow/example_dags/example_python_decorator.py
[2025-07-08T10:09:12.716+0000] {processor.py:830} INFO - Processing file /home/airflow/.local/lib/python3.8/site-packages/airflow/example_dags/example_python_decorator.py for tasks to queue
[2025-07-08T10:09:12.719+0000] {logging_mixin.py:188} INFO - [2025-07-08T10:09:12.719+0000] {dagbag.py:538} INFO - Filling up the DagBag from /home/airflow/.local/lib/python3.8/site-packages/airflow/example_dags/example_python_decorator.py
[2025-07-08T10:09:12.776+0000] {processor.py:840} INFO - DAG(s) 'example_python_decorator' retrieved from /home/airflow/.local/lib/python3.8/site-packages/airflow/example_dags/example_python_decorator.py
[2025-07-08T10:09:12.870+0000] {logging_mixin.py:188} INFO - [2025-07-08T10:09:12.870+0000] {dag.py:3036} INFO - Sync 1 DAGs
[2025-07-08T10:09:12.904+0000] {logging_mixin.py:188} INFO - [2025-07-08T10:09:12.903+0000] {dag.py:3823} INFO - Setting next_dagrun for example_python_decorator to None, run_after=None
[2025-07-08T10:09:12.940+0000] {processor.py:183} INFO - Processing /home/airflow/.local/lib/python3.8/site-packages/airflow/example_dags/example_python_decorator.py took 0.245 seconds
[2025-07-08T10:09:43.828+0000] {processor.py:161} INFO - Started process (PID=8261) to work on /home/airflow/.local/lib/python3.8/site-packages/airflow/example_dags/example_python_decorator.py
[2025-07-08T10:09:43.830+0000] {processor.py:830} INFO - Processing file /home/airflow/.local/lib/python3.8/site-packages/airflow/example_dags/example_python_decorator.py for tasks to queue
[2025-07-08T10:09:43.833+0000] {logging_mixin.py:188} INFO - [2025-07-08T10:09:43.832+0000] {dagbag.py:538} INFO - Filling up the DagBag from /home/airflow/.local/lib/python3.8/site-packages/airflow/example_dags/example_python_decorator.py
[2025-07-08T10:09:43.887+0000] {processor.py:840} INFO - DAG(s) 'example_python_decorator' retrieved from /home/airflow/.local/lib/python3.8/site-packages/airflow/example_dags/example_python_decorator.py
[2025-07-08T10:09:43.954+0000] {logging_mixin.py:188} INFO - [2025-07-08T10:09:43.953+0000] {dag.py:3036} INFO - Sync 1 DAGs
[2025-07-08T10:09:43.981+0000] {logging_mixin.py:188} INFO - [2025-07-08T10:09:43.980+0000] {dag.py:3823} INFO - Setting next_dagrun for example_python_decorator to None, run_after=None
[2025-07-08T10:09:44.045+0000] {processor.py:183} INFO - Processing /home/airflow/.local/lib/python3.8/site-packages/airflow/example_dags/example_python_decorator.py took 0.235 seconds
[2025-07-08T10:10:15.385+0000] {processor.py:161} INFO - Started process (PID=8330) to work on /home/airflow/.local/lib/python3.8/site-packages/airflow/example_dags/example_python_decorator.py
[2025-07-08T10:10:15.392+0000] {processor.py:830} INFO - Processing file /home/airflow/.local/lib/python3.8/site-packages/airflow/example_dags/example_python_decorator.py for tasks to queue
[2025-07-08T10:10:15.395+0000] {logging_mixin.py:188} INFO - [2025-07-08T10:10:15.395+0000] {dagbag.py:538} INFO - Filling up the DagBag from /home/airflow/.local/lib/python3.8/site-packages/airflow/example_dags/example_python_decorator.py
[2025-07-08T10:10:15.477+0000] {processor.py:840} INFO - DAG(s) 'example_python_decorator' retrieved from /home/airflow/.local/lib/python3.8/site-packages/airflow/example_dags/example_python_decorator.py
[2025-07-08T10:10:15.561+0000] {logging_mixin.py:188} INFO - [2025-07-08T10:10:15.560+0000] {dag.py:3036} INFO - Sync 1 DAGs
[2025-07-08T10:10:15.598+0000] {logging_mixin.py:188} INFO - [2025-07-08T10:10:15.598+0000] {dag.py:3823} INFO - Setting next_dagrun for example_python_decorator to None, run_after=None
[2025-07-08T10:10:15.655+0000] {processor.py:183} INFO - Processing /home/airflow/.local/lib/python3.8/site-packages/airflow/example_dags/example_python_decorator.py took 0.285 seconds
[2025-07-08T10:10:46.452+0000] {processor.py:161} INFO - Started process (PID=8397) to work on /home/airflow/.local/lib/python3.8/site-packages/airflow/example_dags/example_python_decorator.py
[2025-07-08T10:10:46.460+0000] {processor.py:830} INFO - Processing file /home/airflow/.local/lib/python3.8/site-packages/airflow/example_dags/example_python_decorator.py for tasks to queue
[2025-07-08T10:10:46.463+0000] {logging_mixin.py:188} INFO - [2025-07-08T10:10:46.463+0000] {dagbag.py:538} INFO - Filling up the DagBag from /home/airflow/.local/lib/python3.8/site-packages/airflow/example_dags/example_python_decorator.py
[2025-07-08T10:10:46.527+0000] {processor.py:840} INFO - DAG(s) 'example_python_decorator' retrieved from /home/airflow/.local/lib/python3.8/site-packages/airflow/example_dags/example_python_decorator.py
[2025-07-08T10:10:46.629+0000] {logging_mixin.py:188} INFO - [2025-07-08T10:10:46.629+0000] {dag.py:3036} INFO - Sync 1 DAGs
[2025-07-08T10:10:46.676+0000] {logging_mixin.py:188} INFO - [2025-07-08T10:10:46.675+0000] {dag.py:3823} INFO - Setting next_dagrun for example_python_decorator to None, run_after=None
[2025-07-08T10:10:46.761+0000] {processor.py:183} INFO - Processing /home/airflow/.local/lib/python3.8/site-packages/airflow/example_dags/example_python_decorator.py took 0.323 seconds
[2025-07-08T10:11:17.737+0000] {processor.py:161} INFO - Started process (PID=8457) to work on /home/airflow/.local/lib/python3.8/site-packages/airflow/example_dags/example_python_decorator.py
[2025-07-08T10:11:17.739+0000] {processor.py:830} INFO - Processing file /home/airflow/.local/lib/python3.8/site-packages/airflow/example_dags/example_python_decorator.py for tasks to queue
[2025-07-08T10:11:17.742+0000] {logging_mixin.py:188} INFO - [2025-07-08T10:11:17.742+0000] {dagbag.py:538} INFO - Filling up the DagBag from /home/airflow/.local/lib/python3.8/site-packages/airflow/example_dags/example_python_decorator.py
[2025-07-08T10:11:17.778+0000] {processor.py:840} INFO - DAG(s) 'example_python_decorator' retrieved from /home/airflow/.local/lib/python3.8/site-packages/airflow/example_dags/example_python_decorator.py
[2025-07-08T10:11:17.824+0000] {logging_mixin.py:188} INFO - [2025-07-08T10:11:17.824+0000] {dag.py:3036} INFO - Sync 1 DAGs
[2025-07-08T10:11:17.850+0000] {logging_mixin.py:188} INFO - [2025-07-08T10:11:17.849+0000] {dag.py:3823} INFO - Setting next_dagrun for example_python_decorator to None, run_after=None
[2025-07-08T10:11:17.901+0000] {processor.py:183} INFO - Processing /home/airflow/.local/lib/python3.8/site-packages/airflow/example_dags/example_python_decorator.py took 0.179 seconds
[2025-07-08T10:11:48.774+0000] {processor.py:161} INFO - Started process (PID=8525) to work on /home/airflow/.local/lib/python3.8/site-packages/airflow/example_dags/example_python_decorator.py
[2025-07-08T10:11:48.777+0000] {processor.py:830} INFO - Processing file /home/airflow/.local/lib/python3.8/site-packages/airflow/example_dags/example_python_decorator.py for tasks to queue
[2025-07-08T10:11:48.787+0000] {logging_mixin.py:188} INFO - [2025-07-08T10:11:48.786+0000] {dagbag.py:538} INFO - Filling up the DagBag from /home/airflow/.local/lib/python3.8/site-packages/airflow/example_dags/example_python_decorator.py
[2025-07-08T10:11:48.814+0000] {processor.py:840} INFO - DAG(s) 'example_python_decorator' retrieved from /home/airflow/.local/lib/python3.8/site-packages/airflow/example_dags/example_python_decorator.py
[2025-07-08T10:11:48.858+0000] {logging_mixin.py:188} INFO - [2025-07-08T10:11:48.858+0000] {dag.py:3036} INFO - Sync 1 DAGs
[2025-07-08T10:11:48.883+0000] {logging_mixin.py:188} INFO - [2025-07-08T10:11:48.883+0000] {dag.py:3823} INFO - Setting next_dagrun for example_python_decorator to None, run_after=None
[2025-07-08T10:11:48.921+0000] {processor.py:183} INFO - Processing /home/airflow/.local/lib/python3.8/site-packages/airflow/example_dags/example_python_decorator.py took 0.156 seconds
[2025-07-08T10:12:19.124+0000] {processor.py:161} INFO - Started process (PID=8593) to work on /home/airflow/.local/lib/python3.8/site-packages/airflow/example_dags/example_python_decorator.py
[2025-07-08T10:12:19.127+0000] {processor.py:830} INFO - Processing file /home/airflow/.local/lib/python3.8/site-packages/airflow/example_dags/example_python_decorator.py for tasks to queue
[2025-07-08T10:12:19.132+0000] {logging_mixin.py:188} INFO - [2025-07-08T10:12:19.131+0000] {dagbag.py:538} INFO - Filling up the DagBag from /home/airflow/.local/lib/python3.8/site-packages/airflow/example_dags/example_python_decorator.py
[2025-07-08T10:12:19.162+0000] {processor.py:840} INFO - DAG(s) 'example_python_decorator' retrieved from /home/airflow/.local/lib/python3.8/site-packages/airflow/example_dags/example_python_decorator.py
[2025-07-08T10:12:19.207+0000] {logging_mixin.py:188} INFO - [2025-07-08T10:12:19.206+0000] {dag.py:3036} INFO - Sync 1 DAGs
[2025-07-08T10:12:19.234+0000] {logging_mixin.py:188} INFO - [2025-07-08T10:12:19.233+0000] {dag.py:3823} INFO - Setting next_dagrun for example_python_decorator to None, run_after=None
[2025-07-08T10:12:19.288+0000] {processor.py:183} INFO - Processing /home/airflow/.local/lib/python3.8/site-packages/airflow/example_dags/example_python_decorator.py took 0.172 seconds
[2025-07-08T10:12:49.621+0000] {processor.py:161} INFO - Started process (PID=8658) to work on /home/airflow/.local/lib/python3.8/site-packages/airflow/example_dags/example_python_decorator.py
[2025-07-08T10:12:49.622+0000] {processor.py:830} INFO - Processing file /home/airflow/.local/lib/python3.8/site-packages/airflow/example_dags/example_python_decorator.py for tasks to queue
[2025-07-08T10:12:49.627+0000] {logging_mixin.py:188} INFO - [2025-07-08T10:12:49.626+0000] {dagbag.py:538} INFO - Filling up the DagBag from /home/airflow/.local/lib/python3.8/site-packages/airflow/example_dags/example_python_decorator.py
[2025-07-08T10:12:49.686+0000] {processor.py:840} INFO - DAG(s) 'example_python_decorator' retrieved from /home/airflow/.local/lib/python3.8/site-packages/airflow/example_dags/example_python_decorator.py
[2025-07-08T10:12:49.765+0000] {logging_mixin.py:188} INFO - [2025-07-08T10:12:49.765+0000] {dag.py:3036} INFO - Sync 1 DAGs
[2025-07-08T10:12:49.810+0000] {logging_mixin.py:188} INFO - [2025-07-08T10:12:49.809+0000] {dag.py:3823} INFO - Setting next_dagrun for example_python_decorator to None, run_after=None
[2025-07-08T10:12:49.866+0000] {processor.py:183} INFO - Processing /home/airflow/.local/lib/python3.8/site-packages/airflow/example_dags/example_python_decorator.py took 0.260 seconds
[2025-07-08T10:13:20.878+0000] {processor.py:161} INFO - Started process (PID=8719) to work on /home/airflow/.local/lib/python3.8/site-packages/airflow/example_dags/example_python_decorator.py
[2025-07-08T10:13:20.896+0000] {processor.py:830} INFO - Processing file /home/airflow/.local/lib/python3.8/site-packages/airflow/example_dags/example_python_decorator.py for tasks to queue
[2025-07-08T10:13:20.899+0000] {logging_mixin.py:188} INFO - [2025-07-08T10:13:20.899+0000] {dagbag.py:538} INFO - Filling up the DagBag from /home/airflow/.local/lib/python3.8/site-packages/airflow/example_dags/example_python_decorator.py
[2025-07-08T10:13:20.953+0000] {processor.py:840} INFO - DAG(s) 'example_python_decorator' retrieved from /home/airflow/.local/lib/python3.8/site-packages/airflow/example_dags/example_python_decorator.py
[2025-07-08T10:13:21.023+0000] {logging_mixin.py:188} INFO - [2025-07-08T10:13:21.023+0000] {dag.py:3036} INFO - Sync 1 DAGs
[2025-07-08T10:13:21.067+0000] {logging_mixin.py:188} INFO - [2025-07-08T10:13:21.066+0000] {dag.py:3823} INFO - Setting next_dagrun for example_python_decorator to None, run_after=None
[2025-07-08T10:13:21.134+0000] {processor.py:183} INFO - Processing /home/airflow/.local/lib/python3.8/site-packages/airflow/example_dags/example_python_decorator.py took 0.262 seconds
[2025-07-08T10:13:52.713+0000] {processor.py:161} INFO - Started process (PID=8791) to work on /home/airflow/.local/lib/python3.8/site-packages/airflow/example_dags/example_python_decorator.py
[2025-07-08T10:13:52.714+0000] {processor.py:830} INFO - Processing file /home/airflow/.local/lib/python3.8/site-packages/airflow/example_dags/example_python_decorator.py for tasks to queue
[2025-07-08T10:13:52.717+0000] {logging_mixin.py:188} INFO - [2025-07-08T10:13:52.716+0000] {dagbag.py:538} INFO - Filling up the DagBag from /home/airflow/.local/lib/python3.8/site-packages/airflow/example_dags/example_python_decorator.py
[2025-07-08T10:13:52.743+0000] {processor.py:840} INFO - DAG(s) 'example_python_decorator' retrieved from /home/airflow/.local/lib/python3.8/site-packages/airflow/example_dags/example_python_decorator.py
[2025-07-08T10:13:52.796+0000] {logging_mixin.py:188} INFO - [2025-07-08T10:13:52.796+0000] {dag.py:3036} INFO - Sync 1 DAGs
[2025-07-08T10:13:52.822+0000] {logging_mixin.py:188} INFO - [2025-07-08T10:13:52.821+0000] {dag.py:3823} INFO - Setting next_dagrun for example_python_decorator to None, run_after=None
[2025-07-08T10:13:52.884+0000] {processor.py:183} INFO - Processing /home/airflow/.local/lib/python3.8/site-packages/airflow/example_dags/example_python_decorator.py took 0.178 seconds
[2025-07-08T10:14:23.840+0000] {processor.py:161} INFO - Started process (PID=8860) to work on /home/airflow/.local/lib/python3.8/site-packages/airflow/example_dags/example_python_decorator.py
[2025-07-08T10:14:23.852+0000] {processor.py:830} INFO - Processing file /home/airflow/.local/lib/python3.8/site-packages/airflow/example_dags/example_python_decorator.py for tasks to queue
[2025-07-08T10:14:23.855+0000] {logging_mixin.py:188} INFO - [2025-07-08T10:14:23.855+0000] {dagbag.py:538} INFO - Filling up the DagBag from /home/airflow/.local/lib/python3.8/site-packages/airflow/example_dags/example_python_decorator.py
[2025-07-08T10:14:23.939+0000] {processor.py:840} INFO - DAG(s) 'example_python_decorator' retrieved from /home/airflow/.local/lib/python3.8/site-packages/airflow/example_dags/example_python_decorator.py
[2025-07-08T10:14:23.985+0000] {logging_mixin.py:188} INFO - [2025-07-08T10:14:23.984+0000] {dag.py:3036} INFO - Sync 1 DAGs
[2025-07-08T10:14:24.048+0000] {logging_mixin.py:188} INFO - [2025-07-08T10:14:24.039+0000] {dag.py:3823} INFO - Setting next_dagrun for example_python_decorator to None, run_after=None
[2025-07-08T10:14:24.158+0000] {processor.py:183} INFO - Processing /home/airflow/.local/lib/python3.8/site-packages/airflow/example_dags/example_python_decorator.py took 0.336 seconds
[2025-07-08T10:14:54.453+0000] {processor.py:161} INFO - Started process (PID=8924) to work on /home/airflow/.local/lib/python3.8/site-packages/airflow/example_dags/example_python_decorator.py
[2025-07-08T10:14:54.454+0000] {processor.py:830} INFO - Processing file /home/airflow/.local/lib/python3.8/site-packages/airflow/example_dags/example_python_decorator.py for tasks to queue
[2025-07-08T10:14:54.469+0000] {logging_mixin.py:188} INFO - [2025-07-08T10:14:54.469+0000] {dagbag.py:538} INFO - Filling up the DagBag from /home/airflow/.local/lib/python3.8/site-packages/airflow/example_dags/example_python_decorator.py
[2025-07-08T10:14:54.524+0000] {processor.py:840} INFO - DAG(s) 'example_python_decorator' retrieved from /home/airflow/.local/lib/python3.8/site-packages/airflow/example_dags/example_python_decorator.py
[2025-07-08T10:14:54.598+0000] {logging_mixin.py:188} INFO - [2025-07-08T10:14:54.598+0000] {dag.py:3036} INFO - Sync 1 DAGs
[2025-07-08T10:14:54.622+0000] {logging_mixin.py:188} INFO - [2025-07-08T10:14:54.622+0000] {dag.py:3823} INFO - Setting next_dagrun for example_python_decorator to None, run_after=None
[2025-07-08T10:14:54.671+0000] {processor.py:183} INFO - Processing /home/airflow/.local/lib/python3.8/site-packages/airflow/example_dags/example_python_decorator.py took 0.236 seconds
[2025-07-08T10:15:25.508+0000] {processor.py:161} INFO - Started process (PID=8984) to work on /home/airflow/.local/lib/python3.8/site-packages/airflow/example_dags/example_python_decorator.py
[2025-07-08T10:15:25.510+0000] {processor.py:830} INFO - Processing file /home/airflow/.local/lib/python3.8/site-packages/airflow/example_dags/example_python_decorator.py for tasks to queue
[2025-07-08T10:15:25.514+0000] {logging_mixin.py:188} INFO - [2025-07-08T10:15:25.513+0000] {dagbag.py:538} INFO - Filling up the DagBag from /home/airflow/.local/lib/python3.8/site-packages/airflow/example_dags/example_python_decorator.py
[2025-07-08T10:15:25.543+0000] {processor.py:840} INFO - DAG(s) 'example_python_decorator' retrieved from /home/airflow/.local/lib/python3.8/site-packages/airflow/example_dags/example_python_decorator.py
[2025-07-08T10:15:25.585+0000] {logging_mixin.py:188} INFO - [2025-07-08T10:15:25.585+0000] {dag.py:3036} INFO - Sync 1 DAGs
[2025-07-08T10:15:25.608+0000] {logging_mixin.py:188} INFO - [2025-07-08T10:15:25.608+0000] {dag.py:3823} INFO - Setting next_dagrun for example_python_decorator to None, run_after=None
[2025-07-08T10:15:25.643+0000] {processor.py:183} INFO - Processing /home/airflow/.local/lib/python3.8/site-packages/airflow/example_dags/example_python_decorator.py took 0.140 seconds
[2025-07-08T10:15:55.936+0000] {processor.py:161} INFO - Started process (PID=9051) to work on /home/airflow/.local/lib/python3.8/site-packages/airflow/example_dags/example_python_decorator.py
[2025-07-08T10:15:55.937+0000] {processor.py:830} INFO - Processing file /home/airflow/.local/lib/python3.8/site-packages/airflow/example_dags/example_python_decorator.py for tasks to queue
[2025-07-08T10:15:55.942+0000] {logging_mixin.py:188} INFO - [2025-07-08T10:15:55.941+0000] {dagbag.py:538} INFO - Filling up the DagBag from /home/airflow/.local/lib/python3.8/site-packages/airflow/example_dags/example_python_decorator.py
[2025-07-08T10:15:55.973+0000] {processor.py:840} INFO - DAG(s) 'example_python_decorator' retrieved from /home/airflow/.local/lib/python3.8/site-packages/airflow/example_dags/example_python_decorator.py
[2025-07-08T10:15:56.023+0000] {logging_mixin.py:188} INFO - [2025-07-08T10:15:56.023+0000] {dag.py:3036} INFO - Sync 1 DAGs
[2025-07-08T10:15:56.055+0000] {logging_mixin.py:188} INFO - [2025-07-08T10:15:56.054+0000] {dag.py:3823} INFO - Setting next_dagrun for example_python_decorator to None, run_after=None
[2025-07-08T10:15:56.094+0000] {processor.py:183} INFO - Processing /home/airflow/.local/lib/python3.8/site-packages/airflow/example_dags/example_python_decorator.py took 0.164 seconds
[2025-07-08T10:16:26.900+0000] {processor.py:161} INFO - Started process (PID=9121) to work on /home/airflow/.local/lib/python3.8/site-packages/airflow/example_dags/example_python_decorator.py
[2025-07-08T10:16:26.902+0000] {processor.py:830} INFO - Processing file /home/airflow/.local/lib/python3.8/site-packages/airflow/example_dags/example_python_decorator.py for tasks to queue
[2025-07-08T10:16:26.905+0000] {logging_mixin.py:188} INFO - [2025-07-08T10:16:26.905+0000] {dagbag.py:538} INFO - Filling up the DagBag from /home/airflow/.local/lib/python3.8/site-packages/airflow/example_dags/example_python_decorator.py
[2025-07-08T10:16:26.933+0000] {processor.py:840} INFO - DAG(s) 'example_python_decorator' retrieved from /home/airflow/.local/lib/python3.8/site-packages/airflow/example_dags/example_python_decorator.py
[2025-07-08T10:16:26.977+0000] {logging_mixin.py:188} INFO - [2025-07-08T10:16:26.976+0000] {dag.py:3036} INFO - Sync 1 DAGs
[2025-07-08T10:16:27.002+0000] {logging_mixin.py:188} INFO - [2025-07-08T10:16:27.002+0000] {dag.py:3823} INFO - Setting next_dagrun for example_python_decorator to None, run_after=None
[2025-07-08T10:16:27.036+0000] {processor.py:183} INFO - Processing /home/airflow/.local/lib/python3.8/site-packages/airflow/example_dags/example_python_decorator.py took 0.143 seconds
[2025-07-08T10:16:57.341+0000] {processor.py:161} INFO - Started process (PID=9182) to work on /home/airflow/.local/lib/python3.8/site-packages/airflow/example_dags/example_python_decorator.py
[2025-07-08T10:16:57.342+0000] {processor.py:830} INFO - Processing file /home/airflow/.local/lib/python3.8/site-packages/airflow/example_dags/example_python_decorator.py for tasks to queue
[2025-07-08T10:16:57.346+0000] {logging_mixin.py:188} INFO - [2025-07-08T10:16:57.346+0000] {dagbag.py:538} INFO - Filling up the DagBag from /home/airflow/.local/lib/python3.8/site-packages/airflow/example_dags/example_python_decorator.py
[2025-07-08T10:16:57.376+0000] {processor.py:840} INFO - DAG(s) 'example_python_decorator' retrieved from /home/airflow/.local/lib/python3.8/site-packages/airflow/example_dags/example_python_decorator.py
[2025-07-08T10:16:57.448+0000] {logging_mixin.py:188} INFO - [2025-07-08T10:16:57.447+0000] {dag.py:3036} INFO - Sync 1 DAGs
[2025-07-08T10:16:57.489+0000] {logging_mixin.py:188} INFO - [2025-07-08T10:16:57.488+0000] {dag.py:3823} INFO - Setting next_dagrun for example_python_decorator to None, run_after=None
[2025-07-08T10:16:57.603+0000] {processor.py:183} INFO - Processing /home/airflow/.local/lib/python3.8/site-packages/airflow/example_dags/example_python_decorator.py took 0.270 seconds
[2025-07-08T10:17:32.087+0000] {processor.py:161} INFO - Started process (PID=9249) to work on /home/airflow/.local/lib/python3.8/site-packages/airflow/example_dags/example_python_decorator.py
[2025-07-08T10:17:32.090+0000] {processor.py:830} INFO - Processing file /home/airflow/.local/lib/python3.8/site-packages/airflow/example_dags/example_python_decorator.py for tasks to queue
[2025-07-08T10:17:32.098+0000] {logging_mixin.py:188} INFO - [2025-07-08T10:17:32.097+0000] {dagbag.py:538} INFO - Filling up the DagBag from /home/airflow/.local/lib/python3.8/site-packages/airflow/example_dags/example_python_decorator.py
[2025-07-08T10:17:32.160+0000] {processor.py:840} INFO - DAG(s) 'example_python_decorator' retrieved from /home/airflow/.local/lib/python3.8/site-packages/airflow/example_dags/example_python_decorator.py
[2025-07-08T10:17:32.773+0000] {logging_mixin.py:188} INFO - [2025-07-08T10:17:32.773+0000] {dag.py:3036} INFO - Sync 1 DAGs
[2025-07-08T10:17:32.828+0000] {logging_mixin.py:188} INFO - [2025-07-08T10:17:32.827+0000] {dag.py:3823} INFO - Setting next_dagrun for example_python_decorator to None, run_after=None
[2025-07-08T10:17:32.861+0000] {processor.py:183} INFO - Processing /home/airflow/.local/lib/python3.8/site-packages/airflow/example_dags/example_python_decorator.py took 0.782 seconds
[2025-07-08T10:18:03.780+0000] {processor.py:161} INFO - Started process (PID=9314) to work on /home/airflow/.local/lib/python3.8/site-packages/airflow/example_dags/example_python_decorator.py
[2025-07-08T10:18:03.782+0000] {processor.py:830} INFO - Processing file /home/airflow/.local/lib/python3.8/site-packages/airflow/example_dags/example_python_decorator.py for tasks to queue
[2025-07-08T10:18:03.789+0000] {logging_mixin.py:188} INFO - [2025-07-08T10:18:03.788+0000] {dagbag.py:538} INFO - Filling up the DagBag from /home/airflow/.local/lib/python3.8/site-packages/airflow/example_dags/example_python_decorator.py
[2025-07-08T10:18:03.928+0000] {processor.py:840} INFO - DAG(s) 'example_python_decorator' retrieved from /home/airflow/.local/lib/python3.8/site-packages/airflow/example_dags/example_python_decorator.py
[2025-07-08T10:18:04.270+0000] {logging_mixin.py:188} INFO - [2025-07-08T10:18:04.269+0000] {dag.py:3036} INFO - Sync 1 DAGs
[2025-07-08T10:18:04.449+0000] {logging_mixin.py:188} INFO - [2025-07-08T10:18:04.448+0000] {dag.py:3823} INFO - Setting next_dagrun for example_python_decorator to None, run_after=None
[2025-07-08T10:18:04.545+0000] {processor.py:183} INFO - Processing /home/airflow/.local/lib/python3.8/site-packages/airflow/example_dags/example_python_decorator.py took 0.787 seconds
[2025-07-08T10:18:35.562+0000] {processor.py:161} INFO - Started process (PID=9379) to work on /home/airflow/.local/lib/python3.8/site-packages/airflow/example_dags/example_python_decorator.py
[2025-07-08T10:18:35.569+0000] {processor.py:830} INFO - Processing file /home/airflow/.local/lib/python3.8/site-packages/airflow/example_dags/example_python_decorator.py for tasks to queue
[2025-07-08T10:18:35.573+0000] {logging_mixin.py:188} INFO - [2025-07-08T10:18:35.573+0000] {dagbag.py:538} INFO - Filling up the DagBag from /home/airflow/.local/lib/python3.8/site-packages/airflow/example_dags/example_python_decorator.py
[2025-07-08T10:18:35.614+0000] {processor.py:840} INFO - DAG(s) 'example_python_decorator' retrieved from /home/airflow/.local/lib/python3.8/site-packages/airflow/example_dags/example_python_decorator.py
[2025-07-08T10:18:35.705+0000] {logging_mixin.py:188} INFO - [2025-07-08T10:18:35.704+0000] {dag.py:3036} INFO - Sync 1 DAGs
[2025-07-08T10:18:35.748+0000] {logging_mixin.py:188} INFO - [2025-07-08T10:18:35.747+0000] {dag.py:3823} INFO - Setting next_dagrun for example_python_decorator to None, run_after=None
[2025-07-08T10:18:35.830+0000] {processor.py:183} INFO - Processing /home/airflow/.local/lib/python3.8/site-packages/airflow/example_dags/example_python_decorator.py took 0.291 seconds
[2025-07-08T10:19:06.139+0000] {processor.py:161} INFO - Started process (PID=9446) to work on /home/airflow/.local/lib/python3.8/site-packages/airflow/example_dags/example_python_decorator.py
[2025-07-08T10:19:06.140+0000] {processor.py:830} INFO - Processing file /home/airflow/.local/lib/python3.8/site-packages/airflow/example_dags/example_python_decorator.py for tasks to queue
[2025-07-08T10:19:06.143+0000] {logging_mixin.py:188} INFO - [2025-07-08T10:19:06.143+0000] {dagbag.py:538} INFO - Filling up the DagBag from /home/airflow/.local/lib/python3.8/site-packages/airflow/example_dags/example_python_decorator.py
[2025-07-08T10:19:06.186+0000] {processor.py:840} INFO - DAG(s) 'example_python_decorator' retrieved from /home/airflow/.local/lib/python3.8/site-packages/airflow/example_dags/example_python_decorator.py
[2025-07-08T10:19:06.287+0000] {logging_mixin.py:188} INFO - [2025-07-08T10:19:06.287+0000] {dag.py:3036} INFO - Sync 1 DAGs
[2025-07-08T10:19:06.335+0000] {logging_mixin.py:188} INFO - [2025-07-08T10:19:06.335+0000] {dag.py:3823} INFO - Setting next_dagrun for example_python_decorator to None, run_after=None
[2025-07-08T10:19:06.410+0000] {processor.py:183} INFO - Processing /home/airflow/.local/lib/python3.8/site-packages/airflow/example_dags/example_python_decorator.py took 0.285 seconds
[2025-07-08T10:19:37.006+0000] {processor.py:161} INFO - Started process (PID=9517) to work on /home/airflow/.local/lib/python3.8/site-packages/airflow/example_dags/example_python_decorator.py
[2025-07-08T10:19:37.017+0000] {processor.py:830} INFO - Processing file /home/airflow/.local/lib/python3.8/site-packages/airflow/example_dags/example_python_decorator.py for tasks to queue
[2025-07-08T10:19:37.024+0000] {logging_mixin.py:188} INFO - [2025-07-08T10:19:37.022+0000] {dagbag.py:538} INFO - Filling up the DagBag from /home/airflow/.local/lib/python3.8/site-packages/airflow/example_dags/example_python_decorator.py
[2025-07-08T10:19:37.127+0000] {processor.py:840} INFO - DAG(s) 'example_python_decorator' retrieved from /home/airflow/.local/lib/python3.8/site-packages/airflow/example_dags/example_python_decorator.py
[2025-07-08T10:19:37.310+0000] {logging_mixin.py:188} INFO - [2025-07-08T10:19:37.309+0000] {dag.py:3036} INFO - Sync 1 DAGs
[2025-07-08T10:19:37.388+0000] {logging_mixin.py:188} INFO - [2025-07-08T10:19:37.388+0000] {dag.py:3823} INFO - Setting next_dagrun for example_python_decorator to None, run_after=None
[2025-07-08T10:19:37.481+0000] {processor.py:183} INFO - Processing /home/airflow/.local/lib/python3.8/site-packages/airflow/example_dags/example_python_decorator.py took 0.506 seconds
[2025-07-08T10:20:07.941+0000] {processor.py:161} INFO - Started process (PID=9583) to work on /home/airflow/.local/lib/python3.8/site-packages/airflow/example_dags/example_python_decorator.py
[2025-07-08T10:20:07.943+0000] {processor.py:830} INFO - Processing file /home/airflow/.local/lib/python3.8/site-packages/airflow/example_dags/example_python_decorator.py for tasks to queue
[2025-07-08T10:20:07.973+0000] {logging_mixin.py:188} INFO - [2025-07-08T10:20:07.973+0000] {dagbag.py:538} INFO - Filling up the DagBag from /home/airflow/.local/lib/python3.8/site-packages/airflow/example_dags/example_python_decorator.py
[2025-07-08T10:20:08.103+0000] {processor.py:840} INFO - DAG(s) 'example_python_decorator' retrieved from /home/airflow/.local/lib/python3.8/site-packages/airflow/example_dags/example_python_decorator.py
[2025-07-08T10:20:08.202+0000] {logging_mixin.py:188} INFO - [2025-07-08T10:20:08.201+0000] {dag.py:3036} INFO - Sync 1 DAGs
[2025-07-08T10:20:08.265+0000] {logging_mixin.py:188} INFO - [2025-07-08T10:20:08.265+0000] {dag.py:3823} INFO - Setting next_dagrun for example_python_decorator to None, run_after=None
[2025-07-08T10:20:08.393+0000] {processor.py:183} INFO - Processing /home/airflow/.local/lib/python3.8/site-packages/airflow/example_dags/example_python_decorator.py took 0.510 seconds
[2025-07-08T10:20:38.780+0000] {processor.py:161} INFO - Started process (PID=9644) to work on /home/airflow/.local/lib/python3.8/site-packages/airflow/example_dags/example_python_decorator.py
[2025-07-08T10:20:38.783+0000] {processor.py:830} INFO - Processing file /home/airflow/.local/lib/python3.8/site-packages/airflow/example_dags/example_python_decorator.py for tasks to queue
[2025-07-08T10:20:38.795+0000] {logging_mixin.py:188} INFO - [2025-07-08T10:20:38.795+0000] {dagbag.py:538} INFO - Filling up the DagBag from /home/airflow/.local/lib/python3.8/site-packages/airflow/example_dags/example_python_decorator.py
[2025-07-08T10:20:38.829+0000] {processor.py:840} INFO - DAG(s) 'example_python_decorator' retrieved from /home/airflow/.local/lib/python3.8/site-packages/airflow/example_dags/example_python_decorator.py
[2025-07-08T10:20:38.880+0000] {logging_mixin.py:188} INFO - [2025-07-08T10:20:38.879+0000] {dag.py:3036} INFO - Sync 1 DAGs
[2025-07-08T10:20:38.910+0000] {logging_mixin.py:188} INFO - [2025-07-08T10:20:38.909+0000] {dag.py:3823} INFO - Setting next_dagrun for example_python_decorator to None, run_after=None
[2025-07-08T10:20:38.982+0000] {processor.py:183} INFO - Processing /home/airflow/.local/lib/python3.8/site-packages/airflow/example_dags/example_python_decorator.py took 0.209 seconds
[2025-07-08T10:21:09.853+0000] {processor.py:161} INFO - Started process (PID=9711) to work on /home/airflow/.local/lib/python3.8/site-packages/airflow/example_dags/example_python_decorator.py
[2025-07-08T10:21:09.855+0000] {processor.py:830} INFO - Processing file /home/airflow/.local/lib/python3.8/site-packages/airflow/example_dags/example_python_decorator.py for tasks to queue
[2025-07-08T10:21:09.858+0000] {logging_mixin.py:188} INFO - [2025-07-08T10:21:09.857+0000] {dagbag.py:538} INFO - Filling up the DagBag from /home/airflow/.local/lib/python3.8/site-packages/airflow/example_dags/example_python_decorator.py
[2025-07-08T10:21:09.950+0000] {processor.py:840} INFO - DAG(s) 'example_python_decorator' retrieved from /home/airflow/.local/lib/python3.8/site-packages/airflow/example_dags/example_python_decorator.py
[2025-07-08T10:21:10.092+0000] {logging_mixin.py:188} INFO - [2025-07-08T10:21:10.079+0000] {dag.py:3036} INFO - Sync 1 DAGs
[2025-07-08T10:21:10.226+0000] {logging_mixin.py:188} INFO - [2025-07-08T10:21:10.225+0000] {dag.py:3823} INFO - Setting next_dagrun for example_python_decorator to None, run_after=None
[2025-07-08T10:21:10.398+0000] {processor.py:183} INFO - Processing /home/airflow/.local/lib/python3.8/site-packages/airflow/example_dags/example_python_decorator.py took 0.572 seconds
[2025-07-08T10:21:40.715+0000] {processor.py:161} INFO - Started process (PID=9777) to work on /home/airflow/.local/lib/python3.8/site-packages/airflow/example_dags/example_python_decorator.py
[2025-07-08T10:21:40.717+0000] {processor.py:830} INFO - Processing file /home/airflow/.local/lib/python3.8/site-packages/airflow/example_dags/example_python_decorator.py for tasks to queue
[2025-07-08T10:21:40.720+0000] {logging_mixin.py:188} INFO - [2025-07-08T10:21:40.720+0000] {dagbag.py:538} INFO - Filling up the DagBag from /home/airflow/.local/lib/python3.8/site-packages/airflow/example_dags/example_python_decorator.py
[2025-07-08T10:21:40.747+0000] {processor.py:840} INFO - DAG(s) 'example_python_decorator' retrieved from /home/airflow/.local/lib/python3.8/site-packages/airflow/example_dags/example_python_decorator.py
[2025-07-08T10:21:40.792+0000] {logging_mixin.py:188} INFO - [2025-07-08T10:21:40.791+0000] {dag.py:3036} INFO - Sync 1 DAGs
[2025-07-08T10:21:40.836+0000] {logging_mixin.py:188} INFO - [2025-07-08T10:21:40.835+0000] {dag.py:3823} INFO - Setting next_dagrun for example_python_decorator to None, run_after=None
[2025-07-08T10:21:40.924+0000] {processor.py:183} INFO - Processing /home/airflow/.local/lib/python3.8/site-packages/airflow/example_dags/example_python_decorator.py took 0.215 seconds
[2025-07-08T10:22:11.253+0000] {processor.py:161} INFO - Started process (PID=9837) to work on /home/airflow/.local/lib/python3.8/site-packages/airflow/example_dags/example_python_decorator.py
[2025-07-08T10:22:11.261+0000] {processor.py:830} INFO - Processing file /home/airflow/.local/lib/python3.8/site-packages/airflow/example_dags/example_python_decorator.py for tasks to queue
[2025-07-08T10:22:11.265+0000] {logging_mixin.py:188} INFO - [2025-07-08T10:22:11.264+0000] {dagbag.py:538} INFO - Filling up the DagBag from /home/airflow/.local/lib/python3.8/site-packages/airflow/example_dags/example_python_decorator.py
[2025-07-08T10:22:11.323+0000] {processor.py:840} INFO - DAG(s) 'example_python_decorator' retrieved from /home/airflow/.local/lib/python3.8/site-packages/airflow/example_dags/example_python_decorator.py
[2025-07-08T10:22:11.413+0000] {logging_mixin.py:188} INFO - [2025-07-08T10:22:11.413+0000] {dag.py:3036} INFO - Sync 1 DAGs
[2025-07-08T10:22:11.453+0000] {logging_mixin.py:188} INFO - [2025-07-08T10:22:11.452+0000] {dag.py:3823} INFO - Setting next_dagrun for example_python_decorator to None, run_after=None
[2025-07-08T10:22:11.504+0000] {processor.py:183} INFO - Processing /home/airflow/.local/lib/python3.8/site-packages/airflow/example_dags/example_python_decorator.py took 0.277 seconds
[2025-07-08T10:22:41.815+0000] {processor.py:161} INFO - Started process (PID=9905) to work on /home/airflow/.local/lib/python3.8/site-packages/airflow/example_dags/example_python_decorator.py
[2025-07-08T10:22:41.817+0000] {processor.py:830} INFO - Processing file /home/airflow/.local/lib/python3.8/site-packages/airflow/example_dags/example_python_decorator.py for tasks to queue
[2025-07-08T10:22:41.820+0000] {logging_mixin.py:188} INFO - [2025-07-08T10:22:41.819+0000] {dagbag.py:538} INFO - Filling up the DagBag from /home/airflow/.local/lib/python3.8/site-packages/airflow/example_dags/example_python_decorator.py
[2025-07-08T10:22:41.849+0000] {processor.py:840} INFO - DAG(s) 'example_python_decorator' retrieved from /home/airflow/.local/lib/python3.8/site-packages/airflow/example_dags/example_python_decorator.py
[2025-07-08T10:22:41.896+0000] {logging_mixin.py:188} INFO - [2025-07-08T10:22:41.896+0000] {dag.py:3036} INFO - Sync 1 DAGs
[2025-07-08T10:22:41.923+0000] {logging_mixin.py:188} INFO - [2025-07-08T10:22:41.922+0000] {dag.py:3823} INFO - Setting next_dagrun for example_python_decorator to None, run_after=None
[2025-07-08T10:22:41.974+0000] {processor.py:183} INFO - Processing /home/airflow/.local/lib/python3.8/site-packages/airflow/example_dags/example_python_decorator.py took 0.166 seconds
[2025-07-08T10:23:12.651+0000] {processor.py:161} INFO - Started process (PID=9972) to work on /home/airflow/.local/lib/python3.8/site-packages/airflow/example_dags/example_python_decorator.py
[2025-07-08T10:23:12.653+0000] {processor.py:830} INFO - Processing file /home/airflow/.local/lib/python3.8/site-packages/airflow/example_dags/example_python_decorator.py for tasks to queue
[2025-07-08T10:23:12.656+0000] {logging_mixin.py:188} INFO - [2025-07-08T10:23:12.655+0000] {dagbag.py:538} INFO - Filling up the DagBag from /home/airflow/.local/lib/python3.8/site-packages/airflow/example_dags/example_python_decorator.py
[2025-07-08T10:23:12.716+0000] {processor.py:840} INFO - DAG(s) 'example_python_decorator' retrieved from /home/airflow/.local/lib/python3.8/site-packages/airflow/example_dags/example_python_decorator.py
[2025-07-08T10:23:12.801+0000] {logging_mixin.py:188} INFO - [2025-07-08T10:23:12.800+0000] {dag.py:3036} INFO - Sync 1 DAGs
[2025-07-08T10:23:12.855+0000] {logging_mixin.py:188} INFO - [2025-07-08T10:23:12.854+0000] {dag.py:3823} INFO - Setting next_dagrun for example_python_decorator to None, run_after=None
[2025-07-08T10:23:12.922+0000] {processor.py:183} INFO - Processing /home/airflow/.local/lib/python3.8/site-packages/airflow/example_dags/example_python_decorator.py took 0.299 seconds
[2025-07-08T10:23:43.741+0000] {processor.py:161} INFO - Started process (PID=10040) to work on /home/airflow/.local/lib/python3.8/site-packages/airflow/example_dags/example_python_decorator.py
[2025-07-08T10:23:43.743+0000] {processor.py:830} INFO - Processing file /home/airflow/.local/lib/python3.8/site-packages/airflow/example_dags/example_python_decorator.py for tasks to queue
[2025-07-08T10:23:43.746+0000] {logging_mixin.py:188} INFO - [2025-07-08T10:23:43.745+0000] {dagbag.py:538} INFO - Filling up the DagBag from /home/airflow/.local/lib/python3.8/site-packages/airflow/example_dags/example_python_decorator.py
[2025-07-08T10:23:43.782+0000] {processor.py:840} INFO - DAG(s) 'example_python_decorator' retrieved from /home/airflow/.local/lib/python3.8/site-packages/airflow/example_dags/example_python_decorator.py
[2025-07-08T10:23:43.828+0000] {logging_mixin.py:188} INFO - [2025-07-08T10:23:43.827+0000] {dag.py:3036} INFO - Sync 1 DAGs
[2025-07-08T10:23:43.855+0000] {logging_mixin.py:188} INFO - [2025-07-08T10:23:43.854+0000] {dag.py:3823} INFO - Setting next_dagrun for example_python_decorator to None, run_after=None
[2025-07-08T10:23:43.889+0000] {processor.py:183} INFO - Processing /home/airflow/.local/lib/python3.8/site-packages/airflow/example_dags/example_python_decorator.py took 0.154 seconds
[2025-07-08T10:24:14.348+0000] {processor.py:161} INFO - Started process (PID=10100) to work on /home/airflow/.local/lib/python3.8/site-packages/airflow/example_dags/example_python_decorator.py
[2025-07-08T10:24:14.350+0000] {processor.py:830} INFO - Processing file /home/airflow/.local/lib/python3.8/site-packages/airflow/example_dags/example_python_decorator.py for tasks to queue
[2025-07-08T10:24:14.353+0000] {logging_mixin.py:188} INFO - [2025-07-08T10:24:14.353+0000] {dagbag.py:538} INFO - Filling up the DagBag from /home/airflow/.local/lib/python3.8/site-packages/airflow/example_dags/example_python_decorator.py
[2025-07-08T10:24:14.399+0000] {processor.py:840} INFO - DAG(s) 'example_python_decorator' retrieved from /home/airflow/.local/lib/python3.8/site-packages/airflow/example_dags/example_python_decorator.py
[2025-07-08T10:24:14.475+0000] {logging_mixin.py:188} INFO - [2025-07-08T10:24:14.474+0000] {dag.py:3036} INFO - Sync 1 DAGs
[2025-07-08T10:24:14.515+0000] {logging_mixin.py:188} INFO - [2025-07-08T10:24:14.515+0000] {dag.py:3823} INFO - Setting next_dagrun for example_python_decorator to None, run_after=None
[2025-07-08T10:24:14.573+0000] {processor.py:183} INFO - Processing /home/airflow/.local/lib/python3.8/site-packages/airflow/example_dags/example_python_decorator.py took 0.239 seconds
[2025-07-08T10:24:47.610+0000] {processor.py:161} INFO - Started process (PID=10169) to work on /home/airflow/.local/lib/python3.8/site-packages/airflow/example_dags/example_python_decorator.py
[2025-07-08T10:24:47.616+0000] {processor.py:830} INFO - Processing file /home/airflow/.local/lib/python3.8/site-packages/airflow/example_dags/example_python_decorator.py for tasks to queue
[2025-07-08T10:24:47.620+0000] {logging_mixin.py:188} INFO - [2025-07-08T10:24:47.619+0000] {dagbag.py:538} INFO - Filling up the DagBag from /home/airflow/.local/lib/python3.8/site-packages/airflow/example_dags/example_python_decorator.py
[2025-07-08T10:24:47.674+0000] {processor.py:840} INFO - DAG(s) 'example_python_decorator' retrieved from /home/airflow/.local/lib/python3.8/site-packages/airflow/example_dags/example_python_decorator.py
[2025-07-08T10:24:47.761+0000] {logging_mixin.py:188} INFO - [2025-07-08T10:24:47.761+0000] {dag.py:3036} INFO - Sync 1 DAGs
[2025-07-08T10:24:47.816+0000] {logging_mixin.py:188} INFO - [2025-07-08T10:24:47.815+0000] {dag.py:3823} INFO - Setting next_dagrun for example_python_decorator to None, run_after=None
[2025-07-08T10:24:47.900+0000] {processor.py:183} INFO - Processing /home/airflow/.local/lib/python3.8/site-packages/airflow/example_dags/example_python_decorator.py took 0.298 seconds
[2025-07-08T10:25:20.612+0000] {processor.py:161} INFO - Started process (PID=10236) to work on /home/airflow/.local/lib/python3.8/site-packages/airflow/example_dags/example_python_decorator.py
[2025-07-08T10:25:20.613+0000] {processor.py:830} INFO - Processing file /home/airflow/.local/lib/python3.8/site-packages/airflow/example_dags/example_python_decorator.py for tasks to queue
[2025-07-08T10:25:20.645+0000] {logging_mixin.py:188} INFO - [2025-07-08T10:25:20.644+0000] {dagbag.py:538} INFO - Filling up the DagBag from /home/airflow/.local/lib/python3.8/site-packages/airflow/example_dags/example_python_decorator.py
[2025-07-08T10:25:20.901+0000] {processor.py:840} INFO - DAG(s) 'example_python_decorator' retrieved from /home/airflow/.local/lib/python3.8/site-packages/airflow/example_dags/example_python_decorator.py
[2025-07-08T10:25:21.029+0000] {logging_mixin.py:188} INFO - [2025-07-08T10:25:21.029+0000] {dag.py:3036} INFO - Sync 1 DAGs
[2025-07-08T10:25:21.088+0000] {logging_mixin.py:188} INFO - [2025-07-08T10:25:21.087+0000] {dag.py:3823} INFO - Setting next_dagrun for example_python_decorator to None, run_after=None
[2025-07-08T10:25:21.208+0000] {processor.py:183} INFO - Processing /home/airflow/.local/lib/python3.8/site-packages/airflow/example_dags/example_python_decorator.py took 0.626 seconds
[2025-07-08T10:25:51.367+0000] {processor.py:161} INFO - Started process (PID=10294) to work on /home/airflow/.local/lib/python3.8/site-packages/airflow/example_dags/example_python_decorator.py
[2025-07-08T10:25:51.370+0000] {processor.py:830} INFO - Processing file /home/airflow/.local/lib/python3.8/site-packages/airflow/example_dags/example_python_decorator.py for tasks to queue
[2025-07-08T10:25:51.373+0000] {logging_mixin.py:188} INFO - [2025-07-08T10:25:51.372+0000] {dagbag.py:538} INFO - Filling up the DagBag from /home/airflow/.local/lib/python3.8/site-packages/airflow/example_dags/example_python_decorator.py
[2025-07-08T10:25:51.436+0000] {processor.py:840} INFO - DAG(s) 'example_python_decorator' retrieved from /home/airflow/.local/lib/python3.8/site-packages/airflow/example_dags/example_python_decorator.py
[2025-07-08T10:25:51.707+0000] {logging_mixin.py:188} INFO - [2025-07-08T10:25:51.702+0000] {dag.py:3036} INFO - Sync 1 DAGs
[2025-07-08T10:25:51.753+0000] {logging_mixin.py:188} INFO - [2025-07-08T10:25:51.753+0000] {dag.py:3823} INFO - Setting next_dagrun for example_python_decorator to None, run_after=None
[2025-07-08T10:25:51.832+0000] {processor.py:183} INFO - Processing /home/airflow/.local/lib/python3.8/site-packages/airflow/example_dags/example_python_decorator.py took 0.471 seconds
[2025-07-08T10:26:22.175+0000] {processor.py:161} INFO - Started process (PID=10361) to work on /home/airflow/.local/lib/python3.8/site-packages/airflow/example_dags/example_python_decorator.py
[2025-07-08T10:26:22.189+0000] {processor.py:830} INFO - Processing file /home/airflow/.local/lib/python3.8/site-packages/airflow/example_dags/example_python_decorator.py for tasks to queue
[2025-07-08T10:26:22.192+0000] {logging_mixin.py:188} INFO - [2025-07-08T10:26:22.191+0000] {dagbag.py:538} INFO - Filling up the DagBag from /home/airflow/.local/lib/python3.8/site-packages/airflow/example_dags/example_python_decorator.py
[2025-07-08T10:26:22.256+0000] {processor.py:840} INFO - DAG(s) 'example_python_decorator' retrieved from /home/airflow/.local/lib/python3.8/site-packages/airflow/example_dags/example_python_decorator.py
[2025-07-08T10:26:22.358+0000] {logging_mixin.py:188} INFO - [2025-07-08T10:26:22.357+0000] {dag.py:3036} INFO - Sync 1 DAGs
[2025-07-08T10:26:22.416+0000] {logging_mixin.py:188} INFO - [2025-07-08T10:26:22.416+0000] {dag.py:3823} INFO - Setting next_dagrun for example_python_decorator to None, run_after=None
[2025-07-08T10:26:22.511+0000] {processor.py:183} INFO - Processing /home/airflow/.local/lib/python3.8/site-packages/airflow/example_dags/example_python_decorator.py took 0.350 seconds
[2025-07-08T10:26:52.898+0000] {processor.py:161} INFO - Started process (PID=10429) to work on /home/airflow/.local/lib/python3.8/site-packages/airflow/example_dags/example_python_decorator.py
[2025-07-08T10:26:52.908+0000] {processor.py:830} INFO - Processing file /home/airflow/.local/lib/python3.8/site-packages/airflow/example_dags/example_python_decorator.py for tasks to queue
[2025-07-08T10:26:52.911+0000] {logging_mixin.py:188} INFO - [2025-07-08T10:26:52.910+0000] {dagbag.py:538} INFO - Filling up the DagBag from /home/airflow/.local/lib/python3.8/site-packages/airflow/example_dags/example_python_decorator.py
[2025-07-08T10:26:52.968+0000] {processor.py:840} INFO - DAG(s) 'example_python_decorator' retrieved from /home/airflow/.local/lib/python3.8/site-packages/airflow/example_dags/example_python_decorator.py
[2025-07-08T10:26:53.057+0000] {logging_mixin.py:188} INFO - [2025-07-08T10:26:53.057+0000] {dag.py:3036} INFO - Sync 1 DAGs
[2025-07-08T10:26:53.120+0000] {logging_mixin.py:188} INFO - [2025-07-08T10:26:53.120+0000] {dag.py:3823} INFO - Setting next_dagrun for example_python_decorator to None, run_after=None
[2025-07-08T10:26:53.169+0000] {processor.py:183} INFO - Processing /home/airflow/.local/lib/python3.8/site-packages/airflow/example_dags/example_python_decorator.py took 0.300 seconds
[2025-07-08T10:27:23.512+0000] {processor.py:161} INFO - Started process (PID=10489) to work on /home/airflow/.local/lib/python3.8/site-packages/airflow/example_dags/example_python_decorator.py
[2025-07-08T10:27:23.514+0000] {processor.py:830} INFO - Processing file /home/airflow/.local/lib/python3.8/site-packages/airflow/example_dags/example_python_decorator.py for tasks to queue
[2025-07-08T10:27:23.535+0000] {logging_mixin.py:188} INFO - [2025-07-08T10:27:23.535+0000] {dagbag.py:538} INFO - Filling up the DagBag from /home/airflow/.local/lib/python3.8/site-packages/airflow/example_dags/example_python_decorator.py
[2025-07-08T10:27:23.603+0000] {processor.py:840} INFO - DAG(s) 'example_python_decorator' retrieved from /home/airflow/.local/lib/python3.8/site-packages/airflow/example_dags/example_python_decorator.py
[2025-07-08T10:27:23.712+0000] {logging_mixin.py:188} INFO - [2025-07-08T10:27:23.712+0000] {dag.py:3036} INFO - Sync 1 DAGs
[2025-07-08T10:27:23.802+0000] {logging_mixin.py:188} INFO - [2025-07-08T10:27:23.801+0000] {dag.py:3823} INFO - Setting next_dagrun for example_python_decorator to None, run_after=None
[2025-07-08T10:27:23.906+0000] {processor.py:183} INFO - Processing /home/airflow/.local/lib/python3.8/site-packages/airflow/example_dags/example_python_decorator.py took 0.413 seconds
[2025-07-08T10:27:54.026+0000] {processor.py:161} INFO - Started process (PID=10557) to work on /home/airflow/.local/lib/python3.8/site-packages/airflow/example_dags/example_python_decorator.py
[2025-07-08T10:27:54.036+0000] {processor.py:830} INFO - Processing file /home/airflow/.local/lib/python3.8/site-packages/airflow/example_dags/example_python_decorator.py for tasks to queue
[2025-07-08T10:27:54.041+0000] {logging_mixin.py:188} INFO - [2025-07-08T10:27:54.041+0000] {dagbag.py:538} INFO - Filling up the DagBag from /home/airflow/.local/lib/python3.8/site-packages/airflow/example_dags/example_python_decorator.py
[2025-07-08T10:27:54.086+0000] {processor.py:840} INFO - DAG(s) 'example_python_decorator' retrieved from /home/airflow/.local/lib/python3.8/site-packages/airflow/example_dags/example_python_decorator.py
[2025-07-08T10:27:54.202+0000] {logging_mixin.py:188} INFO - [2025-07-08T10:27:54.202+0000] {dag.py:3036} INFO - Sync 1 DAGs
[2025-07-08T10:27:54.249+0000] {logging_mixin.py:188} INFO - [2025-07-08T10:27:54.248+0000] {dag.py:3823} INFO - Setting next_dagrun for example_python_decorator to None, run_after=None
[2025-07-08T10:27:54.324+0000] {processor.py:183} INFO - Processing /home/airflow/.local/lib/python3.8/site-packages/airflow/example_dags/example_python_decorator.py took 0.303 seconds
[2025-07-08T10:28:25.039+0000] {processor.py:161} INFO - Started process (PID=10625) to work on /home/airflow/.local/lib/python3.8/site-packages/airflow/example_dags/example_python_decorator.py
[2025-07-08T10:28:25.043+0000] {processor.py:830} INFO - Processing file /home/airflow/.local/lib/python3.8/site-packages/airflow/example_dags/example_python_decorator.py for tasks to queue
[2025-07-08T10:28:25.047+0000] {logging_mixin.py:188} INFO - [2025-07-08T10:28:25.046+0000] {dagbag.py:538} INFO - Filling up the DagBag from /home/airflow/.local/lib/python3.8/site-packages/airflow/example_dags/example_python_decorator.py
[2025-07-08T10:28:25.090+0000] {processor.py:840} INFO - DAG(s) 'example_python_decorator' retrieved from /home/airflow/.local/lib/python3.8/site-packages/airflow/example_dags/example_python_decorator.py
[2025-07-08T10:28:25.298+0000] {logging_mixin.py:188} INFO - [2025-07-08T10:28:25.298+0000] {dag.py:3036} INFO - Sync 1 DAGs
[2025-07-08T10:28:25.397+0000] {logging_mixin.py:188} INFO - [2025-07-08T10:28:25.397+0000] {dag.py:3823} INFO - Setting next_dagrun for example_python_decorator to None, run_after=None
[2025-07-08T10:28:25.490+0000] {processor.py:183} INFO - Processing /home/airflow/.local/lib/python3.8/site-packages/airflow/example_dags/example_python_decorator.py took 0.488 seconds
[2025-07-08T10:28:56.149+0000] {processor.py:161} INFO - Started process (PID=10686) to work on /home/airflow/.local/lib/python3.8/site-packages/airflow/example_dags/example_python_decorator.py
[2025-07-08T10:28:56.152+0000] {processor.py:830} INFO - Processing file /home/airflow/.local/lib/python3.8/site-packages/airflow/example_dags/example_python_decorator.py for tasks to queue
[2025-07-08T10:28:56.157+0000] {logging_mixin.py:188} INFO - [2025-07-08T10:28:56.156+0000] {dagbag.py:538} INFO - Filling up the DagBag from /home/airflow/.local/lib/python3.8/site-packages/airflow/example_dags/example_python_decorator.py
[2025-07-08T10:28:56.185+0000] {processor.py:840} INFO - DAG(s) 'example_python_decorator' retrieved from /home/airflow/.local/lib/python3.8/site-packages/airflow/example_dags/example_python_decorator.py
[2025-07-08T10:28:56.230+0000] {logging_mixin.py:188} INFO - [2025-07-08T10:28:56.230+0000] {dag.py:3036} INFO - Sync 1 DAGs
[2025-07-08T10:28:56.256+0000] {logging_mixin.py:188} INFO - [2025-07-08T10:28:56.256+0000] {dag.py:3823} INFO - Setting next_dagrun for example_python_decorator to None, run_after=None
[2025-07-08T10:28:56.297+0000] {processor.py:183} INFO - Processing /home/airflow/.local/lib/python3.8/site-packages/airflow/example_dags/example_python_decorator.py took 0.160 seconds
[2025-07-08T10:29:27.235+0000] {processor.py:161} INFO - Started process (PID=10752) to work on /home/airflow/.local/lib/python3.8/site-packages/airflow/example_dags/example_python_decorator.py
[2025-07-08T10:29:27.240+0000] {processor.py:830} INFO - Processing file /home/airflow/.local/lib/python3.8/site-packages/airflow/example_dags/example_python_decorator.py for tasks to queue
[2025-07-08T10:29:27.243+0000] {logging_mixin.py:188} INFO - [2025-07-08T10:29:27.243+0000] {dagbag.py:538} INFO - Filling up the DagBag from /home/airflow/.local/lib/python3.8/site-packages/airflow/example_dags/example_python_decorator.py
[2025-07-08T10:29:27.333+0000] {processor.py:840} INFO - DAG(s) 'example_python_decorator' retrieved from /home/airflow/.local/lib/python3.8/site-packages/airflow/example_dags/example_python_decorator.py
[2025-07-08T10:29:27.485+0000] {logging_mixin.py:188} INFO - [2025-07-08T10:29:27.485+0000] {dag.py:3036} INFO - Sync 1 DAGs
[2025-07-08T10:29:27.597+0000] {logging_mixin.py:188} INFO - [2025-07-08T10:29:27.596+0000] {dag.py:3823} INFO - Setting next_dagrun for example_python_decorator to None, run_after=None
[2025-07-08T10:29:27.739+0000] {processor.py:183} INFO - Processing /home/airflow/.local/lib/python3.8/site-packages/airflow/example_dags/example_python_decorator.py took 0.518 seconds
[2025-07-08T10:29:57.862+0000] {processor.py:161} INFO - Started process (PID=10812) to work on /home/airflow/.local/lib/python3.8/site-packages/airflow/example_dags/example_python_decorator.py
[2025-07-08T10:29:57.864+0000] {processor.py:830} INFO - Processing file /home/airflow/.local/lib/python3.8/site-packages/airflow/example_dags/example_python_decorator.py for tasks to queue
[2025-07-08T10:29:57.868+0000] {logging_mixin.py:188} INFO - [2025-07-08T10:29:57.867+0000] {dagbag.py:538} INFO - Filling up the DagBag from /home/airflow/.local/lib/python3.8/site-packages/airflow/example_dags/example_python_decorator.py
[2025-07-08T10:29:57.892+0000] {processor.py:840} INFO - DAG(s) 'example_python_decorator' retrieved from /home/airflow/.local/lib/python3.8/site-packages/airflow/example_dags/example_python_decorator.py
[2025-07-08T10:29:57.930+0000] {logging_mixin.py:188} INFO - [2025-07-08T10:29:57.929+0000] {dag.py:3036} INFO - Sync 1 DAGs
[2025-07-08T10:29:57.951+0000] {logging_mixin.py:188} INFO - [2025-07-08T10:29:57.951+0000] {dag.py:3823} INFO - Setting next_dagrun for example_python_decorator to None, run_after=None
[2025-07-08T10:29:57.982+0000] {processor.py:183} INFO - Processing /home/airflow/.local/lib/python3.8/site-packages/airflow/example_dags/example_python_decorator.py took 0.127 seconds
[2025-07-08T10:30:28.830+0000] {processor.py:161} INFO - Started process (PID=10879) to work on /home/airflow/.local/lib/python3.8/site-packages/airflow/example_dags/example_python_decorator.py
[2025-07-08T10:30:28.832+0000] {processor.py:830} INFO - Processing file /home/airflow/.local/lib/python3.8/site-packages/airflow/example_dags/example_python_decorator.py for tasks to queue
[2025-07-08T10:30:28.835+0000] {logging_mixin.py:188} INFO - [2025-07-08T10:30:28.835+0000] {dagbag.py:538} INFO - Filling up the DagBag from /home/airflow/.local/lib/python3.8/site-packages/airflow/example_dags/example_python_decorator.py
[2025-07-08T10:30:28.986+0000] {processor.py:840} INFO - DAG(s) 'example_python_decorator' retrieved from /home/airflow/.local/lib/python3.8/site-packages/airflow/example_dags/example_python_decorator.py
[2025-07-08T10:30:29.165+0000] {logging_mixin.py:188} INFO - [2025-07-08T10:30:29.165+0000] {dag.py:3036} INFO - Sync 1 DAGs
[2025-07-08T10:30:29.324+0000] {logging_mixin.py:188} INFO - [2025-07-08T10:30:29.303+0000] {dag.py:3823} INFO - Setting next_dagrun for example_python_decorator to None, run_after=None
[2025-07-08T10:30:29.497+0000] {processor.py:183} INFO - Processing /home/airflow/.local/lib/python3.8/site-packages/airflow/example_dags/example_python_decorator.py took 0.705 seconds
[2025-07-08T10:30:59.583+0000] {processor.py:161} INFO - Started process (PID=10939) to work on /home/airflow/.local/lib/python3.8/site-packages/airflow/example_dags/example_python_decorator.py
[2025-07-08T10:30:59.585+0000] {processor.py:830} INFO - Processing file /home/airflow/.local/lib/python3.8/site-packages/airflow/example_dags/example_python_decorator.py for tasks to queue
[2025-07-08T10:30:59.588+0000] {logging_mixin.py:188} INFO - [2025-07-08T10:30:59.587+0000] {dagbag.py:538} INFO - Filling up the DagBag from /home/airflow/.local/lib/python3.8/site-packages/airflow/example_dags/example_python_decorator.py
[2025-07-08T10:30:59.609+0000] {processor.py:840} INFO - DAG(s) 'example_python_decorator' retrieved from /home/airflow/.local/lib/python3.8/site-packages/airflow/example_dags/example_python_decorator.py
[2025-07-08T10:30:59.647+0000] {logging_mixin.py:188} INFO - [2025-07-08T10:30:59.647+0000] {dag.py:3036} INFO - Sync 1 DAGs
[2025-07-08T10:30:59.671+0000] {logging_mixin.py:188} INFO - [2025-07-08T10:30:59.671+0000] {dag.py:3823} INFO - Setting next_dagrun for example_python_decorator to None, run_after=None
[2025-07-08T10:30:59.699+0000] {processor.py:183} INFO - Processing /home/airflow/.local/lib/python3.8/site-packages/airflow/example_dags/example_python_decorator.py took 0.120 seconds
[2025-07-08T10:31:30.565+0000] {processor.py:161} INFO - Started process (PID=11008) to work on /home/airflow/.local/lib/python3.8/site-packages/airflow/example_dags/example_python_decorator.py
[2025-07-08T10:31:30.567+0000] {processor.py:830} INFO - Processing file /home/airflow/.local/lib/python3.8/site-packages/airflow/example_dags/example_python_decorator.py for tasks to queue
[2025-07-08T10:31:30.570+0000] {logging_mixin.py:188} INFO - [2025-07-08T10:31:30.570+0000] {dagbag.py:538} INFO - Filling up the DagBag from /home/airflow/.local/lib/python3.8/site-packages/airflow/example_dags/example_python_decorator.py
[2025-07-08T10:31:30.596+0000] {processor.py:840} INFO - DAG(s) 'example_python_decorator' retrieved from /home/airflow/.local/lib/python3.8/site-packages/airflow/example_dags/example_python_decorator.py
[2025-07-08T10:31:30.646+0000] {logging_mixin.py:188} INFO - [2025-07-08T10:31:30.645+0000] {dag.py:3036} INFO - Sync 1 DAGs
[2025-07-08T10:31:30.702+0000] {logging_mixin.py:188} INFO - [2025-07-08T10:31:30.702+0000] {dag.py:3823} INFO - Setting next_dagrun for example_python_decorator to None, run_after=None
[2025-07-08T10:31:30.738+0000] {processor.py:183} INFO - Processing /home/airflow/.local/lib/python3.8/site-packages/airflow/example_dags/example_python_decorator.py took 0.179 seconds
[2025-07-08T10:32:01.230+0000] {processor.py:161} INFO - Started process (PID=11075) to work on /home/airflow/.local/lib/python3.8/site-packages/airflow/example_dags/example_python_decorator.py
[2025-07-08T10:32:01.233+0000] {processor.py:830} INFO - Processing file /home/airflow/.local/lib/python3.8/site-packages/airflow/example_dags/example_python_decorator.py for tasks to queue
[2025-07-08T10:32:01.236+0000] {logging_mixin.py:188} INFO - [2025-07-08T10:32:01.235+0000] {dagbag.py:538} INFO - Filling up the DagBag from /home/airflow/.local/lib/python3.8/site-packages/airflow/example_dags/example_python_decorator.py
[2025-07-08T10:32:01.266+0000] {processor.py:840} INFO - DAG(s) 'example_python_decorator' retrieved from /home/airflow/.local/lib/python3.8/site-packages/airflow/example_dags/example_python_decorator.py
[2025-07-08T10:32:01.313+0000] {logging_mixin.py:188} INFO - [2025-07-08T10:32:01.312+0000] {dag.py:3036} INFO - Sync 1 DAGs
[2025-07-08T10:32:01.340+0000] {logging_mixin.py:188} INFO - [2025-07-08T10:32:01.340+0000] {dag.py:3823} INFO - Setting next_dagrun for example_python_decorator to None, run_after=None
[2025-07-08T10:32:01.382+0000] {processor.py:183} INFO - Processing /home/airflow/.local/lib/python3.8/site-packages/airflow/example_dags/example_python_decorator.py took 0.158 seconds
[2025-07-08T10:32:31.689+0000] {processor.py:161} INFO - Started process (PID=11142) to work on /home/airflow/.local/lib/python3.8/site-packages/airflow/example_dags/example_python_decorator.py
[2025-07-08T10:32:31.697+0000] {processor.py:830} INFO - Processing file /home/airflow/.local/lib/python3.8/site-packages/airflow/example_dags/example_python_decorator.py for tasks to queue
[2025-07-08T10:32:31.698+0000] {logging_mixin.py:188} INFO - [2025-07-08T10:32:31.698+0000] {dagbag.py:538} INFO - Filling up the DagBag from /home/airflow/.local/lib/python3.8/site-packages/airflow/example_dags/example_python_decorator.py
[2025-07-08T10:32:31.755+0000] {processor.py:840} INFO - DAG(s) 'example_python_decorator' retrieved from /home/airflow/.local/lib/python3.8/site-packages/airflow/example_dags/example_python_decorator.py
[2025-07-08T10:32:31.808+0000] {logging_mixin.py:188} INFO - [2025-07-08T10:32:31.808+0000] {dag.py:3036} INFO - Sync 1 DAGs
[2025-07-08T10:32:31.838+0000] {logging_mixin.py:188} INFO - [2025-07-08T10:32:31.838+0000] {dag.py:3823} INFO - Setting next_dagrun for example_python_decorator to None, run_after=None
[2025-07-08T10:32:31.878+0000] {processor.py:183} INFO - Processing /home/airflow/.local/lib/python3.8/site-packages/airflow/example_dags/example_python_decorator.py took 0.197 seconds
[2025-07-08T10:33:02.290+0000] {processor.py:161} INFO - Started process (PID=11203) to work on /home/airflow/.local/lib/python3.8/site-packages/airflow/example_dags/example_python_decorator.py
[2025-07-08T10:33:02.292+0000] {processor.py:830} INFO - Processing file /home/airflow/.local/lib/python3.8/site-packages/airflow/example_dags/example_python_decorator.py for tasks to queue
[2025-07-08T10:33:02.294+0000] {logging_mixin.py:188} INFO - [2025-07-08T10:33:02.293+0000] {dagbag.py:538} INFO - Filling up the DagBag from /home/airflow/.local/lib/python3.8/site-packages/airflow/example_dags/example_python_decorator.py
[2025-07-08T10:33:02.321+0000] {processor.py:840} INFO - DAG(s) 'example_python_decorator' retrieved from /home/airflow/.local/lib/python3.8/site-packages/airflow/example_dags/example_python_decorator.py
[2025-07-08T10:33:02.369+0000] {logging_mixin.py:188} INFO - [2025-07-08T10:33:02.369+0000] {dag.py:3036} INFO - Sync 1 DAGs
[2025-07-08T10:33:02.407+0000] {logging_mixin.py:188} INFO - [2025-07-08T10:33:02.406+0000] {dag.py:3823} INFO - Setting next_dagrun for example_python_decorator to None, run_after=None
[2025-07-08T10:33:02.460+0000] {processor.py:183} INFO - Processing /home/airflow/.local/lib/python3.8/site-packages/airflow/example_dags/example_python_decorator.py took 0.177 seconds
[2025-07-08T10:33:33.717+0000] {processor.py:161} INFO - Started process (PID=11278) to work on /home/airflow/.local/lib/python3.8/site-packages/airflow/example_dags/example_python_decorator.py
[2025-07-08T10:33:33.719+0000] {processor.py:830} INFO - Processing file /home/airflow/.local/lib/python3.8/site-packages/airflow/example_dags/example_python_decorator.py for tasks to queue
[2025-07-08T10:33:33.721+0000] {logging_mixin.py:188} INFO - [2025-07-08T10:33:33.721+0000] {dagbag.py:538} INFO - Filling up the DagBag from /home/airflow/.local/lib/python3.8/site-packages/airflow/example_dags/example_python_decorator.py
[2025-07-08T10:33:33.789+0000] {processor.py:840} INFO - DAG(s) 'example_python_decorator' retrieved from /home/airflow/.local/lib/python3.8/site-packages/airflow/example_dags/example_python_decorator.py
[2025-07-08T10:33:33.877+0000] {logging_mixin.py:188} INFO - [2025-07-08T10:33:33.877+0000] {dag.py:3036} INFO - Sync 1 DAGs
[2025-07-08T10:33:33.940+0000] {logging_mixin.py:188} INFO - [2025-07-08T10:33:33.939+0000] {dag.py:3823} INFO - Setting next_dagrun for example_python_decorator to None, run_after=None
[2025-07-08T10:33:34.014+0000] {processor.py:183} INFO - Processing /home/airflow/.local/lib/python3.8/site-packages/airflow/example_dags/example_python_decorator.py took 0.320 seconds
[2025-07-08T10:34:05.795+0000] {processor.py:161} INFO - Started process (PID=11339) to work on /home/airflow/.local/lib/python3.8/site-packages/airflow/example_dags/example_python_decorator.py
[2025-07-08T10:34:05.797+0000] {processor.py:830} INFO - Processing file /home/airflow/.local/lib/python3.8/site-packages/airflow/example_dags/example_python_decorator.py for tasks to queue
[2025-07-08T10:34:05.799+0000] {logging_mixin.py:188} INFO - [2025-07-08T10:34:05.798+0000] {dagbag.py:538} INFO - Filling up the DagBag from /home/airflow/.local/lib/python3.8/site-packages/airflow/example_dags/example_python_decorator.py
[2025-07-08T10:34:05.886+0000] {processor.py:840} INFO - DAG(s) 'example_python_decorator' retrieved from /home/airflow/.local/lib/python3.8/site-packages/airflow/example_dags/example_python_decorator.py
[2025-07-08T10:34:06.013+0000] {logging_mixin.py:188} INFO - [2025-07-08T10:34:06.013+0000] {dag.py:3036} INFO - Sync 1 DAGs
[2025-07-08T10:34:06.087+0000] {logging_mixin.py:188} INFO - [2025-07-08T10:34:06.087+0000] {dag.py:3823} INFO - Setting next_dagrun for example_python_decorator to None, run_after=None
[2025-07-08T10:34:06.213+0000] {processor.py:183} INFO - Processing /home/airflow/.local/lib/python3.8/site-packages/airflow/example_dags/example_python_decorator.py took 0.429 seconds
[2025-07-08T10:34:38.701+0000] {processor.py:161} INFO - Started process (PID=11409) to work on /home/airflow/.local/lib/python3.8/site-packages/airflow/example_dags/example_python_decorator.py
[2025-07-08T10:34:38.735+0000] {processor.py:830} INFO - Processing file /home/airflow/.local/lib/python3.8/site-packages/airflow/example_dags/example_python_decorator.py for tasks to queue
[2025-07-08T10:34:38.737+0000] {logging_mixin.py:188} INFO - [2025-07-08T10:34:38.737+0000] {dagbag.py:538} INFO - Filling up the DagBag from /home/airflow/.local/lib/python3.8/site-packages/airflow/example_dags/example_python_decorator.py
[2025-07-08T10:34:38.873+0000] {processor.py:840} INFO - DAG(s) 'example_python_decorator' retrieved from /home/airflow/.local/lib/python3.8/site-packages/airflow/example_dags/example_python_decorator.py
[2025-07-08T10:34:39.065+0000] {logging_mixin.py:188} INFO - [2025-07-08T10:34:39.065+0000] {dag.py:3036} INFO - Sync 1 DAGs
[2025-07-08T10:34:39.150+0000] {logging_mixin.py:188} INFO - [2025-07-08T10:34:39.139+0000] {dag.py:3823} INFO - Setting next_dagrun for example_python_decorator to None, run_after=None
[2025-07-08T10:34:39.277+0000] {processor.py:183} INFO - Processing /home/airflow/.local/lib/python3.8/site-packages/airflow/example_dags/example_python_decorator.py took 0.596 seconds
[2025-07-08T10:35:10.131+0000] {processor.py:161} INFO - Started process (PID=11478) to work on /home/airflow/.local/lib/python3.8/site-packages/airflow/example_dags/example_python_decorator.py
[2025-07-08T10:35:10.144+0000] {processor.py:830} INFO - Processing file /home/airflow/.local/lib/python3.8/site-packages/airflow/example_dags/example_python_decorator.py for tasks to queue
[2025-07-08T10:35:10.146+0000] {logging_mixin.py:188} INFO - [2025-07-08T10:35:10.145+0000] {dagbag.py:538} INFO - Filling up the DagBag from /home/airflow/.local/lib/python3.8/site-packages/airflow/example_dags/example_python_decorator.py
[2025-07-08T10:35:10.191+0000] {processor.py:840} INFO - DAG(s) 'example_python_decorator' retrieved from /home/airflow/.local/lib/python3.8/site-packages/airflow/example_dags/example_python_decorator.py
[2025-07-08T10:35:10.268+0000] {logging_mixin.py:188} INFO - [2025-07-08T10:35:10.268+0000] {dag.py:3036} INFO - Sync 1 DAGs
[2025-07-08T10:35:10.293+0000] {logging_mixin.py:188} INFO - [2025-07-08T10:35:10.293+0000] {dag.py:3823} INFO - Setting next_dagrun for example_python_decorator to None, run_after=None
[2025-07-08T10:35:10.365+0000] {processor.py:183} INFO - Processing /home/airflow/.local/lib/python3.8/site-packages/airflow/example_dags/example_python_decorator.py took 0.248 seconds
[2025-07-08T10:35:40.875+0000] {processor.py:161} INFO - Started process (PID=11539) to work on /home/airflow/.local/lib/python3.8/site-packages/airflow/example_dags/example_python_decorator.py
[2025-07-08T10:35:40.885+0000] {processor.py:830} INFO - Processing file /home/airflow/.local/lib/python3.8/site-packages/airflow/example_dags/example_python_decorator.py for tasks to queue
[2025-07-08T10:35:40.887+0000] {logging_mixin.py:188} INFO - [2025-07-08T10:35:40.886+0000] {dagbag.py:538} INFO - Filling up the DagBag from /home/airflow/.local/lib/python3.8/site-packages/airflow/example_dags/example_python_decorator.py
[2025-07-08T10:35:40.941+0000] {processor.py:840} INFO - DAG(s) 'example_python_decorator' retrieved from /home/airflow/.local/lib/python3.8/site-packages/airflow/example_dags/example_python_decorator.py
[2025-07-08T10:35:41.054+0000] {logging_mixin.py:188} INFO - [2025-07-08T10:35:41.054+0000] {dag.py:3036} INFO - Sync 1 DAGs
[2025-07-08T10:35:41.112+0000] {logging_mixin.py:188} INFO - [2025-07-08T10:35:41.111+0000] {dag.py:3823} INFO - Setting next_dagrun for example_python_decorator to None, run_after=None
[2025-07-08T10:35:41.204+0000] {processor.py:183} INFO - Processing /home/airflow/.local/lib/python3.8/site-packages/airflow/example_dags/example_python_decorator.py took 0.336 seconds
[2025-07-08T10:36:11.734+0000] {processor.py:161} INFO - Started process (PID=11607) to work on /home/airflow/.local/lib/python3.8/site-packages/airflow/example_dags/example_python_decorator.py
[2025-07-08T10:36:11.744+0000] {processor.py:830} INFO - Processing file /home/airflow/.local/lib/python3.8/site-packages/airflow/example_dags/example_python_decorator.py for tasks to queue
[2025-07-08T10:36:11.746+0000] {logging_mixin.py:188} INFO - [2025-07-08T10:36:11.745+0000] {dagbag.py:538} INFO - Filling up the DagBag from /home/airflow/.local/lib/python3.8/site-packages/airflow/example_dags/example_python_decorator.py
[2025-07-08T10:36:11.883+0000] {processor.py:840} INFO - DAG(s) 'example_python_decorator' retrieved from /home/airflow/.local/lib/python3.8/site-packages/airflow/example_dags/example_python_decorator.py
[2025-07-08T10:36:11.965+0000] {logging_mixin.py:188} INFO - [2025-07-08T10:36:11.965+0000] {dag.py:3036} INFO - Sync 1 DAGs
[2025-07-08T10:36:11.991+0000] {logging_mixin.py:188} INFO - [2025-07-08T10:36:11.991+0000] {dag.py:3823} INFO - Setting next_dagrun for example_python_decorator to None, run_after=None
[2025-07-08T10:36:12.079+0000] {processor.py:183} INFO - Processing /home/airflow/.local/lib/python3.8/site-packages/airflow/example_dags/example_python_decorator.py took 0.397 seconds
[2025-07-08T10:36:42.891+0000] {processor.py:161} INFO - Started process (PID=11668) to work on /home/airflow/.local/lib/python3.8/site-packages/airflow/example_dags/example_python_decorator.py
[2025-07-08T10:36:42.893+0000] {processor.py:830} INFO - Processing file /home/airflow/.local/lib/python3.8/site-packages/airflow/example_dags/example_python_decorator.py for tasks to queue
[2025-07-08T10:36:42.894+0000] {logging_mixin.py:188} INFO - [2025-07-08T10:36:42.894+0000] {dagbag.py:538} INFO - Filling up the DagBag from /home/airflow/.local/lib/python3.8/site-packages/airflow/example_dags/example_python_decorator.py
[2025-07-08T10:36:42.923+0000] {processor.py:840} INFO - DAG(s) 'example_python_decorator' retrieved from /home/airflow/.local/lib/python3.8/site-packages/airflow/example_dags/example_python_decorator.py
[2025-07-08T10:36:42.967+0000] {logging_mixin.py:188} INFO - [2025-07-08T10:36:42.966+0000] {dag.py:3036} INFO - Sync 1 DAGs
[2025-07-08T10:36:42.991+0000] {logging_mixin.py:188} INFO - [2025-07-08T10:36:42.990+0000] {dag.py:3823} INFO - Setting next_dagrun for example_python_decorator to None, run_after=None
[2025-07-08T10:36:43.027+0000] {processor.py:183} INFO - Processing /home/airflow/.local/lib/python3.8/site-packages/airflow/example_dags/example_python_decorator.py took 0.142 seconds
[2025-07-08T10:37:13.474+0000] {processor.py:161} INFO - Started process (PID=11740) to work on /home/airflow/.local/lib/python3.8/site-packages/airflow/example_dags/example_python_decorator.py
[2025-07-08T10:37:13.484+0000] {processor.py:830} INFO - Processing file /home/airflow/.local/lib/python3.8/site-packages/airflow/example_dags/example_python_decorator.py for tasks to queue
[2025-07-08T10:37:13.486+0000] {logging_mixin.py:188} INFO - [2025-07-08T10:37:13.486+0000] {dagbag.py:538} INFO - Filling up the DagBag from /home/airflow/.local/lib/python3.8/site-packages/airflow/example_dags/example_python_decorator.py
[2025-07-08T10:37:13.548+0000] {processor.py:840} INFO - DAG(s) 'example_python_decorator' retrieved from /home/airflow/.local/lib/python3.8/site-packages/airflow/example_dags/example_python_decorator.py
[2025-07-08T10:37:13.638+0000] {logging_mixin.py:188} INFO - [2025-07-08T10:37:13.638+0000] {dag.py:3036} INFO - Sync 1 DAGs
[2025-07-08T10:37:13.707+0000] {logging_mixin.py:188} INFO - [2025-07-08T10:37:13.707+0000] {dag.py:3823} INFO - Setting next_dagrun for example_python_decorator to None, run_after=None
[2025-07-08T10:37:13.782+0000] {processor.py:183} INFO - Processing /home/airflow/.local/lib/python3.8/site-packages/airflow/example_dags/example_python_decorator.py took 0.344 seconds
[2025-07-08T10:37:43.882+0000] {processor.py:161} INFO - Started process (PID=11803) to work on /home/airflow/.local/lib/python3.8/site-packages/airflow/example_dags/example_python_decorator.py
[2025-07-08T10:37:43.884+0000] {processor.py:830} INFO - Processing file /home/airflow/.local/lib/python3.8/site-packages/airflow/example_dags/example_python_decorator.py for tasks to queue
[2025-07-08T10:37:43.886+0000] {logging_mixin.py:188} INFO - [2025-07-08T10:37:43.885+0000] {dagbag.py:538} INFO - Filling up the DagBag from /home/airflow/.local/lib/python3.8/site-packages/airflow/example_dags/example_python_decorator.py
[2025-07-08T10:37:43.925+0000] {processor.py:840} INFO - DAG(s) 'example_python_decorator' retrieved from /home/airflow/.local/lib/python3.8/site-packages/airflow/example_dags/example_python_decorator.py
[2025-07-08T10:37:43.966+0000] {logging_mixin.py:188} INFO - [2025-07-08T10:37:43.965+0000] {dag.py:3036} INFO - Sync 1 DAGs
[2025-07-08T10:37:43.988+0000] {logging_mixin.py:188} INFO - [2025-07-08T10:37:43.988+0000] {dag.py:3823} INFO - Setting next_dagrun for example_python_decorator to None, run_after=None
[2025-07-08T10:37:44.043+0000] {processor.py:183} INFO - Processing /home/airflow/.local/lib/python3.8/site-packages/airflow/example_dags/example_python_decorator.py took 0.174 seconds
[2025-07-08T10:38:15.440+0000] {processor.py:161} INFO - Started process (PID=11873) to work on /home/airflow/.local/lib/python3.8/site-packages/airflow/example_dags/example_python_decorator.py
[2025-07-08T10:38:15.454+0000] {processor.py:830} INFO - Processing file /home/airflow/.local/lib/python3.8/site-packages/airflow/example_dags/example_python_decorator.py for tasks to queue
[2025-07-08T10:38:15.456+0000] {logging_mixin.py:188} INFO - [2025-07-08T10:38:15.455+0000] {dagbag.py:538} INFO - Filling up the DagBag from /home/airflow/.local/lib/python3.8/site-packages/airflow/example_dags/example_python_decorator.py
[2025-07-08T10:38:15.506+0000] {processor.py:840} INFO - DAG(s) 'example_python_decorator' retrieved from /home/airflow/.local/lib/python3.8/site-packages/airflow/example_dags/example_python_decorator.py
[2025-07-08T10:38:15.657+0000] {logging_mixin.py:188} INFO - [2025-07-08T10:38:15.657+0000] {dag.py:3036} INFO - Sync 1 DAGs
[2025-07-08T10:38:15.701+0000] {logging_mixin.py:188} INFO - [2025-07-08T10:38:15.701+0000] {dag.py:3823} INFO - Setting next_dagrun for example_python_decorator to None, run_after=None
[2025-07-08T10:38:15.808+0000] {processor.py:183} INFO - Processing /home/airflow/.local/lib/python3.8/site-packages/airflow/example_dags/example_python_decorator.py took 0.382 seconds
[2025-07-08T10:38:48.461+0000] {processor.py:161} INFO - Started process (PID=11943) to work on /home/airflow/.local/lib/python3.8/site-packages/airflow/example_dags/example_python_decorator.py
[2025-07-08T10:38:48.463+0000] {processor.py:830} INFO - Processing file /home/airflow/.local/lib/python3.8/site-packages/airflow/example_dags/example_python_decorator.py for tasks to queue
[2025-07-08T10:38:48.485+0000] {logging_mixin.py:188} INFO - [2025-07-08T10:38:48.484+0000] {dagbag.py:538} INFO - Filling up the DagBag from /home/airflow/.local/lib/python3.8/site-packages/airflow/example_dags/example_python_decorator.py
[2025-07-08T10:38:48.536+0000] {processor.py:840} INFO - DAG(s) 'example_python_decorator' retrieved from /home/airflow/.local/lib/python3.8/site-packages/airflow/example_dags/example_python_decorator.py
[2025-07-08T10:38:48.599+0000] {logging_mixin.py:188} INFO - [2025-07-08T10:38:48.598+0000] {dag.py:3036} INFO - Sync 1 DAGs
[2025-07-08T10:38:48.633+0000] {logging_mixin.py:188} INFO - [2025-07-08T10:38:48.633+0000] {dag.py:3823} INFO - Setting next_dagrun for example_python_decorator to None, run_after=None
[2025-07-08T10:38:48.734+0000] {processor.py:183} INFO - Processing /home/airflow/.local/lib/python3.8/site-packages/airflow/example_dags/example_python_decorator.py took 0.336 seconds
[2025-07-08T10:39:19.362+0000] {processor.py:161} INFO - Started process (PID=12004) to work on /home/airflow/.local/lib/python3.8/site-packages/airflow/example_dags/example_python_decorator.py
[2025-07-08T10:39:19.372+0000] {processor.py:830} INFO - Processing file /home/airflow/.local/lib/python3.8/site-packages/airflow/example_dags/example_python_decorator.py for tasks to queue
[2025-07-08T10:39:19.374+0000] {logging_mixin.py:188} INFO - [2025-07-08T10:39:19.373+0000] {dagbag.py:538} INFO - Filling up the DagBag from /home/airflow/.local/lib/python3.8/site-packages/airflow/example_dags/example_python_decorator.py
[2025-07-08T10:39:19.429+0000] {processor.py:840} INFO - DAG(s) 'example_python_decorator' retrieved from /home/airflow/.local/lib/python3.8/site-packages/airflow/example_dags/example_python_decorator.py
[2025-07-08T10:39:19.517+0000] {logging_mixin.py:188} INFO - [2025-07-08T10:39:19.516+0000] {dag.py:3036} INFO - Sync 1 DAGs
[2025-07-08T10:39:19.544+0000] {logging_mixin.py:188} INFO - [2025-07-08T10:39:19.543+0000] {dag.py:3823} INFO - Setting next_dagrun for example_python_decorator to None, run_after=None
[2025-07-08T10:39:19.618+0000] {processor.py:183} INFO - Processing /home/airflow/.local/lib/python3.8/site-packages/airflow/example_dags/example_python_decorator.py took 0.272 seconds
[2025-07-08T10:39:50.040+0000] {processor.py:161} INFO - Started process (PID=12071) to work on /home/airflow/.local/lib/python3.8/site-packages/airflow/example_dags/example_python_decorator.py
[2025-07-08T10:39:50.042+0000] {processor.py:830} INFO - Processing file /home/airflow/.local/lib/python3.8/site-packages/airflow/example_dags/example_python_decorator.py for tasks to queue
[2025-07-08T10:39:50.043+0000] {logging_mixin.py:188} INFO - [2025-07-08T10:39:50.043+0000] {dagbag.py:538} INFO - Filling up the DagBag from /home/airflow/.local/lib/python3.8/site-packages/airflow/example_dags/example_python_decorator.py
[2025-07-08T10:39:50.102+0000] {processor.py:840} INFO - DAG(s) 'example_python_decorator' retrieved from /home/airflow/.local/lib/python3.8/site-packages/airflow/example_dags/example_python_decorator.py
[2025-07-08T10:39:50.159+0000] {logging_mixin.py:188} INFO - [2025-07-08T10:39:50.158+0000] {dag.py:3036} INFO - Sync 1 DAGs
[2025-07-08T10:39:50.186+0000] {logging_mixin.py:188} INFO - [2025-07-08T10:39:50.185+0000] {dag.py:3823} INFO - Setting next_dagrun for example_python_decorator to None, run_after=None
[2025-07-08T10:39:50.221+0000] {processor.py:183} INFO - Processing /home/airflow/.local/lib/python3.8/site-packages/airflow/example_dags/example_python_decorator.py took 0.203 seconds
[2025-07-08T10:40:21.446+0000] {processor.py:161} INFO - Started process (PID=12131) to work on /home/airflow/.local/lib/python3.8/site-packages/airflow/example_dags/example_python_decorator.py
[2025-07-08T10:40:21.452+0000] {processor.py:830} INFO - Processing file /home/airflow/.local/lib/python3.8/site-packages/airflow/example_dags/example_python_decorator.py for tasks to queue
[2025-07-08T10:40:21.454+0000] {logging_mixin.py:188} INFO - [2025-07-08T10:40:21.453+0000] {dagbag.py:538} INFO - Filling up the DagBag from /home/airflow/.local/lib/python3.8/site-packages/airflow/example_dags/example_python_decorator.py
[2025-07-08T10:40:21.499+0000] {processor.py:840} INFO - DAG(s) 'example_python_decorator' retrieved from /home/airflow/.local/lib/python3.8/site-packages/airflow/example_dags/example_python_decorator.py
[2025-07-08T10:40:21.589+0000] {logging_mixin.py:188} INFO - [2025-07-08T10:40:21.589+0000] {dag.py:3036} INFO - Sync 1 DAGs
[2025-07-08T10:40:21.630+0000] {logging_mixin.py:188} INFO - [2025-07-08T10:40:21.630+0000] {dag.py:3823} INFO - Setting next_dagrun for example_python_decorator to None, run_after=None
[2025-07-08T10:40:21.739+0000] {processor.py:183} INFO - Processing /home/airflow/.local/lib/python3.8/site-packages/airflow/example_dags/example_python_decorator.py took 0.308 seconds
[2025-07-08T10:40:52.495+0000] {processor.py:161} INFO - Started process (PID=12200) to work on /home/airflow/.local/lib/python3.8/site-packages/airflow/example_dags/example_python_decorator.py
[2025-07-08T10:40:52.496+0000] {processor.py:830} INFO - Processing file /home/airflow/.local/lib/python3.8/site-packages/airflow/example_dags/example_python_decorator.py for tasks to queue
[2025-07-08T10:40:52.498+0000] {logging_mixin.py:188} INFO - [2025-07-08T10:40:52.497+0000] {dagbag.py:538} INFO - Filling up the DagBag from /home/airflow/.local/lib/python3.8/site-packages/airflow/example_dags/example_python_decorator.py
[2025-07-08T10:40:52.524+0000] {processor.py:840} INFO - DAG(s) 'example_python_decorator' retrieved from /home/airflow/.local/lib/python3.8/site-packages/airflow/example_dags/example_python_decorator.py
[2025-07-08T10:40:52.612+0000] {logging_mixin.py:188} INFO - [2025-07-08T10:40:52.611+0000] {dag.py:3036} INFO - Sync 1 DAGs
[2025-07-08T10:40:52.647+0000] {logging_mixin.py:188} INFO - [2025-07-08T10:40:52.647+0000] {dag.py:3823} INFO - Setting next_dagrun for example_python_decorator to None, run_after=None
[2025-07-08T10:40:52.706+0000] {processor.py:183} INFO - Processing /home/airflow/.local/lib/python3.8/site-packages/airflow/example_dags/example_python_decorator.py took 0.217 seconds
[2025-07-08T10:41:24.241+0000] {processor.py:161} INFO - Started process (PID=12262) to work on /home/airflow/.local/lib/python3.8/site-packages/airflow/example_dags/example_python_decorator.py
[2025-07-08T10:41:24.252+0000] {processor.py:830} INFO - Processing file /home/airflow/.local/lib/python3.8/site-packages/airflow/example_dags/example_python_decorator.py for tasks to queue
[2025-07-08T10:41:24.254+0000] {logging_mixin.py:188} INFO - [2025-07-08T10:41:24.253+0000] {dagbag.py:538} INFO - Filling up the DagBag from /home/airflow/.local/lib/python3.8/site-packages/airflow/example_dags/example_python_decorator.py
[2025-07-08T10:41:24.308+0000] {processor.py:840} INFO - DAG(s) 'example_python_decorator' retrieved from /home/airflow/.local/lib/python3.8/site-packages/airflow/example_dags/example_python_decorator.py
[2025-07-08T10:41:24.433+0000] {logging_mixin.py:188} INFO - [2025-07-08T10:41:24.433+0000] {dag.py:3036} INFO - Sync 1 DAGs
[2025-07-08T10:41:24.467+0000] {logging_mixin.py:188} INFO - [2025-07-08T10:41:24.467+0000] {dag.py:3823} INFO - Setting next_dagrun for example_python_decorator to None, run_after=None
[2025-07-08T10:41:24.544+0000] {processor.py:183} INFO - Processing /home/airflow/.local/lib/python3.8/site-packages/airflow/example_dags/example_python_decorator.py took 0.321 seconds
[2025-07-08T10:41:55.107+0000] {processor.py:161} INFO - Started process (PID=12330) to work on /home/airflow/.local/lib/python3.8/site-packages/airflow/example_dags/example_python_decorator.py
[2025-07-08T10:41:55.111+0000] {processor.py:830} INFO - Processing file /home/airflow/.local/lib/python3.8/site-packages/airflow/example_dags/example_python_decorator.py for tasks to queue
[2025-07-08T10:41:55.112+0000] {logging_mixin.py:188} INFO - [2025-07-08T10:41:55.112+0000] {dagbag.py:538} INFO - Filling up the DagBag from /home/airflow/.local/lib/python3.8/site-packages/airflow/example_dags/example_python_decorator.py
[2025-07-08T10:41:55.141+0000] {processor.py:840} INFO - DAG(s) 'example_python_decorator' retrieved from /home/airflow/.local/lib/python3.8/site-packages/airflow/example_dags/example_python_decorator.py
[2025-07-08T10:41:55.207+0000] {logging_mixin.py:188} INFO - [2025-07-08T10:41:55.207+0000] {dag.py:3036} INFO - Sync 1 DAGs
[2025-07-08T10:41:55.233+0000] {logging_mixin.py:188} INFO - [2025-07-08T10:41:55.233+0000] {dag.py:3823} INFO - Setting next_dagrun for example_python_decorator to None, run_after=None
[2025-07-08T10:41:55.268+0000] {processor.py:183} INFO - Processing /home/airflow/.local/lib/python3.8/site-packages/airflow/example_dags/example_python_decorator.py took 0.174 seconds
[2025-07-08T10:42:26.897+0000] {processor.py:161} INFO - Started process (PID=12396) to work on /home/airflow/.local/lib/python3.8/site-packages/airflow/example_dags/example_python_decorator.py
[2025-07-08T10:42:26.904+0000] {processor.py:830} INFO - Processing file /home/airflow/.local/lib/python3.8/site-packages/airflow/example_dags/example_python_decorator.py for tasks to queue
[2025-07-08T10:42:26.910+0000] {logging_mixin.py:188} INFO - [2025-07-08T10:42:26.906+0000] {dagbag.py:538} INFO - Filling up the DagBag from /home/airflow/.local/lib/python3.8/site-packages/airflow/example_dags/example_python_decorator.py
[2025-07-08T10:42:26.989+0000] {processor.py:840} INFO - DAG(s) 'example_python_decorator' retrieved from /home/airflow/.local/lib/python3.8/site-packages/airflow/example_dags/example_python_decorator.py
[2025-07-08T10:42:27.203+0000] {logging_mixin.py:188} INFO - [2025-07-08T10:42:27.202+0000] {dag.py:3036} INFO - Sync 1 DAGs
[2025-07-08T10:42:27.308+0000] {logging_mixin.py:188} INFO - [2025-07-08T10:42:27.307+0000] {dag.py:3823} INFO - Setting next_dagrun for example_python_decorator to None, run_after=None
[2025-07-08T10:42:27.461+0000] {processor.py:183} INFO - Processing /home/airflow/.local/lib/python3.8/site-packages/airflow/example_dags/example_python_decorator.py took 0.594 seconds
[2025-07-08T10:42:58.198+0000] {processor.py:161} INFO - Started process (PID=12456) to work on /home/airflow/.local/lib/python3.8/site-packages/airflow/example_dags/example_python_decorator.py
[2025-07-08T10:42:58.209+0000] {processor.py:830} INFO - Processing file /home/airflow/.local/lib/python3.8/site-packages/airflow/example_dags/example_python_decorator.py for tasks to queue
[2025-07-08T10:42:58.211+0000] {logging_mixin.py:188} INFO - [2025-07-08T10:42:58.210+0000] {dagbag.py:538} INFO - Filling up the DagBag from /home/airflow/.local/lib/python3.8/site-packages/airflow/example_dags/example_python_decorator.py
[2025-07-08T10:42:58.248+0000] {processor.py:840} INFO - DAG(s) 'example_python_decorator' retrieved from /home/airflow/.local/lib/python3.8/site-packages/airflow/example_dags/example_python_decorator.py
[2025-07-08T10:42:58.292+0000] {logging_mixin.py:188} INFO - [2025-07-08T10:42:58.291+0000] {dag.py:3036} INFO - Sync 1 DAGs
[2025-07-08T10:42:58.324+0000] {logging_mixin.py:188} INFO - [2025-07-08T10:42:58.324+0000] {dag.py:3823} INFO - Setting next_dagrun for example_python_decorator to None, run_after=None
[2025-07-08T10:42:58.360+0000] {processor.py:183} INFO - Processing /home/airflow/.local/lib/python3.8/site-packages/airflow/example_dags/example_python_decorator.py took 0.168 seconds
[2025-07-08T10:43:29.884+0000] {processor.py:161} INFO - Started process (PID=12524) to work on /home/airflow/.local/lib/python3.8/site-packages/airflow/example_dags/example_python_decorator.py
[2025-07-08T10:43:29.888+0000] {processor.py:830} INFO - Processing file /home/airflow/.local/lib/python3.8/site-packages/airflow/example_dags/example_python_decorator.py for tasks to queue
[2025-07-08T10:43:29.890+0000] {logging_mixin.py:188} INFO - [2025-07-08T10:43:29.889+0000] {dagbag.py:538} INFO - Filling up the DagBag from /home/airflow/.local/lib/python3.8/site-packages/airflow/example_dags/example_python_decorator.py
[2025-07-08T10:43:29.967+0000] {processor.py:840} INFO - DAG(s) 'example_python_decorator' retrieved from /home/airflow/.local/lib/python3.8/site-packages/airflow/example_dags/example_python_decorator.py
[2025-07-08T10:43:30.125+0000] {logging_mixin.py:188} INFO - [2025-07-08T10:43:30.125+0000] {dag.py:3036} INFO - Sync 1 DAGs
[2025-07-08T10:43:30.265+0000] {logging_mixin.py:188} INFO - [2025-07-08T10:43:30.265+0000] {dag.py:3823} INFO - Setting next_dagrun for example_python_decorator to None, run_after=None
[2025-07-08T10:43:30.383+0000] {processor.py:183} INFO - Processing /home/airflow/.local/lib/python3.8/site-packages/airflow/example_dags/example_python_decorator.py took 0.517 seconds
[2025-07-08T10:44:00.572+0000] {processor.py:161} INFO - Started process (PID=12590) to work on /home/airflow/.local/lib/python3.8/site-packages/airflow/example_dags/example_python_decorator.py
[2025-07-08T10:44:00.573+0000] {processor.py:830} INFO - Processing file /home/airflow/.local/lib/python3.8/site-packages/airflow/example_dags/example_python_decorator.py for tasks to queue
[2025-07-08T10:44:00.574+0000] {logging_mixin.py:188} INFO - [2025-07-08T10:44:00.574+0000] {dagbag.py:538} INFO - Filling up the DagBag from /home/airflow/.local/lib/python3.8/site-packages/airflow/example_dags/example_python_decorator.py
[2025-07-08T10:44:00.629+0000] {processor.py:840} INFO - DAG(s) 'example_python_decorator' retrieved from /home/airflow/.local/lib/python3.8/site-packages/airflow/example_dags/example_python_decorator.py
[2025-07-08T10:44:00.719+0000] {logging_mixin.py:188} INFO - [2025-07-08T10:44:00.718+0000] {dag.py:3036} INFO - Sync 1 DAGs
[2025-07-08T10:44:00.773+0000] {logging_mixin.py:188} INFO - [2025-07-08T10:44:00.772+0000] {dag.py:3823} INFO - Setting next_dagrun for example_python_decorator to None, run_after=None
[2025-07-08T10:44:00.850+0000] {processor.py:183} INFO - Processing /home/airflow/.local/lib/python3.8/site-packages/airflow/example_dags/example_python_decorator.py took 0.293 seconds
[2025-07-08T10:44:31.805+0000] {processor.py:161} INFO - Started process (PID=12648) to work on /home/airflow/.local/lib/python3.8/site-packages/airflow/example_dags/example_python_decorator.py
[2025-07-08T10:44:31.808+0000] {processor.py:830} INFO - Processing file /home/airflow/.local/lib/python3.8/site-packages/airflow/example_dags/example_python_decorator.py for tasks to queue
[2025-07-08T10:44:31.810+0000] {logging_mixin.py:188} INFO - [2025-07-08T10:44:31.809+0000] {dagbag.py:538} INFO - Filling up the DagBag from /home/airflow/.local/lib/python3.8/site-packages/airflow/example_dags/example_python_decorator.py
[2025-07-08T10:44:31.869+0000] {processor.py:840} INFO - DAG(s) 'example_python_decorator' retrieved from /home/airflow/.local/lib/python3.8/site-packages/airflow/example_dags/example_python_decorator.py
[2025-07-08T10:44:31.996+0000] {logging_mixin.py:188} INFO - [2025-07-08T10:44:31.996+0000] {dag.py:3036} INFO - Sync 1 DAGs
[2025-07-08T10:44:32.086+0000] {logging_mixin.py:188} INFO - [2025-07-08T10:44:32.086+0000] {dag.py:3823} INFO - Setting next_dagrun for example_python_decorator to None, run_after=None
[2025-07-08T10:44:32.168+0000] {processor.py:183} INFO - Processing /home/airflow/.local/lib/python3.8/site-packages/airflow/example_dags/example_python_decorator.py took 0.374 seconds
[2025-07-08T10:45:03.565+0000] {processor.py:161} INFO - Started process (PID=12716) to work on /home/airflow/.local/lib/python3.8/site-packages/airflow/example_dags/example_python_decorator.py
[2025-07-08T10:45:03.567+0000] {processor.py:830} INFO - Processing file /home/airflow/.local/lib/python3.8/site-packages/airflow/example_dags/example_python_decorator.py for tasks to queue
[2025-07-08T10:45:03.585+0000] {logging_mixin.py:188} INFO - [2025-07-08T10:45:03.584+0000] {dagbag.py:538} INFO - Filling up the DagBag from /home/airflow/.local/lib/python3.8/site-packages/airflow/example_dags/example_python_decorator.py
[2025-07-08T10:45:03.752+0000] {processor.py:840} INFO - DAG(s) 'example_python_decorator' retrieved from /home/airflow/.local/lib/python3.8/site-packages/airflow/example_dags/example_python_decorator.py
[2025-07-08T10:45:03.901+0000] {logging_mixin.py:188} INFO - [2025-07-08T10:45:03.901+0000] {dag.py:3036} INFO - Sync 1 DAGs
[2025-07-08T10:45:04.009+0000] {logging_mixin.py:188} INFO - [2025-07-08T10:45:04.009+0000] {dag.py:3823} INFO - Setting next_dagrun for example_python_decorator to None, run_after=None
[2025-07-08T10:45:04.141+0000] {processor.py:183} INFO - Processing /home/airflow/.local/lib/python3.8/site-packages/airflow/example_dags/example_python_decorator.py took 0.611 seconds
[2025-07-08T10:45:34.484+0000] {processor.py:161} INFO - Started process (PID=12774) to work on /home/airflow/.local/lib/python3.8/site-packages/airflow/example_dags/example_python_decorator.py
[2025-07-08T10:45:34.486+0000] {processor.py:830} INFO - Processing file /home/airflow/.local/lib/python3.8/site-packages/airflow/example_dags/example_python_decorator.py for tasks to queue
[2025-07-08T10:45:34.487+0000] {logging_mixin.py:188} INFO - [2025-07-08T10:45:34.487+0000] {dagbag.py:538} INFO - Filling up the DagBag from /home/airflow/.local/lib/python3.8/site-packages/airflow/example_dags/example_python_decorator.py
[2025-07-08T10:45:34.554+0000] {processor.py:840} INFO - DAG(s) 'example_python_decorator' retrieved from /home/airflow/.local/lib/python3.8/site-packages/airflow/example_dags/example_python_decorator.py
[2025-07-08T10:45:34.641+0000] {logging_mixin.py:188} INFO - [2025-07-08T10:45:34.641+0000] {dag.py:3036} INFO - Sync 1 DAGs
[2025-07-08T10:45:34.685+0000] {logging_mixin.py:188} INFO - [2025-07-08T10:45:34.685+0000] {dag.py:3823} INFO - Setting next_dagrun for example_python_decorator to None, run_after=None
[2025-07-08T10:45:34.766+0000] {processor.py:183} INFO - Processing /home/airflow/.local/lib/python3.8/site-packages/airflow/example_dags/example_python_decorator.py took 0.312 seconds
[2025-07-08T10:46:05.405+0000] {processor.py:161} INFO - Started process (PID=12842) to work on /home/airflow/.local/lib/python3.8/site-packages/airflow/example_dags/example_python_decorator.py
[2025-07-08T10:46:05.407+0000] {processor.py:830} INFO - Processing file /home/airflow/.local/lib/python3.8/site-packages/airflow/example_dags/example_python_decorator.py for tasks to queue
[2025-07-08T10:46:05.414+0000] {logging_mixin.py:188} INFO - [2025-07-08T10:46:05.411+0000] {dagbag.py:538} INFO - Filling up the DagBag from /home/airflow/.local/lib/python3.8/site-packages/airflow/example_dags/example_python_decorator.py
[2025-07-08T10:46:05.501+0000] {processor.py:840} INFO - DAG(s) 'example_python_decorator' retrieved from /home/airflow/.local/lib/python3.8/site-packages/airflow/example_dags/example_python_decorator.py
[2025-07-08T10:46:05.652+0000] {logging_mixin.py:188} INFO - [2025-07-08T10:46:05.651+0000] {dag.py:3036} INFO - Sync 1 DAGs
[2025-07-08T10:46:05.715+0000] {logging_mixin.py:188} INFO - [2025-07-08T10:46:05.715+0000] {dag.py:3823} INFO - Setting next_dagrun for example_python_decorator to None, run_after=None
[2025-07-08T10:46:05.845+0000] {processor.py:183} INFO - Processing /home/airflow/.local/lib/python3.8/site-packages/airflow/example_dags/example_python_decorator.py took 0.459 seconds
[2025-07-08T10:46:36.200+0000] {processor.py:161} INFO - Started process (PID=12902) to work on /home/airflow/.local/lib/python3.8/site-packages/airflow/example_dags/example_python_decorator.py
[2025-07-08T10:46:36.208+0000] {processor.py:830} INFO - Processing file /home/airflow/.local/lib/python3.8/site-packages/airflow/example_dags/example_python_decorator.py for tasks to queue
[2025-07-08T10:46:36.210+0000] {logging_mixin.py:188} INFO - [2025-07-08T10:46:36.209+0000] {dagbag.py:538} INFO - Filling up the DagBag from /home/airflow/.local/lib/python3.8/site-packages/airflow/example_dags/example_python_decorator.py
[2025-07-08T10:46:36.256+0000] {processor.py:840} INFO - DAG(s) 'example_python_decorator' retrieved from /home/airflow/.local/lib/python3.8/site-packages/airflow/example_dags/example_python_decorator.py
[2025-07-08T10:46:36.359+0000] {logging_mixin.py:188} INFO - [2025-07-08T10:46:36.358+0000] {dag.py:3036} INFO - Sync 1 DAGs
[2025-07-08T10:46:36.403+0000] {logging_mixin.py:188} INFO - [2025-07-08T10:46:36.402+0000] {dag.py:3823} INFO - Setting next_dagrun for example_python_decorator to None, run_after=None
[2025-07-08T10:46:36.470+0000] {processor.py:183} INFO - Processing /home/airflow/.local/lib/python3.8/site-packages/airflow/example_dags/example_python_decorator.py took 0.284 seconds
[2025-07-08T10:47:06.996+0000] {processor.py:161} INFO - Started process (PID=12969) to work on /home/airflow/.local/lib/python3.8/site-packages/airflow/example_dags/example_python_decorator.py
[2025-07-08T10:47:07.013+0000] {processor.py:830} INFO - Processing file /home/airflow/.local/lib/python3.8/site-packages/airflow/example_dags/example_python_decorator.py for tasks to queue
[2025-07-08T10:47:07.014+0000] {logging_mixin.py:188} INFO - [2025-07-08T10:47:07.014+0000] {dagbag.py:538} INFO - Filling up the DagBag from /home/airflow/.local/lib/python3.8/site-packages/airflow/example_dags/example_python_decorator.py
[2025-07-08T10:47:07.131+0000] {processor.py:840} INFO - DAG(s) 'example_python_decorator' retrieved from /home/airflow/.local/lib/python3.8/site-packages/airflow/example_dags/example_python_decorator.py
[2025-07-08T10:47:07.322+0000] {logging_mixin.py:188} INFO - [2025-07-08T10:47:07.322+0000] {dag.py:3036} INFO - Sync 1 DAGs
[2025-07-08T10:47:07.377+0000] {logging_mixin.py:188} INFO - [2025-07-08T10:47:07.376+0000] {dag.py:3823} INFO - Setting next_dagrun for example_python_decorator to None, run_after=None
[2025-07-08T10:47:07.493+0000] {processor.py:183} INFO - Processing /home/airflow/.local/lib/python3.8/site-packages/airflow/example_dags/example_python_decorator.py took 0.523 seconds
[2025-07-08T10:47:38.296+0000] {processor.py:161} INFO - Started process (PID=13029) to work on /home/airflow/.local/lib/python3.8/site-packages/airflow/example_dags/example_python_decorator.py
[2025-07-08T10:47:38.303+0000] {processor.py:830} INFO - Processing file /home/airflow/.local/lib/python3.8/site-packages/airflow/example_dags/example_python_decorator.py for tasks to queue
[2025-07-08T10:47:38.311+0000] {logging_mixin.py:188} INFO - [2025-07-08T10:47:38.307+0000] {dagbag.py:538} INFO - Filling up the DagBag from /home/airflow/.local/lib/python3.8/site-packages/airflow/example_dags/example_python_decorator.py
[2025-07-08T10:47:38.397+0000] {processor.py:840} INFO - DAG(s) 'example_python_decorator' retrieved from /home/airflow/.local/lib/python3.8/site-packages/airflow/example_dags/example_python_decorator.py
[2025-07-08T10:47:38.455+0000] {logging_mixin.py:188} INFO - [2025-07-08T10:47:38.455+0000] {dag.py:3036} INFO - Sync 1 DAGs
[2025-07-08T10:47:38.505+0000] {logging_mixin.py:188} INFO - [2025-07-08T10:47:38.505+0000] {dag.py:3823} INFO - Setting next_dagrun for example_python_decorator to None, run_after=None
[2025-07-08T10:47:38.550+0000] {processor.py:183} INFO - Processing /home/airflow/.local/lib/python3.8/site-packages/airflow/example_dags/example_python_decorator.py took 0.284 seconds
[2025-07-08T10:48:11.388+0000] {processor.py:161} INFO - Started process (PID=13096) to work on /home/airflow/.local/lib/python3.8/site-packages/airflow/example_dags/example_python_decorator.py
[2025-07-08T10:48:11.404+0000] {processor.py:830} INFO - Processing file /home/airflow/.local/lib/python3.8/site-packages/airflow/example_dags/example_python_decorator.py for tasks to queue
[2025-07-08T10:48:11.407+0000] {logging_mixin.py:188} INFO - [2025-07-08T10:48:11.405+0000] {dagbag.py:538} INFO - Filling up the DagBag from /home/airflow/.local/lib/python3.8/site-packages/airflow/example_dags/example_python_decorator.py
[2025-07-08T10:48:11.502+0000] {processor.py:840} INFO - DAG(s) 'example_python_decorator' retrieved from /home/airflow/.local/lib/python3.8/site-packages/airflow/example_dags/example_python_decorator.py
[2025-07-08T10:48:11.746+0000] {logging_mixin.py:188} INFO - [2025-07-08T10:48:11.745+0000] {dag.py:3036} INFO - Sync 1 DAGs
[2025-07-08T10:48:11.795+0000] {logging_mixin.py:188} INFO - [2025-07-08T10:48:11.795+0000] {dag.py:3823} INFO - Setting next_dagrun for example_python_decorator to None, run_after=None
[2025-07-08T10:48:11.930+0000] {processor.py:183} INFO - Processing /home/airflow/.local/lib/python3.8/site-packages/airflow/example_dags/example_python_decorator.py took 0.576 seconds
[2025-07-08T10:48:42.335+0000] {processor.py:161} INFO - Started process (PID=13160) to work on /home/airflow/.local/lib/python3.8/site-packages/airflow/example_dags/example_python_decorator.py
[2025-07-08T10:48:42.345+0000] {processor.py:830} INFO - Processing file /home/airflow/.local/lib/python3.8/site-packages/airflow/example_dags/example_python_decorator.py for tasks to queue
[2025-07-08T10:48:42.346+0000] {logging_mixin.py:188} INFO - [2025-07-08T10:48:42.346+0000] {dagbag.py:538} INFO - Filling up the DagBag from /home/airflow/.local/lib/python3.8/site-packages/airflow/example_dags/example_python_decorator.py
[2025-07-08T10:48:42.452+0000] {processor.py:840} INFO - DAG(s) 'example_python_decorator' retrieved from /home/airflow/.local/lib/python3.8/site-packages/airflow/example_dags/example_python_decorator.py
[2025-07-08T10:48:42.529+0000] {logging_mixin.py:188} INFO - [2025-07-08T10:48:42.529+0000] {dag.py:3036} INFO - Sync 1 DAGs
[2025-07-08T10:48:42.574+0000] {logging_mixin.py:188} INFO - [2025-07-08T10:48:42.573+0000] {dag.py:3823} INFO - Setting next_dagrun for example_python_decorator to None, run_after=None
[2025-07-08T10:48:42.640+0000] {processor.py:183} INFO - Processing /home/airflow/.local/lib/python3.8/site-packages/airflow/example_dags/example_python_decorator.py took 0.322 seconds
[2025-07-08T10:49:12.994+0000] {processor.py:161} INFO - Started process (PID=13220) to work on /home/airflow/.local/lib/python3.8/site-packages/airflow/example_dags/example_python_decorator.py
[2025-07-08T10:49:13.004+0000] {processor.py:830} INFO - Processing file /home/airflow/.local/lib/python3.8/site-packages/airflow/example_dags/example_python_decorator.py for tasks to queue
[2025-07-08T10:49:13.006+0000] {logging_mixin.py:188} INFO - [2025-07-08T10:49:13.005+0000] {dagbag.py:538} INFO - Filling up the DagBag from /home/airflow/.local/lib/python3.8/site-packages/airflow/example_dags/example_python_decorator.py
[2025-07-08T10:49:13.050+0000] {processor.py:840} INFO - DAG(s) 'example_python_decorator' retrieved from /home/airflow/.local/lib/python3.8/site-packages/airflow/example_dags/example_python_decorator.py
[2025-07-08T10:49:13.145+0000] {logging_mixin.py:188} INFO - [2025-07-08T10:49:13.144+0000] {dag.py:3036} INFO - Sync 1 DAGs
[2025-07-08T10:49:13.183+0000] {logging_mixin.py:188} INFO - [2025-07-08T10:49:13.183+0000] {dag.py:3823} INFO - Setting next_dagrun for example_python_decorator to None, run_after=None
[2025-07-08T10:49:13.254+0000] {processor.py:183} INFO - Processing /home/airflow/.local/lib/python3.8/site-packages/airflow/example_dags/example_python_decorator.py took 0.275 seconds
[2025-07-08T10:49:43.431+0000] {processor.py:161} INFO - Started process (PID=13286) to work on /home/airflow/.local/lib/python3.8/site-packages/airflow/example_dags/example_python_decorator.py
[2025-07-08T10:49:43.456+0000] {processor.py:830} INFO - Processing file /home/airflow/.local/lib/python3.8/site-packages/airflow/example_dags/example_python_decorator.py for tasks to queue
[2025-07-08T10:49:43.458+0000] {logging_mixin.py:188} INFO - [2025-07-08T10:49:43.458+0000] {dagbag.py:538} INFO - Filling up the DagBag from /home/airflow/.local/lib/python3.8/site-packages/airflow/example_dags/example_python_decorator.py
[2025-07-08T10:49:43.655+0000] {processor.py:840} INFO - DAG(s) 'example_python_decorator' retrieved from /home/airflow/.local/lib/python3.8/site-packages/airflow/example_dags/example_python_decorator.py
[2025-07-08T10:49:43.754+0000] {logging_mixin.py:188} INFO - [2025-07-08T10:49:43.753+0000] {dag.py:3036} INFO - Sync 1 DAGs
[2025-07-08T10:49:43.806+0000] {logging_mixin.py:188} INFO - [2025-07-08T10:49:43.806+0000] {dag.py:3823} INFO - Setting next_dagrun for example_python_decorator to None, run_after=None
[2025-07-08T10:49:43.888+0000] {processor.py:183} INFO - Processing /home/airflow/.local/lib/python3.8/site-packages/airflow/example_dags/example_python_decorator.py took 0.478 seconds
[2025-07-08T10:50:14.101+0000] {processor.py:161} INFO - Started process (PID=13347) to work on /home/airflow/.local/lib/python3.8/site-packages/airflow/example_dags/example_python_decorator.py
[2025-07-08T10:50:14.104+0000] {processor.py:830} INFO - Processing file /home/airflow/.local/lib/python3.8/site-packages/airflow/example_dags/example_python_decorator.py for tasks to queue
[2025-07-08T10:50:14.119+0000] {logging_mixin.py:188} INFO - [2025-07-08T10:50:14.119+0000] {dagbag.py:538} INFO - Filling up the DagBag from /home/airflow/.local/lib/python3.8/site-packages/airflow/example_dags/example_python_decorator.py
[2025-07-08T10:50:14.195+0000] {processor.py:840} INFO - DAG(s) 'example_python_decorator' retrieved from /home/airflow/.local/lib/python3.8/site-packages/airflow/example_dags/example_python_decorator.py
[2025-07-08T10:50:14.353+0000] {logging_mixin.py:188} INFO - [2025-07-08T10:50:14.353+0000] {dag.py:3036} INFO - Sync 1 DAGs
[2025-07-08T10:50:14.433+0000] {logging_mixin.py:188} INFO - [2025-07-08T10:50:14.432+0000] {dag.py:3823} INFO - Setting next_dagrun for example_python_decorator to None, run_after=None
[2025-07-08T10:50:14.550+0000] {processor.py:183} INFO - Processing /home/airflow/.local/lib/python3.8/site-packages/airflow/example_dags/example_python_decorator.py took 0.477 seconds
[2025-07-08T10:50:45.261+0000] {processor.py:161} INFO - Started process (PID=13415) to work on /home/airflow/.local/lib/python3.8/site-packages/airflow/example_dags/example_python_decorator.py
[2025-07-08T10:50:45.262+0000] {processor.py:830} INFO - Processing file /home/airflow/.local/lib/python3.8/site-packages/airflow/example_dags/example_python_decorator.py for tasks to queue
[2025-07-08T10:50:45.264+0000] {logging_mixin.py:188} INFO - [2025-07-08T10:50:45.263+0000] {dagbag.py:538} INFO - Filling up the DagBag from /home/airflow/.local/lib/python3.8/site-packages/airflow/example_dags/example_python_decorator.py
[2025-07-08T10:50:45.382+0000] {processor.py:840} INFO - DAG(s) 'example_python_decorator' retrieved from /home/airflow/.local/lib/python3.8/site-packages/airflow/example_dags/example_python_decorator.py
[2025-07-08T10:50:45.505+0000] {logging_mixin.py:188} INFO - [2025-07-08T10:50:45.505+0000] {dag.py:3036} INFO - Sync 1 DAGs
[2025-07-08T10:50:45.570+0000] {logging_mixin.py:188} INFO - [2025-07-08T10:50:45.570+0000] {dag.py:3823} INFO - Setting next_dagrun for example_python_decorator to None, run_after=None
[2025-07-08T10:50:45.782+0000] {processor.py:183} INFO - Processing /home/airflow/.local/lib/python3.8/site-packages/airflow/example_dags/example_python_decorator.py took 0.567 seconds
[2025-07-08T10:51:20.801+0000] {processor.py:161} INFO - Started process (PID=13480) to work on /home/airflow/.local/lib/python3.8/site-packages/airflow/example_dags/example_python_decorator.py
[2025-07-08T10:51:20.817+0000] {processor.py:830} INFO - Processing file /home/airflow/.local/lib/python3.8/site-packages/airflow/example_dags/example_python_decorator.py for tasks to queue
[2025-07-08T10:51:20.828+0000] {logging_mixin.py:188} INFO - [2025-07-08T10:51:20.820+0000] {dagbag.py:538} INFO - Filling up the DagBag from /home/airflow/.local/lib/python3.8/site-packages/airflow/example_dags/example_python_decorator.py
[2025-07-08T10:51:21.007+0000] {processor.py:840} INFO - DAG(s) 'example_python_decorator' retrieved from /home/airflow/.local/lib/python3.8/site-packages/airflow/example_dags/example_python_decorator.py
[2025-07-08T10:51:21.325+0000] {logging_mixin.py:188} INFO - [2025-07-08T10:51:21.325+0000] {dag.py:3036} INFO - Sync 1 DAGs
[2025-07-08T10:51:21.392+0000] {logging_mixin.py:188} INFO - [2025-07-08T10:51:21.391+0000] {dag.py:3823} INFO - Setting next_dagrun for example_python_decorator to None, run_after=None
[2025-07-08T10:51:21.536+0000] {processor.py:183} INFO - Processing /home/airflow/.local/lib/python3.8/site-packages/airflow/example_dags/example_python_decorator.py took 0.775 seconds
[2025-07-08T10:51:53.988+0000] {processor.py:161} INFO - Started process (PID=13542) to work on /home/airflow/.local/lib/python3.8/site-packages/airflow/example_dags/example_python_decorator.py
[2025-07-08T10:51:53.990+0000] {processor.py:830} INFO - Processing file /home/airflow/.local/lib/python3.8/site-packages/airflow/example_dags/example_python_decorator.py for tasks to queue
[2025-07-08T10:51:53.991+0000] {logging_mixin.py:188} INFO - [2025-07-08T10:51:53.991+0000] {dagbag.py:538} INFO - Filling up the DagBag from /home/airflow/.local/lib/python3.8/site-packages/airflow/example_dags/example_python_decorator.py
[2025-07-08T10:51:54.042+0000] {processor.py:840} INFO - DAG(s) 'example_python_decorator' retrieved from /home/airflow/.local/lib/python3.8/site-packages/airflow/example_dags/example_python_decorator.py
[2025-07-08T10:51:54.149+0000] {logging_mixin.py:188} INFO - [2025-07-08T10:51:54.148+0000] {dag.py:3036} INFO - Sync 1 DAGs
[2025-07-08T10:51:54.204+0000] {logging_mixin.py:188} INFO - [2025-07-08T10:51:54.203+0000] {dag.py:3823} INFO - Setting next_dagrun for example_python_decorator to None, run_after=None
[2025-07-08T10:51:54.280+0000] {processor.py:183} INFO - Processing /home/airflow/.local/lib/python3.8/site-packages/airflow/example_dags/example_python_decorator.py took 0.298 seconds
[2025-07-08T10:52:29.300+0000] {processor.py:161} INFO - Started process (PID=13613) to work on /home/airflow/.local/lib/python3.8/site-packages/airflow/example_dags/example_python_decorator.py
[2025-07-08T10:52:29.312+0000] {processor.py:830} INFO - Processing file /home/airflow/.local/lib/python3.8/site-packages/airflow/example_dags/example_python_decorator.py for tasks to queue
[2025-07-08T10:52:29.315+0000] {logging_mixin.py:188} INFO - [2025-07-08T10:52:29.315+0000] {dagbag.py:538} INFO - Filling up the DagBag from /home/airflow/.local/lib/python3.8/site-packages/airflow/example_dags/example_python_decorator.py
[2025-07-08T10:52:29.408+0000] {processor.py:840} INFO - DAG(s) 'example_python_decorator' retrieved from /home/airflow/.local/lib/python3.8/site-packages/airflow/example_dags/example_python_decorator.py
[2025-07-08T10:52:29.519+0000] {logging_mixin.py:188} INFO - [2025-07-08T10:52:29.518+0000] {dag.py:3036} INFO - Sync 1 DAGs
[2025-07-08T10:52:29.596+0000] {logging_mixin.py:188} INFO - [2025-07-08T10:52:29.595+0000] {dag.py:3823} INFO - Setting next_dagrun for example_python_decorator to None, run_after=None
[2025-07-08T10:52:29.680+0000] {processor.py:183} INFO - Processing /home/airflow/.local/lib/python3.8/site-packages/airflow/example_dags/example_python_decorator.py took 0.426 seconds
[2025-07-08T10:53:00.022+0000] {processor.py:161} INFO - Started process (PID=13672) to work on /home/airflow/.local/lib/python3.8/site-packages/airflow/example_dags/example_python_decorator.py
[2025-07-08T10:53:00.023+0000] {processor.py:830} INFO - Processing file /home/airflow/.local/lib/python3.8/site-packages/airflow/example_dags/example_python_decorator.py for tasks to queue
[2025-07-08T10:53:00.025+0000] {logging_mixin.py:188} INFO - [2025-07-08T10:53:00.024+0000] {dagbag.py:538} INFO - Filling up the DagBag from /home/airflow/.local/lib/python3.8/site-packages/airflow/example_dags/example_python_decorator.py
[2025-07-08T10:53:00.059+0000] {processor.py:840} INFO - DAG(s) 'example_python_decorator' retrieved from /home/airflow/.local/lib/python3.8/site-packages/airflow/example_dags/example_python_decorator.py
[2025-07-08T10:53:00.112+0000] {logging_mixin.py:188} INFO - [2025-07-08T10:53:00.112+0000] {dag.py:3036} INFO - Sync 1 DAGs
[2025-07-08T10:53:00.144+0000] {logging_mixin.py:188} INFO - [2025-07-08T10:53:00.144+0000] {dag.py:3823} INFO - Setting next_dagrun for example_python_decorator to None, run_after=None
[2025-07-08T10:53:00.259+0000] {processor.py:183} INFO - Processing /home/airflow/.local/lib/python3.8/site-packages/airflow/example_dags/example_python_decorator.py took 0.242 seconds
[2025-07-08T10:53:30.790+0000] {processor.py:161} INFO - Started process (PID=13738) to work on /home/airflow/.local/lib/python3.8/site-packages/airflow/example_dags/example_python_decorator.py
[2025-07-08T10:53:30.810+0000] {processor.py:830} INFO - Processing file /home/airflow/.local/lib/python3.8/site-packages/airflow/example_dags/example_python_decorator.py for tasks to queue
[2025-07-08T10:53:30.828+0000] {logging_mixin.py:188} INFO - [2025-07-08T10:53:30.811+0000] {dagbag.py:538} INFO - Filling up the DagBag from /home/airflow/.local/lib/python3.8/site-packages/airflow/example_dags/example_python_decorator.py
[2025-07-08T10:53:30.906+0000] {processor.py:840} INFO - DAG(s) 'example_python_decorator' retrieved from /home/airflow/.local/lib/python3.8/site-packages/airflow/example_dags/example_python_decorator.py
[2025-07-08T10:53:31.057+0000] {logging_mixin.py:188} INFO - [2025-07-08T10:53:31.057+0000] {dag.py:3036} INFO - Sync 1 DAGs
[2025-07-08T10:53:31.151+0000] {logging_mixin.py:188} INFO - [2025-07-08T10:53:31.150+0000] {dag.py:3823} INFO - Setting next_dagrun for example_python_decorator to None, run_after=None
[2025-07-08T10:53:31.260+0000] {processor.py:183} INFO - Processing /home/airflow/.local/lib/python3.8/site-packages/airflow/example_dags/example_python_decorator.py took 0.499 seconds
[2025-07-08T10:54:01.501+0000] {processor.py:161} INFO - Started process (PID=13798) to work on /home/airflow/.local/lib/python3.8/site-packages/airflow/example_dags/example_python_decorator.py
[2025-07-08T10:54:01.502+0000] {processor.py:830} INFO - Processing file /home/airflow/.local/lib/python3.8/site-packages/airflow/example_dags/example_python_decorator.py for tasks to queue
[2025-07-08T10:54:01.504+0000] {logging_mixin.py:188} INFO - [2025-07-08T10:54:01.503+0000] {dagbag.py:538} INFO - Filling up the DagBag from /home/airflow/.local/lib/python3.8/site-packages/airflow/example_dags/example_python_decorator.py
[2025-07-08T10:54:01.528+0000] {processor.py:840} INFO - DAG(s) 'example_python_decorator' retrieved from /home/airflow/.local/lib/python3.8/site-packages/airflow/example_dags/example_python_decorator.py
[2025-07-08T10:54:01.567+0000] {logging_mixin.py:188} INFO - [2025-07-08T10:54:01.567+0000] {dag.py:3036} INFO - Sync 1 DAGs
[2025-07-08T10:54:01.592+0000] {logging_mixin.py:188} INFO - [2025-07-08T10:54:01.592+0000] {dag.py:3823} INFO - Setting next_dagrun for example_python_decorator to None, run_after=None
[2025-07-08T10:54:01.625+0000] {processor.py:183} INFO - Processing /home/airflow/.local/lib/python3.8/site-packages/airflow/example_dags/example_python_decorator.py took 0.129 seconds
