[2025-07-03T17:35:22.759+0000] {manager.py:469} INFO - Processing files using up to 2 processes at a time 
[2025-07-03T17:35:22.760+0000] {manager.py:470} INFO - Process each file at most once every 30 seconds
[2025-07-03T17:35:22.760+0000] {manager.py:471} INFO - Checking for new files in /opt/airflow/dags every 300 seconds
[2025-07-03T17:35:22.761+0000] {manager.py:738} INFO - Searching for files in /opt/airflow/dags
[2025-07-03T17:35:22.790+0000] {manager.py:741} INFO - There are 48 files in /opt/airflow/dags
[2025-07-03T17:35:23.215+0000] {manager.py:879} INFO - 
================================================================================
DAG File Processing Stats

File Path                                                                                                                           PID  Runtime      # DAGs    # Errors  Last Runtime    Last Run
--------------------------------------------------------------------------------------------------------------------------------  -----  ---------  --------  ----------  --------------  ----------
/home/airflow/.local/lib/python3.8/site-packages/airflow/example_dags/example_python_operator.py                                    205  0.23s             0           0
/home/airflow/.local/lib/python3.8/site-packages/airflow/example_dags/example_branch_python_dop_operator_3.py                       206  0.11s             0           0
/home/airflow/.local/lib/python3.8/site-packages/airflow/example_dags/tutorial_dag.py                                                                      0           0
/home/airflow/.local/lib/python3.8/site-packages/airflow/example_dags/example_xcom.py                                                                      0           0
/home/airflow/.local/lib/python3.8/site-packages/airflow/example_dags/tutorial.py                                                                          0           0
/home/airflow/.local/lib/python3.8/site-packages/airflow/example_dags/tutorial_taskflow_api.py                                                             0           0
/home/airflow/.local/lib/python3.8/site-packages/airflow/example_dags/example_trigger_controller_dag.py                                                    0           0
/home/airflow/.local/lib/python3.8/site-packages/airflow/example_dags/example_params_ui_tutorial.py                                                        0           0
/home/airflow/.local/lib/python3.8/site-packages/airflow/example_dags/example_latest_only.py                                                               0           0
/home/airflow/.local/lib/python3.8/site-packages/airflow/example_dags/tutorial_objectstorage.py                                                            0           0
/home/airflow/.local/lib/python3.8/site-packages/airflow/example_dags/example_time_delta_sensor_async.py                                                   0           0
/home/airflow/.local/lib/python3.8/site-packages/airflow/example_dags/example_passing_params_via_test_command.py                                           0           0
/home/airflow/.local/lib/python3.8/site-packages/airflow/example_dags/example_nested_branch_dag.py                                                         0           0
/home/airflow/.local/lib/python3.8/site-packages/airflow/example_dags/example_dynamic_task_mapping_with_no_taskflow_operators.py                           0           0
/home/airflow/.local/lib/python3.8/site-packages/airflow/example_dags/example_params_trigger_ui.py                                                         0           0
/home/airflow/.local/lib/python3.8/site-packages/airflow/example_dags/example_subdag_operator.py                                                           0           0
/home/airflow/.local/lib/python3.8/site-packages/airflow/example_dags/example_xcomargs.py                                                                  0           0
/home/airflow/.local/lib/python3.8/site-packages/airflow/example_dags/example_sensors.py                                                                   0           0
/home/airflow/.local/lib/python3.8/site-packages/airflow/example_dags/example_task_group.py                                                                0           0
/home/airflow/.local/lib/python3.8/site-packages/airflow/example_dags/example_branch_operator_decorator.py                                                 0           0
/home/airflow/.local/lib/python3.8/site-packages/airflow/example_dags/example_local_kubernetes_executor.py                                                 0           0
/home/airflow/.local/lib/python3.8/site-packages/airflow/example_dags/example_setup_teardown_taskflow.py                                                   0           0
/home/airflow/.local/lib/python3.8/site-packages/airflow/example_dags/example_branch_datetime_operator.py                                                  0           0
/home/airflow/.local/lib/python3.8/site-packages/airflow/example_dags/example_datasets.py                                                                  0           0
/home/airflow/.local/lib/python3.8/site-packages/airflow/example_dags/example_task_group_decorator.py                                                      0           0
/home/airflow/.local/lib/python3.8/site-packages/airflow/example_dags/example_dynamic_task_mapping.py                                                      0           0
/home/airflow/.local/lib/python3.8/site-packages/airflow/example_dags/example_short_circuit_decorator.py                                                   0           0
/home/airflow/.local/lib/python3.8/site-packages/airflow/example_dags/tutorial_taskflow_api_virtualenv.py                                                  0           0
/home/airflow/.local/lib/python3.8/site-packages/airflow/example_dags/example_bash_operator.py                                                             0           0
/home/airflow/.local/lib/python3.8/site-packages/airflow/example_dags/example_kubernetes_executor.py                                                       0           0
/home/airflow/.local/lib/python3.8/site-packages/airflow/example_dags/example_dag_decorator.py                                                             0           0
/home/airflow/.local/lib/python3.8/site-packages/airflow/example_dags/example_branch_labels.py                                                             0           0
/home/airflow/.local/lib/python3.8/site-packages/airflow/example_dags/example_external_task_marker_dag.py                                                  0           0
/home/airflow/.local/lib/python3.8/site-packages/airflow/example_dags/example_short_circuit_operator.py                                                    0           0
/home/airflow/.local/lib/python3.8/site-packages/airflow/example_dags/example_python_decorator.py                                                          0           0
/home/airflow/.local/lib/python3.8/site-packages/airflow/example_dags/example_setup_teardown.py                                                            0           0
/home/airflow/.local/lib/python3.8/site-packages/airflow/example_dags/example_complex.py                                                                   0           0
/home/airflow/.local/lib/python3.8/site-packages/airflow/example_dags/example_branch_operator.py                                                           0           0
/home/airflow/.local/lib/python3.8/site-packages/airflow/example_dags/example_branch_day_of_week_operator.py                                               0           0
/home/airflow/.local/lib/python3.8/site-packages/airflow/example_dags/example_trigger_target_dag.py                                                        0           0
/home/airflow/.local/lib/python3.8/site-packages/airflow/example_dags/example_skip_dag.py                                                                  0           0
/home/airflow/.local/lib/python3.8/site-packages/airflow/example_dags/example_latest_only_with_trigger.py                                                  0           0
/home/airflow/.local/lib/python3.8/site-packages/airflow/example_dags/example_sla_dag.py                                                                   0           0
/home/airflow/.local/lib/python3.8/site-packages/airflow/example_dags/example_sensor_decorator.py                                                          0           0
/home/airflow/.local/lib/python3.8/site-packages/airflow/example_dags/plugins/listener_plugin.py                                                           0           0
/home/airflow/.local/lib/python3.8/site-packages/airflow/example_dags/plugins/event_listener.py                                                            0           0
/home/airflow/.local/lib/python3.8/site-packages/airflow/example_dags/plugins/workday.py                                                                   0           0
/home/airflow/.local/lib/python3.8/site-packages/airflow/example_dags/subdags/subdag.py                                                                    0           0
================================================================================
[2025-07-03T17:35:54.128+0000] {manager.py:879} INFO - 
================================================================================
DAG File Processing Stats

File Path                                                                                                                           PID  Runtime      # DAGs    # Errors  Last Runtime    Last Run
--------------------------------------------------------------------------------------------------------------------------------  -----  ---------  --------  ----------  --------------  -------------------
/home/airflow/.local/lib/python3.8/site-packages/airflow/example_dags/example_branch_day_of_week_operator.py                        257  2.14s             0           0
/home/airflow/.local/lib/python3.8/site-packages/airflow/example_dags/example_trigger_target_dag.py                                 259  0.89s             0           0
/home/airflow/.local/lib/python3.8/site-packages/airflow/example_dags/example_skip_dag.py                                                                  0           0
/home/airflow/.local/lib/python3.8/site-packages/airflow/example_dags/example_latest_only_with_trigger.py                                                  0           0
/home/airflow/.local/lib/python3.8/site-packages/airflow/example_dags/example_sla_dag.py                                                                   0           0
/home/airflow/.local/lib/python3.8/site-packages/airflow/example_dags/example_sensor_decorator.py                                                          0           0
/home/airflow/.local/lib/python3.8/site-packages/airflow/example_dags/plugins/listener_plugin.py                                                           0           0
/home/airflow/.local/lib/python3.8/site-packages/airflow/example_dags/plugins/event_listener.py                                                            0           0
/home/airflow/.local/lib/python3.8/site-packages/airflow/example_dags/plugins/workday.py                                                                   0           0
/home/airflow/.local/lib/python3.8/site-packages/airflow/example_dags/subdags/subdag.py                                                                    0           0
/home/airflow/.local/lib/python3.8/site-packages/airflow/example_dags/example_python_operator.py                                                           1           0  1.07s           2025-07-03T17:35:24
/home/airflow/.local/lib/python3.8/site-packages/airflow/example_dags/example_branch_python_dop_operator_3.py                                              1           0  1.03s           2025-07-03T17:35:24
/home/airflow/.local/lib/python3.8/site-packages/airflow/example_dags/tutorial_dag.py                                                                      1           0  0.52s           2025-07-03T17:35:24
/home/airflow/.local/lib/python3.8/site-packages/airflow/example_dags/example_xcom.py                                                                      1           0  0.66s           2025-07-03T17:35:24
/home/airflow/.local/lib/python3.8/site-packages/airflow/example_dags/tutorial.py                                                                          1           0  0.70s           2025-07-03T17:35:25
/home/airflow/.local/lib/python3.8/site-packages/airflow/example_dags/tutorial_taskflow_api.py                                                             1           0  1.20s           2025-07-03T17:35:25
/home/airflow/.local/lib/python3.8/site-packages/airflow/example_dags/example_trigger_controller_dag.py                                                    1           0  2.40s           2025-07-03T17:35:27
/home/airflow/.local/lib/python3.8/site-packages/airflow/example_dags/example_params_ui_tutorial.py                                                        1           0  2.93s           2025-07-03T17:35:29
/home/airflow/.local/lib/python3.8/site-packages/airflow/example_dags/example_latest_only.py                                                               1           0  2.05s           2025-07-03T17:35:29
/home/airflow/.local/lib/python3.8/site-packages/airflow/example_dags/tutorial_objectstorage.py                                                            1           0  1.83s           2025-07-03T17:35:31
/home/airflow/.local/lib/python3.8/site-packages/airflow/example_dags/example_time_delta_sensor_async.py                                                   1           0  1.85s           2025-07-03T17:35:31
/home/airflow/.local/lib/python3.8/site-packages/airflow/example_dags/example_passing_params_via_test_command.py                                           1           0  1.89s           2025-07-03T17:35:33
/home/airflow/.local/lib/python3.8/site-packages/airflow/example_dags/example_nested_branch_dag.py                                                         1           0  1.79s           2025-07-03T17:35:33
/home/airflow/.local/lib/python3.8/site-packages/airflow/example_dags/example_dynamic_task_mapping_with_no_taskflow_operators.py                           1           0  1.60s           2025-07-03T17:35:35
/home/airflow/.local/lib/python3.8/site-packages/airflow/example_dags/example_params_trigger_ui.py                                                         1           0  1.93s           2025-07-03T17:35:35
/home/airflow/.local/lib/python3.8/site-packages/airflow/example_dags/example_sensors.py                                                                   1           0  0.95s           2025-07-03T17:35:37
/home/airflow/.local/lib/python3.8/site-packages/airflow/example_dags/example_task_group.py                                                                1           0  0.87s           2025-07-03T17:35:37
/home/airflow/.local/lib/python3.8/site-packages/airflow/example_dags/example_branch_operator_decorator.py                                                 1           0  1.08s           2025-07-03T17:35:38
/home/airflow/.local/lib/python3.8/site-packages/airflow/example_dags/example_local_kubernetes_executor.py                                                 1           0  0.88s           2025-07-03T17:35:38
/home/airflow/.local/lib/python3.8/site-packages/airflow/example_dags/example_setup_teardown_taskflow.py                                                   1           0  1.01s           2025-07-03T17:35:39
/home/airflow/.local/lib/python3.8/site-packages/airflow/example_dags/example_task_group_decorator.py                                                      1           0  1.20s           2025-07-03T17:35:41
/home/airflow/.local/lib/python3.8/site-packages/airflow/example_dags/example_dynamic_task_mapping.py                                                      1           0  0.76s           2025-07-03T17:35:41
/home/airflow/.local/lib/python3.8/site-packages/airflow/example_dags/example_short_circuit_decorator.py                                                   1           0  1.07s           2025-07-03T17:35:42
/home/airflow/.local/lib/python3.8/site-packages/airflow/example_dags/tutorial_taskflow_api_virtualenv.py                                                  1           0  1.17s           2025-07-03T17:35:43
/home/airflow/.local/lib/python3.8/site-packages/airflow/example_dags/example_bash_operator.py                                                             1           0  1.29s           2025-07-03T17:35:43
/home/airflow/.local/lib/python3.8/site-packages/airflow/example_dags/example_kubernetes_executor.py                                                       1           0  1.06s           2025-07-03T17:35:44
/home/airflow/.local/lib/python3.8/site-packages/airflow/example_dags/example_dag_decorator.py                                                             1           0  2.32s           2025-07-03T17:35:45
/home/airflow/.local/lib/python3.8/site-packages/airflow/example_dags/example_branch_labels.py                                                             1           0  0.81s           2025-07-03T17:35:45
/home/airflow/.local/lib/python3.8/site-packages/airflow/example_dags/example_short_circuit_operator.py                                                    1           0  2.62s           2025-07-03T17:35:48
/home/airflow/.local/lib/python3.8/site-packages/airflow/example_dags/example_python_decorator.py                                                          1           0  2.69s           2025-07-03T17:35:49
/home/airflow/.local/lib/python3.8/site-packages/airflow/example_dags/example_setup_teardown.py                                                            1           0  2.37s           2025-07-03T17:35:50
/home/airflow/.local/lib/python3.8/site-packages/airflow/example_dags/example_complex.py                                                                   1           0  2.24s           2025-07-03T17:35:51
/home/airflow/.local/lib/python3.8/site-packages/airflow/example_dags/example_branch_operator.py                                                           1           0  2.15s           2025-07-03T17:35:53
/home/airflow/.local/lib/python3.8/site-packages/airflow/example_dags/example_xcomargs.py                                                                  2           0  1.06s           2025-07-03T17:35:36
/home/airflow/.local/lib/python3.8/site-packages/airflow/example_dags/example_external_task_marker_dag.py                                                  2           0  1.73s           2025-07-03T17:35:46
/home/airflow/.local/lib/python3.8/site-packages/airflow/example_dags/example_subdag_operator.py                                                           3           0  1.15s           2025-07-03T17:35:36
/home/airflow/.local/lib/python3.8/site-packages/airflow/example_dags/example_branch_datetime_operator.py                                                  3           0  1.23s           2025-07-03T17:35:39
/home/airflow/.local/lib/python3.8/site-packages/airflow/example_dags/example_datasets.py                                                                  6           0  1.60s           2025-07-03T17:35:41
================================================================================
[2025-07-03T17:36:24.284+0000] {manager.py:879} INFO - 
================================================================================
DAG File Processing Stats

File Path                                                                                                                           PID  Runtime      # DAGs    # Errors  Last Runtime    Last Run
--------------------------------------------------------------------------------------------------------------------------------  -----  ---------  --------  ----------  --------------  -------------------
/home/airflow/.local/lib/python3.8/site-packages/airflow/example_dags/plugins/listener_plugin.py                                                           0           0  0.16s           2025-07-03T17:35:56
/home/airflow/.local/lib/python3.8/site-packages/airflow/example_dags/plugins/event_listener.py                                                            0           0  0.07s           2025-07-03T17:35:56
/home/airflow/.local/lib/python3.8/site-packages/airflow/example_dags/plugins/workday.py                                                                   0           0  9.59s           2025-07-03T17:36:06
/home/airflow/.local/lib/python3.8/site-packages/airflow/example_dags/subdags/subdag.py                                                                    0           0  0.13s           2025-07-03T17:35:57
/home/airflow/.local/lib/python3.8/site-packages/airflow/example_dags/example_python_operator.py                                                           1           0  0.66s           2025-07-03T17:35:57
/home/airflow/.local/lib/python3.8/site-packages/airflow/example_dags/example_branch_python_dop_operator_3.py                                              1           0  0.77s           2025-07-03T17:35:58
/home/airflow/.local/lib/python3.8/site-packages/airflow/example_dags/tutorial_dag.py                                                                      1           0  0.59s           2025-07-03T17:35:59
/home/airflow/.local/lib/python3.8/site-packages/airflow/example_dags/example_xcom.py                                                                      1           0  0.70s           2025-07-03T17:35:59
/home/airflow/.local/lib/python3.8/site-packages/airflow/example_dags/tutorial.py                                                                          1           0  0.77s           2025-07-03T17:36:00
/home/airflow/.local/lib/python3.8/site-packages/airflow/example_dags/tutorial_taskflow_api.py                                                             1           0  0.75s           2025-07-03T17:36:01
/home/airflow/.local/lib/python3.8/site-packages/airflow/example_dags/example_trigger_controller_dag.py                                                    1           0  0.73s           2025-07-03T17:36:02
/home/airflow/.local/lib/python3.8/site-packages/airflow/example_dags/example_params_ui_tutorial.py                                                        1           0  0.79s           2025-07-03T17:36:02
/home/airflow/.local/lib/python3.8/site-packages/airflow/example_dags/example_latest_only.py                                                               1           0  0.67s           2025-07-03T17:36:03
/home/airflow/.local/lib/python3.8/site-packages/airflow/example_dags/tutorial_objectstorage.py                                                            1           0  0.74s           2025-07-03T17:36:04
/home/airflow/.local/lib/python3.8/site-packages/airflow/example_dags/example_time_delta_sensor_async.py                                                   1           0  0.42s           2025-07-03T17:36:04
/home/airflow/.local/lib/python3.8/site-packages/airflow/example_dags/example_passing_params_via_test_command.py                                           1           0  0.37s           2025-07-03T17:36:05
/home/airflow/.local/lib/python3.8/site-packages/airflow/example_dags/example_nested_branch_dag.py                                                         1           0  0.64s           2025-07-03T17:36:05
/home/airflow/.local/lib/python3.8/site-packages/airflow/example_dags/example_dynamic_task_mapping_with_no_taskflow_operators.py                           1           0  1.29s           2025-07-03T17:36:07
/home/airflow/.local/lib/python3.8/site-packages/airflow/example_dags/example_params_trigger_ui.py                                                         1           0  1.82s           2025-07-03T17:36:08
/home/airflow/.local/lib/python3.8/site-packages/airflow/example_dags/example_sensors.py                                                                   1           0  1.24s           2025-07-03T17:36:10
/home/airflow/.local/lib/python3.8/site-packages/airflow/example_dags/example_task_group.py                                                                1           0  1.19s           2025-07-03T17:36:11
/home/airflow/.local/lib/python3.8/site-packages/airflow/example_dags/example_branch_operator_decorator.py                                                 1           0  1.64s           2025-07-03T17:36:12
/home/airflow/.local/lib/python3.8/site-packages/airflow/example_dags/example_local_kubernetes_executor.py                                                 1           0  1.11s           2025-07-03T17:36:12
/home/airflow/.local/lib/python3.8/site-packages/airflow/example_dags/example_setup_teardown_taskflow.py                                                   1           0  1.21s           2025-07-03T17:36:13
/home/airflow/.local/lib/python3.8/site-packages/airflow/example_dags/example_task_group_decorator.py                                                      1           0  1.15s           2025-07-03T17:36:14
/home/airflow/.local/lib/python3.8/site-packages/airflow/example_dags/example_dynamic_task_mapping.py                                                      1           0  0.81s           2025-07-03T17:36:15
/home/airflow/.local/lib/python3.8/site-packages/airflow/example_dags/example_short_circuit_decorator.py                                                   1           0  0.96s           2025-07-03T17:36:15
/home/airflow/.local/lib/python3.8/site-packages/airflow/example_dags/tutorial_taskflow_api_virtualenv.py                                                  1           0  0.44s           2025-07-03T17:36:16
/home/airflow/.local/lib/python3.8/site-packages/airflow/example_dags/example_bash_operator.py                                                             1           0  0.50s           2025-07-03T17:36:16
/home/airflow/.local/lib/python3.8/site-packages/airflow/example_dags/example_kubernetes_executor.py                                                       1           0  0.41s           2025-07-03T17:36:16
/home/airflow/.local/lib/python3.8/site-packages/airflow/example_dags/example_dag_decorator.py                                                             1           0  1.23s           2025-07-03T17:36:17
/home/airflow/.local/lib/python3.8/site-packages/airflow/example_dags/example_branch_labels.py                                                             1           0  0.40s           2025-07-03T17:36:16
/home/airflow/.local/lib/python3.8/site-packages/airflow/example_dags/example_short_circuit_operator.py                                                    1           0  0.42s           2025-07-03T17:36:19
/home/airflow/.local/lib/python3.8/site-packages/airflow/example_dags/example_python_decorator.py                                                          1           0  0.36s           2025-07-03T17:36:20
/home/airflow/.local/lib/python3.8/site-packages/airflow/example_dags/example_setup_teardown.py                                                            1           0  0.61s           2025-07-03T17:36:21
/home/airflow/.local/lib/python3.8/site-packages/airflow/example_dags/example_complex.py                                                                   1           0  0.44s           2025-07-03T17:36:22
/home/airflow/.local/lib/python3.8/site-packages/airflow/example_dags/example_branch_operator.py                                                           1           0  0.20s           2025-07-03T17:36:23
/home/airflow/.local/lib/python3.8/site-packages/airflow/example_dags/example_branch_day_of_week_operator.py                        315  0.01s             1           0  2.32s           2025-07-03T17:35:54
/home/airflow/.local/lib/python3.8/site-packages/airflow/example_dags/example_trigger_target_dag.py                                                        1           0  1.45s           2025-07-03T17:35:54
/home/airflow/.local/lib/python3.8/site-packages/airflow/example_dags/example_skip_dag.py                                                                  1           0  1.55s           2025-07-03T17:35:55
/home/airflow/.local/lib/python3.8/site-packages/airflow/example_dags/example_latest_only_with_trigger.py                                                  1           0  1.40s           2025-07-03T17:35:55
/home/airflow/.local/lib/python3.8/site-packages/airflow/example_dags/example_sla_dag.py                                                                   1           0  0.93s           2025-07-03T17:35:56
/home/airflow/.local/lib/python3.8/site-packages/airflow/example_dags/example_sensor_decorator.py                                                          1           0  0.84s           2025-07-03T17:35:56
/home/airflow/.local/lib/python3.8/site-packages/airflow/example_dags/example_xcomargs.py                                                                  2           0  1.30s           2025-07-03T17:36:10
/home/airflow/.local/lib/python3.8/site-packages/airflow/example_dags/example_external_task_marker_dag.py                                                  2           0  0.35s           2025-07-03T17:36:17
/home/airflow/.local/lib/python3.8/site-packages/airflow/example_dags/example_subdag_operator.py                                                           3           0  1.39s           2025-07-03T17:36:09
/home/airflow/.local/lib/python3.8/site-packages/airflow/example_dags/example_branch_datetime_operator.py                                                  3           0  1.21s           2025-07-03T17:36:13
/home/airflow/.local/lib/python3.8/site-packages/airflow/example_dags/example_datasets.py                                                                  6           0  1.63s           2025-07-03T17:36:14
================================================================================
[2025-07-03T17:36:54.491+0000] {manager.py:879} INFO - 
================================================================================
DAG File Processing Stats

File Path                                                                                                                         PID    Runtime      # DAGs    # Errors  Last Runtime    Last Run
--------------------------------------------------------------------------------------------------------------------------------  -----  ---------  --------  ----------  --------------  -------------------
/home/airflow/.local/lib/python3.8/site-packages/airflow/example_dags/plugins/listener_plugin.py                                                           0           0  0.28s           2025-07-03T17:36:28
/home/airflow/.local/lib/python3.8/site-packages/airflow/example_dags/plugins/event_listener.py                                                            0           0  0.35s           2025-07-03T17:36:28
/home/airflow/.local/lib/python3.8/site-packages/airflow/example_dags/plugins/workday.py                                                                   0           0  1.66s           2025-07-03T17:36:39
/home/airflow/.local/lib/python3.8/site-packages/airflow/example_dags/subdags/subdag.py                                                                    0           0  0.27s           2025-07-03T17:36:28
/home/airflow/.local/lib/python3.8/site-packages/airflow/example_dags/example_python_operator.py                                                           1           0  0.54s           2025-07-03T17:36:29
/home/airflow/.local/lib/python3.8/site-packages/airflow/example_dags/example_branch_python_dop_operator_3.py                                              1           0  0.70s           2025-07-03T17:36:30
/home/airflow/.local/lib/python3.8/site-packages/airflow/example_dags/tutorial_dag.py                                                                      1           0  0.81s           2025-07-03T17:36:30
/home/airflow/.local/lib/python3.8/site-packages/airflow/example_dags/example_xcom.py                                                                      1           0  0.87s           2025-07-03T17:36:31
/home/airflow/.local/lib/python3.8/site-packages/airflow/example_dags/tutorial.py                                                                          1           0  0.78s           2025-07-03T17:36:31
/home/airflow/.local/lib/python3.8/site-packages/airflow/example_dags/tutorial_taskflow_api.py                                                             1           0  0.48s           2025-07-03T17:36:31
/home/airflow/.local/lib/python3.8/site-packages/airflow/example_dags/example_trigger_controller_dag.py                                                    1           0  0.46s           2025-07-03T17:36:32
/home/airflow/.local/lib/python3.8/site-packages/airflow/example_dags/example_params_ui_tutorial.py                                                        1           0  1.03s           2025-07-03T17:36:34
/home/airflow/.local/lib/python3.8/site-packages/airflow/example_dags/example_latest_only.py                                                               1           0  0.65s           2025-07-03T17:36:34
/home/airflow/.local/lib/python3.8/site-packages/airflow/example_dags/tutorial_objectstorage.py                                                            1           0  0.37s           2025-07-03T17:36:34
/home/airflow/.local/lib/python3.8/site-packages/airflow/example_dags/example_time_delta_sensor_async.py                                                   1           0  0.28s           2025-07-03T17:36:35
/home/airflow/.local/lib/python3.8/site-packages/airflow/example_dags/example_passing_params_via_test_command.py                                           1           0  0.43s           2025-07-03T17:36:36
/home/airflow/.local/lib/python3.8/site-packages/airflow/example_dags/example_nested_branch_dag.py                                                         1           0  0.42s           2025-07-03T17:36:36
/home/airflow/.local/lib/python3.8/site-packages/airflow/example_dags/example_dynamic_task_mapping_with_no_taskflow_operators.py                           1           0  0.34s           2025-07-03T17:36:38
/home/airflow/.local/lib/python3.8/site-packages/airflow/example_dags/example_params_trigger_ui.py                                                         1           0  0.59s           2025-07-03T17:36:39
/home/airflow/.local/lib/python3.8/site-packages/airflow/example_dags/example_sensors.py                                                                   1           0  0.26s           2025-07-03T17:36:40
/home/airflow/.local/lib/python3.8/site-packages/airflow/example_dags/example_task_group.py                                                                1           0  0.16s           2025-07-03T17:36:41
/home/airflow/.local/lib/python3.8/site-packages/airflow/example_dags/example_branch_operator_decorator.py                                                 1           0  0.34s           2025-07-03T17:36:43
/home/airflow/.local/lib/python3.8/site-packages/airflow/example_dags/example_local_kubernetes_executor.py                                                 1           0  0.28s           2025-07-03T17:36:42
/home/airflow/.local/lib/python3.8/site-packages/airflow/example_dags/example_setup_teardown_taskflow.py                                                   1           0  0.24s           2025-07-03T17:36:44
/home/airflow/.local/lib/python3.8/site-packages/airflow/example_dags/example_task_group_decorator.py                                                      1           0  0.86s           2025-07-03T17:36:46
/home/airflow/.local/lib/python3.8/site-packages/airflow/example_dags/example_dynamic_task_mapping.py                                                      1           0  0.65s           2025-07-03T17:36:46
/home/airflow/.local/lib/python3.8/site-packages/airflow/example_dags/example_short_circuit_decorator.py                                                   1           0  0.80s           2025-07-03T17:36:47
/home/airflow/.local/lib/python3.8/site-packages/airflow/example_dags/tutorial_taskflow_api_virtualenv.py                                                  1           0  0.82s           2025-07-03T17:36:47
/home/airflow/.local/lib/python3.8/site-packages/airflow/example_dags/example_bash_operator.py                                                             1           0  1.07s           2025-07-03T17:36:48
/home/airflow/.local/lib/python3.8/site-packages/airflow/example_dags/example_kubernetes_executor.py                                                       1           0  0.78s           2025-07-03T17:36:48
/home/airflow/.local/lib/python3.8/site-packages/airflow/example_dags/example_dag_decorator.py                                                             1           0  2.95s           2025-07-03T17:36:52
/home/airflow/.local/lib/python3.8/site-packages/airflow/example_dags/example_branch_labels.py                                                             1           0  0.63s           2025-07-03T17:36:49
/home/airflow/.local/lib/python3.8/site-packages/airflow/example_dags/example_short_circuit_operator.py                                                    1           0  0.95s           2025-07-03T17:36:50
/home/airflow/.local/lib/python3.8/site-packages/airflow/example_dags/example_python_decorator.py                                                          1           0  0.90s           2025-07-03T17:36:51
/home/airflow/.local/lib/python3.8/site-packages/airflow/example_dags/example_setup_teardown.py                                                            1           0  0.75s           2025-07-03T17:36:52
/home/airflow/.local/lib/python3.8/site-packages/airflow/example_dags/example_complex.py                                                                   1           0  0.89s           2025-07-03T17:36:53
/home/airflow/.local/lib/python3.8/site-packages/airflow/example_dags/example_branch_operator.py                                                           1           0  0.83s           2025-07-03T17:36:54
/home/airflow/.local/lib/python3.8/site-packages/airflow/example_dags/example_branch_day_of_week_operator.py                                               1           0  0.27s           2025-07-03T17:36:24
/home/airflow/.local/lib/python3.8/site-packages/airflow/example_dags/example_trigger_target_dag.py                                                        1           0  0.13s           2025-07-03T17:36:25
/home/airflow/.local/lib/python3.8/site-packages/airflow/example_dags/example_skip_dag.py                                                                  1           0  0.79s           2025-07-03T17:36:27
/home/airflow/.local/lib/python3.8/site-packages/airflow/example_dags/example_latest_only_with_trigger.py                                                  1           0  0.88s           2025-07-03T17:36:27
/home/airflow/.local/lib/python3.8/site-packages/airflow/example_dags/example_sla_dag.py                                                                   1           0  0.90s           2025-07-03T17:36:28
/home/airflow/.local/lib/python3.8/site-packages/airflow/example_dags/example_sensor_decorator.py                                                          1           0  0.72s           2025-07-03T17:36:28
/home/airflow/.local/lib/python3.8/site-packages/airflow/example_dags/example_xcomargs.py                                                                  2           0  0.23s           2025-07-03T17:36:40
/home/airflow/.local/lib/python3.8/site-packages/airflow/example_dags/example_external_task_marker_dag.py                                                  2           0  0.73s           2025-07-03T17:36:50
/home/airflow/.local/lib/python3.8/site-packages/airflow/example_dags/example_subdag_operator.py                                                           3           0  0.49s           2025-07-03T17:36:39
/home/airflow/.local/lib/python3.8/site-packages/airflow/example_dags/example_branch_datetime_operator.py                                                  3           0  0.33s           2025-07-03T17:36:44
/home/airflow/.local/lib/python3.8/site-packages/airflow/example_dags/example_datasets.py                                                                  6           0  1.03s           2025-07-03T17:36:46
================================================================================
[2025-07-03T17:37:24.775+0000] {manager.py:879} INFO - 
================================================================================
DAG File Processing Stats

File Path                                                                                                                           PID  Runtime      # DAGs    # Errors  Last Runtime    Last Run
--------------------------------------------------------------------------------------------------------------------------------  -----  ---------  --------  ----------  --------------  -------------------
/home/airflow/.local/lib/python3.8/site-packages/airflow/example_dags/plugins/listener_plugin.py                                                           0           0  0.18s           2025-07-03T17:36:58
/home/airflow/.local/lib/python3.8/site-packages/airflow/example_dags/plugins/event_listener.py                                                            0           0  0.16s           2025-07-03T17:36:59
/home/airflow/.local/lib/python3.8/site-packages/airflow/example_dags/plugins/workday.py                                                                   0           0  4.22s           2025-07-03T17:37:14
/home/airflow/.local/lib/python3.8/site-packages/airflow/example_dags/subdags/subdag.py                                                                    0           0  0.19s           2025-07-03T17:36:59
/home/airflow/.local/lib/python3.8/site-packages/airflow/example_dags/example_python_operator.py                                                           1           0  0.29s           2025-07-03T17:37:00
/home/airflow/.local/lib/python3.8/site-packages/airflow/example_dags/example_branch_python_dop_operator_3.py                                              1           0  0.31s           2025-07-03T17:37:00
/home/airflow/.local/lib/python3.8/site-packages/airflow/example_dags/tutorial_dag.py                                                                      1           0  0.21s           2025-07-03T17:37:01
/home/airflow/.local/lib/python3.8/site-packages/airflow/example_dags/example_xcom.py                                                                      1           0  0.30s           2025-07-03T17:37:01
/home/airflow/.local/lib/python3.8/site-packages/airflow/example_dags/tutorial.py                                                                          1           0  0.24s           2025-07-03T17:37:01
/home/airflow/.local/lib/python3.8/site-packages/airflow/example_dags/tutorial_taskflow_api.py                                                             1           0  0.13s           2025-07-03T17:37:02
/home/airflow/.local/lib/python3.8/site-packages/airflow/example_dags/example_trigger_controller_dag.py                                                    1           0  0.27s           2025-07-03T17:37:04
/home/airflow/.local/lib/python3.8/site-packages/airflow/example_dags/example_params_ui_tutorial.py                                                        1           0  0.29s           2025-07-03T17:37:04
/home/airflow/.local/lib/python3.8/site-packages/airflow/example_dags/example_latest_only.py                                                               1           0  0.45s           2025-07-03T17:37:05
/home/airflow/.local/lib/python3.8/site-packages/airflow/example_dags/tutorial_objectstorage.py                                                            1           0  0.60s           2025-07-03T17:37:05
/home/airflow/.local/lib/python3.8/site-packages/airflow/example_dags/example_time_delta_sensor_async.py                                                   1           0  0.33s           2025-07-03T17:37:05
/home/airflow/.local/lib/python3.8/site-packages/airflow/example_dags/example_passing_params_via_test_command.py                                           1           0  0.68s           2025-07-03T17:37:07
/home/airflow/.local/lib/python3.8/site-packages/airflow/example_dags/example_nested_branch_dag.py                                                         1           0  0.78s           2025-07-03T17:37:07
/home/airflow/.local/lib/python3.8/site-packages/airflow/example_dags/example_dynamic_task_mapping_with_no_taskflow_operators.py                           1           0  0.80s           2025-07-03T17:37:10
/home/airflow/.local/lib/python3.8/site-packages/airflow/example_dags/example_params_trigger_ui.py                                                         1           0  1.25s           2025-07-03T17:37:10
/home/airflow/.local/lib/python3.8/site-packages/airflow/example_dags/example_sensors.py                                                                   1           0  0.69s           2025-07-03T17:37:13
/home/airflow/.local/lib/python3.8/site-packages/airflow/example_dags/example_task_group.py                                                                1           0  0.42s           2025-07-03T17:37:14
/home/airflow/.local/lib/python3.8/site-packages/airflow/example_dags/example_branch_operator_decorator.py                                                 1           0  0.71s           2025-07-03T17:37:14
/home/airflow/.local/lib/python3.8/site-packages/airflow/example_dags/example_local_kubernetes_executor.py                                                 1           0  0.46s           2025-07-03T17:37:15
/home/airflow/.local/lib/python3.8/site-packages/airflow/example_dags/example_setup_teardown_taskflow.py                                                   1           0  0.41s           2025-07-03T17:37:15
/home/airflow/.local/lib/python3.8/site-packages/airflow/example_dags/example_task_group_decorator.py                                                      1           0  0.55s           2025-07-03T17:37:16
/home/airflow/.local/lib/python3.8/site-packages/airflow/example_dags/example_dynamic_task_mapping.py                                                      1           0  0.32s           2025-07-03T17:37:17
/home/airflow/.local/lib/python3.8/site-packages/airflow/example_dags/example_short_circuit_decorator.py                                                   1           0  0.21s           2025-07-03T17:37:17
/home/airflow/.local/lib/python3.8/site-packages/airflow/example_dags/tutorial_taskflow_api_virtualenv.py                                                  1           0  0.47s           2025-07-03T17:37:18
/home/airflow/.local/lib/python3.8/site-packages/airflow/example_dags/example_bash_operator.py                                                             1           0  0.66s           2025-07-03T17:37:19
/home/airflow/.local/lib/python3.8/site-packages/airflow/example_dags/example_kubernetes_executor.py                                                       1           0  0.55s           2025-07-03T17:37:19
/home/airflow/.local/lib/python3.8/site-packages/airflow/example_dags/example_dag_decorator.py                                                             1           0  0.89s           2025-07-03T17:37:23
/home/airflow/.local/lib/python3.8/site-packages/airflow/example_dags/example_branch_labels.py                                                             1           0  0.39s           2025-07-03T17:37:19
/home/airflow/.local/lib/python3.8/site-packages/airflow/example_dags/example_short_circuit_operator.py                                                    1           0  0.23s           2025-07-03T17:37:21
/home/airflow/.local/lib/python3.8/site-packages/airflow/example_dags/example_python_decorator.py                                                          1           0  0.40s           2025-07-03T17:37:23
/home/airflow/.local/lib/python3.8/site-packages/airflow/example_dags/example_setup_teardown.py                                                            1           0  0.39s           2025-07-03T17:37:23
/home/airflow/.local/lib/python3.8/site-packages/airflow/example_dags/example_complex.py                                                                   1           0  0.33s           2025-07-03T17:37:23
/home/airflow/.local/lib/python3.8/site-packages/airflow/example_dags/example_branch_operator.py                                    435  0.01s             1           0  0.83s           2025-07-03T17:36:54
/home/airflow/.local/lib/python3.8/site-packages/airflow/example_dags/example_branch_day_of_week_operator.py                                               1           0  0.35s           2025-07-03T17:36:55
/home/airflow/.local/lib/python3.8/site-packages/airflow/example_dags/example_trigger_target_dag.py                                                        1           0  0.24s           2025-07-03T17:36:55
/home/airflow/.local/lib/python3.8/site-packages/airflow/example_dags/example_skip_dag.py                                                                  1           0  0.35s           2025-07-03T17:36:58
/home/airflow/.local/lib/python3.8/site-packages/airflow/example_dags/example_latest_only_with_trigger.py                                                  1           0  0.48s           2025-07-03T17:36:58
/home/airflow/.local/lib/python3.8/site-packages/airflow/example_dags/example_sla_dag.py                                                                   1           0  0.31s           2025-07-03T17:36:58
/home/airflow/.local/lib/python3.8/site-packages/airflow/example_dags/example_sensor_decorator.py                                                          1           0  0.21s           2025-07-03T17:36:58
/home/airflow/.local/lib/python3.8/site-packages/airflow/example_dags/example_xcomargs.py                                                                  2           0  0.92s           2025-07-03T17:37:13
/home/airflow/.local/lib/python3.8/site-packages/airflow/example_dags/example_external_task_marker_dag.py                                                  2           0  0.18s           2025-07-03T17:37:20
/home/airflow/.local/lib/python3.8/site-packages/airflow/example_dags/example_subdag_operator.py                                                           3           0  1.24s           2025-07-03T17:37:12
/home/airflow/.local/lib/python3.8/site-packages/airflow/example_dags/example_branch_datetime_operator.py                                                  3           0  0.52s           2025-07-03T17:37:15
/home/airflow/.local/lib/python3.8/site-packages/airflow/example_dags/example_datasets.py                                                                  6           0  0.72s           2025-07-03T17:37:17
================================================================================
[2025-07-03T17:37:54.996+0000] {manager.py:879} INFO - 
================================================================================
DAG File Processing Stats

File Path                                                                                                                         PID    Runtime      # DAGs    # Errors  Last Runtime    Last Run
--------------------------------------------------------------------------------------------------------------------------------  -----  ---------  --------  ----------  --------------  -------------------
/home/airflow/.local/lib/python3.8/site-packages/airflow/example_dags/plugins/listener_plugin.py                                                           0           0  0.27s           2025-07-03T17:37:31
/home/airflow/.local/lib/python3.8/site-packages/airflow/example_dags/plugins/event_listener.py                                                            0           0  0.35s           2025-07-03T17:37:31
/home/airflow/.local/lib/python3.8/site-packages/airflow/example_dags/plugins/workday.py                                                                   0           0  3.13s           2025-07-03T17:37:48
/home/airflow/.local/lib/python3.8/site-packages/airflow/example_dags/subdags/subdag.py                                                                    0           0  0.30s           2025-07-03T17:37:31
/home/airflow/.local/lib/python3.8/site-packages/airflow/example_dags/example_python_operator.py                                                           1           0  0.51s           2025-07-03T17:37:31
/home/airflow/.local/lib/python3.8/site-packages/airflow/example_dags/example_branch_python_dop_operator_3.py                                              1           0  0.78s           2025-07-03T17:37:31
/home/airflow/.local/lib/python3.8/site-packages/airflow/example_dags/tutorial_dag.py                                                                      1           0  0.85s           2025-07-03T17:37:32
/home/airflow/.local/lib/python3.8/site-packages/airflow/example_dags/example_xcom.py                                                                      1           0  1.10s           2025-07-03T17:37:33
/home/airflow/.local/lib/python3.8/site-packages/airflow/example_dags/tutorial.py                                                                          1           0  0.82s           2025-07-03T17:37:33
/home/airflow/.local/lib/python3.8/site-packages/airflow/example_dags/tutorial_taskflow_api.py                                                             1           0  0.28s           2025-07-03T17:37:33
/home/airflow/.local/lib/python3.8/site-packages/airflow/example_dags/example_trigger_controller_dag.py                                                    1           0  0.85s           2025-07-03T17:37:35
/home/airflow/.local/lib/python3.8/site-packages/airflow/example_dags/example_params_ui_tutorial.py                                                        1           0  0.96s           2025-07-03T17:37:35
/home/airflow/.local/lib/python3.8/site-packages/airflow/example_dags/example_latest_only.py                                                               1           0  0.21s           2025-07-03T17:37:35
/home/airflow/.local/lib/python3.8/site-packages/airflow/example_dags/tutorial_objectstorage.py                                                            1           0  0.35s           2025-07-03T17:37:36
/home/airflow/.local/lib/python3.8/site-packages/airflow/example_dags/example_time_delta_sensor_async.py                                                   1           0  0.28s           2025-07-03T17:37:36
/home/airflow/.local/lib/python3.8/site-packages/airflow/example_dags/example_passing_params_via_test_command.py                                           1           0  0.37s           2025-07-03T17:37:37
/home/airflow/.local/lib/python3.8/site-packages/airflow/example_dags/example_nested_branch_dag.py                                                         1           0  0.31s           2025-07-03T17:37:38
/home/airflow/.local/lib/python3.8/site-packages/airflow/example_dags/example_dynamic_task_mapping_with_no_taskflow_operators.py                           1           0  0.44s           2025-07-03T17:37:41
/home/airflow/.local/lib/python3.8/site-packages/airflow/example_dags/example_params_trigger_ui.py                                                         1           0  0.80s           2025-07-03T17:37:41
/home/airflow/.local/lib/python3.8/site-packages/airflow/example_dags/example_sensors.py                                                                   1           0  0.48s           2025-07-03T17:37:44
/home/airflow/.local/lib/python3.8/site-packages/airflow/example_dags/example_task_group.py                                                                1           0  0.74s           2025-07-03T17:37:45
/home/airflow/.local/lib/python3.8/site-packages/airflow/example_dags/example_branch_operator_decorator.py                                                 1           0  1.18s           2025-07-03T17:37:46
/home/airflow/.local/lib/python3.8/site-packages/airflow/example_dags/example_local_kubernetes_executor.py                                                 1           0  0.56s           2025-07-03T17:37:47
/home/airflow/.local/lib/python3.8/site-packages/airflow/example_dags/example_setup_teardown_taskflow.py                                                   1           0  0.66s           2025-07-03T17:37:47
/home/airflow/.local/lib/python3.8/site-packages/airflow/example_dags/example_task_group_decorator.py                                                      1           0  0.79s           2025-07-03T17:37:48
/home/airflow/.local/lib/python3.8/site-packages/airflow/example_dags/example_dynamic_task_mapping.py                                                      1           0  0.45s           2025-07-03T17:37:49
/home/airflow/.local/lib/python3.8/site-packages/airflow/example_dags/example_short_circuit_decorator.py                                                   1           0  0.60s           2025-07-03T17:37:50
/home/airflow/.local/lib/python3.8/site-packages/airflow/example_dags/tutorial_taskflow_api_virtualenv.py                                                  1           0  0.47s           2025-07-03T17:37:50
/home/airflow/.local/lib/python3.8/site-packages/airflow/example_dags/example_bash_operator.py                                                             1           0  0.27s           2025-07-03T17:37:50
/home/airflow/.local/lib/python3.8/site-packages/airflow/example_dags/example_kubernetes_executor.py                                                       1           0  0.40s           2025-07-03T17:37:50
/home/airflow/.local/lib/python3.8/site-packages/airflow/example_dags/example_dag_decorator.py                                                             1           0  1.26s           2025-07-03T17:37:54
/home/airflow/.local/lib/python3.8/site-packages/airflow/example_dags/example_branch_labels.py                                                             1           0  0.84s           2025-07-03T17:37:51
/home/airflow/.local/lib/python3.8/site-packages/airflow/example_dags/example_short_circuit_operator.py                                                    1           0  0.68s           2025-07-03T17:37:53
/home/airflow/.local/lib/python3.8/site-packages/airflow/example_dags/example_python_decorator.py                                                          1           0  0.36s           2025-07-03T17:37:53
/home/airflow/.local/lib/python3.8/site-packages/airflow/example_dags/example_setup_teardown.py                                                            1           0  0.42s           2025-07-03T17:37:54
/home/airflow/.local/lib/python3.8/site-packages/airflow/example_dags/example_complex.py                                                                   1           0  0.43s           2025-07-03T17:37:54
/home/airflow/.local/lib/python3.8/site-packages/airflow/example_dags/example_branch_operator.py                                                           1           0  0.75s           2025-07-03T17:37:25
/home/airflow/.local/lib/python3.8/site-packages/airflow/example_dags/example_branch_day_of_week_operator.py                                               1           0  1.03s           2025-07-03T17:37:26
/home/airflow/.local/lib/python3.8/site-packages/airflow/example_dags/example_trigger_target_dag.py                                                        1           0  0.89s           2025-07-03T17:37:26
/home/airflow/.local/lib/python3.8/site-packages/airflow/example_dags/example_skip_dag.py                                                                  1           0  0.68s           2025-07-03T17:37:29
/home/airflow/.local/lib/python3.8/site-packages/airflow/example_dags/example_latest_only_with_trigger.py                                                  1           0  0.76s           2025-07-03T17:37:29
/home/airflow/.local/lib/python3.8/site-packages/airflow/example_dags/example_sla_dag.py                                                                   1           0  1.00s           2025-07-03T17:37:30
/home/airflow/.local/lib/python3.8/site-packages/airflow/example_dags/example_sensor_decorator.py                                                          1           0  0.82s           2025-07-03T17:37:30
/home/airflow/.local/lib/python3.8/site-packages/airflow/example_dags/example_xcomargs.py                                                                  2           0  0.15s           2025-07-03T17:37:43
/home/airflow/.local/lib/python3.8/site-packages/airflow/example_dags/example_external_task_marker_dag.py                                                  2           0  0.72s           2025-07-03T17:37:51
/home/airflow/.local/lib/python3.8/site-packages/airflow/example_dags/example_subdag_operator.py                                                           3           0  0.22s           2025-07-03T17:37:42
/home/airflow/.local/lib/python3.8/site-packages/airflow/example_dags/example_branch_datetime_operator.py                                                  3           0  0.76s           2025-07-03T17:37:48
/home/airflow/.local/lib/python3.8/site-packages/airflow/example_dags/example_datasets.py                                                                  6           0  1.01s           2025-07-03T17:37:49
================================================================================
[2025-07-03T17:38:25.340+0000] {manager.py:879} INFO - 
================================================================================
DAG File Processing Stats

File Path                                                                                                                           PID  Runtime      # DAGs    # Errors  Last Runtime    Last Run
--------------------------------------------------------------------------------------------------------------------------------  -----  ---------  --------  ----------  --------------  -------------------
/home/airflow/.local/lib/python3.8/site-packages/airflow/example_dags/plugins/listener_plugin.py                                                           0           0  0.14s           2025-07-03T17:38:02
/home/airflow/.local/lib/python3.8/site-packages/airflow/example_dags/plugins/event_listener.py                                                            0           0  0.12s           2025-07-03T17:38:02
/home/airflow/.local/lib/python3.8/site-packages/airflow/example_dags/plugins/workday.py                                                                   0           0  0.75s           2025-07-03T17:38:19
/home/airflow/.local/lib/python3.8/site-packages/airflow/example_dags/subdags/subdag.py                                                                    0           0  0.08s           2025-07-03T17:38:02
/home/airflow/.local/lib/python3.8/site-packages/airflow/example_dags/example_python_operator.py                                                           1           0  0.35s           2025-07-03T17:38:02
/home/airflow/.local/lib/python3.8/site-packages/airflow/example_dags/example_branch_python_dop_operator_3.py                                              1           0  0.38s           2025-07-03T17:38:02
/home/airflow/.local/lib/python3.8/site-packages/airflow/example_dags/tutorial_dag.py                                                                      1           0  0.55s           2025-07-03T17:38:03
/home/airflow/.local/lib/python3.8/site-packages/airflow/example_dags/example_xcom.py                                                                      1           0  0.43s           2025-07-03T17:38:03
/home/airflow/.local/lib/python3.8/site-packages/airflow/example_dags/tutorial.py                                                                          1           0  0.68s           2025-07-03T17:38:04
/home/airflow/.local/lib/python3.8/site-packages/airflow/example_dags/tutorial_taskflow_api.py                                                             1           0  0.61s           2025-07-03T17:38:04
/home/airflow/.local/lib/python3.8/site-packages/airflow/example_dags/example_trigger_controller_dag.py                                                    1           0  0.39s           2025-07-03T17:38:05
/home/airflow/.local/lib/python3.8/site-packages/airflow/example_dags/example_params_ui_tutorial.py                                                        1           0  1.03s           2025-07-03T17:38:06
/home/airflow/.local/lib/python3.8/site-packages/airflow/example_dags/example_latest_only.py                                                               1           0  0.61s           2025-07-03T17:38:06
/home/airflow/.local/lib/python3.8/site-packages/airflow/example_dags/tutorial_objectstorage.py                                                            1           0  0.59s           2025-07-03T17:38:07
/home/airflow/.local/lib/python3.8/site-packages/airflow/example_dags/example_time_delta_sensor_async.py                                                   1           0  0.46s           2025-07-03T17:38:07
/home/airflow/.local/lib/python3.8/site-packages/airflow/example_dags/example_passing_params_via_test_command.py                                           1           0  0.49s           2025-07-03T17:38:08
/home/airflow/.local/lib/python3.8/site-packages/airflow/example_dags/example_nested_branch_dag.py                                                         1           0  0.46s           2025-07-03T17:38:08
/home/airflow/.local/lib/python3.8/site-packages/airflow/example_dags/example_dynamic_task_mapping_with_no_taskflow_operators.py                           1           0  0.36s           2025-07-03T17:38:12
/home/airflow/.local/lib/python3.8/site-packages/airflow/example_dags/example_params_trigger_ui.py                                                         1           0  0.67s           2025-07-03T17:38:12
/home/airflow/.local/lib/python3.8/site-packages/airflow/example_dags/example_sensors.py                                                                   1           0  0.46s           2025-07-03T17:38:15
/home/airflow/.local/lib/python3.8/site-packages/airflow/example_dags/example_task_group.py                                                                1           0  0.44s           2025-07-03T17:38:15
/home/airflow/.local/lib/python3.8/site-packages/airflow/example_dags/example_branch_operator_decorator.py                                                 1           0  0.32s           2025-07-03T17:38:17
/home/airflow/.local/lib/python3.8/site-packages/airflow/example_dags/example_local_kubernetes_executor.py                                                 1           0  0.16s           2025-07-03T17:38:17
/home/airflow/.local/lib/python3.8/site-packages/airflow/example_dags/example_setup_teardown_taskflow.py                                                   1           0  0.17s           2025-07-03T17:38:18
/home/airflow/.local/lib/python3.8/site-packages/airflow/example_dags/example_task_group_decorator.py                                                      1           0  0.38s           2025-07-03T17:38:19
/home/airflow/.local/lib/python3.8/site-packages/airflow/example_dags/example_dynamic_task_mapping.py                                                      1           0  0.14s           2025-07-03T17:38:19
/home/airflow/.local/lib/python3.8/site-packages/airflow/example_dags/example_short_circuit_decorator.py                                                   1           0  0.67s           2025-07-03T17:38:21
/home/airflow/.local/lib/python3.8/site-packages/airflow/example_dags/tutorial_taskflow_api_virtualenv.py                                                  1           0  0.45s           2025-07-03T17:38:21
/home/airflow/.local/lib/python3.8/site-packages/airflow/example_dags/example_bash_operator.py                                                             1           0  0.59s           2025-07-03T17:38:21
/home/airflow/.local/lib/python3.8/site-packages/airflow/example_dags/example_kubernetes_executor.py                                                       1           0  0.62s           2025-07-03T17:38:21
/home/airflow/.local/lib/python3.8/site-packages/airflow/example_dags/example_dag_decorator.py                                      554  0.07s             1           0  1.26s           2025-07-03T17:37:54
/home/airflow/.local/lib/python3.8/site-packages/airflow/example_dags/example_branch_labels.py                                                             1           0  0.82s           2025-07-03T17:38:22
/home/airflow/.local/lib/python3.8/site-packages/airflow/example_dags/example_short_circuit_operator.py                                                    1           0  0.50s           2025-07-03T17:38:24
/home/airflow/.local/lib/python3.8/site-packages/airflow/example_dags/example_python_decorator.py                                                          1           0  0.48s           2025-07-03T17:38:24
/home/airflow/.local/lib/python3.8/site-packages/airflow/example_dags/example_setup_teardown.py                                                            1           0  0.25s           2025-07-03T17:38:24
/home/airflow/.local/lib/python3.8/site-packages/airflow/example_dags/example_complex.py                                            555  0.04s             1           0  0.43s           2025-07-03T17:37:54
/home/airflow/.local/lib/python3.8/site-packages/airflow/example_dags/example_branch_operator.py                                                           1           0  0.39s           2025-07-03T17:37:55
/home/airflow/.local/lib/python3.8/site-packages/airflow/example_dags/example_branch_day_of_week_operator.py                                               1           0  0.32s           2025-07-03T17:37:57
/home/airflow/.local/lib/python3.8/site-packages/airflow/example_dags/example_trigger_target_dag.py                                                        1           0  0.24s           2025-07-03T17:37:57
/home/airflow/.local/lib/python3.8/site-packages/airflow/example_dags/example_skip_dag.py                                                                  1           0  0.30s           2025-07-03T17:38:00
/home/airflow/.local/lib/python3.8/site-packages/airflow/example_dags/example_latest_only_with_trigger.py                                                  1           0  0.26s           2025-07-03T17:38:00
/home/airflow/.local/lib/python3.8/site-packages/airflow/example_dags/example_sla_dag.py                                                                   1           0  0.16s           2025-07-03T17:38:00
/home/airflow/.local/lib/python3.8/site-packages/airflow/example_dags/example_sensor_decorator.py                                                          1           0  0.13s           2025-07-03T17:38:00
/home/airflow/.local/lib/python3.8/site-packages/airflow/example_dags/example_xcomargs.py                                                                  2           0  0.35s           2025-07-03T17:38:14
/home/airflow/.local/lib/python3.8/site-packages/airflow/example_dags/example_external_task_marker_dag.py                                                  2           0  0.65s           2025-07-03T17:38:22
/home/airflow/.local/lib/python3.8/site-packages/airflow/example_dags/example_subdag_operator.py                                                           3           0  0.48s           2025-07-03T17:38:13
/home/airflow/.local/lib/python3.8/site-packages/airflow/example_dags/example_branch_datetime_operator.py                                                  3           0  0.34s           2025-07-03T17:38:19
/home/airflow/.local/lib/python3.8/site-packages/airflow/example_dags/example_datasets.py                                                                  6           0  0.23s           2025-07-03T17:38:19
================================================================================
[2025-07-03T17:38:55.715+0000] {manager.py:879} INFO - 
================================================================================
DAG File Processing Stats

File Path                                                                                                                         PID    Runtime      # DAGs    # Errors  Last Runtime    Last Run
--------------------------------------------------------------------------------------------------------------------------------  -----  ---------  --------  ----------  --------------  -------------------
/home/airflow/.local/lib/python3.8/site-packages/airflow/example_dags/plugins/listener_plugin.py                                                           0           0  0.18s           2025-07-03T17:38:33
/home/airflow/.local/lib/python3.8/site-packages/airflow/example_dags/plugins/event_listener.py                                                            0           0  0.12s           2025-07-03T17:38:33
/home/airflow/.local/lib/python3.8/site-packages/airflow/example_dags/plugins/workday.py                                                                   0           0  2.10s           2025-07-03T17:38:51
/home/airflow/.local/lib/python3.8/site-packages/airflow/example_dags/subdags/subdag.py                                                                    0           0  0.10s           2025-07-03T17:38:33
/home/airflow/.local/lib/python3.8/site-packages/airflow/example_dags/example_python_operator.py                                                           1           0  0.42s           2025-07-03T17:38:32
/home/airflow/.local/lib/python3.8/site-packages/airflow/example_dags/example_branch_python_dop_operator_3.py                                              1           0  0.61s           2025-07-03T17:38:33
/home/airflow/.local/lib/python3.8/site-packages/airflow/example_dags/tutorial_dag.py                                                                      1           0  0.39s           2025-07-03T17:38:34
/home/airflow/.local/lib/python3.8/site-packages/airflow/example_dags/example_xcom.py                                                                      1           0  0.48s           2025-07-03T17:38:34
/home/airflow/.local/lib/python3.8/site-packages/airflow/example_dags/tutorial.py                                                                          1           0  0.49s           2025-07-03T17:38:35
/home/airflow/.local/lib/python3.8/site-packages/airflow/example_dags/tutorial_taskflow_api.py                                                             1           0  0.33s           2025-07-03T17:38:35
/home/airflow/.local/lib/python3.8/site-packages/airflow/example_dags/example_trigger_controller_dag.py                                                    1           0  0.14s           2025-07-03T17:38:36
/home/airflow/.local/lib/python3.8/site-packages/airflow/example_dags/example_params_ui_tutorial.py                                                        1           0  0.35s           2025-07-03T17:38:37
/home/airflow/.local/lib/python3.8/site-packages/airflow/example_dags/example_latest_only.py                                                               1           0  0.28s           2025-07-03T17:38:37
/home/airflow/.local/lib/python3.8/site-packages/airflow/example_dags/tutorial_objectstorage.py                                                            1           0  0.20s           2025-07-03T17:38:37
/home/airflow/.local/lib/python3.8/site-packages/airflow/example_dags/example_time_delta_sensor_async.py                                                   1           0  0.24s           2025-07-03T17:38:37
/home/airflow/.local/lib/python3.8/site-packages/airflow/example_dags/example_passing_params_via_test_command.py                                           1           0  0.27s           2025-07-03T17:38:39
/home/airflow/.local/lib/python3.8/site-packages/airflow/example_dags/example_nested_branch_dag.py                                                         1           0  0.54s           2025-07-03T17:38:39
/home/airflow/.local/lib/python3.8/site-packages/airflow/example_dags/example_dynamic_task_mapping_with_no_taskflow_operators.py                           1           0  0.40s           2025-07-03T17:38:43
/home/airflow/.local/lib/python3.8/site-packages/airflow/example_dags/example_params_trigger_ui.py                                                         1           0  0.42s           2025-07-03T17:38:43
/home/airflow/.local/lib/python3.8/site-packages/airflow/example_dags/example_sensors.py                                                                   1           0  0.43s           2025-07-03T17:38:46
/home/airflow/.local/lib/python3.8/site-packages/airflow/example_dags/example_task_group.py                                                                1           0  0.46s           2025-07-03T17:38:46
/home/airflow/.local/lib/python3.8/site-packages/airflow/example_dags/example_branch_operator_decorator.py                                                 1           0  0.54s           2025-07-03T17:38:47
/home/airflow/.local/lib/python3.8/site-packages/airflow/example_dags/example_local_kubernetes_executor.py                                                 1           0  0.38s           2025-07-03T17:38:47
/home/airflow/.local/lib/python3.8/site-packages/airflow/example_dags/example_setup_teardown_taskflow.py                                                   1           0  0.33s           2025-07-03T17:38:49
/home/airflow/.local/lib/python3.8/site-packages/airflow/example_dags/example_task_group_decorator.py                                                      1           0  0.43s           2025-07-03T17:38:51
/home/airflow/.local/lib/python3.8/site-packages/airflow/example_dags/example_dynamic_task_mapping.py                                                      1           0  0.33s           2025-07-03T17:38:52
/home/airflow/.local/lib/python3.8/site-packages/airflow/example_dags/example_short_circuit_decorator.py                                                   1           0  0.57s           2025-07-03T17:38:52
/home/airflow/.local/lib/python3.8/site-packages/airflow/example_dags/tutorial_taskflow_api_virtualenv.py                                                  1           0  0.39s           2025-07-03T17:38:52
/home/airflow/.local/lib/python3.8/site-packages/airflow/example_dags/example_bash_operator.py                                                             1           0  0.52s           2025-07-03T17:38:53
/home/airflow/.local/lib/python3.8/site-packages/airflow/example_dags/example_kubernetes_executor.py                                                       1           0  0.44s           2025-07-03T17:38:53
/home/airflow/.local/lib/python3.8/site-packages/airflow/example_dags/example_dag_decorator.py                                                             1           0  2.26s           2025-07-03T17:38:27
/home/airflow/.local/lib/python3.8/site-packages/airflow/example_dags/example_branch_labels.py                                                             1           0  0.39s           2025-07-03T17:38:53
/home/airflow/.local/lib/python3.8/site-packages/airflow/example_dags/example_short_circuit_operator.py                                                    1           0  0.20s           2025-07-03T17:38:54
/home/airflow/.local/lib/python3.8/site-packages/airflow/example_dags/example_python_decorator.py                                                          1           0  0.20s           2025-07-03T17:38:54
/home/airflow/.local/lib/python3.8/site-packages/airflow/example_dags/example_setup_teardown.py                                                            1           0  0.13s           2025-07-03T17:38:54
/home/airflow/.local/lib/python3.8/site-packages/airflow/example_dags/example_complex.py                                                                   1           0  1.06s           2025-07-03T17:38:26
/home/airflow/.local/lib/python3.8/site-packages/airflow/example_dags/example_branch_operator.py                                                           1           0  0.71s           2025-07-03T17:38:26
/home/airflow/.local/lib/python3.8/site-packages/airflow/example_dags/example_branch_day_of_week_operator.py                                               1           0  0.81s           2025-07-03T17:38:28
/home/airflow/.local/lib/python3.8/site-packages/airflow/example_dags/example_trigger_target_dag.py                                                        1           0  0.39s           2025-07-03T17:38:27
/home/airflow/.local/lib/python3.8/site-packages/airflow/example_dags/example_skip_dag.py                                                                  1           0  0.50s           2025-07-03T17:38:31
/home/airflow/.local/lib/python3.8/site-packages/airflow/example_dags/example_latest_only_with_trigger.py                                                  1           0  0.39s           2025-07-03T17:38:30
/home/airflow/.local/lib/python3.8/site-packages/airflow/example_dags/example_sla_dag.py                                                                   1           0  0.43s           2025-07-03T17:38:31
/home/airflow/.local/lib/python3.8/site-packages/airflow/example_dags/example_sensor_decorator.py                                                          1           0  0.27s           2025-07-03T17:38:31
/home/airflow/.local/lib/python3.8/site-packages/airflow/example_dags/example_xcomargs.py                                                                  2           0  0.39s           2025-07-03T17:38:45
/home/airflow/.local/lib/python3.8/site-packages/airflow/example_dags/example_external_task_marker_dag.py                                                  2           0  0.38s           2025-07-03T17:38:53
/home/airflow/.local/lib/python3.8/site-packages/airflow/example_dags/example_subdag_operator.py                                                           3           0  0.43s           2025-07-03T17:38:43
/home/airflow/.local/lib/python3.8/site-packages/airflow/example_dags/example_branch_datetime_operator.py                                                  3           0  0.53s           2025-07-03T17:38:50
/home/airflow/.local/lib/python3.8/site-packages/airflow/example_dags/example_datasets.py                                                                  6           0  0.78s           2025-07-03T17:38:51
================================================================================
[2025-07-03T17:39:26.299+0000] {manager.py:879} INFO - 
================================================================================
DAG File Processing Stats

File Path                                                                                                                         PID    Runtime      # DAGs    # Errors  Last Runtime    Last Run
--------------------------------------------------------------------------------------------------------------------------------  -----  ---------  --------  ----------  --------------  -------------------
/home/airflow/.local/lib/python3.8/site-packages/airflow/example_dags/plugins/listener_plugin.py                                                           0           0  0.05s           2025-07-03T17:39:03
/home/airflow/.local/lib/python3.8/site-packages/airflow/example_dags/plugins/event_listener.py                                                            0           0  0.05s           2025-07-03T17:39:03
/home/airflow/.local/lib/python3.8/site-packages/airflow/example_dags/plugins/workday.py                                                                   0           0  1.41s           2025-07-03T17:39:23
/home/airflow/.local/lib/python3.8/site-packages/airflow/example_dags/subdags/subdag.py                                                                    0           0  0.06s           2025-07-03T17:39:03
/home/airflow/.local/lib/python3.8/site-packages/airflow/example_dags/example_python_operator.py                                                           1           0  0.19s           2025-07-03T17:39:03
/home/airflow/.local/lib/python3.8/site-packages/airflow/example_dags/example_branch_python_dop_operator_3.py                                              1           0  0.18s           2025-07-03T17:39:03
/home/airflow/.local/lib/python3.8/site-packages/airflow/example_dags/tutorial_dag.py                                                                      1           0  0.25s           2025-07-03T17:39:05
/home/airflow/.local/lib/python3.8/site-packages/airflow/example_dags/example_xcom.py                                                                      1           0  0.31s           2025-07-03T17:39:05
/home/airflow/.local/lib/python3.8/site-packages/airflow/example_dags/tutorial.py                                                                          1           0  0.25s           2025-07-03T17:39:06
/home/airflow/.local/lib/python3.8/site-packages/airflow/example_dags/tutorial_taskflow_api.py                                                             1           0  0.21s           2025-07-03T17:39:06
/home/airflow/.local/lib/python3.8/site-packages/airflow/example_dags/example_trigger_controller_dag.py                                                    1           0  0.14s           2025-07-03T17:39:07
/home/airflow/.local/lib/python3.8/site-packages/airflow/example_dags/example_params_ui_tutorial.py                                                        1           0  0.55s           2025-07-03T17:39:08
/home/airflow/.local/lib/python3.8/site-packages/airflow/example_dags/example_latest_only.py                                                               1           0  0.23s           2025-07-03T17:39:08
/home/airflow/.local/lib/python3.8/site-packages/airflow/example_dags/tutorial_objectstorage.py                                                            1           0  0.24s           2025-07-03T17:39:08
/home/airflow/.local/lib/python3.8/site-packages/airflow/example_dags/example_time_delta_sensor_async.py                                                   1           0  0.25s           2025-07-03T17:39:08
/home/airflow/.local/lib/python3.8/site-packages/airflow/example_dags/example_passing_params_via_test_command.py                                           1           0  0.35s           2025-07-03T17:39:10
/home/airflow/.local/lib/python3.8/site-packages/airflow/example_dags/example_nested_branch_dag.py                                                         1           0  0.36s           2025-07-03T17:39:10
/home/airflow/.local/lib/python3.8/site-packages/airflow/example_dags/example_dynamic_task_mapping_with_no_taskflow_operators.py                           1           0  0.17s           2025-07-03T17:39:13
/home/airflow/.local/lib/python3.8/site-packages/airflow/example_dags/example_params_trigger_ui.py                                                         1           0  0.26s           2025-07-03T17:39:14
/home/airflow/.local/lib/python3.8/site-packages/airflow/example_dags/example_sensors.py                                                                   1           0  0.16s           2025-07-03T17:39:16
/home/airflow/.local/lib/python3.8/site-packages/airflow/example_dags/example_task_group.py                                                                1           0  0.16s           2025-07-03T17:39:16
/home/airflow/.local/lib/python3.8/site-packages/airflow/example_dags/example_branch_operator_decorator.py                                                 1           0  0.22s           2025-07-03T17:39:18
/home/airflow/.local/lib/python3.8/site-packages/airflow/example_dags/example_local_kubernetes_executor.py                                                 1           0  0.17s           2025-07-03T17:39:18
/home/airflow/.local/lib/python3.8/site-packages/airflow/example_dags/example_setup_teardown_taskflow.py                                                   1           0  0.17s           2025-07-03T17:39:19
/home/airflow/.local/lib/python3.8/site-packages/airflow/example_dags/example_task_group_decorator.py                                                      1           0  0.28s           2025-07-03T17:39:22
/home/airflow/.local/lib/python3.8/site-packages/airflow/example_dags/example_dynamic_task_mapping.py                                                      1           0  0.25s           2025-07-03T17:39:22
/home/airflow/.local/lib/python3.8/site-packages/airflow/example_dags/example_short_circuit_decorator.py                                                   1           0  0.36s           2025-07-03T17:39:23
/home/airflow/.local/lib/python3.8/site-packages/airflow/example_dags/tutorial_taskflow_api_virtualenv.py                                                  1           0  0.30s           2025-07-03T17:39:23
/home/airflow/.local/lib/python3.8/site-packages/airflow/example_dags/example_bash_operator.py                                                             1           0  0.42s           2025-07-03T17:39:23
/home/airflow/.local/lib/python3.8/site-packages/airflow/example_dags/example_kubernetes_executor.py                                                       1           0  0.75s           2025-07-03T17:39:24
/home/airflow/.local/lib/python3.8/site-packages/airflow/example_dags/example_dag_decorator.py                                                             1           0  0.93s           2025-07-03T17:38:58
/home/airflow/.local/lib/python3.8/site-packages/airflow/example_dags/example_branch_labels.py                                                             1           0  0.54s           2025-07-03T17:39:24
/home/airflow/.local/lib/python3.8/site-packages/airflow/example_dags/example_short_circuit_operator.py                                                    1           0  0.29s           2025-07-03T17:39:25
/home/airflow/.local/lib/python3.8/site-packages/airflow/example_dags/example_python_decorator.py                                                          1           0  0.32s           2025-07-03T17:39:25
/home/airflow/.local/lib/python3.8/site-packages/airflow/example_dags/example_setup_teardown.py                                                            1           0  0.19s           2025-07-03T17:39:25
/home/airflow/.local/lib/python3.8/site-packages/airflow/example_dags/example_complex.py                                                                   1           0  0.20s           2025-07-03T17:38:56
/home/airflow/.local/lib/python3.8/site-packages/airflow/example_dags/example_branch_operator.py                                                           1           0  0.40s           2025-07-03T17:38:58
/home/airflow/.local/lib/python3.8/site-packages/airflow/example_dags/example_branch_day_of_week_operator.py                                               1           0  0.19s           2025-07-03T17:38:58
/home/airflow/.local/lib/python3.8/site-packages/airflow/example_dags/example_trigger_target_dag.py                                                        1           0  0.31s           2025-07-03T17:38:58
/home/airflow/.local/lib/python3.8/site-packages/airflow/example_dags/example_skip_dag.py                                                                  1           0  0.16s           2025-07-03T17:39:02
/home/airflow/.local/lib/python3.8/site-packages/airflow/example_dags/example_latest_only_with_trigger.py                                                  1           0  0.12s           2025-07-03T17:39:01
/home/airflow/.local/lib/python3.8/site-packages/airflow/example_dags/example_sla_dag.py                                                                   1           0  0.17s           2025-07-03T17:39:02
/home/airflow/.local/lib/python3.8/site-packages/airflow/example_dags/example_sensor_decorator.py                                                          1           0  0.11s           2025-07-03T17:39:02
/home/airflow/.local/lib/python3.8/site-packages/airflow/example_dags/example_xcomargs.py                                                                  2           0  0.13s           2025-07-03T17:39:15
/home/airflow/.local/lib/python3.8/site-packages/airflow/example_dags/example_external_task_marker_dag.py                                                  2           0  0.45s           2025-07-03T17:39:24
/home/airflow/.local/lib/python3.8/site-packages/airflow/example_dags/example_subdag_operator.py                                                           3           0  0.22s           2025-07-03T17:39:14
/home/airflow/.local/lib/python3.8/site-packages/airflow/example_dags/example_branch_datetime_operator.py                                                  3           0  0.31s           2025-07-03T17:39:21
/home/airflow/.local/lib/python3.8/site-packages/airflow/example_dags/example_datasets.py                                                                  6           0  0.43s           2025-07-03T17:39:22
================================================================================
[2025-07-03T17:39:56.825+0000] {manager.py:879} INFO - 
================================================================================
DAG File Processing Stats

File Path                                                                                                                           PID  Runtime      # DAGs    # Errors  Last Runtime    Last Run
--------------------------------------------------------------------------------------------------------------------------------  -----  ---------  --------  ----------  --------------  -------------------
/home/airflow/.local/lib/python3.8/site-packages/airflow/example_dags/plugins/listener_plugin.py                                                           0           0  0.09s           2025-07-03T17:39:34
/home/airflow/.local/lib/python3.8/site-packages/airflow/example_dags/plugins/event_listener.py                                                            0           0  0.11s           2025-07-03T17:39:34
/home/airflow/.local/lib/python3.8/site-packages/airflow/example_dags/plugins/workday.py                                            740  2.85s             0           0  1.41s           2025-07-03T17:39:23
/home/airflow/.local/lib/python3.8/site-packages/airflow/example_dags/subdags/subdag.py                                                                    0           0  0.08s           2025-07-03T17:39:34
/home/airflow/.local/lib/python3.8/site-packages/airflow/example_dags/example_python_operator.py                                                           1           0  0.15s           2025-07-03T17:39:34
/home/airflow/.local/lib/python3.8/site-packages/airflow/example_dags/example_branch_python_dop_operator_3.py                                              1           0  0.18s           2025-07-03T17:39:34
/home/airflow/.local/lib/python3.8/site-packages/airflow/example_dags/tutorial_dag.py                                                                      1           0  0.24s           2025-07-03T17:39:36
/home/airflow/.local/lib/python3.8/site-packages/airflow/example_dags/example_xcom.py                                                                      1           0  0.42s           2025-07-03T17:39:36
/home/airflow/.local/lib/python3.8/site-packages/airflow/example_dags/tutorial.py                                                                          1           0  0.23s           2025-07-03T17:39:36
/home/airflow/.local/lib/python3.8/site-packages/airflow/example_dags/tutorial_taskflow_api.py                                                             1           0  0.16s           2025-07-03T17:39:36
/home/airflow/.local/lib/python3.8/site-packages/airflow/example_dags/example_trigger_controller_dag.py                                                    1           0  0.14s           2025-07-03T17:39:37
/home/airflow/.local/lib/python3.8/site-packages/airflow/example_dags/example_params_ui_tutorial.py                                                        1           0  0.86s           2025-07-03T17:39:39
/home/airflow/.local/lib/python3.8/site-packages/airflow/example_dags/example_latest_only.py                                                               1           0  0.51s           2025-07-03T17:39:39
/home/airflow/.local/lib/python3.8/site-packages/airflow/example_dags/tutorial_objectstorage.py                                                            1           0  0.40s           2025-07-03T17:39:39
/home/airflow/.local/lib/python3.8/site-packages/airflow/example_dags/example_time_delta_sensor_async.py                                                   1           0  0.29s           2025-07-03T17:39:40
/home/airflow/.local/lib/python3.8/site-packages/airflow/example_dags/example_passing_params_via_test_command.py                                           1           0  0.37s           2025-07-03T17:39:40
/home/airflow/.local/lib/python3.8/site-packages/airflow/example_dags/example_nested_branch_dag.py                                                         1           0  0.43s           2025-07-03T17:39:40
/home/airflow/.local/lib/python3.8/site-packages/airflow/example_dags/example_dynamic_task_mapping_with_no_taskflow_operators.py                           1           0  0.11s           2025-07-03T17:39:43
/home/airflow/.local/lib/python3.8/site-packages/airflow/example_dags/example_params_trigger_ui.py                                                         1           0  0.22s           2025-07-03T17:39:44
/home/airflow/.local/lib/python3.8/site-packages/airflow/example_dags/example_sensors.py                                                                   1           0  0.15s           2025-07-03T17:39:46
/home/airflow/.local/lib/python3.8/site-packages/airflow/example_dags/example_task_group.py                                                                1           0  0.15s           2025-07-03T17:39:46
/home/airflow/.local/lib/python3.8/site-packages/airflow/example_dags/example_branch_operator_decorator.py                                                 1           0  0.19s           2025-07-03T17:39:49
/home/airflow/.local/lib/python3.8/site-packages/airflow/example_dags/example_local_kubernetes_executor.py                                                 1           0  0.16s           2025-07-03T17:39:49
/home/airflow/.local/lib/python3.8/site-packages/airflow/example_dags/example_setup_teardown_taskflow.py                                                   1           0  0.12s           2025-07-03T17:39:50
/home/airflow/.local/lib/python3.8/site-packages/airflow/example_dags/example_task_group_decorator.py                                                      1           0  0.31s           2025-07-03T17:39:52
/home/airflow/.local/lib/python3.8/site-packages/airflow/example_dags/example_dynamic_task_mapping.py                                                      1           0  0.37s           2025-07-03T17:39:53
/home/airflow/.local/lib/python3.8/site-packages/airflow/example_dags/example_short_circuit_decorator.py                                                   1           0  0.60s           2025-07-03T17:39:53
/home/airflow/.local/lib/python3.8/site-packages/airflow/example_dags/tutorial_taskflow_api_virtualenv.py                                                  1           0  0.62s           2025-07-03T17:39:54
/home/airflow/.local/lib/python3.8/site-packages/airflow/example_dags/example_bash_operator.py                                                             1           0  0.73s           2025-07-03T17:39:54
/home/airflow/.local/lib/python3.8/site-packages/airflow/example_dags/example_kubernetes_executor.py                                                       1           0  0.90s           2025-07-03T17:39:55
/home/airflow/.local/lib/python3.8/site-packages/airflow/example_dags/example_dag_decorator.py                                                             1           0  0.36s           2025-07-03T17:39:30
/home/airflow/.local/lib/python3.8/site-packages/airflow/example_dags/example_branch_labels.py                                                             1           0  0.72s           2025-07-03T17:39:56
/home/airflow/.local/lib/python3.8/site-packages/airflow/example_dags/example_short_circuit_operator.py                                                    1           0  0.29s           2025-07-03T17:39:25
/home/airflow/.local/lib/python3.8/site-packages/airflow/example_dags/example_python_decorator.py                                                          1           0  0.32s           2025-07-03T17:39:25
/home/airflow/.local/lib/python3.8/site-packages/airflow/example_dags/example_setup_teardown.py                                                            1           0  0.19s           2025-07-03T17:39:25
/home/airflow/.local/lib/python3.8/site-packages/airflow/example_dags/example_complex.py                                                                   1           0  0.21s           2025-07-03T17:39:27
/home/airflow/.local/lib/python3.8/site-packages/airflow/example_dags/example_branch_operator.py                                                           1           0  0.22s           2025-07-03T17:39:28
/home/airflow/.local/lib/python3.8/site-packages/airflow/example_dags/example_branch_day_of_week_operator.py                                               1           0  0.17s           2025-07-03T17:39:29
/home/airflow/.local/lib/python3.8/site-packages/airflow/example_dags/example_trigger_target_dag.py                                                        1           0  0.11s           2025-07-03T17:39:28
/home/airflow/.local/lib/python3.8/site-packages/airflow/example_dags/example_skip_dag.py                                                                  1           0  0.16s           2025-07-03T17:39:33
/home/airflow/.local/lib/python3.8/site-packages/airflow/example_dags/example_latest_only_with_trigger.py                                                  1           0  0.13s           2025-07-03T17:39:31
/home/airflow/.local/lib/python3.8/site-packages/airflow/example_dags/example_sla_dag.py                                                                   1           0  0.17s           2025-07-03T17:39:33
/home/airflow/.local/lib/python3.8/site-packages/airflow/example_dags/example_sensor_decorator.py                                                          1           0  0.11s           2025-07-03T17:39:33
/home/airflow/.local/lib/python3.8/site-packages/airflow/example_dags/example_xcomargs.py                                                                  2           0  0.12s           2025-07-03T17:39:45
/home/airflow/.local/lib/python3.8/site-packages/airflow/example_dags/example_external_task_marker_dag.py                           745  0.03s             2           0  0.45s           2025-07-03T17:39:24
/home/airflow/.local/lib/python3.8/site-packages/airflow/example_dags/example_subdag_operator.py                                                           3           0  0.22s           2025-07-03T17:39:44
/home/airflow/.local/lib/python3.8/site-packages/airflow/example_dags/example_branch_datetime_operator.py                                                  3           0  0.31s           2025-07-03T17:39:52
/home/airflow/.local/lib/python3.8/site-packages/airflow/example_dags/example_datasets.py                                                                  6           0  0.39s           2025-07-03T17:39:53
================================================================================
[2025-07-03T17:40:23.645+0000] {manager.py:738} INFO - Searching for files in /opt/airflow/dags
[2025-07-03T17:40:23.672+0000] {manager.py:741} INFO - There are 48 files in /opt/airflow/dags
[2025-07-03T17:40:27.397+0000] {manager.py:879} INFO - 
================================================================================
DAG File Processing Stats

File Path                                                                                                                           PID  Runtime      # DAGs    # Errors  Last Runtime    Last Run
--------------------------------------------------------------------------------------------------------------------------------  -----  ---------  --------  ----------  --------------  -------------------
/home/airflow/.local/lib/python3.8/site-packages/airflow/example_dags/plugins/listener_plugin.py                                                           0           0  0.08s           2025-07-03T17:40:04
/home/airflow/.local/lib/python3.8/site-packages/airflow/example_dags/plugins/event_listener.py                                                            0           0  0.08s           2025-07-03T17:40:04
/home/airflow/.local/lib/python3.8/site-packages/airflow/example_dags/plugins/workday.py                                                                   0           0  4.12s           2025-07-03T17:39:57
/home/airflow/.local/lib/python3.8/site-packages/airflow/example_dags/subdags/subdag.py                                                                    0           0  0.04s           2025-07-03T17:40:04
/home/airflow/.local/lib/python3.8/site-packages/airflow/example_dags/example_python_operator.py                                                           1           0  0.11s           2025-07-03T17:40:04
/home/airflow/.local/lib/python3.8/site-packages/airflow/example_dags/example_branch_python_dop_operator_3.py                                              1           0  0.16s           2025-07-03T17:40:04
/home/airflow/.local/lib/python3.8/site-packages/airflow/example_dags/tutorial_dag.py                                                                      1           0  0.10s           2025-07-03T17:40:06
/home/airflow/.local/lib/python3.8/site-packages/airflow/example_dags/example_xcom.py                                                                      1           0  0.17s           2025-07-03T17:40:07
/home/airflow/.local/lib/python3.8/site-packages/airflow/example_dags/tutorial.py                                                                          1           0  0.17s           2025-07-03T17:40:07
/home/airflow/.local/lib/python3.8/site-packages/airflow/example_dags/tutorial_taskflow_api.py                                                             1           0  0.11s           2025-07-03T17:40:07
/home/airflow/.local/lib/python3.8/site-packages/airflow/example_dags/example_trigger_controller_dag.py                                                    1           0  0.12s           2025-07-03T17:40:08
/home/airflow/.local/lib/python3.8/site-packages/airflow/example_dags/example_params_ui_tutorial.py                                                        1           0  0.25s           2025-07-03T17:40:10
/home/airflow/.local/lib/python3.8/site-packages/airflow/example_dags/example_latest_only.py                                                               1           0  0.16s           2025-07-03T17:40:10
/home/airflow/.local/lib/python3.8/site-packages/airflow/example_dags/tutorial_objectstorage.py                                                            1           0  0.13s           2025-07-03T17:40:10
/home/airflow/.local/lib/python3.8/site-packages/airflow/example_dags/example_time_delta_sensor_async.py                                                   1           0  0.13s           2025-07-03T17:40:10
/home/airflow/.local/lib/python3.8/site-packages/airflow/example_dags/example_passing_params_via_test_command.py                                           1           0  0.46s           2025-07-03T17:40:11
/home/airflow/.local/lib/python3.8/site-packages/airflow/example_dags/example_nested_branch_dag.py                                                         1           0  0.51s           2025-07-03T17:40:11
/home/airflow/.local/lib/python3.8/site-packages/airflow/example_dags/example_dynamic_task_mapping_with_no_taskflow_operators.py                           1           0  0.31s           2025-07-03T17:40:14
/home/airflow/.local/lib/python3.8/site-packages/airflow/example_dags/example_params_trigger_ui.py                                                         1           0  0.87s           2025-07-03T17:40:15
/home/airflow/.local/lib/python3.8/site-packages/airflow/example_dags/example_sensors.py                                                                   1           0  0.34s           2025-07-03T17:40:17
/home/airflow/.local/lib/python3.8/site-packages/airflow/example_dags/example_task_group.py                                                                1           0  0.33s           2025-07-03T17:40:17
/home/airflow/.local/lib/python3.8/site-packages/airflow/example_dags/example_branch_operator_decorator.py                                                 1           0  0.20s           2025-07-03T17:40:19
/home/airflow/.local/lib/python3.8/site-packages/airflow/example_dags/example_local_kubernetes_executor.py                                                 1           0  0.17s           2025-07-03T17:40:19
/home/airflow/.local/lib/python3.8/site-packages/airflow/example_dags/example_setup_teardown_taskflow.py                                                   1           0  0.17s           2025-07-03T17:40:20
/home/airflow/.local/lib/python3.8/site-packages/airflow/example_dags/example_task_group_decorator.py                                                      1           0  0.19s           2025-07-03T17:40:23
/home/airflow/.local/lib/python3.8/site-packages/airflow/example_dags/example_dynamic_task_mapping.py                                                      1           0  0.15s           2025-07-03T17:40:24
/home/airflow/.local/lib/python3.8/site-packages/airflow/example_dags/example_short_circuit_decorator.py                                                   1           0  0.15s           2025-07-03T17:40:24
/home/airflow/.local/lib/python3.8/site-packages/airflow/example_dags/tutorial_taskflow_api_virtualenv.py                                                  1           0  0.16s           2025-07-03T17:40:25
/home/airflow/.local/lib/python3.8/site-packages/airflow/example_dags/example_bash_operator.py                                                             1           0  0.22s           2025-07-03T17:40:25
/home/airflow/.local/lib/python3.8/site-packages/airflow/example_dags/example_kubernetes_executor.py                                                       1           0  0.17s           2025-07-03T17:40:26
/home/airflow/.local/lib/python3.8/site-packages/airflow/example_dags/example_dag_decorator.py                                                             1           0  0.66s           2025-07-03T17:40:00
/home/airflow/.local/lib/python3.8/site-packages/airflow/example_dags/example_branch_labels.py                                      800  0.02s             1           0  0.72s           2025-07-03T17:39:56
/home/airflow/.local/lib/python3.8/site-packages/airflow/example_dags/example_short_circuit_operator.py                                                    1           0  0.82s           2025-07-03T17:39:58
/home/airflow/.local/lib/python3.8/site-packages/airflow/example_dags/example_python_decorator.py                                                          1           0  0.44s           2025-07-03T17:39:58
/home/airflow/.local/lib/python3.8/site-packages/airflow/example_dags/example_setup_teardown.py                                                            1           0  0.67s           2025-07-03T17:39:58
/home/airflow/.local/lib/python3.8/site-packages/airflow/example_dags/example_complex.py                                                                   1           0  0.91s           2025-07-03T17:39:59
/home/airflow/.local/lib/python3.8/site-packages/airflow/example_dags/example_branch_operator.py                                                           1           0  0.94s           2025-07-03T17:39:59
/home/airflow/.local/lib/python3.8/site-packages/airflow/example_dags/example_branch_day_of_week_operator.py                                               1           0  0.45s           2025-07-03T17:40:00
/home/airflow/.local/lib/python3.8/site-packages/airflow/example_dags/example_trigger_target_dag.py                                                        1           0  0.53s           2025-07-03T17:39:59
/home/airflow/.local/lib/python3.8/site-packages/airflow/example_dags/example_skip_dag.py                                                                  1           0  0.15s           2025-07-03T17:40:04
/home/airflow/.local/lib/python3.8/site-packages/airflow/example_dags/example_latest_only_with_trigger.py                                                  1           0  0.14s           2025-07-03T17:40:03
/home/airflow/.local/lib/python3.8/site-packages/airflow/example_dags/example_sla_dag.py                                                                   1           0  0.17s           2025-07-03T17:40:04
/home/airflow/.local/lib/python3.8/site-packages/airflow/example_dags/example_sensor_decorator.py                                                          1           0  0.10s           2025-07-03T17:40:04
/home/airflow/.local/lib/python3.8/site-packages/airflow/example_dags/example_xcomargs.py                                                                  2           0  0.27s           2025-07-03T17:40:16
/home/airflow/.local/lib/python3.8/site-packages/airflow/example_dags/example_external_task_marker_dag.py                           801  0.01s             2           0  0.64s           2025-07-03T17:39:57
/home/airflow/.local/lib/python3.8/site-packages/airflow/example_dags/example_subdag_operator.py                                                           3           0  0.81s           2025-07-03T17:40:15
/home/airflow/.local/lib/python3.8/site-packages/airflow/example_dags/example_branch_datetime_operator.py                                                  3           0  0.17s           2025-07-03T17:40:22
/home/airflow/.local/lib/python3.8/site-packages/airflow/example_dags/example_datasets.py                                                                  6           0  0.24s           2025-07-03T17:40:23
================================================================================
[2025-07-03T17:40:57.805+0000] {manager.py:879} INFO - 
================================================================================
DAG File Processing Stats

File Path                                                                                                                           PID  Runtime      # DAGs    # Errors  Last Runtime    Last Run
--------------------------------------------------------------------------------------------------------------------------------  -----  ---------  --------  ----------  --------------  -------------------
/home/airflow/.local/lib/python3.8/site-packages/airflow/example_dags/plugins/listener_plugin.py                                                           0           0  0.06s           2025-07-03T17:40:34
/home/airflow/.local/lib/python3.8/site-packages/airflow/example_dags/plugins/event_listener.py                                                            0           0  0.06s           2025-07-03T17:40:34
/home/airflow/.local/lib/python3.8/site-packages/airflow/example_dags/plugins/workday.py                                                                   0           0  2.10s           2025-07-03T17:40:31
/home/airflow/.local/lib/python3.8/site-packages/airflow/example_dags/subdags/subdag.py                                                                    0           0  0.04s           2025-07-03T17:40:34
/home/airflow/.local/lib/python3.8/site-packages/airflow/example_dags/example_python_operator.py                                                           1           0  0.27s           2025-07-03T17:40:34
/home/airflow/.local/lib/python3.8/site-packages/airflow/example_dags/example_branch_python_dop_operator_3.py                                              1           0  0.17s           2025-07-03T17:40:34
/home/airflow/.local/lib/python3.8/site-packages/airflow/example_dags/tutorial_dag.py                                                                      1           0  0.10s           2025-07-03T17:40:37
/home/airflow/.local/lib/python3.8/site-packages/airflow/example_dags/example_xcom.py                                                                      1           0  0.15s           2025-07-03T17:40:38
/home/airflow/.local/lib/python3.8/site-packages/airflow/example_dags/tutorial.py                                                                          1           0  0.16s           2025-07-03T17:40:38
/home/airflow/.local/lib/python3.8/site-packages/airflow/example_dags/tutorial_taskflow_api.py                                                             1           0  0.10s           2025-07-03T17:40:38
/home/airflow/.local/lib/python3.8/site-packages/airflow/example_dags/example_trigger_controller_dag.py                                                    1           0  0.12s           2025-07-03T17:40:39
/home/airflow/.local/lib/python3.8/site-packages/airflow/example_dags/example_params_ui_tutorial.py                                                        1           0  0.25s           2025-07-03T17:40:40
/home/airflow/.local/lib/python3.8/site-packages/airflow/example_dags/example_latest_only.py                                                               1           0  0.15s           2025-07-03T17:40:40
/home/airflow/.local/lib/python3.8/site-packages/airflow/example_dags/tutorial_objectstorage.py                                                            1           0  0.16s           2025-07-03T17:40:40
/home/airflow/.local/lib/python3.8/site-packages/airflow/example_dags/example_time_delta_sensor_async.py                                                   1           0  0.12s           2025-07-03T17:40:40
/home/airflow/.local/lib/python3.8/site-packages/airflow/example_dags/example_passing_params_via_test_command.py                                           1           0  0.17s           2025-07-03T17:40:41
/home/airflow/.local/lib/python3.8/site-packages/airflow/example_dags/example_nested_branch_dag.py                                                         1           0  0.20s           2025-07-03T17:40:42
/home/airflow/.local/lib/python3.8/site-packages/airflow/example_dags/example_dynamic_task_mapping_with_no_taskflow_operators.py                           1           0  0.26s           2025-07-03T17:40:44
/home/airflow/.local/lib/python3.8/site-packages/airflow/example_dags/example_params_trigger_ui.py                                                         1           0  0.49s           2025-07-03T17:40:46
/home/airflow/.local/lib/python3.8/site-packages/airflow/example_dags/example_sensors.py                                                                   1           0  0.20s           2025-07-03T17:40:47
/home/airflow/.local/lib/python3.8/site-packages/airflow/example_dags/example_task_group.py                                                                1           0  0.21s           2025-07-03T17:40:47
/home/airflow/.local/lib/python3.8/site-packages/airflow/example_dags/example_branch_operator_decorator.py                                                 1           0  0.20s           2025-07-03T17:40:50
/home/airflow/.local/lib/python3.8/site-packages/airflow/example_dags/example_local_kubernetes_executor.py                                                 1           0  0.16s           2025-07-03T17:40:50
/home/airflow/.local/lib/python3.8/site-packages/airflow/example_dags/example_setup_teardown_taskflow.py                                                   1           0  0.13s           2025-07-03T17:40:51
/home/airflow/.local/lib/python3.8/site-packages/airflow/example_dags/example_task_group_decorator.py                                                      1           0  0.20s           2025-07-03T17:40:54
/home/airflow/.local/lib/python3.8/site-packages/airflow/example_dags/example_dynamic_task_mapping.py                                                      1           0  0.15s           2025-07-03T17:40:54
/home/airflow/.local/lib/python3.8/site-packages/airflow/example_dags/example_short_circuit_decorator.py                                                   1           0  0.15s           2025-07-03T17:40:54
/home/airflow/.local/lib/python3.8/site-packages/airflow/example_dags/tutorial_taskflow_api_virtualenv.py                                                  1           0  0.15s           2025-07-03T17:40:55
/home/airflow/.local/lib/python3.8/site-packages/airflow/example_dags/example_bash_operator.py                                                             1           0  0.19s           2025-07-03T17:40:55
/home/airflow/.local/lib/python3.8/site-packages/airflow/example_dags/example_kubernetes_executor.py                                                       1           0  0.18s           2025-07-03T17:40:56
/home/airflow/.local/lib/python3.8/site-packages/airflow/example_dags/example_dag_decorator.py                                                             1           0  0.85s           2025-07-03T17:40:32
/home/airflow/.local/lib/python3.8/site-packages/airflow/example_dags/example_branch_labels.py                                                             1           0  0.47s           2025-07-03T17:40:27
/home/airflow/.local/lib/python3.8/site-packages/airflow/example_dags/example_short_circuit_operator.py                                                    1           0  0.49s           2025-07-03T17:40:29
/home/airflow/.local/lib/python3.8/site-packages/airflow/example_dags/example_python_decorator.py                                                          1           0  0.47s           2025-07-03T17:40:29
/home/airflow/.local/lib/python3.8/site-packages/airflow/example_dags/example_setup_teardown.py                                                            1           0  0.44s           2025-07-03T17:40:30
/home/airflow/.local/lib/python3.8/site-packages/airflow/example_dags/example_complex.py                                                                   1           0  0.60s           2025-07-03T17:40:30
/home/airflow/.local/lib/python3.8/site-packages/airflow/example_dags/example_branch_operator.py                                                           1           0  0.59s           2025-07-03T17:40:31
/home/airflow/.local/lib/python3.8/site-packages/airflow/example_dags/example_branch_day_of_week_operator.py                                               1           0  0.34s           2025-07-03T17:40:32
/home/airflow/.local/lib/python3.8/site-packages/airflow/example_dags/example_trigger_target_dag.py                                                        1           0  0.41s           2025-07-03T17:40:31
/home/airflow/.local/lib/python3.8/site-packages/airflow/example_dags/example_skip_dag.py                                                                  1           0  0.35s           2025-07-03T17:40:34
/home/airflow/.local/lib/python3.8/site-packages/airflow/example_dags/example_latest_only_with_trigger.py                                                  1           0  0.15s           2025-07-03T17:40:33
/home/airflow/.local/lib/python3.8/site-packages/airflow/example_dags/example_sla_dag.py                                                                   1           0  0.36s           2025-07-03T17:40:34
/home/airflow/.local/lib/python3.8/site-packages/airflow/example_dags/example_sensor_decorator.py                                                          1           0  0.25s           2025-07-03T17:40:34
/home/airflow/.local/lib/python3.8/site-packages/airflow/example_dags/example_xcomargs.py                                                                  2           0  0.16s           2025-07-03T17:40:46
/home/airflow/.local/lib/python3.8/site-packages/airflow/example_dags/example_external_task_marker_dag.py                           865  0.01s             2           0  0.41s           2025-07-03T17:40:27
/home/airflow/.local/lib/python3.8/site-packages/airflow/example_dags/example_subdag_operator.py                                                           3           0  0.29s           2025-07-03T17:40:46
/home/airflow/.local/lib/python3.8/site-packages/airflow/example_dags/example_branch_datetime_operator.py                                                  3           0  0.15s           2025-07-03T17:40:53
/home/airflow/.local/lib/python3.8/site-packages/airflow/example_dags/example_datasets.py                                                                  6           0  0.26s           2025-07-03T17:40:54
================================================================================
[2025-07-03T17:41:28.839+0000] {manager.py:879} INFO - 
================================================================================
DAG File Processing Stats

File Path                                                                                                                           PID  Runtime      # DAGs    # Errors  Last Runtime    Last Run
--------------------------------------------------------------------------------------------------------------------------------  -----  ---------  --------  ----------  --------------  -------------------
/home/airflow/.local/lib/python3.8/site-packages/airflow/example_dags/plugins/listener_plugin.py                                                           0           0  0.25s           2025-07-03T17:41:05
/home/airflow/.local/lib/python3.8/site-packages/airflow/example_dags/plugins/event_listener.py                                                            0           0  0.07s           2025-07-03T17:41:05
/home/airflow/.local/lib/python3.8/site-packages/airflow/example_dags/plugins/workday.py                                                                   0           0  1.04s           2025-07-03T17:41:02
/home/airflow/.local/lib/python3.8/site-packages/airflow/example_dags/subdags/subdag.py                                                                    0           0  0.07s           2025-07-03T17:41:05
/home/airflow/.local/lib/python3.8/site-packages/airflow/example_dags/example_python_operator.py                                                           1           0  0.32s           2025-07-03T17:41:05
/home/airflow/.local/lib/python3.8/site-packages/airflow/example_dags/example_branch_python_dop_operator_3.py                                              1           0  0.18s           2025-07-03T17:41:05
/home/airflow/.local/lib/python3.8/site-packages/airflow/example_dags/tutorial_dag.py                                                                      1           0  0.10s           2025-07-03T17:41:07
/home/airflow/.local/lib/python3.8/site-packages/airflow/example_dags/example_xcom.py                                                                      1           0  0.16s           2025-07-03T17:41:08
/home/airflow/.local/lib/python3.8/site-packages/airflow/example_dags/tutorial.py                                                                          1           0  0.16s           2025-07-03T17:41:08
/home/airflow/.local/lib/python3.8/site-packages/airflow/example_dags/tutorial_taskflow_api.py                                                             1           0  0.10s           2025-07-03T17:41:08
/home/airflow/.local/lib/python3.8/site-packages/airflow/example_dags/example_trigger_controller_dag.py                                                    1           0  0.12s           2025-07-03T17:41:09
/home/airflow/.local/lib/python3.8/site-packages/airflow/example_dags/example_params_ui_tutorial.py                                                        1           0  0.44s           2025-07-03T17:41:11
/home/airflow/.local/lib/python3.8/site-packages/airflow/example_dags/example_latest_only.py                                                               1           0  0.29s           2025-07-03T17:41:11
/home/airflow/.local/lib/python3.8/site-packages/airflow/example_dags/tutorial_objectstorage.py                                                            1           0  0.23s           2025-07-03T17:41:11
/home/airflow/.local/lib/python3.8/site-packages/airflow/example_dags/example_time_delta_sensor_async.py                                                   1           0  0.17s           2025-07-03T17:41:11
/home/airflow/.local/lib/python3.8/site-packages/airflow/example_dags/example_passing_params_via_test_command.py                                           1           0  0.34s           2025-07-03T17:41:12
/home/airflow/.local/lib/python3.8/site-packages/airflow/example_dags/example_nested_branch_dag.py                                                         1           0  0.36s           2025-07-03T17:41:12
/home/airflow/.local/lib/python3.8/site-packages/airflow/example_dags/example_dynamic_task_mapping_with_no_taskflow_operators.py                           1           0  0.12s           2025-07-03T17:41:14
/home/airflow/.local/lib/python3.8/site-packages/airflow/example_dags/example_params_trigger_ui.py                                                         1           0  0.35s           2025-07-03T17:41:17
/home/airflow/.local/lib/python3.8/site-packages/airflow/example_dags/example_sensors.py                                                                   1           0  0.21s           2025-07-03T17:41:18
/home/airflow/.local/lib/python3.8/site-packages/airflow/example_dags/example_task_group.py                                                                1           0  0.26s           2025-07-03T17:41:18
/home/airflow/.local/lib/python3.8/site-packages/airflow/example_dags/example_branch_operator_decorator.py                                                 1           0  0.20s           2025-07-03T17:41:20
/home/airflow/.local/lib/python3.8/site-packages/airflow/example_dags/example_local_kubernetes_executor.py                                                 1           0  0.16s           2025-07-03T17:41:20
/home/airflow/.local/lib/python3.8/site-packages/airflow/example_dags/example_setup_teardown_taskflow.py                                                   1           0  0.13s           2025-07-03T17:41:21
/home/airflow/.local/lib/python3.8/site-packages/airflow/example_dags/example_task_group_decorator.py                                                      1           0  0.38s           2025-07-03T17:41:25
/home/airflow/.local/lib/python3.8/site-packages/airflow/example_dags/example_dynamic_task_mapping.py                                                      1           0  0.17s           2025-07-03T17:41:25
/home/airflow/.local/lib/python3.8/site-packages/airflow/example_dags/example_short_circuit_decorator.py                                                   1           0  0.17s           2025-07-03T17:41:25
/home/airflow/.local/lib/python3.8/site-packages/airflow/example_dags/tutorial_taskflow_api_virtualenv.py                                                  1           0  0.22s           2025-07-03T17:41:26
/home/airflow/.local/lib/python3.8/site-packages/airflow/example_dags/example_bash_operator.py                                                             1           0  0.41s           2025-07-03T17:41:26
/home/airflow/.local/lib/python3.8/site-packages/airflow/example_dags/example_kubernetes_executor.py                                                       1           0  0.21s           2025-07-03T17:41:27
/home/airflow/.local/lib/python3.8/site-packages/airflow/example_dags/example_dag_decorator.py                                                             1           0  0.59s           2025-07-03T17:41:03
/home/airflow/.local/lib/python3.8/site-packages/airflow/example_dags/example_branch_labels.py                                      929  0.03s             1           0  0.17s           2025-07-03T17:40:58
/home/airflow/.local/lib/python3.8/site-packages/airflow/example_dags/example_short_circuit_operator.py                                                    1           0  0.37s           2025-07-03T17:41:00
/home/airflow/.local/lib/python3.8/site-packages/airflow/example_dags/example_python_decorator.py                                                          1           0  0.36s           2025-07-03T17:41:00
/home/airflow/.local/lib/python3.8/site-packages/airflow/example_dags/example_setup_teardown.py                                                            1           0  0.15s           2025-07-03T17:41:00
/home/airflow/.local/lib/python3.8/site-packages/airflow/example_dags/example_complex.py                                                                   1           0  0.36s           2025-07-03T17:41:01
/home/airflow/.local/lib/python3.8/site-packages/airflow/example_dags/example_branch_operator.py                                                           1           0  0.28s           2025-07-03T17:41:02
/home/airflow/.local/lib/python3.8/site-packages/airflow/example_dags/example_branch_day_of_week_operator.py                                               1           0  0.26s           2025-07-03T17:41:02
/home/airflow/.local/lib/python3.8/site-packages/airflow/example_dags/example_trigger_target_dag.py                                                        1           0  0.26s           2025-07-03T17:41:02
/home/airflow/.local/lib/python3.8/site-packages/airflow/example_dags/example_skip_dag.py                                                                  1           0  0.24s           2025-07-03T17:41:04
/home/airflow/.local/lib/python3.8/site-packages/airflow/example_dags/example_latest_only_with_trigger.py                                                  1           0  0.16s           2025-07-03T17:41:03
/home/airflow/.local/lib/python3.8/site-packages/airflow/example_dags/example_sla_dag.py                                                                   1           0  0.26s           2025-07-03T17:41:04
/home/airflow/.local/lib/python3.8/site-packages/airflow/example_dags/example_sensor_decorator.py                                                          1           0  0.19s           2025-07-03T17:41:05
/home/airflow/.local/lib/python3.8/site-packages/airflow/example_dags/example_xcomargs.py                                                                  2           0  0.19s           2025-07-03T17:41:17
/home/airflow/.local/lib/python3.8/site-packages/airflow/example_dags/example_external_task_marker_dag.py                           930  0.02s             2           0  0.19s           2025-07-03T17:40:57
/home/airflow/.local/lib/python3.8/site-packages/airflow/example_dags/example_subdag_operator.py                                                           3           0  0.27s           2025-07-03T17:41:17
/home/airflow/.local/lib/python3.8/site-packages/airflow/example_dags/example_branch_datetime_operator.py                                                  3           0  0.15s           2025-07-03T17:41:23
/home/airflow/.local/lib/python3.8/site-packages/airflow/example_dags/example_datasets.py                                                                  6           0  0.40s           2025-07-03T17:41:25
================================================================================
[2025-07-03T17:41:59.496+0000] {manager.py:879} INFO - 
================================================================================
DAG File Processing Stats

File Path                                                                                                                           PID  Runtime      # DAGs    # Errors  Last Runtime    Last Run
--------------------------------------------------------------------------------------------------------------------------------  -----  ---------  --------  ----------  --------------  -------------------
/home/airflow/.local/lib/python3.8/site-packages/airflow/example_dags/plugins/listener_plugin.py                                                           0           0  0.05s           2025-07-03T17:41:35
/home/airflow/.local/lib/python3.8/site-packages/airflow/example_dags/plugins/event_listener.py                                                            0           0  0.06s           2025-07-03T17:41:35
/home/airflow/.local/lib/python3.8/site-packages/airflow/example_dags/plugins/workday.py                                                                   0           0  0.83s           2025-07-03T17:41:33
/home/airflow/.local/lib/python3.8/site-packages/airflow/example_dags/subdags/subdag.py                                                                    0           0  0.05s           2025-07-03T17:41:35
/home/airflow/.local/lib/python3.8/site-packages/airflow/example_dags/example_python_operator.py                                                           1           0  0.14s           2025-07-03T17:41:35
/home/airflow/.local/lib/python3.8/site-packages/airflow/example_dags/example_branch_python_dop_operator_3.py                                              1           0  0.12s           2025-07-03T17:41:35
/home/airflow/.local/lib/python3.8/site-packages/airflow/example_dags/tutorial_dag.py                                                                      1           0  0.10s           2025-07-03T17:41:37
/home/airflow/.local/lib/python3.8/site-packages/airflow/example_dags/example_xcom.py                                                                      1           0  0.25s           2025-07-03T17:41:39
/home/airflow/.local/lib/python3.8/site-packages/airflow/example_dags/tutorial.py                                                                          1           0  0.34s           2025-07-03T17:41:39
/home/airflow/.local/lib/python3.8/site-packages/airflow/example_dags/tutorial_taskflow_api.py                                                             1           0  0.16s           2025-07-03T17:41:39
/home/airflow/.local/lib/python3.8/site-packages/airflow/example_dags/example_trigger_controller_dag.py                                                    1           0  0.16s           2025-07-03T17:41:40
/home/airflow/.local/lib/python3.8/site-packages/airflow/example_dags/example_params_ui_tutorial.py                                                        1           0  0.49s           2025-07-03T17:41:41
/home/airflow/.local/lib/python3.8/site-packages/airflow/example_dags/example_latest_only.py                                                               1           0  0.37s           2025-07-03T17:41:41
/home/airflow/.local/lib/python3.8/site-packages/airflow/example_dags/tutorial_objectstorage.py                                                            1           0  0.38s           2025-07-03T17:41:42
/home/airflow/.local/lib/python3.8/site-packages/airflow/example_dags/example_time_delta_sensor_async.py                                                   1           0  0.21s           2025-07-03T17:41:42
/home/airflow/.local/lib/python3.8/site-packages/airflow/example_dags/example_passing_params_via_test_command.py                                           1           0  0.34s           2025-07-03T17:41:43
/home/airflow/.local/lib/python3.8/site-packages/airflow/example_dags/example_nested_branch_dag.py                                                         1           0  0.43s           2025-07-03T17:41:43
/home/airflow/.local/lib/python3.8/site-packages/airflow/example_dags/example_dynamic_task_mapping_with_no_taskflow_operators.py                           1           0  0.17s           2025-07-03T17:41:45
/home/airflow/.local/lib/python3.8/site-packages/airflow/example_dags/example_params_trigger_ui.py                                                         1           0  0.37s           2025-07-03T17:41:47
/home/airflow/.local/lib/python3.8/site-packages/airflow/example_dags/example_sensors.py                                                                   1           0  0.31s           2025-07-03T17:41:49
/home/airflow/.local/lib/python3.8/site-packages/airflow/example_dags/example_task_group.py                                                                1           0  0.30s           2025-07-03T17:41:49
/home/airflow/.local/lib/python3.8/site-packages/airflow/example_dags/example_branch_operator_decorator.py                                                 1           0  0.20s           2025-07-03T17:41:51
/home/airflow/.local/lib/python3.8/site-packages/airflow/example_dags/example_local_kubernetes_executor.py                                                 1           0  0.16s           2025-07-03T17:41:51
/home/airflow/.local/lib/python3.8/site-packages/airflow/example_dags/example_setup_teardown_taskflow.py                                                   1           0  0.12s           2025-07-03T17:41:52
/home/airflow/.local/lib/python3.8/site-packages/airflow/example_dags/example_task_group_decorator.py                                                      1           0  0.37s           2025-07-03T17:41:55
/home/airflow/.local/lib/python3.8/site-packages/airflow/example_dags/example_dynamic_task_mapping.py                                                      1           0  0.23s           2025-07-03T17:41:56
/home/airflow/.local/lib/python3.8/site-packages/airflow/example_dags/example_short_circuit_decorator.py                                                   1           0  0.25s           2025-07-03T17:41:56
/home/airflow/.local/lib/python3.8/site-packages/airflow/example_dags/tutorial_taskflow_api_virtualenv.py                                                  1           0  0.32s           2025-07-03T17:41:57
/home/airflow/.local/lib/python3.8/site-packages/airflow/example_dags/example_bash_operator.py                                                             1           0  0.47s           2025-07-03T17:41:57
/home/airflow/.local/lib/python3.8/site-packages/airflow/example_dags/example_kubernetes_executor.py                                                       1           0  0.14s           2025-07-03T17:41:58
/home/airflow/.local/lib/python3.8/site-packages/airflow/example_dags/example_dag_decorator.py                                                             1           0  0.59s           2025-07-03T17:41:34
/home/airflow/.local/lib/python3.8/site-packages/airflow/example_dags/example_branch_labels.py                                      995  0.01s             1           0  0.20s           2025-07-03T17:41:28
/home/airflow/.local/lib/python3.8/site-packages/airflow/example_dags/example_short_circuit_operator.py                                                    1           0  0.36s           2025-07-03T17:41:31
/home/airflow/.local/lib/python3.8/site-packages/airflow/example_dags/example_python_decorator.py                                                          1           0  0.27s           2025-07-03T17:41:31
/home/airflow/.local/lib/python3.8/site-packages/airflow/example_dags/example_setup_teardown.py                                                            1           0  0.21s           2025-07-03T17:41:31
/home/airflow/.local/lib/python3.8/site-packages/airflow/example_dags/example_complex.py                                                                   1           0  0.34s           2025-07-03T17:41:32
/home/airflow/.local/lib/python3.8/site-packages/airflow/example_dags/example_branch_operator.py                                                           1           0  0.27s           2025-07-03T17:41:32
/home/airflow/.local/lib/python3.8/site-packages/airflow/example_dags/example_branch_day_of_week_operator.py                                               1           0  0.32s           2025-07-03T17:41:33
/home/airflow/.local/lib/python3.8/site-packages/airflow/example_dags/example_trigger_target_dag.py                                                        1           0  0.18s           2025-07-03T17:41:32
/home/airflow/.local/lib/python3.8/site-packages/airflow/example_dags/example_skip_dag.py                                                                  1           0  0.15s           2025-07-03T17:41:35
/home/airflow/.local/lib/python3.8/site-packages/airflow/example_dags/example_latest_only_with_trigger.py                                                  1           0  0.23s           2025-07-03T17:41:34
/home/airflow/.local/lib/python3.8/site-packages/airflow/example_dags/example_sla_dag.py                                                                   1           0  0.16s           2025-07-03T17:41:35
/home/airflow/.local/lib/python3.8/site-packages/airflow/example_dags/example_sensor_decorator.py                                                          1           0  0.13s           2025-07-03T17:41:35
/home/airflow/.local/lib/python3.8/site-packages/airflow/example_dags/example_xcomargs.py                                                                  2           0  0.20s           2025-07-03T17:41:48
/home/airflow/.local/lib/python3.8/site-packages/airflow/example_dags/example_external_task_marker_dag.py                           996  0.01s             2           0  0.19s           2025-07-03T17:41:28
/home/airflow/.local/lib/python3.8/site-packages/airflow/example_dags/example_subdag_operator.py                                                           3           0  0.50s           2025-07-03T17:41:48
/home/airflow/.local/lib/python3.8/site-packages/airflow/example_dags/example_branch_datetime_operator.py                                                  3           0  0.19s           2025-07-03T17:41:54
/home/airflow/.local/lib/python3.8/site-packages/airflow/example_dags/example_datasets.py                                                                  6           0  0.44s           2025-07-03T17:41:55
================================================================================
[2025-07-03T17:42:29.854+0000] {manager.py:879} INFO - 
================================================================================
DAG File Processing Stats

File Path                                                                                                                           PID  Runtime      # DAGs    # Errors  Last Runtime    Last Run
--------------------------------------------------------------------------------------------------------------------------------  -----  ---------  --------  ----------  --------------  -------------------
/home/airflow/.local/lib/python3.8/site-packages/airflow/example_dags/plugins/listener_plugin.py                                                           0           0  0.07s           2025-07-03T17:42:06
/home/airflow/.local/lib/python3.8/site-packages/airflow/example_dags/plugins/event_listener.py                                                            0           0  0.06s           2025-07-03T17:42:06
/home/airflow/.local/lib/python3.8/site-packages/airflow/example_dags/plugins/workday.py                                                                   0           0  0.65s           2025-07-03T17:42:05
/home/airflow/.local/lib/python3.8/site-packages/airflow/example_dags/subdags/subdag.py                                                                    0           0  0.05s           2025-07-03T17:42:06
/home/airflow/.local/lib/python3.8/site-packages/airflow/example_dags/example_python_operator.py                                                           1           0  0.15s           2025-07-03T17:42:06
/home/airflow/.local/lib/python3.8/site-packages/airflow/example_dags/example_branch_python_dop_operator_3.py                                              1           0  0.18s           2025-07-03T17:42:06
/home/airflow/.local/lib/python3.8/site-packages/airflow/example_dags/tutorial_dag.py                                                                      1           0  0.14s           2025-07-03T17:42:08
/home/airflow/.local/lib/python3.8/site-packages/airflow/example_dags/example_xcom.py                                                                      1           0  0.32s           2025-07-03T17:42:09
/home/airflow/.local/lib/python3.8/site-packages/airflow/example_dags/tutorial.py                                                                          1           0  0.34s           2025-07-03T17:42:09
/home/airflow/.local/lib/python3.8/site-packages/airflow/example_dags/tutorial_taskflow_api.py                                                             1           0  0.16s           2025-07-03T17:42:10
/home/airflow/.local/lib/python3.8/site-packages/airflow/example_dags/example_trigger_controller_dag.py                                                    1           0  0.14s           2025-07-03T17:42:11
/home/airflow/.local/lib/python3.8/site-packages/airflow/example_dags/example_params_ui_tutorial.py                                                        1           0  0.24s           2025-07-03T17:42:12
/home/airflow/.local/lib/python3.8/site-packages/airflow/example_dags/example_latest_only.py                                                               1           0  0.14s           2025-07-03T17:42:12
/home/airflow/.local/lib/python3.8/site-packages/airflow/example_dags/tutorial_objectstorage.py                                                            1           0  0.17s           2025-07-03T17:42:12
/home/airflow/.local/lib/python3.8/site-packages/airflow/example_dags/example_time_delta_sensor_async.py                                                   1           0  0.19s           2025-07-03T17:42:12
/home/airflow/.local/lib/python3.8/site-packages/airflow/example_dags/example_passing_params_via_test_command.py                                           1           0  0.16s           2025-07-03T17:42:13
/home/airflow/.local/lib/python3.8/site-packages/airflow/example_dags/example_nested_branch_dag.py                                                         1           0  0.14s           2025-07-03T17:42:13
/home/airflow/.local/lib/python3.8/site-packages/airflow/example_dags/example_dynamic_task_mapping_with_no_taskflow_operators.py                           1           0  0.14s           2025-07-03T17:42:15
/home/airflow/.local/lib/python3.8/site-packages/airflow/example_dags/example_params_trigger_ui.py                                                         1           0  0.23s           2025-07-03T17:42:18
/home/airflow/.local/lib/python3.8/site-packages/airflow/example_dags/example_sensors.py                                                                   1           0  0.15s           2025-07-03T17:42:20
/home/airflow/.local/lib/python3.8/site-packages/airflow/example_dags/example_task_group.py                                                                1           0  0.17s           2025-07-03T17:42:20
/home/airflow/.local/lib/python3.8/site-packages/airflow/example_dags/example_branch_operator_decorator.py                                                 1           0  0.36s           2025-07-03T17:42:22
/home/airflow/.local/lib/python3.8/site-packages/airflow/example_dags/example_local_kubernetes_executor.py                                                 1           0  0.29s           2025-07-03T17:42:22
/home/airflow/.local/lib/python3.8/site-packages/airflow/example_dags/example_setup_teardown_taskflow.py                                                   1           0  0.19s           2025-07-03T17:42:22
/home/airflow/.local/lib/python3.8/site-packages/airflow/example_dags/example_task_group_decorator.py                                                      1           0  0.18s           2025-07-03T17:42:26
/home/airflow/.local/lib/python3.8/site-packages/airflow/example_dags/example_dynamic_task_mapping.py                                                      1           0  0.12s           2025-07-03T17:42:26
/home/airflow/.local/lib/python3.8/site-packages/airflow/example_dags/example_short_circuit_decorator.py                                                   1           0  0.12s           2025-07-03T17:42:26
/home/airflow/.local/lib/python3.8/site-packages/airflow/example_dags/tutorial_taskflow_api_virtualenv.py                                                  1           0  0.34s           2025-07-03T17:42:28
/home/airflow/.local/lib/python3.8/site-packages/airflow/example_dags/example_bash_operator.py                                                             1           0  0.46s           2025-07-03T17:42:28
/home/airflow/.local/lib/python3.8/site-packages/airflow/example_dags/example_kubernetes_executor.py                                                       1           0  0.27s           2025-07-03T17:42:28
/home/airflow/.local/lib/python3.8/site-packages/airflow/example_dags/example_dag_decorator.py                                                             1           0  0.48s           2025-07-03T17:42:04
/home/airflow/.local/lib/python3.8/site-packages/airflow/example_dags/example_branch_labels.py                                     1068  0.02s             1           0  0.18s           2025-07-03T17:41:59
/home/airflow/.local/lib/python3.8/site-packages/airflow/example_dags/example_short_circuit_operator.py                                                    1           0  0.24s           2025-07-03T17:42:01
/home/airflow/.local/lib/python3.8/site-packages/airflow/example_dags/example_python_decorator.py                                                          1           0  0.31s           2025-07-03T17:42:01
/home/airflow/.local/lib/python3.8/site-packages/airflow/example_dags/example_setup_teardown.py                                                            1           0  0.28s           2025-07-03T17:42:02
/home/airflow/.local/lib/python3.8/site-packages/airflow/example_dags/example_complex.py                                                                   1           0  0.30s           2025-07-03T17:42:03
/home/airflow/.local/lib/python3.8/site-packages/airflow/example_dags/example_branch_operator.py                                                           1           0  0.42s           2025-07-03T17:42:03
/home/airflow/.local/lib/python3.8/site-packages/airflow/example_dags/example_branch_day_of_week_operator.py                                               1           0  0.17s           2025-07-03T17:42:03
/home/airflow/.local/lib/python3.8/site-packages/airflow/example_dags/example_trigger_target_dag.py                                                        1           0  0.20s           2025-07-03T17:42:03
/home/airflow/.local/lib/python3.8/site-packages/airflow/example_dags/example_skip_dag.py                                                                  1           0  0.15s           2025-07-03T17:42:06
/home/airflow/.local/lib/python3.8/site-packages/airflow/example_dags/example_latest_only_with_trigger.py                                                  1           0  0.15s           2025-07-03T17:42:04
/home/airflow/.local/lib/python3.8/site-packages/airflow/example_dags/example_sla_dag.py                                                                   1           0  0.16s           2025-07-03T17:42:06
/home/airflow/.local/lib/python3.8/site-packages/airflow/example_dags/example_sensor_decorator.py                                                          1           0  0.16s           2025-07-03T17:42:06
/home/airflow/.local/lib/python3.8/site-packages/airflow/example_dags/example_xcomargs.py                                                                  2           0  0.12s           2025-07-03T17:42:19
/home/airflow/.local/lib/python3.8/site-packages/airflow/example_dags/example_external_task_marker_dag.py                          1069  0.01s             2           0  0.17s           2025-07-03T17:41:59
/home/airflow/.local/lib/python3.8/site-packages/airflow/example_dags/example_subdag_operator.py                                                           3           0  0.19s           2025-07-03T17:42:18
/home/airflow/.local/lib/python3.8/site-packages/airflow/example_dags/example_branch_datetime_operator.py                                                  3           0  0.21s           2025-07-03T17:42:24
/home/airflow/.local/lib/python3.8/site-packages/airflow/example_dags/example_datasets.py                                                                  6           0  0.23s           2025-07-03T17:42:26
================================================================================
[2025-07-03T17:43:00.166+0000] {manager.py:879} INFO - 
================================================================================
DAG File Processing Stats

File Path                                                                                                                           PID  Runtime      # DAGs    # Errors  Last Runtime    Last Run
--------------------------------------------------------------------------------------------------------------------------------  -----  ---------  --------  ----------  --------------  -------------------
/home/airflow/.local/lib/python3.8/site-packages/airflow/example_dags/plugins/listener_plugin.py                                                           0           0  0.14s           2025-07-03T17:42:37
/home/airflow/.local/lib/python3.8/site-packages/airflow/example_dags/plugins/event_listener.py                                                            0           0  0.19s           2025-07-03T17:42:37
/home/airflow/.local/lib/python3.8/site-packages/airflow/example_dags/plugins/workday.py                                                                   0           0  1.39s           2025-07-03T17:42:37
/home/airflow/.local/lib/python3.8/site-packages/airflow/example_dags/subdags/subdag.py                                                                    0           0  0.06s           2025-07-03T17:42:37
/home/airflow/.local/lib/python3.8/site-packages/airflow/example_dags/example_python_operator.py                                                           1           0  0.31s           2025-07-03T17:42:36
/home/airflow/.local/lib/python3.8/site-packages/airflow/example_dags/example_branch_python_dop_operator_3.py                                              1           0  0.33s           2025-07-03T17:42:37
/home/airflow/.local/lib/python3.8/site-packages/airflow/example_dags/tutorial_dag.py                                                                      1           0  0.15s           2025-07-03T17:42:39
/home/airflow/.local/lib/python3.8/site-packages/airflow/example_dags/example_xcom.py                                                                      1           0  0.33s           2025-07-03T17:42:40
/home/airflow/.local/lib/python3.8/site-packages/airflow/example_dags/tutorial.py                                                                          1           0  0.35s           2025-07-03T17:42:40
/home/airflow/.local/lib/python3.8/site-packages/airflow/example_dags/tutorial_taskflow_api.py                                                             1           0  0.17s           2025-07-03T17:42:40
/home/airflow/.local/lib/python3.8/site-packages/airflow/example_dags/example_trigger_controller_dag.py                                                    1           0  0.11s           2025-07-03T17:42:41
/home/airflow/.local/lib/python3.8/site-packages/airflow/example_dags/example_params_ui_tutorial.py                                                        1           0  0.24s           2025-07-03T17:42:42
/home/airflow/.local/lib/python3.8/site-packages/airflow/example_dags/example_latest_only.py                                                               1           0  0.14s           2025-07-03T17:42:42
/home/airflow/.local/lib/python3.8/site-packages/airflow/example_dags/tutorial_objectstorage.py                                                            1           0  0.13s           2025-07-03T17:42:42
/home/airflow/.local/lib/python3.8/site-packages/airflow/example_dags/example_time_delta_sensor_async.py                                                   1           0  0.11s           2025-07-03T17:42:42
/home/airflow/.local/lib/python3.8/site-packages/airflow/example_dags/example_passing_params_via_test_command.py                                           1           0  0.30s           2025-07-03T17:42:43
/home/airflow/.local/lib/python3.8/site-packages/airflow/example_dags/example_nested_branch_dag.py                                                         1           0  0.32s           2025-07-03T17:42:43
/home/airflow/.local/lib/python3.8/site-packages/airflow/example_dags/example_dynamic_task_mapping_with_no_taskflow_operators.py                           1           0  0.18s           2025-07-03T17:42:46
/home/airflow/.local/lib/python3.8/site-packages/airflow/example_dags/example_params_trigger_ui.py                                                         1           0  0.23s           2025-07-03T17:42:49
/home/airflow/.local/lib/python3.8/site-packages/airflow/example_dags/example_sensors.py                                                                   1           0  0.15s           2025-07-03T17:42:50
/home/airflow/.local/lib/python3.8/site-packages/airflow/example_dags/example_task_group.py                                                                1           0  0.16s           2025-07-03T17:42:50
/home/airflow/.local/lib/python3.8/site-packages/airflow/example_dags/example_branch_operator_decorator.py                                                 1           0  0.41s           2025-07-03T17:42:52
/home/airflow/.local/lib/python3.8/site-packages/airflow/example_dags/example_local_kubernetes_executor.py                                                 1           0  0.27s           2025-07-03T17:42:52
/home/airflow/.local/lib/python3.8/site-packages/airflow/example_dags/example_setup_teardown_taskflow.py                                                   1           0  0.24s           2025-07-03T17:42:52
/home/airflow/.local/lib/python3.8/site-packages/airflow/example_dags/example_task_group_decorator.py                                                      1           0  0.25s           2025-07-03T17:42:57
/home/airflow/.local/lib/python3.8/site-packages/airflow/example_dags/example_dynamic_task_mapping.py                                                      1           0  0.22s           2025-07-03T17:42:57
/home/airflow/.local/lib/python3.8/site-packages/airflow/example_dags/example_short_circuit_decorator.py                                                   1           0  0.22s           2025-07-03T17:42:57
/home/airflow/.local/lib/python3.8/site-packages/airflow/example_dags/tutorial_taskflow_api_virtualenv.py                                                  1           0  0.13s           2025-07-03T17:42:58
/home/airflow/.local/lib/python3.8/site-packages/airflow/example_dags/example_bash_operator.py                                                             1           0  0.27s           2025-07-03T17:42:59
/home/airflow/.local/lib/python3.8/site-packages/airflow/example_dags/example_kubernetes_executor.py                                                       1           0  0.33s           2025-07-03T17:42:59
/home/airflow/.local/lib/python3.8/site-packages/airflow/example_dags/example_dag_decorator.py                                                             1           0  0.86s           2025-07-03T17:42:36
/home/airflow/.local/lib/python3.8/site-packages/airflow/example_dags/example_branch_labels.py                                     1133  0.01s             1           0  0.30s           2025-07-03T17:42:30
/home/airflow/.local/lib/python3.8/site-packages/airflow/example_dags/example_short_circuit_operator.py                                                    1           0  0.30s           2025-07-03T17:42:32
/home/airflow/.local/lib/python3.8/site-packages/airflow/example_dags/example_python_decorator.py                                                          1           0  0.27s           2025-07-03T17:42:32
/home/airflow/.local/lib/python3.8/site-packages/airflow/example_dags/example_setup_teardown.py                                                            1           0  0.21s           2025-07-03T17:42:32
/home/airflow/.local/lib/python3.8/site-packages/airflow/example_dags/example_complex.py                                                                   1           0  0.13s           2025-07-03T17:42:33
/home/airflow/.local/lib/python3.8/site-packages/airflow/example_dags/example_branch_operator.py                                                           1           0  0.19s           2025-07-03T17:42:33
/home/airflow/.local/lib/python3.8/site-packages/airflow/example_dags/example_branch_day_of_week_operator.py                                               1           0  0.17s           2025-07-03T17:42:33
/home/airflow/.local/lib/python3.8/site-packages/airflow/example_dags/example_trigger_target_dag.py                                                        1           0  0.15s           2025-07-03T17:42:33
/home/airflow/.local/lib/python3.8/site-packages/airflow/example_dags/example_skip_dag.py                                                                  1           0  0.30s           2025-07-03T17:42:37
/home/airflow/.local/lib/python3.8/site-packages/airflow/example_dags/example_latest_only_with_trigger.py                                                  1           0  0.12s           2025-07-03T17:42:34
/home/airflow/.local/lib/python3.8/site-packages/airflow/example_dags/example_sla_dag.py                                                                   1           0  0.25s           2025-07-03T17:42:37
/home/airflow/.local/lib/python3.8/site-packages/airflow/example_dags/example_sensor_decorator.py                                                          1           0  0.41s           2025-07-03T17:42:37
/home/airflow/.local/lib/python3.8/site-packages/airflow/example_dags/example_xcomargs.py                                                                  2           0  0.11s           2025-07-03T17:42:49
/home/airflow/.local/lib/python3.8/site-packages/airflow/example_dags/example_external_task_marker_dag.py                          1134  0.01s             2           0  0.26s           2025-07-03T17:42:29
/home/airflow/.local/lib/python3.8/site-packages/airflow/example_dags/example_subdag_operator.py                                                           3           0  0.20s           2025-07-03T17:42:49
/home/airflow/.local/lib/python3.8/site-packages/airflow/example_dags/example_branch_datetime_operator.py                                                  3           0  0.15s           2025-07-03T17:42:55
/home/airflow/.local/lib/python3.8/site-packages/airflow/example_dags/example_datasets.py                                                                  6           0  0.38s           2025-07-03T17:42:57
================================================================================
[2025-07-03T17:43:30.938+0000] {manager.py:879} INFO - 
================================================================================
DAG File Processing Stats

File Path                                                                                                                           PID  Runtime      # DAGs    # Errors  Last Runtime    Last Run
--------------------------------------------------------------------------------------------------------------------------------  -----  ---------  --------  ----------  --------------  -------------------
/home/airflow/.local/lib/python3.8/site-packages/airflow/example_dags/plugins/listener_plugin.py                                                           0           0  0.04s           2025-07-03T17:43:09
/home/airflow/.local/lib/python3.8/site-packages/airflow/example_dags/plugins/event_listener.py                                                            0           0  0.05s           2025-07-03T17:43:09
/home/airflow/.local/lib/python3.8/site-packages/airflow/example_dags/plugins/workday.py                                                                   0           0  1.50s           2025-07-03T17:43:08
/home/airflow/.local/lib/python3.8/site-packages/airflow/example_dags/subdags/subdag.py                                                                    0           0  0.06s           2025-07-03T17:43:09
/home/airflow/.local/lib/python3.8/site-packages/airflow/example_dags/example_python_operator.py                                                           1           0  0.22s           2025-07-03T17:43:07
/home/airflow/.local/lib/python3.8/site-packages/airflow/example_dags/example_branch_python_dop_operator_3.py                                              1           0  0.41s           2025-07-03T17:43:08
/home/airflow/.local/lib/python3.8/site-packages/airflow/example_dags/tutorial_dag.py                                                                      1           0  0.10s           2025-07-03T17:43:09
/home/airflow/.local/lib/python3.8/site-packages/airflow/example_dags/example_xcom.py                                                                      1           0  0.15s           2025-07-03T17:43:11
/home/airflow/.local/lib/python3.8/site-packages/airflow/example_dags/tutorial.py                                                                          1           0  0.16s           2025-07-03T17:43:11
/home/airflow/.local/lib/python3.8/site-packages/airflow/example_dags/tutorial_taskflow_api.py                                                             1           0  0.10s           2025-07-03T17:43:11
/home/airflow/.local/lib/python3.8/site-packages/airflow/example_dags/example_trigger_controller_dag.py                                                    1           0  0.14s           2025-07-03T17:43:12
/home/airflow/.local/lib/python3.8/site-packages/airflow/example_dags/example_params_ui_tutorial.py                                                        1           0  0.32s           2025-07-03T17:43:13
/home/airflow/.local/lib/python3.8/site-packages/airflow/example_dags/example_latest_only.py                                                               1           0  0.22s           2025-07-03T17:43:13
/home/airflow/.local/lib/python3.8/site-packages/airflow/example_dags/tutorial_objectstorage.py                                                            1           0  0.20s           2025-07-03T17:43:13
/home/airflow/.local/lib/python3.8/site-packages/airflow/example_dags/example_time_delta_sensor_async.py                                                   1           0  0.16s           2025-07-03T17:43:13
/home/airflow/.local/lib/python3.8/site-packages/airflow/example_dags/example_passing_params_via_test_command.py                                           1           0  0.37s           2025-07-03T17:43:15
/home/airflow/.local/lib/python3.8/site-packages/airflow/example_dags/example_nested_branch_dag.py                                                         1           0  0.33s           2025-07-03T17:43:15
/home/airflow/.local/lib/python3.8/site-packages/airflow/example_dags/example_dynamic_task_mapping_with_no_taskflow_operators.py                           1           0  0.11s           2025-07-03T17:43:16
/home/airflow/.local/lib/python3.8/site-packages/airflow/example_dags/example_params_trigger_ui.py                                                         1           0  0.72s           2025-07-03T17:43:20
/home/airflow/.local/lib/python3.8/site-packages/airflow/example_dags/example_sensors.py                                                                   1           0  0.33s           2025-07-03T17:43:21
/home/airflow/.local/lib/python3.8/site-packages/airflow/example_dags/example_task_group.py                                                                1           0  0.28s           2025-07-03T17:43:21
/home/airflow/.local/lib/python3.8/site-packages/airflow/example_dags/example_branch_operator_decorator.py                                                 1           0  0.25s           2025-07-03T17:43:23
/home/airflow/.local/lib/python3.8/site-packages/airflow/example_dags/example_local_kubernetes_executor.py                                                 1           0  0.17s           2025-07-03T17:43:23
/home/airflow/.local/lib/python3.8/site-packages/airflow/example_dags/example_setup_teardown_taskflow.py                                                   1           0  0.14s           2025-07-03T17:43:23
/home/airflow/.local/lib/python3.8/site-packages/airflow/example_dags/example_task_group_decorator.py                                                      1           0  0.29s           2025-07-03T17:43:28
/home/airflow/.local/lib/python3.8/site-packages/airflow/example_dags/example_dynamic_task_mapping.py                                                      1           0  0.32s           2025-07-03T17:43:28
/home/airflow/.local/lib/python3.8/site-packages/airflow/example_dags/example_short_circuit_decorator.py                                                   1           0  0.37s           2025-07-03T17:43:28
/home/airflow/.local/lib/python3.8/site-packages/airflow/example_dags/tutorial_taskflow_api_virtualenv.py                                                  1           0  0.37s           2025-07-03T17:43:29
/home/airflow/.local/lib/python3.8/site-packages/airflow/example_dags/example_bash_operator.py                                                             1           0  0.44s           2025-07-03T17:43:29
/home/airflow/.local/lib/python3.8/site-packages/airflow/example_dags/example_kubernetes_executor.py                                                       1           0  0.32s           2025-07-03T17:43:30
/home/airflow/.local/lib/python3.8/site-packages/airflow/example_dags/example_dag_decorator.py                                                             1           0  1.14s           2025-07-03T17:43:08
/home/airflow/.local/lib/python3.8/site-packages/airflow/example_dags/example_branch_labels.py                                     1199  0.02s             1           0  0.29s           2025-07-03T17:43:00
/home/airflow/.local/lib/python3.8/site-packages/airflow/example_dags/example_short_circuit_operator.py                                                    1           0  0.19s           2025-07-03T17:43:02
/home/airflow/.local/lib/python3.8/site-packages/airflow/example_dags/example_python_decorator.py                                                          1           0  0.16s           2025-07-03T17:43:02
/home/airflow/.local/lib/python3.8/site-packages/airflow/example_dags/example_setup_teardown.py                                                            1           0  0.12s           2025-07-03T17:43:02
/home/airflow/.local/lib/python3.8/site-packages/airflow/example_dags/example_complex.py                                                                   1           0  0.14s           2025-07-03T17:43:03
/home/airflow/.local/lib/python3.8/site-packages/airflow/example_dags/example_branch_operator.py                                                           1           0  0.16s           2025-07-03T17:43:03
/home/airflow/.local/lib/python3.8/site-packages/airflow/example_dags/example_branch_day_of_week_operator.py                                               1           0  0.12s           2025-07-03T17:43:04
/home/airflow/.local/lib/python3.8/site-packages/airflow/example_dags/example_trigger_target_dag.py                                                        1           0  0.10s           2025-07-03T17:43:03
/home/airflow/.local/lib/python3.8/site-packages/airflow/example_dags/example_skip_dag.py                                                                  1           0  0.15s           2025-07-03T17:43:08
/home/airflow/.local/lib/python3.8/site-packages/airflow/example_dags/example_latest_only_with_trigger.py                                                  1           0  0.14s           2025-07-03T17:43:05
/home/airflow/.local/lib/python3.8/site-packages/airflow/example_dags/example_sla_dag.py                                                                   1           0  0.15s           2025-07-03T17:43:08
/home/airflow/.local/lib/python3.8/site-packages/airflow/example_dags/example_sensor_decorator.py                                                          1           0  0.13s           2025-07-03T17:43:08
/home/airflow/.local/lib/python3.8/site-packages/airflow/example_dags/example_xcomargs.py                                                                  2           0  0.45s           2025-07-03T17:43:20
/home/airflow/.local/lib/python3.8/site-packages/airflow/example_dags/example_external_task_marker_dag.py                          1200  0.01s             2           0  0.26s           2025-07-03T17:43:00
/home/airflow/.local/lib/python3.8/site-packages/airflow/example_dags/example_subdag_operator.py                                                           3           0  0.41s           2025-07-03T17:43:19
/home/airflow/.local/lib/python3.8/site-packages/airflow/example_dags/example_branch_datetime_operator.py                                                  3           0  0.15s           2025-07-03T17:43:25
/home/airflow/.local/lib/python3.8/site-packages/airflow/example_dags/example_datasets.py                                                                  6           0  0.33s           2025-07-03T17:43:28
================================================================================
[2025-07-03T17:44:01.670+0000] {manager.py:879} INFO - 
================================================================================
DAG File Processing Stats

File Path                                                                                                                           PID  Runtime      # DAGs    # Errors  Last Runtime    Last Run
--------------------------------------------------------------------------------------------------------------------------------  -----  ---------  --------  ----------  --------------  -------------------
/home/airflow/.local/lib/python3.8/site-packages/airflow/example_dags/plugins/listener_plugin.py                                                           0           0  0.10s           2025-07-03T17:43:39
/home/airflow/.local/lib/python3.8/site-packages/airflow/example_dags/plugins/event_listener.py                                                            0           0  0.06s           2025-07-03T17:43:40
/home/airflow/.local/lib/python3.8/site-packages/airflow/example_dags/plugins/workday.py                                                                   0           0  0.80s           2025-07-03T17:43:40
/home/airflow/.local/lib/python3.8/site-packages/airflow/example_dags/subdags/subdag.py                                                                    0           0  0.05s           2025-07-03T17:43:40
/home/airflow/.local/lib/python3.8/site-packages/airflow/example_dags/example_python_operator.py                                                           1           0  0.12s           2025-07-03T17:43:38
/home/airflow/.local/lib/python3.8/site-packages/airflow/example_dags/example_branch_python_dop_operator_3.py                                              1           0  0.17s           2025-07-03T17:43:39
/home/airflow/.local/lib/python3.8/site-packages/airflow/example_dags/tutorial_dag.py                                                                      1           0  0.17s           2025-07-03T17:43:39
/home/airflow/.local/lib/python3.8/site-packages/airflow/example_dags/example_xcom.py                                                                      1           0  0.32s           2025-07-03T17:43:41
/home/airflow/.local/lib/python3.8/site-packages/airflow/example_dags/tutorial.py                                                                          1           0  0.23s           2025-07-03T17:43:41
/home/airflow/.local/lib/python3.8/site-packages/airflow/example_dags/tutorial_taskflow_api.py                                                             1           0  0.16s           2025-07-03T17:43:41
/home/airflow/.local/lib/python3.8/site-packages/airflow/example_dags/example_trigger_controller_dag.py                                                    1           0  0.15s           2025-07-03T17:43:42
/home/airflow/.local/lib/python3.8/site-packages/airflow/example_dags/example_params_ui_tutorial.py                                                        1           0  0.39s           2025-07-03T17:43:44
/home/airflow/.local/lib/python3.8/site-packages/airflow/example_dags/example_latest_only.py                                                               1           0  0.29s           2025-07-03T17:43:44
/home/airflow/.local/lib/python3.8/site-packages/airflow/example_dags/tutorial_objectstorage.py                                                            1           0  0.18s           2025-07-03T17:43:44
/home/airflow/.local/lib/python3.8/site-packages/airflow/example_dags/example_time_delta_sensor_async.py                                                   1           0  0.17s           2025-07-03T17:43:44
/home/airflow/.local/lib/python3.8/site-packages/airflow/example_dags/example_passing_params_via_test_command.py                                           1           0  0.18s           2025-07-03T17:43:45
/home/airflow/.local/lib/python3.8/site-packages/airflow/example_dags/example_nested_branch_dag.py                                                         1           0  0.17s           2025-07-03T17:43:45
/home/airflow/.local/lib/python3.8/site-packages/airflow/example_dags/example_dynamic_task_mapping_with_no_taskflow_operators.py                           1           0  0.12s           2025-07-03T17:43:46
/home/airflow/.local/lib/python3.8/site-packages/airflow/example_dags/example_params_trigger_ui.py                                                         1           0  0.49s           2025-07-03T17:43:51
/home/airflow/.local/lib/python3.8/site-packages/airflow/example_dags/example_sensors.py                                                                   1           0  0.15s           2025-07-03T17:43:52
/home/airflow/.local/lib/python3.8/site-packages/airflow/example_dags/example_task_group.py                                                                1           0  0.17s           2025-07-03T17:43:52
/home/airflow/.local/lib/python3.8/site-packages/airflow/example_dags/example_branch_operator_decorator.py                                                 1           0  0.21s           2025-07-03T17:43:54
/home/airflow/.local/lib/python3.8/site-packages/airflow/example_dags/example_local_kubernetes_executor.py                                                 1           0  0.16s           2025-07-03T17:43:54
/home/airflow/.local/lib/python3.8/site-packages/airflow/example_dags/example_setup_teardown_taskflow.py                                                   1           0  0.13s           2025-07-03T17:43:54
/home/airflow/.local/lib/python3.8/site-packages/airflow/example_dags/example_task_group_decorator.py                                                      1           0  0.43s           2025-07-03T17:43:59
/home/airflow/.local/lib/python3.8/site-packages/airflow/example_dags/example_dynamic_task_mapping.py                                                      1           0  0.29s           2025-07-03T17:43:59
/home/airflow/.local/lib/python3.8/site-packages/airflow/example_dags/example_short_circuit_decorator.py                                                   1           0  0.29s           2025-07-03T17:43:59
/home/airflow/.local/lib/python3.8/site-packages/airflow/example_dags/tutorial_taskflow_api_virtualenv.py                                                  1           0  0.14s           2025-07-03T17:44:00
/home/airflow/.local/lib/python3.8/site-packages/airflow/example_dags/example_bash_operator.py                                                             1           0  0.20s           2025-07-03T17:44:00
/home/airflow/.local/lib/python3.8/site-packages/airflow/example_dags/example_kubernetes_executor.py                                                       1           0  0.19s           2025-07-03T17:44:00
/home/airflow/.local/lib/python3.8/site-packages/airflow/example_dags/example_dag_decorator.py                                                             1           0  0.51s           2025-07-03T17:43:39
/home/airflow/.local/lib/python3.8/site-packages/airflow/example_dags/example_branch_labels.py                                     1264  0.03s             1           0  0.17s           2025-07-03T17:43:31
/home/airflow/.local/lib/python3.8/site-packages/airflow/example_dags/example_short_circuit_operator.py                                                    1           0  0.31s           2025-07-03T17:43:33
/home/airflow/.local/lib/python3.8/site-packages/airflow/example_dags/example_python_decorator.py                                                          1           0  0.32s           2025-07-03T17:43:33
/home/airflow/.local/lib/python3.8/site-packages/airflow/example_dags/example_setup_teardown.py                                                            1           0  0.16s           2025-07-03T17:43:33
/home/airflow/.local/lib/python3.8/site-packages/airflow/example_dags/example_complex.py                                                                   1           0  0.40s           2025-07-03T17:43:34
/home/airflow/.local/lib/python3.8/site-packages/airflow/example_dags/example_branch_operator.py                                                           1           0  0.37s           2025-07-03T17:43:34
/home/airflow/.local/lib/python3.8/site-packages/airflow/example_dags/example_branch_day_of_week_operator.py                                               1           0  0.18s           2025-07-03T17:43:34
/home/airflow/.local/lib/python3.8/site-packages/airflow/example_dags/example_trigger_target_dag.py                                                        1           0  0.13s           2025-07-03T17:43:34
/home/airflow/.local/lib/python3.8/site-packages/airflow/example_dags/example_skip_dag.py                                                                  1           0  0.16s           2025-07-03T17:43:39
/home/airflow/.local/lib/python3.8/site-packages/airflow/example_dags/example_latest_only_with_trigger.py                                                  1           0  0.16s           2025-07-03T17:43:36
/home/airflow/.local/lib/python3.8/site-packages/airflow/example_dags/example_sla_dag.py                                                                   1           0  0.17s           2025-07-03T17:43:39
/home/airflow/.local/lib/python3.8/site-packages/airflow/example_dags/example_sensor_decorator.py                                                          1           0  0.10s           2025-07-03T17:43:39
/home/airflow/.local/lib/python3.8/site-packages/airflow/example_dags/example_xcomargs.py                                                                  2           0  0.37s           2025-07-03T17:43:51
/home/airflow/.local/lib/python3.8/site-packages/airflow/example_dags/example_external_task_marker_dag.py                          1265  0.02s             2           0  0.16s           2025-07-03T17:43:31
/home/airflow/.local/lib/python3.8/site-packages/airflow/example_dags/example_subdag_operator.py                                                           3           0  0.30s           2025-07-03T17:43:49
/home/airflow/.local/lib/python3.8/site-packages/airflow/example_dags/example_branch_datetime_operator.py                                                  3           0  0.21s           2025-07-03T17:43:56
/home/airflow/.local/lib/python3.8/site-packages/airflow/example_dags/example_datasets.py                                                                  6           0  0.54s           2025-07-03T17:43:59
================================================================================
[2025-07-03T17:44:32.499+0000] {manager.py:879} INFO - 
================================================================================
DAG File Processing Stats

File Path                                                                                                                           PID  Runtime      # DAGs    # Errors  Last Runtime    Last Run
--------------------------------------------------------------------------------------------------------------------------------  -----  ---------  --------  ----------  --------------  -------------------
/home/airflow/.local/lib/python3.8/site-packages/airflow/example_dags/plugins/listener_plugin.py                                                           0           0  0.09s           2025-07-03T17:44:11
/home/airflow/.local/lib/python3.8/site-packages/airflow/example_dags/plugins/event_listener.py                                                            0           0  0.10s           2025-07-03T17:44:11
/home/airflow/.local/lib/python3.8/site-packages/airflow/example_dags/plugins/workday.py                                                                   0           0  0.87s           2025-07-03T17:44:12
/home/airflow/.local/lib/python3.8/site-packages/airflow/example_dags/subdags/subdag.py                                                                    0           0  0.09s           2025-07-03T17:44:11
/home/airflow/.local/lib/python3.8/site-packages/airflow/example_dags/example_python_operator.py                                                           1           0  0.15s           2025-07-03T17:44:09
/home/airflow/.local/lib/python3.8/site-packages/airflow/example_dags/example_branch_python_dop_operator_3.py                                              1           0  0.44s           2025-07-03T17:44:10
/home/airflow/.local/lib/python3.8/site-packages/airflow/example_dags/tutorial_dag.py                                                                      1           0  0.30s           2025-07-03T17:44:10
/home/airflow/.local/lib/python3.8/site-packages/airflow/example_dags/example_xcom.py                                                                      1           0  0.24s           2025-07-03T17:44:12
/home/airflow/.local/lib/python3.8/site-packages/airflow/example_dags/tutorial.py                                                                          1           0  0.28s           2025-07-03T17:44:12
/home/airflow/.local/lib/python3.8/site-packages/airflow/example_dags/tutorial_taskflow_api.py                                                             1           0  0.15s           2025-07-03T17:44:12
/home/airflow/.local/lib/python3.8/site-packages/airflow/example_dags/example_trigger_controller_dag.py                                                    1           0  0.15s           2025-07-03T17:44:13
/home/airflow/.local/lib/python3.8/site-packages/airflow/example_dags/example_params_ui_tutorial.py                                                        1           0  0.39s           2025-07-03T17:44:14
/home/airflow/.local/lib/python3.8/site-packages/airflow/example_dags/example_latest_only.py                                                               1           0  0.25s           2025-07-03T17:44:14
/home/airflow/.local/lib/python3.8/site-packages/airflow/example_dags/tutorial_objectstorage.py                                                            1           0  0.19s           2025-07-03T17:44:15
/home/airflow/.local/lib/python3.8/site-packages/airflow/example_dags/example_time_delta_sensor_async.py                                                   1           0  0.11s           2025-07-03T17:44:15
/home/airflow/.local/lib/python3.8/site-packages/airflow/example_dags/example_passing_params_via_test_command.py                                           1           0  0.37s           2025-07-03T17:44:16
/home/airflow/.local/lib/python3.8/site-packages/airflow/example_dags/example_nested_branch_dag.py                                                         1           0  0.27s           2025-07-03T17:44:16
/home/airflow/.local/lib/python3.8/site-packages/airflow/example_dags/example_dynamic_task_mapping_with_no_taskflow_operators.py                           1           0  0.16s           2025-07-03T17:44:17
/home/airflow/.local/lib/python3.8/site-packages/airflow/example_dags/example_params_trigger_ui.py                                                         1           0  0.21s           2025-07-03T17:44:21
/home/airflow/.local/lib/python3.8/site-packages/airflow/example_dags/example_sensors.py                                                                   1           0  0.14s           2025-07-03T17:44:22
/home/airflow/.local/lib/python3.8/site-packages/airflow/example_dags/example_task_group.py                                                                1           0  0.15s           2025-07-03T17:44:22
/home/airflow/.local/lib/python3.8/site-packages/airflow/example_dags/example_branch_operator_decorator.py                                                 1           0  0.71s           2025-07-03T17:44:25
/home/airflow/.local/lib/python3.8/site-packages/airflow/example_dags/example_local_kubernetes_executor.py                                                 1           0  0.35s           2025-07-03T17:44:25
/home/airflow/.local/lib/python3.8/site-packages/airflow/example_dags/example_setup_teardown_taskflow.py                                                   1           0  0.41s           2025-07-03T17:44:25
/home/airflow/.local/lib/python3.8/site-packages/airflow/example_dags/example_task_group_decorator.py                                                      1           0  0.74s           2025-07-03T17:44:30
/home/airflow/.local/lib/python3.8/site-packages/airflow/example_dags/example_dynamic_task_mapping.py                                                      1           0  0.37s           2025-07-03T17:44:30
/home/airflow/.local/lib/python3.8/site-packages/airflow/example_dags/example_short_circuit_decorator.py                                                   1           0  0.32s           2025-07-03T17:44:30
/home/airflow/.local/lib/python3.8/site-packages/airflow/example_dags/tutorial_taskflow_api_virtualenv.py                                                  1           0  0.26s           2025-07-03T17:44:31
/home/airflow/.local/lib/python3.8/site-packages/airflow/example_dags/example_bash_operator.py                                                             1           0  0.39s           2025-07-03T17:44:31
/home/airflow/.local/lib/python3.8/site-packages/airflow/example_dags/example_kubernetes_executor.py                                                       1           0  0.29s           2025-07-03T17:44:31
/home/airflow/.local/lib/python3.8/site-packages/airflow/example_dags/example_dag_decorator.py                                                             1           0  0.95s           2025-07-03T17:44:11
/home/airflow/.local/lib/python3.8/site-packages/airflow/example_dags/example_branch_labels.py                                     1329  0.01s             1           0  0.31s           2025-07-03T17:44:01
/home/airflow/.local/lib/python3.8/site-packages/airflow/example_dags/example_short_circuit_operator.py                                                    1           0  0.28s           2025-07-03T17:44:04
/home/airflow/.local/lib/python3.8/site-packages/airflow/example_dags/example_python_decorator.py                                                          1           0  0.35s           2025-07-03T17:44:04
/home/airflow/.local/lib/python3.8/site-packages/airflow/example_dags/example_setup_teardown.py                                                            1           0  0.19s           2025-07-03T17:44:04
/home/airflow/.local/lib/python3.8/site-packages/airflow/example_dags/example_complex.py                                                                   1           0  0.32s           2025-07-03T17:44:05
/home/airflow/.local/lib/python3.8/site-packages/airflow/example_dags/example_branch_operator.py                                                           1           0  0.35s           2025-07-03T17:44:05
/home/airflow/.local/lib/python3.8/site-packages/airflow/example_dags/example_branch_day_of_week_operator.py                                               1           0  0.22s           2025-07-03T17:44:05
/home/airflow/.local/lib/python3.8/site-packages/airflow/example_dags/example_trigger_target_dag.py                                                        1           0  0.16s           2025-07-03T17:44:05
/home/airflow/.local/lib/python3.8/site-packages/airflow/example_dags/example_skip_dag.py                                                                  1           0  0.20s           2025-07-03T17:44:10
/home/airflow/.local/lib/python3.8/site-packages/airflow/example_dags/example_latest_only_with_trigger.py                                                  1           0  0.12s           2025-07-03T17:44:06
/home/airflow/.local/lib/python3.8/site-packages/airflow/example_dags/example_sla_dag.py                                                                   1           0  0.34s           2025-07-03T17:44:10
/home/airflow/.local/lib/python3.8/site-packages/airflow/example_dags/example_sensor_decorator.py                                                          1           0  0.20s           2025-07-03T17:44:11
/home/airflow/.local/lib/python3.8/site-packages/airflow/example_dags/example_xcomargs.py                                                                  2           0  0.15s           2025-07-03T17:44:21
/home/airflow/.local/lib/python3.8/site-packages/airflow/example_dags/example_external_task_marker_dag.py                          1330  0.01s             2           0  0.26s           2025-07-03T17:44:01
/home/airflow/.local/lib/python3.8/site-packages/airflow/example_dags/example_subdag_operator.py                                                           3           0  0.16s           2025-07-03T17:44:20
/home/airflow/.local/lib/python3.8/site-packages/airflow/example_dags/example_branch_datetime_operator.py                                                  3           0  0.19s           2025-07-03T17:44:27
/home/airflow/.local/lib/python3.8/site-packages/airflow/example_dags/example_datasets.py                                                                  6           0  0.88s           2025-07-03T17:44:30
================================================================================
[2025-07-03T17:45:02.661+0000] {manager.py:879} INFO - 
================================================================================
DAG File Processing Stats

File Path                                                                                                                           PID  Runtime      # DAGs    # Errors  Last Runtime    Last Run
--------------------------------------------------------------------------------------------------------------------------------  -----  ---------  --------  ----------  --------------  -------------------
/home/airflow/.local/lib/python3.8/site-packages/airflow/example_dags/plugins/listener_plugin.py                                                           0           0  0.13s           2025-07-03T17:44:41
/home/airflow/.local/lib/python3.8/site-packages/airflow/example_dags/plugins/event_listener.py                                                            0           0  0.13s           2025-07-03T17:44:41
/home/airflow/.local/lib/python3.8/site-packages/airflow/example_dags/plugins/workday.py                                                                   0           0  0.78s           2025-07-03T17:44:44
/home/airflow/.local/lib/python3.8/site-packages/airflow/example_dags/subdags/subdag.py                                                                    0           0  0.10s           2025-07-03T17:44:41
/home/airflow/.local/lib/python3.8/site-packages/airflow/example_dags/example_python_operator.py                                                           1           0  0.15s           2025-07-03T17:44:39
/home/airflow/.local/lib/python3.8/site-packages/airflow/example_dags/example_branch_python_dop_operator_3.py                                              1           0  0.31s           2025-07-03T17:44:40
/home/airflow/.local/lib/python3.8/site-packages/airflow/example_dags/tutorial_dag.py                                                                      1           0  0.18s           2025-07-03T17:44:40
/home/airflow/.local/lib/python3.8/site-packages/airflow/example_dags/example_xcom.py                                                                      1           0  0.28s           2025-07-03T17:44:43
/home/airflow/.local/lib/python3.8/site-packages/airflow/example_dags/tutorial.py                                                                          1           0  0.24s           2025-07-03T17:44:43
/home/airflow/.local/lib/python3.8/site-packages/airflow/example_dags/tutorial_taskflow_api.py                                                             1           0  0.22s           2025-07-03T17:44:43
/home/airflow/.local/lib/python3.8/site-packages/airflow/example_dags/example_trigger_controller_dag.py                                                    1           0  0.14s           2025-07-03T17:44:44
/home/airflow/.local/lib/python3.8/site-packages/airflow/example_dags/example_params_ui_tutorial.py                                                        1           0  0.67s           2025-07-03T17:44:45
/home/airflow/.local/lib/python3.8/site-packages/airflow/example_dags/example_latest_only.py                                                               1           0  0.38s           2025-07-03T17:44:45
/home/airflow/.local/lib/python3.8/site-packages/airflow/example_dags/tutorial_objectstorage.py                                                            1           0  0.30s           2025-07-03T17:44:45
/home/airflow/.local/lib/python3.8/site-packages/airflow/example_dags/example_time_delta_sensor_async.py                                                   1           0  0.27s           2025-07-03T17:44:46
/home/airflow/.local/lib/python3.8/site-packages/airflow/example_dags/example_passing_params_via_test_command.py                                           1           0  0.37s           2025-07-03T17:44:47
/home/airflow/.local/lib/python3.8/site-packages/airflow/example_dags/example_nested_branch_dag.py                                                         1           0  0.35s           2025-07-03T17:44:47
/home/airflow/.local/lib/python3.8/site-packages/airflow/example_dags/example_dynamic_task_mapping_with_no_taskflow_operators.py                           1           0  0.15s           2025-07-03T17:44:48
/home/airflow/.local/lib/python3.8/site-packages/airflow/example_dags/example_params_trigger_ui.py                                                         1           0  0.21s           2025-07-03T17:44:52
/home/airflow/.local/lib/python3.8/site-packages/airflow/example_dags/example_sensors.py                                                                   1           0  0.15s           2025-07-03T17:44:53
/home/airflow/.local/lib/python3.8/site-packages/airflow/example_dags/example_task_group.py                                                                1           0  0.16s           2025-07-03T17:44:53
/home/airflow/.local/lib/python3.8/site-packages/airflow/example_dags/example_branch_operator_decorator.py                                                 1           0  0.21s           2025-07-03T17:44:55
/home/airflow/.local/lib/python3.8/site-packages/airflow/example_dags/example_local_kubernetes_executor.py                                                 1           0  0.12s           2025-07-03T17:44:55
/home/airflow/.local/lib/python3.8/site-packages/airflow/example_dags/example_setup_teardown_taskflow.py                                                   1           0  0.16s           2025-07-03T17:44:55
/home/airflow/.local/lib/python3.8/site-packages/airflow/example_dags/example_task_group_decorator.py                                                      1           0  0.71s           2025-07-03T17:45:01
/home/airflow/.local/lib/python3.8/site-packages/airflow/example_dags/example_dynamic_task_mapping.py                                                      1           0  0.39s           2025-07-03T17:45:02
/home/airflow/.local/lib/python3.8/site-packages/airflow/example_dags/example_short_circuit_decorator.py                                                   1           0  0.62s           2025-07-03T17:45:02
/home/airflow/.local/lib/python3.8/site-packages/airflow/example_dags/tutorial_taskflow_api_virtualenv.py                          1391  0.49s             1           0  0.26s           2025-07-03T17:44:31
/home/airflow/.local/lib/python3.8/site-packages/airflow/example_dags/example_bash_operator.py                                     1392  0.02s             1           0  0.39s           2025-07-03T17:44:31
/home/airflow/.local/lib/python3.8/site-packages/airflow/example_dags/example_kubernetes_executor.py                                                       1           0  0.29s           2025-07-03T17:44:31
/home/airflow/.local/lib/python3.8/site-packages/airflow/example_dags/example_dag_decorator.py                                                             1           0  0.76s           2025-07-03T17:44:42
/home/airflow/.local/lib/python3.8/site-packages/airflow/example_dags/example_branch_labels.py                                                             1           0  0.36s           2025-07-03T17:44:32
/home/airflow/.local/lib/python3.8/site-packages/airflow/example_dags/example_short_circuit_operator.py                                                    1           0  0.17s           2025-07-03T17:44:34
/home/airflow/.local/lib/python3.8/site-packages/airflow/example_dags/example_python_decorator.py                                                          1           0  0.15s           2025-07-03T17:44:34
/home/airflow/.local/lib/python3.8/site-packages/airflow/example_dags/example_setup_teardown.py                                                            1           0  0.13s           2025-07-03T17:44:35
/home/airflow/.local/lib/python3.8/site-packages/airflow/example_dags/example_complex.py                                                                   1           0  0.17s           2025-07-03T17:44:36
/home/airflow/.local/lib/python3.8/site-packages/airflow/example_dags/example_branch_operator.py                                                           1           0  0.20s           2025-07-03T17:44:36
/home/airflow/.local/lib/python3.8/site-packages/airflow/example_dags/example_branch_day_of_week_operator.py                                               1           0  0.16s           2025-07-03T17:44:36
/home/airflow/.local/lib/python3.8/site-packages/airflow/example_dags/example_trigger_target_dag.py                                                        1           0  0.13s           2025-07-03T17:44:36
/home/airflow/.local/lib/python3.8/site-packages/airflow/example_dags/example_skip_dag.py                                                                  1           0  0.19s           2025-07-03T17:44:41
/home/airflow/.local/lib/python3.8/site-packages/airflow/example_dags/example_latest_only_with_trigger.py                                                  1           0  0.26s           2025-07-03T17:44:37
/home/airflow/.local/lib/python3.8/site-packages/airflow/example_dags/example_sla_dag.py                                                                   1           0  0.25s           2025-07-03T17:44:41
/home/airflow/.local/lib/python3.8/site-packages/airflow/example_dags/example_sensor_decorator.py                                                          1           0  0.24s           2025-07-03T17:44:41
/home/airflow/.local/lib/python3.8/site-packages/airflow/example_dags/example_xcomargs.py                                                                  2           0  0.14s           2025-07-03T17:44:52
/home/airflow/.local/lib/python3.8/site-packages/airflow/example_dags/example_external_task_marker_dag.py                                                  2           0  0.32s           2025-07-03T17:44:32
/home/airflow/.local/lib/python3.8/site-packages/airflow/example_dags/example_subdag_operator.py                                                           3           0  0.18s           2025-07-03T17:44:51
/home/airflow/.local/lib/python3.8/site-packages/airflow/example_dags/example_branch_datetime_operator.py                                                  3           0  0.58s           2025-07-03T17:44:58
/home/airflow/.local/lib/python3.8/site-packages/airflow/example_dags/example_datasets.py                                                                  6           0  0.98s           2025-07-03T17:45:01
================================================================================
[2025-07-03T17:45:23.875+0000] {manager.py:738} INFO - Searching for files in /opt/airflow/dags
[2025-07-03T17:45:23.899+0000] {manager.py:741} INFO - There are 48 files in /opt/airflow/dags
[2025-07-03T17:45:33.079+0000] {manager.py:879} INFO - 
================================================================================
DAG File Processing Stats

File Path                                                                                                                           PID  Runtime      # DAGs    # Errors  Last Runtime    Last Run
--------------------------------------------------------------------------------------------------------------------------------  -----  ---------  --------  ----------  --------------  -------------------
/home/airflow/.local/lib/python3.8/site-packages/airflow/example_dags/plugins/listener_plugin.py                                                           0           0  0.04s           2025-07-03T17:45:11
/home/airflow/.local/lib/python3.8/site-packages/airflow/example_dags/plugins/event_listener.py                                                            0           0  0.06s           2025-07-03T17:45:12
/home/airflow/.local/lib/python3.8/site-packages/airflow/example_dags/plugins/workday.py                                                                   0           0  0.66s           2025-07-03T17:45:14
/home/airflow/.local/lib/python3.8/site-packages/airflow/example_dags/subdags/subdag.py                                                                    0           0  0.05s           2025-07-03T17:45:12
/home/airflow/.local/lib/python3.8/site-packages/airflow/example_dags/example_python_operator.py                                                           1           0  0.13s           2025-07-03T17:45:10
/home/airflow/.local/lib/python3.8/site-packages/airflow/example_dags/example_branch_python_dop_operator_3.py                                              1           0  0.20s           2025-07-03T17:45:11
/home/airflow/.local/lib/python3.8/site-packages/airflow/example_dags/tutorial_dag.py                                                                      1           0  0.16s           2025-07-03T17:45:11
/home/airflow/.local/lib/python3.8/site-packages/airflow/example_dags/example_xcom.py                                                                      1           0  0.17s           2025-07-03T17:45:14
/home/airflow/.local/lib/python3.8/site-packages/airflow/example_dags/tutorial.py                                                                          1           0  0.17s           2025-07-03T17:45:14
/home/airflow/.local/lib/python3.8/site-packages/airflow/example_dags/tutorial_taskflow_api.py                                                             1           0  0.11s           2025-07-03T17:45:14
/home/airflow/.local/lib/python3.8/site-packages/airflow/example_dags/example_trigger_controller_dag.py                                                    1           0  0.14s           2025-07-03T17:45:15
/home/airflow/.local/lib/python3.8/site-packages/airflow/example_dags/example_params_ui_tutorial.py                                                        1           0  0.48s           2025-07-03T17:45:16
/home/airflow/.local/lib/python3.8/site-packages/airflow/example_dags/example_latest_only.py                                                               1           0  0.27s           2025-07-03T17:45:16
/home/airflow/.local/lib/python3.8/site-packages/airflow/example_dags/tutorial_objectstorage.py                                                            1           0  0.25s           2025-07-03T17:45:16
/home/airflow/.local/lib/python3.8/site-packages/airflow/example_dags/example_time_delta_sensor_async.py                                                   1           0  0.14s           2025-07-03T17:45:16
/home/airflow/.local/lib/python3.8/site-packages/airflow/example_dags/example_passing_params_via_test_command.py                                           1           0  0.56s           2025-07-03T17:45:17
/home/airflow/.local/lib/python3.8/site-packages/airflow/example_dags/example_nested_branch_dag.py                                                         1           0  0.54s           2025-07-03T17:45:17
/home/airflow/.local/lib/python3.8/site-packages/airflow/example_dags/example_dynamic_task_mapping_with_no_taskflow_operators.py                           1           0  0.33s           2025-07-03T17:45:18
/home/airflow/.local/lib/python3.8/site-packages/airflow/example_dags/example_params_trigger_ui.py                                                         1           0  0.29s           2025-07-03T17:45:22
/home/airflow/.local/lib/python3.8/site-packages/airflow/example_dags/example_sensors.py                                                                   1           0  0.14s           2025-07-03T17:45:24
/home/airflow/.local/lib/python3.8/site-packages/airflow/example_dags/example_task_group.py                                                                1           0  0.15s           2025-07-03T17:45:24
/home/airflow/.local/lib/python3.8/site-packages/airflow/example_dags/example_branch_operator_decorator.py                                                 1           0  0.21s           2025-07-03T17:45:26
/home/airflow/.local/lib/python3.8/site-packages/airflow/example_dags/example_local_kubernetes_executor.py                                                 1           0  0.16s           2025-07-03T17:45:26
/home/airflow/.local/lib/python3.8/site-packages/airflow/example_dags/example_setup_teardown_taskflow.py                                                   1           0  0.14s           2025-07-03T17:45:26
/home/airflow/.local/lib/python3.8/site-packages/airflow/example_dags/example_task_group_decorator.py                                                      1           0  0.49s           2025-07-03T17:45:32
/home/airflow/.local/lib/python3.8/site-packages/airflow/example_dags/example_dynamic_task_mapping.py                              1454  0.02s             1           0  0.39s           2025-07-03T17:45:02
/home/airflow/.local/lib/python3.8/site-packages/airflow/example_dags/example_short_circuit_decorator.py                                                   1           0  0.62s           2025-07-03T17:45:02
/home/airflow/.local/lib/python3.8/site-packages/airflow/example_dags/tutorial_taskflow_api_virtualenv.py                                                  1           0  0.62s           2025-07-03T17:45:02
/home/airflow/.local/lib/python3.8/site-packages/airflow/example_dags/example_bash_operator.py                                                             1           0  0.59s           2025-07-03T17:45:03
/home/airflow/.local/lib/python3.8/site-packages/airflow/example_dags/example_kubernetes_executor.py                                                       1           0  0.31s           2025-07-03T17:45:03
/home/airflow/.local/lib/python3.8/site-packages/airflow/example_dags/example_dag_decorator.py                                                             1           0  0.40s           2025-07-03T17:45:13
/home/airflow/.local/lib/python3.8/site-packages/airflow/example_dags/example_branch_labels.py                                                             1           0  0.50s           2025-07-03T17:45:03
/home/airflow/.local/lib/python3.8/site-packages/airflow/example_dags/example_short_circuit_operator.py                                                    1           0  0.32s           2025-07-03T17:45:05
/home/airflow/.local/lib/python3.8/site-packages/airflow/example_dags/example_python_decorator.py                                                          1           0  0.32s           2025-07-03T17:45:05
/home/airflow/.local/lib/python3.8/site-packages/airflow/example_dags/example_setup_teardown.py                                                            1           0  0.20s           2025-07-03T17:45:06
/home/airflow/.local/lib/python3.8/site-packages/airflow/example_dags/example_complex.py                                                                   1           0  0.19s           2025-07-03T17:45:07
/home/airflow/.local/lib/python3.8/site-packages/airflow/example_dags/example_branch_operator.py                                                           1           0  0.20s           2025-07-03T17:45:07
/home/airflow/.local/lib/python3.8/site-packages/airflow/example_dags/example_branch_day_of_week_operator.py                                               1           0  0.20s           2025-07-03T17:45:07
/home/airflow/.local/lib/python3.8/site-packages/airflow/example_dags/example_trigger_target_dag.py                                                        1           0  0.17s           2025-07-03T17:45:07
/home/airflow/.local/lib/python3.8/site-packages/airflow/example_dags/example_skip_dag.py                                                                  1           0  0.16s           2025-07-03T17:45:11
/home/airflow/.local/lib/python3.8/site-packages/airflow/example_dags/example_latest_only_with_trigger.py                                                  1           0  0.13s           2025-07-03T17:45:08
/home/airflow/.local/lib/python3.8/site-packages/airflow/example_dags/example_sla_dag.py                                                                   1           0  0.16s           2025-07-03T17:45:11
/home/airflow/.local/lib/python3.8/site-packages/airflow/example_dags/example_sensor_decorator.py                                                          1           0  0.10s           2025-07-03T17:45:11
/home/airflow/.local/lib/python3.8/site-packages/airflow/example_dags/example_xcomargs.py                                                                  2           0  0.23s           2025-07-03T17:45:22
/home/airflow/.local/lib/python3.8/site-packages/airflow/example_dags/example_external_task_marker_dag.py                                                  2           0  0.48s           2025-07-03T17:45:03
/home/airflow/.local/lib/python3.8/site-packages/airflow/example_dags/example_subdag_operator.py                                                           3           0  0.19s           2025-07-03T17:45:21
/home/airflow/.local/lib/python3.8/site-packages/airflow/example_dags/example_branch_datetime_operator.py                                                  3           0  0.19s           2025-07-03T17:45:29
/home/airflow/.local/lib/python3.8/site-packages/airflow/example_dags/example_datasets.py                                          1452  0.57s             6           0  0.98s           2025-07-03T17:45:01
================================================================================
[2025-07-03T17:46:03.682+0000] {manager.py:879} INFO - 
================================================================================
DAG File Processing Stats

File Path                                                                                                                           PID  Runtime      # DAGs    # Errors  Last Runtime    Last Run
--------------------------------------------------------------------------------------------------------------------------------  -----  ---------  --------  ----------  --------------  -------------------
/home/airflow/.local/lib/python3.8/site-packages/airflow/example_dags/plugins/listener_plugin.py                                                           0           0  0.07s           2025-07-03T17:45:42
/home/airflow/.local/lib/python3.8/site-packages/airflow/example_dags/plugins/event_listener.py                                                            0           0  0.06s           2025-07-03T17:45:43
/home/airflow/.local/lib/python3.8/site-packages/airflow/example_dags/plugins/workday.py                                                                   0           0  0.60s           2025-07-03T17:45:46
/home/airflow/.local/lib/python3.8/site-packages/airflow/example_dags/subdags/subdag.py                                                                    0           0  0.05s           2025-07-03T17:45:43
/home/airflow/.local/lib/python3.8/site-packages/airflow/example_dags/example_python_operator.py                                                           1           0  0.11s           2025-07-03T17:45:40
/home/airflow/.local/lib/python3.8/site-packages/airflow/example_dags/example_branch_python_dop_operator_3.py                                              1           0  0.17s           2025-07-03T17:45:41
/home/airflow/.local/lib/python3.8/site-packages/airflow/example_dags/tutorial_dag.py                                                                      1           0  0.14s           2025-07-03T17:45:41
/home/airflow/.local/lib/python3.8/site-packages/airflow/example_dags/example_xcom.py                                                                      1           0  0.15s           2025-07-03T17:45:44
/home/airflow/.local/lib/python3.8/site-packages/airflow/example_dags/tutorial.py                                                                          1           0  0.15s           2025-07-03T17:45:44
/home/airflow/.local/lib/python3.8/site-packages/airflow/example_dags/tutorial_taskflow_api.py                                                             1           0  0.10s           2025-07-03T17:45:44
/home/airflow/.local/lib/python3.8/site-packages/airflow/example_dags/example_trigger_controller_dag.py                                                    1           0  0.16s           2025-07-03T17:45:45
/home/airflow/.local/lib/python3.8/site-packages/airflow/example_dags/example_params_ui_tutorial.py                                                        1           0  0.23s           2025-07-03T17:45:46
/home/airflow/.local/lib/python3.8/site-packages/airflow/example_dags/example_latest_only.py                                                               1           0  0.14s           2025-07-03T17:45:46
/home/airflow/.local/lib/python3.8/site-packages/airflow/example_dags/tutorial_objectstorage.py                                                            1           0  0.13s           2025-07-03T17:45:46
/home/airflow/.local/lib/python3.8/site-packages/airflow/example_dags/example_time_delta_sensor_async.py                                                   1           0  0.11s           2025-07-03T17:45:47
/home/airflow/.local/lib/python3.8/site-packages/airflow/example_dags/example_passing_params_via_test_command.py                                           1           0  0.51s           2025-07-03T17:45:48
/home/airflow/.local/lib/python3.8/site-packages/airflow/example_dags/example_nested_branch_dag.py                                                         1           0  0.50s           2025-07-03T17:45:48
/home/airflow/.local/lib/python3.8/site-packages/airflow/example_dags/example_dynamic_task_mapping_with_no_taskflow_operators.py                           1           0  0.22s           2025-07-03T17:45:49
/home/airflow/.local/lib/python3.8/site-packages/airflow/example_dags/example_params_trigger_ui.py                                                         1           0  0.23s           2025-07-03T17:45:54
/home/airflow/.local/lib/python3.8/site-packages/airflow/example_dags/example_sensors.py                                                                   1           0  0.14s           2025-07-03T17:45:55
/home/airflow/.local/lib/python3.8/site-packages/airflow/example_dags/example_task_group.py                                                                1           0  0.15s           2025-07-03T17:45:55
/home/airflow/.local/lib/python3.8/site-packages/airflow/example_dags/example_branch_operator_decorator.py                                                 1           0  0.22s           2025-07-03T17:45:57
/home/airflow/.local/lib/python3.8/site-packages/airflow/example_dags/example_local_kubernetes_executor.py                                                 1           0  0.22s           2025-07-03T17:45:57
/home/airflow/.local/lib/python3.8/site-packages/airflow/example_dags/example_setup_teardown_taskflow.py                                                   1           0  0.12s           2025-07-03T17:45:57
/home/airflow/.local/lib/python3.8/site-packages/airflow/example_dags/example_task_group_decorator.py                              1517  0.02s             1           0  0.49s           2025-07-03T17:45:32
/home/airflow/.local/lib/python3.8/site-packages/airflow/example_dags/example_dynamic_task_mapping.py                                                      1           0  0.36s           2025-07-03T17:45:33
/home/airflow/.local/lib/python3.8/site-packages/airflow/example_dags/example_short_circuit_decorator.py                                                   1           0  0.45s           2025-07-03T17:45:33
/home/airflow/.local/lib/python3.8/site-packages/airflow/example_dags/tutorial_taskflow_api_virtualenv.py                                                  1           0  0.34s           2025-07-03T17:45:33
/home/airflow/.local/lib/python3.8/site-packages/airflow/example_dags/example_bash_operator.py                                                             1           0  0.46s           2025-07-03T17:45:34
/home/airflow/.local/lib/python3.8/site-packages/airflow/example_dags/example_kubernetes_executor.py                                                       1           0  0.48s           2025-07-03T17:45:34
/home/airflow/.local/lib/python3.8/site-packages/airflow/example_dags/example_dag_decorator.py                                                             1           0  0.39s           2025-07-03T17:45:43
/home/airflow/.local/lib/python3.8/site-packages/airflow/example_dags/example_branch_labels.py                                                             1           0  0.57s           2025-07-03T17:45:34
/home/airflow/.local/lib/python3.8/site-packages/airflow/example_dags/example_short_circuit_operator.py                                                    1           0  0.58s           2025-07-03T17:45:37
/home/airflow/.local/lib/python3.8/site-packages/airflow/example_dags/example_python_decorator.py                                                          1           0  0.53s           2025-07-03T17:45:37
/home/airflow/.local/lib/python3.8/site-packages/airflow/example_dags/example_setup_teardown.py                                                            1           0  0.14s           2025-07-03T17:45:37
/home/airflow/.local/lib/python3.8/site-packages/airflow/example_dags/example_complex.py                                                                   1           0  0.17s           2025-07-03T17:45:37
/home/airflow/.local/lib/python3.8/site-packages/airflow/example_dags/example_branch_operator.py                                                           1           0  0.20s           2025-07-03T17:45:37
/home/airflow/.local/lib/python3.8/site-packages/airflow/example_dags/example_branch_day_of_week_operator.py                                               1           0  0.17s           2025-07-03T17:45:37
/home/airflow/.local/lib/python3.8/site-packages/airflow/example_dags/example_trigger_target_dag.py                                                        1           0  0.13s           2025-07-03T17:45:37
/home/airflow/.local/lib/python3.8/site-packages/airflow/example_dags/example_skip_dag.py                                                                  1           0  0.15s           2025-07-03T17:45:42
/home/airflow/.local/lib/python3.8/site-packages/airflow/example_dags/example_latest_only_with_trigger.py                                                  1           0  0.14s           2025-07-03T17:45:38
/home/airflow/.local/lib/python3.8/site-packages/airflow/example_dags/example_sla_dag.py                                                                   1           0  0.16s           2025-07-03T17:45:42
/home/airflow/.local/lib/python3.8/site-packages/airflow/example_dags/example_sensor_decorator.py                                                          1           0  0.15s           2025-07-03T17:45:42
/home/airflow/.local/lib/python3.8/site-packages/airflow/example_dags/example_xcomargs.py                                                                  2           0  0.15s           2025-07-03T17:45:53
/home/airflow/.local/lib/python3.8/site-packages/airflow/example_dags/example_external_task_marker_dag.py                                                  2           0  0.37s           2025-07-03T17:45:34
/home/airflow/.local/lib/python3.8/site-packages/airflow/example_dags/example_subdag_operator.py                                                           3           0  0.27s           2025-07-03T17:45:52
/home/airflow/.local/lib/python3.8/site-packages/airflow/example_dags/example_branch_datetime_operator.py                                                  3           0  0.22s           2025-07-03T17:46:00
/home/airflow/.local/lib/python3.8/site-packages/airflow/example_dags/example_datasets.py                                          1516  0.04s             6           0  0.83s           2025-07-03T17:45:33
================================================================================
[2025-07-03T17:46:33.789+0000] {manager.py:879} INFO - 
================================================================================
DAG File Processing Stats

File Path                                                                                                                         PID    Runtime      # DAGs    # Errors  Last Runtime    Last Run
--------------------------------------------------------------------------------------------------------------------------------  -----  ---------  --------  ----------  --------------  -------------------
/home/airflow/.local/lib/python3.8/site-packages/airflow/example_dags/plugins/listener_plugin.py                                                           0           0  0.05s           2025-07-03T17:46:12
/home/airflow/.local/lib/python3.8/site-packages/airflow/example_dags/plugins/event_listener.py                                                            0           0  0.05s           2025-07-03T17:46:13
/home/airflow/.local/lib/python3.8/site-packages/airflow/example_dags/plugins/workday.py                                                                   0           0  0.68s           2025-07-03T17:46:17
/home/airflow/.local/lib/python3.8/site-packages/airflow/example_dags/subdags/subdag.py                                                                    0           0  0.06s           2025-07-03T17:46:13
/home/airflow/.local/lib/python3.8/site-packages/airflow/example_dags/example_python_operator.py                                                           1           0  0.14s           2025-07-03T17:46:11
/home/airflow/.local/lib/python3.8/site-packages/airflow/example_dags/example_branch_python_dop_operator_3.py                                              1           0  0.15s           2025-07-03T17:46:12
/home/airflow/.local/lib/python3.8/site-packages/airflow/example_dags/tutorial_dag.py                                                                      1           0  0.10s           2025-07-03T17:46:12
/home/airflow/.local/lib/python3.8/site-packages/airflow/example_dags/example_xcom.py                                                                      1           0  0.15s           2025-07-03T17:46:14
/home/airflow/.local/lib/python3.8/site-packages/airflow/example_dags/tutorial.py                                                                          1           0  0.16s           2025-07-03T17:46:14
/home/airflow/.local/lib/python3.8/site-packages/airflow/example_dags/tutorial_taskflow_api.py                                                             1           0  0.13s           2025-07-03T17:46:14
/home/airflow/.local/lib/python3.8/site-packages/airflow/example_dags/example_trigger_controller_dag.py                                                    1           0  0.18s           2025-07-03T17:46:16
/home/airflow/.local/lib/python3.8/site-packages/airflow/example_dags/example_params_ui_tutorial.py                                                        1           0  0.25s           2025-07-03T17:46:17
/home/airflow/.local/lib/python3.8/site-packages/airflow/example_dags/example_latest_only.py                                                               1           0  0.14s           2025-07-03T17:46:17
/home/airflow/.local/lib/python3.8/site-packages/airflow/example_dags/tutorial_objectstorage.py                                                            1           0  0.13s           2025-07-03T17:46:17
/home/airflow/.local/lib/python3.8/site-packages/airflow/example_dags/example_time_delta_sensor_async.py                                                   1           0  0.13s           2025-07-03T17:46:17
/home/airflow/.local/lib/python3.8/site-packages/airflow/example_dags/example_passing_params_via_test_command.py                                           1           0  0.44s           2025-07-03T17:46:19
/home/airflow/.local/lib/python3.8/site-packages/airflow/example_dags/example_nested_branch_dag.py                                                         1           0  0.44s           2025-07-03T17:46:19
/home/airflow/.local/lib/python3.8/site-packages/airflow/example_dags/example_dynamic_task_mapping_with_no_taskflow_operators.py                           1           0  0.16s           2025-07-03T17:46:19
/home/airflow/.local/lib/python3.8/site-packages/airflow/example_dags/example_params_trigger_ui.py                                                         1           0  0.26s           2025-07-03T17:46:24
/home/airflow/.local/lib/python3.8/site-packages/airflow/example_dags/example_sensors.py                                                                   1           0  0.15s           2025-07-03T17:46:25
/home/airflow/.local/lib/python3.8/site-packages/airflow/example_dags/example_task_group.py                                                                1           0  0.15s           2025-07-03T17:46:25
/home/airflow/.local/lib/python3.8/site-packages/airflow/example_dags/example_branch_operator_decorator.py                                                 1           0  0.20s           2025-07-03T17:46:27
/home/airflow/.local/lib/python3.8/site-packages/airflow/example_dags/example_local_kubernetes_executor.py                                                 1           0  0.16s           2025-07-03T17:46:27
/home/airflow/.local/lib/python3.8/site-packages/airflow/example_dags/example_setup_teardown_taskflow.py                                                   1           0  0.13s           2025-07-03T17:46:27
/home/airflow/.local/lib/python3.8/site-packages/airflow/example_dags/example_task_group_decorator.py                                                      1           0  0.65s           2025-07-03T17:46:04
/home/airflow/.local/lib/python3.8/site-packages/airflow/example_dags/example_dynamic_task_mapping.py                                                      1           0  0.34s           2025-07-03T17:46:04
/home/airflow/.local/lib/python3.8/site-packages/airflow/example_dags/example_short_circuit_decorator.py                                                   1           0  0.50s           2025-07-03T17:46:04
/home/airflow/.local/lib/python3.8/site-packages/airflow/example_dags/tutorial_taskflow_api_virtualenv.py                                                  1           0  0.35s           2025-07-03T17:46:04
/home/airflow/.local/lib/python3.8/site-packages/airflow/example_dags/example_bash_operator.py                                                             1           0  0.62s           2025-07-03T17:46:05
/home/airflow/.local/lib/python3.8/site-packages/airflow/example_dags/example_kubernetes_executor.py                                                       1           0  0.45s           2025-07-03T17:46:05
/home/airflow/.local/lib/python3.8/site-packages/airflow/example_dags/example_dag_decorator.py                                                             1           0  0.59s           2025-07-03T17:46:15
/home/airflow/.local/lib/python3.8/site-packages/airflow/example_dags/example_branch_labels.py                                                             1           0  0.44s           2025-07-03T17:46:05
/home/airflow/.local/lib/python3.8/site-packages/airflow/example_dags/example_short_circuit_operator.py                                                    1           0  0.29s           2025-07-03T17:46:08
/home/airflow/.local/lib/python3.8/site-packages/airflow/example_dags/example_python_decorator.py                                                          1           0  0.26s           2025-07-03T17:46:08
/home/airflow/.local/lib/python3.8/site-packages/airflow/example_dags/example_setup_teardown.py                                                            1           0  0.27s           2025-07-03T17:46:08
/home/airflow/.local/lib/python3.8/site-packages/airflow/example_dags/example_complex.py                                                                   1           0  0.34s           2025-07-03T17:46:08
/home/airflow/.local/lib/python3.8/site-packages/airflow/example_dags/example_branch_operator.py                                                           1           0  0.28s           2025-07-03T17:46:08
/home/airflow/.local/lib/python3.8/site-packages/airflow/example_dags/example_branch_day_of_week_operator.py                                               1           0  0.21s           2025-07-03T17:46:08
/home/airflow/.local/lib/python3.8/site-packages/airflow/example_dags/example_trigger_target_dag.py                                                        1           0  0.21s           2025-07-03T17:46:08
/home/airflow/.local/lib/python3.8/site-packages/airflow/example_dags/example_skip_dag.py                                                                  1           0  0.21s           2025-07-03T17:46:12
/home/airflow/.local/lib/python3.8/site-packages/airflow/example_dags/example_latest_only_with_trigger.py                                                  1           0  0.16s           2025-07-03T17:46:09
/home/airflow/.local/lib/python3.8/site-packages/airflow/example_dags/example_sla_dag.py                                                                   1           0  0.24s           2025-07-03T17:46:12
/home/airflow/.local/lib/python3.8/site-packages/airflow/example_dags/example_sensor_decorator.py                                                          1           0  0.12s           2025-07-03T17:46:12
/home/airflow/.local/lib/python3.8/site-packages/airflow/example_dags/example_xcomargs.py                                                                  2           0  0.22s           2025-07-03T17:46:24
/home/airflow/.local/lib/python3.8/site-packages/airflow/example_dags/example_external_task_marker_dag.py                                                  2           0  0.30s           2025-07-03T17:46:06
/home/airflow/.local/lib/python3.8/site-packages/airflow/example_dags/example_subdag_operator.py                                                           3           0  0.21s           2025-07-03T17:46:23
/home/airflow/.local/lib/python3.8/site-packages/airflow/example_dags/example_branch_datetime_operator.py                                                  3           0  0.14s           2025-07-03T17:46:30
/home/airflow/.local/lib/python3.8/site-packages/airflow/example_dags/example_datasets.py                                                                  6           0  0.73s           2025-07-03T17:46:04
================================================================================
[2025-07-03T17:47:04.202+0000] {manager.py:879} INFO - 
================================================================================
DAG File Processing Stats

File Path                                                                                                                         PID    Runtime      # DAGs    # Errors  Last Runtime    Last Run
--------------------------------------------------------------------------------------------------------------------------------  -----  ---------  --------  ----------  --------------  -------------------
/home/airflow/.local/lib/python3.8/site-packages/airflow/example_dags/plugins/listener_plugin.py                                                           0           0  0.05s           2025-07-03T17:46:43
/home/airflow/.local/lib/python3.8/site-packages/airflow/example_dags/plugins/event_listener.py                                                            0           0  0.05s           2025-07-03T17:46:43
/home/airflow/.local/lib/python3.8/site-packages/airflow/example_dags/plugins/workday.py                                                                   0           0  0.75s           2025-07-03T17:46:48
/home/airflow/.local/lib/python3.8/site-packages/airflow/example_dags/subdags/subdag.py                                                                    0           0  0.06s           2025-07-03T17:46:43
/home/airflow/.local/lib/python3.8/site-packages/airflow/example_dags/example_python_operator.py                                                           1           0  0.12s           2025-07-03T17:46:41
/home/airflow/.local/lib/python3.8/site-packages/airflow/example_dags/example_branch_python_dop_operator_3.py                                              1           0  0.15s           2025-07-03T17:46:42
/home/airflow/.local/lib/python3.8/site-packages/airflow/example_dags/tutorial_dag.py                                                                      1           0  0.12s           2025-07-03T17:46:42
/home/airflow/.local/lib/python3.8/site-packages/airflow/example_dags/example_xcom.py                                                                      1           0  0.17s           2025-07-03T17:46:45
/home/airflow/.local/lib/python3.8/site-packages/airflow/example_dags/tutorial.py                                                                          1           0  0.17s           2025-07-03T17:46:45
/home/airflow/.local/lib/python3.8/site-packages/airflow/example_dags/tutorial_taskflow_api.py                                                             1           0  0.11s           2025-07-03T17:46:45
/home/airflow/.local/lib/python3.8/site-packages/airflow/example_dags/example_trigger_controller_dag.py                                                    1           0  0.17s           2025-07-03T17:46:46
/home/airflow/.local/lib/python3.8/site-packages/airflow/example_dags/example_params_ui_tutorial.py                                                        1           0  0.50s           2025-07-03T17:46:48
/home/airflow/.local/lib/python3.8/site-packages/airflow/example_dags/example_latest_only.py                                                               1           0  0.31s           2025-07-03T17:46:47
/home/airflow/.local/lib/python3.8/site-packages/airflow/example_dags/tutorial_objectstorage.py                                                            1           0  0.20s           2025-07-03T17:46:48
/home/airflow/.local/lib/python3.8/site-packages/airflow/example_dags/example_time_delta_sensor_async.py                                                   1           0  0.12s           2025-07-03T17:46:48
/home/airflow/.local/lib/python3.8/site-packages/airflow/example_dags/example_passing_params_via_test_command.py                                           1           0  0.27s           2025-07-03T17:46:50
/home/airflow/.local/lib/python3.8/site-packages/airflow/example_dags/example_nested_branch_dag.py                                                         1           0  0.32s           2025-07-03T17:46:50
/home/airflow/.local/lib/python3.8/site-packages/airflow/example_dags/example_dynamic_task_mapping_with_no_taskflow_operators.py                           1           0  0.16s           2025-07-03T17:46:50
/home/airflow/.local/lib/python3.8/site-packages/airflow/example_dags/example_params_trigger_ui.py                                                         1           0  0.36s           2025-07-03T17:46:54
/home/airflow/.local/lib/python3.8/site-packages/airflow/example_dags/example_sensors.py                                                                   1           0  0.15s           2025-07-03T17:46:55
/home/airflow/.local/lib/python3.8/site-packages/airflow/example_dags/example_task_group.py                                                                1           0  0.15s           2025-07-03T17:46:55
/home/airflow/.local/lib/python3.8/site-packages/airflow/example_dags/example_branch_operator_decorator.py                                                 1           0  0.21s           2025-07-03T17:46:58
/home/airflow/.local/lib/python3.8/site-packages/airflow/example_dags/example_local_kubernetes_executor.py                                                 1           0  0.17s           2025-07-03T17:46:58
/home/airflow/.local/lib/python3.8/site-packages/airflow/example_dags/example_setup_teardown_taskflow.py                                                   1           0  0.13s           2025-07-03T17:46:58
/home/airflow/.local/lib/python3.8/site-packages/airflow/example_dags/example_task_group_decorator.py                                                      1           0  0.40s           2025-07-03T17:46:35
/home/airflow/.local/lib/python3.8/site-packages/airflow/example_dags/example_dynamic_task_mapping.py                                                      1           0  0.32s           2025-07-03T17:46:35
/home/airflow/.local/lib/python3.8/site-packages/airflow/example_dags/example_short_circuit_decorator.py                                                   1           0  0.31s           2025-07-03T17:46:35
/home/airflow/.local/lib/python3.8/site-packages/airflow/example_dags/tutorial_taskflow_api_virtualenv.py                                                  1           0  0.38s           2025-07-03T17:46:36
/home/airflow/.local/lib/python3.8/site-packages/airflow/example_dags/example_bash_operator.py                                                             1           0  0.57s           2025-07-03T17:46:36
/home/airflow/.local/lib/python3.8/site-packages/airflow/example_dags/example_kubernetes_executor.py                                                       1           0  0.45s           2025-07-03T17:46:36
/home/airflow/.local/lib/python3.8/site-packages/airflow/example_dags/example_dag_decorator.py                                                             1           0  0.55s           2025-07-03T17:46:46
/home/airflow/.local/lib/python3.8/site-packages/airflow/example_dags/example_branch_labels.py                                                             1           0  0.47s           2025-07-03T17:46:36
/home/airflow/.local/lib/python3.8/site-packages/airflow/example_dags/example_short_circuit_operator.py                                                    1           0  0.29s           2025-07-03T17:46:39
/home/airflow/.local/lib/python3.8/site-packages/airflow/example_dags/example_python_decorator.py                                                          1           0  0.18s           2025-07-03T17:46:39
/home/airflow/.local/lib/python3.8/site-packages/airflow/example_dags/example_setup_teardown.py                                                            1           0  0.39s           2025-07-03T17:46:39
/home/airflow/.local/lib/python3.8/site-packages/airflow/example_dags/example_complex.py                                                                   1           0  0.35s           2025-07-03T17:46:39
/home/airflow/.local/lib/python3.8/site-packages/airflow/example_dags/example_branch_operator.py                                                           1           0  0.31s           2025-07-03T17:46:39
/home/airflow/.local/lib/python3.8/site-packages/airflow/example_dags/example_branch_day_of_week_operator.py                                               1           0  0.25s           2025-07-03T17:46:39
/home/airflow/.local/lib/python3.8/site-packages/airflow/example_dags/example_trigger_target_dag.py                                                        1           0  0.21s           2025-07-03T17:46:40
/home/airflow/.local/lib/python3.8/site-packages/airflow/example_dags/example_skip_dag.py                                                                  1           0  0.19s           2025-07-03T17:46:43
/home/airflow/.local/lib/python3.8/site-packages/airflow/example_dags/example_latest_only_with_trigger.py                                                  1           0  0.22s           2025-07-03T17:46:40
/home/airflow/.local/lib/python3.8/site-packages/airflow/example_dags/example_sla_dag.py                                                                   1           0  0.22s           2025-07-03T17:46:43
/home/airflow/.local/lib/python3.8/site-packages/airflow/example_dags/example_sensor_decorator.py                                                          1           0  0.13s           2025-07-03T17:46:43
/home/airflow/.local/lib/python3.8/site-packages/airflow/example_dags/example_xcomargs.py                                                                  2           0  0.16s           2025-07-03T17:46:54
/home/airflow/.local/lib/python3.8/site-packages/airflow/example_dags/example_external_task_marker_dag.py                                                  2           0  0.30s           2025-07-03T17:46:37
/home/airflow/.local/lib/python3.8/site-packages/airflow/example_dags/example_subdag_operator.py                                                           3           0  0.20s           2025-07-03T17:46:53
/home/airflow/.local/lib/python3.8/site-packages/airflow/example_dags/example_branch_datetime_operator.py                                                  3           0  0.20s           2025-07-03T17:47:01
/home/airflow/.local/lib/python3.8/site-packages/airflow/example_dags/example_datasets.py                                                                  6           0  0.43s           2025-07-03T17:46:35
================================================================================
[2025-07-03T17:47:34.630+0000] {manager.py:879} INFO - 
================================================================================
DAG File Processing Stats

File Path                                                                                                                         PID    Runtime      # DAGs    # Errors  Last Runtime    Last Run
--------------------------------------------------------------------------------------------------------------------------------  -----  ---------  --------  ----------  --------------  -------------------
/home/airflow/.local/lib/python3.8/site-packages/airflow/example_dags/plugins/listener_plugin.py                                                           0           0  0.06s           2025-07-03T17:47:13
/home/airflow/.local/lib/python3.8/site-packages/airflow/example_dags/plugins/event_listener.py                                                            0           0  0.05s           2025-07-03T17:47:13
/home/airflow/.local/lib/python3.8/site-packages/airflow/example_dags/plugins/workday.py                                                                   0           0  0.64s           2025-07-03T17:47:20
/home/airflow/.local/lib/python3.8/site-packages/airflow/example_dags/subdags/subdag.py                                                                    0           0  0.04s           2025-07-03T17:47:14
/home/airflow/.local/lib/python3.8/site-packages/airflow/example_dags/example_python_operator.py                                                           1           0  0.14s           2025-07-03T17:47:11
/home/airflow/.local/lib/python3.8/site-packages/airflow/example_dags/example_branch_python_dop_operator_3.py                                              1           0  0.19s           2025-07-03T17:47:12
/home/airflow/.local/lib/python3.8/site-packages/airflow/example_dags/tutorial_dag.py                                                                      1           0  0.15s           2025-07-03T17:47:12
/home/airflow/.local/lib/python3.8/site-packages/airflow/example_dags/example_xcom.py                                                                      1           0  0.31s           2025-07-03T17:47:16
/home/airflow/.local/lib/python3.8/site-packages/airflow/example_dags/tutorial.py                                                                          1           0  0.29s           2025-07-03T17:47:16
/home/airflow/.local/lib/python3.8/site-packages/airflow/example_dags/tutorial_taskflow_api.py                                                             1           0  0.15s           2025-07-03T17:47:16
/home/airflow/.local/lib/python3.8/site-packages/airflow/example_dags/example_trigger_controller_dag.py                                                    1           0  0.27s           2025-07-03T17:47:17
/home/airflow/.local/lib/python3.8/site-packages/airflow/example_dags/example_params_ui_tutorial.py                                                        1           0  0.59s           2025-07-03T17:47:18
/home/airflow/.local/lib/python3.8/site-packages/airflow/example_dags/example_latest_only.py                                                               1           0  0.17s           2025-07-03T17:47:18
/home/airflow/.local/lib/python3.8/site-packages/airflow/example_dags/tutorial_objectstorage.py                                                            1           0  0.36s           2025-07-03T17:47:18
/home/airflow/.local/lib/python3.8/site-packages/airflow/example_dags/example_time_delta_sensor_async.py                                                   1           0  0.17s           2025-07-03T17:47:18
/home/airflow/.local/lib/python3.8/site-packages/airflow/example_dags/example_passing_params_via_test_command.py                                           1           0  0.40s           2025-07-03T17:47:20
/home/airflow/.local/lib/python3.8/site-packages/airflow/example_dags/example_nested_branch_dag.py                                                         1           0  0.35s           2025-07-03T17:47:20
/home/airflow/.local/lib/python3.8/site-packages/airflow/example_dags/example_dynamic_task_mapping_with_no_taskflow_operators.py                           1           0  0.17s           2025-07-03T17:47:20
/home/airflow/.local/lib/python3.8/site-packages/airflow/example_dags/example_params_trigger_ui.py                                                         1           0  0.21s           2025-07-03T17:47:25
/home/airflow/.local/lib/python3.8/site-packages/airflow/example_dags/example_sensors.py                                                                   1           0  0.15s           2025-07-03T17:47:26
/home/airflow/.local/lib/python3.8/site-packages/airflow/example_dags/example_task_group.py                                                                1           0  0.15s           2025-07-03T17:47:26
/home/airflow/.local/lib/python3.8/site-packages/airflow/example_dags/example_branch_operator_decorator.py                                                 1           0  0.20s           2025-07-03T17:47:28
/home/airflow/.local/lib/python3.8/site-packages/airflow/example_dags/example_local_kubernetes_executor.py                                                 1           0  0.17s           2025-07-03T17:47:28
/home/airflow/.local/lib/python3.8/site-packages/airflow/example_dags/example_setup_teardown_taskflow.py                                                   1           0  0.13s           2025-07-03T17:47:28
/home/airflow/.local/lib/python3.8/site-packages/airflow/example_dags/example_task_group_decorator.py                                                      1           0  0.34s           2025-07-03T17:47:05
/home/airflow/.local/lib/python3.8/site-packages/airflow/example_dags/example_dynamic_task_mapping.py                                                      1           0  0.16s           2025-07-03T17:47:05
/home/airflow/.local/lib/python3.8/site-packages/airflow/example_dags/example_short_circuit_decorator.py                                                   1           0  0.31s           2025-07-03T17:47:07
/home/airflow/.local/lib/python3.8/site-packages/airflow/example_dags/tutorial_taskflow_api_virtualenv.py                                                  1           0  0.29s           2025-07-03T17:47:07
/home/airflow/.local/lib/python3.8/site-packages/airflow/example_dags/example_bash_operator.py                                                             1           0  0.33s           2025-07-03T17:47:07
/home/airflow/.local/lib/python3.8/site-packages/airflow/example_dags/example_kubernetes_executor.py                                                       1           0  0.28s           2025-07-03T17:47:07
/home/airflow/.local/lib/python3.8/site-packages/airflow/example_dags/example_dag_decorator.py                                                             1           0  0.60s           2025-07-03T17:47:17
/home/airflow/.local/lib/python3.8/site-packages/airflow/example_dags/example_branch_labels.py                                                             1           0  0.16s           2025-07-03T17:47:07
/home/airflow/.local/lib/python3.8/site-packages/airflow/example_dags/example_short_circuit_operator.py                                                    1           0  0.25s           2025-07-03T17:47:09
/home/airflow/.local/lib/python3.8/site-packages/airflow/example_dags/example_python_decorator.py                                                          1           0  0.33s           2025-07-03T17:47:09
/home/airflow/.local/lib/python3.8/site-packages/airflow/example_dags/example_setup_teardown.py                                                            1           0  0.25s           2025-07-03T17:47:10
/home/airflow/.local/lib/python3.8/site-packages/airflow/example_dags/example_complex.py                                                                   1           0  0.25s           2025-07-03T17:47:10
/home/airflow/.local/lib/python3.8/site-packages/airflow/example_dags/example_branch_operator.py                                                           1           0  0.27s           2025-07-03T17:47:10
/home/airflow/.local/lib/python3.8/site-packages/airflow/example_dags/example_branch_day_of_week_operator.py                                               1           0  0.19s           2025-07-03T17:47:10
/home/airflow/.local/lib/python3.8/site-packages/airflow/example_dags/example_trigger_target_dag.py                                                        1           0  0.13s           2025-07-03T17:47:10
/home/airflow/.local/lib/python3.8/site-packages/airflow/example_dags/example_skip_dag.py                                                                  1           0  0.16s           2025-07-03T17:47:13
/home/airflow/.local/lib/python3.8/site-packages/airflow/example_dags/example_latest_only_with_trigger.py                                                  1           0  0.14s           2025-07-03T17:47:10
/home/airflow/.local/lib/python3.8/site-packages/airflow/example_dags/example_sla_dag.py                                                                   1           0  0.16s           2025-07-03T17:47:13
/home/airflow/.local/lib/python3.8/site-packages/airflow/example_dags/example_sensor_decorator.py                                                          1           0  0.12s           2025-07-03T17:47:13
/home/airflow/.local/lib/python3.8/site-packages/airflow/example_dags/example_xcomargs.py                                                                  2           0  0.15s           2025-07-03T17:47:25
/home/airflow/.local/lib/python3.8/site-packages/airflow/example_dags/example_external_task_marker_dag.py                                                  2           0  0.14s           2025-07-03T17:47:07
/home/airflow/.local/lib/python3.8/site-packages/airflow/example_dags/example_subdag_operator.py                                                           3           0  0.19s           2025-07-03T17:47:23
/home/airflow/.local/lib/python3.8/site-packages/airflow/example_dags/example_branch_datetime_operator.py                                                  3           0  0.20s           2025-07-03T17:47:31
/home/airflow/.local/lib/python3.8/site-packages/airflow/example_dags/example_datasets.py                                                                  6           0  0.40s           2025-07-03T17:47:05
================================================================================
[2025-07-03T17:48:05.015+0000] {manager.py:879} INFO - 
================================================================================
DAG File Processing Stats

File Path                                                                                                                         PID    Runtime      # DAGs    # Errors  Last Runtime    Last Run
--------------------------------------------------------------------------------------------------------------------------------  -----  ---------  --------  ----------  --------------  -------------------
/home/airflow/.local/lib/python3.8/site-packages/airflow/example_dags/plugins/listener_plugin.py                                                           0           0  0.09s           2025-07-03T17:47:44
/home/airflow/.local/lib/python3.8/site-packages/airflow/example_dags/plugins/event_listener.py                                                            0           0  0.10s           2025-07-03T17:47:44
/home/airflow/.local/lib/python3.8/site-packages/airflow/example_dags/plugins/workday.py                                                                   0           0  1.23s           2025-07-03T17:47:51
/home/airflow/.local/lib/python3.8/site-packages/airflow/example_dags/subdags/subdag.py                                                                    0           0  0.06s           2025-07-03T17:47:44
/home/airflow/.local/lib/python3.8/site-packages/airflow/example_dags/example_python_operator.py                                                           1           0  0.12s           2025-07-03T17:47:41
/home/airflow/.local/lib/python3.8/site-packages/airflow/example_dags/example_branch_python_dop_operator_3.py                                              1           0  0.16s           2025-07-03T17:47:42
/home/airflow/.local/lib/python3.8/site-packages/airflow/example_dags/tutorial_dag.py                                                                      1           0  0.13s           2025-07-03T17:47:42
/home/airflow/.local/lib/python3.8/site-packages/airflow/example_dags/example_xcom.py                                                                      1           0  0.28s           2025-07-03T17:47:46
/home/airflow/.local/lib/python3.8/site-packages/airflow/example_dags/tutorial.py                                                                          1           0  0.25s           2025-07-03T17:47:46
/home/airflow/.local/lib/python3.8/site-packages/airflow/example_dags/tutorial_taskflow_api.py                                                             1           0  0.21s           2025-07-03T17:47:47
/home/airflow/.local/lib/python3.8/site-packages/airflow/example_dags/example_trigger_controller_dag.py                                                    1           0  0.11s           2025-07-03T17:47:47
/home/airflow/.local/lib/python3.8/site-packages/airflow/example_dags/example_params_ui_tutorial.py                                                        1           0  0.43s           2025-07-03T17:47:49
/home/airflow/.local/lib/python3.8/site-packages/airflow/example_dags/example_latest_only.py                                                               1           0  0.11s           2025-07-03T17:47:48
/home/airflow/.local/lib/python3.8/site-packages/airflow/example_dags/tutorial_objectstorage.py                                                            1           0  0.33s           2025-07-03T17:47:49
/home/airflow/.local/lib/python3.8/site-packages/airflow/example_dags/example_time_delta_sensor_async.py                                                   1           0  0.19s           2025-07-03T17:47:49
/home/airflow/.local/lib/python3.8/site-packages/airflow/example_dags/example_passing_params_via_test_command.py                                           1           0  0.38s           2025-07-03T17:47:51
/home/airflow/.local/lib/python3.8/site-packages/airflow/example_dags/example_nested_branch_dag.py                                                         1           0  0.26s           2025-07-03T17:47:51
/home/airflow/.local/lib/python3.8/site-packages/airflow/example_dags/example_dynamic_task_mapping_with_no_taskflow_operators.py                           1           0  0.26s           2025-07-03T17:47:51
/home/airflow/.local/lib/python3.8/site-packages/airflow/example_dags/example_params_trigger_ui.py                                                         1           0  0.22s           2025-07-03T17:47:55
/home/airflow/.local/lib/python3.8/site-packages/airflow/example_dags/example_sensors.py                                                                   1           0  0.19s           2025-07-03T17:47:56
/home/airflow/.local/lib/python3.8/site-packages/airflow/example_dags/example_task_group.py                                                                1           0  0.20s           2025-07-03T17:47:56
/home/airflow/.local/lib/python3.8/site-packages/airflow/example_dags/example_branch_operator_decorator.py                                                 1           0  0.37s           2025-07-03T17:47:58
/home/airflow/.local/lib/python3.8/site-packages/airflow/example_dags/example_local_kubernetes_executor.py                                                 1           0  0.36s           2025-07-03T17:47:58
/home/airflow/.local/lib/python3.8/site-packages/airflow/example_dags/example_setup_teardown_taskflow.py                                                   1           0  0.19s           2025-07-03T17:47:59
/home/airflow/.local/lib/python3.8/site-packages/airflow/example_dags/example_task_group_decorator.py                                                      1           0  0.28s           2025-07-03T17:47:36
/home/airflow/.local/lib/python3.8/site-packages/airflow/example_dags/example_dynamic_task_mapping.py                                                      1           0  0.17s           2025-07-03T17:47:36
/home/airflow/.local/lib/python3.8/site-packages/airflow/example_dags/example_short_circuit_decorator.py                                                   1           0  0.29s           2025-07-03T17:47:37
/home/airflow/.local/lib/python3.8/site-packages/airflow/example_dags/tutorial_taskflow_api_virtualenv.py                                                  1           0  0.25s           2025-07-03T17:47:37
/home/airflow/.local/lib/python3.8/site-packages/airflow/example_dags/example_bash_operator.py                                                             1           0  0.19s           2025-07-03T17:47:37
/home/airflow/.local/lib/python3.8/site-packages/airflow/example_dags/example_kubernetes_executor.py                                                       1           0  0.21s           2025-07-03T17:47:37
/home/airflow/.local/lib/python3.8/site-packages/airflow/example_dags/example_dag_decorator.py                                                             1           0  0.34s           2025-07-03T17:47:48
/home/airflow/.local/lib/python3.8/site-packages/airflow/example_dags/example_branch_labels.py                                                             1           0  0.22s           2025-07-03T17:47:38
/home/airflow/.local/lib/python3.8/site-packages/airflow/example_dags/example_short_circuit_operator.py                                                    1           0  0.16s           2025-07-03T17:47:40
/home/airflow/.local/lib/python3.8/site-packages/airflow/example_dags/example_python_decorator.py                                                          1           0  0.16s           2025-07-03T17:47:40
/home/airflow/.local/lib/python3.8/site-packages/airflow/example_dags/example_setup_teardown.py                                                            1           0  0.11s           2025-07-03T17:47:40
/home/airflow/.local/lib/python3.8/site-packages/airflow/example_dags/example_complex.py                                                                   1           0  0.17s           2025-07-03T17:47:40
/home/airflow/.local/lib/python3.8/site-packages/airflow/example_dags/example_branch_operator.py                                                           1           0  0.19s           2025-07-03T17:47:40
/home/airflow/.local/lib/python3.8/site-packages/airflow/example_dags/example_branch_day_of_week_operator.py                                               1           0  0.17s           2025-07-03T17:47:40
/home/airflow/.local/lib/python3.8/site-packages/airflow/example_dags/example_trigger_target_dag.py                                                        1           0  0.12s           2025-07-03T17:47:40
/home/airflow/.local/lib/python3.8/site-packages/airflow/example_dags/example_skip_dag.py                                                                  1           0  0.37s           2025-07-03T17:47:44
/home/airflow/.local/lib/python3.8/site-packages/airflow/example_dags/example_latest_only_with_trigger.py                                                  1           0  0.12s           2025-07-03T17:47:40
/home/airflow/.local/lib/python3.8/site-packages/airflow/example_dags/example_sla_dag.py                                                                   1           0  0.40s           2025-07-03T17:47:44
/home/airflow/.local/lib/python3.8/site-packages/airflow/example_dags/example_sensor_decorator.py                                                          1           0  0.13s           2025-07-03T17:47:44
/home/airflow/.local/lib/python3.8/site-packages/airflow/example_dags/example_xcomargs.py                                                                  2           0  0.15s           2025-07-03T17:47:55
/home/airflow/.local/lib/python3.8/site-packages/airflow/example_dags/example_external_task_marker_dag.py                                                  2           0  0.18s           2025-07-03T17:47:38
/home/airflow/.local/lib/python3.8/site-packages/airflow/example_dags/example_subdag_operator.py                                                           3           0  0.15s           2025-07-03T17:47:54
/home/airflow/.local/lib/python3.8/site-packages/airflow/example_dags/example_branch_datetime_operator.py                                                  3           0  0.15s           2025-07-03T17:48:02
/home/airflow/.local/lib/python3.8/site-packages/airflow/example_dags/example_datasets.py                                                                  6           0  0.42s           2025-07-03T17:47:36
================================================================================
[2025-07-03T17:48:35.580+0000] {manager.py:879} INFO - 
================================================================================
DAG File Processing Stats

File Path                                                                                                                         PID    Runtime      # DAGs    # Errors  Last Runtime    Last Run
--------------------------------------------------------------------------------------------------------------------------------  -----  ---------  --------  ----------  --------------  -------------------
/home/airflow/.local/lib/python3.8/site-packages/airflow/example_dags/plugins/listener_plugin.py                                                           0           0  0.16s           2025-07-03T17:48:14
/home/airflow/.local/lib/python3.8/site-packages/airflow/example_dags/plugins/event_listener.py                                                            0           0  0.17s           2025-07-03T17:48:15
/home/airflow/.local/lib/python3.8/site-packages/airflow/example_dags/plugins/workday.py                                                                   0           0  0.93s           2025-07-03T17:48:23
/home/airflow/.local/lib/python3.8/site-packages/airflow/example_dags/subdags/subdag.py                                                                    0           0  0.11s           2025-07-03T17:48:15
/home/airflow/.local/lib/python3.8/site-packages/airflow/example_dags/example_python_operator.py                                                           1           0  0.28s           2025-07-03T17:48:12
/home/airflow/.local/lib/python3.8/site-packages/airflow/example_dags/example_branch_python_dop_operator_3.py                                              1           0  0.35s           2025-07-03T17:48:13
/home/airflow/.local/lib/python3.8/site-packages/airflow/example_dags/tutorial_dag.py                                                                      1           0  0.26s           2025-07-03T17:48:13
/home/airflow/.local/lib/python3.8/site-packages/airflow/example_dags/example_xcom.py                                                                      1           0  0.36s           2025-07-03T17:48:17
/home/airflow/.local/lib/python3.8/site-packages/airflow/example_dags/tutorial.py                                                                          1           0  0.31s           2025-07-03T17:48:17
/home/airflow/.local/lib/python3.8/site-packages/airflow/example_dags/tutorial_taskflow_api.py                                                             1           0  0.18s           2025-07-03T17:48:17
/home/airflow/.local/lib/python3.8/site-packages/airflow/example_dags/example_trigger_controller_dag.py                                                    1           0  0.14s           2025-07-03T17:48:18
/home/airflow/.local/lib/python3.8/site-packages/airflow/example_dags/example_params_ui_tutorial.py                                                        1           0  0.39s           2025-07-03T17:48:20
/home/airflow/.local/lib/python3.8/site-packages/airflow/example_dags/example_latest_only.py                                                               1           0  0.15s           2025-07-03T17:48:18
/home/airflow/.local/lib/python3.8/site-packages/airflow/example_dags/tutorial_objectstorage.py                                                            1           0  0.13s           2025-07-03T17:48:19
/home/airflow/.local/lib/python3.8/site-packages/airflow/example_dags/example_time_delta_sensor_async.py                                                   1           0  0.27s           2025-07-03T17:48:20
/home/airflow/.local/lib/python3.8/site-packages/airflow/example_dags/example_passing_params_via_test_command.py                                           1           0  0.25s           2025-07-03T17:48:22
/home/airflow/.local/lib/python3.8/site-packages/airflow/example_dags/example_nested_branch_dag.py                                                         1           0  0.17s           2025-07-03T17:48:21
/home/airflow/.local/lib/python3.8/site-packages/airflow/example_dags/example_dynamic_task_mapping_with_no_taskflow_operators.py                           1           0  0.31s           2025-07-03T17:48:22
/home/airflow/.local/lib/python3.8/site-packages/airflow/example_dags/example_params_trigger_ui.py                                                         1           0  0.32s           2025-07-03T17:48:25
/home/airflow/.local/lib/python3.8/site-packages/airflow/example_dags/example_sensors.py                                                                   1           0  0.22s           2025-07-03T17:48:27
/home/airflow/.local/lib/python3.8/site-packages/airflow/example_dags/example_task_group.py                                                                1           0  0.22s           2025-07-03T17:48:27
/home/airflow/.local/lib/python3.8/site-packages/airflow/example_dags/example_branch_operator_decorator.py                                                 1           0  0.40s           2025-07-03T17:48:29
/home/airflow/.local/lib/python3.8/site-packages/airflow/example_dags/example_local_kubernetes_executor.py                                                 1           0  0.31s           2025-07-03T17:48:29
/home/airflow/.local/lib/python3.8/site-packages/airflow/example_dags/example_setup_teardown_taskflow.py                                                   1           0  0.22s           2025-07-03T17:48:29
/home/airflow/.local/lib/python3.8/site-packages/airflow/example_dags/example_task_group_decorator.py                                                      1           0  0.26s           2025-07-03T17:48:06
/home/airflow/.local/lib/python3.8/site-packages/airflow/example_dags/example_dynamic_task_mapping.py                                                      1           0  0.37s           2025-07-03T17:48:06
/home/airflow/.local/lib/python3.8/site-packages/airflow/example_dags/example_short_circuit_decorator.py                                                   1           0  0.34s           2025-07-03T17:48:07
/home/airflow/.local/lib/python3.8/site-packages/airflow/example_dags/tutorial_taskflow_api_virtualenv.py                                                  1           0  0.28s           2025-07-03T17:48:07
/home/airflow/.local/lib/python3.8/site-packages/airflow/example_dags/example_bash_operator.py                                                             1           0  0.32s           2025-07-03T17:48:08
/home/airflow/.local/lib/python3.8/site-packages/airflow/example_dags/example_kubernetes_executor.py                                                       1           0  0.31s           2025-07-03T17:48:08
/home/airflow/.local/lib/python3.8/site-packages/airflow/example_dags/example_dag_decorator.py                                                             1           0  0.59s           2025-07-03T17:48:19
/home/airflow/.local/lib/python3.8/site-packages/airflow/example_dags/example_branch_labels.py                                                             1           0  0.17s           2025-07-03T17:48:08
/home/airflow/.local/lib/python3.8/site-packages/airflow/example_dags/example_short_circuit_operator.py                                                    1           0  0.18s           2025-07-03T17:48:10
/home/airflow/.local/lib/python3.8/site-packages/airflow/example_dags/example_python_decorator.py                                                          1           0  0.16s           2025-07-03T17:48:10
/home/airflow/.local/lib/python3.8/site-packages/airflow/example_dags/example_setup_teardown.py                                                            1           0  0.23s           2025-07-03T17:48:10
/home/airflow/.local/lib/python3.8/site-packages/airflow/example_dags/example_complex.py                                                                   1           0  0.22s           2025-07-03T17:48:10
/home/airflow/.local/lib/python3.8/site-packages/airflow/example_dags/example_branch_operator.py                                                           1           0  0.48s           2025-07-03T17:48:11
/home/airflow/.local/lib/python3.8/site-packages/airflow/example_dags/example_branch_day_of_week_operator.py                                               1           0  0.48s           2025-07-03T17:48:11
/home/airflow/.local/lib/python3.8/site-packages/airflow/example_dags/example_trigger_target_dag.py                                                        1           0  0.65s           2025-07-03T17:48:12
/home/airflow/.local/lib/python3.8/site-packages/airflow/example_dags/example_skip_dag.py                                                                  1           0  0.30s           2025-07-03T17:48:14
/home/airflow/.local/lib/python3.8/site-packages/airflow/example_dags/example_latest_only_with_trigger.py                                                  1           0  0.71s           2025-07-03T17:48:12
/home/airflow/.local/lib/python3.8/site-packages/airflow/example_dags/example_sla_dag.py                                                                   1           0  0.31s           2025-07-03T17:48:14
/home/airflow/.local/lib/python3.8/site-packages/airflow/example_dags/example_sensor_decorator.py                                                          1           0  0.35s           2025-07-03T17:48:15
/home/airflow/.local/lib/python3.8/site-packages/airflow/example_dags/example_xcomargs.py                                                                  2           0  0.26s           2025-07-03T17:48:25
/home/airflow/.local/lib/python3.8/site-packages/airflow/example_dags/example_external_task_marker_dag.py                                                  2           0  0.17s           2025-07-03T17:48:08
/home/airflow/.local/lib/python3.8/site-packages/airflow/example_dags/example_subdag_operator.py                                                           3           0  0.18s           2025-07-03T17:48:24
/home/airflow/.local/lib/python3.8/site-packages/airflow/example_dags/example_branch_datetime_operator.py                                                  3           0  0.15s           2025-07-03T17:48:32
/home/airflow/.local/lib/python3.8/site-packages/airflow/example_dags/example_datasets.py                                                                  6           0  0.45s           2025-07-03T17:48:06
================================================================================
[2025-07-03T17:49:06.021+0000] {manager.py:879} INFO - 
================================================================================
DAG File Processing Stats

File Path                                                                                                                         PID    Runtime      # DAGs    # Errors  Last Runtime    Last Run
--------------------------------------------------------------------------------------------------------------------------------  -----  ---------  --------  ----------  --------------  -------------------
/home/airflow/.local/lib/python3.8/site-packages/airflow/example_dags/plugins/listener_plugin.py                                                           0           0  0.12s           2025-07-03T17:48:45
/home/airflow/.local/lib/python3.8/site-packages/airflow/example_dags/plugins/event_listener.py                                                            0           0  0.14s           2025-07-03T17:48:45
/home/airflow/.local/lib/python3.8/site-packages/airflow/example_dags/plugins/workday.py                                                                   0           0  0.72s           2025-07-03T17:48:55
/home/airflow/.local/lib/python3.8/site-packages/airflow/example_dags/subdags/subdag.py                                                                    0           0  0.10s           2025-07-03T17:48:46
/home/airflow/.local/lib/python3.8/site-packages/airflow/example_dags/example_python_operator.py                                                           1           0  0.22s           2025-07-03T17:48:42
/home/airflow/.local/lib/python3.8/site-packages/airflow/example_dags/example_branch_python_dop_operator_3.py                                              1           0  0.27s           2025-07-03T17:48:44
/home/airflow/.local/lib/python3.8/site-packages/airflow/example_dags/tutorial_dag.py                                                                      1           0  0.31s           2025-07-03T17:48:44
/home/airflow/.local/lib/python3.8/site-packages/airflow/example_dags/example_xcom.py                                                                      1           0  0.17s           2025-07-03T17:48:48
/home/airflow/.local/lib/python3.8/site-packages/airflow/example_dags/tutorial.py                                                                          1           0  0.17s           2025-07-03T17:48:48
/home/airflow/.local/lib/python3.8/site-packages/airflow/example_dags/tutorial_taskflow_api.py                                                             1           0  0.11s           2025-07-03T17:48:48
/home/airflow/.local/lib/python3.8/site-packages/airflow/example_dags/example_trigger_controller_dag.py                                                    1           0  0.30s           2025-07-03T17:48:49
/home/airflow/.local/lib/python3.8/site-packages/airflow/example_dags/example_params_ui_tutorial.py                                                        1           0  0.42s           2025-07-03T17:48:50
/home/airflow/.local/lib/python3.8/site-packages/airflow/example_dags/example_latest_only.py                                                               1           0  0.28s           2025-07-03T17:48:49
/home/airflow/.local/lib/python3.8/site-packages/airflow/example_dags/tutorial_objectstorage.py                                                            1           0  0.24s           2025-07-03T17:48:50
/home/airflow/.local/lib/python3.8/site-packages/airflow/example_dags/example_time_delta_sensor_async.py                                                   1           0  0.19s           2025-07-03T17:48:50
/home/airflow/.local/lib/python3.8/site-packages/airflow/example_dags/example_passing_params_via_test_command.py                                           1           0  0.27s           2025-07-03T17:48:53
/home/airflow/.local/lib/python3.8/site-packages/airflow/example_dags/example_nested_branch_dag.py                                                         1           0  0.18s           2025-07-03T17:48:52
/home/airflow/.local/lib/python3.8/site-packages/airflow/example_dags/example_dynamic_task_mapping_with_no_taskflow_operators.py                           1           0  0.29s           2025-07-03T17:48:53
/home/airflow/.local/lib/python3.8/site-packages/airflow/example_dags/example_params_trigger_ui.py                                                         1           0  0.21s           2025-07-03T17:48:56
/home/airflow/.local/lib/python3.8/site-packages/airflow/example_dags/example_sensors.py                                                                   1           0  0.26s           2025-07-03T17:48:57
/home/airflow/.local/lib/python3.8/site-packages/airflow/example_dags/example_task_group.py                                                                1           0  0.31s           2025-07-03T17:48:57
/home/airflow/.local/lib/python3.8/site-packages/airflow/example_dags/example_branch_operator_decorator.py                                                 1           0  0.45s           2025-07-03T17:48:59
/home/airflow/.local/lib/python3.8/site-packages/airflow/example_dags/example_local_kubernetes_executor.py                                                 1           0  0.21s           2025-07-03T17:48:59
/home/airflow/.local/lib/python3.8/site-packages/airflow/example_dags/example_setup_teardown_taskflow.py                                                   1           0  0.18s           2025-07-03T17:48:59
/home/airflow/.local/lib/python3.8/site-packages/airflow/example_dags/example_task_group_decorator.py                                                      1           0  0.30s           2025-07-03T17:48:36
/home/airflow/.local/lib/python3.8/site-packages/airflow/example_dags/example_dynamic_task_mapping.py                                                      1           0  0.15s           2025-07-03T17:48:37
/home/airflow/.local/lib/python3.8/site-packages/airflow/example_dags/example_short_circuit_decorator.py                                                   1           0  0.30s           2025-07-03T17:48:38
/home/airflow/.local/lib/python3.8/site-packages/airflow/example_dags/tutorial_taskflow_api_virtualenv.py                                                  1           0  0.25s           2025-07-03T17:48:38
/home/airflow/.local/lib/python3.8/site-packages/airflow/example_dags/example_bash_operator.py                                                             1           0  0.40s           2025-07-03T17:48:38
/home/airflow/.local/lib/python3.8/site-packages/airflow/example_dags/example_kubernetes_executor.py                                                       1           0  0.33s           2025-07-03T17:48:38
/home/airflow/.local/lib/python3.8/site-packages/airflow/example_dags/example_dag_decorator.py                                                             1           0  0.33s           2025-07-03T17:48:49
/home/airflow/.local/lib/python3.8/site-packages/airflow/example_dags/example_branch_labels.py                                                             1           0  0.23s           2025-07-03T17:48:38
/home/airflow/.local/lib/python3.8/site-packages/airflow/example_dags/example_short_circuit_operator.py                                                    1           0  0.25s           2025-07-03T17:48:41
/home/airflow/.local/lib/python3.8/site-packages/airflow/example_dags/example_python_decorator.py                                                          1           0  0.32s           2025-07-03T17:48:41
/home/airflow/.local/lib/python3.8/site-packages/airflow/example_dags/example_setup_teardown.py                                                            1           0  0.18s           2025-07-03T17:48:41
/home/airflow/.local/lib/python3.8/site-packages/airflow/example_dags/example_complex.py                                                                   1           0  0.21s           2025-07-03T17:48:41
/home/airflow/.local/lib/python3.8/site-packages/airflow/example_dags/example_branch_operator.py                                                           1           0  0.21s           2025-07-03T17:48:41
/home/airflow/.local/lib/python3.8/site-packages/airflow/example_dags/example_branch_day_of_week_operator.py                                               1           0  0.15s           2025-07-03T17:48:41
/home/airflow/.local/lib/python3.8/site-packages/airflow/example_dags/example_trigger_target_dag.py                                                        1           0  0.40s           2025-07-03T17:48:43
/home/airflow/.local/lib/python3.8/site-packages/airflow/example_dags/example_skip_dag.py                                                                  1           0  0.34s           2025-07-03T17:48:45
/home/airflow/.local/lib/python3.8/site-packages/airflow/example_dags/example_latest_only_with_trigger.py                                                  1           0  0.28s           2025-07-03T17:48:43
/home/airflow/.local/lib/python3.8/site-packages/airflow/example_dags/example_sla_dag.py                                                                   1           0  0.29s           2025-07-03T17:48:45
/home/airflow/.local/lib/python3.8/site-packages/airflow/example_dags/example_sensor_decorator.py                                                          1           0  0.26s           2025-07-03T17:48:45
/home/airflow/.local/lib/python3.8/site-packages/airflow/example_dags/example_xcomargs.py                                                                  2           0  0.15s           2025-07-03T17:48:56
/home/airflow/.local/lib/python3.8/site-packages/airflow/example_dags/example_external_task_marker_dag.py                                                  2           0  0.13s           2025-07-03T17:48:39
/home/airflow/.local/lib/python3.8/site-packages/airflow/example_dags/example_subdag_operator.py                                                           3           0  0.19s           2025-07-03T17:48:55
/home/airflow/.local/lib/python3.8/site-packages/airflow/example_dags/example_branch_datetime_operator.py                                                  3           0  0.15s           2025-07-03T17:49:03
/home/airflow/.local/lib/python3.8/site-packages/airflow/example_dags/example_datasets.py                                                                  6           0  0.30s           2025-07-03T17:48:36
================================================================================
[2025-07-03T17:49:36.122+0000] {manager.py:879} INFO - 
================================================================================
DAG File Processing Stats

File Path                                                                                                                         PID    Runtime      # DAGs    # Errors  Last Runtime    Last Run
--------------------------------------------------------------------------------------------------------------------------------  -----  ---------  --------  ----------  --------------  -------------------
/home/airflow/.local/lib/python3.8/site-packages/airflow/example_dags/plugins/listener_plugin.py                                                           0           0  0.06s           2025-07-03T17:49:16
/home/airflow/.local/lib/python3.8/site-packages/airflow/example_dags/plugins/event_listener.py                                                            0           0  0.06s           2025-07-03T17:49:16
/home/airflow/.local/lib/python3.8/site-packages/airflow/example_dags/plugins/workday.py                                                                   0           0  1.21s           2025-07-03T17:49:27
/home/airflow/.local/lib/python3.8/site-packages/airflow/example_dags/subdags/subdag.py                                                                    0           0  0.04s           2025-07-03T17:49:16
/home/airflow/.local/lib/python3.8/site-packages/airflow/example_dags/example_python_operator.py                                                           1           0  0.35s           2025-07-03T17:49:13
/home/airflow/.local/lib/python3.8/site-packages/airflow/example_dags/example_branch_python_dop_operator_3.py                                              1           0  0.41s           2025-07-03T17:49:15
/home/airflow/.local/lib/python3.8/site-packages/airflow/example_dags/tutorial_dag.py                                                                      1           0  0.37s           2025-07-03T17:49:15
/home/airflow/.local/lib/python3.8/site-packages/airflow/example_dags/example_xcom.py                                                                      1           0  0.31s           2025-07-03T17:49:18
/home/airflow/.local/lib/python3.8/site-packages/airflow/example_dags/tutorial.py                                                                          1           0  0.28s           2025-07-03T17:49:18
/home/airflow/.local/lib/python3.8/site-packages/airflow/example_dags/tutorial_taskflow_api.py                                                             1           0  0.20s           2025-07-03T17:49:19
/home/airflow/.local/lib/python3.8/site-packages/airflow/example_dags/example_trigger_controller_dag.py                                                    1           0  0.29s           2025-07-03T17:49:20
/home/airflow/.local/lib/python3.8/site-packages/airflow/example_dags/example_params_ui_tutorial.py                                                        1           0  0.45s           2025-07-03T17:49:21
/home/airflow/.local/lib/python3.8/site-packages/airflow/example_dags/example_latest_only.py                                                               1           0  0.23s           2025-07-03T17:49:20
/home/airflow/.local/lib/python3.8/site-packages/airflow/example_dags/tutorial_objectstorage.py                                                            1           0  0.20s           2025-07-03T17:49:21
/home/airflow/.local/lib/python3.8/site-packages/airflow/example_dags/example_time_delta_sensor_async.py                                                   1           0  0.16s           2025-07-03T17:49:21
/home/airflow/.local/lib/python3.8/site-packages/airflow/example_dags/example_passing_params_via_test_command.py                                           1           0  0.18s           2025-07-03T17:49:23
/home/airflow/.local/lib/python3.8/site-packages/airflow/example_dags/example_nested_branch_dag.py                                                         1           0  0.38s           2025-07-03T17:49:22
/home/airflow/.local/lib/python3.8/site-packages/airflow/example_dags/example_dynamic_task_mapping_with_no_taskflow_operators.py                           1           0  0.19s           2025-07-03T17:49:23
/home/airflow/.local/lib/python3.8/site-packages/airflow/example_dags/example_params_trigger_ui.py                                                         1           0  0.46s           2025-07-03T17:49:26
/home/airflow/.local/lib/python3.8/site-packages/airflow/example_dags/example_sensors.py                                                                   1           0  0.50s           2025-07-03T17:49:28
/home/airflow/.local/lib/python3.8/site-packages/airflow/example_dags/example_task_group.py                                                                1           0  0.46s           2025-07-03T17:49:28
/home/airflow/.local/lib/python3.8/site-packages/airflow/example_dags/example_branch_operator_decorator.py                                                 1           0  0.23s           2025-07-03T17:49:30
/home/airflow/.local/lib/python3.8/site-packages/airflow/example_dags/example_local_kubernetes_executor.py                                                 1           0  0.17s           2025-07-03T17:49:30
/home/airflow/.local/lib/python3.8/site-packages/airflow/example_dags/example_setup_teardown_taskflow.py                                                   1           0  0.14s           2025-07-03T17:49:30
/home/airflow/.local/lib/python3.8/site-packages/airflow/example_dags/example_task_group_decorator.py                                                      1           0  0.41s           2025-07-03T17:49:07
/home/airflow/.local/lib/python3.8/site-packages/airflow/example_dags/example_dynamic_task_mapping.py                                                      1           0  0.18s           2025-07-03T17:49:07
/home/airflow/.local/lib/python3.8/site-packages/airflow/example_dags/example_short_circuit_decorator.py                                                   1           0  0.20s           2025-07-03T17:49:08
/home/airflow/.local/lib/python3.8/site-packages/airflow/example_dags/tutorial_taskflow_api_virtualenv.py                                                  1           0  0.18s           2025-07-03T17:49:08
/home/airflow/.local/lib/python3.8/site-packages/airflow/example_dags/example_bash_operator.py                                                             1           0  0.18s           2025-07-03T17:49:09
/home/airflow/.local/lib/python3.8/site-packages/airflow/example_dags/example_kubernetes_executor.py                                                       1           0  0.18s           2025-07-03T17:49:09
/home/airflow/.local/lib/python3.8/site-packages/airflow/example_dags/example_dag_decorator.py                                                             1           0  0.61s           2025-07-03T17:49:20
/home/airflow/.local/lib/python3.8/site-packages/airflow/example_dags/example_branch_labels.py                                                             1           0  0.12s           2025-07-03T17:49:10
/home/airflow/.local/lib/python3.8/site-packages/airflow/example_dags/example_short_circuit_operator.py                                                    1           0  0.31s           2025-07-03T17:49:12
/home/airflow/.local/lib/python3.8/site-packages/airflow/example_dags/example_python_decorator.py                                                          1           0  0.38s           2025-07-03T17:49:12
/home/airflow/.local/lib/python3.8/site-packages/airflow/example_dags/example_setup_teardown.py                                                            1           0  0.34s           2025-07-03T17:49:12
/home/airflow/.local/lib/python3.8/site-packages/airflow/example_dags/example_complex.py                                                                   1           0  0.41s           2025-07-03T17:49:12
/home/airflow/.local/lib/python3.8/site-packages/airflow/example_dags/example_branch_operator.py                                                           1           0  0.71s           2025-07-03T17:49:13
/home/airflow/.local/lib/python3.8/site-packages/airflow/example_dags/example_branch_day_of_week_operator.py                                               1           0  0.64s           2025-07-03T17:49:13
/home/airflow/.local/lib/python3.8/site-packages/airflow/example_dags/example_trigger_target_dag.py                                                        1           0  0.42s           2025-07-03T17:49:13
/home/airflow/.local/lib/python3.8/site-packages/airflow/example_dags/example_skip_dag.py                                                                  1           0  0.16s           2025-07-03T17:49:16
/home/airflow/.local/lib/python3.8/site-packages/airflow/example_dags/example_latest_only_with_trigger.py                                                  1           0  0.31s           2025-07-03T17:49:14
/home/airflow/.local/lib/python3.8/site-packages/airflow/example_dags/example_sla_dag.py                                                                   1           0  0.18s           2025-07-03T17:49:16
/home/airflow/.local/lib/python3.8/site-packages/airflow/example_dags/example_sensor_decorator.py                                                          1           0  0.14s           2025-07-03T17:49:16
/home/airflow/.local/lib/python3.8/site-packages/airflow/example_dags/example_xcomargs.py                                                                  2           0  0.27s           2025-07-03T17:49:27
/home/airflow/.local/lib/python3.8/site-packages/airflow/example_dags/example_external_task_marker_dag.py                                                  2           0  0.11s           2025-07-03T17:49:10
/home/airflow/.local/lib/python3.8/site-packages/airflow/example_dags/example_subdag_operator.py                                                           3           0  0.42s           2025-07-03T17:49:26
/home/airflow/.local/lib/python3.8/site-packages/airflow/example_dags/example_branch_datetime_operator.py                                                  3           0  0.20s           2025-07-03T17:49:34
/home/airflow/.local/lib/python3.8/site-packages/airflow/example_dags/example_datasets.py                                                                  6           0  0.45s           2025-07-03T17:49:07
================================================================================
[2025-07-03T17:50:06.298+0000] {manager.py:879} INFO - 
================================================================================
DAG File Processing Stats

File Path                                                                                                                         PID    Runtime      # DAGs    # Errors  Last Runtime    Last Run
--------------------------------------------------------------------------------------------------------------------------------  -----  ---------  --------  ----------  --------------  -------------------
/home/airflow/.local/lib/python3.8/site-packages/airflow/example_dags/plugins/listener_plugin.py                                                           0           0  0.06s           2025-07-03T17:49:47
/home/airflow/.local/lib/python3.8/site-packages/airflow/example_dags/plugins/event_listener.py                                                            0           0  0.06s           2025-07-03T17:49:47
/home/airflow/.local/lib/python3.8/site-packages/airflow/example_dags/plugins/workday.py                                                                   0           0  0.73s           2025-07-03T17:49:58
/home/airflow/.local/lib/python3.8/site-packages/airflow/example_dags/subdags/subdag.py                                                                    0           0  0.04s           2025-07-03T17:49:47
/home/airflow/.local/lib/python3.8/site-packages/airflow/example_dags/example_python_operator.py                                                           1           0  0.16s           2025-07-03T17:49:44
/home/airflow/.local/lib/python3.8/site-packages/airflow/example_dags/example_branch_python_dop_operator_3.py                                              1           0  0.17s           2025-07-03T17:49:45
/home/airflow/.local/lib/python3.8/site-packages/airflow/example_dags/tutorial_dag.py                                                                      1           0  0.14s           2025-07-03T17:49:45
/home/airflow/.local/lib/python3.8/site-packages/airflow/example_dags/example_xcom.py                                                                      1           0  0.23s           2025-07-03T17:49:49
/home/airflow/.local/lib/python3.8/site-packages/airflow/example_dags/tutorial.py                                                                          1           0  0.24s           2025-07-03T17:49:49
/home/airflow/.local/lib/python3.8/site-packages/airflow/example_dags/tutorial_taskflow_api.py                                                             1           0  0.14s           2025-07-03T17:49:49
/home/airflow/.local/lib/python3.8/site-packages/airflow/example_dags/example_trigger_controller_dag.py                                                    1           0  0.21s           2025-07-03T17:49:50
/home/airflow/.local/lib/python3.8/site-packages/airflow/example_dags/example_params_ui_tutorial.py                                                        1           0  0.38s           2025-07-03T17:49:52
/home/airflow/.local/lib/python3.8/site-packages/airflow/example_dags/example_latest_only.py                                                               1           0  0.29s           2025-07-03T17:49:50
/home/airflow/.local/lib/python3.8/site-packages/airflow/example_dags/tutorial_objectstorage.py                                                            1           0  0.24s           2025-07-03T17:49:52
/home/airflow/.local/lib/python3.8/site-packages/airflow/example_dags/example_time_delta_sensor_async.py                                                   1           0  0.13s           2025-07-03T17:49:52
/home/airflow/.local/lib/python3.8/site-packages/airflow/example_dags/example_passing_params_via_test_command.py                                           1           0  0.19s           2025-07-03T17:49:54
/home/airflow/.local/lib/python3.8/site-packages/airflow/example_dags/example_nested_branch_dag.py                                                         1           0  0.15s           2025-07-03T17:49:53
/home/airflow/.local/lib/python3.8/site-packages/airflow/example_dags/example_dynamic_task_mapping_with_no_taskflow_operators.py                           1           0  0.21s           2025-07-03T17:49:54
/home/airflow/.local/lib/python3.8/site-packages/airflow/example_dags/example_params_trigger_ui.py                                                         1           0  0.32s           2025-07-03T17:49:57
/home/airflow/.local/lib/python3.8/site-packages/airflow/example_dags/example_sensors.py                                                                   1           0  0.30s           2025-07-03T17:49:58
/home/airflow/.local/lib/python3.8/site-packages/airflow/example_dags/example_task_group.py                                                                1           0  0.37s           2025-07-03T17:49:58
/home/airflow/.local/lib/python3.8/site-packages/airflow/example_dags/example_branch_operator_decorator.py                                                 1           0  0.20s           2025-07-03T17:50:01
/home/airflow/.local/lib/python3.8/site-packages/airflow/example_dags/example_local_kubernetes_executor.py                                                 1           0  0.16s           2025-07-03T17:50:01
/home/airflow/.local/lib/python3.8/site-packages/airflow/example_dags/example_setup_teardown_taskflow.py                                                   1           0  0.13s           2025-07-03T17:50:01
/home/airflow/.local/lib/python3.8/site-packages/airflow/example_dags/example_task_group_decorator.py                                                      1           0  0.22s           2025-07-03T17:49:38
/home/airflow/.local/lib/python3.8/site-packages/airflow/example_dags/example_dynamic_task_mapping.py                                                      1           0  0.21s           2025-07-03T17:49:38
/home/airflow/.local/lib/python3.8/site-packages/airflow/example_dags/example_short_circuit_decorator.py                                                   1           0  0.17s           2025-07-03T17:49:39
/home/airflow/.local/lib/python3.8/site-packages/airflow/example_dags/tutorial_taskflow_api_virtualenv.py                                                  1           0  0.14s           2025-07-03T17:49:39
/home/airflow/.local/lib/python3.8/site-packages/airflow/example_dags/example_bash_operator.py                                                             1           0  0.32s           2025-07-03T17:49:40
/home/airflow/.local/lib/python3.8/site-packages/airflow/example_dags/example_kubernetes_executor.py                                                       1           0  0.32s           2025-07-03T17:49:40
/home/airflow/.local/lib/python3.8/site-packages/airflow/example_dags/example_dag_decorator.py                                                             1           0  0.53s           2025-07-03T17:49:51
/home/airflow/.local/lib/python3.8/site-packages/airflow/example_dags/example_branch_labels.py                                                             1           0  0.17s           2025-07-03T17:49:40
/home/airflow/.local/lib/python3.8/site-packages/airflow/example_dags/example_short_circuit_operator.py                                                    1           0  0.33s           2025-07-03T17:49:43
/home/airflow/.local/lib/python3.8/site-packages/airflow/example_dags/example_python_decorator.py                                                          1           0  0.26s           2025-07-03T17:49:43
/home/airflow/.local/lib/python3.8/site-packages/airflow/example_dags/example_setup_teardown.py                                                            1           0  0.32s           2025-07-03T17:49:43
/home/airflow/.local/lib/python3.8/site-packages/airflow/example_dags/example_complex.py                                                                   1           0  0.57s           2025-07-03T17:49:43
/home/airflow/.local/lib/python3.8/site-packages/airflow/example_dags/example_branch_operator.py                                                           1           0  0.69s           2025-07-03T17:49:44
/home/airflow/.local/lib/python3.8/site-packages/airflow/example_dags/example_branch_day_of_week_operator.py                                               1           0  0.44s           2025-07-03T17:49:44
/home/airflow/.local/lib/python3.8/site-packages/airflow/example_dags/example_trigger_target_dag.py                                                        1           0  0.29s           2025-07-03T17:49:44
/home/airflow/.local/lib/python3.8/site-packages/airflow/example_dags/example_skip_dag.py                                                                  1           0  0.16s           2025-07-03T17:49:47
/home/airflow/.local/lib/python3.8/site-packages/airflow/example_dags/example_latest_only_with_trigger.py                                                  1           0  0.26s           2025-07-03T17:49:44
/home/airflow/.local/lib/python3.8/site-packages/airflow/example_dags/example_sla_dag.py                                                                   1           0  0.17s           2025-07-03T17:49:47
/home/airflow/.local/lib/python3.8/site-packages/airflow/example_dags/example_sensor_decorator.py                                                          1           0  0.13s           2025-07-03T17:49:47
/home/airflow/.local/lib/python3.8/site-packages/airflow/example_dags/example_xcomargs.py                                                                  2           0  0.39s           2025-07-03T17:49:57
/home/airflow/.local/lib/python3.8/site-packages/airflow/example_dags/example_external_task_marker_dag.py                                                  2           0  0.15s           2025-07-03T17:49:41
/home/airflow/.local/lib/python3.8/site-packages/airflow/example_dags/example_subdag_operator.py                                                           3           0  0.22s           2025-07-03T17:49:56
/home/airflow/.local/lib/python3.8/site-packages/airflow/example_dags/example_branch_datetime_operator.py                                                  3           0  0.28s           2025-07-03T17:50:04
/home/airflow/.local/lib/python3.8/site-packages/airflow/example_dags/example_datasets.py                                                                  6           0  0.29s           2025-07-03T17:49:38
================================================================================
[2025-07-03T17:50:23.945+0000] {manager.py:738} INFO - Searching for files in /opt/airflow/dags
[2025-07-03T17:50:24.018+0000] {manager.py:741} INFO - There are 48 files in /opt/airflow/dags
[2025-07-03T17:50:36.927+0000] {manager.py:879} INFO - 
================================================================================
DAG File Processing Stats

File Path                                                                                                                         PID    Runtime      # DAGs    # Errors  Last Runtime    Last Run
--------------------------------------------------------------------------------------------------------------------------------  -----  ---------  --------  ----------  --------------  -------------------
/home/airflow/.local/lib/python3.8/site-packages/airflow/example_dags/plugins/listener_plugin.py                                                           0           0  0.10s           2025-07-03T17:50:18
/home/airflow/.local/lib/python3.8/site-packages/airflow/example_dags/plugins/event_listener.py                                                            0           0  0.09s           2025-07-03T17:50:18
/home/airflow/.local/lib/python3.8/site-packages/airflow/example_dags/plugins/workday.py                                                                   0           0  0.62s           2025-07-03T17:50:30
/home/airflow/.local/lib/python3.8/site-packages/airflow/example_dags/subdags/subdag.py                                                                    0           0  0.09s           2025-07-03T17:50:18
/home/airflow/.local/lib/python3.8/site-packages/airflow/example_dags/example_python_operator.py                                                           1           0  0.27s           2025-07-03T17:50:15
/home/airflow/.local/lib/python3.8/site-packages/airflow/example_dags/example_branch_python_dop_operator_3.py                                              1           0  0.29s           2025-07-03T17:50:16
/home/airflow/.local/lib/python3.8/site-packages/airflow/example_dags/tutorial_dag.py                                                                      1           0  0.25s           2025-07-03T17:50:16
/home/airflow/.local/lib/python3.8/site-packages/airflow/example_dags/example_xcom.py                                                                      1           0  0.37s           2025-07-03T17:50:20
/home/airflow/.local/lib/python3.8/site-packages/airflow/example_dags/tutorial.py                                                                          1           0  0.41s           2025-07-03T17:50:20
/home/airflow/.local/lib/python3.8/site-packages/airflow/example_dags/tutorial_taskflow_api.py                                                             1           0  0.21s           2025-07-03T17:50:20
/home/airflow/.local/lib/python3.8/site-packages/airflow/example_dags/example_trigger_controller_dag.py                                                    1           0  0.23s           2025-07-03T17:50:21
/home/airflow/.local/lib/python3.8/site-packages/airflow/example_dags/example_params_ui_tutorial.py                                                        1           0  0.24s           2025-07-03T17:50:22
/home/airflow/.local/lib/python3.8/site-packages/airflow/example_dags/example_latest_only.py                                                               1           0  0.15s           2025-07-03T17:50:21
/home/airflow/.local/lib/python3.8/site-packages/airflow/example_dags/tutorial_objectstorage.py                                                            1           0  0.12s           2025-07-03T17:50:22
/home/airflow/.local/lib/python3.8/site-packages/airflow/example_dags/example_time_delta_sensor_async.py                                                   1           0  0.13s           2025-07-03T17:50:22
/home/airflow/.local/lib/python3.8/site-packages/airflow/example_dags/example_passing_params_via_test_command.py                                           1           0  0.43s           2025-07-03T17:50:25
/home/airflow/.local/lib/python3.8/site-packages/airflow/example_dags/example_nested_branch_dag.py                                                         1           0  0.16s           2025-07-03T17:50:23
/home/airflow/.local/lib/python3.8/site-packages/airflow/example_dags/example_dynamic_task_mapping_with_no_taskflow_operators.py                           1           0  0.41s           2025-07-03T17:50:25
/home/airflow/.local/lib/python3.8/site-packages/airflow/example_dags/example_params_trigger_ui.py                                                         1           0  0.29s           2025-07-03T17:50:28
/home/airflow/.local/lib/python3.8/site-packages/airflow/example_dags/example_sensors.py                                                                   1           0  0.16s           2025-07-03T17:50:29
/home/airflow/.local/lib/python3.8/site-packages/airflow/example_dags/example_task_group.py                                                                1           0  0.17s           2025-07-03T17:50:29
/home/airflow/.local/lib/python3.8/site-packages/airflow/example_dags/example_branch_operator_decorator.py                                                 1           0  0.41s           2025-07-03T17:50:31
/home/airflow/.local/lib/python3.8/site-packages/airflow/example_dags/example_local_kubernetes_executor.py                                                 1           0  0.21s           2025-07-03T17:50:31
/home/airflow/.local/lib/python3.8/site-packages/airflow/example_dags/example_setup_teardown_taskflow.py                                                   1           0  0.32s           2025-07-03T17:50:31
/home/airflow/.local/lib/python3.8/site-packages/airflow/example_dags/example_task_group_decorator.py                                                      1           0  0.18s           2025-07-03T17:50:08
/home/airflow/.local/lib/python3.8/site-packages/airflow/example_dags/example_dynamic_task_mapping.py                                                      1           0  0.12s           2025-07-03T17:50:08
/home/airflow/.local/lib/python3.8/site-packages/airflow/example_dags/example_short_circuit_decorator.py                                                   1           0  0.40s           2025-07-03T17:50:09
/home/airflow/.local/lib/python3.8/site-packages/airflow/example_dags/tutorial_taskflow_api_virtualenv.py                                                  1           0  0.24s           2025-07-03T17:50:09
/home/airflow/.local/lib/python3.8/site-packages/airflow/example_dags/example_bash_operator.py                                                             1           0  0.36s           2025-07-03T17:50:11
/home/airflow/.local/lib/python3.8/site-packages/airflow/example_dags/example_kubernetes_executor.py                                                       1           0  0.38s           2025-07-03T17:50:11
/home/airflow/.local/lib/python3.8/site-packages/airflow/example_dags/example_dag_decorator.py                                                             1           0  0.50s           2025-07-03T17:50:22
/home/airflow/.local/lib/python3.8/site-packages/airflow/example_dags/example_branch_labels.py                                                             1           0  0.18s           2025-07-03T17:50:11
/home/airflow/.local/lib/python3.8/site-packages/airflow/example_dags/example_short_circuit_operator.py                                                    1           0  0.31s           2025-07-03T17:50:13
/home/airflow/.local/lib/python3.8/site-packages/airflow/example_dags/example_python_decorator.py                                                          1           0  0.43s           2025-07-03T17:50:13
/home/airflow/.local/lib/python3.8/site-packages/airflow/example_dags/example_setup_teardown.py                                                            1           0  0.22s           2025-07-03T17:50:13
/home/airflow/.local/lib/python3.8/site-packages/airflow/example_dags/example_complex.py                                                                   1           0  0.13s           2025-07-03T17:50:14
/home/airflow/.local/lib/python3.8/site-packages/airflow/example_dags/example_branch_operator.py                                                           1           0  0.27s           2025-07-03T17:50:15
/home/airflow/.local/lib/python3.8/site-packages/airflow/example_dags/example_branch_day_of_week_operator.py                                               1           0  0.12s           2025-07-03T17:50:15
/home/airflow/.local/lib/python3.8/site-packages/airflow/example_dags/example_trigger_target_dag.py                                                        1           0  0.13s           2025-07-03T17:50:15
/home/airflow/.local/lib/python3.8/site-packages/airflow/example_dags/example_skip_dag.py                                                                  1           0  0.28s           2025-07-03T17:50:18
/home/airflow/.local/lib/python3.8/site-packages/airflow/example_dags/example_latest_only_with_trigger.py                                                  1           0  0.15s           2025-07-03T17:50:15
/home/airflow/.local/lib/python3.8/site-packages/airflow/example_dags/example_sla_dag.py                                                                   1           0  0.31s           2025-07-03T17:50:18
/home/airflow/.local/lib/python3.8/site-packages/airflow/example_dags/example_sensor_decorator.py                                                          1           0  0.18s           2025-07-03T17:50:18
/home/airflow/.local/lib/python3.8/site-packages/airflow/example_dags/example_xcomargs.py                                                                  2           0  0.22s           2025-07-03T17:50:28
/home/airflow/.local/lib/python3.8/site-packages/airflow/example_dags/example_external_task_marker_dag.py                                                  2           0  0.18s           2025-07-03T17:50:11
/home/airflow/.local/lib/python3.8/site-packages/airflow/example_dags/example_subdag_operator.py                                                           3           0  0.26s           2025-07-03T17:50:27
/home/airflow/.local/lib/python3.8/site-packages/airflow/example_dags/example_branch_datetime_operator.py                                                  3           0  0.19s           2025-07-03T17:50:34
/home/airflow/.local/lib/python3.8/site-packages/airflow/example_dags/example_datasets.py                                                                  6           0  0.24s           2025-07-03T17:50:08
================================================================================
[2025-07-03T17:51:07.365+0000] {manager.py:879} INFO - 
================================================================================
DAG File Processing Stats

File Path                                                                                                                         PID    Runtime      # DAGs    # Errors  Last Runtime    Last Run
--------------------------------------------------------------------------------------------------------------------------------  -----  ---------  --------  ----------  --------------  -------------------
/home/airflow/.local/lib/python3.8/site-packages/airflow/example_dags/plugins/listener_plugin.py                                                           0           0  0.11s           2025-07-03T17:50:48
/home/airflow/.local/lib/python3.8/site-packages/airflow/example_dags/plugins/event_listener.py                                                            0           0  0.05s           2025-07-03T17:50:48
/home/airflow/.local/lib/python3.8/site-packages/airflow/example_dags/plugins/workday.py                                                                   0           0  0.78s           2025-07-03T17:51:01
/home/airflow/.local/lib/python3.8/site-packages/airflow/example_dags/subdags/subdag.py                                                                    0           0  0.05s           2025-07-03T17:50:48
/home/airflow/.local/lib/python3.8/site-packages/airflow/example_dags/example_python_operator.py                                                           1           0  0.31s           2025-07-03T17:50:46
/home/airflow/.local/lib/python3.8/site-packages/airflow/example_dags/example_branch_python_dop_operator_3.py                                              1           0  0.16s           2025-07-03T17:50:47
/home/airflow/.local/lib/python3.8/site-packages/airflow/example_dags/tutorial_dag.py                                                                      1           0  0.13s           2025-07-03T17:50:46
/home/airflow/.local/lib/python3.8/site-packages/airflow/example_dags/example_xcom.py                                                                      1           0  0.12s           2025-07-03T17:50:50
/home/airflow/.local/lib/python3.8/site-packages/airflow/example_dags/tutorial.py                                                                          1           0  0.12s           2025-07-03T17:50:50
/home/airflow/.local/lib/python3.8/site-packages/airflow/example_dags/tutorial_taskflow_api.py                                                             1           0  0.10s           2025-07-03T17:50:51
/home/airflow/.local/lib/python3.8/site-packages/airflow/example_dags/example_trigger_controller_dag.py                                                    1           0  0.11s           2025-07-03T17:50:51
/home/airflow/.local/lib/python3.8/site-packages/airflow/example_dags/example_params_ui_tutorial.py                                                        1           0  0.43s           2025-07-03T17:50:53
/home/airflow/.local/lib/python3.8/site-packages/airflow/example_dags/example_latest_only.py                                                               1           0  0.11s           2025-07-03T17:50:51
/home/airflow/.local/lib/python3.8/site-packages/airflow/example_dags/tutorial_objectstorage.py                                                            1           0  0.23s           2025-07-03T17:50:53
/home/airflow/.local/lib/python3.8/site-packages/airflow/example_dags/example_time_delta_sensor_async.py                                                   1           0  0.25s           2025-07-03T17:50:53
/home/airflow/.local/lib/python3.8/site-packages/airflow/example_dags/example_passing_params_via_test_command.py                                           1           0  0.33s           2025-07-03T17:50:55
/home/airflow/.local/lib/python3.8/site-packages/airflow/example_dags/example_nested_branch_dag.py                                                         1           0  0.17s           2025-07-03T17:50:54
/home/airflow/.local/lib/python3.8/site-packages/airflow/example_dags/example_dynamic_task_mapping_with_no_taskflow_operators.py                           1           0  0.29s           2025-07-03T17:50:55
/home/airflow/.local/lib/python3.8/site-packages/airflow/example_dags/example_params_trigger_ui.py                                                         1           0  0.21s           2025-07-03T17:50:58
/home/airflow/.local/lib/python3.8/site-packages/airflow/example_dags/example_sensors.py                                                                   1           0  0.20s           2025-07-03T17:51:00
/home/airflow/.local/lib/python3.8/site-packages/airflow/example_dags/example_task_group.py                                                                1           0  0.14s           2025-07-03T17:51:00
/home/airflow/.local/lib/python3.8/site-packages/airflow/example_dags/example_branch_operator_decorator.py                                                 1           0  0.31s           2025-07-03T17:51:02
/home/airflow/.local/lib/python3.8/site-packages/airflow/example_dags/example_local_kubernetes_executor.py                                                 1           0  0.32s           2025-07-03T17:51:02
/home/airflow/.local/lib/python3.8/site-packages/airflow/example_dags/example_setup_teardown_taskflow.py                                                   1           0  0.16s           2025-07-03T17:51:02
/home/airflow/.local/lib/python3.8/site-packages/airflow/example_dags/example_task_group_decorator.py                                                      1           0  0.34s           2025-07-03T17:50:39
/home/airflow/.local/lib/python3.8/site-packages/airflow/example_dags/example_dynamic_task_mapping.py                                                      1           0  0.17s           2025-07-03T17:50:39
/home/airflow/.local/lib/python3.8/site-packages/airflow/example_dags/example_short_circuit_decorator.py                                                   1           0  0.38s           2025-07-03T17:50:40
/home/airflow/.local/lib/python3.8/site-packages/airflow/example_dags/tutorial_taskflow_api_virtualenv.py                                                  1           0  0.28s           2025-07-03T17:50:40
/home/airflow/.local/lib/python3.8/site-packages/airflow/example_dags/example_bash_operator.py                                                             1           0  0.37s           2025-07-03T17:50:42
/home/airflow/.local/lib/python3.8/site-packages/airflow/example_dags/example_kubernetes_executor.py                                                       1           0  0.42s           2025-07-03T17:50:42
/home/airflow/.local/lib/python3.8/site-packages/airflow/example_dags/example_dag_decorator.py                                                             1           0  0.68s           2025-07-03T17:50:54
/home/airflow/.local/lib/python3.8/site-packages/airflow/example_dags/example_branch_labels.py                                                             1           0  0.28s           2025-07-03T17:50:42
/home/airflow/.local/lib/python3.8/site-packages/airflow/example_dags/example_short_circuit_operator.py                                                    1           0  0.18s           2025-07-03T17:50:44
/home/airflow/.local/lib/python3.8/site-packages/airflow/example_dags/example_python_decorator.py                                                          1           0  0.16s           2025-07-03T17:50:44
/home/airflow/.local/lib/python3.8/site-packages/airflow/example_dags/example_setup_teardown.py                                                            1           0  0.14s           2025-07-03T17:50:44
/home/airflow/.local/lib/python3.8/site-packages/airflow/example_dags/example_complex.py                                                                   1           0  0.15s           2025-07-03T17:50:44
/home/airflow/.local/lib/python3.8/site-packages/airflow/example_dags/example_branch_operator.py                                                           1           0  0.48s           2025-07-03T17:50:46
/home/airflow/.local/lib/python3.8/site-packages/airflow/example_dags/example_branch_day_of_week_operator.py                                               1           0  0.39s           2025-07-03T17:50:46
/home/airflow/.local/lib/python3.8/site-packages/airflow/example_dags/example_trigger_target_dag.py                                                        1           0  0.25s           2025-07-03T17:50:46
/home/airflow/.local/lib/python3.8/site-packages/airflow/example_dags/example_skip_dag.py                                                                  1           0  0.16s           2025-07-03T17:50:48
/home/airflow/.local/lib/python3.8/site-packages/airflow/example_dags/example_latest_only_with_trigger.py                                                  1           0  0.20s           2025-07-03T17:50:46
/home/airflow/.local/lib/python3.8/site-packages/airflow/example_dags/example_sla_dag.py                                                                   1           0  0.30s           2025-07-03T17:50:48
/home/airflow/.local/lib/python3.8/site-packages/airflow/example_dags/example_sensor_decorator.py                                                          1           0  0.19s           2025-07-03T17:50:48
/home/airflow/.local/lib/python3.8/site-packages/airflow/example_dags/example_xcomargs.py                                                                  2           0  0.14s           2025-07-03T17:50:58
/home/airflow/.local/lib/python3.8/site-packages/airflow/example_dags/example_external_task_marker_dag.py                                                  2           0  0.27s           2025-07-03T17:50:42
/home/airflow/.local/lib/python3.8/site-packages/airflow/example_dags/example_subdag_operator.py                                                           3           0  0.15s           2025-07-03T17:50:57
/home/airflow/.local/lib/python3.8/site-packages/airflow/example_dags/example_branch_datetime_operator.py                                                  3           0  0.15s           2025-07-03T17:51:05
/home/airflow/.local/lib/python3.8/site-packages/airflow/example_dags/example_datasets.py                                                                  6           0  0.49s           2025-07-03T17:50:39
================================================================================
[2025-07-03T17:51:37.932+0000] {manager.py:879} INFO - 
================================================================================
DAG File Processing Stats

File Path                                                                                                                         PID    Runtime      # DAGs    # Errors  Last Runtime    Last Run
--------------------------------------------------------------------------------------------------------------------------------  -----  ---------  --------  ----------  --------------  -------------------
/home/airflow/.local/lib/python3.8/site-packages/airflow/example_dags/plugins/listener_plugin.py                                                           0           0  0.08s           2025-07-03T17:51:18
/home/airflow/.local/lib/python3.8/site-packages/airflow/example_dags/plugins/event_listener.py                                                            0           0  0.10s           2025-07-03T17:51:19
/home/airflow/.local/lib/python3.8/site-packages/airflow/example_dags/plugins/workday.py                                                                   0           0  0.78s           2025-07-03T17:51:33
/home/airflow/.local/lib/python3.8/site-packages/airflow/example_dags/subdags/subdag.py                                                                    0           0  0.06s           2025-07-03T17:51:19
/home/airflow/.local/lib/python3.8/site-packages/airflow/example_dags/example_python_operator.py                                                           1           0  0.21s           2025-07-03T17:51:16
/home/airflow/.local/lib/python3.8/site-packages/airflow/example_dags/example_branch_python_dop_operator_3.py                                              1           0  0.43s           2025-07-03T17:51:17
/home/airflow/.local/lib/python3.8/site-packages/airflow/example_dags/tutorial_dag.py                                                                      1           0  0.18s           2025-07-03T17:51:17
/home/airflow/.local/lib/python3.8/site-packages/airflow/example_dags/example_xcom.py                                                                      1           0  0.17s           2025-07-03T17:51:21
/home/airflow/.local/lib/python3.8/site-packages/airflow/example_dags/tutorial.py                                                                          1           0  0.19s           2025-07-03T17:51:21
/home/airflow/.local/lib/python3.8/site-packages/airflow/example_dags/tutorial_taskflow_api.py                                                             1           0  0.22s           2025-07-03T17:51:21
/home/airflow/.local/lib/python3.8/site-packages/airflow/example_dags/example_trigger_controller_dag.py                                                    1           0  0.32s           2025-07-03T17:51:21
/home/airflow/.local/lib/python3.8/site-packages/airflow/example_dags/example_params_ui_tutorial.py                                                        1           0  0.41s           2025-07-03T17:51:24
/home/airflow/.local/lib/python3.8/site-packages/airflow/example_dags/example_latest_only.py                                                               1           0  0.22s           2025-07-03T17:51:21
/home/airflow/.local/lib/python3.8/site-packages/airflow/example_dags/tutorial_objectstorage.py                                                            1           0  0.22s           2025-07-03T17:51:23
/home/airflow/.local/lib/python3.8/site-packages/airflow/example_dags/example_time_delta_sensor_async.py                                                   1           0  0.27s           2025-07-03T17:51:24
/home/airflow/.local/lib/python3.8/site-packages/airflow/example_dags/example_passing_params_via_test_command.py                                           1           0  0.17s           2025-07-03T17:51:26
/home/airflow/.local/lib/python3.8/site-packages/airflow/example_dags/example_nested_branch_dag.py                                                         1           0  0.50s           2025-07-03T17:51:25
/home/airflow/.local/lib/python3.8/site-packages/airflow/example_dags/example_dynamic_task_mapping_with_no_taskflow_operators.py                           1           0  0.15s           2025-07-03T17:51:26
/home/airflow/.local/lib/python3.8/site-packages/airflow/example_dags/example_params_trigger_ui.py                                                         1           0  0.21s           2025-07-03T17:51:29
/home/airflow/.local/lib/python3.8/site-packages/airflow/example_dags/example_sensors.py                                                                   1           0  0.20s           2025-07-03T17:51:30
/home/airflow/.local/lib/python3.8/site-packages/airflow/example_dags/example_task_group.py                                                                1           0  0.29s           2025-07-03T17:51:30
/home/airflow/.local/lib/python3.8/site-packages/airflow/example_dags/example_branch_operator_decorator.py                                                 1           0  0.48s           2025-07-03T17:51:33
/home/airflow/.local/lib/python3.8/site-packages/airflow/example_dags/example_local_kubernetes_executor.py                                                 1           0  0.24s           2025-07-03T17:51:32
/home/airflow/.local/lib/python3.8/site-packages/airflow/example_dags/example_setup_teardown_taskflow.py                                                   1           0  0.36s           2025-07-03T17:51:33
/home/airflow/.local/lib/python3.8/site-packages/airflow/example_dags/example_task_group_decorator.py                                                      1           0  0.20s           2025-07-03T17:51:09
/home/airflow/.local/lib/python3.8/site-packages/airflow/example_dags/example_dynamic_task_mapping.py                                                      1           0  0.27s           2025-07-03T17:51:09
/home/airflow/.local/lib/python3.8/site-packages/airflow/example_dags/example_short_circuit_decorator.py                                                   1           0  0.51s           2025-07-03T17:51:11
/home/airflow/.local/lib/python3.8/site-packages/airflow/example_dags/tutorial_taskflow_api_virtualenv.py                                                  1           0  0.46s           2025-07-03T17:51:11
/home/airflow/.local/lib/python3.8/site-packages/airflow/example_dags/example_bash_operator.py                                                             1           0  0.19s           2025-07-03T17:51:12
/home/airflow/.local/lib/python3.8/site-packages/airflow/example_dags/example_kubernetes_executor.py                                                       1           0  0.20s           2025-07-03T17:51:12
/home/airflow/.local/lib/python3.8/site-packages/airflow/example_dags/example_dag_decorator.py                                                             1           0  0.85s           2025-07-03T17:51:25
/home/airflow/.local/lib/python3.8/site-packages/airflow/example_dags/example_branch_labels.py                                                             1           0  0.16s           2025-07-03T17:51:12
/home/airflow/.local/lib/python3.8/site-packages/airflow/example_dags/example_short_circuit_operator.py                                                    1           0  0.35s           2025-07-03T17:51:15
/home/airflow/.local/lib/python3.8/site-packages/airflow/example_dags/example_python_decorator.py                                                          1           0  0.38s           2025-07-03T17:51:15
/home/airflow/.local/lib/python3.8/site-packages/airflow/example_dags/example_setup_teardown.py                                                            1           0  0.31s           2025-07-03T17:51:15
/home/airflow/.local/lib/python3.8/site-packages/airflow/example_dags/example_complex.py                                                                   1           0  0.29s           2025-07-03T17:51:15
/home/airflow/.local/lib/python3.8/site-packages/airflow/example_dags/example_branch_operator.py                                                           1           0  0.46s           2025-07-03T17:51:16
/home/airflow/.local/lib/python3.8/site-packages/airflow/example_dags/example_branch_day_of_week_operator.py                                               1           0  0.33s           2025-07-03T17:51:17
/home/airflow/.local/lib/python3.8/site-packages/airflow/example_dags/example_trigger_target_dag.py                                                        1           0  0.22s           2025-07-03T17:51:17
/home/airflow/.local/lib/python3.8/site-packages/airflow/example_dags/example_skip_dag.py                                                                  1           0  0.26s           2025-07-03T17:51:18
/home/airflow/.local/lib/python3.8/site-packages/airflow/example_dags/example_latest_only_with_trigger.py                                                  1           0  0.42s           2025-07-03T17:51:17
/home/airflow/.local/lib/python3.8/site-packages/airflow/example_dags/example_sla_dag.py                                                                   1           0  0.21s           2025-07-03T17:51:18
/home/airflow/.local/lib/python3.8/site-packages/airflow/example_dags/example_sensor_decorator.py                                                          1           0  0.22s           2025-07-03T17:51:19
/home/airflow/.local/lib/python3.8/site-packages/airflow/example_dags/example_xcomargs.py                                                                  2           0  0.14s           2025-07-03T17:51:29
/home/airflow/.local/lib/python3.8/site-packages/airflow/example_dags/example_external_task_marker_dag.py                                                  2           0  0.15s           2025-07-03T17:51:12
/home/airflow/.local/lib/python3.8/site-packages/airflow/example_dags/example_subdag_operator.py                                                           3           0  0.21s           2025-07-03T17:51:28
/home/airflow/.local/lib/python3.8/site-packages/airflow/example_dags/example_branch_datetime_operator.py                                                  3           0  0.21s           2025-07-03T17:51:36
/home/airflow/.local/lib/python3.8/site-packages/airflow/example_dags/example_datasets.py                                                                  6           0  0.41s           2025-07-03T17:51:10
================================================================================
[2025-07-03T17:52:08.719+0000] {manager.py:879} INFO - 
================================================================================
DAG File Processing Stats

File Path                                                                                                                         PID    Runtime      # DAGs    # Errors  Last Runtime    Last Run
--------------------------------------------------------------------------------------------------------------------------------  -----  ---------  --------  ----------  --------------  -------------------
/home/airflow/.local/lib/python3.8/site-packages/airflow/example_dags/plugins/listener_plugin.py                                                           0           0  0.11s           2025-07-03T17:51:49
/home/airflow/.local/lib/python3.8/site-packages/airflow/example_dags/plugins/event_listener.py                                                            0           0  0.10s           2025-07-03T17:51:49
/home/airflow/.local/lib/python3.8/site-packages/airflow/example_dags/plugins/workday.py                                                                   0           0  1.18s           2025-07-03T17:52:05
/home/airflow/.local/lib/python3.8/site-packages/airflow/example_dags/subdags/subdag.py                                                                    0           0  0.08s           2025-07-03T17:51:49
/home/airflow/.local/lib/python3.8/site-packages/airflow/example_dags/example_python_operator.py                                                           1           0  0.29s           2025-07-03T17:51:47
/home/airflow/.local/lib/python3.8/site-packages/airflow/example_dags/example_branch_python_dop_operator_3.py                                              1           0  0.32s           2025-07-03T17:51:48
/home/airflow/.local/lib/python3.8/site-packages/airflow/example_dags/tutorial_dag.py                                                                      1           0  0.15s           2025-07-03T17:51:47
/home/airflow/.local/lib/python3.8/site-packages/airflow/example_dags/example_xcom.py                                                                      1           0  0.31s           2025-07-03T17:51:52
/home/airflow/.local/lib/python3.8/site-packages/airflow/example_dags/tutorial.py                                                                          1           0  0.35s           2025-07-03T17:51:52
/home/airflow/.local/lib/python3.8/site-packages/airflow/example_dags/tutorial_taskflow_api.py                                                             1           0  0.15s           2025-07-03T17:51:52
/home/airflow/.local/lib/python3.8/site-packages/airflow/example_dags/example_trigger_controller_dag.py                                                    1           0  0.17s           2025-07-03T17:51:52
/home/airflow/.local/lib/python3.8/site-packages/airflow/example_dags/example_params_ui_tutorial.py                                                        1           0  0.28s           2025-07-03T17:51:54
/home/airflow/.local/lib/python3.8/site-packages/airflow/example_dags/example_latest_only.py                                                               1           0  0.29s           2025-07-03T17:51:52
/home/airflow/.local/lib/python3.8/site-packages/airflow/example_dags/tutorial_objectstorage.py                                                            1           0  0.13s           2025-07-03T17:51:54
/home/airflow/.local/lib/python3.8/site-packages/airflow/example_dags/example_time_delta_sensor_async.py                                                   1           0  0.14s           2025-07-03T17:51:54
/home/airflow/.local/lib/python3.8/site-packages/airflow/example_dags/example_passing_params_via_test_command.py                                           1           0  0.18s           2025-07-03T17:51:57
/home/airflow/.local/lib/python3.8/site-packages/airflow/example_dags/example_nested_branch_dag.py                                                         1           0  0.14s           2025-07-03T17:51:55
/home/airflow/.local/lib/python3.8/site-packages/airflow/example_dags/example_dynamic_task_mapping_with_no_taskflow_operators.py                           1           0  0.15s           2025-07-03T17:51:57
/home/airflow/.local/lib/python3.8/site-packages/airflow/example_dags/example_params_trigger_ui.py                                                         1           0  0.21s           2025-07-03T17:51:59
/home/airflow/.local/lib/python3.8/site-packages/airflow/example_dags/example_sensors.py                                                                   1           0  0.26s           2025-07-03T17:52:01
/home/airflow/.local/lib/python3.8/site-packages/airflow/example_dags/example_task_group.py                                                                1           0  0.23s           2025-07-03T17:52:01
/home/airflow/.local/lib/python3.8/site-packages/airflow/example_dags/example_branch_operator_decorator.py                                                 1           0  0.32s           2025-07-03T17:52:03
/home/airflow/.local/lib/python3.8/site-packages/airflow/example_dags/example_local_kubernetes_executor.py                                                 1           0  0.25s           2025-07-03T17:52:03
/home/airflow/.local/lib/python3.8/site-packages/airflow/example_dags/example_setup_teardown_taskflow.py                                                   1           0  0.17s           2025-07-03T17:52:03
/home/airflow/.local/lib/python3.8/site-packages/airflow/example_dags/example_task_group_decorator.py                                                      1           0  0.26s           2025-07-03T17:51:40
/home/airflow/.local/lib/python3.8/site-packages/airflow/example_dags/example_dynamic_task_mapping.py                                                      1           0  0.20s           2025-07-03T17:51:40
/home/airflow/.local/lib/python3.8/site-packages/airflow/example_dags/example_short_circuit_decorator.py                                                   1           0  0.18s           2025-07-03T17:51:42
/home/airflow/.local/lib/python3.8/site-packages/airflow/example_dags/tutorial_taskflow_api_virtualenv.py                                                  1           0  0.15s           2025-07-03T17:51:42
/home/airflow/.local/lib/python3.8/site-packages/airflow/example_dags/example_bash_operator.py                                                             1           0  0.21s           2025-07-03T17:51:43
/home/airflow/.local/lib/python3.8/site-packages/airflow/example_dags/example_kubernetes_executor.py                                                       1           0  0.21s           2025-07-03T17:51:43
/home/airflow/.local/lib/python3.8/site-packages/airflow/example_dags/example_dag_decorator.py                                                             1           0  0.64s           2025-07-03T17:51:57
/home/airflow/.local/lib/python3.8/site-packages/airflow/example_dags/example_branch_labels.py                                                             1           0  0.13s           2025-07-03T17:51:43
/home/airflow/.local/lib/python3.8/site-packages/airflow/example_dags/example_short_circuit_operator.py                                                    1           0  0.29s           2025-07-03T17:51:46
/home/airflow/.local/lib/python3.8/site-packages/airflow/example_dags/example_python_decorator.py                                                          1           0  0.25s           2025-07-03T17:51:46
/home/airflow/.local/lib/python3.8/site-packages/airflow/example_dags/example_setup_teardown.py                                                            1           0  0.25s           2025-07-03T17:51:46
/home/airflow/.local/lib/python3.8/site-packages/airflow/example_dags/example_complex.py                                                                   1           0  0.27s           2025-07-03T17:51:46
/home/airflow/.local/lib/python3.8/site-packages/airflow/example_dags/example_branch_operator.py                                                           1           0  0.35s           2025-07-03T17:51:47
/home/airflow/.local/lib/python3.8/site-packages/airflow/example_dags/example_branch_day_of_week_operator.py                                               1           0  0.21s           2025-07-03T17:51:47
/home/airflow/.local/lib/python3.8/site-packages/airflow/example_dags/example_trigger_target_dag.py                                                        1           0  0.15s           2025-07-03T17:51:47
/home/airflow/.local/lib/python3.8/site-packages/airflow/example_dags/example_skip_dag.py                                                                  1           0  0.32s           2025-07-03T17:51:49
/home/airflow/.local/lib/python3.8/site-packages/airflow/example_dags/example_latest_only_with_trigger.py                                                  1           0  0.28s           2025-07-03T17:51:48
/home/airflow/.local/lib/python3.8/site-packages/airflow/example_dags/example_sla_dag.py                                                                   1           0  0.27s           2025-07-03T17:51:49
/home/airflow/.local/lib/python3.8/site-packages/airflow/example_dags/example_sensor_decorator.py                                                          1           0  0.21s           2025-07-03T17:51:49
/home/airflow/.local/lib/python3.8/site-packages/airflow/example_dags/example_xcomargs.py                                                                  2           0  0.15s           2025-07-03T17:51:59
/home/airflow/.local/lib/python3.8/site-packages/airflow/example_dags/example_external_task_marker_dag.py                                                  2           0  0.11s           2025-07-03T17:51:43
/home/airflow/.local/lib/python3.8/site-packages/airflow/example_dags/example_subdag_operator.py                                                           3           0  0.25s           2025-07-03T17:51:58
/home/airflow/.local/lib/python3.8/site-packages/airflow/example_dags/example_branch_datetime_operator.py                                                  3           0  0.23s           2025-07-03T17:52:06
/home/airflow/.local/lib/python3.8/site-packages/airflow/example_dags/example_datasets.py                                                                  6           0  0.20s           2025-07-03T17:51:40
================================================================================
[2025-07-03T17:52:39.438+0000] {manager.py:879} INFO - 
================================================================================
DAG File Processing Stats

File Path                                                                                                                         PID    Runtime      # DAGs    # Errors  Last Runtime    Last Run
--------------------------------------------------------------------------------------------------------------------------------  -----  ---------  --------  ----------  --------------  -------------------
/home/airflow/.local/lib/python3.8/site-packages/airflow/example_dags/plugins/listener_plugin.py                                                           0           0  0.12s           2025-07-03T17:52:21
/home/airflow/.local/lib/python3.8/site-packages/airflow/example_dags/plugins/event_listener.py                                                            0           0  0.15s           2025-07-03T17:52:21
/home/airflow/.local/lib/python3.8/site-packages/airflow/example_dags/plugins/workday.py                                                                   0           0  1.66s           2025-07-03T17:52:37
/home/airflow/.local/lib/python3.8/site-packages/airflow/example_dags/subdags/subdag.py                                                                    0           0  0.16s           2025-07-03T17:52:21
/home/airflow/.local/lib/python3.8/site-packages/airflow/example_dags/example_python_operator.py                                                           1           0  0.24s           2025-07-03T17:52:18
/home/airflow/.local/lib/python3.8/site-packages/airflow/example_dags/example_branch_python_dop_operator_3.py                                              1           0  0.43s           2025-07-03T17:52:19
/home/airflow/.local/lib/python3.8/site-packages/airflow/example_dags/tutorial_dag.py                                                                      1           0  0.20s           2025-07-03T17:52:18
/home/airflow/.local/lib/python3.8/site-packages/airflow/example_dags/example_xcom.py                                                                      1           0  0.34s           2025-07-03T17:52:22
/home/airflow/.local/lib/python3.8/site-packages/airflow/example_dags/tutorial.py                                                                          1           0  0.35s           2025-07-03T17:52:22
/home/airflow/.local/lib/python3.8/site-packages/airflow/example_dags/tutorial_taskflow_api.py                                                             1           0  0.29s           2025-07-03T17:52:22
/home/airflow/.local/lib/python3.8/site-packages/airflow/example_dags/example_trigger_controller_dag.py                                                    1           0  0.38s           2025-07-03T17:52:23
/home/airflow/.local/lib/python3.8/site-packages/airflow/example_dags/example_params_ui_tutorial.py                                                        1           0  0.26s           2025-07-03T17:52:25
/home/airflow/.local/lib/python3.8/site-packages/airflow/example_dags/example_latest_only.py                                                               1           0  0.22s           2025-07-03T17:52:23
/home/airflow/.local/lib/python3.8/site-packages/airflow/example_dags/tutorial_objectstorage.py                                                            1           0  0.14s           2025-07-03T17:52:25
/home/airflow/.local/lib/python3.8/site-packages/airflow/example_dags/example_time_delta_sensor_async.py                                                   1           0  0.12s           2025-07-03T17:52:25
/home/airflow/.local/lib/python3.8/site-packages/airflow/example_dags/example_passing_params_via_test_command.py                                           1           0  0.18s           2025-07-03T17:52:27
/home/airflow/.local/lib/python3.8/site-packages/airflow/example_dags/example_nested_branch_dag.py                                                         1           0  0.14s           2025-07-03T17:52:26
/home/airflow/.local/lib/python3.8/site-packages/airflow/example_dags/example_dynamic_task_mapping_with_no_taskflow_operators.py                           1           0  0.15s           2025-07-03T17:52:27
/home/airflow/.local/lib/python3.8/site-packages/airflow/example_dags/example_params_trigger_ui.py                                                         1           0  0.22s           2025-07-03T17:52:30
/home/airflow/.local/lib/python3.8/site-packages/airflow/example_dags/example_sensors.py                                                                   1           0  0.16s           2025-07-03T17:52:31
/home/airflow/.local/lib/python3.8/site-packages/airflow/example_dags/example_task_group.py                                                                1           0  0.18s           2025-07-03T17:52:31
/home/airflow/.local/lib/python3.8/site-packages/airflow/example_dags/example_branch_operator_decorator.py                                                 1           0  0.40s           2025-07-03T17:52:33
/home/airflow/.local/lib/python3.8/site-packages/airflow/example_dags/example_local_kubernetes_executor.py                                                 1           0  0.31s           2025-07-03T17:52:33
/home/airflow/.local/lib/python3.8/site-packages/airflow/example_dags/example_setup_teardown_taskflow.py                                                   1           0  0.23s           2025-07-03T17:52:33
/home/airflow/.local/lib/python3.8/site-packages/airflow/example_dags/example_task_group_decorator.py                                                      1           0  0.18s           2025-07-03T17:52:10
/home/airflow/.local/lib/python3.8/site-packages/airflow/example_dags/example_dynamic_task_mapping.py                                                      1           0  0.14s           2025-07-03T17:52:11
/home/airflow/.local/lib/python3.8/site-packages/airflow/example_dags/example_short_circuit_decorator.py                                                   1           0  0.18s           2025-07-03T17:52:13
/home/airflow/.local/lib/python3.8/site-packages/airflow/example_dags/tutorial_taskflow_api_virtualenv.py                                                  1           0  0.16s           2025-07-03T17:52:13
/home/airflow/.local/lib/python3.8/site-packages/airflow/example_dags/example_bash_operator.py                                                             1           0  0.34s           2025-07-03T17:52:14
/home/airflow/.local/lib/python3.8/site-packages/airflow/example_dags/example_kubernetes_executor.py                                                       1           0  0.36s           2025-07-03T17:52:14
/home/airflow/.local/lib/python3.8/site-packages/airflow/example_dags/example_dag_decorator.py                                                             1           0  0.52s           2025-07-03T17:52:29
/home/airflow/.local/lib/python3.8/site-packages/airflow/example_dags/example_branch_labels.py                                                             1           0  0.16s           2025-07-03T17:52:14
/home/airflow/.local/lib/python3.8/site-packages/airflow/example_dags/example_short_circuit_operator.py                                                    1           0  0.35s           2025-07-03T17:52:17
/home/airflow/.local/lib/python3.8/site-packages/airflow/example_dags/example_python_decorator.py                                                          1           0  0.22s           2025-07-03T17:52:16
/home/airflow/.local/lib/python3.8/site-packages/airflow/example_dags/example_setup_teardown.py                                                            1           0  0.24s           2025-07-03T17:52:17
/home/airflow/.local/lib/python3.8/site-packages/airflow/example_dags/example_complex.py                                                                   1           0  0.25s           2025-07-03T17:52:17
/home/airflow/.local/lib/python3.8/site-packages/airflow/example_dags/example_branch_operator.py                                                           1           0  0.34s           2025-07-03T17:52:18
/home/airflow/.local/lib/python3.8/site-packages/airflow/example_dags/example_branch_day_of_week_operator.py                                               1           0  0.32s           2025-07-03T17:52:18
/home/airflow/.local/lib/python3.8/site-packages/airflow/example_dags/example_trigger_target_dag.py                                                        1           0  0.14s           2025-07-03T17:52:18
/home/airflow/.local/lib/python3.8/site-packages/airflow/example_dags/example_skip_dag.py                                                                  1           0  0.42s           2025-07-03T17:52:20
/home/airflow/.local/lib/python3.8/site-packages/airflow/example_dags/example_latest_only_with_trigger.py                                                  1           0  0.47s           2025-07-03T17:52:19
/home/airflow/.local/lib/python3.8/site-packages/airflow/example_dags/example_sla_dag.py                                                                   1           0  0.48s           2025-07-03T17:52:20
/home/airflow/.local/lib/python3.8/site-packages/airflow/example_dags/example_sensor_decorator.py                                                          1           0  0.45s           2025-07-03T17:52:21
/home/airflow/.local/lib/python3.8/site-packages/airflow/example_dags/example_xcomargs.py                                                                  2           0  0.15s           2025-07-03T17:52:30
/home/airflow/.local/lib/python3.8/site-packages/airflow/example_dags/example_external_task_marker_dag.py                                                  2           0  0.14s           2025-07-03T17:52:14
/home/airflow/.local/lib/python3.8/site-packages/airflow/example_dags/example_subdag_operator.py                                                           3           0  0.16s           2025-07-03T17:52:29
/home/airflow/.local/lib/python3.8/site-packages/airflow/example_dags/example_branch_datetime_operator.py                                                  3           0  0.50s           2025-07-03T17:52:37
/home/airflow/.local/lib/python3.8/site-packages/airflow/example_dags/example_datasets.py                                                                  6           0  0.24s           2025-07-03T17:52:10
================================================================================
[2025-07-03T17:53:09.576+0000] {manager.py:879} INFO - 
================================================================================
DAG File Processing Stats

File Path                                                                                                                           PID  Runtime      # DAGs    # Errors  Last Runtime    Last Run
--------------------------------------------------------------------------------------------------------------------------------  -----  ---------  --------  ----------  --------------  -------------------
/home/airflow/.local/lib/python3.8/site-packages/airflow/example_dags/plugins/listener_plugin.py                                                           0           0  0.15s           2025-07-03T17:52:51
/home/airflow/.local/lib/python3.8/site-packages/airflow/example_dags/plugins/event_listener.py                                                            0           0  0.15s           2025-07-03T17:52:51
/home/airflow/.local/lib/python3.8/site-packages/airflow/example_dags/plugins/workday.py                                           2428  1.60s             0           0  1.66s           2025-07-03T17:52:37
/home/airflow/.local/lib/python3.8/site-packages/airflow/example_dags/subdags/subdag.py                                                                    0           0  0.15s           2025-07-03T17:52:51
/home/airflow/.local/lib/python3.8/site-packages/airflow/example_dags/example_python_operator.py                                                           1           0  0.27s           2025-07-03T17:52:49
/home/airflow/.local/lib/python3.8/site-packages/airflow/example_dags/example_branch_python_dop_operator_3.py                                              1           0  0.52s           2025-07-03T17:52:50
/home/airflow/.local/lib/python3.8/site-packages/airflow/example_dags/tutorial_dag.py                                                                      1           0  0.23s           2025-07-03T17:52:49
/home/airflow/.local/lib/python3.8/site-packages/airflow/example_dags/example_xcom.py                                                                      1           0  0.42s           2025-07-03T17:52:53
/home/airflow/.local/lib/python3.8/site-packages/airflow/example_dags/tutorial.py                                                                          1           0  0.44s           2025-07-03T17:52:53
/home/airflow/.local/lib/python3.8/site-packages/airflow/example_dags/tutorial_taskflow_api.py                                                             1           0  0.50s           2025-07-03T17:52:53
/home/airflow/.local/lib/python3.8/site-packages/airflow/example_dags/example_trigger_controller_dag.py                                                    1           0  0.52s           2025-07-03T17:52:53
/home/airflow/.local/lib/python3.8/site-packages/airflow/example_dags/example_params_ui_tutorial.py                                                        1           0  0.35s           2025-07-03T17:52:56
/home/airflow/.local/lib/python3.8/site-packages/airflow/example_dags/example_latest_only.py                                                               1           0  0.25s           2025-07-03T17:52:54
/home/airflow/.local/lib/python3.8/site-packages/airflow/example_dags/tutorial_objectstorage.py                                                            1           0  0.25s           2025-07-03T17:52:56
/home/airflow/.local/lib/python3.8/site-packages/airflow/example_dags/example_time_delta_sensor_async.py                                                   1           0  0.13s           2025-07-03T17:52:56
/home/airflow/.local/lib/python3.8/site-packages/airflow/example_dags/example_passing_params_via_test_command.py                                           1           0  0.19s           2025-07-03T17:52:58
/home/airflow/.local/lib/python3.8/site-packages/airflow/example_dags/example_nested_branch_dag.py                                                         1           0  0.14s           2025-07-03T17:52:57
/home/airflow/.local/lib/python3.8/site-packages/airflow/example_dags/example_dynamic_task_mapping_with_no_taskflow_operators.py                           1           0  0.16s           2025-07-03T17:52:58
/home/airflow/.local/lib/python3.8/site-packages/airflow/example_dags/example_params_trigger_ui.py                                                         1           0  0.22s           2025-07-03T17:53:01
/home/airflow/.local/lib/python3.8/site-packages/airflow/example_dags/example_sensors.py                                                                   1           0  0.16s           2025-07-03T17:53:02
/home/airflow/.local/lib/python3.8/site-packages/airflow/example_dags/example_task_group.py                                                                1           0  0.17s           2025-07-03T17:53:02
/home/airflow/.local/lib/python3.8/site-packages/airflow/example_dags/example_branch_operator_decorator.py                                                 1           0  0.22s           2025-07-03T17:53:04
/home/airflow/.local/lib/python3.8/site-packages/airflow/example_dags/example_local_kubernetes_executor.py                                                 1           0  0.18s           2025-07-03T17:53:04
/home/airflow/.local/lib/python3.8/site-packages/airflow/example_dags/example_setup_teardown_taskflow.py                                                   1           0  0.14s           2025-07-03T17:53:04
/home/airflow/.local/lib/python3.8/site-packages/airflow/example_dags/example_task_group_decorator.py                                                      1           0  0.24s           2025-07-03T17:52:41
/home/airflow/.local/lib/python3.8/site-packages/airflow/example_dags/example_dynamic_task_mapping.py                                                      1           0  0.13s           2025-07-03T17:52:41
/home/airflow/.local/lib/python3.8/site-packages/airflow/example_dags/example_short_circuit_decorator.py                                                   1           0  0.17s           2025-07-03T17:52:43
/home/airflow/.local/lib/python3.8/site-packages/airflow/example_dags/tutorial_taskflow_api_virtualenv.py                                                  1           0  0.14s           2025-07-03T17:52:43
/home/airflow/.local/lib/python3.8/site-packages/airflow/example_dags/example_bash_operator.py                                                             1           0  0.18s           2025-07-03T17:52:45
/home/airflow/.local/lib/python3.8/site-packages/airflow/example_dags/example_kubernetes_executor.py                                                       1           0  0.19s           2025-07-03T17:52:45
/home/airflow/.local/lib/python3.8/site-packages/airflow/example_dags/example_dag_decorator.py                                                             1           0  0.61s           2025-07-03T17:53:00
/home/airflow/.local/lib/python3.8/site-packages/airflow/example_dags/example_branch_labels.py                                                             1           0  0.15s           2025-07-03T17:52:45
/home/airflow/.local/lib/python3.8/site-packages/airflow/example_dags/example_short_circuit_operator.py                                                    1           0  0.34s           2025-07-03T17:52:47
/home/airflow/.local/lib/python3.8/site-packages/airflow/example_dags/example_python_decorator.py                                                          1           0  0.27s           2025-07-03T17:52:47
/home/airflow/.local/lib/python3.8/site-packages/airflow/example_dags/example_setup_teardown.py                                                            1           0  0.28s           2025-07-03T17:52:47
/home/airflow/.local/lib/python3.8/site-packages/airflow/example_dags/example_complex.py                                                                   1           0  0.30s           2025-07-03T17:52:47
/home/airflow/.local/lib/python3.8/site-packages/airflow/example_dags/example_branch_operator.py                                                           1           0  0.21s           2025-07-03T17:52:49
/home/airflow/.local/lib/python3.8/site-packages/airflow/example_dags/example_branch_day_of_week_operator.py                                               1           0  0.20s           2025-07-03T17:52:49
/home/airflow/.local/lib/python3.8/site-packages/airflow/example_dags/example_trigger_target_dag.py                                                        1           0  0.36s           2025-07-03T17:52:49
/home/airflow/.local/lib/python3.8/site-packages/airflow/example_dags/example_skip_dag.py                                                                  1           0  0.40s           2025-07-03T17:52:51
/home/airflow/.local/lib/python3.8/site-packages/airflow/example_dags/example_latest_only_with_trigger.py                                                  1           0  0.32s           2025-07-03T17:52:50
/home/airflow/.local/lib/python3.8/site-packages/airflow/example_dags/example_sla_dag.py                                                                   1           0  0.44s           2025-07-03T17:52:51
/home/airflow/.local/lib/python3.8/site-packages/airflow/example_dags/example_sensor_decorator.py                                                          1           0  0.37s           2025-07-03T17:52:51
/home/airflow/.local/lib/python3.8/site-packages/airflow/example_dags/example_xcomargs.py                                                                  2           0  0.15s           2025-07-03T17:53:00
/home/airflow/.local/lib/python3.8/site-packages/airflow/example_dags/example_external_task_marker_dag.py                                                  2           0  0.19s           2025-07-03T17:52:45
/home/airflow/.local/lib/python3.8/site-packages/airflow/example_dags/example_subdag_operator.py                                                           3           0  0.21s           2025-07-03T17:52:59
/home/airflow/.local/lib/python3.8/site-packages/airflow/example_dags/example_branch_datetime_operator.py                                                  3           0  0.46s           2025-07-03T17:53:07
/home/airflow/.local/lib/python3.8/site-packages/airflow/example_dags/example_datasets.py                                                                  6           0  0.26s           2025-07-03T17:52:41
================================================================================
[2025-07-03T17:53:40.143+0000] {manager.py:879} INFO - 
================================================================================
DAG File Processing Stats

File Path                                                                                                                           PID  Runtime      # DAGs    # Errors  Last Runtime    Last Run
--------------------------------------------------------------------------------------------------------------------------------  -----  ---------  --------  ----------  --------------  -------------------
/home/airflow/.local/lib/python3.8/site-packages/airflow/example_dags/plugins/listener_plugin.py                                                           0           0  0.20s           2025-07-03T17:53:22
/home/airflow/.local/lib/python3.8/site-packages/airflow/example_dags/plugins/event_listener.py                                                            0           0  0.13s           2025-07-03T17:53:22
/home/airflow/.local/lib/python3.8/site-packages/airflow/example_dags/plugins/workday.py                                           2495  0.03s             0           0  1.85s           2025-07-03T17:53:09
/home/airflow/.local/lib/python3.8/site-packages/airflow/example_dags/subdags/subdag.py                                                                    0           0  0.14s           2025-07-03T17:53:22
/home/airflow/.local/lib/python3.8/site-packages/airflow/example_dags/example_python_operator.py                                                           1           0  0.21s           2025-07-03T17:53:19
/home/airflow/.local/lib/python3.8/site-packages/airflow/example_dags/example_branch_python_dop_operator_3.py                                              1           0  0.19s           2025-07-03T17:53:20
/home/airflow/.local/lib/python3.8/site-packages/airflow/example_dags/tutorial_dag.py                                                                      1           0  0.22s           2025-07-03T17:53:19
/home/airflow/.local/lib/python3.8/site-packages/airflow/example_dags/example_xcom.py                                                                      1           0  0.46s           2025-07-03T17:53:24
/home/airflow/.local/lib/python3.8/site-packages/airflow/example_dags/tutorial.py                                                                          1           0  0.39s           2025-07-03T17:53:24
/home/airflow/.local/lib/python3.8/site-packages/airflow/example_dags/tutorial_taskflow_api.py                                                             1           0  0.34s           2025-07-03T17:53:24
/home/airflow/.local/lib/python3.8/site-packages/airflow/example_dags/example_trigger_controller_dag.py                                                    1           0  0.62s           2025-07-03T17:53:24
/home/airflow/.local/lib/python3.8/site-packages/airflow/example_dags/example_params_ui_tutorial.py                                                        1           0  0.48s           2025-07-03T17:53:27
/home/airflow/.local/lib/python3.8/site-packages/airflow/example_dags/example_latest_only.py                                                               1           0  0.34s           2025-07-03T17:53:24
/home/airflow/.local/lib/python3.8/site-packages/airflow/example_dags/tutorial_objectstorage.py                                                            1           0  0.28s           2025-07-03T17:53:27
/home/airflow/.local/lib/python3.8/site-packages/airflow/example_dags/example_time_delta_sensor_async.py                                                   1           0  0.33s           2025-07-03T17:53:27
/home/airflow/.local/lib/python3.8/site-packages/airflow/example_dags/example_passing_params_via_test_command.py                                           1           0  0.27s           2025-07-03T17:53:29
/home/airflow/.local/lib/python3.8/site-packages/airflow/example_dags/example_nested_branch_dag.py                                                         1           0  0.25s           2025-07-03T17:53:28
/home/airflow/.local/lib/python3.8/site-packages/airflow/example_dags/example_dynamic_task_mapping_with_no_taskflow_operators.py                           1           0  0.24s           2025-07-03T17:53:29
/home/airflow/.local/lib/python3.8/site-packages/airflow/example_dags/example_params_trigger_ui.py                                                         1           0  0.21s           2025-07-03T17:53:31
/home/airflow/.local/lib/python3.8/site-packages/airflow/example_dags/example_sensors.py                                                                   1           0  0.24s           2025-07-03T17:53:32
/home/airflow/.local/lib/python3.8/site-packages/airflow/example_dags/example_task_group.py                                                                1           0  0.24s           2025-07-03T17:53:32
/home/airflow/.local/lib/python3.8/site-packages/airflow/example_dags/example_branch_operator_decorator.py                                                 1           0  0.21s           2025-07-03T17:53:34
/home/airflow/.local/lib/python3.8/site-packages/airflow/example_dags/example_local_kubernetes_executor.py                                                 1           0  0.17s           2025-07-03T17:53:34
/home/airflow/.local/lib/python3.8/site-packages/airflow/example_dags/example_setup_teardown_taskflow.py                                                   1           0  0.13s           2025-07-03T17:53:35
/home/airflow/.local/lib/python3.8/site-packages/airflow/example_dags/example_task_group_decorator.py                                                      1           0  0.21s           2025-07-03T17:53:11
/home/airflow/.local/lib/python3.8/site-packages/airflow/example_dags/example_dynamic_task_mapping.py                                                      1           0  0.14s           2025-07-03T17:53:12
/home/airflow/.local/lib/python3.8/site-packages/airflow/example_dags/example_short_circuit_decorator.py                                                   1           0  0.21s           2025-07-03T17:53:14
/home/airflow/.local/lib/python3.8/site-packages/airflow/example_dags/tutorial_taskflow_api_virtualenv.py                                                  1           0  0.18s           2025-07-03T17:53:14
/home/airflow/.local/lib/python3.8/site-packages/airflow/example_dags/example_bash_operator.py                                                             1           0  0.20s           2025-07-03T17:53:15
/home/airflow/.local/lib/python3.8/site-packages/airflow/example_dags/example_kubernetes_executor.py                                                       1           0  0.20s           2025-07-03T17:53:15
/home/airflow/.local/lib/python3.8/site-packages/airflow/example_dags/example_dag_decorator.py                                                             1           0  0.58s           2025-07-03T17:53:31
/home/airflow/.local/lib/python3.8/site-packages/airflow/example_dags/example_branch_labels.py                                                             1           0  0.16s           2025-07-03T17:53:15
/home/airflow/.local/lib/python3.8/site-packages/airflow/example_dags/example_short_circuit_operator.py                                                    1           0  0.16s           2025-07-03T17:53:17
/home/airflow/.local/lib/python3.8/site-packages/airflow/example_dags/example_python_decorator.py                                                          1           0  0.16s           2025-07-03T17:53:17
/home/airflow/.local/lib/python3.8/site-packages/airflow/example_dags/example_setup_teardown.py                                                            1           0  0.14s           2025-07-03T17:53:17
/home/airflow/.local/lib/python3.8/site-packages/airflow/example_dags/example_complex.py                                                                   1           0  0.13s           2025-07-03T17:53:18
/home/airflow/.local/lib/python3.8/site-packages/airflow/example_dags/example_branch_operator.py                                                           1           0  0.16s           2025-07-03T17:53:19
/home/airflow/.local/lib/python3.8/site-packages/airflow/example_dags/example_branch_day_of_week_operator.py                                               1           0  0.17s           2025-07-03T17:53:20
/home/airflow/.local/lib/python3.8/site-packages/airflow/example_dags/example_trigger_target_dag.py                                                        1           0  0.10s           2025-07-03T17:53:20
/home/airflow/.local/lib/python3.8/site-packages/airflow/example_dags/example_skip_dag.py                                                                  1           0  0.39s           2025-07-03T17:53:22
/home/airflow/.local/lib/python3.8/site-packages/airflow/example_dags/example_latest_only_with_trigger.py                                                  1           0  0.12s           2025-07-03T17:53:20
/home/airflow/.local/lib/python3.8/site-packages/airflow/example_dags/example_sla_dag.py                                                                   1           0  0.63s           2025-07-03T17:53:22
/home/airflow/.local/lib/python3.8/site-packages/airflow/example_dags/example_sensor_decorator.py                                                          1           0  0.17s           2025-07-03T17:53:22
/home/airflow/.local/lib/python3.8/site-packages/airflow/example_dags/example_xcomargs.py                                                                  2           0  0.14s           2025-07-03T17:53:31
/home/airflow/.local/lib/python3.8/site-packages/airflow/example_dags/example_external_task_marker_dag.py                                                  2           0  0.18s           2025-07-03T17:53:15
/home/airflow/.local/lib/python3.8/site-packages/airflow/example_dags/example_subdag_operator.py                                                           3           0  0.20s           2025-07-03T17:53:30
/home/airflow/.local/lib/python3.8/site-packages/airflow/example_dags/example_branch_datetime_operator.py                                                  3           0  0.24s           2025-07-03T17:53:38
/home/airflow/.local/lib/python3.8/site-packages/airflow/example_dags/example_datasets.py                                                                  6           0  0.28s           2025-07-03T17:53:12
================================================================================
[2025-07-03T17:54:10.810+0000] {manager.py:879} INFO - 
================================================================================
DAG File Processing Stats

File Path                                                                                                                         PID    Runtime      # DAGs    # Errors  Last Runtime    Last Run
--------------------------------------------------------------------------------------------------------------------------------  -----  ---------  --------  ----------  --------------  -------------------
/home/airflow/.local/lib/python3.8/site-packages/airflow/example_dags/plugins/listener_plugin.py                                                           0           0  0.11s           2025-07-03T17:53:52
/home/airflow/.local/lib/python3.8/site-packages/airflow/example_dags/plugins/event_listener.py                                                            0           0  0.10s           2025-07-03T17:53:52
/home/airflow/.local/lib/python3.8/site-packages/airflow/example_dags/plugins/workday.py                                                                   0           0  1.72s           2025-07-03T17:53:41
/home/airflow/.local/lib/python3.8/site-packages/airflow/example_dags/subdags/subdag.py                                                                    0           0  0.10s           2025-07-03T17:53:52
/home/airflow/.local/lib/python3.8/site-packages/airflow/example_dags/example_python_operator.py                                                           1           0  0.16s           2025-07-03T17:53:49
/home/airflow/.local/lib/python3.8/site-packages/airflow/example_dags/example_branch_python_dop_operator_3.py                                              1           0  0.19s           2025-07-03T17:53:50
/home/airflow/.local/lib/python3.8/site-packages/airflow/example_dags/tutorial_dag.py                                                                      1           0  0.14s           2025-07-03T17:53:49
/home/airflow/.local/lib/python3.8/site-packages/airflow/example_dags/example_xcom.py                                                                      1           0  0.70s           2025-07-03T17:53:55
/home/airflow/.local/lib/python3.8/site-packages/airflow/example_dags/tutorial.py                                                                          1           0  0.64s           2025-07-03T17:53:55
/home/airflow/.local/lib/python3.8/site-packages/airflow/example_dags/tutorial_taskflow_api.py                                                             1           0  0.27s           2025-07-03T17:53:55
/home/airflow/.local/lib/python3.8/site-packages/airflow/example_dags/example_trigger_controller_dag.py                                                    1           0  0.49s           2025-07-03T17:53:56
/home/airflow/.local/lib/python3.8/site-packages/airflow/example_dags/example_params_ui_tutorial.py                                                        1           0  0.51s           2025-07-03T17:53:57
/home/airflow/.local/lib/python3.8/site-packages/airflow/example_dags/example_latest_only.py                                                               1           0  0.47s           2025-07-03T17:53:56
/home/airflow/.local/lib/python3.8/site-packages/airflow/example_dags/tutorial_objectstorage.py                                                            1           0  0.33s           2025-07-03T17:53:57
/home/airflow/.local/lib/python3.8/site-packages/airflow/example_dags/example_time_delta_sensor_async.py                                                   1           0  0.20s           2025-07-03T17:53:57
/home/airflow/.local/lib/python3.8/site-packages/airflow/example_dags/example_passing_params_via_test_command.py                                           1           0  0.37s           2025-07-03T17:54:00
/home/airflow/.local/lib/python3.8/site-packages/airflow/example_dags/example_nested_branch_dag.py                                                         1           0  0.18s           2025-07-03T17:53:59
/home/airflow/.local/lib/python3.8/site-packages/airflow/example_dags/example_dynamic_task_mapping_with_no_taskflow_operators.py                           1           0  0.28s           2025-07-03T17:54:00
/home/airflow/.local/lib/python3.8/site-packages/airflow/example_dags/example_params_trigger_ui.py                                                         1           0  0.21s           2025-07-03T17:54:02
/home/airflow/.local/lib/python3.8/site-packages/airflow/example_dags/example_sensors.py                                                                   1           0  0.18s           2025-07-03T17:54:03
/home/airflow/.local/lib/python3.8/site-packages/airflow/example_dags/example_task_group.py                                                                1           0  0.19s           2025-07-03T17:54:03
/home/airflow/.local/lib/python3.8/site-packages/airflow/example_dags/example_branch_operator_decorator.py                                                 1           0  0.30s           2025-07-03T17:54:05
/home/airflow/.local/lib/python3.8/site-packages/airflow/example_dags/example_local_kubernetes_executor.py                                                 1           0  0.28s           2025-07-03T17:54:05
/home/airflow/.local/lib/python3.8/site-packages/airflow/example_dags/example_setup_teardown_taskflow.py                                                   1           0  0.14s           2025-07-03T17:54:05
/home/airflow/.local/lib/python3.8/site-packages/airflow/example_dags/example_task_group_decorator.py                                                      1           0  0.34s           2025-07-03T17:53:42
/home/airflow/.local/lib/python3.8/site-packages/airflow/example_dags/example_dynamic_task_mapping.py                                                      1           0  0.17s           2025-07-03T17:53:42
/home/airflow/.local/lib/python3.8/site-packages/airflow/example_dags/example_short_circuit_decorator.py                                                   1           0  0.19s           2025-07-03T17:53:44
/home/airflow/.local/lib/python3.8/site-packages/airflow/example_dags/tutorial_taskflow_api_virtualenv.py                                                  1           0  0.15s           2025-07-03T17:53:44
/home/airflow/.local/lib/python3.8/site-packages/airflow/example_dags/example_bash_operator.py                                                             1           0  0.20s           2025-07-03T17:53:45
/home/airflow/.local/lib/python3.8/site-packages/airflow/example_dags/example_kubernetes_executor.py                                                       1           0  0.20s           2025-07-03T17:53:45
/home/airflow/.local/lib/python3.8/site-packages/airflow/example_dags/example_dag_decorator.py                                                             1           0  0.58s           2025-07-03T17:54:01
/home/airflow/.local/lib/python3.8/site-packages/airflow/example_dags/example_branch_labels.py                                                             1           0  0.12s           2025-07-03T17:53:46
/home/airflow/.local/lib/python3.8/site-packages/airflow/example_dags/example_short_circuit_operator.py                                                    1           0  0.21s           2025-07-03T17:53:48
/home/airflow/.local/lib/python3.8/site-packages/airflow/example_dags/example_python_decorator.py                                                          1           0  0.18s           2025-07-03T17:53:48
/home/airflow/.local/lib/python3.8/site-packages/airflow/example_dags/example_setup_teardown.py                                                            1           0  0.16s           2025-07-03T17:53:48
/home/airflow/.local/lib/python3.8/site-packages/airflow/example_dags/example_complex.py                                                                   1           0  0.17s           2025-07-03T17:53:48
/home/airflow/.local/lib/python3.8/site-packages/airflow/example_dags/example_branch_operator.py                                                           1           0  0.16s           2025-07-03T17:53:49
/home/airflow/.local/lib/python3.8/site-packages/airflow/example_dags/example_branch_day_of_week_operator.py                                               1           0  0.17s           2025-07-03T17:53:50
/home/airflow/.local/lib/python3.8/site-packages/airflow/example_dags/example_trigger_target_dag.py                                                        1           0  0.17s           2025-07-03T17:53:51
/home/airflow/.local/lib/python3.8/site-packages/airflow/example_dags/example_skip_dag.py                                                                  1           0  0.16s           2025-07-03T17:53:52
/home/airflow/.local/lib/python3.8/site-packages/airflow/example_dags/example_latest_only_with_trigger.py                                                  1           0  0.13s           2025-07-03T17:53:51
/home/airflow/.local/lib/python3.8/site-packages/airflow/example_dags/example_sla_dag.py                                                                   1           0  0.28s           2025-07-03T17:53:52
/home/airflow/.local/lib/python3.8/site-packages/airflow/example_dags/example_sensor_decorator.py                                                          1           0  0.13s           2025-07-03T17:53:52
/home/airflow/.local/lib/python3.8/site-packages/airflow/example_dags/example_xcomargs.py                                                                  2           0  0.15s           2025-07-03T17:54:02
/home/airflow/.local/lib/python3.8/site-packages/airflow/example_dags/example_external_task_marker_dag.py                                                  2           0  0.12s           2025-07-03T17:53:46
/home/airflow/.local/lib/python3.8/site-packages/airflow/example_dags/example_subdag_operator.py                                                           3           0  0.18s           2025-07-03T17:54:01
/home/airflow/.local/lib/python3.8/site-packages/airflow/example_dags/example_branch_datetime_operator.py                                                  3           0  0.37s           2025-07-03T17:54:09
/home/airflow/.local/lib/python3.8/site-packages/airflow/example_dags/example_datasets.py                                                                  6           0  0.38s           2025-07-03T17:53:42
================================================================================
[2025-07-03T17:54:41.648+0000] {manager.py:879} INFO - 
================================================================================
DAG File Processing Stats

File Path                                                                                                                         PID    Runtime      # DAGs    # Errors  Last Runtime    Last Run
--------------------------------------------------------------------------------------------------------------------------------  -----  ---------  --------  ----------  --------------  -------------------
/home/airflow/.local/lib/python3.8/site-packages/airflow/example_dags/plugins/listener_plugin.py                                                           0           0  0.08s           2025-07-03T17:54:23
/home/airflow/.local/lib/python3.8/site-packages/airflow/example_dags/plugins/event_listener.py                                                            0           0  0.09s           2025-07-03T17:54:23
/home/airflow/.local/lib/python3.8/site-packages/airflow/example_dags/plugins/workday.py                                                                   0           0  0.82s           2025-07-03T17:54:12
/home/airflow/.local/lib/python3.8/site-packages/airflow/example_dags/subdags/subdag.py                                                                    0           0  0.11s           2025-07-03T17:54:23
/home/airflow/.local/lib/python3.8/site-packages/airflow/example_dags/example_python_operator.py                                                           1           0  0.17s           2025-07-03T17:54:20
/home/airflow/.local/lib/python3.8/site-packages/airflow/example_dags/example_branch_python_dop_operator_3.py                                              1           0  0.37s           2025-07-03T17:54:21
/home/airflow/.local/lib/python3.8/site-packages/airflow/example_dags/tutorial_dag.py                                                                      1           0  0.15s           2025-07-03T17:54:20
/home/airflow/.local/lib/python3.8/site-packages/airflow/example_dags/example_xcom.py                                                                      1           0  0.28s           2025-07-03T17:54:26
/home/airflow/.local/lib/python3.8/site-packages/airflow/example_dags/tutorial.py                                                                          1           0  0.21s           2025-07-03T17:54:26
/home/airflow/.local/lib/python3.8/site-packages/airflow/example_dags/tutorial_taskflow_api.py                                                             1           0  0.22s           2025-07-03T17:54:26
/home/airflow/.local/lib/python3.8/site-packages/airflow/example_dags/example_trigger_controller_dag.py                                                    1           0  0.21s           2025-07-03T17:54:26
/home/airflow/.local/lib/python3.8/site-packages/airflow/example_dags/example_params_ui_tutorial.py                                                        1           0  0.38s           2025-07-03T17:54:28
/home/airflow/.local/lib/python3.8/site-packages/airflow/example_dags/example_latest_only.py                                                               1           0  0.18s           2025-07-03T17:54:26
/home/airflow/.local/lib/python3.8/site-packages/airflow/example_dags/tutorial_objectstorage.py                                                            1           0  0.24s           2025-07-03T17:54:28
/home/airflow/.local/lib/python3.8/site-packages/airflow/example_dags/example_time_delta_sensor_async.py                                                   1           0  0.20s           2025-07-03T17:54:28
/home/airflow/.local/lib/python3.8/site-packages/airflow/example_dags/example_passing_params_via_test_command.py                                           1           0  0.16s           2025-07-03T17:54:30
/home/airflow/.local/lib/python3.8/site-packages/airflow/example_dags/example_nested_branch_dag.py                                                         1           0  0.17s           2025-07-03T17:54:29
/home/airflow/.local/lib/python3.8/site-packages/airflow/example_dags/example_dynamic_task_mapping_with_no_taskflow_operators.py                           1           0  0.14s           2025-07-03T17:54:30
/home/airflow/.local/lib/python3.8/site-packages/airflow/example_dags/example_params_trigger_ui.py                                                         1           0  0.22s           2025-07-03T17:54:32
/home/airflow/.local/lib/python3.8/site-packages/airflow/example_dags/example_sensors.py                                                                   1           0  0.19s           2025-07-03T17:54:33
/home/airflow/.local/lib/python3.8/site-packages/airflow/example_dags/example_task_group.py                                                                1           0  0.16s           2025-07-03T17:54:33
/home/airflow/.local/lib/python3.8/site-packages/airflow/example_dags/example_branch_operator_decorator.py                                                 1           0  0.50s           2025-07-03T17:54:36
/home/airflow/.local/lib/python3.8/site-packages/airflow/example_dags/example_local_kubernetes_executor.py                                                 1           0  0.40s           2025-07-03T17:54:36
/home/airflow/.local/lib/python3.8/site-packages/airflow/example_dags/example_setup_teardown_taskflow.py                                                   1           0  0.21s           2025-07-03T17:54:36
/home/airflow/.local/lib/python3.8/site-packages/airflow/example_dags/example_task_group_decorator.py                                                      1           0  0.30s           2025-07-03T17:54:12
/home/airflow/.local/lib/python3.8/site-packages/airflow/example_dags/example_dynamic_task_mapping.py                                                      1           0  0.17s           2025-07-03T17:54:13
/home/airflow/.local/lib/python3.8/site-packages/airflow/example_dags/example_short_circuit_decorator.py                                                   1           0  0.31s           2025-07-03T17:54:15
/home/airflow/.local/lib/python3.8/site-packages/airflow/example_dags/tutorial_taskflow_api_virtualenv.py                                                  1           0  0.27s           2025-07-03T17:54:15
/home/airflow/.local/lib/python3.8/site-packages/airflow/example_dags/example_bash_operator.py                                                             1           0  0.19s           2025-07-03T17:54:16
/home/airflow/.local/lib/python3.8/site-packages/airflow/example_dags/example_kubernetes_executor.py                                                       1           0  0.20s           2025-07-03T17:54:16
/home/airflow/.local/lib/python3.8/site-packages/airflow/example_dags/example_dag_decorator.py                                                             1           0  0.52s           2025-07-03T17:54:33
/home/airflow/.local/lib/python3.8/site-packages/airflow/example_dags/example_branch_labels.py                                                             1           0  0.16s           2025-07-03T17:54:16
/home/airflow/.local/lib/python3.8/site-packages/airflow/example_dags/example_short_circuit_operator.py                                                    1           0  0.17s           2025-07-03T17:54:18
/home/airflow/.local/lib/python3.8/site-packages/airflow/example_dags/example_python_decorator.py                                                          1           0  0.17s           2025-07-03T17:54:18
/home/airflow/.local/lib/python3.8/site-packages/airflow/example_dags/example_setup_teardown.py                                                            1           0  0.13s           2025-07-03T17:54:18
/home/airflow/.local/lib/python3.8/site-packages/airflow/example_dags/example_complex.py                                                                   1           0  0.14s           2025-07-03T17:54:19
/home/airflow/.local/lib/python3.8/site-packages/airflow/example_dags/example_branch_operator.py                                                           1           0  0.16s           2025-07-03T17:54:20
/home/airflow/.local/lib/python3.8/site-packages/airflow/example_dags/example_branch_day_of_week_operator.py                                               1           0  0.30s           2025-07-03T17:54:21
/home/airflow/.local/lib/python3.8/site-packages/airflow/example_dags/example_trigger_target_dag.py                                                        1           0  0.20s           2025-07-03T17:54:21
/home/airflow/.local/lib/python3.8/site-packages/airflow/example_dags/example_skip_dag.py                                                                  1           0  0.23s           2025-07-03T17:54:22
/home/airflow/.local/lib/python3.8/site-packages/airflow/example_dags/example_latest_only_with_trigger.py                                                  1           0  0.21s           2025-07-03T17:54:21
/home/airflow/.local/lib/python3.8/site-packages/airflow/example_dags/example_sla_dag.py                                                                   1           0  0.35s           2025-07-03T17:54:23
/home/airflow/.local/lib/python3.8/site-packages/airflow/example_dags/example_sensor_decorator.py                                                          1           0  0.13s           2025-07-03T17:54:23
/home/airflow/.local/lib/python3.8/site-packages/airflow/example_dags/example_xcomargs.py                                                                  2           0  0.15s           2025-07-03T17:54:32
/home/airflow/.local/lib/python3.8/site-packages/airflow/example_dags/example_external_task_marker_dag.py                                                  2           0  0.14s           2025-07-03T17:54:16
/home/airflow/.local/lib/python3.8/site-packages/airflow/example_dags/example_subdag_operator.py                                                           3           0  0.15s           2025-07-03T17:54:31
/home/airflow/.local/lib/python3.8/site-packages/airflow/example_dags/example_branch_datetime_operator.py                                                  3           0  0.18s           2025-07-03T17:54:39
/home/airflow/.local/lib/python3.8/site-packages/airflow/example_dags/example_datasets.py                                                                  6           0  0.43s           2025-07-03T17:54:13
================================================================================
[2025-07-03T17:55:11.781+0000] {manager.py:879} INFO - 
================================================================================
DAG File Processing Stats

File Path                                                                                                                         PID    Runtime      # DAGs    # Errors  Last Runtime    Last Run
--------------------------------------------------------------------------------------------------------------------------------  -----  ---------  --------  ----------  --------------  -------------------
/home/airflow/.local/lib/python3.8/site-packages/airflow/example_dags/plugins/listener_plugin.py                                                           0           0  0.06s           2025-07-03T17:54:53
/home/airflow/.local/lib/python3.8/site-packages/airflow/example_dags/plugins/event_listener.py                                                            0           0  0.06s           2025-07-03T17:54:53
/home/airflow/.local/lib/python3.8/site-packages/airflow/example_dags/plugins/workday.py                                                                   0           0  0.80s           2025-07-03T17:54:43
/home/airflow/.local/lib/python3.8/site-packages/airflow/example_dags/subdags/subdag.py                                                                    0           0  0.05s           2025-07-03T17:54:53
/home/airflow/.local/lib/python3.8/site-packages/airflow/example_dags/example_python_operator.py                                                           1           0  0.32s           2025-07-03T17:54:51
/home/airflow/.local/lib/python3.8/site-packages/airflow/example_dags/example_branch_python_dop_operator_3.py                                              1           0  0.35s           2025-07-03T17:54:52
/home/airflow/.local/lib/python3.8/site-packages/airflow/example_dags/tutorial_dag.py                                                                      1           0  0.22s           2025-07-03T17:54:51
/home/airflow/.local/lib/python3.8/site-packages/airflow/example_dags/example_xcom.py                                                                      1           0  0.21s           2025-07-03T17:54:57
/home/airflow/.local/lib/python3.8/site-packages/airflow/example_dags/tutorial.py                                                                          1           0  0.28s           2025-07-03T17:54:57
/home/airflow/.local/lib/python3.8/site-packages/airflow/example_dags/tutorial_taskflow_api.py                                                             1           0  0.19s           2025-07-03T17:54:57
/home/airflow/.local/lib/python3.8/site-packages/airflow/example_dags/example_trigger_controller_dag.py                                                    1           0  0.20s           2025-07-03T17:54:57
/home/airflow/.local/lib/python3.8/site-packages/airflow/example_dags/example_params_ui_tutorial.py                                                        1           0  0.41s           2025-07-03T17:54:59
/home/airflow/.local/lib/python3.8/site-packages/airflow/example_dags/example_latest_only.py                                                               1           0  0.19s           2025-07-03T17:54:57
/home/airflow/.local/lib/python3.8/site-packages/airflow/example_dags/tutorial_objectstorage.py                                                            1           0  0.24s           2025-07-03T17:54:59
/home/airflow/.local/lib/python3.8/site-packages/airflow/example_dags/example_time_delta_sensor_async.py                                                   1           0  0.16s           2025-07-03T17:54:59
/home/airflow/.local/lib/python3.8/site-packages/airflow/example_dags/example_passing_params_via_test_command.py                                           1           0  0.29s           2025-07-03T17:55:01
/home/airflow/.local/lib/python3.8/site-packages/airflow/example_dags/example_nested_branch_dag.py                                                         1           0  0.13s           2025-07-03T17:55:00
/home/airflow/.local/lib/python3.8/site-packages/airflow/example_dags/example_dynamic_task_mapping_with_no_taskflow_operators.py                           1           0  0.20s           2025-07-03T17:55:01
/home/airflow/.local/lib/python3.8/site-packages/airflow/example_dags/example_params_trigger_ui.py                                                         1           0  0.17s           2025-07-03T17:55:03
/home/airflow/.local/lib/python3.8/site-packages/airflow/example_dags/example_sensors.py                                                                   1           0  0.41s           2025-07-03T17:55:04
/home/airflow/.local/lib/python3.8/site-packages/airflow/example_dags/example_task_group.py                                                                1           0  0.35s           2025-07-03T17:55:04
/home/airflow/.local/lib/python3.8/site-packages/airflow/example_dags/example_branch_operator_decorator.py                                                 1           0  0.68s           2025-07-03T17:55:07
/home/airflow/.local/lib/python3.8/site-packages/airflow/example_dags/example_local_kubernetes_executor.py                                                 1           0  0.43s           2025-07-03T17:55:07
/home/airflow/.local/lib/python3.8/site-packages/airflow/example_dags/example_setup_teardown_taskflow.py                                                   1           0  0.29s           2025-07-03T17:55:07
/home/airflow/.local/lib/python3.8/site-packages/airflow/example_dags/example_task_group_decorator.py                                                      1           0  0.33s           2025-07-03T17:54:43
/home/airflow/.local/lib/python3.8/site-packages/airflow/example_dags/example_dynamic_task_mapping.py                                                      1           0  0.16s           2025-07-03T17:54:43
/home/airflow/.local/lib/python3.8/site-packages/airflow/example_dags/example_short_circuit_decorator.py                                                   1           0  0.19s           2025-07-03T17:54:46
/home/airflow/.local/lib/python3.8/site-packages/airflow/example_dags/tutorial_taskflow_api_virtualenv.py                                                  1           0  0.15s           2025-07-03T17:54:45
/home/airflow/.local/lib/python3.8/site-packages/airflow/example_dags/example_bash_operator.py                                                             1           0  0.21s           2025-07-03T17:54:47
/home/airflow/.local/lib/python3.8/site-packages/airflow/example_dags/example_kubernetes_executor.py                                                       1           0  0.19s           2025-07-03T17:54:47
/home/airflow/.local/lib/python3.8/site-packages/airflow/example_dags/example_dag_decorator.py                                                             1           0  0.95s           2025-07-03T17:55:04
/home/airflow/.local/lib/python3.8/site-packages/airflow/example_dags/example_branch_labels.py                                                             1           0  0.12s           2025-07-03T17:54:47
/home/airflow/.local/lib/python3.8/site-packages/airflow/example_dags/example_short_circuit_operator.py                                                    1           0  0.28s           2025-07-03T17:54:49
/home/airflow/.local/lib/python3.8/site-packages/airflow/example_dags/example_python_decorator.py                                                          1           0  0.34s           2025-07-03T17:54:49
/home/airflow/.local/lib/python3.8/site-packages/airflow/example_dags/example_setup_teardown.py                                                            1           0  0.23s           2025-07-03T17:54:49
/home/airflow/.local/lib/python3.8/site-packages/airflow/example_dags/example_complex.py                                                                   1           0  0.27s           2025-07-03T17:54:49
/home/airflow/.local/lib/python3.8/site-packages/airflow/example_dags/example_branch_operator.py                                                           1           0  0.30s           2025-07-03T17:54:51
/home/airflow/.local/lib/python3.8/site-packages/airflow/example_dags/example_branch_day_of_week_operator.py                                               1           0  0.39s           2025-07-03T17:54:52
/home/airflow/.local/lib/python3.8/site-packages/airflow/example_dags/example_trigger_target_dag.py                                                        1           0  0.32s           2025-07-03T17:54:52
/home/airflow/.local/lib/python3.8/site-packages/airflow/example_dags/example_skip_dag.py                                                                  1           0  0.15s           2025-07-03T17:54:53
/home/airflow/.local/lib/python3.8/site-packages/airflow/example_dags/example_latest_only_with_trigger.py                                                  1           0  0.31s           2025-07-03T17:54:52
/home/airflow/.local/lib/python3.8/site-packages/airflow/example_dags/example_sla_dag.py                                                                   1           0  0.16s           2025-07-03T17:54:53
/home/airflow/.local/lib/python3.8/site-packages/airflow/example_dags/example_sensor_decorator.py                                                          1           0  0.13s           2025-07-03T17:54:53
/home/airflow/.local/lib/python3.8/site-packages/airflow/example_dags/example_xcomargs.py                                                                  2           0  0.11s           2025-07-03T17:55:02
/home/airflow/.local/lib/python3.8/site-packages/airflow/example_dags/example_external_task_marker_dag.py                                                  2           0  0.11s           2025-07-03T17:54:47
/home/airflow/.local/lib/python3.8/site-packages/airflow/example_dags/example_subdag_operator.py                                                           3           0  0.17s           2025-07-03T17:55:02
/home/airflow/.local/lib/python3.8/site-packages/airflow/example_dags/example_branch_datetime_operator.py                                                  3           0  0.19s           2025-07-03T17:55:10
/home/airflow/.local/lib/python3.8/site-packages/airflow/example_dags/example_datasets.py                                                                  6           0  0.33s           2025-07-03T17:54:43
================================================================================
[2025-07-03T17:55:24.001+0000] {manager.py:738} INFO - Searching for files in /opt/airflow/dags
[2025-07-03T17:55:24.036+0000] {manager.py:741} INFO - There are 48 files in /opt/airflow/dags
[2025-07-03T17:55:41.918+0000] {manager.py:879} INFO - 
================================================================================
DAG File Processing Stats

File Path                                                                                                                         PID    Runtime      # DAGs    # Errors  Last Runtime    Last Run
--------------------------------------------------------------------------------------------------------------------------------  -----  ---------  --------  ----------  --------------  -------------------
/home/airflow/.local/lib/python3.8/site-packages/airflow/example_dags/plugins/listener_plugin.py                                                           0           0  0.08s           2025-07-03T17:55:23
/home/airflow/.local/lib/python3.8/site-packages/airflow/example_dags/plugins/event_listener.py                                                            0           0  0.08s           2025-07-03T17:55:23
/home/airflow/.local/lib/python3.8/site-packages/airflow/example_dags/plugins/workday.py                                                                   0           0  0.75s           2025-07-03T17:55:14
/home/airflow/.local/lib/python3.8/site-packages/airflow/example_dags/subdags/subdag.py                                                                    0           0  0.06s           2025-07-03T17:55:23
/home/airflow/.local/lib/python3.8/site-packages/airflow/example_dags/example_python_operator.py                                                           1           0  0.14s           2025-07-03T17:55:21
/home/airflow/.local/lib/python3.8/site-packages/airflow/example_dags/example_branch_python_dop_operator_3.py                                              1           0  0.18s           2025-07-03T17:55:23
/home/airflow/.local/lib/python3.8/site-packages/airflow/example_dags/tutorial_dag.py                                                                      1           0  0.14s           2025-07-03T17:55:21
/home/airflow/.local/lib/python3.8/site-packages/airflow/example_dags/example_xcom.py                                                                      1           0  0.15s           2025-07-03T17:55:28
/home/airflow/.local/lib/python3.8/site-packages/airflow/example_dags/tutorial.py                                                                          1           0  0.15s           2025-07-03T17:55:28
/home/airflow/.local/lib/python3.8/site-packages/airflow/example_dags/tutorial_taskflow_api.py                                                             1           0  0.13s           2025-07-03T17:55:28
/home/airflow/.local/lib/python3.8/site-packages/airflow/example_dags/example_trigger_controller_dag.py                                                    1           0  0.15s           2025-07-03T17:55:28
/home/airflow/.local/lib/python3.8/site-packages/airflow/example_dags/example_params_ui_tutorial.py                                                        1           0  0.23s           2025-07-03T17:55:29
/home/airflow/.local/lib/python3.8/site-packages/airflow/example_dags/example_latest_only.py                                                               1           0  0.12s           2025-07-03T17:55:28
/home/airflow/.local/lib/python3.8/site-packages/airflow/example_dags/tutorial_objectstorage.py                                                            1           0  0.13s           2025-07-03T17:55:29
/home/airflow/.local/lib/python3.8/site-packages/airflow/example_dags/example_time_delta_sensor_async.py                                                   1           0  0.13s           2025-07-03T17:55:29
/home/airflow/.local/lib/python3.8/site-packages/airflow/example_dags/example_passing_params_via_test_command.py                                           1           0  0.41s           2025-07-03T17:55:32
/home/airflow/.local/lib/python3.8/site-packages/airflow/example_dags/example_nested_branch_dag.py                                                         1           0  0.19s           2025-07-03T17:55:30
/home/airflow/.local/lib/python3.8/site-packages/airflow/example_dags/example_dynamic_task_mapping_with_no_taskflow_operators.py                           1           0  0.39s           2025-07-03T17:55:32
/home/airflow/.local/lib/python3.8/site-packages/airflow/example_dags/example_params_trigger_ui.py                                                         1           0  0.31s           2025-07-03T17:55:33
/home/airflow/.local/lib/python3.8/site-packages/airflow/example_dags/example_sensors.py                                                                   1           0  0.16s           2025-07-03T17:55:34
/home/airflow/.local/lib/python3.8/site-packages/airflow/example_dags/example_task_group.py                                                                1           0  0.37s           2025-07-03T17:55:35
/home/airflow/.local/lib/python3.8/site-packages/airflow/example_dags/example_branch_operator_decorator.py                                                 1           0  0.20s           2025-07-03T17:55:37
/home/airflow/.local/lib/python3.8/site-packages/airflow/example_dags/example_local_kubernetes_executor.py                                                 1           0  0.17s           2025-07-03T17:55:37
/home/airflow/.local/lib/python3.8/site-packages/airflow/example_dags/example_setup_teardown_taskflow.py                                                   1           0  0.16s           2025-07-03T17:55:37
/home/airflow/.local/lib/python3.8/site-packages/airflow/example_dags/example_task_group_decorator.py                                                      1           0  0.17s           2025-07-03T17:55:14
/home/airflow/.local/lib/python3.8/site-packages/airflow/example_dags/example_dynamic_task_mapping.py                                                      1           0  0.14s           2025-07-03T17:55:14
/home/airflow/.local/lib/python3.8/site-packages/airflow/example_dags/example_short_circuit_decorator.py                                                   1           0  0.17s           2025-07-03T17:55:16
/home/airflow/.local/lib/python3.8/site-packages/airflow/example_dags/tutorial_taskflow_api_virtualenv.py                                                  1           0  0.15s           2025-07-03T17:55:16
/home/airflow/.local/lib/python3.8/site-packages/airflow/example_dags/example_bash_operator.py                                                             1           0  0.25s           2025-07-03T17:55:17
/home/airflow/.local/lib/python3.8/site-packages/airflow/example_dags/example_kubernetes_executor.py                                                       1           0  0.35s           2025-07-03T17:55:17
/home/airflow/.local/lib/python3.8/site-packages/airflow/example_dags/example_dag_decorator.py                                                             1           0  0.89s           2025-07-03T17:55:36
/home/airflow/.local/lib/python3.8/site-packages/airflow/example_dags/example_branch_labels.py                                                             1           0  0.27s           2025-07-03T17:55:18
/home/airflow/.local/lib/python3.8/site-packages/airflow/example_dags/example_short_circuit_operator.py                                                    1           0  0.35s           2025-07-03T17:55:20
/home/airflow/.local/lib/python3.8/site-packages/airflow/example_dags/example_python_decorator.py                                                          1           0  0.28s           2025-07-03T17:55:20
/home/airflow/.local/lib/python3.8/site-packages/airflow/example_dags/example_setup_teardown.py                                                            1           0  0.35s           2025-07-03T17:55:20
/home/airflow/.local/lib/python3.8/site-packages/airflow/example_dags/example_complex.py                                                                   1           0  0.36s           2025-07-03T17:55:20
/home/airflow/.local/lib/python3.8/site-packages/airflow/example_dags/example_branch_operator.py                                                           1           0  0.14s           2025-07-03T17:55:22
/home/airflow/.local/lib/python3.8/site-packages/airflow/example_dags/example_branch_day_of_week_operator.py                                               1           0  0.16s           2025-07-03T17:55:23
/home/airflow/.local/lib/python3.8/site-packages/airflow/example_dags/example_trigger_target_dag.py                                                        1           0  0.11s           2025-07-03T17:55:23
/home/airflow/.local/lib/python3.8/site-packages/airflow/example_dags/example_skip_dag.py                                                                  1           0  0.29s           2025-07-03T17:55:23
/home/airflow/.local/lib/python3.8/site-packages/airflow/example_dags/example_latest_only_with_trigger.py                                                  1           0  0.13s           2025-07-03T17:55:23
/home/airflow/.local/lib/python3.8/site-packages/airflow/example_dags/example_sla_dag.py                                                                   1           0  0.34s           2025-07-03T17:55:23
/home/airflow/.local/lib/python3.8/site-packages/airflow/example_dags/example_sensor_decorator.py                                                          1           0  0.22s           2025-07-03T17:55:23
/home/airflow/.local/lib/python3.8/site-packages/airflow/example_dags/example_xcomargs.py                                                                  2           0  0.30s           2025-07-03T17:55:33
/home/airflow/.local/lib/python3.8/site-packages/airflow/example_dags/example_external_task_marker_dag.py                                                  2           0  0.24s           2025-07-03T17:55:18
/home/airflow/.local/lib/python3.8/site-packages/airflow/example_dags/example_subdag_operator.py                                                           3           0  0.43s           2025-07-03T17:55:33
/home/airflow/.local/lib/python3.8/site-packages/airflow/example_dags/example_branch_datetime_operator.py                                                  3           0  0.32s           2025-07-03T17:55:41
/home/airflow/.local/lib/python3.8/site-packages/airflow/example_dags/example_datasets.py                                                                  6           0  0.27s           2025-07-03T17:55:14
================================================================================
[2025-07-03T17:56:12.455+0000] {manager.py:879} INFO - 
================================================================================
DAG File Processing Stats

File Path                                                                                                                         PID    Runtime      # DAGs    # Errors  Last Runtime    Last Run
--------------------------------------------------------------------------------------------------------------------------------  -----  ---------  --------  ----------  --------------  -------------------
/home/airflow/.local/lib/python3.8/site-packages/airflow/example_dags/plugins/listener_plugin.py                                                           0           0  0.09s           2025-07-03T17:55:54
/home/airflow/.local/lib/python3.8/site-packages/airflow/example_dags/plugins/event_listener.py                                                            0           0  0.12s           2025-07-03T17:55:54
/home/airflow/.local/lib/python3.8/site-packages/airflow/example_dags/plugins/workday.py                                                                   0           0  0.61s           2025-07-03T17:55:45
/home/airflow/.local/lib/python3.8/site-packages/airflow/example_dags/subdags/subdag.py                                                                    0           0  0.05s           2025-07-03T17:55:54
/home/airflow/.local/lib/python3.8/site-packages/airflow/example_dags/example_python_operator.py                                                           1           0  0.19s           2025-07-03T17:55:53
/home/airflow/.local/lib/python3.8/site-packages/airflow/example_dags/example_branch_python_dop_operator_3.py                                              1           0  0.32s           2025-07-03T17:55:53
/home/airflow/.local/lib/python3.8/site-packages/airflow/example_dags/tutorial_dag.py                                                                      1           0  0.31s           2025-07-03T17:55:53
/home/airflow/.local/lib/python3.8/site-packages/airflow/example_dags/example_xcom.py                                                                      1           0  0.16s           2025-07-03T17:55:58
/home/airflow/.local/lib/python3.8/site-packages/airflow/example_dags/tutorial.py                                                                          1           0  0.16s           2025-07-03T17:55:58
/home/airflow/.local/lib/python3.8/site-packages/airflow/example_dags/tutorial_taskflow_api.py                                                             1           0  0.10s           2025-07-03T17:55:58
/home/airflow/.local/lib/python3.8/site-packages/airflow/example_dags/example_trigger_controller_dag.py                                                    1           0  0.14s           2025-07-03T17:55:58
/home/airflow/.local/lib/python3.8/site-packages/airflow/example_dags/example_params_ui_tutorial.py                                                        1           0  0.27s           2025-07-03T17:56:00
/home/airflow/.local/lib/python3.8/site-packages/airflow/example_dags/example_latest_only.py                                                               1           0  0.15s           2025-07-03T17:55:58
/home/airflow/.local/lib/python3.8/site-packages/airflow/example_dags/tutorial_objectstorage.py                                                            1           0  0.16s           2025-07-03T17:56:00
/home/airflow/.local/lib/python3.8/site-packages/airflow/example_dags/example_time_delta_sensor_async.py                                                   1           0  0.13s           2025-07-03T17:56:00
/home/airflow/.local/lib/python3.8/site-packages/airflow/example_dags/example_passing_params_via_test_command.py                                           1           0  0.29s           2025-07-03T17:56:02
/home/airflow/.local/lib/python3.8/site-packages/airflow/example_dags/example_nested_branch_dag.py                                                         1           0  0.18s           2025-07-03T17:56:01
/home/airflow/.local/lib/python3.8/site-packages/airflow/example_dags/example_dynamic_task_mapping_with_no_taskflow_operators.py                           1           0  0.21s           2025-07-03T17:56:02
/home/airflow/.local/lib/python3.8/site-packages/airflow/example_dags/example_params_trigger_ui.py                                                         1           0  0.29s           2025-07-03T17:56:04
/home/airflow/.local/lib/python3.8/site-packages/airflow/example_dags/example_sensors.py                                                                   1           0  0.12s           2025-07-03T17:56:04
/home/airflow/.local/lib/python3.8/site-packages/airflow/example_dags/example_task_group.py                                                                1           0  0.12s           2025-07-03T17:56:06
/home/airflow/.local/lib/python3.8/site-packages/airflow/example_dags/example_branch_operator_decorator.py                                                 1           0  0.52s           2025-07-03T17:56:08
/home/airflow/.local/lib/python3.8/site-packages/airflow/example_dags/example_local_kubernetes_executor.py                                                 1           0  0.17s           2025-07-03T17:56:07
/home/airflow/.local/lib/python3.8/site-packages/airflow/example_dags/example_setup_teardown_taskflow.py                                                   1           0  0.43s           2025-07-03T17:56:08
/home/airflow/.local/lib/python3.8/site-packages/airflow/example_dags/example_task_group_decorator.py                                                      1           0  0.13s           2025-07-03T17:55:44
/home/airflow/.local/lib/python3.8/site-packages/airflow/example_dags/example_dynamic_task_mapping.py                                                      1           0  0.14s           2025-07-03T17:55:44
/home/airflow/.local/lib/python3.8/site-packages/airflow/example_dags/example_short_circuit_decorator.py                                                   1           0  0.29s           2025-07-03T17:55:46
/home/airflow/.local/lib/python3.8/site-packages/airflow/example_dags/tutorial_taskflow_api_virtualenv.py                                                  1           0  0.25s           2025-07-03T17:55:46
/home/airflow/.local/lib/python3.8/site-packages/airflow/example_dags/example_bash_operator.py                                                             1           0  0.23s           2025-07-03T17:55:48
/home/airflow/.local/lib/python3.8/site-packages/airflow/example_dags/example_kubernetes_executor.py                                                       1           0  0.42s           2025-07-03T17:55:48
/home/airflow/.local/lib/python3.8/site-packages/airflow/example_dags/example_dag_decorator.py                                                             1           0  0.68s           2025-07-03T17:56:07
/home/airflow/.local/lib/python3.8/site-packages/airflow/example_dags/example_branch_labels.py                                                             1           0  0.31s           2025-07-03T17:55:48
/home/airflow/.local/lib/python3.8/site-packages/airflow/example_dags/example_short_circuit_operator.py                                                    1           0  0.23s           2025-07-03T17:55:50
/home/airflow/.local/lib/python3.8/site-packages/airflow/example_dags/example_python_decorator.py                                                          1           0  0.20s           2025-07-03T17:55:50
/home/airflow/.local/lib/python3.8/site-packages/airflow/example_dags/example_setup_teardown.py                                                            1           0  0.16s           2025-07-03T17:55:51
/home/airflow/.local/lib/python3.8/site-packages/airflow/example_dags/example_complex.py                                                                   1           0  0.18s           2025-07-03T17:55:51
/home/airflow/.local/lib/python3.8/site-packages/airflow/example_dags/example_branch_operator.py                                                           1           0  0.34s           2025-07-03T17:55:53
/home/airflow/.local/lib/python3.8/site-packages/airflow/example_dags/example_branch_day_of_week_operator.py                                               1           0  0.32s           2025-07-03T17:55:53
/home/airflow/.local/lib/python3.8/site-packages/airflow/example_dags/example_trigger_target_dag.py                                                        1           0  0.20s           2025-07-03T17:55:53
/home/airflow/.local/lib/python3.8/site-packages/airflow/example_dags/example_skip_dag.py                                                                  1           0  0.28s           2025-07-03T17:55:54
/home/airflow/.local/lib/python3.8/site-packages/airflow/example_dags/example_latest_only_with_trigger.py                                                  1           0  0.15s           2025-07-03T17:55:53
/home/airflow/.local/lib/python3.8/site-packages/airflow/example_dags/example_sla_dag.py                                                                   1           0  0.28s           2025-07-03T17:55:54
/home/airflow/.local/lib/python3.8/site-packages/airflow/example_dags/example_sensor_decorator.py                                                          1           0  0.24s           2025-07-03T17:55:54
/home/airflow/.local/lib/python3.8/site-packages/airflow/example_dags/example_xcomargs.py                                                                  2           0  0.33s           2025-07-03T17:56:03
/home/airflow/.local/lib/python3.8/site-packages/airflow/example_dags/example_external_task_marker_dag.py                                                  2           0  0.19s           2025-07-03T17:55:48
/home/airflow/.local/lib/python3.8/site-packages/airflow/example_dags/example_subdag_operator.py                                                           3           0  0.28s           2025-07-03T17:56:03
/home/airflow/.local/lib/python3.8/site-packages/airflow/example_dags/example_branch_datetime_operator.py                                                  3           0  0.32s           2025-07-03T17:56:11
/home/airflow/.local/lib/python3.8/site-packages/airflow/example_dags/example_datasets.py                                                                  6           0  0.18s           2025-07-03T17:55:44
================================================================================
[2025-07-03T17:56:42.578+0000] {manager.py:879} INFO - 
================================================================================
DAG File Processing Stats

File Path                                                                                                                           PID  Runtime      # DAGs    # Errors  Last Runtime    Last Run
--------------------------------------------------------------------------------------------------------------------------------  -----  ---------  --------  ----------  --------------  -------------------
/home/airflow/.local/lib/python3.8/site-packages/airflow/example_dags/plugins/listener_plugin.py                                                           0           0  0.10s           2025-07-03T17:56:25
/home/airflow/.local/lib/python3.8/site-packages/airflow/example_dags/plugins/event_listener.py                                                            0           0  0.09s           2025-07-03T17:56:25
/home/airflow/.local/lib/python3.8/site-packages/airflow/example_dags/plugins/workday.py                                                                   0           0  0.80s           2025-07-03T17:56:16
/home/airflow/.local/lib/python3.8/site-packages/airflow/example_dags/subdags/subdag.py                                                                    0           0  0.07s           2025-07-03T17:56:25
/home/airflow/.local/lib/python3.8/site-packages/airflow/example_dags/example_python_operator.py                                                           1           0  0.47s           2025-07-03T17:56:23
/home/airflow/.local/lib/python3.8/site-packages/airflow/example_dags/example_branch_python_dop_operator_3.py                                              1           0  0.32s           2025-07-03T17:56:24
/home/airflow/.local/lib/python3.8/site-packages/airflow/example_dags/tutorial_dag.py                                                                      1           0  0.43s           2025-07-03T17:56:23
/home/airflow/.local/lib/python3.8/site-packages/airflow/example_dags/example_xcom.py                                                                      1           0  0.32s           2025-07-03T17:56:29
/home/airflow/.local/lib/python3.8/site-packages/airflow/example_dags/tutorial.py                                                                          1           0  0.66s           2025-07-03T17:56:29
/home/airflow/.local/lib/python3.8/site-packages/airflow/example_dags/tutorial_taskflow_api.py                                                             1           0  0.71s           2025-07-03T17:56:30
/home/airflow/.local/lib/python3.8/site-packages/airflow/example_dags/example_trigger_controller_dag.py                                                    1           0  0.47s           2025-07-03T17:56:30
/home/airflow/.local/lib/python3.8/site-packages/airflow/example_dags/example_params_ui_tutorial.py                                                        1           0  0.84s           2025-07-03T17:56:31
/home/airflow/.local/lib/python3.8/site-packages/airflow/example_dags/example_latest_only.py                                                               1           0  0.56s           2025-07-03T17:56:30
/home/airflow/.local/lib/python3.8/site-packages/airflow/example_dags/tutorial_objectstorage.py                                                            1           0  0.40s           2025-07-03T17:56:31
/home/airflow/.local/lib/python3.8/site-packages/airflow/example_dags/example_time_delta_sensor_async.py                                                   1           0  0.32s           2025-07-03T17:56:31
/home/airflow/.local/lib/python3.8/site-packages/airflow/example_dags/example_passing_params_via_test_command.py                                           1           0  0.55s           2025-07-03T17:56:33
/home/airflow/.local/lib/python3.8/site-packages/airflow/example_dags/example_nested_branch_dag.py                                                         1           0  0.38s           2025-07-03T17:56:32
/home/airflow/.local/lib/python3.8/site-packages/airflow/example_dags/example_dynamic_task_mapping_with_no_taskflow_operators.py                           1           0  0.50s           2025-07-03T17:56:33
/home/airflow/.local/lib/python3.8/site-packages/airflow/example_dags/example_params_trigger_ui.py                                                         1           0  0.93s           2025-07-03T17:56:35
/home/airflow/.local/lib/python3.8/site-packages/airflow/example_dags/example_sensors.py                                                                   1           0  0.40s           2025-07-03T17:56:35
/home/airflow/.local/lib/python3.8/site-packages/airflow/example_dags/example_task_group.py                                                                1           0  0.30s           2025-07-03T17:56:36
/home/airflow/.local/lib/python3.8/site-packages/airflow/example_dags/example_branch_operator_decorator.py                                                 1           0  0.77s           2025-07-03T17:56:39
/home/airflow/.local/lib/python3.8/site-packages/airflow/example_dags/example_local_kubernetes_executor.py                                                 1           0  0.80s           2025-07-03T17:56:40
/home/airflow/.local/lib/python3.8/site-packages/airflow/example_dags/example_setup_teardown_taskflow.py                                                   1           0  0.80s           2025-07-03T17:56:40
/home/airflow/.local/lib/python3.8/site-packages/airflow/example_dags/example_task_group_decorator.py                                                      1           0  0.22s           2025-07-03T17:56:14
/home/airflow/.local/lib/python3.8/site-packages/airflow/example_dags/example_dynamic_task_mapping.py                                                      1           0  0.25s           2025-07-03T17:56:14
/home/airflow/.local/lib/python3.8/site-packages/airflow/example_dags/example_short_circuit_decorator.py                                                   1           0  0.33s           2025-07-03T17:56:17
/home/airflow/.local/lib/python3.8/site-packages/airflow/example_dags/tutorial_taskflow_api_virtualenv.py                                                  1           0  0.29s           2025-07-03T17:56:17
/home/airflow/.local/lib/python3.8/site-packages/airflow/example_dags/example_bash_operator.py                                                             1           0  0.37s           2025-07-03T17:56:18
/home/airflow/.local/lib/python3.8/site-packages/airflow/example_dags/example_kubernetes_executor.py                                                       1           0  0.38s           2025-07-03T17:56:19
/home/airflow/.local/lib/python3.8/site-packages/airflow/example_dags/example_dag_decorator.py                                                             1           0  1.79s           2025-07-03T17:56:39
/home/airflow/.local/lib/python3.8/site-packages/airflow/example_dags/example_branch_labels.py                                                             1           0  0.32s           2025-07-03T17:56:18
/home/airflow/.local/lib/python3.8/site-packages/airflow/example_dags/example_short_circuit_operator.py                                                    1           0  0.17s           2025-07-03T17:56:21
/home/airflow/.local/lib/python3.8/site-packages/airflow/example_dags/example_python_decorator.py                                                          1           0  0.16s           2025-07-03T17:56:21
/home/airflow/.local/lib/python3.8/site-packages/airflow/example_dags/example_setup_teardown.py                                                            1           0  0.30s           2025-07-03T17:56:22
/home/airflow/.local/lib/python3.8/site-packages/airflow/example_dags/example_complex.py                                                                   1           0  0.34s           2025-07-03T17:56:22
/home/airflow/.local/lib/python3.8/site-packages/airflow/example_dags/example_branch_operator.py                                                           1           0  0.32s           2025-07-03T17:56:24
/home/airflow/.local/lib/python3.8/site-packages/airflow/example_dags/example_branch_day_of_week_operator.py                                               1           0  0.18s           2025-07-03T17:56:24
/home/airflow/.local/lib/python3.8/site-packages/airflow/example_dags/example_trigger_target_dag.py                                                        1           0  0.16s           2025-07-03T17:56:24
/home/airflow/.local/lib/python3.8/site-packages/airflow/example_dags/example_skip_dag.py                                                                  1           0  0.26s           2025-07-03T17:56:24
/home/airflow/.local/lib/python3.8/site-packages/airflow/example_dags/example_latest_only_with_trigger.py                                                  1           0  0.32s           2025-07-03T17:56:24
/home/airflow/.local/lib/python3.8/site-packages/airflow/example_dags/example_sla_dag.py                                                                   1           0  0.24s           2025-07-03T17:56:25
/home/airflow/.local/lib/python3.8/site-packages/airflow/example_dags/example_sensor_decorator.py                                                          1           0  0.20s           2025-07-03T17:56:25
/home/airflow/.local/lib/python3.8/site-packages/airflow/example_dags/example_xcomargs.py                                                                  2           0  0.46s           2025-07-03T17:56:35
/home/airflow/.local/lib/python3.8/site-packages/airflow/example_dags/example_external_task_marker_dag.py                                                  2           0  0.27s           2025-07-03T17:56:19
/home/airflow/.local/lib/python3.8/site-packages/airflow/example_dags/example_subdag_operator.py                                                           3           0  0.72s           2025-07-03T17:56:34
/home/airflow/.local/lib/python3.8/site-packages/airflow/example_dags/example_branch_datetime_operator.py                          2883  0.25s             3           0  0.32s           2025-07-03T17:56:11
/home/airflow/.local/lib/python3.8/site-packages/airflow/example_dags/example_datasets.py                                                                  6           0  0.21s           2025-07-03T17:56:14
================================================================================
[2025-07-03T17:57:12.709+0000] {manager.py:879} INFO - 
================================================================================
DAG File Processing Stats

File Path                                                                                                                         PID    Runtime      # DAGs    # Errors  Last Runtime    Last Run
--------------------------------------------------------------------------------------------------------------------------------  -----  ---------  --------  ----------  --------------  -------------------
/home/airflow/.local/lib/python3.8/site-packages/airflow/example_dags/plugins/listener_plugin.py                                                           0           0  0.14s           2025-07-03T17:56:58
/home/airflow/.local/lib/python3.8/site-packages/airflow/example_dags/plugins/event_listener.py                                                            0           0  0.16s           2025-07-03T17:56:58
/home/airflow/.local/lib/python3.8/site-packages/airflow/example_dags/plugins/workday.py                                                                   0           0  2.63s           2025-07-03T17:56:49
/home/airflow/.local/lib/python3.8/site-packages/airflow/example_dags/subdags/subdag.py                                                                    0           0  0.19s           2025-07-03T17:56:58
/home/airflow/.local/lib/python3.8/site-packages/airflow/example_dags/example_python_operator.py                                                           1           0  0.44s           2025-07-03T17:56:54
/home/airflow/.local/lib/python3.8/site-packages/airflow/example_dags/example_branch_python_dop_operator_3.py                                              1           0  0.41s           2025-07-03T17:56:54
/home/airflow/.local/lib/python3.8/site-packages/airflow/example_dags/tutorial_dag.py                                                                      1           0  0.40s           2025-07-03T17:56:54
/home/airflow/.local/lib/python3.8/site-packages/airflow/example_dags/example_xcom.py                                                                      1           0  0.35s           2025-07-03T17:56:59
/home/airflow/.local/lib/python3.8/site-packages/airflow/example_dags/tutorial.py                                                                          1           0  0.48s           2025-07-03T17:57:00
/home/airflow/.local/lib/python3.8/site-packages/airflow/example_dags/tutorial_taskflow_api.py                                                             1           0  0.38s           2025-07-03T17:57:00
/home/airflow/.local/lib/python3.8/site-packages/airflow/example_dags/example_trigger_controller_dag.py                                                    1           0  0.32s           2025-07-03T17:57:01
/home/airflow/.local/lib/python3.8/site-packages/airflow/example_dags/example_params_ui_tutorial.py                                                        1           0  0.73s           2025-07-03T17:57:02
/home/airflow/.local/lib/python3.8/site-packages/airflow/example_dags/example_latest_only.py                                                               1           0  0.74s           2025-07-03T17:57:01
/home/airflow/.local/lib/python3.8/site-packages/airflow/example_dags/tutorial_objectstorage.py                                                            1           0  0.46s           2025-07-03T17:57:02
/home/airflow/.local/lib/python3.8/site-packages/airflow/example_dags/example_time_delta_sensor_async.py                                                   1           0  0.49s           2025-07-03T17:57:03
/home/airflow/.local/lib/python3.8/site-packages/airflow/example_dags/example_passing_params_via_test_command.py                                           1           0  0.77s           2025-07-03T17:57:04
/home/airflow/.local/lib/python3.8/site-packages/airflow/example_dags/example_nested_branch_dag.py                                                         1           0  0.35s           2025-07-03T17:57:03
/home/airflow/.local/lib/python3.8/site-packages/airflow/example_dags/example_dynamic_task_mapping_with_no_taskflow_operators.py                           1           0  0.66s           2025-07-03T17:57:04
/home/airflow/.local/lib/python3.8/site-packages/airflow/example_dags/example_params_trigger_ui.py                                                         1           0  0.91s           2025-07-03T17:57:06
/home/airflow/.local/lib/python3.8/site-packages/airflow/example_dags/example_sensors.py                                                                   1           0  0.47s           2025-07-03T17:57:06
/home/airflow/.local/lib/python3.8/site-packages/airflow/example_dags/example_task_group.py                                                                1           0  0.51s           2025-07-03T17:57:08
/home/airflow/.local/lib/python3.8/site-packages/airflow/example_dags/example_branch_operator_decorator.py                                                 1           0  0.88s           2025-07-03T17:57:10
/home/airflow/.local/lib/python3.8/site-packages/airflow/example_dags/example_local_kubernetes_executor.py                                                 1           0  0.49s           2025-07-03T17:57:11
/home/airflow/.local/lib/python3.8/site-packages/airflow/example_dags/example_setup_teardown_taskflow.py                                                   1           0  0.55s           2025-07-03T17:57:11
/home/airflow/.local/lib/python3.8/site-packages/airflow/example_dags/example_task_group_decorator.py                                                      1           0  0.59s           2025-07-03T17:56:46
/home/airflow/.local/lib/python3.8/site-packages/airflow/example_dags/example_dynamic_task_mapping.py                                                      1           0  0.46s           2025-07-03T17:56:46
/home/airflow/.local/lib/python3.8/site-packages/airflow/example_dags/example_short_circuit_decorator.py                                                   1           0  0.70s           2025-07-03T17:56:48
/home/airflow/.local/lib/python3.8/site-packages/airflow/example_dags/tutorial_taskflow_api_virtualenv.py                                                  1           0  0.49s           2025-07-03T17:56:49
/home/airflow/.local/lib/python3.8/site-packages/airflow/example_dags/example_bash_operator.py                                                             1           0  0.79s           2025-07-03T17:56:50
/home/airflow/.local/lib/python3.8/site-packages/airflow/example_dags/example_kubernetes_executor.py                                                       1           0  0.80s           2025-07-03T17:56:50
/home/airflow/.local/lib/python3.8/site-packages/airflow/example_dags/example_dag_decorator.py                                                             1           0  2.44s           2025-07-03T17:57:12
/home/airflow/.local/lib/python3.8/site-packages/airflow/example_dags/example_branch_labels.py                                                             1           0  0.81s           2025-07-03T17:56:50
/home/airflow/.local/lib/python3.8/site-packages/airflow/example_dags/example_short_circuit_operator.py                                                    1           0  0.71s           2025-07-03T17:56:52
/home/airflow/.local/lib/python3.8/site-packages/airflow/example_dags/example_python_decorator.py                                                          1           0  0.63s           2025-07-03T17:56:52
/home/airflow/.local/lib/python3.8/site-packages/airflow/example_dags/example_setup_teardown.py                                                            1           0  0.61s           2025-07-03T17:56:53
/home/airflow/.local/lib/python3.8/site-packages/airflow/example_dags/example_complex.py                                                                   1           0  0.66s           2025-07-03T17:56:53
/home/airflow/.local/lib/python3.8/site-packages/airflow/example_dags/example_branch_operator.py                                                           1           0  0.95s           2025-07-03T17:56:55
/home/airflow/.local/lib/python3.8/site-packages/airflow/example_dags/example_branch_day_of_week_operator.py                                               1           0  0.86s           2025-07-03T17:56:55
/home/airflow/.local/lib/python3.8/site-packages/airflow/example_dags/example_trigger_target_dag.py                                                        1           0  0.40s           2025-07-03T17:56:56
/home/airflow/.local/lib/python3.8/site-packages/airflow/example_dags/example_skip_dag.py                                                                  1           0  0.58s           2025-07-03T17:56:56
/home/airflow/.local/lib/python3.8/site-packages/airflow/example_dags/example_latest_only_with_trigger.py                                                  1           0  0.81s           2025-07-03T17:56:57
/home/airflow/.local/lib/python3.8/site-packages/airflow/example_dags/example_sla_dag.py                                                                   1           0  1.22s           2025-07-03T17:56:58
/home/airflow/.local/lib/python3.8/site-packages/airflow/example_dags/example_sensor_decorator.py                                                          1           0  0.96s           2025-07-03T17:56:58
/home/airflow/.local/lib/python3.8/site-packages/airflow/example_dags/example_xcomargs.py                                                                  2           0  0.52s           2025-07-03T17:57:06
/home/airflow/.local/lib/python3.8/site-packages/airflow/example_dags/example_external_task_marker_dag.py                                                  2           0  0.76s           2025-07-03T17:56:51
/home/airflow/.local/lib/python3.8/site-packages/airflow/example_dags/example_subdag_operator.py                                                           3           0  0.74s           2025-07-03T17:57:05
/home/airflow/.local/lib/python3.8/site-packages/airflow/example_dags/example_branch_datetime_operator.py                                                  3           0  0.60s           2025-07-03T17:56:42
/home/airflow/.local/lib/python3.8/site-packages/airflow/example_dags/example_datasets.py                                                                  6           0  0.70s           2025-07-03T17:56:45
================================================================================
[2025-07-03T17:57:43.013+0000] {manager.py:879} INFO - 
================================================================================
DAG File Processing Stats

File Path                                                                                                                           PID  Runtime      # DAGs    # Errors  Last Runtime    Last Run
--------------------------------------------------------------------------------------------------------------------------------  -----  ---------  --------  ----------  --------------  -------------------
/home/airflow/.local/lib/python3.8/site-packages/airflow/example_dags/plugins/listener_plugin.py                                                           0           0  0.36s           2025-07-03T17:57:29
/home/airflow/.local/lib/python3.8/site-packages/airflow/example_dags/plugins/event_listener.py                                                            0           0  0.29s           2025-07-03T17:57:29
/home/airflow/.local/lib/python3.8/site-packages/airflow/example_dags/plugins/workday.py                                                                   0           0  2.92s           2025-07-03T17:57:23
/home/airflow/.local/lib/python3.8/site-packages/airflow/example_dags/subdags/subdag.py                                                                    0           0  0.32s           2025-07-03T17:57:30
/home/airflow/.local/lib/python3.8/site-packages/airflow/example_dags/example_python_operator.py                                                           1           0  0.52s           2025-07-03T17:57:25
/home/airflow/.local/lib/python3.8/site-packages/airflow/example_dags/example_branch_python_dop_operator_3.py                                              1           0  0.69s           2025-07-03T17:57:26
/home/airflow/.local/lib/python3.8/site-packages/airflow/example_dags/tutorial_dag.py                                                                      1           0  0.85s           2025-07-03T17:57:26
/home/airflow/.local/lib/python3.8/site-packages/airflow/example_dags/example_xcom.py                                                                      1           0  0.67s           2025-07-03T17:57:30
/home/airflow/.local/lib/python3.8/site-packages/airflow/example_dags/tutorial.py                                                                          1           0  0.85s           2025-07-03T17:57:31
/home/airflow/.local/lib/python3.8/site-packages/airflow/example_dags/tutorial_taskflow_api.py                                                             1           0  0.60s           2025-07-03T17:57:31
/home/airflow/.local/lib/python3.8/site-packages/airflow/example_dags/example_trigger_controller_dag.py                                                    1           0  0.28s           2025-07-03T17:57:31
/home/airflow/.local/lib/python3.8/site-packages/airflow/example_dags/example_params_ui_tutorial.py                                                        1           0  1.08s           2025-07-03T17:57:34
/home/airflow/.local/lib/python3.8/site-packages/airflow/example_dags/example_latest_only.py                                                               1           0  0.24s           2025-07-03T17:57:32
/home/airflow/.local/lib/python3.8/site-packages/airflow/example_dags/tutorial_objectstorage.py                                                            1           0  0.54s           2025-07-03T17:57:33
/home/airflow/.local/lib/python3.8/site-packages/airflow/example_dags/example_time_delta_sensor_async.py                                                   1           0  0.58s           2025-07-03T17:57:34
/home/airflow/.local/lib/python3.8/site-packages/airflow/example_dags/example_passing_params_via_test_command.py                                           1           0  0.29s           2025-07-03T17:57:35
/home/airflow/.local/lib/python3.8/site-packages/airflow/example_dags/example_nested_branch_dag.py                                                         1           0  0.74s           2025-07-03T17:57:34
/home/airflow/.local/lib/python3.8/site-packages/airflow/example_dags/example_dynamic_task_mapping_with_no_taskflow_operators.py                           1           0  0.54s           2025-07-03T17:57:34
/home/airflow/.local/lib/python3.8/site-packages/airflow/example_dags/example_params_trigger_ui.py                                                         1           0  0.37s           2025-07-03T17:57:36
/home/airflow/.local/lib/python3.8/site-packages/airflow/example_dags/example_sensors.py                                                                   1           0  0.35s           2025-07-03T17:57:37
/home/airflow/.local/lib/python3.8/site-packages/airflow/example_dags/example_task_group.py                                                                1           0  0.31s           2025-07-03T17:57:38
/home/airflow/.local/lib/python3.8/site-packages/airflow/example_dags/example_branch_operator_decorator.py                                                 1           0  0.44s           2025-07-03T17:57:40
/home/airflow/.local/lib/python3.8/site-packages/airflow/example_dags/example_local_kubernetes_executor.py                                                 1           0  0.29s           2025-07-03T17:57:41
/home/airflow/.local/lib/python3.8/site-packages/airflow/example_dags/example_setup_teardown_taskflow.py                                                   1           0  0.34s           2025-07-03T17:57:42
/home/airflow/.local/lib/python3.8/site-packages/airflow/example_dags/example_task_group_decorator.py                                                      1           0  0.33s           2025-07-03T17:57:16
/home/airflow/.local/lib/python3.8/site-packages/airflow/example_dags/example_dynamic_task_mapping.py                                                      1           0  0.33s           2025-07-03T17:57:17
/home/airflow/.local/lib/python3.8/site-packages/airflow/example_dags/example_short_circuit_decorator.py                                                   1           0  0.27s           2025-07-03T17:57:19
/home/airflow/.local/lib/python3.8/site-packages/airflow/example_dags/tutorial_taskflow_api_virtualenv.py                                                  1           0  0.50s           2025-07-03T17:57:20
/home/airflow/.local/lib/python3.8/site-packages/airflow/example_dags/example_bash_operator.py                                                             1           0  0.78s           2025-07-03T17:57:21
/home/airflow/.local/lib/python3.8/site-packages/airflow/example_dags/example_kubernetes_executor.py                                                       1           0  0.54s           2025-07-03T17:57:21
/home/airflow/.local/lib/python3.8/site-packages/airflow/example_dags/example_dag_decorator.py                                     3002  0.70s             1           0  2.44s           2025-07-03T17:57:12
/home/airflow/.local/lib/python3.8/site-packages/airflow/example_dags/example_branch_labels.py                                                             1           0  0.51s           2025-07-03T17:57:22
/home/airflow/.local/lib/python3.8/site-packages/airflow/example_dags/example_short_circuit_operator.py                                                    1           0  0.76s           2025-07-03T17:57:23
/home/airflow/.local/lib/python3.8/site-packages/airflow/example_dags/example_python_decorator.py                                                          1           0  0.65s           2025-07-03T17:57:23
/home/airflow/.local/lib/python3.8/site-packages/airflow/example_dags/example_setup_teardown.py                                                            1           0  0.58s           2025-07-03T17:57:24
/home/airflow/.local/lib/python3.8/site-packages/airflow/example_dags/example_complex.py                                                                   1           0  0.63s           2025-07-03T17:57:24
/home/airflow/.local/lib/python3.8/site-packages/airflow/example_dags/example_branch_operator.py                                                           1           0  1.27s           2025-07-03T17:57:27
/home/airflow/.local/lib/python3.8/site-packages/airflow/example_dags/example_branch_day_of_week_operator.py                                               1           0  0.88s           2025-07-03T17:57:27
/home/airflow/.local/lib/python3.8/site-packages/airflow/example_dags/example_trigger_target_dag.py                                                        1           0  0.68s           2025-07-03T17:57:28
/home/airflow/.local/lib/python3.8/site-packages/airflow/example_dags/example_skip_dag.py                                                                  1           0  0.87s           2025-07-03T17:57:28
/home/airflow/.local/lib/python3.8/site-packages/airflow/example_dags/example_latest_only_with_trigger.py                                                  1           0  0.69s           2025-07-03T17:57:28
/home/airflow/.local/lib/python3.8/site-packages/airflow/example_dags/example_sla_dag.py                                                                   1           0  0.72s           2025-07-03T17:57:29
/home/airflow/.local/lib/python3.8/site-packages/airflow/example_dags/example_sensor_decorator.py                                                          1           0  0.59s           2025-07-03T17:57:29
/home/airflow/.local/lib/python3.8/site-packages/airflow/example_dags/example_xcomargs.py                                                                  2           0  0.34s           2025-07-03T17:57:37
/home/airflow/.local/lib/python3.8/site-packages/airflow/example_dags/example_external_task_marker_dag.py                                                  2           0  0.55s           2025-07-03T17:57:22
/home/airflow/.local/lib/python3.8/site-packages/airflow/example_dags/example_subdag_operator.py                                                           3           0  0.42s           2025-07-03T17:57:36
/home/airflow/.local/lib/python3.8/site-packages/airflow/example_dags/example_branch_datetime_operator.py                                                  3           0  0.43s           2025-07-03T17:57:13
/home/airflow/.local/lib/python3.8/site-packages/airflow/example_dags/example_datasets.py                                                                  6           0  0.41s           2025-07-03T17:57:16
================================================================================
[2025-07-03T17:58:13.328+0000] {manager.py:879} INFO - 
================================================================================
DAG File Processing Stats

File Path                                                                                                                           PID  Runtime      # DAGs    # Errors  Last Runtime    Last Run
--------------------------------------------------------------------------------------------------------------------------------  -----  ---------  --------  ----------  --------------  -------------------
/home/airflow/.local/lib/python3.8/site-packages/airflow/example_dags/plugins/listener_plugin.py                                                           0           0  0.23s           2025-07-03T17:58:00
/home/airflow/.local/lib/python3.8/site-packages/airflow/example_dags/plugins/event_listener.py                                                            0           0  0.12s           2025-07-03T17:58:00
/home/airflow/.local/lib/python3.8/site-packages/airflow/example_dags/plugins/workday.py                                                                   0           0  1.08s           2025-07-03T17:57:54
/home/airflow/.local/lib/python3.8/site-packages/airflow/example_dags/subdags/subdag.py                                                                    0           0  0.15s           2025-07-03T17:58:00
/home/airflow/.local/lib/python3.8/site-packages/airflow/example_dags/example_python_operator.py                                                           1           0  0.27s           2025-07-03T17:57:56
/home/airflow/.local/lib/python3.8/site-packages/airflow/example_dags/example_branch_python_dop_operator_3.py                                              1           0  0.30s           2025-07-03T17:57:56
/home/airflow/.local/lib/python3.8/site-packages/airflow/example_dags/tutorial_dag.py                                                                      1           0  0.34s           2025-07-03T17:57:57
/home/airflow/.local/lib/python3.8/site-packages/airflow/example_dags/example_xcom.py                                                                      1           0  0.57s           2025-07-03T17:58:01
/home/airflow/.local/lib/python3.8/site-packages/airflow/example_dags/tutorial.py                                                                          1           0  0.98s           2025-07-03T17:58:02
/home/airflow/.local/lib/python3.8/site-packages/airflow/example_dags/tutorial_taskflow_api.py                                                             1           0  0.81s           2025-07-03T17:58:02
/home/airflow/.local/lib/python3.8/site-packages/airflow/example_dags/example_trigger_controller_dag.py                                                    1           0  0.70s           2025-07-03T17:58:03
/home/airflow/.local/lib/python3.8/site-packages/airflow/example_dags/example_params_ui_tutorial.py                                                        1           0  1.25s           2025-07-03T17:58:05
/home/airflow/.local/lib/python3.8/site-packages/airflow/example_dags/example_latest_only.py                                                               1           0  0.76s           2025-07-03T17:58:03
/home/airflow/.local/lib/python3.8/site-packages/airflow/example_dags/tutorial_objectstorage.py                                                            1           0  0.41s           2025-07-03T17:58:04
/home/airflow/.local/lib/python3.8/site-packages/airflow/example_dags/example_time_delta_sensor_async.py                                                   1           0  0.79s           2025-07-03T17:58:05
/home/airflow/.local/lib/python3.8/site-packages/airflow/example_dags/example_passing_params_via_test_command.py                                           1           0  0.82s           2025-07-03T17:58:06
/home/airflow/.local/lib/python3.8/site-packages/airflow/example_dags/example_nested_branch_dag.py                                                         1           0  0.71s           2025-07-03T17:58:06
/home/airflow/.local/lib/python3.8/site-packages/airflow/example_dags/example_dynamic_task_mapping_with_no_taskflow_operators.py                           1           0  0.66s           2025-07-03T17:58:06
/home/airflow/.local/lib/python3.8/site-packages/airflow/example_dags/example_params_trigger_ui.py                                                         1           0  1.28s           2025-07-03T17:58:08
/home/airflow/.local/lib/python3.8/site-packages/airflow/example_dags/example_sensors.py                                                                   1           0  0.40s           2025-07-03T17:58:09
/home/airflow/.local/lib/python3.8/site-packages/airflow/example_dags/example_task_group.py                                                                1           0  0.47s           2025-07-03T17:58:09
/home/airflow/.local/lib/python3.8/site-packages/airflow/example_dags/example_branch_operator_decorator.py                                                 1           0  1.01s           2025-07-03T17:58:12
/home/airflow/.local/lib/python3.8/site-packages/airflow/example_dags/example_local_kubernetes_executor.py                                                 1           0  0.35s           2025-07-03T17:58:12
/home/airflow/.local/lib/python3.8/site-packages/airflow/example_dags/example_setup_teardown_taskflow.py                           3059  0.71s             1           0  0.34s           2025-07-03T17:57:42
/home/airflow/.local/lib/python3.8/site-packages/airflow/example_dags/example_task_group_decorator.py                                                      1           0  0.58s           2025-07-03T17:57:47
/home/airflow/.local/lib/python3.8/site-packages/airflow/example_dags/example_dynamic_task_mapping.py                                                      1           0  0.46s           2025-07-03T17:57:47
/home/airflow/.local/lib/python3.8/site-packages/airflow/example_dags/example_short_circuit_decorator.py                                                   1           0  0.33s           2025-07-03T17:57:49
/home/airflow/.local/lib/python3.8/site-packages/airflow/example_dags/tutorial_taskflow_api_virtualenv.py                                                  1           0  0.26s           2025-07-03T17:57:50
/home/airflow/.local/lib/python3.8/site-packages/airflow/example_dags/example_bash_operator.py                                                             1           0  0.44s           2025-07-03T17:57:52
/home/airflow/.local/lib/python3.8/site-packages/airflow/example_dags/example_kubernetes_executor.py                                                       1           0  0.32s           2025-07-03T17:57:52
/home/airflow/.local/lib/python3.8/site-packages/airflow/example_dags/example_dag_decorator.py                                                             1           0  1.89s           2025-07-03T17:57:44
/home/airflow/.local/lib/python3.8/site-packages/airflow/example_dags/example_branch_labels.py                                                             1           0  0.21s           2025-07-03T17:57:52
/home/airflow/.local/lib/python3.8/site-packages/airflow/example_dags/example_short_circuit_operator.py                                                    1           0  0.49s           2025-07-03T17:57:55
/home/airflow/.local/lib/python3.8/site-packages/airflow/example_dags/example_python_decorator.py                                                          1           0  0.47s           2025-07-03T17:57:55
/home/airflow/.local/lib/python3.8/site-packages/airflow/example_dags/example_setup_teardown.py                                                            1           0  0.36s           2025-07-03T17:57:55
/home/airflow/.local/lib/python3.8/site-packages/airflow/example_dags/example_complex.py                                                                   1           0  0.35s           2025-07-03T17:57:55
/home/airflow/.local/lib/python3.8/site-packages/airflow/example_dags/example_branch_operator.py                                                           1           0  0.64s           2025-07-03T17:57:58
/home/airflow/.local/lib/python3.8/site-packages/airflow/example_dags/example_branch_day_of_week_operator.py                                               1           0  0.51s           2025-07-03T17:57:58
/home/airflow/.local/lib/python3.8/site-packages/airflow/example_dags/example_trigger_target_dag.py                                                        1           0  0.27s           2025-07-03T17:57:58
/home/airflow/.local/lib/python3.8/site-packages/airflow/example_dags/example_skip_dag.py                                                                  1           0  0.29s           2025-07-03T17:57:58
/home/airflow/.local/lib/python3.8/site-packages/airflow/example_dags/example_latest_only_with_trigger.py                                                  1           0  0.27s           2025-07-03T17:57:59
/home/airflow/.local/lib/python3.8/site-packages/airflow/example_dags/example_sla_dag.py                                                                   1           0  0.64s           2025-07-03T17:58:00
/home/airflow/.local/lib/python3.8/site-packages/airflow/example_dags/example_sensor_decorator.py                                                          1           0  0.63s           2025-07-03T17:58:00
/home/airflow/.local/lib/python3.8/site-packages/airflow/example_dags/example_xcomargs.py                                                                  2           0  0.59s           2025-07-03T17:58:08
/home/airflow/.local/lib/python3.8/site-packages/airflow/example_dags/example_external_task_marker_dag.py                                                  2           0  0.23s           2025-07-03T17:57:53
/home/airflow/.local/lib/python3.8/site-packages/airflow/example_dags/example_subdag_operator.py                                                           3           0  1.29s           2025-07-03T17:58:08
/home/airflow/.local/lib/python3.8/site-packages/airflow/example_dags/example_branch_datetime_operator.py                                                  3           0  0.73s           2025-07-03T17:57:44
/home/airflow/.local/lib/python3.8/site-packages/airflow/example_dags/example_datasets.py                                                                  6           0  0.80s           2025-07-03T17:57:47
================================================================================
[2025-07-03T17:58:43.499+0000] {manager.py:879} INFO - 
================================================================================
DAG File Processing Stats

File Path                                                                                                                           PID  Runtime      # DAGs    # Errors  Last Runtime    Last Run
--------------------------------------------------------------------------------------------------------------------------------  -----  ---------  --------  ----------  --------------  -------------------
/home/airflow/.local/lib/python3.8/site-packages/airflow/example_dags/plugins/listener_plugin.py                                                           0           0  0.05s           2025-07-03T17:58:30
/home/airflow/.local/lib/python3.8/site-packages/airflow/example_dags/plugins/event_listener.py                                                            0           0  0.05s           2025-07-03T17:58:30
/home/airflow/.local/lib/python3.8/site-packages/airflow/example_dags/plugins/workday.py                                                                   0           0  2.06s           2025-07-03T17:58:26
/home/airflow/.local/lib/python3.8/site-packages/airflow/example_dags/subdags/subdag.py                                                                    0           0  0.06s           2025-07-03T17:58:31
/home/airflow/.local/lib/python3.8/site-packages/airflow/example_dags/example_python_operator.py                                                           1           0  0.47s           2025-07-03T17:58:27
/home/airflow/.local/lib/python3.8/site-packages/airflow/example_dags/example_branch_python_dop_operator_3.py                                              1           0  0.54s           2025-07-03T17:58:27
/home/airflow/.local/lib/python3.8/site-packages/airflow/example_dags/tutorial_dag.py                                                                      1           0  0.35s           2025-07-03T17:58:28
/home/airflow/.local/lib/python3.8/site-packages/airflow/example_dags/example_xcom.py                                                                      1           0  0.14s           2025-07-03T17:58:31
/home/airflow/.local/lib/python3.8/site-packages/airflow/example_dags/tutorial.py                                                                          1           0  0.22s           2025-07-03T17:58:33
/home/airflow/.local/lib/python3.8/site-packages/airflow/example_dags/tutorial_taskflow_api.py                                                             1           0  0.21s           2025-07-03T17:58:33
/home/airflow/.local/lib/python3.8/site-packages/airflow/example_dags/example_trigger_controller_dag.py                                                    1           0  0.26s           2025-07-03T17:58:34
/home/airflow/.local/lib/python3.8/site-packages/airflow/example_dags/example_params_ui_tutorial.py                                                        1           0  0.27s           2025-07-03T17:58:35
/home/airflow/.local/lib/python3.8/site-packages/airflow/example_dags/example_latest_only.py                                                               1           0  0.28s           2025-07-03T17:58:34
/home/airflow/.local/lib/python3.8/site-packages/airflow/example_dags/tutorial_objectstorage.py                                                            1           0  0.13s           2025-07-03T17:58:34
/home/airflow/.local/lib/python3.8/site-packages/airflow/example_dags/example_time_delta_sensor_async.py                                                   1           0  0.18s           2025-07-03T17:58:35
/home/airflow/.local/lib/python3.8/site-packages/airflow/example_dags/example_passing_params_via_test_command.py                                           1           0  0.18s           2025-07-03T17:58:36
/home/airflow/.local/lib/python3.8/site-packages/airflow/example_dags/example_nested_branch_dag.py                                                         1           0  0.12s           2025-07-03T17:58:37
/home/airflow/.local/lib/python3.8/site-packages/airflow/example_dags/example_dynamic_task_mapping_with_no_taskflow_operators.py                           1           0  0.16s           2025-07-03T17:58:36
/home/airflow/.local/lib/python3.8/site-packages/airflow/example_dags/example_params_trigger_ui.py                                                         1           0  0.58s           2025-07-03T17:58:39
/home/airflow/.local/lib/python3.8/site-packages/airflow/example_dags/example_sensors.py                                                                   1           0  0.42s           2025-07-03T17:58:39
/home/airflow/.local/lib/python3.8/site-packages/airflow/example_dags/example_task_group.py                                                                1           0  0.38s           2025-07-03T17:58:40
/home/airflow/.local/lib/python3.8/site-packages/airflow/example_dags/example_branch_operator_decorator.py                         3122  0.43s             1           0  1.01s           2025-07-03T17:58:12
/home/airflow/.local/lib/python3.8/site-packages/airflow/example_dags/example_local_kubernetes_executor.py                                                 1           0  0.41s           2025-07-03T17:58:43
/home/airflow/.local/lib/python3.8/site-packages/airflow/example_dags/example_setup_teardown_taskflow.py                                                   1           0  0.94s           2025-07-03T17:58:13
/home/airflow/.local/lib/python3.8/site-packages/airflow/example_dags/example_task_group_decorator.py                                                      1           0  0.29s           2025-07-03T17:58:18
/home/airflow/.local/lib/python3.8/site-packages/airflow/example_dags/example_dynamic_task_mapping.py                                                      1           0  0.19s           2025-07-03T17:58:18
/home/airflow/.local/lib/python3.8/site-packages/airflow/example_dags/example_short_circuit_decorator.py                                                   1           0  0.18s           2025-07-03T17:58:20
/home/airflow/.local/lib/python3.8/site-packages/airflow/example_dags/tutorial_taskflow_api_virtualenv.py                                                  1           0  0.26s           2025-07-03T17:58:21
/home/airflow/.local/lib/python3.8/site-packages/airflow/example_dags/example_bash_operator.py                                                             1           0  0.71s           2025-07-03T17:58:23
/home/airflow/.local/lib/python3.8/site-packages/airflow/example_dags/example_kubernetes_executor.py                                                       1           0  0.65s           2025-07-03T17:58:23
/home/airflow/.local/lib/python3.8/site-packages/airflow/example_dags/example_dag_decorator.py                                                             1           0  0.58s           2025-07-03T17:58:14
/home/airflow/.local/lib/python3.8/site-packages/airflow/example_dags/example_branch_labels.py                                                             1           0  0.29s           2025-07-03T17:58:23
/home/airflow/.local/lib/python3.8/site-packages/airflow/example_dags/example_short_circuit_operator.py                                                    1           0  0.49s           2025-07-03T17:58:26
/home/airflow/.local/lib/python3.8/site-packages/airflow/example_dags/example_python_decorator.py                                                          1           0  0.57s           2025-07-03T17:58:26
/home/airflow/.local/lib/python3.8/site-packages/airflow/example_dags/example_setup_teardown.py                                                            1           0  0.29s           2025-07-03T17:58:27
/home/airflow/.local/lib/python3.8/site-packages/airflow/example_dags/example_complex.py                                                                   1           0  0.25s           2025-07-03T17:58:27
/home/airflow/.local/lib/python3.8/site-packages/airflow/example_dags/example_branch_operator.py                                                           1           0  0.22s           2025-07-03T17:58:28
/home/airflow/.local/lib/python3.8/site-packages/airflow/example_dags/example_branch_day_of_week_operator.py                                               1           0  0.15s           2025-07-03T17:58:28
/home/airflow/.local/lib/python3.8/site-packages/airflow/example_dags/example_trigger_target_dag.py                                                        1           0  0.17s           2025-07-03T17:58:28
/home/airflow/.local/lib/python3.8/site-packages/airflow/example_dags/example_skip_dag.py                                                                  1           0  0.16s           2025-07-03T17:58:29
/home/airflow/.local/lib/python3.8/site-packages/airflow/example_dags/example_latest_only_with_trigger.py                                                  1           0  0.15s           2025-07-03T17:58:29
/home/airflow/.local/lib/python3.8/site-packages/airflow/example_dags/example_sla_dag.py                                                                   1           0  0.15s           2025-07-03T17:58:30
/home/airflow/.local/lib/python3.8/site-packages/airflow/example_dags/example_sensor_decorator.py                                                          1           0  0.13s           2025-07-03T17:58:30
/home/airflow/.local/lib/python3.8/site-packages/airflow/example_dags/example_xcomargs.py                                                                  2           0  0.31s           2025-07-03T17:58:39
/home/airflow/.local/lib/python3.8/site-packages/airflow/example_dags/example_external_task_marker_dag.py                                                  2           0  0.29s           2025-07-03T17:58:23
/home/airflow/.local/lib/python3.8/site-packages/airflow/example_dags/example_subdag_operator.py                                                           3           0  0.48s           2025-07-03T17:58:39
/home/airflow/.local/lib/python3.8/site-packages/airflow/example_dags/example_branch_datetime_operator.py                                                  3           0  0.31s           2025-07-03T17:58:15
/home/airflow/.local/lib/python3.8/site-packages/airflow/example_dags/example_datasets.py                                                                  6           0  0.26s           2025-07-03T17:58:17
================================================================================
[2025-07-03T17:59:13.687+0000] {manager.py:879} INFO - 
================================================================================
DAG File Processing Stats

File Path                                                                                                                           PID  Runtime      # DAGs    # Errors  Last Runtime    Last Run
--------------------------------------------------------------------------------------------------------------------------------  -----  ---------  --------  ----------  --------------  -------------------
/home/airflow/.local/lib/python3.8/site-packages/airflow/example_dags/plugins/listener_plugin.py                                                           0           0  0.17s           2025-07-03T17:59:01
/home/airflow/.local/lib/python3.8/site-packages/airflow/example_dags/plugins/event_listener.py                                                            0           0  0.07s           2025-07-03T17:59:01
/home/airflow/.local/lib/python3.8/site-packages/airflow/example_dags/plugins/workday.py                                                                   0           0  2.71s           2025-07-03T17:59:00
/home/airflow/.local/lib/python3.8/site-packages/airflow/example_dags/subdags/subdag.py                                                                    0           0  0.19s           2025-07-03T17:59:02
/home/airflow/.local/lib/python3.8/site-packages/airflow/example_dags/example_python_operator.py                                                           1           0  0.64s           2025-07-03T17:58:59
/home/airflow/.local/lib/python3.8/site-packages/airflow/example_dags/example_branch_python_dop_operator_3.py                                              1           0  0.64s           2025-07-03T17:59:00
/home/airflow/.local/lib/python3.8/site-packages/airflow/example_dags/tutorial_dag.py                                                                      1           0  0.38s           2025-07-03T17:59:00
/home/airflow/.local/lib/python3.8/site-packages/airflow/example_dags/example_xcom.py                                                                      1           0  0.35s           2025-07-03T17:59:03
/home/airflow/.local/lib/python3.8/site-packages/airflow/example_dags/tutorial.py                                                                          1           0  0.26s           2025-07-03T17:59:04
/home/airflow/.local/lib/python3.8/site-packages/airflow/example_dags/tutorial_taskflow_api.py                                                             1           0  0.31s           2025-07-03T17:59:04
/home/airflow/.local/lib/python3.8/site-packages/airflow/example_dags/example_trigger_controller_dag.py                                                    1           0  0.23s           2025-07-03T17:59:04
/home/airflow/.local/lib/python3.8/site-packages/airflow/example_dags/example_params_ui_tutorial.py                                                        1           0  0.24s           2025-07-03T17:59:06
/home/airflow/.local/lib/python3.8/site-packages/airflow/example_dags/example_latest_only.py                                                               1           0  0.20s           2025-07-03T17:59:04
/home/airflow/.local/lib/python3.8/site-packages/airflow/example_dags/tutorial_objectstorage.py                                                            1           0  0.14s           2025-07-03T17:59:04
/home/airflow/.local/lib/python3.8/site-packages/airflow/example_dags/example_time_delta_sensor_async.py                                                   1           0  0.14s           2025-07-03T17:59:06
/home/airflow/.local/lib/python3.8/site-packages/airflow/example_dags/example_passing_params_via_test_command.py                                           1           0  0.17s           2025-07-03T17:59:07
/home/airflow/.local/lib/python3.8/site-packages/airflow/example_dags/example_nested_branch_dag.py                                                         1           0  0.17s           2025-07-03T17:59:07
/home/airflow/.local/lib/python3.8/site-packages/airflow/example_dags/example_dynamic_task_mapping_with_no_taskflow_operators.py                           1           0  0.11s           2025-07-03T17:59:07
/home/airflow/.local/lib/python3.8/site-packages/airflow/example_dags/example_params_trigger_ui.py                                                         1           0  0.23s           2025-07-03T17:59:10
/home/airflow/.local/lib/python3.8/site-packages/airflow/example_dags/example_sensors.py                                                                   1           0  0.24s           2025-07-03T17:59:10
/home/airflow/.local/lib/python3.8/site-packages/airflow/example_dags/example_task_group.py                                                                1           0  0.15s           2025-07-03T17:59:10
/home/airflow/.local/lib/python3.8/site-packages/airflow/example_dags/example_branch_operator_decorator.py                         3187  0.03s             1           0  0.55s           2025-07-03T17:58:43
/home/airflow/.local/lib/python3.8/site-packages/airflow/example_dags/example_local_kubernetes_executor.py                         3188  0.02s             1           0  0.41s           2025-07-03T17:58:43
/home/airflow/.local/lib/python3.8/site-packages/airflow/example_dags/example_setup_teardown_taskflow.py                                                   1           0  0.20s           2025-07-03T17:58:43
/home/airflow/.local/lib/python3.8/site-packages/airflow/example_dags/example_task_group_decorator.py                                                      1           0  0.33s           2025-07-03T17:58:49
/home/airflow/.local/lib/python3.8/site-packages/airflow/example_dags/example_dynamic_task_mapping.py                                                      1           0  0.26s           2025-07-03T17:58:49
/home/airflow/.local/lib/python3.8/site-packages/airflow/example_dags/example_short_circuit_decorator.py                                                   1           0  0.14s           2025-07-03T17:58:51
/home/airflow/.local/lib/python3.8/site-packages/airflow/example_dags/tutorial_taskflow_api_virtualenv.py                                                  1           0  0.18s           2025-07-03T17:58:52
/home/airflow/.local/lib/python3.8/site-packages/airflow/example_dags/example_bash_operator.py                                                             1           0  0.78s           2025-07-03T17:58:54
/home/airflow/.local/lib/python3.8/site-packages/airflow/example_dags/example_kubernetes_executor.py                                                       1           0  0.41s           2025-07-03T17:58:54
/home/airflow/.local/lib/python3.8/site-packages/airflow/example_dags/example_dag_decorator.py                                                             1           0  0.55s           2025-07-03T17:58:46
/home/airflow/.local/lib/python3.8/site-packages/airflow/example_dags/example_branch_labels.py                                                             1           0  0.60s           2025-07-03T17:58:54
/home/airflow/.local/lib/python3.8/site-packages/airflow/example_dags/example_short_circuit_operator.py                                                    1           0  0.79s           2025-07-03T17:58:57
/home/airflow/.local/lib/python3.8/site-packages/airflow/example_dags/example_python_decorator.py                                                          1           0  0.60s           2025-07-03T17:58:57
/home/airflow/.local/lib/python3.8/site-packages/airflow/example_dags/example_setup_teardown.py                                                            1           0  0.50s           2025-07-03T17:58:58
/home/airflow/.local/lib/python3.8/site-packages/airflow/example_dags/example_complex.py                                                                   1           0  0.60s           2025-07-03T17:58:58
/home/airflow/.local/lib/python3.8/site-packages/airflow/example_dags/example_branch_operator.py                                                           1           0  0.25s           2025-07-03T17:59:00
/home/airflow/.local/lib/python3.8/site-packages/airflow/example_dags/example_branch_day_of_week_operator.py                                               1           0  0.28s           2025-07-03T17:59:00
/home/airflow/.local/lib/python3.8/site-packages/airflow/example_dags/example_trigger_target_dag.py                                                        1           0  0.17s           2025-07-03T17:59:00
/home/airflow/.local/lib/python3.8/site-packages/airflow/example_dags/example_skip_dag.py                                                                  1           0  0.27s           2025-07-03T17:59:00
/home/airflow/.local/lib/python3.8/site-packages/airflow/example_dags/example_latest_only_with_trigger.py                                                  1           0  0.44s           2025-07-03T17:59:01
/home/airflow/.local/lib/python3.8/site-packages/airflow/example_dags/example_sla_dag.py                                                                   1           0  0.51s           2025-07-03T17:59:01
/home/airflow/.local/lib/python3.8/site-packages/airflow/example_dags/example_sensor_decorator.py                                                          1           0  0.49s           2025-07-03T17:59:01
/home/airflow/.local/lib/python3.8/site-packages/airflow/example_dags/example_xcomargs.py                                                                  2           0  0.29s           2025-07-03T17:59:10
/home/airflow/.local/lib/python3.8/site-packages/airflow/example_dags/example_external_task_marker_dag.py                                                  2           0  0.57s           2025-07-03T17:58:54
/home/airflow/.local/lib/python3.8/site-packages/airflow/example_dags/example_subdag_operator.py                                                           3           0  0.20s           2025-07-03T17:59:10
/home/airflow/.local/lib/python3.8/site-packages/airflow/example_dags/example_branch_datetime_operator.py                                                  3           0  0.19s           2025-07-03T17:58:45
/home/airflow/.local/lib/python3.8/site-packages/airflow/example_dags/example_datasets.py                                                                  6           0  0.41s           2025-07-03T17:58:48
================================================================================
[2025-07-03T17:59:44.172+0000] {manager.py:879} INFO - 
================================================================================
DAG File Processing Stats

File Path                                                                                                                         PID    Runtime      # DAGs    # Errors  Last Runtime    Last Run
--------------------------------------------------------------------------------------------------------------------------------  -----  ---------  --------  ----------  --------------  -------------------
/home/airflow/.local/lib/python3.8/site-packages/airflow/example_dags/plugins/listener_plugin.py                                                           0           0  0.11s           2025-07-03T17:59:32
/home/airflow/.local/lib/python3.8/site-packages/airflow/example_dags/plugins/event_listener.py                                                            0           0  0.14s           2025-07-03T17:59:32
/home/airflow/.local/lib/python3.8/site-packages/airflow/example_dags/plugins/workday.py                                                                   0           0  1.78s           2025-07-03T17:59:32
/home/airflow/.local/lib/python3.8/site-packages/airflow/example_dags/subdags/subdag.py                                                                    0           0  0.24s           2025-07-03T17:59:34
/home/airflow/.local/lib/python3.8/site-packages/airflow/example_dags/example_python_operator.py                                                           1           0  0.26s           2025-07-03T17:59:30
/home/airflow/.local/lib/python3.8/site-packages/airflow/example_dags/example_branch_python_dop_operator_3.py                                              1           0  0.28s           2025-07-03T17:59:30
/home/airflow/.local/lib/python3.8/site-packages/airflow/example_dags/tutorial_dag.py                                                                      1           0  0.24s           2025-07-03T17:59:30
/home/airflow/.local/lib/python3.8/site-packages/airflow/example_dags/example_xcom.py                                                                      1           0  0.39s           2025-07-03T17:59:34
/home/airflow/.local/lib/python3.8/site-packages/airflow/example_dags/tutorial.py                                                                          1           0  0.16s           2025-07-03T17:59:34
/home/airflow/.local/lib/python3.8/site-packages/airflow/example_dags/tutorial_taskflow_api.py                                                             1           0  0.12s           2025-07-03T17:59:34
/home/airflow/.local/lib/python3.8/site-packages/airflow/example_dags/example_trigger_controller_dag.py                                                    1           0  0.20s           2025-07-03T17:59:34
/home/airflow/.local/lib/python3.8/site-packages/airflow/example_dags/example_params_ui_tutorial.py                                                        1           0  0.40s           2025-07-03T17:59:37
/home/airflow/.local/lib/python3.8/site-packages/airflow/example_dags/example_latest_only.py                                                               1           0  0.27s           2025-07-03T17:59:34
/home/airflow/.local/lib/python3.8/site-packages/airflow/example_dags/tutorial_objectstorage.py                                                            1           0  0.23s           2025-07-03T17:59:35
/home/airflow/.local/lib/python3.8/site-packages/airflow/example_dags/example_time_delta_sensor_async.py                                                   1           0  0.25s           2025-07-03T17:59:37
/home/airflow/.local/lib/python3.8/site-packages/airflow/example_dags/example_passing_params_via_test_command.py                                           1           0  0.17s           2025-07-03T17:59:38
/home/airflow/.local/lib/python3.8/site-packages/airflow/example_dags/example_nested_branch_dag.py                                                         1           0  0.16s           2025-07-03T17:59:38
/home/airflow/.local/lib/python3.8/site-packages/airflow/example_dags/example_dynamic_task_mapping_with_no_taskflow_operators.py                           1           0  0.11s           2025-07-03T17:59:38
/home/airflow/.local/lib/python3.8/site-packages/airflow/example_dags/example_params_trigger_ui.py                                                         1           0  0.48s           2025-07-03T17:59:40
/home/airflow/.local/lib/python3.8/site-packages/airflow/example_dags/example_sensors.py                                                                   1           0  0.23s           2025-07-03T17:59:41
/home/airflow/.local/lib/python3.8/site-packages/airflow/example_dags/example_task_group.py                                                                1           0  0.17s           2025-07-03T17:59:41
/home/airflow/.local/lib/python3.8/site-packages/airflow/example_dags/example_branch_operator_decorator.py                                                 1           0  0.80s           2025-07-03T17:59:14
/home/airflow/.local/lib/python3.8/site-packages/airflow/example_dags/example_local_kubernetes_executor.py                                                 1           0  0.60s           2025-07-03T17:59:14
/home/airflow/.local/lib/python3.8/site-packages/airflow/example_dags/example_setup_teardown_taskflow.py                                                   1           0  0.44s           2025-07-03T17:59:14
/home/airflow/.local/lib/python3.8/site-packages/airflow/example_dags/example_task_group_decorator.py                                                      1           0  0.31s           2025-07-03T17:59:20
/home/airflow/.local/lib/python3.8/site-packages/airflow/example_dags/example_dynamic_task_mapping.py                                                      1           0  0.32s           2025-07-03T17:59:20
/home/airflow/.local/lib/python3.8/site-packages/airflow/example_dags/example_short_circuit_decorator.py                                                   1           0  0.14s           2025-07-03T17:59:22
/home/airflow/.local/lib/python3.8/site-packages/airflow/example_dags/tutorial_taskflow_api_virtualenv.py                                                  1           0  0.16s           2025-07-03T17:59:23
/home/airflow/.local/lib/python3.8/site-packages/airflow/example_dags/example_bash_operator.py                                                             1           0  0.39s           2025-07-03T17:59:25
/home/airflow/.local/lib/python3.8/site-packages/airflow/example_dags/example_kubernetes_executor.py                                                       1           0  0.32s           2025-07-03T17:59:24
/home/airflow/.local/lib/python3.8/site-packages/airflow/example_dags/example_dag_decorator.py                                                             1           0  1.43s           2025-07-03T17:59:17
/home/airflow/.local/lib/python3.8/site-packages/airflow/example_dags/example_branch_labels.py                                                             1           0  0.18s           2025-07-03T17:59:24
/home/airflow/.local/lib/python3.8/site-packages/airflow/example_dags/example_short_circuit_operator.py                                                    1           0  1.24s           2025-07-03T17:59:29
/home/airflow/.local/lib/python3.8/site-packages/airflow/example_dags/example_python_decorator.py                                                          1           0  1.16s           2025-07-03T17:59:29
/home/airflow/.local/lib/python3.8/site-packages/airflow/example_dags/example_setup_teardown.py                                                            1           0  0.98s           2025-07-03T17:59:30
/home/airflow/.local/lib/python3.8/site-packages/airflow/example_dags/example_complex.py                                                                   1           0  0.69s           2025-07-03T17:59:30
/home/airflow/.local/lib/python3.8/site-packages/airflow/example_dags/example_branch_operator.py                                                           1           0  0.39s           2025-07-03T17:59:31
/home/airflow/.local/lib/python3.8/site-packages/airflow/example_dags/example_branch_day_of_week_operator.py                                               1           0  0.21s           2025-07-03T17:59:31
/home/airflow/.local/lib/python3.8/site-packages/airflow/example_dags/example_trigger_target_dag.py                                                        1           0  0.35s           2025-07-03T17:59:31
/home/airflow/.local/lib/python3.8/site-packages/airflow/example_dags/example_skip_dag.py                                                                  1           0  0.30s           2025-07-03T17:59:32
/home/airflow/.local/lib/python3.8/site-packages/airflow/example_dags/example_latest_only_with_trigger.py                                                  1           0  0.42s           2025-07-03T17:59:32
/home/airflow/.local/lib/python3.8/site-packages/airflow/example_dags/example_sla_dag.py                                                                   1           0  0.37s           2025-07-03T17:59:32
/home/airflow/.local/lib/python3.8/site-packages/airflow/example_dags/example_sensor_decorator.py                                                          1           0  0.23s           2025-07-03T17:59:32
/home/airflow/.local/lib/python3.8/site-packages/airflow/example_dags/example_xcomargs.py                                                                  2           0  0.28s           2025-07-03T17:59:41
/home/airflow/.local/lib/python3.8/site-packages/airflow/example_dags/example_external_task_marker_dag.py                                                  2           0  0.20s           2025-07-03T17:59:25
/home/airflow/.local/lib/python3.8/site-packages/airflow/example_dags/example_subdag_operator.py                                                           3           0  0.38s           2025-07-03T17:59:40
/home/airflow/.local/lib/python3.8/site-packages/airflow/example_dags/example_branch_datetime_operator.py                                                  3           0  0.47s           2025-07-03T17:59:16
/home/airflow/.local/lib/python3.8/site-packages/airflow/example_dags/example_datasets.py                                                                  6           0  0.44s           2025-07-03T17:59:19
================================================================================
[2025-07-03T18:00:15.008+0000] {manager.py:879} INFO - 
================================================================================
DAG File Processing Stats

File Path                                                                                                                           PID  Runtime      # DAGs    # Errors  Last Runtime    Last Run
--------------------------------------------------------------------------------------------------------------------------------  -----  ---------  --------  ----------  --------------  -------------------
/home/airflow/.local/lib/python3.8/site-packages/airflow/example_dags/plugins/listener_plugin.py                                                           0           0  0.10s           2025-07-03T18:00:04
/home/airflow/.local/lib/python3.8/site-packages/airflow/example_dags/plugins/event_listener.py                                                            0           0  0.07s           2025-07-03T18:00:04
/home/airflow/.local/lib/python3.8/site-packages/airflow/example_dags/plugins/workday.py                                                                   0           0  1.76s           2025-07-03T18:00:04
/home/airflow/.local/lib/python3.8/site-packages/airflow/example_dags/subdags/subdag.py                                                                    0           0  0.09s           2025-07-03T18:00:04
/home/airflow/.local/lib/python3.8/site-packages/airflow/example_dags/example_python_operator.py                                                           1           0  0.28s           2025-07-03T18:00:01
/home/airflow/.local/lib/python3.8/site-packages/airflow/example_dags/example_branch_python_dop_operator_3.py                                              1           0  0.24s           2025-07-03T18:00:01
/home/airflow/.local/lib/python3.8/site-packages/airflow/example_dags/tutorial_dag.py                                                                      1           0  0.13s           2025-07-03T18:00:01
/home/airflow/.local/lib/python3.8/site-packages/airflow/example_dags/example_xcom.py                                                                      1           0  0.47s           2025-07-03T18:00:04
/home/airflow/.local/lib/python3.8/site-packages/airflow/example_dags/tutorial.py                                                                          1           0  0.60s           2025-07-03T18:00:05
/home/airflow/.local/lib/python3.8/site-packages/airflow/example_dags/tutorial_taskflow_api.py                                                             1           0  0.43s           2025-07-03T18:00:05
/home/airflow/.local/lib/python3.8/site-packages/airflow/example_dags/example_trigger_controller_dag.py                                                    1           0  0.69s           2025-07-03T18:00:05
/home/airflow/.local/lib/python3.8/site-packages/airflow/example_dags/example_params_ui_tutorial.py                                                        1           0  0.23s           2025-07-03T18:00:07
/home/airflow/.local/lib/python3.8/site-packages/airflow/example_dags/example_latest_only.py                                                               1           0  0.66s           2025-07-03T18:00:06
/home/airflow/.local/lib/python3.8/site-packages/airflow/example_dags/tutorial_objectstorage.py                                                            1           0  0.39s           2025-07-03T18:00:06
/home/airflow/.local/lib/python3.8/site-packages/airflow/example_dags/example_time_delta_sensor_async.py                                                   1           0  0.29s           2025-07-03T18:00:07
/home/airflow/.local/lib/python3.8/site-packages/airflow/example_dags/example_passing_params_via_test_command.py                                           1           0  0.40s           2025-07-03T18:00:08
/home/airflow/.local/lib/python3.8/site-packages/airflow/example_dags/example_nested_branch_dag.py                                                         1           0  0.52s           2025-07-03T18:00:09
/home/airflow/.local/lib/python3.8/site-packages/airflow/example_dags/example_dynamic_task_mapping_with_no_taskflow_operators.py                           1           0  0.32s           2025-07-03T18:00:09
/home/airflow/.local/lib/python3.8/site-packages/airflow/example_dags/example_params_trigger_ui.py                                                         1           0  0.45s           2025-07-03T18:00:11
/home/airflow/.local/lib/python3.8/site-packages/airflow/example_dags/example_sensors.py                                                                   1           0  0.31s           2025-07-03T18:00:11
/home/airflow/.local/lib/python3.8/site-packages/airflow/example_dags/example_task_group.py                                                                1           0  0.23s           2025-07-03T18:00:12
/home/airflow/.local/lib/python3.8/site-packages/airflow/example_dags/example_branch_operator_decorator.py                         3315  0.02s             1           0  0.31s           2025-07-03T17:59:44
/home/airflow/.local/lib/python3.8/site-packages/airflow/example_dags/example_local_kubernetes_executor.py                         3316  0.01s             1           0  0.17s           2025-07-03T17:59:44
/home/airflow/.local/lib/python3.8/site-packages/airflow/example_dags/example_setup_teardown_taskflow.py                                                   1           0  0.16s           2025-07-03T17:59:44
/home/airflow/.local/lib/python3.8/site-packages/airflow/example_dags/example_task_group_decorator.py                                                      1           0  0.30s           2025-07-03T17:59:50
/home/airflow/.local/lib/python3.8/site-packages/airflow/example_dags/example_dynamic_task_mapping.py                                                      1           0  0.28s           2025-07-03T17:59:50
/home/airflow/.local/lib/python3.8/site-packages/airflow/example_dags/example_short_circuit_decorator.py                                                   1           0  0.12s           2025-07-03T17:59:52
/home/airflow/.local/lib/python3.8/site-packages/airflow/example_dags/tutorial_taskflow_api_virtualenv.py                                                  1           0  0.12s           2025-07-03T17:59:53
/home/airflow/.local/lib/python3.8/site-packages/airflow/example_dags/example_bash_operator.py                                                             1           0  0.41s           2025-07-03T17:59:55
/home/airflow/.local/lib/python3.8/site-packages/airflow/example_dags/example_kubernetes_executor.py                                                       1           0  0.41s           2025-07-03T17:59:55
/home/airflow/.local/lib/python3.8/site-packages/airflow/example_dags/example_dag_decorator.py                                                             1           0  0.94s           2025-07-03T17:59:48
/home/airflow/.local/lib/python3.8/site-packages/airflow/example_dags/example_branch_labels.py                                                             1           0  0.41s           2025-07-03T17:59:55
/home/airflow/.local/lib/python3.8/site-packages/airflow/example_dags/example_short_circuit_operator.py                                                    1           0  0.25s           2025-07-03T17:59:59
/home/airflow/.local/lib/python3.8/site-packages/airflow/example_dags/example_python_decorator.py                                                          1           0  0.28s           2025-07-03T17:59:59
/home/airflow/.local/lib/python3.8/site-packages/airflow/example_dags/example_setup_teardown.py                                                            1           0  0.21s           2025-07-03T18:00:01
/home/airflow/.local/lib/python3.8/site-packages/airflow/example_dags/example_complex.py                                                                   1           0  0.42s           2025-07-03T18:00:01
/home/airflow/.local/lib/python3.8/site-packages/airflow/example_dags/example_branch_operator.py                                                           1           0  0.61s           2025-07-03T18:00:02
/home/airflow/.local/lib/python3.8/site-packages/airflow/example_dags/example_branch_day_of_week_operator.py                                               1           0  0.46s           2025-07-03T18:00:02
/home/airflow/.local/lib/python3.8/site-packages/airflow/example_dags/example_trigger_target_dag.py                                                        1           0  0.25s           2025-07-03T18:00:02
/home/airflow/.local/lib/python3.8/site-packages/airflow/example_dags/example_skip_dag.py                                                                  1           0  0.97s           2025-07-03T18:00:03
/home/airflow/.local/lib/python3.8/site-packages/airflow/example_dags/example_latest_only_with_trigger.py                                                  1           0  0.57s           2025-07-03T18:00:03
/home/airflow/.local/lib/python3.8/site-packages/airflow/example_dags/example_sla_dag.py                                                                   1           0  0.53s           2025-07-03T18:00:04
/home/airflow/.local/lib/python3.8/site-packages/airflow/example_dags/example_sensor_decorator.py                                                          1           0  0.24s           2025-07-03T18:00:04
/home/airflow/.local/lib/python3.8/site-packages/airflow/example_dags/example_xcomargs.py                                                                  2           0  0.31s           2025-07-03T18:00:11
/home/airflow/.local/lib/python3.8/site-packages/airflow/example_dags/example_external_task_marker_dag.py                                                  2           0  0.27s           2025-07-03T17:59:55
/home/airflow/.local/lib/python3.8/site-packages/airflow/example_dags/example_subdag_operator.py                                                           3           0  0.35s           2025-07-03T18:00:11
/home/airflow/.local/lib/python3.8/site-packages/airflow/example_dags/example_branch_datetime_operator.py                                                  3           0  0.19s           2025-07-03T17:59:47
/home/airflow/.local/lib/python3.8/site-packages/airflow/example_dags/example_datasets.py                                                                  6           0  0.24s           2025-07-03T17:59:49
================================================================================
[2025-07-03T18:00:24.426+0000] {manager.py:738} INFO - Searching for files in /opt/airflow/dags
[2025-07-03T18:00:24.462+0000] {manager.py:741} INFO - There are 48 files in /opt/airflow/dags
[2025-07-03T18:00:45.120+0000] {manager.py:879} INFO - 
================================================================================
DAG File Processing Stats

File Path                                                                                                                         PID    Runtime      # DAGs    # Errors  Last Runtime    Last Run
--------------------------------------------------------------------------------------------------------------------------------  -----  ---------  --------  ----------  --------------  -------------------
/home/airflow/.local/lib/python3.8/site-packages/airflow/example_dags/plugins/listener_plugin.py                                                           0           0  0.10s           2025-07-03T18:00:35
/home/airflow/.local/lib/python3.8/site-packages/airflow/example_dags/plugins/event_listener.py                                                            0           0  0.11s           2025-07-03T18:00:35
/home/airflow/.local/lib/python3.8/site-packages/airflow/example_dags/plugins/workday.py                                                                   0           0  1.30s           2025-07-03T18:00:35
/home/airflow/.local/lib/python3.8/site-packages/airflow/example_dags/subdags/subdag.py                                                                    0           0  0.09s           2025-07-03T18:00:35
/home/airflow/.local/lib/python3.8/site-packages/airflow/example_dags/example_python_operator.py                                                           1           0  0.27s           2025-07-03T18:00:31
/home/airflow/.local/lib/python3.8/site-packages/airflow/example_dags/example_branch_python_dop_operator_3.py                                              1           0  0.28s           2025-07-03T18:00:31
/home/airflow/.local/lib/python3.8/site-packages/airflow/example_dags/tutorial_dag.py                                                                      1           0  0.13s           2025-07-03T18:00:31
/home/airflow/.local/lib/python3.8/site-packages/airflow/example_dags/example_xcom.py                                                                      1           0  0.49s           2025-07-03T18:00:35
/home/airflow/.local/lib/python3.8/site-packages/airflow/example_dags/tutorial.py                                                                          1           0  0.61s           2025-07-03T18:00:36
/home/airflow/.local/lib/python3.8/site-packages/airflow/example_dags/tutorial_taskflow_api.py                                                             1           0  0.17s           2025-07-03T18:00:35
/home/airflow/.local/lib/python3.8/site-packages/airflow/example_dags/example_trigger_controller_dag.py                                                    1           0  0.46s           2025-07-03T18:00:36
/home/airflow/.local/lib/python3.8/site-packages/airflow/example_dags/example_params_ui_tutorial.py                                                        1           0  0.93s           2025-07-03T18:00:38
/home/airflow/.local/lib/python3.8/site-packages/airflow/example_dags/example_latest_only.py                                                               1           0  0.68s           2025-07-03T18:00:36
/home/airflow/.local/lib/python3.8/site-packages/airflow/example_dags/tutorial_objectstorage.py                                                            1           0  0.31s           2025-07-03T18:00:36
/home/airflow/.local/lib/python3.8/site-packages/airflow/example_dags/example_time_delta_sensor_async.py                                                   1           0  0.29s           2025-07-03T18:00:38
/home/airflow/.local/lib/python3.8/site-packages/airflow/example_dags/example_passing_params_via_test_command.py                                           1           0  1.06s           2025-07-03T18:00:40
/home/airflow/.local/lib/python3.8/site-packages/airflow/example_dags/example_nested_branch_dag.py                                                         1           0  0.93s           2025-07-03T18:00:40
/home/airflow/.local/lib/python3.8/site-packages/airflow/example_dags/example_dynamic_task_mapping_with_no_taskflow_operators.py                           1           0  0.64s           2025-07-03T18:00:40
/home/airflow/.local/lib/python3.8/site-packages/airflow/example_dags/example_params_trigger_ui.py                                                         1           0  2.25s           2025-07-03T18:00:44
/home/airflow/.local/lib/python3.8/site-packages/airflow/example_dags/example_sensors.py                                                                   1           0  0.91s           2025-07-03T18:00:44
/home/airflow/.local/lib/python3.8/site-packages/airflow/example_dags/example_task_group.py                                                                1           0  0.16s           2025-07-03T18:00:45
/home/airflow/.local/lib/python3.8/site-packages/airflow/example_dags/example_branch_operator_decorator.py                                                 1           0  0.42s           2025-07-03T18:00:15
/home/airflow/.local/lib/python3.8/site-packages/airflow/example_dags/example_local_kubernetes_executor.py                                                 1           0  0.30s           2025-07-03T18:00:15
/home/airflow/.local/lib/python3.8/site-packages/airflow/example_dags/example_setup_teardown_taskflow.py                                                   1           0  0.24s           2025-07-03T18:00:15
/home/airflow/.local/lib/python3.8/site-packages/airflow/example_dags/example_task_group_decorator.py                                                      1           0  0.47s           2025-07-03T18:00:21
/home/airflow/.local/lib/python3.8/site-packages/airflow/example_dags/example_dynamic_task_mapping.py                                                      1           0  0.46s           2025-07-03T18:00:21
/home/airflow/.local/lib/python3.8/site-packages/airflow/example_dags/example_short_circuit_decorator.py                                                   1           0  0.31s           2025-07-03T18:00:23
/home/airflow/.local/lib/python3.8/site-packages/airflow/example_dags/tutorial_taskflow_api_virtualenv.py                                                  1           0  0.17s           2025-07-03T18:00:24
/home/airflow/.local/lib/python3.8/site-packages/airflow/example_dags/example_bash_operator.py                                                             1           0  0.34s           2025-07-03T18:00:26
/home/airflow/.local/lib/python3.8/site-packages/airflow/example_dags/example_kubernetes_executor.py                                                       1           0  0.29s           2025-07-03T18:00:25
/home/airflow/.local/lib/python3.8/site-packages/airflow/example_dags/example_dag_decorator.py                                                             1           0  0.66s           2025-07-03T18:00:20
/home/airflow/.local/lib/python3.8/site-packages/airflow/example_dags/example_branch_labels.py                                                             1           0  0.36s           2025-07-03T18:00:25
/home/airflow/.local/lib/python3.8/site-packages/airflow/example_dags/example_short_circuit_operator.py                                                    1           0  0.26s           2025-07-03T18:00:30
/home/airflow/.local/lib/python3.8/site-packages/airflow/example_dags/example_python_decorator.py                                                          1           0  0.26s           2025-07-03T18:00:30
/home/airflow/.local/lib/python3.8/site-packages/airflow/example_dags/example_setup_teardown.py                                                            1           0  0.15s           2025-07-03T18:00:31
/home/airflow/.local/lib/python3.8/site-packages/airflow/example_dags/example_complex.py                                                                   1           0  0.14s           2025-07-03T18:00:32
/home/airflow/.local/lib/python3.8/site-packages/airflow/example_dags/example_branch_operator.py                                                           1           0  0.19s           2025-07-03T18:00:33
/home/airflow/.local/lib/python3.8/site-packages/airflow/example_dags/example_branch_day_of_week_operator.py                                               1           0  0.15s           2025-07-03T18:00:33
/home/airflow/.local/lib/python3.8/site-packages/airflow/example_dags/example_trigger_target_dag.py                                                        1           0  0.12s           2025-07-03T18:00:33
/home/airflow/.local/lib/python3.8/site-packages/airflow/example_dags/example_skip_dag.py                                                                  1           0  0.11s           2025-07-03T18:00:33
/home/airflow/.local/lib/python3.8/site-packages/airflow/example_dags/example_latest_only_with_trigger.py                                                  1           0  0.26s           2025-07-03T18:00:34
/home/airflow/.local/lib/python3.8/site-packages/airflow/example_dags/example_sla_dag.py                                                                   1           0  0.26s           2025-07-03T18:00:34
/home/airflow/.local/lib/python3.8/site-packages/airflow/example_dags/example_sensor_decorator.py                                                          1           0  0.21s           2025-07-03T18:00:34
/home/airflow/.local/lib/python3.8/site-packages/airflow/example_dags/example_xcomargs.py                                                                  2           0  0.95s           2025-07-03T18:00:44
/home/airflow/.local/lib/python3.8/site-packages/airflow/example_dags/example_external_task_marker_dag.py                                                  2           0  0.28s           2025-07-03T18:00:26
/home/airflow/.local/lib/python3.8/site-packages/airflow/example_dags/example_subdag_operator.py                                                           3           0  2.11s           2025-07-03T18:00:43
/home/airflow/.local/lib/python3.8/site-packages/airflow/example_dags/example_branch_datetime_operator.py                                                  3           0  0.14s           2025-07-03T18:00:17
/home/airflow/.local/lib/python3.8/site-packages/airflow/example_dags/example_datasets.py                                                                  6           0  0.41s           2025-07-03T18:00:19
================================================================================
[2025-07-03T18:01:15.770+0000] {manager.py:879} INFO - 
================================================================================
DAG File Processing Stats

File Path                                                                                                                           PID  Runtime      # DAGs    # Errors  Last Runtime    Last Run
--------------------------------------------------------------------------------------------------------------------------------  -----  ---------  --------  ----------  --------------  -------------------
/home/airflow/.local/lib/python3.8/site-packages/airflow/example_dags/plugins/listener_plugin.py                                                           0           0  0.05s           2025-07-03T18:01:05
/home/airflow/.local/lib/python3.8/site-packages/airflow/example_dags/plugins/event_listener.py                                                            0           0  0.06s           2025-07-03T18:01:05
/home/airflow/.local/lib/python3.8/site-packages/airflow/example_dags/plugins/workday.py                                                                   0           0  0.76s           2025-07-03T18:01:07
/home/airflow/.local/lib/python3.8/site-packages/airflow/example_dags/subdags/subdag.py                                                                    0           0  0.04s           2025-07-03T18:01:05
/home/airflow/.local/lib/python3.8/site-packages/airflow/example_dags/example_python_operator.py                                                           1           0  0.49s           2025-07-03T18:01:02
/home/airflow/.local/lib/python3.8/site-packages/airflow/example_dags/example_branch_python_dop_operator_3.py                                              1           0  0.60s           2025-07-03T18:01:02
/home/airflow/.local/lib/python3.8/site-packages/airflow/example_dags/tutorial_dag.py                                                                      1           0  0.34s           2025-07-03T18:01:02
/home/airflow/.local/lib/python3.8/site-packages/airflow/example_dags/example_xcom.py                                                                      1           0  0.15s           2025-07-03T18:01:06
/home/airflow/.local/lib/python3.8/site-packages/airflow/example_dags/tutorial.py                                                                          1           0  0.16s           2025-07-03T18:01:06
/home/airflow/.local/lib/python3.8/site-packages/airflow/example_dags/tutorial_taskflow_api.py                                                             1           0  0.12s           2025-07-03T18:01:06
/home/airflow/.local/lib/python3.8/site-packages/airflow/example_dags/example_trigger_controller_dag.py                                                    1           0  0.14s           2025-07-03T18:01:06
/home/airflow/.local/lib/python3.8/site-packages/airflow/example_dags/example_params_ui_tutorial.py                                                        1           0  0.19s           2025-07-03T18:01:09
/home/airflow/.local/lib/python3.8/site-packages/airflow/example_dags/example_latest_only.py                                                               1           0  0.20s           2025-07-03T18:01:07
/home/airflow/.local/lib/python3.8/site-packages/airflow/example_dags/tutorial_objectstorage.py                                                            1           0  0.14s           2025-07-03T18:01:06
/home/airflow/.local/lib/python3.8/site-packages/airflow/example_dags/example_time_delta_sensor_async.py                                                   1           0  0.10s           2025-07-03T18:01:08
/home/airflow/.local/lib/python3.8/site-packages/airflow/example_dags/example_passing_params_via_test_command.py                                           1           0  0.18s           2025-07-03T18:01:10
/home/airflow/.local/lib/python3.8/site-packages/airflow/example_dags/example_nested_branch_dag.py                                                         1           0  0.17s           2025-07-03T18:01:10
/home/airflow/.local/lib/python3.8/site-packages/airflow/example_dags/example_dynamic_task_mapping_with_no_taskflow_operators.py                           1           0  0.16s           2025-07-03T18:01:11
/home/airflow/.local/lib/python3.8/site-packages/airflow/example_dags/example_params_trigger_ui.py                                 3440  1.10s             1           0  2.25s           2025-07-03T18:00:44
/home/airflow/.local/lib/python3.8/site-packages/airflow/example_dags/example_sensors.py                                                                   1           0  0.91s           2025-07-03T18:00:44
/home/airflow/.local/lib/python3.8/site-packages/airflow/example_dags/example_task_group.py                                                                1           0  0.16s           2025-07-03T18:00:45
/home/airflow/.local/lib/python3.8/site-packages/airflow/example_dags/example_branch_operator_decorator.py                                                 1           0  0.60s           2025-07-03T18:00:46
/home/airflow/.local/lib/python3.8/site-packages/airflow/example_dags/example_local_kubernetes_executor.py                                                 1           0  0.42s           2025-07-03T18:00:46
/home/airflow/.local/lib/python3.8/site-packages/airflow/example_dags/example_setup_teardown_taskflow.py                                                   1           0  0.28s           2025-07-03T18:00:46
/home/airflow/.local/lib/python3.8/site-packages/airflow/example_dags/example_task_group_decorator.py                                                      1           0  0.22s           2025-07-03T18:00:52
/home/airflow/.local/lib/python3.8/site-packages/airflow/example_dags/example_dynamic_task_mapping.py                                                      1           0  0.20s           2025-07-03T18:00:52
/home/airflow/.local/lib/python3.8/site-packages/airflow/example_dags/example_short_circuit_decorator.py                                                   1           0  0.16s           2025-07-03T18:00:54
/home/airflow/.local/lib/python3.8/site-packages/airflow/example_dags/tutorial_taskflow_api_virtualenv.py                                                  1           0  0.26s           2025-07-03T18:00:55
/home/airflow/.local/lib/python3.8/site-packages/airflow/example_dags/example_bash_operator.py                                                             1           0  1.18s           2025-07-03T18:00:57
/home/airflow/.local/lib/python3.8/site-packages/airflow/example_dags/example_kubernetes_executor.py                                                       1           0  0.52s           2025-07-03T18:00:56
/home/airflow/.local/lib/python3.8/site-packages/airflow/example_dags/example_dag_decorator.py                                                             1           0  0.45s           2025-07-03T18:00:51
/home/airflow/.local/lib/python3.8/site-packages/airflow/example_dags/example_branch_labels.py                                                             1           0  0.46s           2025-07-03T18:00:56
/home/airflow/.local/lib/python3.8/site-packages/airflow/example_dags/example_short_circuit_operator.py                                                    1           0  0.51s           2025-07-03T18:01:01
/home/airflow/.local/lib/python3.8/site-packages/airflow/example_dags/example_python_decorator.py                                                          1           0  0.47s           2025-07-03T18:01:01
/home/airflow/.local/lib/python3.8/site-packages/airflow/example_dags/example_setup_teardown.py                                                            1           0  0.30s           2025-07-03T18:01:02
/home/airflow/.local/lib/python3.8/site-packages/airflow/example_dags/example_complex.py                                                                   1           0  0.52s           2025-07-03T18:01:03
/home/airflow/.local/lib/python3.8/site-packages/airflow/example_dags/example_branch_operator.py                                                           1           0  0.55s           2025-07-03T18:01:04
/home/airflow/.local/lib/python3.8/site-packages/airflow/example_dags/example_branch_day_of_week_operator.py                                               1           0  0.48s           2025-07-03T18:01:03
/home/airflow/.local/lib/python3.8/site-packages/airflow/example_dags/example_trigger_target_dag.py                                                        1           0  0.21s           2025-07-03T18:01:04
/home/airflow/.local/lib/python3.8/site-packages/airflow/example_dags/example_skip_dag.py                                                                  1           0  0.24s           2025-07-03T18:01:04
/home/airflow/.local/lib/python3.8/site-packages/airflow/example_dags/example_latest_only_with_trigger.py                                                  1           0  0.16s           2025-07-03T18:01:05
/home/airflow/.local/lib/python3.8/site-packages/airflow/example_dags/example_sla_dag.py                                                                   1           0  0.16s           2025-07-03T18:01:05
/home/airflow/.local/lib/python3.8/site-packages/airflow/example_dags/example_sensor_decorator.py                                                          1           0  0.12s           2025-07-03T18:01:05
/home/airflow/.local/lib/python3.8/site-packages/airflow/example_dags/example_xcomargs.py                                                                  2           0  0.95s           2025-07-03T18:00:44
/home/airflow/.local/lib/python3.8/site-packages/airflow/example_dags/example_external_task_marker_dag.py                                                  2           0  0.93s           2025-07-03T18:00:57
/home/airflow/.local/lib/python3.8/site-packages/airflow/example_dags/example_subdag_operator.py                                   3441  1.05s             3           0  2.11s           2025-07-03T18:00:43
/home/airflow/.local/lib/python3.8/site-packages/airflow/example_dags/example_branch_datetime_operator.py                                                  3           0  0.23s           2025-07-03T18:00:47
/home/airflow/.local/lib/python3.8/site-packages/airflow/example_dags/example_datasets.py                                                                  6           0  0.22s           2025-07-03T18:00:50
================================================================================
[2025-07-03T18:01:46.428+0000] {manager.py:879} INFO - 
================================================================================
DAG File Processing Stats

File Path                                                                                                                         PID    Runtime      # DAGs    # Errors  Last Runtime    Last Run
--------------------------------------------------------------------------------------------------------------------------------  -----  ---------  --------  ----------  --------------  -------------------
/home/airflow/.local/lib/python3.8/site-packages/airflow/example_dags/plugins/listener_plugin.py                                                           0           0  0.19s           2025-07-03T18:01:36
/home/airflow/.local/lib/python3.8/site-packages/airflow/example_dags/plugins/event_listener.py                                                            0           0  0.18s           2025-07-03T18:01:36
/home/airflow/.local/lib/python3.8/site-packages/airflow/example_dags/plugins/workday.py                                                                   0           0  1.00s           2025-07-03T18:01:38
/home/airflow/.local/lib/python3.8/site-packages/airflow/example_dags/subdags/subdag.py                                                                    0           0  0.13s           2025-07-03T18:01:36
/home/airflow/.local/lib/python3.8/site-packages/airflow/example_dags/example_python_operator.py                                                           1           0  0.31s           2025-07-03T18:01:32
/home/airflow/.local/lib/python3.8/site-packages/airflow/example_dags/example_branch_python_dop_operator_3.py                                              1           0  0.26s           2025-07-03T18:01:33
/home/airflow/.local/lib/python3.8/site-packages/airflow/example_dags/tutorial_dag.py                                                                      1           0  0.42s           2025-07-03T18:01:33
/home/airflow/.local/lib/python3.8/site-packages/airflow/example_dags/example_xcom.py                                                                      1           0  0.52s           2025-07-03T18:01:37
/home/airflow/.local/lib/python3.8/site-packages/airflow/example_dags/tutorial.py                                                                          1           0  0.34s           2025-07-03T18:01:37
/home/airflow/.local/lib/python3.8/site-packages/airflow/example_dags/tutorial_taskflow_api.py                                                             1           0  0.37s           2025-07-03T18:01:37
/home/airflow/.local/lib/python3.8/site-packages/airflow/example_dags/example_trigger_controller_dag.py                                                    1           0  0.37s           2025-07-03T18:01:37
/home/airflow/.local/lib/python3.8/site-packages/airflow/example_dags/example_params_ui_tutorial.py                                                        1           0  0.25s           2025-07-03T18:01:40
/home/airflow/.local/lib/python3.8/site-packages/airflow/example_dags/example_latest_only.py                                                               1           0  0.20s           2025-07-03T18:01:38
/home/airflow/.local/lib/python3.8/site-packages/airflow/example_dags/tutorial_objectstorage.py                                                            1           0  0.19s           2025-07-03T18:01:37
/home/airflow/.local/lib/python3.8/site-packages/airflow/example_dags/example_time_delta_sensor_async.py                                                   1           0  0.13s           2025-07-03T18:01:39
/home/airflow/.local/lib/python3.8/site-packages/airflow/example_dags/example_passing_params_via_test_command.py                                           1           0  0.24s           2025-07-03T18:01:41
/home/airflow/.local/lib/python3.8/site-packages/airflow/example_dags/example_nested_branch_dag.py                                                         1           0  0.22s           2025-07-03T18:01:41
/home/airflow/.local/lib/python3.8/site-packages/airflow/example_dags/example_dynamic_task_mapping_with_no_taskflow_operators.py                           1           0  0.15s           2025-07-03T18:01:42
/home/airflow/.local/lib/python3.8/site-packages/airflow/example_dags/example_params_trigger_ui.py                                                         1           0  2.11s           2025-07-03T18:01:16
/home/airflow/.local/lib/python3.8/site-packages/airflow/example_dags/example_sensors.py                                                                   1           0  0.40s           2025-07-03T18:01:17
/home/airflow/.local/lib/python3.8/site-packages/airflow/example_dags/example_task_group.py                                                                1           0  1.04s           2025-07-03T18:01:18
/home/airflow/.local/lib/python3.8/site-packages/airflow/example_dags/example_branch_operator_decorator.py                                                 1           0  1.34s           2025-07-03T18:01:18
/home/airflow/.local/lib/python3.8/site-packages/airflow/example_dags/example_local_kubernetes_executor.py                                                 1           0  1.06s           2025-07-03T18:01:19
/home/airflow/.local/lib/python3.8/site-packages/airflow/example_dags/example_setup_teardown_taskflow.py                                                   1           0  0.96s           2025-07-03T18:01:19
/home/airflow/.local/lib/python3.8/site-packages/airflow/example_dags/example_task_group_decorator.py                                                      1           0  0.50s           2025-07-03T18:01:22
/home/airflow/.local/lib/python3.8/site-packages/airflow/example_dags/example_dynamic_task_mapping.py                                                      1           0  0.64s           2025-07-03T18:01:23
/home/airflow/.local/lib/python3.8/site-packages/airflow/example_dags/example_short_circuit_decorator.py                                                   1           0  0.29s           2025-07-03T18:01:24
/home/airflow/.local/lib/python3.8/site-packages/airflow/example_dags/tutorial_taskflow_api_virtualenv.py                                                  1           0  0.27s           2025-07-03T18:01:25
/home/airflow/.local/lib/python3.8/site-packages/airflow/example_dags/example_bash_operator.py                                                             1           0  0.64s           2025-07-03T18:01:28
/home/airflow/.local/lib/python3.8/site-packages/airflow/example_dags/example_kubernetes_executor.py                                                       1           0  0.60s           2025-07-03T18:01:27
/home/airflow/.local/lib/python3.8/site-packages/airflow/example_dags/example_dag_decorator.py                                                             1           0  1.59s           2025-07-03T18:01:23
/home/airflow/.local/lib/python3.8/site-packages/airflow/example_dags/example_branch_labels.py                                                             1           0  0.52s           2025-07-03T18:01:27
/home/airflow/.local/lib/python3.8/site-packages/airflow/example_dags/example_short_circuit_operator.py                                                    1           0  0.67s           2025-07-03T18:01:32
/home/airflow/.local/lib/python3.8/site-packages/airflow/example_dags/example_python_decorator.py                                                          1           0  0.65s           2025-07-03T18:01:32
/home/airflow/.local/lib/python3.8/site-packages/airflow/example_dags/example_setup_teardown.py                                                            1           0  1.05s           2025-07-03T18:01:34
/home/airflow/.local/lib/python3.8/site-packages/airflow/example_dags/example_complex.py                                                                   1           0  0.46s           2025-07-03T18:01:34
/home/airflow/.local/lib/python3.8/site-packages/airflow/example_dags/example_branch_operator.py                                                           1           0  0.62s           2025-07-03T18:01:34
/home/airflow/.local/lib/python3.8/site-packages/airflow/example_dags/example_branch_day_of_week_operator.py                                               1           0  0.59s           2025-07-03T18:01:34
/home/airflow/.local/lib/python3.8/site-packages/airflow/example_dags/example_trigger_target_dag.py                                                        1           0  0.31s           2025-07-03T18:01:35
/home/airflow/.local/lib/python3.8/site-packages/airflow/example_dags/example_skip_dag.py                                                                  1           0  0.37s           2025-07-03T18:01:35
/home/airflow/.local/lib/python3.8/site-packages/airflow/example_dags/example_latest_only_with_trigger.py                                                  1           0  0.45s           2025-07-03T18:01:36
/home/airflow/.local/lib/python3.8/site-packages/airflow/example_dags/example_sla_dag.py                                                                   1           0  0.38s           2025-07-03T18:01:36
/home/airflow/.local/lib/python3.8/site-packages/airflow/example_dags/example_sensor_decorator.py                                                          1           0  0.40s           2025-07-03T18:01:36
/home/airflow/.local/lib/python3.8/site-packages/airflow/example_dags/example_xcomargs.py                                                                  2           0  0.47s           2025-07-03T18:01:17
/home/airflow/.local/lib/python3.8/site-packages/airflow/example_dags/example_external_task_marker_dag.py                                                  2           0  0.51s           2025-07-03T18:01:28
/home/airflow/.local/lib/python3.8/site-packages/airflow/example_dags/example_subdag_operator.py                                                           3           0  2.11s           2025-07-03T18:01:16
/home/airflow/.local/lib/python3.8/site-packages/airflow/example_dags/example_branch_datetime_operator.py                                                  3           0  0.73s           2025-07-03T18:01:19
/home/airflow/.local/lib/python3.8/site-packages/airflow/example_dags/example_datasets.py                                                                  6           0  1.30s           2025-07-03T18:01:22
================================================================================
[2025-07-03T18:02:16.703+0000] {manager.py:879} INFO - 
================================================================================
DAG File Processing Stats

File Path                                                                                                                         PID    Runtime      # DAGs    # Errors  Last Runtime    Last Run
--------------------------------------------------------------------------------------------------------------------------------  -----  ---------  --------  ----------  --------------  -------------------
/home/airflow/.local/lib/python3.8/site-packages/airflow/example_dags/plugins/listener_plugin.py                                                           0           0  0.05s           2025-07-03T18:02:09
/home/airflow/.local/lib/python3.8/site-packages/airflow/example_dags/plugins/event_listener.py                                                            0           0  0.08s           2025-07-03T18:02:09
/home/airflow/.local/lib/python3.8/site-packages/airflow/example_dags/plugins/workday.py                                                                   0           0  2.88s           2025-07-03T18:02:14
/home/airflow/.local/lib/python3.8/site-packages/airflow/example_dags/subdags/subdag.py                                                                    0           0  0.09s           2025-07-03T18:02:09
/home/airflow/.local/lib/python3.8/site-packages/airflow/example_dags/example_python_operator.py                                                           1           0  0.59s           2025-07-03T18:02:03
/home/airflow/.local/lib/python3.8/site-packages/airflow/example_dags/example_branch_python_dop_operator_3.py                                              1           0  0.61s           2025-07-03T18:02:03
/home/airflow/.local/lib/python3.8/site-packages/airflow/example_dags/tutorial_dag.py                                                                      1           0  0.31s           2025-07-03T18:02:03
/home/airflow/.local/lib/python3.8/site-packages/airflow/example_dags/example_xcom.py                                                                      1           0  0.31s           2025-07-03T18:02:09
/home/airflow/.local/lib/python3.8/site-packages/airflow/example_dags/tutorial.py                                                                          1           0  1.01s           2025-07-03T18:02:08
/home/airflow/.local/lib/python3.8/site-packages/airflow/example_dags/tutorial_taskflow_api.py                                                             1           0  0.63s           2025-07-03T18:02:10
/home/airflow/.local/lib/python3.8/site-packages/airflow/example_dags/example_trigger_controller_dag.py                                                    1           0  0.66s           2025-07-03T18:02:10
/home/airflow/.local/lib/python3.8/site-packages/airflow/example_dags/example_params_ui_tutorial.py                                                        1           0  1.65s           2025-07-03T18:02:13
/home/airflow/.local/lib/python3.8/site-packages/airflow/example_dags/example_latest_only.py                                                               1           0  0.68s           2025-07-03T18:02:11
/home/airflow/.local/lib/python3.8/site-packages/airflow/example_dags/tutorial_objectstorage.py                                                            1           0  0.92s           2025-07-03T18:02:11
/home/airflow/.local/lib/python3.8/site-packages/airflow/example_dags/example_time_delta_sensor_async.py                                                   1           0  0.81s           2025-07-03T18:02:12
/home/airflow/.local/lib/python3.8/site-packages/airflow/example_dags/example_passing_params_via_test_command.py                                           1           0  1.08s           2025-07-03T18:02:14
/home/airflow/.local/lib/python3.8/site-packages/airflow/example_dags/example_nested_branch_dag.py                                                         1           0  0.85s           2025-07-03T18:02:15
/home/airflow/.local/lib/python3.8/site-packages/airflow/example_dags/example_dynamic_task_mapping_with_no_taskflow_operators.py                           1           0  0.42s           2025-07-03T18:02:15
/home/airflow/.local/lib/python3.8/site-packages/airflow/example_dags/example_params_trigger_ui.py                                                         1           0  0.21s           2025-07-03T18:01:47
/home/airflow/.local/lib/python3.8/site-packages/airflow/example_dags/example_sensors.py                                                                   1           0  0.14s           2025-07-03T18:01:47
/home/airflow/.local/lib/python3.8/site-packages/airflow/example_dags/example_task_group.py                                                                1           0  0.25s           2025-07-03T18:01:49
/home/airflow/.local/lib/python3.8/site-packages/airflow/example_dags/example_branch_operator_decorator.py                                                 1           0  0.39s           2025-07-03T18:01:49
/home/airflow/.local/lib/python3.8/site-packages/airflow/example_dags/example_local_kubernetes_executor.py                                                 1           0  0.45s           2025-07-03T18:01:50
/home/airflow/.local/lib/python3.8/site-packages/airflow/example_dags/example_setup_teardown_taskflow.py                                                   1           0  0.28s           2025-07-03T18:01:50
/home/airflow/.local/lib/python3.8/site-packages/airflow/example_dags/example_task_group_decorator.py                                                      1           0  0.18s           2025-07-03T18:01:53
/home/airflow/.local/lib/python3.8/site-packages/airflow/example_dags/example_dynamic_task_mapping.py                                                      1           0  0.26s           2025-07-03T18:01:54
/home/airflow/.local/lib/python3.8/site-packages/airflow/example_dags/example_short_circuit_decorator.py                                                   1           0  0.17s           2025-07-03T18:01:54
/home/airflow/.local/lib/python3.8/site-packages/airflow/example_dags/tutorial_taskflow_api_virtualenv.py                                                  1           0  0.33s           2025-07-03T18:01:56
/home/airflow/.local/lib/python3.8/site-packages/airflow/example_dags/example_bash_operator.py                                                             1           0  0.49s           2025-07-03T18:01:59
/home/airflow/.local/lib/python3.8/site-packages/airflow/example_dags/example_kubernetes_executor.py                                                       1           0  0.53s           2025-07-03T18:01:58
/home/airflow/.local/lib/python3.8/site-packages/airflow/example_dags/example_dag_decorator.py                                                             1           0  0.70s           2025-07-03T18:01:54
/home/airflow/.local/lib/python3.8/site-packages/airflow/example_dags/example_branch_labels.py                                                             1           0  0.29s           2025-07-03T18:01:58
/home/airflow/.local/lib/python3.8/site-packages/airflow/example_dags/example_short_circuit_operator.py                                                    1           0  0.71s           2025-07-03T18:02:03
/home/airflow/.local/lib/python3.8/site-packages/airflow/example_dags/example_python_decorator.py                                                          1           0  0.43s           2025-07-03T18:02:03
/home/airflow/.local/lib/python3.8/site-packages/airflow/example_dags/example_setup_teardown.py                                                            1           0  0.53s           2025-07-03T18:02:05
/home/airflow/.local/lib/python3.8/site-packages/airflow/example_dags/example_complex.py                                                                   1           0  0.64s           2025-07-03T18:02:05
/home/airflow/.local/lib/python3.8/site-packages/airflow/example_dags/example_branch_operator.py                                                           1           0  0.97s           2025-07-03T18:02:06
/home/airflow/.local/lib/python3.8/site-packages/airflow/example_dags/example_branch_day_of_week_operator.py                                               1           0  0.75s           2025-07-03T18:02:06
/home/airflow/.local/lib/python3.8/site-packages/airflow/example_dags/example_trigger_target_dag.py                                                        1           0  1.25s           2025-07-03T18:02:07
/home/airflow/.local/lib/python3.8/site-packages/airflow/example_dags/example_skip_dag.py                                                                  1           0  1.27s           2025-07-03T18:02:07
/home/airflow/.local/lib/python3.8/site-packages/airflow/example_dags/example_latest_only_with_trigger.py                                                  1           0  0.92s           2025-07-03T18:02:08
/home/airflow/.local/lib/python3.8/site-packages/airflow/example_dags/example_sla_dag.py                                                                   1           0  0.76s           2025-07-03T18:02:09
/home/airflow/.local/lib/python3.8/site-packages/airflow/example_dags/example_sensor_decorator.py                                                          1           0  0.72s           2025-07-03T18:02:09
/home/airflow/.local/lib/python3.8/site-packages/airflow/example_dags/example_xcomargs.py                                                                  2           0  0.15s           2025-07-03T18:01:47
/home/airflow/.local/lib/python3.8/site-packages/airflow/example_dags/example_external_task_marker_dag.py                                                  2           0  0.30s           2025-07-03T18:01:59
/home/airflow/.local/lib/python3.8/site-packages/airflow/example_dags/example_subdag_operator.py                                                           3           0  0.27s           2025-07-03T18:01:47
/home/airflow/.local/lib/python3.8/site-packages/airflow/example_dags/example_branch_datetime_operator.py                                                  3           0  0.30s           2025-07-03T18:01:50
/home/airflow/.local/lib/python3.8/site-packages/airflow/example_dags/example_datasets.py                                                                  6           0  0.46s           2025-07-03T18:01:52
================================================================================
[2025-07-03T18:02:47.357+0000] {manager.py:879} INFO - 
================================================================================
DAG File Processing Stats

File Path                                                                                                                           PID  Runtime      # DAGs    # Errors  Last Runtime    Last Run
--------------------------------------------------------------------------------------------------------------------------------  -----  ---------  --------  ----------  --------------  -------------------
/home/airflow/.local/lib/python3.8/site-packages/airflow/example_dags/plugins/listener_plugin.py                                                           0           0  0.07s           2025-07-03T18:02:40
/home/airflow/.local/lib/python3.8/site-packages/airflow/example_dags/plugins/event_listener.py                                                            0           0  0.08s           2025-07-03T18:02:40
/home/airflow/.local/lib/python3.8/site-packages/airflow/example_dags/plugins/workday.py                                           3621  2.04s             0           0  2.88s           2025-07-03T18:02:14
/home/airflow/.local/lib/python3.8/site-packages/airflow/example_dags/subdags/subdag.py                                                                    0           0  0.05s           2025-07-03T18:02:40
/home/airflow/.local/lib/python3.8/site-packages/airflow/example_dags/example_python_operator.py                                                           1           0  0.31s           2025-07-03T18:02:34
/home/airflow/.local/lib/python3.8/site-packages/airflow/example_dags/example_branch_python_dop_operator_3.py                                              1           0  0.25s           2025-07-03T18:02:34
/home/airflow/.local/lib/python3.8/site-packages/airflow/example_dags/tutorial_dag.py                                                                      1           0  0.15s           2025-07-03T18:02:34
/home/airflow/.local/lib/python3.8/site-packages/airflow/example_dags/example_xcom.py                                                                      1           0  0.27s           2025-07-03T18:02:40
/home/airflow/.local/lib/python3.8/site-packages/airflow/example_dags/tutorial.py                                                                          1           0  0.71s           2025-07-03T18:02:39
/home/airflow/.local/lib/python3.8/site-packages/airflow/example_dags/tutorial_taskflow_api.py                                                             1           0  0.13s           2025-07-03T18:02:41
/home/airflow/.local/lib/python3.8/site-packages/airflow/example_dags/example_trigger_controller_dag.py                                                    1           0  0.32s           2025-07-03T18:02:41
/home/airflow/.local/lib/python3.8/site-packages/airflow/example_dags/example_params_ui_tutorial.py                                                        1           0  0.73s           2025-07-03T18:02:44
/home/airflow/.local/lib/python3.8/site-packages/airflow/example_dags/example_latest_only.py                                                               1           0  0.33s           2025-07-03T18:02:41
/home/airflow/.local/lib/python3.8/site-packages/airflow/example_dags/tutorial_objectstorage.py                                                            1           0  0.50s           2025-07-03T18:02:43
/home/airflow/.local/lib/python3.8/site-packages/airflow/example_dags/example_time_delta_sensor_async.py                                                   1           0  0.27s           2025-07-03T18:02:42
/home/airflow/.local/lib/python3.8/site-packages/airflow/example_dags/example_passing_params_via_test_command.py                                           1           0  1.28s           2025-07-03T18:02:46
/home/airflow/.local/lib/python3.8/site-packages/airflow/example_dags/example_nested_branch_dag.py                                 3624  0.83s             1           0  0.85s           2025-07-03T18:02:15
/home/airflow/.local/lib/python3.8/site-packages/airflow/example_dags/example_dynamic_task_mapping_with_no_taskflow_operators.py                           1           0  0.42s           2025-07-03T18:02:15
/home/airflow/.local/lib/python3.8/site-packages/airflow/example_dags/example_params_trigger_ui.py                                                         1           0  0.16s           2025-07-03T18:02:17
/home/airflow/.local/lib/python3.8/site-packages/airflow/example_dags/example_sensors.py                                                                   1           0  0.12s           2025-07-03T18:02:18
/home/airflow/.local/lib/python3.8/site-packages/airflow/example_dags/example_task_group.py                                                                1           0  0.25s           2025-07-03T18:02:19
/home/airflow/.local/lib/python3.8/site-packages/airflow/example_dags/example_branch_operator_decorator.py                                                 1           0  0.31s           2025-07-03T18:02:19
/home/airflow/.local/lib/python3.8/site-packages/airflow/example_dags/example_local_kubernetes_executor.py                                                 1           0  0.25s           2025-07-03T18:02:20
/home/airflow/.local/lib/python3.8/site-packages/airflow/example_dags/example_setup_teardown_taskflow.py                                                   1           0  0.19s           2025-07-03T18:02:20
/home/airflow/.local/lib/python3.8/site-packages/airflow/example_dags/example_task_group_decorator.py                                                      1           0  0.13s           2025-07-03T18:02:23
/home/airflow/.local/lib/python3.8/site-packages/airflow/example_dags/example_dynamic_task_mapping.py                                                      1           0  0.11s           2025-07-03T18:02:24
/home/airflow/.local/lib/python3.8/site-packages/airflow/example_dags/example_short_circuit_decorator.py                                                   1           0  0.15s           2025-07-03T18:02:25
/home/airflow/.local/lib/python3.8/site-packages/airflow/example_dags/tutorial_taskflow_api_virtualenv.py                                                  1           0  0.11s           2025-07-03T18:02:26
/home/airflow/.local/lib/python3.8/site-packages/airflow/example_dags/example_bash_operator.py                                                             1           0  0.65s           2025-07-03T18:02:30
/home/airflow/.local/lib/python3.8/site-packages/airflow/example_dags/example_kubernetes_executor.py                                                       1           0  0.48s           2025-07-03T18:02:29
/home/airflow/.local/lib/python3.8/site-packages/airflow/example_dags/example_dag_decorator.py                                                             1           0  0.53s           2025-07-03T18:02:25
/home/airflow/.local/lib/python3.8/site-packages/airflow/example_dags/example_branch_labels.py                                                             1           0  0.39s           2025-07-03T18:02:28
/home/airflow/.local/lib/python3.8/site-packages/airflow/example_dags/example_short_circuit_operator.py                                                    1           0  0.38s           2025-07-03T18:02:33
/home/airflow/.local/lib/python3.8/site-packages/airflow/example_dags/example_python_decorator.py                                                          1           0  0.45s           2025-07-03T18:02:33
/home/airflow/.local/lib/python3.8/site-packages/airflow/example_dags/example_setup_teardown.py                                                            1           0  0.27s           2025-07-03T18:02:36
/home/airflow/.local/lib/python3.8/site-packages/airflow/example_dags/example_complex.py                                                                   1           0  0.42s           2025-07-03T18:02:36
/home/airflow/.local/lib/python3.8/site-packages/airflow/example_dags/example_branch_operator.py                                                           1           0  0.69s           2025-07-03T18:02:37
/home/airflow/.local/lib/python3.8/site-packages/airflow/example_dags/example_branch_day_of_week_operator.py                                               1           0  0.30s           2025-07-03T18:02:36
/home/airflow/.local/lib/python3.8/site-packages/airflow/example_dags/example_trigger_target_dag.py                                                        1           0  0.12s           2025-07-03T18:02:38
/home/airflow/.local/lib/python3.8/site-packages/airflow/example_dags/example_skip_dag.py                                                                  1           0  0.29s           2025-07-03T18:02:38
/home/airflow/.local/lib/python3.8/site-packages/airflow/example_dags/example_latest_only_with_trigger.py                                                  1           0  0.68s           2025-07-03T18:02:39
/home/airflow/.local/lib/python3.8/site-packages/airflow/example_dags/example_sla_dag.py                                                                   1           0  0.41s           2025-07-03T18:02:40
/home/airflow/.local/lib/python3.8/site-packages/airflow/example_dags/example_sensor_decorator.py                                                          1           0  0.20s           2025-07-03T18:02:40
/home/airflow/.local/lib/python3.8/site-packages/airflow/example_dags/example_xcomargs.py                                                                  2           0  0.27s           2025-07-03T18:02:18
/home/airflow/.local/lib/python3.8/site-packages/airflow/example_dags/example_external_task_marker_dag.py                                                  2           0  0.43s           2025-07-03T18:02:30
/home/airflow/.local/lib/python3.8/site-packages/airflow/example_dags/example_subdag_operator.py                                                           3           0  0.31s           2025-07-03T18:02:18
/home/airflow/.local/lib/python3.8/site-packages/airflow/example_dags/example_branch_datetime_operator.py                                                  3           0  0.30s           2025-07-03T18:02:20
/home/airflow/.local/lib/python3.8/site-packages/airflow/example_dags/example_datasets.py                                                                  6           0  0.18s           2025-07-03T18:02:23
================================================================================
[2025-07-03T18:03:18.287+0000] {manager.py:879} INFO - 
================================================================================
DAG File Processing Stats

File Path                                                                                                                           PID  Runtime      # DAGs    # Errors  Last Runtime    Last Run
--------------------------------------------------------------------------------------------------------------------------------  -----  ---------  --------  ----------  --------------  -------------------
/home/airflow/.local/lib/python3.8/site-packages/airflow/example_dags/plugins/listener_plugin.py                                                           0           0  0.42s           2025-07-03T18:03:12
/home/airflow/.local/lib/python3.8/site-packages/airflow/example_dags/plugins/event_listener.py                                                            0           0  0.44s           2025-07-03T18:03:12
/home/airflow/.local/lib/python3.8/site-packages/airflow/example_dags/plugins/workday.py                                                                   0           0  3.11s           2025-07-03T18:02:48
/home/airflow/.local/lib/python3.8/site-packages/airflow/example_dags/subdags/subdag.py                                                                    0           0  0.43s           2025-07-03T18:03:13
/home/airflow/.local/lib/python3.8/site-packages/airflow/example_dags/example_python_operator.py                                                           1           0  0.75s           2025-07-03T18:03:05
/home/airflow/.local/lib/python3.8/site-packages/airflow/example_dags/example_branch_python_dop_operator_3.py                                              1           0  0.83s           2025-07-03T18:03:05
/home/airflow/.local/lib/python3.8/site-packages/airflow/example_dags/tutorial_dag.py                                                                      1           0  0.89s           2025-07-03T18:03:07
/home/airflow/.local/lib/python3.8/site-packages/airflow/example_dags/example_xcom.py                                                                      1           0  1.12s           2025-07-03T18:03:14
/home/airflow/.local/lib/python3.8/site-packages/airflow/example_dags/tutorial.py                                                                          1           0  0.83s           2025-07-03T18:03:11
/home/airflow/.local/lib/python3.8/site-packages/airflow/example_dags/tutorial_taskflow_api.py                                                             1           0  1.13s           2025-07-03T18:03:14
/home/airflow/.local/lib/python3.8/site-packages/airflow/example_dags/example_trigger_controller_dag.py                                                    1           0  1.26s           2025-07-03T18:03:15
/home/airflow/.local/lib/python3.8/site-packages/airflow/example_dags/example_params_ui_tutorial.py                                                        1           0  1.10s           2025-07-03T18:03:16
/home/airflow/.local/lib/python3.8/site-packages/airflow/example_dags/example_latest_only.py                                                               1           0  0.92s           2025-07-03T18:03:15
/home/airflow/.local/lib/python3.8/site-packages/airflow/example_dags/tutorial_objectstorage.py                                                            1           0  0.49s           2025-07-03T18:03:16
/home/airflow/.local/lib/python3.8/site-packages/airflow/example_dags/example_time_delta_sensor_async.py                                                   1           0  0.48s           2025-07-03T18:03:15
/home/airflow/.local/lib/python3.8/site-packages/airflow/example_dags/example_passing_params_via_test_command.py                                           1           0  0.77s           2025-07-03T18:03:17
/home/airflow/.local/lib/python3.8/site-packages/airflow/example_dags/example_nested_branch_dag.py                                 3679  0.03s             1           0  1.40s           2025-07-03T18:02:47
/home/airflow/.local/lib/python3.8/site-packages/airflow/example_dags/example_dynamic_task_mapping_with_no_taskflow_operators.py                           1           0  1.31s           2025-07-03T18:02:49
/home/airflow/.local/lib/python3.8/site-packages/airflow/example_dags/example_params_trigger_ui.py                                                         1           0  1.33s           2025-07-03T18:02:49
/home/airflow/.local/lib/python3.8/site-packages/airflow/example_dags/example_sensors.py                                                                   1           0  0.98s           2025-07-03T18:02:51
/home/airflow/.local/lib/python3.8/site-packages/airflow/example_dags/example_task_group.py                                                                1           0  0.99s           2025-07-03T18:02:51
/home/airflow/.local/lib/python3.8/site-packages/airflow/example_dags/example_branch_operator_decorator.py                                                 1           0  1.07s           2025-07-03T18:02:52
/home/airflow/.local/lib/python3.8/site-packages/airflow/example_dags/example_local_kubernetes_executor.py                                                 1           0  1.55s           2025-07-03T18:02:54
/home/airflow/.local/lib/python3.8/site-packages/airflow/example_dags/example_setup_teardown_taskflow.py                                                   1           0  0.92s           2025-07-03T18:02:52
/home/airflow/.local/lib/python3.8/site-packages/airflow/example_dags/example_task_group_decorator.py                                                      1           0  1.20s           2025-07-03T18:02:55
/home/airflow/.local/lib/python3.8/site-packages/airflow/example_dags/example_dynamic_task_mapping.py                                                      1           0  0.84s           2025-07-03T18:02:56
/home/airflow/.local/lib/python3.8/site-packages/airflow/example_dags/example_short_circuit_decorator.py                                                   1           0  0.89s           2025-07-03T18:02:56
/home/airflow/.local/lib/python3.8/site-packages/airflow/example_dags/tutorial_taskflow_api_virtualenv.py                                                  1           0  0.93s           2025-07-03T18:02:57
/home/airflow/.local/lib/python3.8/site-packages/airflow/example_dags/example_bash_operator.py                                                             1           0  1.14s           2025-07-03T18:03:02
/home/airflow/.local/lib/python3.8/site-packages/airflow/example_dags/example_kubernetes_executor.py                                                       1           0  1.82s           2025-07-03T18:03:01
/home/airflow/.local/lib/python3.8/site-packages/airflow/example_dags/example_dag_decorator.py                                                             1           0  1.62s           2025-07-03T18:02:58
/home/airflow/.local/lib/python3.8/site-packages/airflow/example_dags/example_branch_labels.py                                                             1           0  1.74s           2025-07-03T18:03:01
/home/airflow/.local/lib/python3.8/site-packages/airflow/example_dags/example_short_circuit_operator.py                                                    1           0  1.38s           2025-07-03T18:03:06
/home/airflow/.local/lib/python3.8/site-packages/airflow/example_dags/example_python_decorator.py                                                          1           0  1.42s           2025-07-03T18:03:06
/home/airflow/.local/lib/python3.8/site-packages/airflow/example_dags/example_setup_teardown.py                                                            1           0  0.96s           2025-07-03T18:03:07
/home/airflow/.local/lib/python3.8/site-packages/airflow/example_dags/example_complex.py                                                                   1           0  0.89s           2025-07-03T18:03:08
/home/airflow/.local/lib/python3.8/site-packages/airflow/example_dags/example_branch_operator.py                                                           1           0  0.93s           2025-07-03T18:03:08
/home/airflow/.local/lib/python3.8/site-packages/airflow/example_dags/example_branch_day_of_week_operator.py                                               1           0  0.65s           2025-07-03T18:03:08
/home/airflow/.local/lib/python3.8/site-packages/airflow/example_dags/example_trigger_target_dag.py                                                        1           0  0.74s           2025-07-03T18:03:09
/home/airflow/.local/lib/python3.8/site-packages/airflow/example_dags/example_skip_dag.py                                                                  1           0  0.61s           2025-07-03T18:03:09
/home/airflow/.local/lib/python3.8/site-packages/airflow/example_dags/example_latest_only_with_trigger.py                                                  1           0  0.86s           2025-07-03T18:03:11
/home/airflow/.local/lib/python3.8/site-packages/airflow/example_dags/example_sla_dag.py                                                                   1           0  1.10s           2025-07-03T18:03:12
/home/airflow/.local/lib/python3.8/site-packages/airflow/example_dags/example_sensor_decorator.py                                                          1           0  0.90s           2025-07-03T18:03:12
/home/airflow/.local/lib/python3.8/site-packages/airflow/example_dags/example_xcomargs.py                                                                  2           0  0.98s           2025-07-03T18:02:50
/home/airflow/.local/lib/python3.8/site-packages/airflow/example_dags/example_external_task_marker_dag.py                                                  2           0  1.07s           2025-07-03T18:03:02
/home/airflow/.local/lib/python3.8/site-packages/airflow/example_dags/example_subdag_operator.py                                                           3           0  1.33s           2025-07-03T18:02:50
/home/airflow/.local/lib/python3.8/site-packages/airflow/example_dags/example_branch_datetime_operator.py                                                  3           0  1.93s           2025-07-03T18:02:54
/home/airflow/.local/lib/python3.8/site-packages/airflow/example_dags/example_datasets.py                                                                  6           0  1.59s           2025-07-03T18:02:55
================================================================================
[2025-07-03T18:03:48.963+0000] {manager.py:879} INFO - 
================================================================================
DAG File Processing Stats

File Path                                                                                                                           PID  Runtime      # DAGs    # Errors  Last Runtime    Last Run
--------------------------------------------------------------------------------------------------------------------------------  -----  ---------  --------  ----------  --------------  -------------------
/home/airflow/.local/lib/python3.8/site-packages/airflow/example_dags/plugins/listener_plugin.py                                                           0           0  0.42s           2025-07-03T18:03:12
/home/airflow/.local/lib/python3.8/site-packages/airflow/example_dags/plugins/event_listener.py                                                            0           0  0.44s           2025-07-03T18:03:12
/home/airflow/.local/lib/python3.8/site-packages/airflow/example_dags/plugins/workday.py                                                                   0           0  5.58s           2025-07-03T18:03:23
/home/airflow/.local/lib/python3.8/site-packages/airflow/example_dags/subdags/subdag.py                                                                    0           0  0.43s           2025-07-03T18:03:13
/home/airflow/.local/lib/python3.8/site-packages/airflow/example_dags/example_python_operator.py                                   3709  2.82s             1           0  0.75s           2025-07-03T18:03:05
/home/airflow/.local/lib/python3.8/site-packages/airflow/example_dags/example_branch_python_dop_operator_3.py                      3710  0.70s             1           0  0.83s           2025-07-03T18:03:05
/home/airflow/.local/lib/python3.8/site-packages/airflow/example_dags/tutorial_dag.py                                                                      1           0  0.89s           2025-07-03T18:03:07
/home/airflow/.local/lib/python3.8/site-packages/airflow/example_dags/example_xcom.py                                                                      1           0  1.12s           2025-07-03T18:03:14
/home/airflow/.local/lib/python3.8/site-packages/airflow/example_dags/tutorial.py                                                                          1           0  0.83s           2025-07-03T18:03:11
/home/airflow/.local/lib/python3.8/site-packages/airflow/example_dags/tutorial_taskflow_api.py                                                             1           0  1.13s           2025-07-03T18:03:14
/home/airflow/.local/lib/python3.8/site-packages/airflow/example_dags/example_trigger_controller_dag.py                                                    1           0  1.26s           2025-07-03T18:03:15
/home/airflow/.local/lib/python3.8/site-packages/airflow/example_dags/example_params_ui_tutorial.py                                                        1           0  1.10s           2025-07-03T18:03:16
/home/airflow/.local/lib/python3.8/site-packages/airflow/example_dags/example_latest_only.py                                                               1           0  0.92s           2025-07-03T18:03:15
/home/airflow/.local/lib/python3.8/site-packages/airflow/example_dags/tutorial_objectstorage.py                                                            1           0  0.49s           2025-07-03T18:03:16
/home/airflow/.local/lib/python3.8/site-packages/airflow/example_dags/example_time_delta_sensor_async.py                                                   1           0  0.48s           2025-07-03T18:03:15
/home/airflow/.local/lib/python3.8/site-packages/airflow/example_dags/example_passing_params_via_test_command.py                                           1           0  0.77s           2025-07-03T18:03:17
/home/airflow/.local/lib/python3.8/site-packages/airflow/example_dags/example_nested_branch_dag.py                                                         1           0  0.97s           2025-07-03T18:03:19
/home/airflow/.local/lib/python3.8/site-packages/airflow/example_dags/example_dynamic_task_mapping_with_no_taskflow_operators.py                           1           0  1.16s           2025-07-03T18:03:20
/home/airflow/.local/lib/python3.8/site-packages/airflow/example_dags/example_params_trigger_ui.py                                                         1           0  2.82s           2025-07-03T18:03:23
/home/airflow/.local/lib/python3.8/site-packages/airflow/example_dags/example_sensors.py                                                                   1           0  3.86s           2025-07-03T18:03:29
/home/airflow/.local/lib/python3.8/site-packages/airflow/example_dags/example_task_group.py                                                                1           0  4.89s           2025-07-03T18:03:32
/home/airflow/.local/lib/python3.8/site-packages/airflow/example_dags/example_branch_operator_decorator.py                                                 1           0  5.74s           2025-07-03T18:03:35
/home/airflow/.local/lib/python3.8/site-packages/airflow/example_dags/example_local_kubernetes_executor.py                                                 1           0  4.14s           2025-07-03T18:03:37
/home/airflow/.local/lib/python3.8/site-packages/airflow/example_dags/example_setup_teardown_taskflow.py                                                   1           0  4.62s           2025-07-03T18:03:39
/home/airflow/.local/lib/python3.8/site-packages/airflow/example_dags/example_task_group_decorator.py                                                      1           0  5.23s           2025-07-03T18:03:47
/home/airflow/.local/lib/python3.8/site-packages/airflow/example_dags/example_dynamic_task_mapping.py                                                      1           0  0.84s           2025-07-03T18:02:56
/home/airflow/.local/lib/python3.8/site-packages/airflow/example_dags/example_short_circuit_decorator.py                                                   1           0  0.89s           2025-07-03T18:02:56
/home/airflow/.local/lib/python3.8/site-packages/airflow/example_dags/tutorial_taskflow_api_virtualenv.py                                                  1           0  0.93s           2025-07-03T18:02:57
/home/airflow/.local/lib/python3.8/site-packages/airflow/example_dags/example_bash_operator.py                                                             1           0  1.14s           2025-07-03T18:03:02
/home/airflow/.local/lib/python3.8/site-packages/airflow/example_dags/example_kubernetes_executor.py                                                       1           0  1.82s           2025-07-03T18:03:01
/home/airflow/.local/lib/python3.8/site-packages/airflow/example_dags/example_dag_decorator.py                                                             1           0  1.62s           2025-07-03T18:02:58
/home/airflow/.local/lib/python3.8/site-packages/airflow/example_dags/example_branch_labels.py                                                             1           0  1.74s           2025-07-03T18:03:01
/home/airflow/.local/lib/python3.8/site-packages/airflow/example_dags/example_short_circuit_operator.py                                                    1           0  1.38s           2025-07-03T18:03:06
/home/airflow/.local/lib/python3.8/site-packages/airflow/example_dags/example_python_decorator.py                                                          1           0  1.42s           2025-07-03T18:03:06
/home/airflow/.local/lib/python3.8/site-packages/airflow/example_dags/example_setup_teardown.py                                                            1           0  0.96s           2025-07-03T18:03:07
/home/airflow/.local/lib/python3.8/site-packages/airflow/example_dags/example_complex.py                                                                   1           0  0.89s           2025-07-03T18:03:08
/home/airflow/.local/lib/python3.8/site-packages/airflow/example_dags/example_branch_operator.py                                                           1           0  0.93s           2025-07-03T18:03:08
/home/airflow/.local/lib/python3.8/site-packages/airflow/example_dags/example_branch_day_of_week_operator.py                                               1           0  0.65s           2025-07-03T18:03:08
/home/airflow/.local/lib/python3.8/site-packages/airflow/example_dags/example_trigger_target_dag.py                                                        1           0  0.74s           2025-07-03T18:03:09
/home/airflow/.local/lib/python3.8/site-packages/airflow/example_dags/example_skip_dag.py                                                                  1           0  0.61s           2025-07-03T18:03:09
/home/airflow/.local/lib/python3.8/site-packages/airflow/example_dags/example_latest_only_with_trigger.py                                                  1           0  0.86s           2025-07-03T18:03:11
/home/airflow/.local/lib/python3.8/site-packages/airflow/example_dags/example_sla_dag.py                                                                   1           0  1.10s           2025-07-03T18:03:12
/home/airflow/.local/lib/python3.8/site-packages/airflow/example_dags/example_sensor_decorator.py                                                          1           0  0.90s           2025-07-03T18:03:12
/home/airflow/.local/lib/python3.8/site-packages/airflow/example_dags/example_xcomargs.py                                                                  2           0  1.68s           2025-07-03T18:03:25
/home/airflow/.local/lib/python3.8/site-packages/airflow/example_dags/example_external_task_marker_dag.py                                                  2           0  1.07s           2025-07-03T18:03:02
/home/airflow/.local/lib/python3.8/site-packages/airflow/example_dags/example_subdag_operator.py                                                           3           0  4.58s           2025-07-03T18:03:28
/home/airflow/.local/lib/python3.8/site-packages/airflow/example_dags/example_branch_datetime_operator.py                                                  3           0  5.44s           2025-07-03T18:03:42
/home/airflow/.local/lib/python3.8/site-packages/airflow/example_dags/example_datasets.py                                                                  6           0  5.69s           2025-07-03T18:03:45
================================================================================
[2025-07-03T18:04:19.902+0000] {manager.py:879} INFO - 
================================================================================
DAG File Processing Stats

File Path                                                                                                                           PID  Runtime      # DAGs    # Errors  Last Runtime    Last Run
--------------------------------------------------------------------------------------------------------------------------------  -----  ---------  --------  ----------  --------------  -------------------
/home/airflow/.local/lib/python3.8/site-packages/airflow/example_dags/plugins/listener_plugin.py                                                           0           0  0.42s           2025-07-03T18:03:12
/home/airflow/.local/lib/python3.8/site-packages/airflow/example_dags/plugins/event_listener.py                                                            0           0  0.44s           2025-07-03T18:03:12
/home/airflow/.local/lib/python3.8/site-packages/airflow/example_dags/plugins/workday.py                                                                   0           0  5.58s           2025-07-03T18:03:23
/home/airflow/.local/lib/python3.8/site-packages/airflow/example_dags/subdags/subdag.py                                                                    0           0  0.43s           2025-07-03T18:03:13
/home/airflow/.local/lib/python3.8/site-packages/airflow/example_dags/example_python_operator.py                                                           1           0  6.13s           2025-07-03T18:03:51
/home/airflow/.local/lib/python3.8/site-packages/airflow/example_dags/example_branch_python_dop_operator_3.py                                              1           0  5.86s           2025-07-03T18:03:53
/home/airflow/.local/lib/python3.8/site-packages/airflow/example_dags/tutorial_dag.py                                                                      1           0  4.68s           2025-07-03T18:03:56
/home/airflow/.local/lib/python3.8/site-packages/airflow/example_dags/example_xcom.py                                                                      1           0  1.12s           2025-07-03T18:03:14
/home/airflow/.local/lib/python3.8/site-packages/airflow/example_dags/tutorial.py                                                                          1           0  4.50s           2025-07-03T18:03:58
/home/airflow/.local/lib/python3.8/site-packages/airflow/example_dags/tutorial_taskflow_api.py                                                             1           0  1.13s           2025-07-03T18:03:14
/home/airflow/.local/lib/python3.8/site-packages/airflow/example_dags/example_trigger_controller_dag.py                                                    1           0  1.26s           2025-07-03T18:03:15
/home/airflow/.local/lib/python3.8/site-packages/airflow/example_dags/example_params_ui_tutorial.py                                                        1           0  1.10s           2025-07-03T18:03:16
/home/airflow/.local/lib/python3.8/site-packages/airflow/example_dags/example_latest_only.py                                                               1           0  0.92s           2025-07-03T18:03:15
/home/airflow/.local/lib/python3.8/site-packages/airflow/example_dags/tutorial_objectstorage.py                                                            1           0  0.49s           2025-07-03T18:03:16
/home/airflow/.local/lib/python3.8/site-packages/airflow/example_dags/example_time_delta_sensor_async.py                                                   1           0  0.48s           2025-07-03T18:03:15
/home/airflow/.local/lib/python3.8/site-packages/airflow/example_dags/example_passing_params_via_test_command.py                                           1           0  0.77s           2025-07-03T18:03:17
/home/airflow/.local/lib/python3.8/site-packages/airflow/example_dags/example_nested_branch_dag.py                                                         1           0  0.97s           2025-07-03T18:03:19
/home/airflow/.local/lib/python3.8/site-packages/airflow/example_dags/example_dynamic_task_mapping_with_no_taskflow_operators.py                           1           0  1.16s           2025-07-03T18:03:20
/home/airflow/.local/lib/python3.8/site-packages/airflow/example_dags/example_params_trigger_ui.py                                                         1           0  2.82s           2025-07-03T18:03:23
/home/airflow/.local/lib/python3.8/site-packages/airflow/example_dags/example_sensors.py                                                                   1           0  3.86s           2025-07-03T18:03:29
/home/airflow/.local/lib/python3.8/site-packages/airflow/example_dags/example_task_group.py                                                                1           0  4.89s           2025-07-03T18:03:32
/home/airflow/.local/lib/python3.8/site-packages/airflow/example_dags/example_branch_operator_decorator.py                                                 1           0  5.74s           2025-07-03T18:03:35
/home/airflow/.local/lib/python3.8/site-packages/airflow/example_dags/example_local_kubernetes_executor.py                                                 1           0  4.14s           2025-07-03T18:03:37
/home/airflow/.local/lib/python3.8/site-packages/airflow/example_dags/example_setup_teardown_taskflow.py                                                   1           0  4.62s           2025-07-03T18:03:39
/home/airflow/.local/lib/python3.8/site-packages/airflow/example_dags/example_task_group_decorator.py                                                      1           0  5.23s           2025-07-03T18:03:47
/home/airflow/.local/lib/python3.8/site-packages/airflow/example_dags/example_dynamic_task_mapping.py                                                      1           0  3.81s           2025-07-03T18:04:00
/home/airflow/.local/lib/python3.8/site-packages/airflow/example_dags/example_short_circuit_decorator.py                                                   1           0  5.14s           2025-07-03T18:04:03
/home/airflow/.local/lib/python3.8/site-packages/airflow/example_dags/tutorial_taskflow_api_virtualenv.py                                                  1           0  5.02s           2025-07-03T18:04:05
/home/airflow/.local/lib/python3.8/site-packages/airflow/example_dags/example_bash_operator.py                                                             1           0  5.78s           2025-07-03T18:04:09
/home/airflow/.local/lib/python3.8/site-packages/airflow/example_dags/example_kubernetes_executor.py                                                       1           0  6.70s           2025-07-03T18:04:12
/home/airflow/.local/lib/python3.8/site-packages/airflow/example_dags/example_dag_decorator.py                                                             1           0  8.54s           2025-07-03T18:04:17
/home/airflow/.local/lib/python3.8/site-packages/airflow/example_dags/example_branch_labels.py                                                             1           0  5.36s           2025-07-03T18:04:18
/home/airflow/.local/lib/python3.8/site-packages/airflow/example_dags/example_short_circuit_operator.py                            3729  1.23s             1           0  1.38s           2025-07-03T18:03:06
/home/airflow/.local/lib/python3.8/site-packages/airflow/example_dags/example_python_decorator.py                                                          1           0  1.42s           2025-07-03T18:03:06
/home/airflow/.local/lib/python3.8/site-packages/airflow/example_dags/example_setup_teardown.py                                                            1           0  0.96s           2025-07-03T18:03:07
/home/airflow/.local/lib/python3.8/site-packages/airflow/example_dags/example_complex.py                                                                   1           0  0.89s           2025-07-03T18:03:08
/home/airflow/.local/lib/python3.8/site-packages/airflow/example_dags/example_branch_operator.py                                                           1           0  0.93s           2025-07-03T18:03:08
/home/airflow/.local/lib/python3.8/site-packages/airflow/example_dags/example_branch_day_of_week_operator.py                                               1           0  0.65s           2025-07-03T18:03:08
/home/airflow/.local/lib/python3.8/site-packages/airflow/example_dags/example_trigger_target_dag.py                                                        1           0  0.74s           2025-07-03T18:03:09
/home/airflow/.local/lib/python3.8/site-packages/airflow/example_dags/example_skip_dag.py                                                                  1           0  0.61s           2025-07-03T18:03:09
/home/airflow/.local/lib/python3.8/site-packages/airflow/example_dags/example_latest_only_with_trigger.py                                                  1           0  0.86s           2025-07-03T18:03:11
/home/airflow/.local/lib/python3.8/site-packages/airflow/example_dags/example_sla_dag.py                                                                   1           0  1.10s           2025-07-03T18:03:12
/home/airflow/.local/lib/python3.8/site-packages/airflow/example_dags/example_sensor_decorator.py                                                          1           0  0.90s           2025-07-03T18:03:12
/home/airflow/.local/lib/python3.8/site-packages/airflow/example_dags/example_xcomargs.py                                                                  2           0  1.68s           2025-07-03T18:03:25
/home/airflow/.local/lib/python3.8/site-packages/airflow/example_dags/example_external_task_marker_dag.py                          3728  1.52s             2           0  1.07s           2025-07-03T18:03:02
/home/airflow/.local/lib/python3.8/site-packages/airflow/example_dags/example_subdag_operator.py                                                           3           0  4.58s           2025-07-03T18:03:28
/home/airflow/.local/lib/python3.8/site-packages/airflow/example_dags/example_branch_datetime_operator.py                                                  3           0  5.44s           2025-07-03T18:03:42
/home/airflow/.local/lib/python3.8/site-packages/airflow/example_dags/example_datasets.py                                                                  6           0  5.69s           2025-07-03T18:03:45
================================================================================
[2025-07-03T18:04:51.033+0000] {manager.py:879} INFO - 
================================================================================
DAG File Processing Stats

File Path                                                                                                                           PID  Runtime      # DAGs    # Errors  Last Runtime    Last Run
--------------------------------------------------------------------------------------------------------------------------------  -----  ---------  --------  ----------  --------------  -------------------
/home/airflow/.local/lib/python3.8/site-packages/airflow/example_dags/plugins/listener_plugin.py                                                           0           0  1.01s           2025-07-03T18:04:44
/home/airflow/.local/lib/python3.8/site-packages/airflow/example_dags/plugins/event_listener.py                                                            0           0  1.00s           2025-07-03T18:04:44
/home/airflow/.local/lib/python3.8/site-packages/airflow/example_dags/plugins/workday.py                                                                   0           0  5.58s           2025-07-03T18:03:23
/home/airflow/.local/lib/python3.8/site-packages/airflow/example_dags/subdags/subdag.py                                                                    0           0  0.84s           2025-07-03T18:04:44
/home/airflow/.local/lib/python3.8/site-packages/airflow/example_dags/example_python_operator.py                                                           1           0  2.89s           2025-07-03T18:04:47
/home/airflow/.local/lib/python3.8/site-packages/airflow/example_dags/example_branch_python_dop_operator_3.py                                              1           0  3.61s           2025-07-03T18:04:48
/home/airflow/.local/lib/python3.8/site-packages/airflow/example_dags/tutorial_dag.py                                                                      1           0  2.69s           2025-07-03T18:04:50
/home/airflow/.local/lib/python3.8/site-packages/airflow/example_dags/example_xcom.py                                              3762  1.52s             1           0  1.12s           2025-07-03T18:03:14
/home/airflow/.local/lib/python3.8/site-packages/airflow/example_dags/tutorial.py                                                  3763  0.13s             1           0  4.50s           2025-07-03T18:03:58
/home/airflow/.local/lib/python3.8/site-packages/airflow/example_dags/tutorial_taskflow_api.py                                                             1           0  1.13s           2025-07-03T18:03:14
/home/airflow/.local/lib/python3.8/site-packages/airflow/example_dags/example_trigger_controller_dag.py                                                    1           0  1.26s           2025-07-03T18:03:15
/home/airflow/.local/lib/python3.8/site-packages/airflow/example_dags/example_params_ui_tutorial.py                                                        1           0  1.10s           2025-07-03T18:03:16
/home/airflow/.local/lib/python3.8/site-packages/airflow/example_dags/example_latest_only.py                                                               1           0  0.92s           2025-07-03T18:03:15
/home/airflow/.local/lib/python3.8/site-packages/airflow/example_dags/tutorial_objectstorage.py                                                            1           0  0.49s           2025-07-03T18:03:16
/home/airflow/.local/lib/python3.8/site-packages/airflow/example_dags/example_time_delta_sensor_async.py                                                   1           0  0.48s           2025-07-03T18:03:15
/home/airflow/.local/lib/python3.8/site-packages/airflow/example_dags/example_passing_params_via_test_command.py                                           1           0  0.77s           2025-07-03T18:03:17
/home/airflow/.local/lib/python3.8/site-packages/airflow/example_dags/example_nested_branch_dag.py                                                         1           0  0.97s           2025-07-03T18:03:19
/home/airflow/.local/lib/python3.8/site-packages/airflow/example_dags/example_dynamic_task_mapping_with_no_taskflow_operators.py                           1           0  1.16s           2025-07-03T18:03:20
/home/airflow/.local/lib/python3.8/site-packages/airflow/example_dags/example_params_trigger_ui.py                                                         1           0  2.82s           2025-07-03T18:03:23
/home/airflow/.local/lib/python3.8/site-packages/airflow/example_dags/example_sensors.py                                                                   1           0  3.86s           2025-07-03T18:03:29
/home/airflow/.local/lib/python3.8/site-packages/airflow/example_dags/example_task_group.py                                                                1           0  4.89s           2025-07-03T18:03:32
/home/airflow/.local/lib/python3.8/site-packages/airflow/example_dags/example_branch_operator_decorator.py                                                 1           0  5.74s           2025-07-03T18:03:35
/home/airflow/.local/lib/python3.8/site-packages/airflow/example_dags/example_local_kubernetes_executor.py                                                 1           0  4.14s           2025-07-03T18:03:37
/home/airflow/.local/lib/python3.8/site-packages/airflow/example_dags/example_setup_teardown_taskflow.py                                                   1           0  4.62s           2025-07-03T18:03:39
/home/airflow/.local/lib/python3.8/site-packages/airflow/example_dags/example_task_group_decorator.py                                                      1           0  5.23s           2025-07-03T18:03:47
/home/airflow/.local/lib/python3.8/site-packages/airflow/example_dags/example_dynamic_task_mapping.py                                                      1           0  3.81s           2025-07-03T18:04:00
/home/airflow/.local/lib/python3.8/site-packages/airflow/example_dags/example_short_circuit_decorator.py                                                   1           0  5.14s           2025-07-03T18:04:03
/home/airflow/.local/lib/python3.8/site-packages/airflow/example_dags/tutorial_taskflow_api_virtualenv.py                                                  1           0  5.02s           2025-07-03T18:04:05
/home/airflow/.local/lib/python3.8/site-packages/airflow/example_dags/example_bash_operator.py                                                             1           0  5.78s           2025-07-03T18:04:09
/home/airflow/.local/lib/python3.8/site-packages/airflow/example_dags/example_kubernetes_executor.py                                                       1           0  6.70s           2025-07-03T18:04:12
/home/airflow/.local/lib/python3.8/site-packages/airflow/example_dags/example_dag_decorator.py                                                             1           0  8.54s           2025-07-03T18:04:17
/home/airflow/.local/lib/python3.8/site-packages/airflow/example_dags/example_branch_labels.py                                                             1           0  5.36s           2025-07-03T18:04:18
/home/airflow/.local/lib/python3.8/site-packages/airflow/example_dags/example_short_circuit_operator.py                                                    1           0  8.42s           2025-07-03T18:04:26
/home/airflow/.local/lib/python3.8/site-packages/airflow/example_dags/example_python_decorator.py                                                          1           0  3.12s           2025-07-03T18:04:29
/home/airflow/.local/lib/python3.8/site-packages/airflow/example_dags/example_setup_teardown.py                                                            1           0  2.92s           2025-07-03T18:04:29
/home/airflow/.local/lib/python3.8/site-packages/airflow/example_dags/example_complex.py                                                                   1           0  3.97s           2025-07-03T18:04:33
/home/airflow/.local/lib/python3.8/site-packages/airflow/example_dags/example_branch_operator.py                                                           1           0  4.55s           2025-07-03T18:04:34
/home/airflow/.local/lib/python3.8/site-packages/airflow/example_dags/example_branch_day_of_week_operator.py                                               1           0  3.23s           2025-07-03T18:04:36
/home/airflow/.local/lib/python3.8/site-packages/airflow/example_dags/example_trigger_target_dag.py                                                        1           0  2.72s           2025-07-03T18:04:37
/home/airflow/.local/lib/python3.8/site-packages/airflow/example_dags/example_skip_dag.py                                                                  1           0  2.93s           2025-07-03T18:04:39
/home/airflow/.local/lib/python3.8/site-packages/airflow/example_dags/example_latest_only_with_trigger.py                                                  1           0  2.95s           2025-07-03T18:04:40
/home/airflow/.local/lib/python3.8/site-packages/airflow/example_dags/example_sla_dag.py                                                                   1           0  3.42s           2025-07-03T18:04:43
/home/airflow/.local/lib/python3.8/site-packages/airflow/example_dags/example_sensor_decorator.py                                                          1           0  2.61s           2025-07-03T18:04:43
/home/airflow/.local/lib/python3.8/site-packages/airflow/example_dags/example_xcomargs.py                                                                  2           0  1.68s           2025-07-03T18:03:25
/home/airflow/.local/lib/python3.8/site-packages/airflow/example_dags/example_external_task_marker_dag.py                                                  2           0  5.48s           2025-07-03T18:04:23
/home/airflow/.local/lib/python3.8/site-packages/airflow/example_dags/example_subdag_operator.py                                                           3           0  4.58s           2025-07-03T18:03:28
/home/airflow/.local/lib/python3.8/site-packages/airflow/example_dags/example_branch_datetime_operator.py                                                  3           0  5.44s           2025-07-03T18:03:42
/home/airflow/.local/lib/python3.8/site-packages/airflow/example_dags/example_datasets.py                                                                  6           0  5.69s           2025-07-03T18:03:45
================================================================================
[2025-07-03T18:05:22.112+0000] {manager.py:879} INFO - 
================================================================================
DAG File Processing Stats

File Path                                                                                                                           PID  Runtime      # DAGs    # Errors  Last Runtime    Last Run
--------------------------------------------------------------------------------------------------------------------------------  -----  ---------  --------  ----------  --------------  -------------------
/home/airflow/.local/lib/python3.8/site-packages/airflow/example_dags/plugins/listener_plugin.py                                                           0           0  1.01s           2025-07-03T18:04:44
/home/airflow/.local/lib/python3.8/site-packages/airflow/example_dags/plugins/event_listener.py                                                            0           0  1.00s           2025-07-03T18:04:44
/home/airflow/.local/lib/python3.8/site-packages/airflow/example_dags/plugins/workday.py                                                                   0           0  5.58s           2025-07-03T18:03:23
/home/airflow/.local/lib/python3.8/site-packages/airflow/example_dags/subdags/subdag.py                                                                    0           0  0.84s           2025-07-03T18:04:44
/home/airflow/.local/lib/python3.8/site-packages/airflow/example_dags/example_python_operator.py                                                           1           0  2.89s           2025-07-03T18:04:47
/home/airflow/.local/lib/python3.8/site-packages/airflow/example_dags/example_branch_python_dop_operator_3.py                                              1           0  3.61s           2025-07-03T18:04:48
/home/airflow/.local/lib/python3.8/site-packages/airflow/example_dags/tutorial_dag.py                                                                      1           0  2.69s           2025-07-03T18:04:50
/home/airflow/.local/lib/python3.8/site-packages/airflow/example_dags/example_xcom.py                                                                      1           0  3.57s           2025-07-03T18:04:52
/home/airflow/.local/lib/python3.8/site-packages/airflow/example_dags/tutorial.py                                                                          1           0  3.56s           2025-07-03T18:04:53
/home/airflow/.local/lib/python3.8/site-packages/airflow/example_dags/tutorial_taskflow_api.py                                                             1           0  3.04s           2025-07-03T18:04:55
/home/airflow/.local/lib/python3.8/site-packages/airflow/example_dags/example_trigger_controller_dag.py                                                    1           0  3.44s           2025-07-03T18:04:57
/home/airflow/.local/lib/python3.8/site-packages/airflow/example_dags/example_params_ui_tutorial.py                                                        1           0  5.76s           2025-07-03T18:05:01
/home/airflow/.local/lib/python3.8/site-packages/airflow/example_dags/example_latest_only.py                                                               1           0  3.04s           2025-07-03T18:05:00
/home/airflow/.local/lib/python3.8/site-packages/airflow/example_dags/tutorial_objectstorage.py                                                            1           0  3.42s           2025-07-03T18:05:03
/home/airflow/.local/lib/python3.8/site-packages/airflow/example_dags/example_time_delta_sensor_async.py                                                   1           0  3.96s           2025-07-03T18:05:05
/home/airflow/.local/lib/python3.8/site-packages/airflow/example_dags/example_passing_params_via_test_command.py                                           1           0  3.77s           2025-07-03T18:05:07
/home/airflow/.local/lib/python3.8/site-packages/airflow/example_dags/example_nested_branch_dag.py                                                         1           0  3.48s           2025-07-03T18:05:08
/home/airflow/.local/lib/python3.8/site-packages/airflow/example_dags/example_dynamic_task_mapping_with_no_taskflow_operators.py                           1           0  3.21s           2025-07-03T18:05:10
/home/airflow/.local/lib/python3.8/site-packages/airflow/example_dags/example_params_trigger_ui.py                                                         1           0  5.61s           2025-07-03T18:05:14
/home/airflow/.local/lib/python3.8/site-packages/airflow/example_dags/example_sensors.py                                                                   1           0  2.83s           2025-07-03T18:05:18
/home/airflow/.local/lib/python3.8/site-packages/airflow/example_dags/example_task_group.py                                                                1           0  3.49s           2025-07-03T18:05:21
/home/airflow/.local/lib/python3.8/site-packages/airflow/example_dags/example_branch_operator_decorator.py                         3786  2.82s             1           0  5.74s           2025-07-03T18:03:35
/home/airflow/.local/lib/python3.8/site-packages/airflow/example_dags/example_local_kubernetes_executor.py                         3787  0.25s             1           0  4.14s           2025-07-03T18:03:37
/home/airflow/.local/lib/python3.8/site-packages/airflow/example_dags/example_setup_teardown_taskflow.py                                                   1           0  4.62s           2025-07-03T18:03:39
/home/airflow/.local/lib/python3.8/site-packages/airflow/example_dags/example_task_group_decorator.py                                                      1           0  5.23s           2025-07-03T18:03:47
/home/airflow/.local/lib/python3.8/site-packages/airflow/example_dags/example_dynamic_task_mapping.py                                                      1           0  3.81s           2025-07-03T18:04:00
/home/airflow/.local/lib/python3.8/site-packages/airflow/example_dags/example_short_circuit_decorator.py                                                   1           0  5.14s           2025-07-03T18:04:03
/home/airflow/.local/lib/python3.8/site-packages/airflow/example_dags/tutorial_taskflow_api_virtualenv.py                                                  1           0  5.02s           2025-07-03T18:04:05
/home/airflow/.local/lib/python3.8/site-packages/airflow/example_dags/example_bash_operator.py                                                             1           0  5.78s           2025-07-03T18:04:09
/home/airflow/.local/lib/python3.8/site-packages/airflow/example_dags/example_kubernetes_executor.py                                                       1           0  6.70s           2025-07-03T18:04:12
/home/airflow/.local/lib/python3.8/site-packages/airflow/example_dags/example_dag_decorator.py                                                             1           0  8.54s           2025-07-03T18:04:17
/home/airflow/.local/lib/python3.8/site-packages/airflow/example_dags/example_branch_labels.py                                                             1           0  5.36s           2025-07-03T18:04:18
/home/airflow/.local/lib/python3.8/site-packages/airflow/example_dags/example_short_circuit_operator.py                                                    1           0  8.42s           2025-07-03T18:04:26
/home/airflow/.local/lib/python3.8/site-packages/airflow/example_dags/example_python_decorator.py                                                          1           0  3.12s           2025-07-03T18:04:29
/home/airflow/.local/lib/python3.8/site-packages/airflow/example_dags/example_setup_teardown.py                                                            1           0  2.92s           2025-07-03T18:04:29
/home/airflow/.local/lib/python3.8/site-packages/airflow/example_dags/example_complex.py                                                                   1           0  3.97s           2025-07-03T18:04:33
/home/airflow/.local/lib/python3.8/site-packages/airflow/example_dags/example_branch_operator.py                                                           1           0  4.55s           2025-07-03T18:04:34
/home/airflow/.local/lib/python3.8/site-packages/airflow/example_dags/example_branch_day_of_week_operator.py                                               1           0  3.23s           2025-07-03T18:04:36
/home/airflow/.local/lib/python3.8/site-packages/airflow/example_dags/example_trigger_target_dag.py                                                        1           0  2.72s           2025-07-03T18:04:37
/home/airflow/.local/lib/python3.8/site-packages/airflow/example_dags/example_skip_dag.py                                                                  1           0  2.93s           2025-07-03T18:04:39
/home/airflow/.local/lib/python3.8/site-packages/airflow/example_dags/example_latest_only_with_trigger.py                                                  1           0  2.95s           2025-07-03T18:04:40
/home/airflow/.local/lib/python3.8/site-packages/airflow/example_dags/example_sla_dag.py                                                                   1           0  3.42s           2025-07-03T18:04:43
/home/airflow/.local/lib/python3.8/site-packages/airflow/example_dags/example_sensor_decorator.py                                                          1           0  2.61s           2025-07-03T18:04:43
/home/airflow/.local/lib/python3.8/site-packages/airflow/example_dags/example_xcomargs.py                                                                  2           0  3.16s           2025-07-03T18:05:17
/home/airflow/.local/lib/python3.8/site-packages/airflow/example_dags/example_external_task_marker_dag.py                                                  2           0  5.48s           2025-07-03T18:04:23
/home/airflow/.local/lib/python3.8/site-packages/airflow/example_dags/example_subdag_operator.py                                                           3           0  4.84s           2025-07-03T18:05:15
/home/airflow/.local/lib/python3.8/site-packages/airflow/example_dags/example_branch_datetime_operator.py                                                  3           0  5.44s           2025-07-03T18:03:42
/home/airflow/.local/lib/python3.8/site-packages/airflow/example_dags/example_datasets.py                                                                  6           0  5.69s           2025-07-03T18:03:45
================================================================================
[2025-07-03T18:05:24.534+0000] {manager.py:738} INFO - Searching for files in /opt/airflow/dags
[2025-07-03T18:05:25.577+0000] {manager.py:741} INFO - There are 48 files in /opt/airflow/dags
[2025-07-03T18:05:52.384+0000] {manager.py:879} INFO - 
================================================================================
DAG File Processing Stats

File Path                                                                                                                           PID  Runtime      # DAGs    # Errors  Last Runtime    Last Run
--------------------------------------------------------------------------------------------------------------------------------  -----  ---------  --------  ----------  --------------  -------------------
/home/airflow/.local/lib/python3.8/site-packages/airflow/example_dags/plugins/listener_plugin.py                                                           0           0  1.01s           2025-07-03T18:04:44
/home/airflow/.local/lib/python3.8/site-packages/airflow/example_dags/plugins/event_listener.py                                                            0           0  1.00s           2025-07-03T18:04:44
/home/airflow/.local/lib/python3.8/site-packages/airflow/example_dags/plugins/workday.py                                           3804  7.59s             0           0  5.58s           2025-07-03T18:03:23
/home/airflow/.local/lib/python3.8/site-packages/airflow/example_dags/subdags/subdag.py                                                                    0           0  0.84s           2025-07-03T18:04:44
/home/airflow/.local/lib/python3.8/site-packages/airflow/example_dags/example_python_operator.py                                                           1           0  3.22s           2025-07-03T18:05:48
/home/airflow/.local/lib/python3.8/site-packages/airflow/example_dags/example_branch_python_dop_operator_3.py                      3813  3.51s             1           0  3.61s           2025-07-03T18:04:48
/home/airflow/.local/lib/python3.8/site-packages/airflow/example_dags/tutorial_dag.py                                                                      1           0  2.69s           2025-07-03T18:04:50
/home/airflow/.local/lib/python3.8/site-packages/airflow/example_dags/example_xcom.py                                                                      1           0  3.57s           2025-07-03T18:04:52
/home/airflow/.local/lib/python3.8/site-packages/airflow/example_dags/tutorial.py                                                                          1           0  3.56s           2025-07-03T18:04:53
/home/airflow/.local/lib/python3.8/site-packages/airflow/example_dags/tutorial_taskflow_api.py                                                             1           0  3.04s           2025-07-03T18:04:55
/home/airflow/.local/lib/python3.8/site-packages/airflow/example_dags/example_trigger_controller_dag.py                                                    1           0  3.44s           2025-07-03T18:04:57
/home/airflow/.local/lib/python3.8/site-packages/airflow/example_dags/example_params_ui_tutorial.py                                                        1           0  5.76s           2025-07-03T18:05:01
/home/airflow/.local/lib/python3.8/site-packages/airflow/example_dags/example_latest_only.py                                                               1           0  3.04s           2025-07-03T18:05:00
/home/airflow/.local/lib/python3.8/site-packages/airflow/example_dags/tutorial_objectstorage.py                                                            1           0  3.42s           2025-07-03T18:05:03
/home/airflow/.local/lib/python3.8/site-packages/airflow/example_dags/example_time_delta_sensor_async.py                                                   1           0  3.96s           2025-07-03T18:05:05
/home/airflow/.local/lib/python3.8/site-packages/airflow/example_dags/example_passing_params_via_test_command.py                                           1           0  3.77s           2025-07-03T18:05:07
/home/airflow/.local/lib/python3.8/site-packages/airflow/example_dags/example_nested_branch_dag.py                                                         1           0  3.48s           2025-07-03T18:05:08
/home/airflow/.local/lib/python3.8/site-packages/airflow/example_dags/example_dynamic_task_mapping_with_no_taskflow_operators.py                           1           0  3.21s           2025-07-03T18:05:10
/home/airflow/.local/lib/python3.8/site-packages/airflow/example_dags/example_params_trigger_ui.py                                                         1           0  5.61s           2025-07-03T18:05:14
/home/airflow/.local/lib/python3.8/site-packages/airflow/example_dags/example_sensors.py                                                                   1           0  2.83s           2025-07-03T18:05:18
/home/airflow/.local/lib/python3.8/site-packages/airflow/example_dags/example_task_group.py                                                                1           0  3.49s           2025-07-03T18:05:21
/home/airflow/.local/lib/python3.8/site-packages/airflow/example_dags/example_branch_operator_decorator.py                                                 1           0  5.03s           2025-07-03T18:05:23
/home/airflow/.local/lib/python3.8/site-packages/airflow/example_dags/example_local_kubernetes_executor.py                                                 1           0  4.74s           2025-07-03T18:05:25
/home/airflow/.local/lib/python3.8/site-packages/airflow/example_dags/example_setup_teardown_taskflow.py                                                   1           0  3.34s           2025-07-03T18:05:27
/home/airflow/.local/lib/python3.8/site-packages/airflow/example_dags/example_task_group_decorator.py                                                      1           0  5.04s           2025-07-03T18:05:36
/home/airflow/.local/lib/python3.8/site-packages/airflow/example_dags/example_dynamic_task_mapping.py                                                      1           0  3.33s           2025-07-03T18:05:37
/home/airflow/.local/lib/python3.8/site-packages/airflow/example_dags/example_short_circuit_decorator.py                                                   1           0  4.17s           2025-07-03T18:05:40
/home/airflow/.local/lib/python3.8/site-packages/airflow/example_dags/tutorial_taskflow_api_virtualenv.py                                                  1           0  2.96s           2025-07-03T18:05:40
/home/airflow/.local/lib/python3.8/site-packages/airflow/example_dags/example_bash_operator.py                                                             1           0  4.26s           2025-07-03T18:05:44
/home/airflow/.local/lib/python3.8/site-packages/airflow/example_dags/example_kubernetes_executor.py                                                       1           0  4.14s           2025-07-03T18:05:44
/home/airflow/.local/lib/python3.8/site-packages/airflow/example_dags/example_dag_decorator.py                                                             1           0  8.54s           2025-07-03T18:04:17
/home/airflow/.local/lib/python3.8/site-packages/airflow/example_dags/example_branch_labels.py                                                             1           0  5.36s           2025-07-03T18:04:18
/home/airflow/.local/lib/python3.8/site-packages/airflow/example_dags/example_short_circuit_operator.py                                                    1           0  8.42s           2025-07-03T18:04:26
/home/airflow/.local/lib/python3.8/site-packages/airflow/example_dags/example_python_decorator.py                                                          1           0  3.12s           2025-07-03T18:04:29
/home/airflow/.local/lib/python3.8/site-packages/airflow/example_dags/example_setup_teardown.py                                                            1           0  2.92s           2025-07-03T18:04:29
/home/airflow/.local/lib/python3.8/site-packages/airflow/example_dags/example_complex.py                                                                   1           0  3.97s           2025-07-03T18:04:33
/home/airflow/.local/lib/python3.8/site-packages/airflow/example_dags/example_branch_operator.py                                                           1           0  4.55s           2025-07-03T18:04:34
/home/airflow/.local/lib/python3.8/site-packages/airflow/example_dags/example_branch_day_of_week_operator.py                                               1           0  3.23s           2025-07-03T18:04:36
/home/airflow/.local/lib/python3.8/site-packages/airflow/example_dags/example_trigger_target_dag.py                                                        1           0  2.72s           2025-07-03T18:04:37
/home/airflow/.local/lib/python3.8/site-packages/airflow/example_dags/example_skip_dag.py                                                                  1           0  2.93s           2025-07-03T18:04:39
/home/airflow/.local/lib/python3.8/site-packages/airflow/example_dags/example_latest_only_with_trigger.py                                                  1           0  2.95s           2025-07-03T18:04:40
/home/airflow/.local/lib/python3.8/site-packages/airflow/example_dags/example_sla_dag.py                                                                   1           0  3.42s           2025-07-03T18:04:43
/home/airflow/.local/lib/python3.8/site-packages/airflow/example_dags/example_sensor_decorator.py                                                          1           0  2.61s           2025-07-03T18:04:43
/home/airflow/.local/lib/python3.8/site-packages/airflow/example_dags/example_xcomargs.py                                                                  2           0  3.16s           2025-07-03T18:05:17
/home/airflow/.local/lib/python3.8/site-packages/airflow/example_dags/example_external_task_marker_dag.py                                                  2           0  5.48s           2025-07-03T18:04:23
/home/airflow/.local/lib/python3.8/site-packages/airflow/example_dags/example_subdag_operator.py                                                           3           0  4.84s           2025-07-03T18:05:15
/home/airflow/.local/lib/python3.8/site-packages/airflow/example_dags/example_branch_datetime_operator.py                                                  3           0  4.98s           2025-07-03T18:05:30
/home/airflow/.local/lib/python3.8/site-packages/airflow/example_dags/example_datasets.py                                                                  6           0  6.58s           2025-07-03T18:05:33
================================================================================
[2025-07-03T18:06:23.297+0000] {manager.py:879} INFO - 
================================================================================
DAG File Processing Stats

File Path                                                                                                                           PID  Runtime      # DAGs    # Errors  Last Runtime    Last Run
--------------------------------------------------------------------------------------------------------------------------------  -----  ---------  --------  ----------  --------------  -------------------
/home/airflow/.local/lib/python3.8/site-packages/airflow/example_dags/plugins/listener_plugin.py                                                           0           0  1.01s           2025-07-03T18:04:44
/home/airflow/.local/lib/python3.8/site-packages/airflow/example_dags/plugins/event_listener.py                                                            0           0  1.00s           2025-07-03T18:04:44
/home/airflow/.local/lib/python3.8/site-packages/airflow/example_dags/plugins/workday.py                                                                   0           0  20.06s          2025-07-03T18:06:04
/home/airflow/.local/lib/python3.8/site-packages/airflow/example_dags/subdags/subdag.py                                                                    0           0  0.84s           2025-07-03T18:04:44
/home/airflow/.local/lib/python3.8/site-packages/airflow/example_dags/example_python_operator.py                                                           1           0  3.22s           2025-07-03T18:05:48
/home/airflow/.local/lib/python3.8/site-packages/airflow/example_dags/example_branch_python_dop_operator_3.py                                              1           0  4.92s           2025-07-03T18:05:53
/home/airflow/.local/lib/python3.8/site-packages/airflow/example_dags/tutorial_dag.py                                                                      1           0  3.53s           2025-07-03T18:05:57
/home/airflow/.local/lib/python3.8/site-packages/airflow/example_dags/example_xcom.py                                                                      1           0  3.70s           2025-07-03T18:06:01
/home/airflow/.local/lib/python3.8/site-packages/airflow/example_dags/tutorial.py                                                                          1           0  4.42s           2025-07-03T18:06:05
/home/airflow/.local/lib/python3.8/site-packages/airflow/example_dags/tutorial_taskflow_api.py                                                             1           0  3.01s           2025-07-03T18:06:07
/home/airflow/.local/lib/python3.8/site-packages/airflow/example_dags/example_trigger_controller_dag.py                                                    1           0  3.92s           2025-07-03T18:06:09
/home/airflow/.local/lib/python3.8/site-packages/airflow/example_dags/example_params_ui_tutorial.py                                                        1           0  7.31s           2025-07-03T18:06:15
/home/airflow/.local/lib/python3.8/site-packages/airflow/example_dags/example_latest_only.py                                                               1           0  4.29s           2025-07-03T18:06:13
/home/airflow/.local/lib/python3.8/site-packages/airflow/example_dags/tutorial_objectstorage.py                                                            1           0  3.90s           2025-07-03T18:06:17
/home/airflow/.local/lib/python3.8/site-packages/airflow/example_dags/example_time_delta_sensor_async.py                                                   1           0  3.58s           2025-07-03T18:06:18
/home/airflow/.local/lib/python3.8/site-packages/airflow/example_dags/example_passing_params_via_test_command.py                   3832  4.89s             1           0  3.77s           2025-07-03T18:05:07
/home/airflow/.local/lib/python3.8/site-packages/airflow/example_dags/example_nested_branch_dag.py                                 3833  3.96s             1           0  3.48s           2025-07-03T18:05:08
/home/airflow/.local/lib/python3.8/site-packages/airflow/example_dags/example_dynamic_task_mapping_with_no_taskflow_operators.py                           1           0  3.21s           2025-07-03T18:05:10
/home/airflow/.local/lib/python3.8/site-packages/airflow/example_dags/example_params_trigger_ui.py                                                         1           0  5.61s           2025-07-03T18:05:14
/home/airflow/.local/lib/python3.8/site-packages/airflow/example_dags/example_sensors.py                                                                   1           0  2.83s           2025-07-03T18:05:18
/home/airflow/.local/lib/python3.8/site-packages/airflow/example_dags/example_task_group.py                                                                1           0  3.49s           2025-07-03T18:05:21
/home/airflow/.local/lib/python3.8/site-packages/airflow/example_dags/example_branch_operator_decorator.py                                                 1           0  5.03s           2025-07-03T18:05:23
/home/airflow/.local/lib/python3.8/site-packages/airflow/example_dags/example_local_kubernetes_executor.py                                                 1           0  4.74s           2025-07-03T18:05:25
/home/airflow/.local/lib/python3.8/site-packages/airflow/example_dags/example_setup_teardown_taskflow.py                                                   1           0  3.34s           2025-07-03T18:05:27
/home/airflow/.local/lib/python3.8/site-packages/airflow/example_dags/example_task_group_decorator.py                                                      1           0  5.04s           2025-07-03T18:05:36
/home/airflow/.local/lib/python3.8/site-packages/airflow/example_dags/example_dynamic_task_mapping.py                                                      1           0  3.33s           2025-07-03T18:05:37
/home/airflow/.local/lib/python3.8/site-packages/airflow/example_dags/example_short_circuit_decorator.py                                                   1           0  4.17s           2025-07-03T18:05:40
/home/airflow/.local/lib/python3.8/site-packages/airflow/example_dags/tutorial_taskflow_api_virtualenv.py                                                  1           0  2.96s           2025-07-03T18:05:40
/home/airflow/.local/lib/python3.8/site-packages/airflow/example_dags/example_bash_operator.py                                                             1           0  4.26s           2025-07-03T18:05:44
/home/airflow/.local/lib/python3.8/site-packages/airflow/example_dags/example_kubernetes_executor.py                                                       1           0  4.14s           2025-07-03T18:05:44
/home/airflow/.local/lib/python3.8/site-packages/airflow/example_dags/example_dag_decorator.py                                                             1           0  8.54s           2025-07-03T18:04:17
/home/airflow/.local/lib/python3.8/site-packages/airflow/example_dags/example_branch_labels.py                                                             1           0  5.36s           2025-07-03T18:04:18
/home/airflow/.local/lib/python3.8/site-packages/airflow/example_dags/example_short_circuit_operator.py                                                    1           0  8.42s           2025-07-03T18:04:26
/home/airflow/.local/lib/python3.8/site-packages/airflow/example_dags/example_python_decorator.py                                                          1           0  3.12s           2025-07-03T18:04:29
/home/airflow/.local/lib/python3.8/site-packages/airflow/example_dags/example_setup_teardown.py                                                            1           0  2.92s           2025-07-03T18:04:29
/home/airflow/.local/lib/python3.8/site-packages/airflow/example_dags/example_complex.py                                                                   1           0  3.97s           2025-07-03T18:04:33
/home/airflow/.local/lib/python3.8/site-packages/airflow/example_dags/example_branch_operator.py                                                           1           0  4.55s           2025-07-03T18:04:34
/home/airflow/.local/lib/python3.8/site-packages/airflow/example_dags/example_branch_day_of_week_operator.py                                               1           0  3.23s           2025-07-03T18:04:36
/home/airflow/.local/lib/python3.8/site-packages/airflow/example_dags/example_trigger_target_dag.py                                                        1           0  2.72s           2025-07-03T18:04:37
/home/airflow/.local/lib/python3.8/site-packages/airflow/example_dags/example_skip_dag.py                                                                  1           0  2.93s           2025-07-03T18:04:39
/home/airflow/.local/lib/python3.8/site-packages/airflow/example_dags/example_latest_only_with_trigger.py                                                  1           0  2.95s           2025-07-03T18:04:40
/home/airflow/.local/lib/python3.8/site-packages/airflow/example_dags/example_sla_dag.py                                                                   1           0  3.42s           2025-07-03T18:04:43
/home/airflow/.local/lib/python3.8/site-packages/airflow/example_dags/example_sensor_decorator.py                                                          1           0  2.61s           2025-07-03T18:04:43
/home/airflow/.local/lib/python3.8/site-packages/airflow/example_dags/example_xcomargs.py                                                                  2           0  3.16s           2025-07-03T18:05:17
/home/airflow/.local/lib/python3.8/site-packages/airflow/example_dags/example_external_task_marker_dag.py                                                  2           0  5.48s           2025-07-03T18:04:23
/home/airflow/.local/lib/python3.8/site-packages/airflow/example_dags/example_subdag_operator.py                                                           3           0  4.84s           2025-07-03T18:05:15
/home/airflow/.local/lib/python3.8/site-packages/airflow/example_dags/example_branch_datetime_operator.py                                                  3           0  4.98s           2025-07-03T18:05:30
/home/airflow/.local/lib/python3.8/site-packages/airflow/example_dags/example_datasets.py                                                                  6           0  6.58s           2025-07-03T18:05:33
================================================================================
[2025-07-03T18:06:54.771+0000] {manager.py:879} INFO - 
================================================================================
DAG File Processing Stats

File Path                                                                                                                           PID  Runtime      # DAGs    # Errors  Last Runtime    Last Run
--------------------------------------------------------------------------------------------------------------------------------  -----  ---------  --------  ----------  --------------  -------------------
/home/airflow/.local/lib/python3.8/site-packages/airflow/example_dags/plugins/listener_plugin.py                                                           0           0  1.01s           2025-07-03T18:04:44
/home/airflow/.local/lib/python3.8/site-packages/airflow/example_dags/plugins/event_listener.py                                                            0           0  1.00s           2025-07-03T18:04:44
/home/airflow/.local/lib/python3.8/site-packages/airflow/example_dags/plugins/workday.py                                                                   0           0  20.06s          2025-07-03T18:06:04
/home/airflow/.local/lib/python3.8/site-packages/airflow/example_dags/subdags/subdag.py                                                                    0           0  0.84s           2025-07-03T18:04:44
/home/airflow/.local/lib/python3.8/site-packages/airflow/example_dags/example_python_operator.py                                                           1           0  3.22s           2025-07-03T18:05:48
/home/airflow/.local/lib/python3.8/site-packages/airflow/example_dags/example_branch_python_dop_operator_3.py                                              1           0  4.92s           2025-07-03T18:05:53
/home/airflow/.local/lib/python3.8/site-packages/airflow/example_dags/tutorial_dag.py                                                                      1           0  3.53s           2025-07-03T18:05:57
/home/airflow/.local/lib/python3.8/site-packages/airflow/example_dags/example_xcom.py                                                                      1           0  3.70s           2025-07-03T18:06:01
/home/airflow/.local/lib/python3.8/site-packages/airflow/example_dags/tutorial.py                                                                          1           0  4.42s           2025-07-03T18:06:05
/home/airflow/.local/lib/python3.8/site-packages/airflow/example_dags/tutorial_taskflow_api.py                                                             1           0  3.01s           2025-07-03T18:06:07
/home/airflow/.local/lib/python3.8/site-packages/airflow/example_dags/example_trigger_controller_dag.py                                                    1           0  3.92s           2025-07-03T18:06:09
/home/airflow/.local/lib/python3.8/site-packages/airflow/example_dags/example_params_ui_tutorial.py                                                        1           0  7.31s           2025-07-03T18:06:15
/home/airflow/.local/lib/python3.8/site-packages/airflow/example_dags/example_latest_only.py                                                               1           0  4.29s           2025-07-03T18:06:13
/home/airflow/.local/lib/python3.8/site-packages/airflow/example_dags/tutorial_objectstorage.py                                                            1           0  3.90s           2025-07-03T18:06:17
/home/airflow/.local/lib/python3.8/site-packages/airflow/example_dags/example_time_delta_sensor_async.py                                                   1           0  3.58s           2025-07-03T18:06:18
/home/airflow/.local/lib/python3.8/site-packages/airflow/example_dags/example_passing_params_via_test_command.py                                           1           0  5.46s           2025-07-03T18:06:23
/home/airflow/.local/lib/python3.8/site-packages/airflow/example_dags/example_nested_branch_dag.py                                                         1           0  5.68s           2025-07-03T18:06:24
/home/airflow/.local/lib/python3.8/site-packages/airflow/example_dags/example_dynamic_task_mapping_with_no_taskflow_operators.py                           1           0  4.51s           2025-07-03T18:06:28
/home/airflow/.local/lib/python3.8/site-packages/airflow/example_dags/example_params_trigger_ui.py                                                         1           0  6.46s           2025-07-03T18:06:30
/home/airflow/.local/lib/python3.8/site-packages/airflow/example_dags/example_sensors.py                                                                   1           0  2.83s           2025-07-03T18:05:18
/home/airflow/.local/lib/python3.8/site-packages/airflow/example_dags/example_task_group.py                                                                1           0  3.49s           2025-07-03T18:05:21
/home/airflow/.local/lib/python3.8/site-packages/airflow/example_dags/example_branch_operator_decorator.py                                                 1           0  5.03s           2025-07-03T18:05:23
/home/airflow/.local/lib/python3.8/site-packages/airflow/example_dags/example_local_kubernetes_executor.py                                                 1           0  4.74s           2025-07-03T18:05:25
/home/airflow/.local/lib/python3.8/site-packages/airflow/example_dags/example_setup_teardown_taskflow.py                                                   1           0  3.34s           2025-07-03T18:05:27
/home/airflow/.local/lib/python3.8/site-packages/airflow/example_dags/example_task_group_decorator.py                                                      1           0  5.04s           2025-07-03T18:05:36
/home/airflow/.local/lib/python3.8/site-packages/airflow/example_dags/example_dynamic_task_mapping.py                                                      1           0  3.33s           2025-07-03T18:05:37
/home/airflow/.local/lib/python3.8/site-packages/airflow/example_dags/example_short_circuit_decorator.py                                                   1           0  4.17s           2025-07-03T18:05:40
/home/airflow/.local/lib/python3.8/site-packages/airflow/example_dags/tutorial_taskflow_api_virtualenv.py                                                  1           0  2.96s           2025-07-03T18:05:40
/home/airflow/.local/lib/python3.8/site-packages/airflow/example_dags/example_bash_operator.py                                                             1           0  4.26s           2025-07-03T18:05:44
/home/airflow/.local/lib/python3.8/site-packages/airflow/example_dags/example_kubernetes_executor.py                                                       1           0  4.14s           2025-07-03T18:05:44
/home/airflow/.local/lib/python3.8/site-packages/airflow/example_dags/example_dag_decorator.py                                                             1           0  17.42s          2025-07-03T18:06:45
/home/airflow/.local/lib/python3.8/site-packages/airflow/example_dags/example_branch_labels.py                                                             1           0  5.02s           2025-07-03T18:06:36
/home/airflow/.local/lib/python3.8/site-packages/airflow/example_dags/example_short_circuit_operator.py                                                    1           0  6.17s           2025-07-03T18:06:46
/home/airflow/.local/lib/python3.8/site-packages/airflow/example_dags/example_python_decorator.py                                                          1           0  5.30s           2025-07-03T18:06:50
/home/airflow/.local/lib/python3.8/site-packages/airflow/example_dags/example_setup_teardown.py                                                            1           0  5.04s           2025-07-03T18:06:51
/home/airflow/.local/lib/python3.8/site-packages/airflow/example_dags/example_complex.py                                           3851  2.54s             1           0  3.97s           2025-07-03T18:04:33
/home/airflow/.local/lib/python3.8/site-packages/airflow/example_dags/example_branch_operator.py                                   3858  1.15s             1           0  4.55s           2025-07-03T18:04:34
/home/airflow/.local/lib/python3.8/site-packages/airflow/example_dags/example_branch_day_of_week_operator.py                                               1           0  3.23s           2025-07-03T18:04:36
/home/airflow/.local/lib/python3.8/site-packages/airflow/example_dags/example_trigger_target_dag.py                                                        1           0  2.72s           2025-07-03T18:04:37
/home/airflow/.local/lib/python3.8/site-packages/airflow/example_dags/example_skip_dag.py                                                                  1           0  2.93s           2025-07-03T18:04:39
/home/airflow/.local/lib/python3.8/site-packages/airflow/example_dags/example_latest_only_with_trigger.py                                                  1           0  2.95s           2025-07-03T18:04:40
/home/airflow/.local/lib/python3.8/site-packages/airflow/example_dags/example_sla_dag.py                                                                   1           0  3.42s           2025-07-03T18:04:43
/home/airflow/.local/lib/python3.8/site-packages/airflow/example_dags/example_sensor_decorator.py                                                          1           0  2.61s           2025-07-03T18:04:43
/home/airflow/.local/lib/python3.8/site-packages/airflow/example_dags/example_xcomargs.py                                                                  2           0  3.16s           2025-07-03T18:05:17
/home/airflow/.local/lib/python3.8/site-packages/airflow/example_dags/example_external_task_marker_dag.py                                                  2           0  4.13s           2025-07-03T18:06:40
/home/airflow/.local/lib/python3.8/site-packages/airflow/example_dags/example_subdag_operator.py                                                           3           0  4.84s           2025-07-03T18:05:15
/home/airflow/.local/lib/python3.8/site-packages/airflow/example_dags/example_branch_datetime_operator.py                                                  3           0  4.98s           2025-07-03T18:05:30
/home/airflow/.local/lib/python3.8/site-packages/airflow/example_dags/example_datasets.py                                                                  6           0  6.58s           2025-07-03T18:05:33
================================================================================
[2025-07-03T18:07:26.359+0000] {manager.py:879} INFO - 
================================================================================
DAG File Processing Stats

File Path                                                                                                                           PID  Runtime      # DAGs    # Errors  Last Runtime    Last Run
--------------------------------------------------------------------------------------------------------------------------------  -----  ---------  --------  ----------  --------------  -------------------
/home/airflow/.local/lib/python3.8/site-packages/airflow/example_dags/plugins/listener_plugin.py                                                           0           0  1.67s           2025-07-03T18:07:14
/home/airflow/.local/lib/python3.8/site-packages/airflow/example_dags/plugins/event_listener.py                                                            0           0  1.66s           2025-07-03T18:07:15
/home/airflow/.local/lib/python3.8/site-packages/airflow/example_dags/plugins/workday.py                                                                   0           0  20.06s          2025-07-03T18:06:04
/home/airflow/.local/lib/python3.8/site-packages/airflow/example_dags/subdags/subdag.py                                                                    0           0  1.40s           2025-07-03T18:07:15
/home/airflow/.local/lib/python3.8/site-packages/airflow/example_dags/example_python_operator.py                                                           1           0  4.12s           2025-07-03T18:07:19
/home/airflow/.local/lib/python3.8/site-packages/airflow/example_dags/example_branch_python_dop_operator_3.py                                              1           0  6.33s           2025-07-03T18:07:23
/home/airflow/.local/lib/python3.8/site-packages/airflow/example_dags/tutorial_dag.py                                                                      1           0  4.89s           2025-07-03T18:07:24
/home/airflow/.local/lib/python3.8/site-packages/airflow/example_dags/example_xcom.py                                              3880  2.35s             1           0  3.70s           2025-07-03T18:06:01
/home/airflow/.local/lib/python3.8/site-packages/airflow/example_dags/tutorial.py                                                  3881  1.19s             1           0  4.42s           2025-07-03T18:06:05
/home/airflow/.local/lib/python3.8/site-packages/airflow/example_dags/tutorial_taskflow_api.py                                                             1           0  3.01s           2025-07-03T18:06:07
/home/airflow/.local/lib/python3.8/site-packages/airflow/example_dags/example_trigger_controller_dag.py                                                    1           0  3.92s           2025-07-03T18:06:09
/home/airflow/.local/lib/python3.8/site-packages/airflow/example_dags/example_params_ui_tutorial.py                                                        1           0  7.31s           2025-07-03T18:06:15
/home/airflow/.local/lib/python3.8/site-packages/airflow/example_dags/example_latest_only.py                                                               1           0  4.29s           2025-07-03T18:06:13
/home/airflow/.local/lib/python3.8/site-packages/airflow/example_dags/tutorial_objectstorage.py                                                            1           0  3.90s           2025-07-03T18:06:17
/home/airflow/.local/lib/python3.8/site-packages/airflow/example_dags/example_time_delta_sensor_async.py                                                   1           0  3.58s           2025-07-03T18:06:18
/home/airflow/.local/lib/python3.8/site-packages/airflow/example_dags/example_passing_params_via_test_command.py                                           1           0  5.46s           2025-07-03T18:06:23
/home/airflow/.local/lib/python3.8/site-packages/airflow/example_dags/example_nested_branch_dag.py                                                         1           0  5.68s           2025-07-03T18:06:24
/home/airflow/.local/lib/python3.8/site-packages/airflow/example_dags/example_dynamic_task_mapping_with_no_taskflow_operators.py                           1           0  4.51s           2025-07-03T18:06:28
/home/airflow/.local/lib/python3.8/site-packages/airflow/example_dags/example_params_trigger_ui.py                                                         1           0  6.46s           2025-07-03T18:06:30
/home/airflow/.local/lib/python3.8/site-packages/airflow/example_dags/example_sensors.py                                                                   1           0  2.83s           2025-07-03T18:05:18
/home/airflow/.local/lib/python3.8/site-packages/airflow/example_dags/example_task_group.py                                                                1           0  3.49s           2025-07-03T18:05:21
/home/airflow/.local/lib/python3.8/site-packages/airflow/example_dags/example_branch_operator_decorator.py                                                 1           0  5.03s           2025-07-03T18:05:23
/home/airflow/.local/lib/python3.8/site-packages/airflow/example_dags/example_local_kubernetes_executor.py                                                 1           0  4.74s           2025-07-03T18:05:25
/home/airflow/.local/lib/python3.8/site-packages/airflow/example_dags/example_setup_teardown_taskflow.py                                                   1           0  3.34s           2025-07-03T18:05:27
/home/airflow/.local/lib/python3.8/site-packages/airflow/example_dags/example_task_group_decorator.py                                                      1           0  5.04s           2025-07-03T18:05:36
/home/airflow/.local/lib/python3.8/site-packages/airflow/example_dags/example_dynamic_task_mapping.py                                                      1           0  3.33s           2025-07-03T18:05:37
/home/airflow/.local/lib/python3.8/site-packages/airflow/example_dags/example_short_circuit_decorator.py                                                   1           0  4.17s           2025-07-03T18:05:40
/home/airflow/.local/lib/python3.8/site-packages/airflow/example_dags/tutorial_taskflow_api_virtualenv.py                                                  1           0  2.96s           2025-07-03T18:05:40
/home/airflow/.local/lib/python3.8/site-packages/airflow/example_dags/example_bash_operator.py                                                             1           0  4.26s           2025-07-03T18:05:44
/home/airflow/.local/lib/python3.8/site-packages/airflow/example_dags/example_kubernetes_executor.py                                                       1           0  4.14s           2025-07-03T18:05:44
/home/airflow/.local/lib/python3.8/site-packages/airflow/example_dags/example_dag_decorator.py                                                             1           0  17.42s          2025-07-03T18:06:45
/home/airflow/.local/lib/python3.8/site-packages/airflow/example_dags/example_branch_labels.py                                                             1           0  5.02s           2025-07-03T18:06:36
/home/airflow/.local/lib/python3.8/site-packages/airflow/example_dags/example_short_circuit_operator.py                                                    1           0  6.17s           2025-07-03T18:06:46
/home/airflow/.local/lib/python3.8/site-packages/airflow/example_dags/example_python_decorator.py                                                          1           0  5.30s           2025-07-03T18:06:50
/home/airflow/.local/lib/python3.8/site-packages/airflow/example_dags/example_setup_teardown.py                                                            1           0  5.04s           2025-07-03T18:06:51
/home/airflow/.local/lib/python3.8/site-packages/airflow/example_dags/example_complex.py                                                                   1           0  6.89s           2025-07-03T18:06:57
/home/airflow/.local/lib/python3.8/site-packages/airflow/example_dags/example_branch_operator.py                                                           1           0  7.16s           2025-07-03T18:06:59
/home/airflow/.local/lib/python3.8/site-packages/airflow/example_dags/example_branch_day_of_week_operator.py                                               1           0  5.34s           2025-07-03T18:07:03
/home/airflow/.local/lib/python3.8/site-packages/airflow/example_dags/example_trigger_target_dag.py                                                        1           0  3.55s           2025-07-03T18:07:03
/home/airflow/.local/lib/python3.8/site-packages/airflow/example_dags/example_skip_dag.py                                                                  1           0  4.74s           2025-07-03T18:07:07
/home/airflow/.local/lib/python3.8/site-packages/airflow/example_dags/example_latest_only_with_trigger.py                                                  1           0  4.74s           2025-07-03T18:07:08
/home/airflow/.local/lib/python3.8/site-packages/airflow/example_dags/example_sla_dag.py                                                                   1           0  4.78s           2025-07-03T18:07:12
/home/airflow/.local/lib/python3.8/site-packages/airflow/example_dags/example_sensor_decorator.py                                                          1           0  4.12s           2025-07-03T18:07:13
/home/airflow/.local/lib/python3.8/site-packages/airflow/example_dags/example_xcomargs.py                                                                  2           0  3.16s           2025-07-03T18:05:17
/home/airflow/.local/lib/python3.8/site-packages/airflow/example_dags/example_external_task_marker_dag.py                                                  2           0  4.13s           2025-07-03T18:06:40
/home/airflow/.local/lib/python3.8/site-packages/airflow/example_dags/example_subdag_operator.py                                                           3           0  4.84s           2025-07-03T18:05:15
/home/airflow/.local/lib/python3.8/site-packages/airflow/example_dags/example_branch_datetime_operator.py                                                  3           0  4.98s           2025-07-03T18:05:30
/home/airflow/.local/lib/python3.8/site-packages/airflow/example_dags/example_datasets.py                                                                  6           0  6.58s           2025-07-03T18:05:33
================================================================================
[2025-07-03T18:07:58.314+0000] {manager.py:879} INFO - 
================================================================================
DAG File Processing Stats

File Path                                                                                                                           PID  Runtime      # DAGs    # Errors  Last Runtime    Last Run
--------------------------------------------------------------------------------------------------------------------------------  -----  ---------  --------  ----------  --------------  -------------------
/home/airflow/.local/lib/python3.8/site-packages/airflow/example_dags/plugins/listener_plugin.py                                                           0           0  1.67s           2025-07-03T18:07:14
/home/airflow/.local/lib/python3.8/site-packages/airflow/example_dags/plugins/event_listener.py                                                            0           0  1.66s           2025-07-03T18:07:15
/home/airflow/.local/lib/python3.8/site-packages/airflow/example_dags/plugins/workday.py                                                                   0           0  20.06s          2025-07-03T18:06:04
/home/airflow/.local/lib/python3.8/site-packages/airflow/example_dags/subdags/subdag.py                                                                    0           0  1.40s           2025-07-03T18:07:15
/home/airflow/.local/lib/python3.8/site-packages/airflow/example_dags/example_python_operator.py                                                           1           0  4.12s           2025-07-03T18:07:19
/home/airflow/.local/lib/python3.8/site-packages/airflow/example_dags/example_branch_python_dop_operator_3.py                                              1           0  6.33s           2025-07-03T18:07:23
/home/airflow/.local/lib/python3.8/site-packages/airflow/example_dags/tutorial_dag.py                                                                      1           0  4.89s           2025-07-03T18:07:24
/home/airflow/.local/lib/python3.8/site-packages/airflow/example_dags/example_xcom.py                                                                      1           0  4.94s           2025-07-03T18:07:28
/home/airflow/.local/lib/python3.8/site-packages/airflow/example_dags/tutorial.py                                                                          1           0  5.19s           2025-07-03T18:07:29
/home/airflow/.local/lib/python3.8/site-packages/airflow/example_dags/tutorial_taskflow_api.py                                                             1           0  4.51s           2025-07-03T18:07:32
/home/airflow/.local/lib/python3.8/site-packages/airflow/example_dags/example_trigger_controller_dag.py                                                    1           0  4.36s           2025-07-03T18:07:33
/home/airflow/.local/lib/python3.8/site-packages/airflow/example_dags/example_params_ui_tutorial.py                                                        1           0  8.41s           2025-07-03T18:07:41
/home/airflow/.local/lib/python3.8/site-packages/airflow/example_dags/example_latest_only.py                                                               1           0  4.86s           2025-07-03T18:07:38
/home/airflow/.local/lib/python3.8/site-packages/airflow/example_dags/tutorial_objectstorage.py                                                            1           0  4.10s           2025-07-03T18:07:43
/home/airflow/.local/lib/python3.8/site-packages/airflow/example_dags/example_time_delta_sensor_async.py                                                   1           0  4.34s           2025-07-03T18:07:45
/home/airflow/.local/lib/python3.8/site-packages/airflow/example_dags/example_passing_params_via_test_command.py                                           1           0  9.10s           2025-07-03T18:07:52
/home/airflow/.local/lib/python3.8/site-packages/airflow/example_dags/example_nested_branch_dag.py                                                         1           0  7.72s           2025-07-03T18:07:53
/home/airflow/.local/lib/python3.8/site-packages/airflow/example_dags/example_dynamic_task_mapping_with_no_taskflow_operators.py   3897  4.37s             1           0  4.51s           2025-07-03T18:06:28
/home/airflow/.local/lib/python3.8/site-packages/airflow/example_dags/example_params_trigger_ui.py                                 3898  3.45s             1           0  6.46s           2025-07-03T18:06:30
/home/airflow/.local/lib/python3.8/site-packages/airflow/example_dags/example_sensors.py                                                                   1           0  2.83s           2025-07-03T18:05:18
/home/airflow/.local/lib/python3.8/site-packages/airflow/example_dags/example_task_group.py                                                                1           0  3.49s           2025-07-03T18:05:21
/home/airflow/.local/lib/python3.8/site-packages/airflow/example_dags/example_branch_operator_decorator.py                                                 1           0  5.03s           2025-07-03T18:05:23
/home/airflow/.local/lib/python3.8/site-packages/airflow/example_dags/example_local_kubernetes_executor.py                                                 1           0  4.74s           2025-07-03T18:05:25
/home/airflow/.local/lib/python3.8/site-packages/airflow/example_dags/example_setup_teardown_taskflow.py                                                   1           0  3.34s           2025-07-03T18:05:27
/home/airflow/.local/lib/python3.8/site-packages/airflow/example_dags/example_task_group_decorator.py                                                      1           0  5.04s           2025-07-03T18:05:36
/home/airflow/.local/lib/python3.8/site-packages/airflow/example_dags/example_dynamic_task_mapping.py                                                      1           0  3.33s           2025-07-03T18:05:37
/home/airflow/.local/lib/python3.8/site-packages/airflow/example_dags/example_short_circuit_decorator.py                                                   1           0  4.17s           2025-07-03T18:05:40
/home/airflow/.local/lib/python3.8/site-packages/airflow/example_dags/tutorial_taskflow_api_virtualenv.py                                                  1           0  2.96s           2025-07-03T18:05:40
/home/airflow/.local/lib/python3.8/site-packages/airflow/example_dags/example_bash_operator.py                                                             1           0  4.26s           2025-07-03T18:05:44
/home/airflow/.local/lib/python3.8/site-packages/airflow/example_dags/example_kubernetes_executor.py                                                       1           0  4.14s           2025-07-03T18:05:44
/home/airflow/.local/lib/python3.8/site-packages/airflow/example_dags/example_dag_decorator.py                                                             1           0  17.42s          2025-07-03T18:06:45
/home/airflow/.local/lib/python3.8/site-packages/airflow/example_dags/example_branch_labels.py                                                             1           0  5.02s           2025-07-03T18:06:36
/home/airflow/.local/lib/python3.8/site-packages/airflow/example_dags/example_short_circuit_operator.py                                                    1           0  6.17s           2025-07-03T18:06:46
/home/airflow/.local/lib/python3.8/site-packages/airflow/example_dags/example_python_decorator.py                                                          1           0  5.30s           2025-07-03T18:06:50
/home/airflow/.local/lib/python3.8/site-packages/airflow/example_dags/example_setup_teardown.py                                                            1           0  5.04s           2025-07-03T18:06:51
/home/airflow/.local/lib/python3.8/site-packages/airflow/example_dags/example_complex.py                                                                   1           0  6.89s           2025-07-03T18:06:57
/home/airflow/.local/lib/python3.8/site-packages/airflow/example_dags/example_branch_operator.py                                                           1           0  7.16s           2025-07-03T18:06:59
/home/airflow/.local/lib/python3.8/site-packages/airflow/example_dags/example_branch_day_of_week_operator.py                                               1           0  5.34s           2025-07-03T18:07:03
/home/airflow/.local/lib/python3.8/site-packages/airflow/example_dags/example_trigger_target_dag.py                                                        1           0  3.55s           2025-07-03T18:07:03
/home/airflow/.local/lib/python3.8/site-packages/airflow/example_dags/example_skip_dag.py                                                                  1           0  4.74s           2025-07-03T18:07:07
/home/airflow/.local/lib/python3.8/site-packages/airflow/example_dags/example_latest_only_with_trigger.py                                                  1           0  4.74s           2025-07-03T18:07:08
/home/airflow/.local/lib/python3.8/site-packages/airflow/example_dags/example_sla_dag.py                                                                   1           0  4.78s           2025-07-03T18:07:12
/home/airflow/.local/lib/python3.8/site-packages/airflow/example_dags/example_sensor_decorator.py                                                          1           0  4.12s           2025-07-03T18:07:13
/home/airflow/.local/lib/python3.8/site-packages/airflow/example_dags/example_xcomargs.py                                                                  2           0  3.16s           2025-07-03T18:05:17
/home/airflow/.local/lib/python3.8/site-packages/airflow/example_dags/example_external_task_marker_dag.py                                                  2           0  4.13s           2025-07-03T18:06:40
/home/airflow/.local/lib/python3.8/site-packages/airflow/example_dags/example_subdag_operator.py                                                           3           0  4.84s           2025-07-03T18:05:15
/home/airflow/.local/lib/python3.8/site-packages/airflow/example_dags/example_branch_datetime_operator.py                                                  3           0  4.98s           2025-07-03T18:05:30
/home/airflow/.local/lib/python3.8/site-packages/airflow/example_dags/example_datasets.py                                                                  6           0  6.58s           2025-07-03T18:05:33
================================================================================
[2025-07-03T18:08:29.483+0000] {manager.py:879} INFO - 
================================================================================
DAG File Processing Stats

File Path                                                                                                                           PID  Runtime      # DAGs    # Errors  Last Runtime    Last Run
--------------------------------------------------------------------------------------------------------------------------------  -----  ---------  --------  ----------  --------------  -------------------
/home/airflow/.local/lib/python3.8/site-packages/airflow/example_dags/plugins/listener_plugin.py                                                           0           0  1.67s           2025-07-03T18:07:14
/home/airflow/.local/lib/python3.8/site-packages/airflow/example_dags/plugins/event_listener.py                                                            0           0  1.66s           2025-07-03T18:07:15
/home/airflow/.local/lib/python3.8/site-packages/airflow/example_dags/plugins/workday.py                                                                   0           0  20.06s          2025-07-03T18:06:04
/home/airflow/.local/lib/python3.8/site-packages/airflow/example_dags/subdags/subdag.py                                                                    0           0  1.40s           2025-07-03T18:07:15
/home/airflow/.local/lib/python3.8/site-packages/airflow/example_dags/example_python_operator.py                                                           1           0  4.12s           2025-07-03T18:07:19
/home/airflow/.local/lib/python3.8/site-packages/airflow/example_dags/example_branch_python_dop_operator_3.py                                              1           0  6.33s           2025-07-03T18:07:23
/home/airflow/.local/lib/python3.8/site-packages/airflow/example_dags/tutorial_dag.py                                                                      1           0  4.89s           2025-07-03T18:07:24
/home/airflow/.local/lib/python3.8/site-packages/airflow/example_dags/example_xcom.py                                                                      1           0  4.94s           2025-07-03T18:07:28
/home/airflow/.local/lib/python3.8/site-packages/airflow/example_dags/tutorial.py                                                                          1           0  5.19s           2025-07-03T18:07:29
/home/airflow/.local/lib/python3.8/site-packages/airflow/example_dags/tutorial_taskflow_api.py                                                             1           0  4.51s           2025-07-03T18:07:32
/home/airflow/.local/lib/python3.8/site-packages/airflow/example_dags/example_trigger_controller_dag.py                                                    1           0  4.36s           2025-07-03T18:07:33
/home/airflow/.local/lib/python3.8/site-packages/airflow/example_dags/example_params_ui_tutorial.py                                                        1           0  8.41s           2025-07-03T18:07:41
/home/airflow/.local/lib/python3.8/site-packages/airflow/example_dags/example_latest_only.py                                                               1           0  4.86s           2025-07-03T18:07:38
/home/airflow/.local/lib/python3.8/site-packages/airflow/example_dags/tutorial_objectstorage.py                                                            1           0  4.10s           2025-07-03T18:07:43
/home/airflow/.local/lib/python3.8/site-packages/airflow/example_dags/example_time_delta_sensor_async.py                                                   1           0  4.34s           2025-07-03T18:07:45
/home/airflow/.local/lib/python3.8/site-packages/airflow/example_dags/example_passing_params_via_test_command.py                                           1           0  9.10s           2025-07-03T18:07:52
/home/airflow/.local/lib/python3.8/site-packages/airflow/example_dags/example_nested_branch_dag.py                                                         1           0  7.72s           2025-07-03T18:07:53
/home/airflow/.local/lib/python3.8/site-packages/airflow/example_dags/example_dynamic_task_mapping_with_no_taskflow_operators.py                           1           0  6.13s           2025-07-03T18:07:58
/home/airflow/.local/lib/python3.8/site-packages/airflow/example_dags/example_params_trigger_ui.py                                                         1           0  10.67s          2025-07-03T18:08:03
/home/airflow/.local/lib/python3.8/site-packages/airflow/example_dags/example_sensors.py                                                                   1           0  12.88s          2025-07-03T18:08:20
/home/airflow/.local/lib/python3.8/site-packages/airflow/example_dags/example_task_group.py                                                                1           0  9.87s           2025-07-03T18:08:22
/home/airflow/.local/lib/python3.8/site-packages/airflow/example_dags/example_branch_operator_decorator.py                         3918  8.35s             1           0  5.03s           2025-07-03T18:05:23
/home/airflow/.local/lib/python3.8/site-packages/airflow/example_dags/example_local_kubernetes_executor.py                         3919  5.80s             1           0  4.74s           2025-07-03T18:05:25
/home/airflow/.local/lib/python3.8/site-packages/airflow/example_dags/example_setup_teardown_taskflow.py                                                   1           0  3.34s           2025-07-03T18:05:27
/home/airflow/.local/lib/python3.8/site-packages/airflow/example_dags/example_task_group_decorator.py                                                      1           0  5.04s           2025-07-03T18:05:36
/home/airflow/.local/lib/python3.8/site-packages/airflow/example_dags/example_dynamic_task_mapping.py                                                      1           0  3.33s           2025-07-03T18:05:37
/home/airflow/.local/lib/python3.8/site-packages/airflow/example_dags/example_short_circuit_decorator.py                                                   1           0  4.17s           2025-07-03T18:05:40
/home/airflow/.local/lib/python3.8/site-packages/airflow/example_dags/tutorial_taskflow_api_virtualenv.py                                                  1           0  2.96s           2025-07-03T18:05:40
/home/airflow/.local/lib/python3.8/site-packages/airflow/example_dags/example_bash_operator.py                                                             1           0  4.26s           2025-07-03T18:05:44
/home/airflow/.local/lib/python3.8/site-packages/airflow/example_dags/example_kubernetes_executor.py                                                       1           0  4.14s           2025-07-03T18:05:44
/home/airflow/.local/lib/python3.8/site-packages/airflow/example_dags/example_dag_decorator.py                                                             1           0  17.42s          2025-07-03T18:06:45
/home/airflow/.local/lib/python3.8/site-packages/airflow/example_dags/example_branch_labels.py                                                             1           0  5.02s           2025-07-03T18:06:36
/home/airflow/.local/lib/python3.8/site-packages/airflow/example_dags/example_short_circuit_operator.py                                                    1           0  6.17s           2025-07-03T18:06:46
/home/airflow/.local/lib/python3.8/site-packages/airflow/example_dags/example_python_decorator.py                                                          1           0  5.30s           2025-07-03T18:06:50
/home/airflow/.local/lib/python3.8/site-packages/airflow/example_dags/example_setup_teardown.py                                                            1           0  5.04s           2025-07-03T18:06:51
/home/airflow/.local/lib/python3.8/site-packages/airflow/example_dags/example_complex.py                                                                   1           0  6.89s           2025-07-03T18:06:57
/home/airflow/.local/lib/python3.8/site-packages/airflow/example_dags/example_branch_operator.py                                                           1           0  7.16s           2025-07-03T18:06:59
/home/airflow/.local/lib/python3.8/site-packages/airflow/example_dags/example_branch_day_of_week_operator.py                                               1           0  5.34s           2025-07-03T18:07:03
/home/airflow/.local/lib/python3.8/site-packages/airflow/example_dags/example_trigger_target_dag.py                                                        1           0  3.55s           2025-07-03T18:07:03
/home/airflow/.local/lib/python3.8/site-packages/airflow/example_dags/example_skip_dag.py                                                                  1           0  4.74s           2025-07-03T18:07:07
/home/airflow/.local/lib/python3.8/site-packages/airflow/example_dags/example_latest_only_with_trigger.py                                                  1           0  4.74s           2025-07-03T18:07:08
/home/airflow/.local/lib/python3.8/site-packages/airflow/example_dags/example_sla_dag.py                                                                   1           0  4.78s           2025-07-03T18:07:12
/home/airflow/.local/lib/python3.8/site-packages/airflow/example_dags/example_sensor_decorator.py                                                          1           0  4.12s           2025-07-03T18:07:13
/home/airflow/.local/lib/python3.8/site-packages/airflow/example_dags/example_xcomargs.py                                                                  2           0  8.42s           2025-07-03T18:08:12
/home/airflow/.local/lib/python3.8/site-packages/airflow/example_dags/example_external_task_marker_dag.py                                                  2           0  4.13s           2025-07-03T18:06:40
/home/airflow/.local/lib/python3.8/site-packages/airflow/example_dags/example_subdag_operator.py                                                           3           0  8.49s           2025-07-03T18:08:07
/home/airflow/.local/lib/python3.8/site-packages/airflow/example_dags/example_branch_datetime_operator.py                                                  3           0  4.98s           2025-07-03T18:05:30
/home/airflow/.local/lib/python3.8/site-packages/airflow/example_dags/example_datasets.py                                                                  6           0  6.58s           2025-07-03T18:05:33
================================================================================
[2025-07-03T18:15:09.390+0000] {manager.py:738} INFO - Searching for files in /opt/airflow/dags
[2025-07-03T18:15:23.011+0000] {manager.py:741} INFO - There are 48 files in /opt/airflow/dags
[2025-07-03T18:15:26.373+0000] {manager.py:1201} ERROR - Processor for /home/airflow/.local/lib/python3.8/site-packages/airflow/example_dags/example_datasets.py with PID 3929 started at 2025-07-03T18:08:41.148839+00:00 has timed out, killing it.
[2025-07-03T18:15:27.465+0000] {manager.py:1201} ERROR - Processor for /home/airflow/.local/lib/python3.8/site-packages/airflow/example_dags/example_task_group_decorator.py with PID 3931 started at 2025-07-03T18:08:44.599234+00:00 has timed out, killing it.
[2025-07-03T18:15:30.816+0000] {manager.py:879} INFO - 
================================================================================
DAG File Processing Stats

File Path                                                                                                                           PID  Runtime      # DAGs    # Errors  Last Runtime    Last Run
--------------------------------------------------------------------------------------------------------------------------------  -----  ---------  --------  ----------  --------------  -------------------
/home/airflow/.local/lib/python3.8/site-packages/airflow/example_dags/example_datasets.py                                                                  0           1  405.23s         2025-07-03T18:15:26
/home/airflow/.local/lib/python3.8/site-packages/airflow/example_dags/example_task_group_decorator.py                                                      0           1  401.77s         2025-07-03T18:15:26
/home/airflow/.local/lib/python3.8/site-packages/airflow/example_dags/plugins/listener_plugin.py                                                           0           0  1.67s           2025-07-03T18:07:14
/home/airflow/.local/lib/python3.8/site-packages/airflow/example_dags/plugins/event_listener.py                                                            0           0  1.66s           2025-07-03T18:07:15
/home/airflow/.local/lib/python3.8/site-packages/airflow/example_dags/plugins/workday.py                                                                   0           0  20.06s          2025-07-03T18:06:04
/home/airflow/.local/lib/python3.8/site-packages/airflow/example_dags/subdags/subdag.py                                                                    0           0  1.40s           2025-07-03T18:07:15
/home/airflow/.local/lib/python3.8/site-packages/airflow/example_dags/example_python_operator.py                                                           1           0  4.12s           2025-07-03T18:07:19
/home/airflow/.local/lib/python3.8/site-packages/airflow/example_dags/example_branch_python_dop_operator_3.py                                              1           0  6.33s           2025-07-03T18:07:23
/home/airflow/.local/lib/python3.8/site-packages/airflow/example_dags/tutorial_dag.py                                                                      1           0  4.89s           2025-07-03T18:07:24
/home/airflow/.local/lib/python3.8/site-packages/airflow/example_dags/example_xcom.py                                                                      1           0  4.94s           2025-07-03T18:07:28
/home/airflow/.local/lib/python3.8/site-packages/airflow/example_dags/tutorial.py                                                                          1           0  5.19s           2025-07-03T18:07:29
/home/airflow/.local/lib/python3.8/site-packages/airflow/example_dags/tutorial_taskflow_api.py                                                             1           0  4.51s           2025-07-03T18:07:32
/home/airflow/.local/lib/python3.8/site-packages/airflow/example_dags/example_trigger_controller_dag.py                                                    1           0  4.36s           2025-07-03T18:07:33
/home/airflow/.local/lib/python3.8/site-packages/airflow/example_dags/example_params_ui_tutorial.py                                                        1           0  8.41s           2025-07-03T18:07:41
/home/airflow/.local/lib/python3.8/site-packages/airflow/example_dags/example_latest_only.py                                                               1           0  4.86s           2025-07-03T18:07:38
/home/airflow/.local/lib/python3.8/site-packages/airflow/example_dags/tutorial_objectstorage.py                                                            1           0  4.10s           2025-07-03T18:07:43
/home/airflow/.local/lib/python3.8/site-packages/airflow/example_dags/example_time_delta_sensor_async.py                                                   1           0  4.34s           2025-07-03T18:07:45
/home/airflow/.local/lib/python3.8/site-packages/airflow/example_dags/example_passing_params_via_test_command.py                                           1           0  9.10s           2025-07-03T18:07:52
/home/airflow/.local/lib/python3.8/site-packages/airflow/example_dags/example_nested_branch_dag.py                                                         1           0  7.72s           2025-07-03T18:07:53
/home/airflow/.local/lib/python3.8/site-packages/airflow/example_dags/example_dynamic_task_mapping_with_no_taskflow_operators.py                           1           0  6.13s           2025-07-03T18:07:58
/home/airflow/.local/lib/python3.8/site-packages/airflow/example_dags/example_params_trigger_ui.py                                                         1           0  10.67s          2025-07-03T18:08:03
/home/airflow/.local/lib/python3.8/site-packages/airflow/example_dags/example_sensors.py                                                                   1           0  12.88s          2025-07-03T18:08:20
/home/airflow/.local/lib/python3.8/site-packages/airflow/example_dags/example_task_group.py                                                                1           0  9.87s           2025-07-03T18:08:22
/home/airflow/.local/lib/python3.8/site-packages/airflow/example_dags/example_branch_operator_decorator.py                                                 1           0  11.49s          2025-07-03T18:08:31
/home/airflow/.local/lib/python3.8/site-packages/airflow/example_dags/example_local_kubernetes_executor.py                                                 1           0  8.67s           2025-07-03T18:08:31
/home/airflow/.local/lib/python3.8/site-packages/airflow/example_dags/example_setup_teardown_taskflow.py                                                   1           0  9.61s           2025-07-03T18:08:40
/home/airflow/.local/lib/python3.8/site-packages/airflow/example_dags/example_dynamic_task_mapping.py                              3939  0.57s             1           0  3.33s           2025-07-03T18:05:37
/home/airflow/.local/lib/python3.8/site-packages/airflow/example_dags/example_short_circuit_decorator.py                           3940  0.16s             1           0  4.17s           2025-07-03T18:05:40
/home/airflow/.local/lib/python3.8/site-packages/airflow/example_dags/tutorial_taskflow_api_virtualenv.py                                                  1           0  2.96s           2025-07-03T18:05:40
/home/airflow/.local/lib/python3.8/site-packages/airflow/example_dags/example_bash_operator.py                                                             1           0  4.26s           2025-07-03T18:05:44
/home/airflow/.local/lib/python3.8/site-packages/airflow/example_dags/example_kubernetes_executor.py                                                       1           0  4.14s           2025-07-03T18:05:44
/home/airflow/.local/lib/python3.8/site-packages/airflow/example_dags/example_dag_decorator.py                                                             1           0  17.42s          2025-07-03T18:06:45
/home/airflow/.local/lib/python3.8/site-packages/airflow/example_dags/example_branch_labels.py                                                             1           0  5.02s           2025-07-03T18:06:36
/home/airflow/.local/lib/python3.8/site-packages/airflow/example_dags/example_short_circuit_operator.py                                                    1           0  6.17s           2025-07-03T18:06:46
/home/airflow/.local/lib/python3.8/site-packages/airflow/example_dags/example_python_decorator.py                                                          1           0  5.30s           2025-07-03T18:06:50
/home/airflow/.local/lib/python3.8/site-packages/airflow/example_dags/example_setup_teardown.py                                                            1           0  5.04s           2025-07-03T18:06:51
/home/airflow/.local/lib/python3.8/site-packages/airflow/example_dags/example_complex.py                                                                   1           0  6.89s           2025-07-03T18:06:57
/home/airflow/.local/lib/python3.8/site-packages/airflow/example_dags/example_branch_operator.py                                                           1           0  7.16s           2025-07-03T18:06:59
/home/airflow/.local/lib/python3.8/site-packages/airflow/example_dags/example_branch_day_of_week_operator.py                                               1           0  5.34s           2025-07-03T18:07:03
/home/airflow/.local/lib/python3.8/site-packages/airflow/example_dags/example_trigger_target_dag.py                                                        1           0  3.55s           2025-07-03T18:07:03
/home/airflow/.local/lib/python3.8/site-packages/airflow/example_dags/example_skip_dag.py                                                                  1           0  4.74s           2025-07-03T18:07:07
/home/airflow/.local/lib/python3.8/site-packages/airflow/example_dags/example_latest_only_with_trigger.py                                                  1           0  4.74s           2025-07-03T18:07:08
/home/airflow/.local/lib/python3.8/site-packages/airflow/example_dags/example_sla_dag.py                                                                   1           0  4.78s           2025-07-03T18:07:12
/home/airflow/.local/lib/python3.8/site-packages/airflow/example_dags/example_sensor_decorator.py                                                          1           0  4.12s           2025-07-03T18:07:13
/home/airflow/.local/lib/python3.8/site-packages/airflow/example_dags/example_xcomargs.py                                                                  2           0  8.42s           2025-07-03T18:08:12
/home/airflow/.local/lib/python3.8/site-packages/airflow/example_dags/example_external_task_marker_dag.py                                                  2           0  4.13s           2025-07-03T18:06:40
/home/airflow/.local/lib/python3.8/site-packages/airflow/example_dags/example_subdag_operator.py                                                           3           0  8.49s           2025-07-03T18:08:07
/home/airflow/.local/lib/python3.8/site-packages/airflow/example_dags/example_branch_datetime_operator.py                                                  3           0  12.35s          2025-07-03T18:08:44
================================================================================
[2025-07-03T18:18:42.260+0000] {manager.py:1201} ERROR - Processor for /home/airflow/.local/lib/python3.8/site-packages/airflow/example_dags/example_dynamic_task_mapping.py with PID 3939 started at 2025-07-03T18:15:27.467267+00:00 has timed out, killing it.
[2025-07-03T18:18:44.961+0000] {manager.py:1201} ERROR - Processor for /home/airflow/.local/lib/python3.8/site-packages/airflow/example_dags/example_short_circuit_decorator.py with PID 3940 started at 2025-07-03T18:15:27.879560+00:00 has timed out, killing it.
[2025-07-03T18:18:52.511+0000] {manager.py:879} INFO - 
================================================================================
DAG File Processing Stats

File Path                                                                                                                           PID  Runtime      # DAGs    # Errors  Last Runtime    Last Run
--------------------------------------------------------------------------------------------------------------------------------  -----  ---------  --------  ----------  --------------  -------------------
/home/airflow/.local/lib/python3.8/site-packages/airflow/example_dags/example_datasets.py                                                                  0           1  405.23s         2025-07-03T18:15:26
/home/airflow/.local/lib/python3.8/site-packages/airflow/example_dags/example_task_group_decorator.py                                                      0           1  401.77s         2025-07-03T18:15:26
/home/airflow/.local/lib/python3.8/site-packages/airflow/example_dags/example_dynamic_task_mapping.py                                                      0           1  194.79s         2025-07-03T18:18:42
/home/airflow/.local/lib/python3.8/site-packages/airflow/example_dags/example_short_circuit_decorator.py                                                   0           1  194.38s         2025-07-03T18:18:42
/home/airflow/.local/lib/python3.8/site-packages/airflow/example_dags/plugins/listener_plugin.py                                                           0           0  1.67s           2025-07-03T18:07:14
/home/airflow/.local/lib/python3.8/site-packages/airflow/example_dags/plugins/event_listener.py                                                            0           0  1.66s           2025-07-03T18:07:15
/home/airflow/.local/lib/python3.8/site-packages/airflow/example_dags/plugins/workday.py                                                                   0           0  20.06s          2025-07-03T18:06:04
/home/airflow/.local/lib/python3.8/site-packages/airflow/example_dags/subdags/subdag.py                                                                    0           0  1.40s           2025-07-03T18:07:15
/home/airflow/.local/lib/python3.8/site-packages/airflow/example_dags/example_python_operator.py                                                           1           0  4.12s           2025-07-03T18:07:19
/home/airflow/.local/lib/python3.8/site-packages/airflow/example_dags/example_branch_python_dop_operator_3.py                                              1           0  6.33s           2025-07-03T18:07:23
/home/airflow/.local/lib/python3.8/site-packages/airflow/example_dags/tutorial_dag.py                                                                      1           0  4.89s           2025-07-03T18:07:24
/home/airflow/.local/lib/python3.8/site-packages/airflow/example_dags/example_xcom.py                                                                      1           0  4.94s           2025-07-03T18:07:28
/home/airflow/.local/lib/python3.8/site-packages/airflow/example_dags/tutorial.py                                                                          1           0  5.19s           2025-07-03T18:07:29
/home/airflow/.local/lib/python3.8/site-packages/airflow/example_dags/tutorial_taskflow_api.py                                                             1           0  4.51s           2025-07-03T18:07:32
/home/airflow/.local/lib/python3.8/site-packages/airflow/example_dags/example_trigger_controller_dag.py                                                    1           0  4.36s           2025-07-03T18:07:33
/home/airflow/.local/lib/python3.8/site-packages/airflow/example_dags/example_params_ui_tutorial.py                                                        1           0  8.41s           2025-07-03T18:07:41
/home/airflow/.local/lib/python3.8/site-packages/airflow/example_dags/example_latest_only.py                                                               1           0  4.86s           2025-07-03T18:07:38
/home/airflow/.local/lib/python3.8/site-packages/airflow/example_dags/tutorial_objectstorage.py                                                            1           0  4.10s           2025-07-03T18:07:43
/home/airflow/.local/lib/python3.8/site-packages/airflow/example_dags/example_time_delta_sensor_async.py                                                   1           0  4.34s           2025-07-03T18:07:45
/home/airflow/.local/lib/python3.8/site-packages/airflow/example_dags/example_passing_params_via_test_command.py                                           1           0  9.10s           2025-07-03T18:07:52
/home/airflow/.local/lib/python3.8/site-packages/airflow/example_dags/example_nested_branch_dag.py                                                         1           0  7.72s           2025-07-03T18:07:53
/home/airflow/.local/lib/python3.8/site-packages/airflow/example_dags/example_dynamic_task_mapping_with_no_taskflow_operators.py                           1           0  6.13s           2025-07-03T18:07:58
/home/airflow/.local/lib/python3.8/site-packages/airflow/example_dags/example_params_trigger_ui.py                                                         1           0  10.67s          2025-07-03T18:08:03
/home/airflow/.local/lib/python3.8/site-packages/airflow/example_dags/example_sensors.py                                                                   1           0  12.88s          2025-07-03T18:08:20
/home/airflow/.local/lib/python3.8/site-packages/airflow/example_dags/example_task_group.py                                                                1           0  9.87s           2025-07-03T18:08:22
/home/airflow/.local/lib/python3.8/site-packages/airflow/example_dags/example_branch_operator_decorator.py                                                 1           0  11.49s          2025-07-03T18:08:31
/home/airflow/.local/lib/python3.8/site-packages/airflow/example_dags/example_local_kubernetes_executor.py                                                 1           0  8.67s           2025-07-03T18:08:31
/home/airflow/.local/lib/python3.8/site-packages/airflow/example_dags/example_setup_teardown_taskflow.py                                                   1           0  9.61s           2025-07-03T18:08:40
/home/airflow/.local/lib/python3.8/site-packages/airflow/example_dags/tutorial_taskflow_api_virtualenv.py                          3941  1.42s             1           0  2.96s           2025-07-03T18:05:40
/home/airflow/.local/lib/python3.8/site-packages/airflow/example_dags/example_bash_operator.py                                     3942  0.76s             1           0  4.26s           2025-07-03T18:05:44
/home/airflow/.local/lib/python3.8/site-packages/airflow/example_dags/example_kubernetes_executor.py                                                       1           0  4.14s           2025-07-03T18:05:44
/home/airflow/.local/lib/python3.8/site-packages/airflow/example_dags/example_dag_decorator.py                                                             1           0  17.42s          2025-07-03T18:06:45
/home/airflow/.local/lib/python3.8/site-packages/airflow/example_dags/example_branch_labels.py                                                             1           0  5.02s           2025-07-03T18:06:36
/home/airflow/.local/lib/python3.8/site-packages/airflow/example_dags/example_short_circuit_operator.py                                                    1           0  6.17s           2025-07-03T18:06:46
/home/airflow/.local/lib/python3.8/site-packages/airflow/example_dags/example_python_decorator.py                                                          1           0  5.30s           2025-07-03T18:06:50
/home/airflow/.local/lib/python3.8/site-packages/airflow/example_dags/example_setup_teardown.py                                                            1           0  5.04s           2025-07-03T18:06:51
/home/airflow/.local/lib/python3.8/site-packages/airflow/example_dags/example_complex.py                                                                   1           0  6.89s           2025-07-03T18:06:57
/home/airflow/.local/lib/python3.8/site-packages/airflow/example_dags/example_branch_operator.py                                                           1           0  7.16s           2025-07-03T18:06:59
/home/airflow/.local/lib/python3.8/site-packages/airflow/example_dags/example_branch_day_of_week_operator.py                                               1           0  5.34s           2025-07-03T18:07:03
/home/airflow/.local/lib/python3.8/site-packages/airflow/example_dags/example_trigger_target_dag.py                                                        1           0  3.55s           2025-07-03T18:07:03
/home/airflow/.local/lib/python3.8/site-packages/airflow/example_dags/example_skip_dag.py                                                                  1           0  4.74s           2025-07-03T18:07:07
/home/airflow/.local/lib/python3.8/site-packages/airflow/example_dags/example_latest_only_with_trigger.py                                                  1           0  4.74s           2025-07-03T18:07:08
/home/airflow/.local/lib/python3.8/site-packages/airflow/example_dags/example_sla_dag.py                                                                   1           0  4.78s           2025-07-03T18:07:12
/home/airflow/.local/lib/python3.8/site-packages/airflow/example_dags/example_sensor_decorator.py                                                          1           0  4.12s           2025-07-03T18:07:13
/home/airflow/.local/lib/python3.8/site-packages/airflow/example_dags/example_xcomargs.py                                                                  2           0  8.42s           2025-07-03T18:08:12
/home/airflow/.local/lib/python3.8/site-packages/airflow/example_dags/example_external_task_marker_dag.py                                                  2           0  4.13s           2025-07-03T18:06:40
/home/airflow/.local/lib/python3.8/site-packages/airflow/example_dags/example_subdag_operator.py                                                           3           0  8.49s           2025-07-03T18:08:07
/home/airflow/.local/lib/python3.8/site-packages/airflow/example_dags/example_branch_datetime_operator.py                                                  3           0  12.35s          2025-07-03T18:08:44
================================================================================
[2025-07-03T18:18:52.593+0000] {manager.py:451} INFO - Exiting gracefully upon receiving signal 15
[2025-07-03T18:18:52.617+0000] {manager.py:451} INFO - Exiting gracefully upon receiving signal 15
[2025-07-03T18:21:05.629+0000] {manager.py:469} INFO - Processing files using up to 2 processes at a time 
[2025-07-03T18:21:05.635+0000] {manager.py:470} INFO - Process each file at most once every 30 seconds
[2025-07-03T18:21:05.636+0000] {manager.py:471} INFO - Checking for new files in /opt/airflow/dags every 300 seconds
[2025-07-03T18:21:05.637+0000] {manager.py:738} INFO - Searching for files in /opt/airflow/dags
[2025-07-03T18:21:05.779+0000] {manager.py:741} INFO - There are 48 files in /opt/airflow/dags
[2025-07-03T18:21:06.418+0000] {manager.py:879} INFO - 
================================================================================
DAG File Processing Stats

File Path                                                                                                                           PID  Runtime      # DAGs    # Errors  Last Runtime    Last Run
--------------------------------------------------------------------------------------------------------------------------------  -----  ---------  --------  ----------  --------------  ----------
/home/airflow/.local/lib/python3.8/site-packages/airflow/example_dags/example_python_operator.py                                     86  0.38s             0           0
/home/airflow/.local/lib/python3.8/site-packages/airflow/example_dags/example_branch_python_dop_operator_3.py                        87  0.23s             0           0
/home/airflow/.local/lib/python3.8/site-packages/airflow/example_dags/tutorial_dag.py                                                                      0           0
/home/airflow/.local/lib/python3.8/site-packages/airflow/example_dags/example_xcom.py                                                                      0           0
/home/airflow/.local/lib/python3.8/site-packages/airflow/example_dags/tutorial.py                                                                          0           0
/home/airflow/.local/lib/python3.8/site-packages/airflow/example_dags/tutorial_taskflow_api.py                                                             0           0
/home/airflow/.local/lib/python3.8/site-packages/airflow/example_dags/example_trigger_controller_dag.py                                                    0           0
/home/airflow/.local/lib/python3.8/site-packages/airflow/example_dags/example_params_ui_tutorial.py                                                        0           0
/home/airflow/.local/lib/python3.8/site-packages/airflow/example_dags/example_latest_only.py                                                               0           0
/home/airflow/.local/lib/python3.8/site-packages/airflow/example_dags/tutorial_objectstorage.py                                                            0           0
/home/airflow/.local/lib/python3.8/site-packages/airflow/example_dags/example_time_delta_sensor_async.py                                                   0           0
/home/airflow/.local/lib/python3.8/site-packages/airflow/example_dags/example_passing_params_via_test_command.py                                           0           0
/home/airflow/.local/lib/python3.8/site-packages/airflow/example_dags/example_nested_branch_dag.py                                                         0           0
/home/airflow/.local/lib/python3.8/site-packages/airflow/example_dags/example_dynamic_task_mapping_with_no_taskflow_operators.py                           0           0
/home/airflow/.local/lib/python3.8/site-packages/airflow/example_dags/example_params_trigger_ui.py                                                         0           0
/home/airflow/.local/lib/python3.8/site-packages/airflow/example_dags/example_subdag_operator.py                                                           0           0
/home/airflow/.local/lib/python3.8/site-packages/airflow/example_dags/example_xcomargs.py                                                                  0           0
/home/airflow/.local/lib/python3.8/site-packages/airflow/example_dags/example_sensors.py                                                                   0           0
/home/airflow/.local/lib/python3.8/site-packages/airflow/example_dags/example_task_group.py                                                                0           0
/home/airflow/.local/lib/python3.8/site-packages/airflow/example_dags/example_branch_operator_decorator.py                                                 0           0
/home/airflow/.local/lib/python3.8/site-packages/airflow/example_dags/example_local_kubernetes_executor.py                                                 0           0
/home/airflow/.local/lib/python3.8/site-packages/airflow/example_dags/example_setup_teardown_taskflow.py                                                   0           0
/home/airflow/.local/lib/python3.8/site-packages/airflow/example_dags/example_branch_datetime_operator.py                                                  0           0
/home/airflow/.local/lib/python3.8/site-packages/airflow/example_dags/example_datasets.py                                                                  0           0
/home/airflow/.local/lib/python3.8/site-packages/airflow/example_dags/example_task_group_decorator.py                                                      0           0
/home/airflow/.local/lib/python3.8/site-packages/airflow/example_dags/example_dynamic_task_mapping.py                                                      0           0
/home/airflow/.local/lib/python3.8/site-packages/airflow/example_dags/example_short_circuit_decorator.py                                                   0           0
/home/airflow/.local/lib/python3.8/site-packages/airflow/example_dags/tutorial_taskflow_api_virtualenv.py                                                  0           0
/home/airflow/.local/lib/python3.8/site-packages/airflow/example_dags/example_bash_operator.py                                                             0           0
/home/airflow/.local/lib/python3.8/site-packages/airflow/example_dags/example_kubernetes_executor.py                                                       0           0
/home/airflow/.local/lib/python3.8/site-packages/airflow/example_dags/example_dag_decorator.py                                                             0           0
/home/airflow/.local/lib/python3.8/site-packages/airflow/example_dags/example_branch_labels.py                                                             0           0
/home/airflow/.local/lib/python3.8/site-packages/airflow/example_dags/example_external_task_marker_dag.py                                                  0           0
/home/airflow/.local/lib/python3.8/site-packages/airflow/example_dags/example_short_circuit_operator.py                                                    0           0
/home/airflow/.local/lib/python3.8/site-packages/airflow/example_dags/example_python_decorator.py                                                          0           0
/home/airflow/.local/lib/python3.8/site-packages/airflow/example_dags/example_setup_teardown.py                                                            0           0
/home/airflow/.local/lib/python3.8/site-packages/airflow/example_dags/example_complex.py                                                                   0           0
/home/airflow/.local/lib/python3.8/site-packages/airflow/example_dags/example_branch_operator.py                                                           0           0
/home/airflow/.local/lib/python3.8/site-packages/airflow/example_dags/example_branch_day_of_week_operator.py                                               0           0
/home/airflow/.local/lib/python3.8/site-packages/airflow/example_dags/example_trigger_target_dag.py                                                        0           0
/home/airflow/.local/lib/python3.8/site-packages/airflow/example_dags/example_skip_dag.py                                                                  0           0
/home/airflow/.local/lib/python3.8/site-packages/airflow/example_dags/example_latest_only_with_trigger.py                                                  0           0
/home/airflow/.local/lib/python3.8/site-packages/airflow/example_dags/example_sla_dag.py                                                                   0           0
/home/airflow/.local/lib/python3.8/site-packages/airflow/example_dags/example_sensor_decorator.py                                                          0           0
/home/airflow/.local/lib/python3.8/site-packages/airflow/example_dags/plugins/listener_plugin.py                                                           0           0
/home/airflow/.local/lib/python3.8/site-packages/airflow/example_dags/plugins/event_listener.py                                                            0           0
/home/airflow/.local/lib/python3.8/site-packages/airflow/example_dags/plugins/workday.py                                                                   0           0
/home/airflow/.local/lib/python3.8/site-packages/airflow/example_dags/subdags/subdag.py                                                                    0           0
================================================================================
[2025-07-03T18:21:37.047+0000] {manager.py:879} INFO - 
================================================================================
DAG File Processing Stats

File Path                                                                                                                           PID  Runtime      # DAGs    # Errors  Last Runtime    Last Run
--------------------------------------------------------------------------------------------------------------------------------  -----  ---------  --------  ----------  --------------  -------------------
/home/airflow/.local/lib/python3.8/site-packages/airflow/example_dags/plugins/listener_plugin.py                                                           0           0  0.04s           2025-07-03T18:21:14
/home/airflow/.local/lib/python3.8/site-packages/airflow/example_dags/plugins/event_listener.py                                                            0           0  0.07s           2025-07-03T18:21:15
/home/airflow/.local/lib/python3.8/site-packages/airflow/example_dags/plugins/workday.py                                                                   0           0  0.86s           2025-07-03T18:21:15
/home/airflow/.local/lib/python3.8/site-packages/airflow/example_dags/subdags/subdag.py                                                                    0           0  0.05s           2025-07-03T18:21:15
/home/airflow/.local/lib/python3.8/site-packages/airflow/example_dags/example_python_operator.py                                                           1           0  1.40s           2025-07-03T18:21:07
/home/airflow/.local/lib/python3.8/site-packages/airflow/example_dags/example_branch_python_dop_operator_3.py                       151  0.02s             1           0  0.74s           2025-07-03T18:21:06
/home/airflow/.local/lib/python3.8/site-packages/airflow/example_dags/tutorial_dag.py                                                                      1           0  0.56s           2025-07-03T18:21:07
/home/airflow/.local/lib/python3.8/site-packages/airflow/example_dags/example_xcom.py                                                                      1           0  0.34s           2025-07-03T18:21:07
/home/airflow/.local/lib/python3.8/site-packages/airflow/example_dags/tutorial.py                                                                          1           0  0.55s           2025-07-03T18:21:08
/home/airflow/.local/lib/python3.8/site-packages/airflow/example_dags/tutorial_taskflow_api.py                                                             1           0  0.43s           2025-07-03T18:21:08
/home/airflow/.local/lib/python3.8/site-packages/airflow/example_dags/example_trigger_controller_dag.py                                                    1           0  0.42s           2025-07-03T18:21:08
/home/airflow/.local/lib/python3.8/site-packages/airflow/example_dags/example_params_ui_tutorial.py                                                        1           0  0.86s           2025-07-03T18:21:09
/home/airflow/.local/lib/python3.8/site-packages/airflow/example_dags/example_latest_only.py                                                               1           0  0.37s           2025-07-03T18:21:09
/home/airflow/.local/lib/python3.8/site-packages/airflow/example_dags/tutorial_objectstorage.py                                                            1           0  0.50s           2025-07-03T18:21:09
/home/airflow/.local/lib/python3.8/site-packages/airflow/example_dags/example_time_delta_sensor_async.py                                                   1           0  0.68s           2025-07-03T18:21:10
/home/airflow/.local/lib/python3.8/site-packages/airflow/example_dags/example_passing_params_via_test_command.py                                           1           0  0.75s           2025-07-03T18:21:10
/home/airflow/.local/lib/python3.8/site-packages/airflow/example_dags/example_nested_branch_dag.py                                                         1           0  0.64s           2025-07-03T18:21:10
/home/airflow/.local/lib/python3.8/site-packages/airflow/example_dags/example_dynamic_task_mapping_with_no_taskflow_operators.py                           1           0  0.45s           2025-07-03T18:21:11
/home/airflow/.local/lib/python3.8/site-packages/airflow/example_dags/example_params_trigger_ui.py                                                         1           0  0.52s           2025-07-03T18:21:11
/home/airflow/.local/lib/python3.8/site-packages/airflow/example_dags/example_sensors.py                                                                   1           0  0.30s           2025-07-03T18:21:11
/home/airflow/.local/lib/python3.8/site-packages/airflow/example_dags/example_task_group.py                                                                1           0  0.21s           2025-07-03T18:21:11
/home/airflow/.local/lib/python3.8/site-packages/airflow/example_dags/example_branch_operator_decorator.py                                                 1           0  0.39s           2025-07-03T18:21:12
/home/airflow/.local/lib/python3.8/site-packages/airflow/example_dags/example_local_kubernetes_executor.py                                                 1           0  0.19s           2025-07-03T18:21:12
/home/airflow/.local/lib/python3.8/site-packages/airflow/example_dags/example_setup_teardown_taskflow.py                                                   1           0  0.16s           2025-07-03T18:21:12
/home/airflow/.local/lib/python3.8/site-packages/airflow/example_dags/example_task_group_decorator.py                                                      1           0  0.18s           2025-07-03T18:21:12
/home/airflow/.local/lib/python3.8/site-packages/airflow/example_dags/example_dynamic_task_mapping.py                                                      1           0  0.15s           2025-07-03T18:21:12
/home/airflow/.local/lib/python3.8/site-packages/airflow/example_dags/example_short_circuit_decorator.py                                                   1           0  0.17s           2025-07-03T18:21:12
/home/airflow/.local/lib/python3.8/site-packages/airflow/example_dags/tutorial_taskflow_api_virtualenv.py                                                  1           0  0.35s           2025-07-03T18:21:13
/home/airflow/.local/lib/python3.8/site-packages/airflow/example_dags/example_bash_operator.py                                                             1           0  0.19s           2025-07-03T18:21:13
/home/airflow/.local/lib/python3.8/site-packages/airflow/example_dags/example_kubernetes_executor.py                                                       1           0  0.14s           2025-07-03T18:21:13
/home/airflow/.local/lib/python3.8/site-packages/airflow/example_dags/example_dag_decorator.py                                                             1           0  0.68s           2025-07-03T18:21:13
/home/airflow/.local/lib/python3.8/site-packages/airflow/example_dags/example_branch_labels.py                                                             1           0  0.15s           2025-07-03T18:21:13
/home/airflow/.local/lib/python3.8/site-packages/airflow/example_dags/example_short_circuit_operator.py                                                    1           0  0.23s           2025-07-03T18:21:13
/home/airflow/.local/lib/python3.8/site-packages/airflow/example_dags/example_python_decorator.py                                                          1           0  0.36s           2025-07-03T18:21:14
/home/airflow/.local/lib/python3.8/site-packages/airflow/example_dags/example_setup_teardown.py                                                            1           0  0.15s           2025-07-03T18:21:14
/home/airflow/.local/lib/python3.8/site-packages/airflow/example_dags/example_complex.py                                                                   1           0  0.17s           2025-07-03T18:21:14
/home/airflow/.local/lib/python3.8/site-packages/airflow/example_dags/example_branch_operator.py                                                           1           0  0.37s           2025-07-03T18:21:14
/home/airflow/.local/lib/python3.8/site-packages/airflow/example_dags/example_branch_day_of_week_operator.py                                               1           0  0.15s           2025-07-03T18:21:14
/home/airflow/.local/lib/python3.8/site-packages/airflow/example_dags/example_trigger_target_dag.py                                                        1           0  0.13s           2025-07-03T18:21:14
/home/airflow/.local/lib/python3.8/site-packages/airflow/example_dags/example_skip_dag.py                                                                  1           0  0.15s           2025-07-03T18:21:14
/home/airflow/.local/lib/python3.8/site-packages/airflow/example_dags/example_latest_only_with_trigger.py                                                  1           0  0.15s           2025-07-03T18:21:14
/home/airflow/.local/lib/python3.8/site-packages/airflow/example_dags/example_sla_dag.py                                                                   1           0  0.17s           2025-07-03T18:21:14
/home/airflow/.local/lib/python3.8/site-packages/airflow/example_dags/example_sensor_decorator.py                                                          1           0  0.14s           2025-07-03T18:21:14
/home/airflow/.local/lib/python3.8/site-packages/airflow/example_dags/example_xcomargs.py                                                                  2           0  0.30s           2025-07-03T18:21:11
/home/airflow/.local/lib/python3.8/site-packages/airflow/example_dags/example_external_task_marker_dag.py                                                  2           0  0.13s           2025-07-03T18:21:13
/home/airflow/.local/lib/python3.8/site-packages/airflow/example_dags/example_subdag_operator.py                                                           3           0  0.44s           2025-07-03T18:21:11
/home/airflow/.local/lib/python3.8/site-packages/airflow/example_dags/example_branch_datetime_operator.py                                                  3           0  0.19s           2025-07-03T18:21:12
/home/airflow/.local/lib/python3.8/site-packages/airflow/example_dags/example_datasets.py                                                                  6           0  0.24s           2025-07-03T18:21:12
================================================================================
[2025-07-03T18:22:07.631+0000] {manager.py:879} INFO - 
================================================================================
DAG File Processing Stats

File Path                                                                                                                           PID  Runtime      # DAGs    # Errors  Last Runtime    Last Run
--------------------------------------------------------------------------------------------------------------------------------  -----  ---------  --------  ----------  --------------  -------------------
/home/airflow/.local/lib/python3.8/site-packages/airflow/example_dags/plugins/listener_plugin.py                                                           0           0  0.08s           2025-07-03T18:21:45
/home/airflow/.local/lib/python3.8/site-packages/airflow/example_dags/plugins/event_listener.py                                                            0           0  0.07s           2025-07-03T18:21:45
/home/airflow/.local/lib/python3.8/site-packages/airflow/example_dags/plugins/workday.py                                                                   0           0  0.57s           2025-07-03T18:21:46
/home/airflow/.local/lib/python3.8/site-packages/airflow/example_dags/subdags/subdag.py                                                                    0           0  0.06s           2025-07-03T18:21:45
/home/airflow/.local/lib/python3.8/site-packages/airflow/example_dags/example_python_operator.py                                                           1           0  0.21s           2025-07-03T18:21:38
/home/airflow/.local/lib/python3.8/site-packages/airflow/example_dags/example_branch_python_dop_operator_3.py                       216  0.01s             1           0  0.36s           2025-07-03T18:21:37
/home/airflow/.local/lib/python3.8/site-packages/airflow/example_dags/tutorial_dag.py                                                                      1           0  0.26s           2025-07-03T18:21:38
/home/airflow/.local/lib/python3.8/site-packages/airflow/example_dags/example_xcom.py                                                                      1           0  0.18s           2025-07-03T18:21:38
/home/airflow/.local/lib/python3.8/site-packages/airflow/example_dags/tutorial.py                                                                          1           0  0.30s           2025-07-03T18:21:38
/home/airflow/.local/lib/python3.8/site-packages/airflow/example_dags/tutorial_taskflow_api.py                                                             1           0  0.23s           2025-07-03T18:21:38
/home/airflow/.local/lib/python3.8/site-packages/airflow/example_dags/example_trigger_controller_dag.py                                                    1           0  0.22s           2025-07-03T18:21:38
/home/airflow/.local/lib/python3.8/site-packages/airflow/example_dags/example_params_ui_tutorial.py                                                        1           0  0.33s           2025-07-03T18:21:40
/home/airflow/.local/lib/python3.8/site-packages/airflow/example_dags/example_latest_only.py                                                               1           0  0.20s           2025-07-03T18:21:40
/home/airflow/.local/lib/python3.8/site-packages/airflow/example_dags/tutorial_objectstorage.py                                                            1           0  0.20s           2025-07-03T18:21:40
/home/airflow/.local/lib/python3.8/site-packages/airflow/example_dags/example_time_delta_sensor_async.py                                                   1           0  0.12s           2025-07-03T18:21:40
/home/airflow/.local/lib/python3.8/site-packages/airflow/example_dags/example_passing_params_via_test_command.py                                           1           0  0.17s           2025-07-03T18:21:41
/home/airflow/.local/lib/python3.8/site-packages/airflow/example_dags/example_nested_branch_dag.py                                                         1           0  0.18s           2025-07-03T18:21:41
/home/airflow/.local/lib/python3.8/site-packages/airflow/example_dags/example_dynamic_task_mapping_with_no_taskflow_operators.py                           1           0  0.11s           2025-07-03T18:21:41
/home/airflow/.local/lib/python3.8/site-packages/airflow/example_dags/example_params_trigger_ui.py                                                         1           0  0.25s           2025-07-03T18:21:41
/home/airflow/.local/lib/python3.8/site-packages/airflow/example_dags/example_sensors.py                                                                   1           0  0.14s           2025-07-03T18:21:42
/home/airflow/.local/lib/python3.8/site-packages/airflow/example_dags/example_task_group.py                                                                1           0  0.15s           2025-07-03T18:21:42
/home/airflow/.local/lib/python3.8/site-packages/airflow/example_dags/example_branch_operator_decorator.py                                                 1           0  0.21s           2025-07-03T18:21:43
/home/airflow/.local/lib/python3.8/site-packages/airflow/example_dags/example_local_kubernetes_executor.py                                                 1           0  0.12s           2025-07-03T18:21:42
/home/airflow/.local/lib/python3.8/site-packages/airflow/example_dags/example_setup_teardown_taskflow.py                                                   1           0  0.16s           2025-07-03T18:21:43
/home/airflow/.local/lib/python3.8/site-packages/airflow/example_dags/example_task_group_decorator.py                                                      1           0  0.19s           2025-07-03T18:21:43
/home/airflow/.local/lib/python3.8/site-packages/airflow/example_dags/example_dynamic_task_mapping.py                                                      1           0  0.15s           2025-07-03T18:21:43
/home/airflow/.local/lib/python3.8/site-packages/airflow/example_dags/example_short_circuit_decorator.py                                                   1           0  0.17s           2025-07-03T18:21:43
/home/airflow/.local/lib/python3.8/site-packages/airflow/example_dags/tutorial_taskflow_api_virtualenv.py                                                  1           0  0.14s           2025-07-03T18:21:43
/home/airflow/.local/lib/python3.8/site-packages/airflow/example_dags/example_bash_operator.py                                                             1           0  0.23s           2025-07-03T18:21:44
/home/airflow/.local/lib/python3.8/site-packages/airflow/example_dags/example_kubernetes_executor.py                                                       1           0  0.21s           2025-07-03T18:21:44
/home/airflow/.local/lib/python3.8/site-packages/airflow/example_dags/example_dag_decorator.py                                                             1           0  0.35s           2025-07-03T18:21:44
/home/airflow/.local/lib/python3.8/site-packages/airflow/example_dags/example_branch_labels.py                                                             1           0  0.15s           2025-07-03T18:21:44
/home/airflow/.local/lib/python3.8/site-packages/airflow/example_dags/example_short_circuit_operator.py                                                    1           0  0.12s           2025-07-03T18:21:44
/home/airflow/.local/lib/python3.8/site-packages/airflow/example_dags/example_python_decorator.py                                                          1           0  0.19s           2025-07-03T18:21:45
/home/airflow/.local/lib/python3.8/site-packages/airflow/example_dags/example_setup_teardown.py                                                            1           0  0.21s           2025-07-03T18:21:45
/home/airflow/.local/lib/python3.8/site-packages/airflow/example_dags/example_complex.py                                                                   1           0  0.16s           2025-07-03T18:21:45
/home/airflow/.local/lib/python3.8/site-packages/airflow/example_dags/example_branch_operator.py                                                           1           0  0.20s           2025-07-03T18:21:45
/home/airflow/.local/lib/python3.8/site-packages/airflow/example_dags/example_branch_day_of_week_operator.py                                               1           0  0.15s           2025-07-03T18:21:45
/home/airflow/.local/lib/python3.8/site-packages/airflow/example_dags/example_trigger_target_dag.py                                                        1           0  0.13s           2025-07-03T18:21:45
/home/airflow/.local/lib/python3.8/site-packages/airflow/example_dags/example_skip_dag.py                                                                  1           0  0.15s           2025-07-03T18:21:45
/home/airflow/.local/lib/python3.8/site-packages/airflow/example_dags/example_latest_only_with_trigger.py                                                  1           0  0.15s           2025-07-03T18:21:45
/home/airflow/.local/lib/python3.8/site-packages/airflow/example_dags/example_sla_dag.py                                                                   1           0  0.17s           2025-07-03T18:21:45
/home/airflow/.local/lib/python3.8/site-packages/airflow/example_dags/example_sensor_decorator.py                                                          1           0  0.13s           2025-07-03T18:21:45
/home/airflow/.local/lib/python3.8/site-packages/airflow/example_dags/example_xcomargs.py                                                                  2           0  0.16s           2025-07-03T18:21:42
/home/airflow/.local/lib/python3.8/site-packages/airflow/example_dags/example_external_task_marker_dag.py                                                  2           0  0.15s           2025-07-03T18:21:44
/home/airflow/.local/lib/python3.8/site-packages/airflow/example_dags/example_subdag_operator.py                                                           3           0  0.21s           2025-07-03T18:21:41
/home/airflow/.local/lib/python3.8/site-packages/airflow/example_dags/example_branch_datetime_operator.py                                                  3           0  0.19s           2025-07-03T18:21:43
/home/airflow/.local/lib/python3.8/site-packages/airflow/example_dags/example_datasets.py                                                                  6           0  0.24s           2025-07-03T18:21:43
================================================================================
[2025-07-03T18:22:38.316+0000] {manager.py:879} INFO - 
================================================================================
DAG File Processing Stats

File Path                                                                                                                           PID  Runtime      # DAGs    # Errors  Last Runtime    Last Run
--------------------------------------------------------------------------------------------------------------------------------  -----  ---------  --------  ----------  --------------  -------------------
/home/airflow/.local/lib/python3.8/site-packages/airflow/example_dags/plugins/listener_plugin.py                                                           0           0  0.13s           2025-07-03T18:22:16
/home/airflow/.local/lib/python3.8/site-packages/airflow/example_dags/plugins/event_listener.py                                                            0           0  0.09s           2025-07-03T18:22:16
/home/airflow/.local/lib/python3.8/site-packages/airflow/example_dags/plugins/workday.py                                                                   0           0  0.85s           2025-07-03T18:22:18
/home/airflow/.local/lib/python3.8/site-packages/airflow/example_dags/subdags/subdag.py                                                                    0           0  0.07s           2025-07-03T18:22:16
/home/airflow/.local/lib/python3.8/site-packages/airflow/example_dags/example_python_operator.py                                                           1           0  0.22s           2025-07-03T18:22:08
/home/airflow/.local/lib/python3.8/site-packages/airflow/example_dags/example_branch_python_dop_operator_3.py                       283  0.01s             1           0  0.19s           2025-07-03T18:22:07
/home/airflow/.local/lib/python3.8/site-packages/airflow/example_dags/tutorial_dag.py                                                                      1           0  0.23s           2025-07-03T18:22:08
/home/airflow/.local/lib/python3.8/site-packages/airflow/example_dags/example_xcom.py                                                                      1           0  0.26s           2025-07-03T18:22:09
/home/airflow/.local/lib/python3.8/site-packages/airflow/example_dags/tutorial.py                                                                          1           0  0.24s           2025-07-03T18:22:09
/home/airflow/.local/lib/python3.8/site-packages/airflow/example_dags/tutorial_taskflow_api.py                                                             1           0  0.16s           2025-07-03T18:22:09
/home/airflow/.local/lib/python3.8/site-packages/airflow/example_dags/example_trigger_controller_dag.py                                                    1           0  0.22s           2025-07-03T18:22:09
/home/airflow/.local/lib/python3.8/site-packages/airflow/example_dags/example_params_ui_tutorial.py                                                        1           0  0.30s           2025-07-03T18:22:10
/home/airflow/.local/lib/python3.8/site-packages/airflow/example_dags/example_latest_only.py                                                               1           0  0.15s           2025-07-03T18:22:10
/home/airflow/.local/lib/python3.8/site-packages/airflow/example_dags/tutorial_objectstorage.py                                                            1           0  0.20s           2025-07-03T18:22:10
/home/airflow/.local/lib/python3.8/site-packages/airflow/example_dags/example_time_delta_sensor_async.py                                                   1           0  0.16s           2025-07-03T18:22:10
/home/airflow/.local/lib/python3.8/site-packages/airflow/example_dags/example_passing_params_via_test_command.py                                           1           0  0.18s           2025-07-03T18:22:11
/home/airflow/.local/lib/python3.8/site-packages/airflow/example_dags/example_nested_branch_dag.py                                                         1           0  0.16s           2025-07-03T18:22:11
/home/airflow/.local/lib/python3.8/site-packages/airflow/example_dags/example_dynamic_task_mapping_with_no_taskflow_operators.py                           1           0  0.11s           2025-07-03T18:22:11
/home/airflow/.local/lib/python3.8/site-packages/airflow/example_dags/example_params_trigger_ui.py                                                         1           0  0.23s           2025-07-03T18:22:12
/home/airflow/.local/lib/python3.8/site-packages/airflow/example_dags/example_sensors.py                                                                   1           0  0.15s           2025-07-03T18:22:12
/home/airflow/.local/lib/python3.8/site-packages/airflow/example_dags/example_task_group.py                                                                1           0  0.17s           2025-07-03T18:22:12
/home/airflow/.local/lib/python3.8/site-packages/airflow/example_dags/example_branch_operator_decorator.py                                                 1           0  0.22s           2025-07-03T18:22:13
/home/airflow/.local/lib/python3.8/site-packages/airflow/example_dags/example_local_kubernetes_executor.py                                                 1           0  0.21s           2025-07-03T18:22:12
/home/airflow/.local/lib/python3.8/site-packages/airflow/example_dags/example_setup_teardown_taskflow.py                                                   1           0  0.16s           2025-07-03T18:22:13
/home/airflow/.local/lib/python3.8/site-packages/airflow/example_dags/example_task_group_decorator.py                                                      1           0  0.18s           2025-07-03T18:22:14
/home/airflow/.local/lib/python3.8/site-packages/airflow/example_dags/example_dynamic_task_mapping.py                                                      1           0  0.14s           2025-07-03T18:22:14
/home/airflow/.local/lib/python3.8/site-packages/airflow/example_dags/example_short_circuit_decorator.py                                                   1           0  0.20s           2025-07-03T18:22:14
/home/airflow/.local/lib/python3.8/site-packages/airflow/example_dags/tutorial_taskflow_api_virtualenv.py                                                  1           0  0.13s           2025-07-03T18:22:14
/home/airflow/.local/lib/python3.8/site-packages/airflow/example_dags/example_bash_operator.py                                                             1           0  0.14s           2025-07-03T18:22:14
/home/airflow/.local/lib/python3.8/site-packages/airflow/example_dags/example_kubernetes_executor.py                                                       1           0  0.15s           2025-07-03T18:22:14
/home/airflow/.local/lib/python3.8/site-packages/airflow/example_dags/example_dag_decorator.py                                                             1           0  0.35s           2025-07-03T18:22:14
/home/airflow/.local/lib/python3.8/site-packages/airflow/example_dags/example_branch_labels.py                                                             1           0  0.16s           2025-07-03T18:22:15
/home/airflow/.local/lib/python3.8/site-packages/airflow/example_dags/example_short_circuit_operator.py                                                    1           0  0.12s           2025-07-03T18:22:15
/home/airflow/.local/lib/python3.8/site-packages/airflow/example_dags/example_python_decorator.py                                                          1           0  0.14s           2025-07-03T18:22:15
/home/airflow/.local/lib/python3.8/site-packages/airflow/example_dags/example_setup_teardown.py                                                            1           0  0.16s           2025-07-03T18:22:15
/home/airflow/.local/lib/python3.8/site-packages/airflow/example_dags/example_complex.py                                                                   1           0  0.17s           2025-07-03T18:22:15
/home/airflow/.local/lib/python3.8/site-packages/airflow/example_dags/example_branch_operator.py                                                           1           0  0.15s           2025-07-03T18:22:15
/home/airflow/.local/lib/python3.8/site-packages/airflow/example_dags/example_branch_day_of_week_operator.py                                               1           0  0.16s           2025-07-03T18:22:15
/home/airflow/.local/lib/python3.8/site-packages/airflow/example_dags/example_trigger_target_dag.py                                                        1           0  0.10s           2025-07-03T18:22:15
/home/airflow/.local/lib/python3.8/site-packages/airflow/example_dags/example_skip_dag.py                                                                  1           0  0.15s           2025-07-03T18:22:15
/home/airflow/.local/lib/python3.8/site-packages/airflow/example_dags/example_latest_only_with_trigger.py                                                  1           0  0.15s           2025-07-03T18:22:15
/home/airflow/.local/lib/python3.8/site-packages/airflow/example_dags/example_sla_dag.py                                                                   1           0  0.24s           2025-07-03T18:22:16
/home/airflow/.local/lib/python3.8/site-packages/airflow/example_dags/example_sensor_decorator.py                                                          1           0  0.13s           2025-07-03T18:22:16
/home/airflow/.local/lib/python3.8/site-packages/airflow/example_dags/example_xcomargs.py                                                                  2           0  0.15s           2025-07-03T18:22:12
/home/airflow/.local/lib/python3.8/site-packages/airflow/example_dags/example_external_task_marker_dag.py                                                  2           0  0.14s           2025-07-03T18:22:15
/home/airflow/.local/lib/python3.8/site-packages/airflow/example_dags/example_subdag_operator.py                                                           3           0  0.20s           2025-07-03T18:22:12
/home/airflow/.local/lib/python3.8/site-packages/airflow/example_dags/example_branch_datetime_operator.py                                                  3           0  0.19s           2025-07-03T18:22:13
/home/airflow/.local/lib/python3.8/site-packages/airflow/example_dags/example_datasets.py                                                                  6           0  0.23s           2025-07-03T18:22:13
================================================================================
[2025-07-03T18:23:08.767+0000] {manager.py:879} INFO - 
================================================================================
DAG File Processing Stats

File Path                                                                                                                           PID  Runtime      # DAGs    # Errors  Last Runtime    Last Run
--------------------------------------------------------------------------------------------------------------------------------  -----  ---------  --------  ----------  --------------  -------------------
/home/airflow/.local/lib/python3.8/site-packages/airflow/example_dags/plugins/listener_plugin.py                                                           0           0  0.18s           2025-07-03T18:22:48
/home/airflow/.local/lib/python3.8/site-packages/airflow/example_dags/plugins/event_listener.py                                                            0           0  0.21s           2025-07-03T18:22:48
/home/airflow/.local/lib/python3.8/site-packages/airflow/example_dags/plugins/workday.py                                                                   0           0  1.42s           2025-07-03T18:22:49
/home/airflow/.local/lib/python3.8/site-packages/airflow/example_dags/subdags/subdag.py                                                                    0           0  0.16s           2025-07-03T18:22:48
/home/airflow/.local/lib/python3.8/site-packages/airflow/example_dags/example_python_operator.py                                                           1           0  0.15s           2025-07-03T18:22:39
/home/airflow/.local/lib/python3.8/site-packages/airflow/example_dags/example_branch_python_dop_operator_3.py                       349  0.01s             1           0  0.13s           2025-07-03T18:22:38
/home/airflow/.local/lib/python3.8/site-packages/airflow/example_dags/tutorial_dag.py                                                                      1           0  0.13s           2025-07-03T18:22:39
/home/airflow/.local/lib/python3.8/site-packages/airflow/example_dags/example_xcom.py                                                                      1           0  0.12s           2025-07-03T18:22:39
/home/airflow/.local/lib/python3.8/site-packages/airflow/example_dags/tutorial.py                                                                          1           0  0.16s           2025-07-03T18:22:39
/home/airflow/.local/lib/python3.8/site-packages/airflow/example_dags/tutorial_taskflow_api.py                                                             1           0  0.14s           2025-07-03T18:22:39
/home/airflow/.local/lib/python3.8/site-packages/airflow/example_dags/example_trigger_controller_dag.py                                                    1           0  0.12s           2025-07-03T18:22:39
/home/airflow/.local/lib/python3.8/site-packages/airflow/example_dags/example_params_ui_tutorial.py                                                        1           0  0.30s           2025-07-03T18:22:41
/home/airflow/.local/lib/python3.8/site-packages/airflow/example_dags/example_latest_only.py                                                               1           0  0.22s           2025-07-03T18:22:40
/home/airflow/.local/lib/python3.8/site-packages/airflow/example_dags/tutorial_objectstorage.py                                                            1           0  0.19s           2025-07-03T18:22:41
/home/airflow/.local/lib/python3.8/site-packages/airflow/example_dags/example_time_delta_sensor_async.py                                                   1           0  0.15s           2025-07-03T18:22:41
/home/airflow/.local/lib/python3.8/site-packages/airflow/example_dags/example_passing_params_via_test_command.py                                           1           0  0.24s           2025-07-03T18:22:42
/home/airflow/.local/lib/python3.8/site-packages/airflow/example_dags/example_nested_branch_dag.py                                                         1           0  0.22s           2025-07-03T18:22:42
/home/airflow/.local/lib/python3.8/site-packages/airflow/example_dags/example_dynamic_task_mapping_with_no_taskflow_operators.py                           1           0  0.11s           2025-07-03T18:22:42
/home/airflow/.local/lib/python3.8/site-packages/airflow/example_dags/example_params_trigger_ui.py                                                         1           0  0.23s           2025-07-03T18:22:42
/home/airflow/.local/lib/python3.8/site-packages/airflow/example_dags/example_sensors.py                                                                   1           0  0.15s           2025-07-03T18:22:43
/home/airflow/.local/lib/python3.8/site-packages/airflow/example_dags/example_task_group.py                                                                1           0  0.16s           2025-07-03T18:22:43
/home/airflow/.local/lib/python3.8/site-packages/airflow/example_dags/example_branch_operator_decorator.py                                                 1           0  0.21s           2025-07-03T18:22:44
/home/airflow/.local/lib/python3.8/site-packages/airflow/example_dags/example_local_kubernetes_executor.py                                                 1           0  0.13s           2025-07-03T18:22:43
/home/airflow/.local/lib/python3.8/site-packages/airflow/example_dags/example_setup_teardown_taskflow.py                                                   1           0  0.16s           2025-07-03T18:22:44
/home/airflow/.local/lib/python3.8/site-packages/airflow/example_dags/example_task_group_decorator.py                                                      1           0  0.32s           2025-07-03T18:22:44
/home/airflow/.local/lib/python3.8/site-packages/airflow/example_dags/example_dynamic_task_mapping.py                                                      1           0  0.25s           2025-07-03T18:22:45
/home/airflow/.local/lib/python3.8/site-packages/airflow/example_dags/example_short_circuit_decorator.py                                                   1           0  0.30s           2025-07-03T18:22:45
/home/airflow/.local/lib/python3.8/site-packages/airflow/example_dags/tutorial_taskflow_api_virtualenv.py                                                  1           0  0.32s           2025-07-03T18:22:45
/home/airflow/.local/lib/python3.8/site-packages/airflow/example_dags/example_bash_operator.py                                                             1           0  0.21s           2025-07-03T18:22:45
/home/airflow/.local/lib/python3.8/site-packages/airflow/example_dags/example_kubernetes_executor.py                                                       1           0  0.19s           2025-07-03T18:22:45
/home/airflow/.local/lib/python3.8/site-packages/airflow/example_dags/example_dag_decorator.py                                                             1           0  0.94s           2025-07-03T18:22:46
/home/airflow/.local/lib/python3.8/site-packages/airflow/example_dags/example_branch_labels.py                                                             1           0  0.28s           2025-07-03T18:22:45
/home/airflow/.local/lib/python3.8/site-packages/airflow/example_dags/example_short_circuit_operator.py                                                    1           0  0.22s           2025-07-03T18:22:46
/home/airflow/.local/lib/python3.8/site-packages/airflow/example_dags/example_python_decorator.py                                                          1           0  0.15s           2025-07-03T18:22:46
/home/airflow/.local/lib/python3.8/site-packages/airflow/example_dags/example_setup_teardown.py                                                            1           0  0.25s           2025-07-03T18:22:46
/home/airflow/.local/lib/python3.8/site-packages/airflow/example_dags/example_complex.py                                                                   1           0  0.35s           2025-07-03T18:22:47
/home/airflow/.local/lib/python3.8/site-packages/airflow/example_dags/example_branch_operator.py                                                           1           0  0.38s           2025-07-03T18:22:47
/home/airflow/.local/lib/python3.8/site-packages/airflow/example_dags/example_branch_day_of_week_operator.py                                               1           0  0.21s           2025-07-03T18:22:47
/home/airflow/.local/lib/python3.8/site-packages/airflow/example_dags/example_trigger_target_dag.py                                                        1           0  0.36s           2025-07-03T18:22:47
/home/airflow/.local/lib/python3.8/site-packages/airflow/example_dags/example_skip_dag.py                                                                  1           0  0.38s           2025-07-03T18:22:47
/home/airflow/.local/lib/python3.8/site-packages/airflow/example_dags/example_latest_only_with_trigger.py                                                  1           0  0.30s           2025-07-03T18:22:47
/home/airflow/.local/lib/python3.8/site-packages/airflow/example_dags/example_sla_dag.py                                                                   1           0  0.31s           2025-07-03T18:22:48
/home/airflow/.local/lib/python3.8/site-packages/airflow/example_dags/example_sensor_decorator.py                                                          1           0  0.36s           2025-07-03T18:22:48
/home/airflow/.local/lib/python3.8/site-packages/airflow/example_dags/example_xcomargs.py                                                                  2           0  0.18s           2025-07-03T18:22:42
/home/airflow/.local/lib/python3.8/site-packages/airflow/example_dags/example_external_task_marker_dag.py                                                  2           0  0.39s           2025-07-03T18:22:46
/home/airflow/.local/lib/python3.8/site-packages/airflow/example_dags/example_subdag_operator.py                                                           3           0  0.15s           2025-07-03T18:22:42
/home/airflow/.local/lib/python3.8/site-packages/airflow/example_dags/example_branch_datetime_operator.py                                                  3           0  0.27s           2025-07-03T18:22:44
/home/airflow/.local/lib/python3.8/site-packages/airflow/example_dags/example_datasets.py                                                                  6           0  0.48s           2025-07-03T18:22:44
================================================================================
[2025-07-03T18:23:39.165+0000] {manager.py:879} INFO - 
================================================================================
DAG File Processing Stats

File Path                                                                                                                           PID  Runtime      # DAGs    # Errors  Last Runtime    Last Run
--------------------------------------------------------------------------------------------------------------------------------  -----  ---------  --------  ----------  --------------  -------------------
/home/airflow/.local/lib/python3.8/site-packages/airflow/example_dags/plugins/listener_plugin.py                                                           0           0  0.19s           2025-07-03T18:23:19
/home/airflow/.local/lib/python3.8/site-packages/airflow/example_dags/plugins/event_listener.py                                                            0           0  0.15s           2025-07-03T18:23:19
/home/airflow/.local/lib/python3.8/site-packages/airflow/example_dags/plugins/workday.py                                                                   0           0  0.78s           2025-07-03T18:23:21
/home/airflow/.local/lib/python3.8/site-packages/airflow/example_dags/subdags/subdag.py                                                                    0           0  0.11s           2025-07-03T18:23:19
/home/airflow/.local/lib/python3.8/site-packages/airflow/example_dags/example_python_operator.py                                                           1           0  0.15s           2025-07-03T18:23:09
/home/airflow/.local/lib/python3.8/site-packages/airflow/example_dags/example_branch_python_dop_operator_3.py                       414  0.01s             1           0  0.16s           2025-07-03T18:23:08
/home/airflow/.local/lib/python3.8/site-packages/airflow/example_dags/tutorial_dag.py                                                                      1           0  0.13s           2025-07-03T18:23:09
/home/airflow/.local/lib/python3.8/site-packages/airflow/example_dags/example_xcom.py                                                                      1           0  0.11s           2025-07-03T18:23:10
/home/airflow/.local/lib/python3.8/site-packages/airflow/example_dags/tutorial.py                                                                          1           0  0.15s           2025-07-03T18:23:10
/home/airflow/.local/lib/python3.8/site-packages/airflow/example_dags/tutorial_taskflow_api.py                                                             1           0  0.15s           2025-07-03T18:23:10
/home/airflow/.local/lib/python3.8/site-packages/airflow/example_dags/example_trigger_controller_dag.py                                                    1           0  0.11s           2025-07-03T18:23:10
/home/airflow/.local/lib/python3.8/site-packages/airflow/example_dags/example_params_ui_tutorial.py                                                        1           0  0.33s           2025-07-03T18:23:11
/home/airflow/.local/lib/python3.8/site-packages/airflow/example_dags/example_latest_only.py                                                               1           0  0.18s           2025-07-03T18:23:11
/home/airflow/.local/lib/python3.8/site-packages/airflow/example_dags/tutorial_objectstorage.py                                                            1           0  0.20s           2025-07-03T18:23:11
/home/airflow/.local/lib/python3.8/site-packages/airflow/example_dags/example_time_delta_sensor_async.py                                                   1           0  0.11s           2025-07-03T18:23:11
/home/airflow/.local/lib/python3.8/site-packages/airflow/example_dags/example_passing_params_via_test_command.py                                           1           0  0.18s           2025-07-03T18:23:12
/home/airflow/.local/lib/python3.8/site-packages/airflow/example_dags/example_nested_branch_dag.py                                                         1           0  0.16s           2025-07-03T18:23:12
/home/airflow/.local/lib/python3.8/site-packages/airflow/example_dags/example_dynamic_task_mapping_with_no_taskflow_operators.py                           1           0  0.11s           2025-07-03T18:23:12
/home/airflow/.local/lib/python3.8/site-packages/airflow/example_dags/example_params_trigger_ui.py                                                         1           0  0.33s           2025-07-03T18:23:13
/home/airflow/.local/lib/python3.8/site-packages/airflow/example_dags/example_sensors.py                                                                   1           0  0.26s           2025-07-03T18:23:13
/home/airflow/.local/lib/python3.8/site-packages/airflow/example_dags/example_task_group.py                                                                1           0  0.16s           2025-07-03T18:23:13
/home/airflow/.local/lib/python3.8/site-packages/airflow/example_dags/example_branch_operator_decorator.py                                                 1           0  0.40s           2025-07-03T18:23:14
/home/airflow/.local/lib/python3.8/site-packages/airflow/example_dags/example_local_kubernetes_executor.py                                                 1           0  0.15s           2025-07-03T18:23:13
/home/airflow/.local/lib/python3.8/site-packages/airflow/example_dags/example_setup_teardown_taskflow.py                                                   1           0  0.27s           2025-07-03T18:23:14
/home/airflow/.local/lib/python3.8/site-packages/airflow/example_dags/example_task_group_decorator.py                                                      1           0  0.29s           2025-07-03T18:23:15
/home/airflow/.local/lib/python3.8/site-packages/airflow/example_dags/example_dynamic_task_mapping.py                                                      1           0  0.35s           2025-07-03T18:23:15
/home/airflow/.local/lib/python3.8/site-packages/airflow/example_dags/example_short_circuit_decorator.py                                                   1           0  0.26s           2025-07-03T18:23:15
/home/airflow/.local/lib/python3.8/site-packages/airflow/example_dags/tutorial_taskflow_api_virtualenv.py                                                  1           0  0.23s           2025-07-03T18:23:15
/home/airflow/.local/lib/python3.8/site-packages/airflow/example_dags/example_bash_operator.py                                                             1           0  0.37s           2025-07-03T18:23:16
/home/airflow/.local/lib/python3.8/site-packages/airflow/example_dags/example_kubernetes_executor.py                                                       1           0  0.34s           2025-07-03T18:23:16
/home/airflow/.local/lib/python3.8/site-packages/airflow/example_dags/example_dag_decorator.py                                                             1           0  0.64s           2025-07-03T18:23:17
/home/airflow/.local/lib/python3.8/site-packages/airflow/example_dags/example_branch_labels.py                                                             1           0  0.26s           2025-07-03T18:23:16
/home/airflow/.local/lib/python3.8/site-packages/airflow/example_dags/example_short_circuit_operator.py                                                    1           0  0.15s           2025-07-03T18:23:16
/home/airflow/.local/lib/python3.8/site-packages/airflow/example_dags/example_python_decorator.py                                                          1           0  0.29s           2025-07-03T18:23:17
/home/airflow/.local/lib/python3.8/site-packages/airflow/example_dags/example_setup_teardown.py                                                            1           0  0.28s           2025-07-03T18:23:17
/home/airflow/.local/lib/python3.8/site-packages/airflow/example_dags/example_complex.py                                                                   1           0  0.36s           2025-07-03T18:23:17
/home/airflow/.local/lib/python3.8/site-packages/airflow/example_dags/example_branch_operator.py                                                           1           0  0.34s           2025-07-03T18:23:17
/home/airflow/.local/lib/python3.8/site-packages/airflow/example_dags/example_branch_day_of_week_operator.py                                               1           0  0.24s           2025-07-03T18:23:17
/home/airflow/.local/lib/python3.8/site-packages/airflow/example_dags/example_trigger_target_dag.py                                                        1           0  0.36s           2025-07-03T18:23:18
/home/airflow/.local/lib/python3.8/site-packages/airflow/example_dags/example_skip_dag.py                                                                  1           0  0.36s           2025-07-03T18:23:18
/home/airflow/.local/lib/python3.8/site-packages/airflow/example_dags/example_latest_only_with_trigger.py                                                  1           0  0.55s           2025-07-03T18:23:18
/home/airflow/.local/lib/python3.8/site-packages/airflow/example_dags/example_sla_dag.py                                                                   1           0  0.54s           2025-07-03T18:23:18
/home/airflow/.local/lib/python3.8/site-packages/airflow/example_dags/example_sensor_decorator.py                                                          1           0  0.36s           2025-07-03T18:23:19
/home/airflow/.local/lib/python3.8/site-packages/airflow/example_dags/example_xcomargs.py                                                                  2           0  0.15s           2025-07-03T18:23:13
/home/airflow/.local/lib/python3.8/site-packages/airflow/example_dags/example_external_task_marker_dag.py                                                  2           0  0.14s           2025-07-03T18:23:16
/home/airflow/.local/lib/python3.8/site-packages/airflow/example_dags/example_subdag_operator.py                                                           3           0  0.19s           2025-07-03T18:23:13
/home/airflow/.local/lib/python3.8/site-packages/airflow/example_dags/example_branch_datetime_operator.py                                                  3           0  0.35s           2025-07-03T18:23:15
/home/airflow/.local/lib/python3.8/site-packages/airflow/example_dags/example_datasets.py                                                                  6           0  0.39s           2025-07-03T18:23:15
================================================================================
[2025-07-03T18:24:09.265+0000] {manager.py:879} INFO - 
================================================================================
DAG File Processing Stats

File Path                                                                                                                         PID    Runtime      # DAGs    # Errors  Last Runtime    Last Run
--------------------------------------------------------------------------------------------------------------------------------  -----  ---------  --------  ----------  --------------  -------------------
/home/airflow/.local/lib/python3.8/site-packages/airflow/example_dags/plugins/listener_plugin.py                                                           0           0  0.12s           2025-07-03T18:23:50
/home/airflow/.local/lib/python3.8/site-packages/airflow/example_dags/plugins/event_listener.py                                                            0           0  0.08s           2025-07-03T18:23:50
/home/airflow/.local/lib/python3.8/site-packages/airflow/example_dags/plugins/workday.py                                                                   0           0  0.85s           2025-07-03T18:23:52
/home/airflow/.local/lib/python3.8/site-packages/airflow/example_dags/subdags/subdag.py                                                                    0           0  0.07s           2025-07-03T18:23:50
/home/airflow/.local/lib/python3.8/site-packages/airflow/example_dags/example_python_operator.py                                                           1           0  0.15s           2025-07-03T18:23:40
/home/airflow/.local/lib/python3.8/site-packages/airflow/example_dags/example_branch_python_dop_operator_3.py                                              1           0  0.19s           2025-07-03T18:23:39
/home/airflow/.local/lib/python3.8/site-packages/airflow/example_dags/tutorial_dag.py                                                                      1           0  0.12s           2025-07-03T18:23:40
/home/airflow/.local/lib/python3.8/site-packages/airflow/example_dags/example_xcom.py                                                                      1           0  0.11s           2025-07-03T18:23:40
/home/airflow/.local/lib/python3.8/site-packages/airflow/example_dags/tutorial.py                                                                          1           0  0.16s           2025-07-03T18:23:40
/home/airflow/.local/lib/python3.8/site-packages/airflow/example_dags/tutorial_taskflow_api.py                                                             1           0  0.16s           2025-07-03T18:23:40
/home/airflow/.local/lib/python3.8/site-packages/airflow/example_dags/example_trigger_controller_dag.py                                                    1           0  0.11s           2025-07-03T18:23:40
/home/airflow/.local/lib/python3.8/site-packages/airflow/example_dags/example_params_ui_tutorial.py                                                        1           0  0.29s           2025-07-03T18:23:41
/home/airflow/.local/lib/python3.8/site-packages/airflow/example_dags/example_latest_only.py                                                               1           0  0.15s           2025-07-03T18:23:41
/home/airflow/.local/lib/python3.8/site-packages/airflow/example_dags/tutorial_objectstorage.py                                                            1           0  0.21s           2025-07-03T18:23:41
/home/airflow/.local/lib/python3.8/site-packages/airflow/example_dags/example_time_delta_sensor_async.py                                                   1           0  0.14s           2025-07-03T18:23:42
/home/airflow/.local/lib/python3.8/site-packages/airflow/example_dags/example_passing_params_via_test_command.py                                           1           0  0.17s           2025-07-03T18:23:43
/home/airflow/.local/lib/python3.8/site-packages/airflow/example_dags/example_nested_branch_dag.py                                                         1           0  0.16s           2025-07-03T18:23:43
/home/airflow/.local/lib/python3.8/site-packages/airflow/example_dags/example_dynamic_task_mapping_with_no_taskflow_operators.py                           1           0  0.11s           2025-07-03T18:23:43
/home/airflow/.local/lib/python3.8/site-packages/airflow/example_dags/example_params_trigger_ui.py                                                         1           0  0.24s           2025-07-03T18:23:43
/home/airflow/.local/lib/python3.8/site-packages/airflow/example_dags/example_sensors.py                                                                   1           0  0.17s           2025-07-03T18:23:43
/home/airflow/.local/lib/python3.8/site-packages/airflow/example_dags/example_task_group.py                                                                1           0  0.29s           2025-07-03T18:23:43
/home/airflow/.local/lib/python3.8/site-packages/airflow/example_dags/example_branch_operator_decorator.py                                                 1           0  0.40s           2025-07-03T18:23:45
/home/airflow/.local/lib/python3.8/site-packages/airflow/example_dags/example_local_kubernetes_executor.py                                                 1           0  0.28s           2025-07-03T18:23:43
/home/airflow/.local/lib/python3.8/site-packages/airflow/example_dags/example_setup_teardown_taskflow.py                                                   1           0  0.25s           2025-07-03T18:23:45
/home/airflow/.local/lib/python3.8/site-packages/airflow/example_dags/example_task_group_decorator.py                                                      1           0  0.31s           2025-07-03T18:23:45
/home/airflow/.local/lib/python3.8/site-packages/airflow/example_dags/example_dynamic_task_mapping.py                                                      1           0  0.33s           2025-07-03T18:23:46
/home/airflow/.local/lib/python3.8/site-packages/airflow/example_dags/example_short_circuit_decorator.py                                                   1           0  0.21s           2025-07-03T18:23:46
/home/airflow/.local/lib/python3.8/site-packages/airflow/example_dags/tutorial_taskflow_api_virtualenv.py                                                  1           0  0.21s           2025-07-03T18:23:46
/home/airflow/.local/lib/python3.8/site-packages/airflow/example_dags/example_bash_operator.py                                                             1           0  0.44s           2025-07-03T18:23:46
/home/airflow/.local/lib/python3.8/site-packages/airflow/example_dags/example_kubernetes_executor.py                                                       1           0  0.34s           2025-07-03T18:23:46
/home/airflow/.local/lib/python3.8/site-packages/airflow/example_dags/example_dag_decorator.py                                                             1           0  1.09s           2025-07-03T18:23:49
/home/airflow/.local/lib/python3.8/site-packages/airflow/example_dags/example_branch_labels.py                                                             1           0  0.28s           2025-07-03T18:23:46
/home/airflow/.local/lib/python3.8/site-packages/airflow/example_dags/example_short_circuit_operator.py                                                    1           0  0.18s           2025-07-03T18:23:47
/home/airflow/.local/lib/python3.8/site-packages/airflow/example_dags/example_python_decorator.py                                                          1           0  0.17s           2025-07-03T18:23:47
/home/airflow/.local/lib/python3.8/site-packages/airflow/example_dags/example_setup_teardown.py                                                            1           0  0.36s           2025-07-03T18:23:48
/home/airflow/.local/lib/python3.8/site-packages/airflow/example_dags/example_complex.py                                                                   1           0  0.46s           2025-07-03T18:23:49
/home/airflow/.local/lib/python3.8/site-packages/airflow/example_dags/example_branch_operator.py                                                           1           0  0.21s           2025-07-03T18:23:49
/home/airflow/.local/lib/python3.8/site-packages/airflow/example_dags/example_branch_day_of_week_operator.py                                               1           0  0.15s           2025-07-03T18:23:49
/home/airflow/.local/lib/python3.8/site-packages/airflow/example_dags/example_trigger_target_dag.py                                                        1           0  0.15s           2025-07-03T18:23:49
/home/airflow/.local/lib/python3.8/site-packages/airflow/example_dags/example_skip_dag.py                                                                  1           0  0.39s           2025-07-03T18:23:49
/home/airflow/.local/lib/python3.8/site-packages/airflow/example_dags/example_latest_only_with_trigger.py                                                  1           0  0.32s           2025-07-03T18:23:49
/home/airflow/.local/lib/python3.8/site-packages/airflow/example_dags/example_sla_dag.py                                                                   1           0  0.21s           2025-07-03T18:23:50
/home/airflow/.local/lib/python3.8/site-packages/airflow/example_dags/example_sensor_decorator.py                                                          1           0  0.22s           2025-07-03T18:23:50
/home/airflow/.local/lib/python3.8/site-packages/airflow/example_dags/example_xcomargs.py                                                                  2           0  0.15s           2025-07-03T18:23:43
/home/airflow/.local/lib/python3.8/site-packages/airflow/example_dags/example_external_task_marker_dag.py                                                  2           0  0.31s           2025-07-03T18:23:47
/home/airflow/.local/lib/python3.8/site-packages/airflow/example_dags/example_subdag_operator.py                                                           3           0  0.19s           2025-07-03T18:23:43
/home/airflow/.local/lib/python3.8/site-packages/airflow/example_dags/example_branch_datetime_operator.py                                                  3           0  0.40s           2025-07-03T18:23:45
/home/airflow/.local/lib/python3.8/site-packages/airflow/example_dags/example_datasets.py                                                                  6           0  0.38s           2025-07-03T18:23:45
================================================================================
[2025-07-03T18:24:39.660+0000] {manager.py:451} INFO - Exiting gracefully upon receiving signal 15
