[2025-07-03T17:35:39.623+0000] {processor.py:161} INFO - Started process (PID=235) to work on /home/airflow/.local/lib/python3.8/site-packages/airflow/example_dags/example_datasets.py
[2025-07-03T17:35:39.627+0000] {processor.py:830} INFO - Processing file /home/airflow/.local/lib/python3.8/site-packages/airflow/example_dags/example_datasets.py for tasks to queue
[2025-07-03T17:35:39.634+0000] {logging_mixin.py:188} INFO - [2025-07-03T17:35:39.633+0000] {dagbag.py:538} INFO - Filling up the DagBag from /home/airflow/.local/lib/python3.8/site-packages/airflow/example_dags/example_datasets.py
[2025-07-03T17:35:39.696+0000] {processor.py:840} INFO - DAG(s) 'dataset_produces_2', 'dataset_consumes_1', 'dataset_consumes_1_never_scheduled', 'dataset_consumes_1_and_2', 'dataset_produces_1', 'dataset_consumes_unknown_never_scheduled' retrieved from /home/airflow/.local/lib/python3.8/site-packages/airflow/example_dags/example_datasets.py
[2025-07-03T17:35:40.756+0000] {logging_mixin.py:188} INFO - [2025-07-03T17:35:40.756+0000] {dag.py:3036} INFO - Sync 6 DAGs
[2025-07-03T17:35:40.877+0000] {logging_mixin.py:188} INFO - [2025-07-03T17:35:40.877+0000] {dag.py:3823} INFO - Setting next_dagrun for dataset_consumes_1 to None, run_after=None
[2025-07-03T17:35:40.902+0000] {logging_mixin.py:188} INFO - [2025-07-03T17:35:40.901+0000] {dag.py:3823} INFO - Setting next_dagrun for dataset_consumes_1_and_2 to None, run_after=None
[2025-07-03T17:35:40.932+0000] {logging_mixin.py:188} INFO - [2025-07-03T17:35:40.932+0000] {dag.py:3823} INFO - Setting next_dagrun for dataset_consumes_1_never_scheduled to None, run_after=None
[2025-07-03T17:35:40.939+0000] {logging_mixin.py:188} INFO - [2025-07-03T17:35:40.939+0000] {dag.py:3823} INFO - Setting next_dagrun for dataset_consumes_unknown_never_scheduled to None, run_after=None
[2025-07-03T17:35:40.953+0000] {logging_mixin.py:188} INFO - [2025-07-03T17:35:40.953+0000] {dag.py:3823} INFO - Setting next_dagrun for dataset_produces_1 to 2025-07-02 00:00:00+00:00, run_after=2025-07-03 00:00:00+00:00
[2025-07-03T17:35:40.956+0000] {logging_mixin.py:188} INFO - [2025-07-03T17:35:40.956+0000] {dag.py:3823} INFO - Setting next_dagrun for dataset_produces_2 to None, run_after=None
[2025-07-03T17:35:41.127+0000] {processor.py:183} INFO - Processing /home/airflow/.local/lib/python3.8/site-packages/airflow/example_dags/example_datasets.py took 1.513 seconds
[2025-07-03T17:36:13.448+0000] {processor.py:161} INFO - Started process (PID=299) to work on /home/airflow/.local/lib/python3.8/site-packages/airflow/example_dags/example_datasets.py
[2025-07-03T17:36:13.454+0000] {processor.py:830} INFO - Processing file /home/airflow/.local/lib/python3.8/site-packages/airflow/example_dags/example_datasets.py for tasks to queue
[2025-07-03T17:36:13.456+0000] {logging_mixin.py:188} INFO - [2025-07-03T17:36:13.456+0000] {dagbag.py:538} INFO - Filling up the DagBag from /home/airflow/.local/lib/python3.8/site-packages/airflow/example_dags/example_datasets.py
[2025-07-03T17:36:13.589+0000] {processor.py:840} INFO - DAG(s) 'dataset_consumes_unknown_never_scheduled', 'dataset_produces_1', 'dataset_consumes_1_and_2', 'dataset_produces_2', 'dataset_consumes_1', 'dataset_consumes_1_never_scheduled' retrieved from /home/airflow/.local/lib/python3.8/site-packages/airflow/example_dags/example_datasets.py
[2025-07-03T17:36:14.038+0000] {logging_mixin.py:188} INFO - [2025-07-03T17:36:14.038+0000] {dag.py:3036} INFO - Sync 6 DAGs
[2025-07-03T17:36:14.306+0000] {logging_mixin.py:188} INFO - [2025-07-03T17:36:14.306+0000] {dag.py:3823} INFO - Setting next_dagrun for dataset_consumes_1 to None, run_after=None
[2025-07-03T17:36:14.339+0000] {logging_mixin.py:188} INFO - [2025-07-03T17:36:14.339+0000] {dag.py:3823} INFO - Setting next_dagrun for dataset_consumes_1_and_2 to None, run_after=None
[2025-07-03T17:36:14.360+0000] {logging_mixin.py:188} INFO - [2025-07-03T17:36:14.360+0000] {dag.py:3823} INFO - Setting next_dagrun for dataset_consumes_1_never_scheduled to None, run_after=None
[2025-07-03T17:36:14.383+0000] {logging_mixin.py:188} INFO - [2025-07-03T17:36:14.382+0000] {dag.py:3823} INFO - Setting next_dagrun for dataset_consumes_unknown_never_scheduled to None, run_after=None
[2025-07-03T17:36:14.435+0000] {logging_mixin.py:188} INFO - [2025-07-03T17:36:14.434+0000] {dag.py:3823} INFO - Setting next_dagrun for dataset_produces_1 to 2025-07-02 00:00:00+00:00, run_after=2025-07-03 00:00:00+00:00
[2025-07-03T17:36:14.450+0000] {logging_mixin.py:188} INFO - [2025-07-03T17:36:14.450+0000] {dag.py:3823} INFO - Setting next_dagrun for dataset_produces_2 to None, run_after=None
[2025-07-03T17:36:14.890+0000] {processor.py:183} INFO - Processing /home/airflow/.local/lib/python3.8/site-packages/airflow/example_dags/example_datasets.py took 1.481 seconds
[2025-07-03T17:36:45.342+0000] {processor.py:161} INFO - Started process (PID=357) to work on /home/airflow/.local/lib/python3.8/site-packages/airflow/example_dags/example_datasets.py
[2025-07-03T17:36:45.357+0000] {processor.py:830} INFO - Processing file /home/airflow/.local/lib/python3.8/site-packages/airflow/example_dags/example_datasets.py for tasks to queue
[2025-07-03T17:36:45.359+0000] {logging_mixin.py:188} INFO - [2025-07-03T17:36:45.359+0000] {dagbag.py:538} INFO - Filling up the DagBag from /home/airflow/.local/lib/python3.8/site-packages/airflow/example_dags/example_datasets.py
[2025-07-03T17:36:45.456+0000] {processor.py:840} INFO - DAG(s) 'dataset_produces_1', 'dataset_consumes_1', 'dataset_consumes_1_and_2', 'dataset_produces_2', 'dataset_consumes_1_never_scheduled', 'dataset_consumes_unknown_never_scheduled' retrieved from /home/airflow/.local/lib/python3.8/site-packages/airflow/example_dags/example_datasets.py
[2025-07-03T17:36:45.713+0000] {logging_mixin.py:188} INFO - [2025-07-03T17:36:45.712+0000] {dag.py:3036} INFO - Sync 6 DAGs
[2025-07-03T17:36:45.890+0000] {logging_mixin.py:188} INFO - [2025-07-03T17:36:45.889+0000] {dag.py:3823} INFO - Setting next_dagrun for dataset_consumes_1 to None, run_after=None
[2025-07-03T17:36:45.914+0000] {logging_mixin.py:188} INFO - [2025-07-03T17:36:45.913+0000] {dag.py:3823} INFO - Setting next_dagrun for dataset_consumes_1_and_2 to None, run_after=None
[2025-07-03T17:36:45.927+0000] {logging_mixin.py:188} INFO - [2025-07-03T17:36:45.927+0000] {dag.py:3823} INFO - Setting next_dagrun for dataset_consumes_1_never_scheduled to None, run_after=None
[2025-07-03T17:36:45.929+0000] {logging_mixin.py:188} INFO - [2025-07-03T17:36:45.929+0000] {dag.py:3823} INFO - Setting next_dagrun for dataset_consumes_unknown_never_scheduled to None, run_after=None
[2025-07-03T17:36:45.946+0000] {logging_mixin.py:188} INFO - [2025-07-03T17:36:45.945+0000] {dag.py:3823} INFO - Setting next_dagrun for dataset_produces_1 to 2025-07-02 00:00:00+00:00, run_after=2025-07-03 00:00:00+00:00
[2025-07-03T17:36:45.963+0000] {logging_mixin.py:188} INFO - [2025-07-03T17:36:45.963+0000] {dag.py:3823} INFO - Setting next_dagrun for dataset_produces_2 to None, run_after=None
[2025-07-03T17:36:46.279+0000] {processor.py:183} INFO - Processing /home/airflow/.local/lib/python3.8/site-packages/airflow/example_dags/example_datasets.py took 0.962 seconds
[2025-07-03T17:37:16.434+0000] {processor.py:161} INFO - Started process (PID=421) to work on /home/airflow/.local/lib/python3.8/site-packages/airflow/example_dags/example_datasets.py
[2025-07-03T17:37:16.445+0000] {processor.py:830} INFO - Processing file /home/airflow/.local/lib/python3.8/site-packages/airflow/example_dags/example_datasets.py for tasks to queue
[2025-07-03T17:37:16.448+0000] {logging_mixin.py:188} INFO - [2025-07-03T17:37:16.448+0000] {dagbag.py:538} INFO - Filling up the DagBag from /home/airflow/.local/lib/python3.8/site-packages/airflow/example_dags/example_datasets.py
[2025-07-03T17:37:16.520+0000] {processor.py:840} INFO - DAG(s) 'dataset_produces_2', 'dataset_consumes_1_and_2', 'dataset_consumes_1', 'dataset_consumes_1_never_scheduled', 'dataset_produces_1', 'dataset_consumes_unknown_never_scheduled' retrieved from /home/airflow/.local/lib/python3.8/site-packages/airflow/example_dags/example_datasets.py
[2025-07-03T17:37:16.724+0000] {logging_mixin.py:188} INFO - [2025-07-03T17:37:16.724+0000] {dag.py:3036} INFO - Sync 6 DAGs
[2025-07-03T17:37:16.844+0000] {logging_mixin.py:188} INFO - [2025-07-03T17:37:16.844+0000] {dag.py:3823} INFO - Setting next_dagrun for dataset_consumes_1 to None, run_after=None
[2025-07-03T17:37:16.870+0000] {logging_mixin.py:188} INFO - [2025-07-03T17:37:16.869+0000] {dag.py:3823} INFO - Setting next_dagrun for dataset_consumes_1_and_2 to None, run_after=None
[2025-07-03T17:37:16.874+0000] {logging_mixin.py:188} INFO - [2025-07-03T17:37:16.873+0000] {dag.py:3823} INFO - Setting next_dagrun for dataset_consumes_1_never_scheduled to None, run_after=None
[2025-07-03T17:37:16.884+0000] {logging_mixin.py:188} INFO - [2025-07-03T17:37:16.883+0000] {dag.py:3823} INFO - Setting next_dagrun for dataset_consumes_unknown_never_scheduled to None, run_after=None
[2025-07-03T17:37:16.908+0000] {logging_mixin.py:188} INFO - [2025-07-03T17:37:16.900+0000] {dag.py:3823} INFO - Setting next_dagrun for dataset_produces_1 to 2025-07-02 00:00:00+00:00, run_after=2025-07-03 00:00:00+00:00
[2025-07-03T17:37:16.911+0000] {logging_mixin.py:188} INFO - [2025-07-03T17:37:16.911+0000] {dag.py:3823} INFO - Setting next_dagrun for dataset_produces_2 to None, run_after=None
[2025-07-03T17:37:17.078+0000] {processor.py:183} INFO - Processing /home/airflow/.local/lib/python3.8/site-packages/airflow/example_dags/example_datasets.py took 0.657 seconds
[2025-07-03T17:37:48.632+0000] {processor.py:161} INFO - Started process (PID=478) to work on /home/airflow/.local/lib/python3.8/site-packages/airflow/example_dags/example_datasets.py
[2025-07-03T17:37:48.643+0000] {processor.py:830} INFO - Processing file /home/airflow/.local/lib/python3.8/site-packages/airflow/example_dags/example_datasets.py for tasks to queue
[2025-07-03T17:37:48.654+0000] {logging_mixin.py:188} INFO - [2025-07-03T17:37:48.653+0000] {dagbag.py:538} INFO - Filling up the DagBag from /home/airflow/.local/lib/python3.8/site-packages/airflow/example_dags/example_datasets.py
[2025-07-03T17:37:48.767+0000] {processor.py:840} INFO - DAG(s) 'dataset_consumes_1', 'dataset_consumes_1_never_scheduled', 'dataset_produces_2', 'dataset_consumes_unknown_never_scheduled', 'dataset_produces_1', 'dataset_consumes_1_and_2' retrieved from /home/airflow/.local/lib/python3.8/site-packages/airflow/example_dags/example_datasets.py
[2025-07-03T17:37:49.019+0000] {logging_mixin.py:188} INFO - [2025-07-03T17:37:49.019+0000] {dag.py:3036} INFO - Sync 6 DAGs
[2025-07-03T17:37:49.238+0000] {logging_mixin.py:188} INFO - [2025-07-03T17:37:49.237+0000] {dag.py:3823} INFO - Setting next_dagrun for dataset_consumes_1 to None, run_after=None
[2025-07-03T17:37:49.262+0000] {logging_mixin.py:188} INFO - [2025-07-03T17:37:49.261+0000] {dag.py:3823} INFO - Setting next_dagrun for dataset_consumes_1_and_2 to None, run_after=None
[2025-07-03T17:37:49.270+0000] {logging_mixin.py:188} INFO - [2025-07-03T17:37:49.269+0000] {dag.py:3823} INFO - Setting next_dagrun for dataset_consumes_1_never_scheduled to None, run_after=None
[2025-07-03T17:37:49.274+0000] {logging_mixin.py:188} INFO - [2025-07-03T17:37:49.273+0000] {dag.py:3823} INFO - Setting next_dagrun for dataset_consumes_unknown_never_scheduled to None, run_after=None
[2025-07-03T17:37:49.287+0000] {logging_mixin.py:188} INFO - [2025-07-03T17:37:49.287+0000] {dag.py:3823} INFO - Setting next_dagrun for dataset_produces_1 to 2025-07-02 00:00:00+00:00, run_after=2025-07-03 00:00:00+00:00
[2025-07-03T17:37:49.294+0000] {logging_mixin.py:188} INFO - [2025-07-03T17:37:49.294+0000] {dag.py:3823} INFO - Setting next_dagrun for dataset_produces_2 to None, run_after=None
[2025-07-03T17:37:49.544+0000] {processor.py:183} INFO - Processing /home/airflow/.local/lib/python3.8/site-packages/airflow/example_dags/example_datasets.py took 0.947 seconds
[2025-07-03T17:38:19.597+0000] {processor.py:161} INFO - Started process (PID=544) to work on /home/airflow/.local/lib/python3.8/site-packages/airflow/example_dags/example_datasets.py
[2025-07-03T17:38:19.599+0000] {processor.py:830} INFO - Processing file /home/airflow/.local/lib/python3.8/site-packages/airflow/example_dags/example_datasets.py for tasks to queue
[2025-07-03T17:38:19.601+0000] {logging_mixin.py:188} INFO - [2025-07-03T17:38:19.601+0000] {dagbag.py:538} INFO - Filling up the DagBag from /home/airflow/.local/lib/python3.8/site-packages/airflow/example_dags/example_datasets.py
[2025-07-03T17:38:19.618+0000] {processor.py:840} INFO - DAG(s) 'dataset_consumes_1', 'dataset_consumes_1_never_scheduled', 'dataset_produces_1', 'dataset_produces_2', 'dataset_consumes_1_and_2', 'dataset_consumes_unknown_never_scheduled' retrieved from /home/airflow/.local/lib/python3.8/site-packages/airflow/example_dags/example_datasets.py
[2025-07-03T17:38:19.683+0000] {logging_mixin.py:188} INFO - [2025-07-03T17:38:19.682+0000] {dag.py:3036} INFO - Sync 6 DAGs
[2025-07-03T17:38:19.726+0000] {logging_mixin.py:188} INFO - [2025-07-03T17:38:19.725+0000] {dag.py:3823} INFO - Setting next_dagrun for dataset_consumes_1 to None, run_after=None
[2025-07-03T17:38:19.733+0000] {logging_mixin.py:188} INFO - [2025-07-03T17:38:19.732+0000] {dag.py:3823} INFO - Setting next_dagrun for dataset_consumes_1_and_2 to None, run_after=None
[2025-07-03T17:38:19.735+0000] {logging_mixin.py:188} INFO - [2025-07-03T17:38:19.735+0000] {dag.py:3823} INFO - Setting next_dagrun for dataset_consumes_1_never_scheduled to None, run_after=None
[2025-07-03T17:38:19.738+0000] {logging_mixin.py:188} INFO - [2025-07-03T17:38:19.738+0000] {dag.py:3823} INFO - Setting next_dagrun for dataset_consumes_unknown_never_scheduled to None, run_after=None
[2025-07-03T17:38:19.745+0000] {logging_mixin.py:188} INFO - [2025-07-03T17:38:19.744+0000] {dag.py:3823} INFO - Setting next_dagrun for dataset_produces_1 to 2025-07-02 00:00:00+00:00, run_after=2025-07-03 00:00:00+00:00
[2025-07-03T17:38:19.748+0000] {logging_mixin.py:188} INFO - [2025-07-03T17:38:19.748+0000] {dag.py:3823} INFO - Setting next_dagrun for dataset_produces_2 to None, run_after=None
[2025-07-03T17:38:19.801+0000] {processor.py:183} INFO - Processing /home/airflow/.local/lib/python3.8/site-packages/airflow/example_dags/example_datasets.py took 0.209 seconds
[2025-07-03T17:38:50.580+0000] {processor.py:161} INFO - Started process (PID=606) to work on /home/airflow/.local/lib/python3.8/site-packages/airflow/example_dags/example_datasets.py
[2025-07-03T17:38:50.582+0000] {processor.py:830} INFO - Processing file /home/airflow/.local/lib/python3.8/site-packages/airflow/example_dags/example_datasets.py for tasks to queue
[2025-07-03T17:38:50.594+0000] {logging_mixin.py:188} INFO - [2025-07-03T17:38:50.593+0000] {dagbag.py:538} INFO - Filling up the DagBag from /home/airflow/.local/lib/python3.8/site-packages/airflow/example_dags/example_datasets.py
[2025-07-03T17:38:50.635+0000] {processor.py:840} INFO - DAG(s) 'dataset_consumes_1_never_scheduled', 'dataset_consumes_unknown_never_scheduled', 'dataset_consumes_1', 'dataset_produces_2', 'dataset_consumes_1_and_2', 'dataset_produces_1' retrieved from /home/airflow/.local/lib/python3.8/site-packages/airflow/example_dags/example_datasets.py
[2025-07-03T17:38:50.869+0000] {logging_mixin.py:188} INFO - [2025-07-03T17:38:50.869+0000] {dag.py:3036} INFO - Sync 6 DAGs
[2025-07-03T17:38:50.998+0000] {logging_mixin.py:188} INFO - [2025-07-03T17:38:50.998+0000] {dag.py:3823} INFO - Setting next_dagrun for dataset_consumes_1 to None, run_after=None
[2025-07-03T17:38:51.006+0000] {logging_mixin.py:188} INFO - [2025-07-03T17:38:51.005+0000] {dag.py:3823} INFO - Setting next_dagrun for dataset_consumes_1_and_2 to None, run_after=None
[2025-07-03T17:38:51.023+0000] {logging_mixin.py:188} INFO - [2025-07-03T17:38:51.023+0000] {dag.py:3823} INFO - Setting next_dagrun for dataset_consumes_1_never_scheduled to None, run_after=None
[2025-07-03T17:38:51.026+0000] {logging_mixin.py:188} INFO - [2025-07-03T17:38:51.026+0000] {dag.py:3823} INFO - Setting next_dagrun for dataset_consumes_unknown_never_scheduled to None, run_after=None
[2025-07-03T17:38:51.033+0000] {logging_mixin.py:188} INFO - [2025-07-03T17:38:51.032+0000] {dag.py:3823} INFO - Setting next_dagrun for dataset_produces_1 to 2025-07-02 00:00:00+00:00, run_after=2025-07-03 00:00:00+00:00
[2025-07-03T17:38:51.054+0000] {logging_mixin.py:188} INFO - [2025-07-03T17:38:51.053+0000] {dag.py:3823} INFO - Setting next_dagrun for dataset_produces_2 to None, run_after=None
[2025-07-03T17:38:51.263+0000] {processor.py:183} INFO - Processing /home/airflow/.local/lib/python3.8/site-packages/airflow/example_dags/example_datasets.py took 0.701 seconds
[2025-07-03T17:39:22.069+0000] {processor.py:161} INFO - Started process (PID=669) to work on /home/airflow/.local/lib/python3.8/site-packages/airflow/example_dags/example_datasets.py
[2025-07-03T17:39:22.073+0000] {processor.py:830} INFO - Processing file /home/airflow/.local/lib/python3.8/site-packages/airflow/example_dags/example_datasets.py for tasks to queue
[2025-07-03T17:39:22.077+0000] {logging_mixin.py:188} INFO - [2025-07-03T17:39:22.076+0000] {dagbag.py:538} INFO - Filling up the DagBag from /home/airflow/.local/lib/python3.8/site-packages/airflow/example_dags/example_datasets.py
[2025-07-03T17:39:22.119+0000] {processor.py:840} INFO - DAG(s) 'dataset_consumes_unknown_never_scheduled', 'dataset_produces_2', 'dataset_consumes_1', 'dataset_produces_1', 'dataset_consumes_1_and_2', 'dataset_consumes_1_never_scheduled' retrieved from /home/airflow/.local/lib/python3.8/site-packages/airflow/example_dags/example_datasets.py
[2025-07-03T17:39:22.190+0000] {logging_mixin.py:188} INFO - [2025-07-03T17:39:22.190+0000] {dag.py:3036} INFO - Sync 6 DAGs
[2025-07-03T17:39:22.282+0000] {logging_mixin.py:188} INFO - [2025-07-03T17:39:22.281+0000] {dag.py:3823} INFO - Setting next_dagrun for dataset_consumes_1 to None, run_after=None
[2025-07-03T17:39:22.293+0000] {logging_mixin.py:188} INFO - [2025-07-03T17:39:22.292+0000] {dag.py:3823} INFO - Setting next_dagrun for dataset_consumes_1_and_2 to None, run_after=None
[2025-07-03T17:39:22.300+0000] {logging_mixin.py:188} INFO - [2025-07-03T17:39:22.299+0000] {dag.py:3823} INFO - Setting next_dagrun for dataset_consumes_1_never_scheduled to None, run_after=None
[2025-07-03T17:39:22.306+0000] {logging_mixin.py:188} INFO - [2025-07-03T17:39:22.305+0000] {dag.py:3823} INFO - Setting next_dagrun for dataset_consumes_unknown_never_scheduled to None, run_after=None
[2025-07-03T17:39:22.317+0000] {logging_mixin.py:188} INFO - [2025-07-03T17:39:22.317+0000] {dag.py:3823} INFO - Setting next_dagrun for dataset_produces_1 to 2025-07-02 00:00:00+00:00, run_after=2025-07-03 00:00:00+00:00
[2025-07-03T17:39:22.337+0000] {logging_mixin.py:188} INFO - [2025-07-03T17:39:22.336+0000] {dag.py:3823} INFO - Setting next_dagrun for dataset_produces_2 to None, run_after=None
[2025-07-03T17:39:22.455+0000] {processor.py:183} INFO - Processing /home/airflow/.local/lib/python3.8/site-packages/airflow/example_dags/example_datasets.py took 0.394 seconds
[2025-07-03T17:39:52.785+0000] {processor.py:161} INFO - Started process (PID=736) to work on /home/airflow/.local/lib/python3.8/site-packages/airflow/example_dags/example_datasets.py
[2025-07-03T17:39:52.793+0000] {processor.py:830} INFO - Processing file /home/airflow/.local/lib/python3.8/site-packages/airflow/example_dags/example_datasets.py for tasks to queue
[2025-07-03T17:39:52.796+0000] {logging_mixin.py:188} INFO - [2025-07-03T17:39:52.795+0000] {dagbag.py:538} INFO - Filling up the DagBag from /home/airflow/.local/lib/python3.8/site-packages/airflow/example_dags/example_datasets.py
[2025-07-03T17:39:52.824+0000] {processor.py:840} INFO - DAG(s) 'dataset_consumes_1_never_scheduled', 'dataset_produces_2', 'dataset_consumes_1', 'dataset_produces_1', 'dataset_consumes_unknown_never_scheduled', 'dataset_consumes_1_and_2' retrieved from /home/airflow/.local/lib/python3.8/site-packages/airflow/example_dags/example_datasets.py
[2025-07-03T17:39:52.953+0000] {logging_mixin.py:188} INFO - [2025-07-03T17:39:52.952+0000] {dag.py:3036} INFO - Sync 6 DAGs
[2025-07-03T17:39:53.001+0000] {logging_mixin.py:188} INFO - [2025-07-03T17:39:53.001+0000] {dag.py:3823} INFO - Setting next_dagrun for dataset_consumes_1 to None, run_after=None
[2025-07-03T17:39:53.011+0000] {logging_mixin.py:188} INFO - [2025-07-03T17:39:53.010+0000] {dag.py:3823} INFO - Setting next_dagrun for dataset_consumes_1_and_2 to None, run_after=None
[2025-07-03T17:39:53.014+0000] {logging_mixin.py:188} INFO - [2025-07-03T17:39:53.013+0000] {dag.py:3823} INFO - Setting next_dagrun for dataset_consumes_1_never_scheduled to None, run_after=None
[2025-07-03T17:39:53.016+0000] {logging_mixin.py:188} INFO - [2025-07-03T17:39:53.016+0000] {dag.py:3823} INFO - Setting next_dagrun for dataset_consumes_unknown_never_scheduled to None, run_after=None
[2025-07-03T17:39:53.022+0000] {logging_mixin.py:188} INFO - [2025-07-03T17:39:53.022+0000] {dag.py:3823} INFO - Setting next_dagrun for dataset_produces_1 to 2025-07-02 00:00:00+00:00, run_after=2025-07-03 00:00:00+00:00
[2025-07-03T17:39:53.025+0000] {logging_mixin.py:188} INFO - [2025-07-03T17:39:53.024+0000] {dag.py:3823} INFO - Setting next_dagrun for dataset_produces_2 to None, run_after=None
[2025-07-03T17:39:53.129+0000] {processor.py:183} INFO - Processing /home/airflow/.local/lib/python3.8/site-packages/airflow/example_dags/example_datasets.py took 0.352 seconds
[2025-07-03T17:40:23.708+0000] {processor.py:161} INFO - Started process (PID=793) to work on /home/airflow/.local/lib/python3.8/site-packages/airflow/example_dags/example_datasets.py
[2025-07-03T17:40:23.710+0000] {processor.py:830} INFO - Processing file /home/airflow/.local/lib/python3.8/site-packages/airflow/example_dags/example_datasets.py for tasks to queue
[2025-07-03T17:40:23.713+0000] {logging_mixin.py:188} INFO - [2025-07-03T17:40:23.712+0000] {dagbag.py:538} INFO - Filling up the DagBag from /home/airflow/.local/lib/python3.8/site-packages/airflow/example_dags/example_datasets.py
[2025-07-03T17:40:23.728+0000] {processor.py:840} INFO - DAG(s) 'dataset_consumes_unknown_never_scheduled', 'dataset_produces_1', 'dataset_consumes_1_and_2', 'dataset_consumes_1', 'dataset_produces_2', 'dataset_consumes_1_never_scheduled' retrieved from /home/airflow/.local/lib/python3.8/site-packages/airflow/example_dags/example_datasets.py
[2025-07-03T17:40:23.802+0000] {logging_mixin.py:188} INFO - [2025-07-03T17:40:23.802+0000] {dag.py:3036} INFO - Sync 6 DAGs
[2025-07-03T17:40:23.846+0000] {logging_mixin.py:188} INFO - [2025-07-03T17:40:23.846+0000] {dag.py:3823} INFO - Setting next_dagrun for dataset_consumes_1 to None, run_after=None
[2025-07-03T17:40:23.853+0000] {logging_mixin.py:188} INFO - [2025-07-03T17:40:23.852+0000] {dag.py:3823} INFO - Setting next_dagrun for dataset_consumes_1_and_2 to None, run_after=None
[2025-07-03T17:40:23.855+0000] {logging_mixin.py:188} INFO - [2025-07-03T17:40:23.855+0000] {dag.py:3823} INFO - Setting next_dagrun for dataset_consumes_1_never_scheduled to None, run_after=None
[2025-07-03T17:40:23.858+0000] {logging_mixin.py:188} INFO - [2025-07-03T17:40:23.857+0000] {dag.py:3823} INFO - Setting next_dagrun for dataset_consumes_unknown_never_scheduled to None, run_after=None
[2025-07-03T17:40:23.864+0000] {logging_mixin.py:188} INFO - [2025-07-03T17:40:23.864+0000] {dag.py:3823} INFO - Setting next_dagrun for dataset_produces_1 to 2025-07-02 00:00:00+00:00, run_after=2025-07-03 00:00:00+00:00
[2025-07-03T17:40:23.867+0000] {logging_mixin.py:188} INFO - [2025-07-03T17:40:23.866+0000] {dag.py:3823} INFO - Setting next_dagrun for dataset_produces_2 to None, run_after=None
[2025-07-03T17:40:23.920+0000] {processor.py:183} INFO - Processing /home/airflow/.local/lib/python3.8/site-packages/airflow/example_dags/example_datasets.py took 0.217 seconds
[2025-07-03T17:40:54.184+0000] {processor.py:161} INFO - Started process (PID=858) to work on /home/airflow/.local/lib/python3.8/site-packages/airflow/example_dags/example_datasets.py
[2025-07-03T17:40:54.185+0000] {processor.py:830} INFO - Processing file /home/airflow/.local/lib/python3.8/site-packages/airflow/example_dags/example_datasets.py for tasks to queue
[2025-07-03T17:40:54.188+0000] {logging_mixin.py:188} INFO - [2025-07-03T17:40:54.187+0000] {dagbag.py:538} INFO - Filling up the DagBag from /home/airflow/.local/lib/python3.8/site-packages/airflow/example_dags/example_datasets.py
[2025-07-03T17:40:54.204+0000] {processor.py:840} INFO - DAG(s) 'dataset_consumes_1_never_scheduled', 'dataset_produces_2', 'dataset_consumes_unknown_never_scheduled', 'dataset_produces_1', 'dataset_consumes_1', 'dataset_consumes_1_and_2' retrieved from /home/airflow/.local/lib/python3.8/site-packages/airflow/example_dags/example_datasets.py
[2025-07-03T17:40:54.275+0000] {logging_mixin.py:188} INFO - [2025-07-03T17:40:54.271+0000] {dag.py:3036} INFO - Sync 6 DAGs
[2025-07-03T17:40:54.344+0000] {logging_mixin.py:188} INFO - [2025-07-03T17:40:54.343+0000] {dag.py:3823} INFO - Setting next_dagrun for dataset_consumes_1 to None, run_after=None
[2025-07-03T17:40:54.350+0000] {logging_mixin.py:188} INFO - [2025-07-03T17:40:54.349+0000] {dag.py:3823} INFO - Setting next_dagrun for dataset_consumes_1_and_2 to None, run_after=None
[2025-07-03T17:40:54.354+0000] {logging_mixin.py:188} INFO - [2025-07-03T17:40:54.353+0000] {dag.py:3823} INFO - Setting next_dagrun for dataset_consumes_1_never_scheduled to None, run_after=None
[2025-07-03T17:40:54.356+0000] {logging_mixin.py:188} INFO - [2025-07-03T17:40:54.356+0000] {dag.py:3823} INFO - Setting next_dagrun for dataset_consumes_unknown_never_scheduled to None, run_after=None
[2025-07-03T17:40:54.362+0000] {logging_mixin.py:188} INFO - [2025-07-03T17:40:54.362+0000] {dag.py:3823} INFO - Setting next_dagrun for dataset_produces_1 to 2025-07-02 00:00:00+00:00, run_after=2025-07-03 00:00:00+00:00
[2025-07-03T17:40:54.365+0000] {logging_mixin.py:188} INFO - [2025-07-03T17:40:54.365+0000] {dag.py:3823} INFO - Setting next_dagrun for dataset_produces_2 to None, run_after=None
[2025-07-03T17:40:54.418+0000] {processor.py:183} INFO - Processing /home/airflow/.local/lib/python3.8/site-packages/airflow/example_dags/example_datasets.py took 0.238 seconds
[2025-07-03T17:41:24.778+0000] {processor.py:161} INFO - Started process (PID=922) to work on /home/airflow/.local/lib/python3.8/site-packages/airflow/example_dags/example_datasets.py
[2025-07-03T17:41:24.779+0000] {processor.py:830} INFO - Processing file /home/airflow/.local/lib/python3.8/site-packages/airflow/example_dags/example_datasets.py for tasks to queue
[2025-07-03T17:41:24.783+0000] {logging_mixin.py:188} INFO - [2025-07-03T17:41:24.782+0000] {dagbag.py:538} INFO - Filling up the DagBag from /home/airflow/.local/lib/python3.8/site-packages/airflow/example_dags/example_datasets.py
[2025-07-03T17:41:24.825+0000] {processor.py:840} INFO - DAG(s) 'dataset_consumes_1', 'dataset_consumes_unknown_never_scheduled', 'dataset_consumes_1_and_2', 'dataset_consumes_1_never_scheduled', 'dataset_produces_1', 'dataset_produces_2' retrieved from /home/airflow/.local/lib/python3.8/site-packages/airflow/example_dags/example_datasets.py
[2025-07-03T17:41:24.915+0000] {logging_mixin.py:188} INFO - [2025-07-03T17:41:24.915+0000] {dag.py:3036} INFO - Sync 6 DAGs
[2025-07-03T17:41:24.986+0000] {logging_mixin.py:188} INFO - [2025-07-03T17:41:24.985+0000] {dag.py:3823} INFO - Setting next_dagrun for dataset_consumes_1 to None, run_after=None
[2025-07-03T17:41:24.992+0000] {logging_mixin.py:188} INFO - [2025-07-03T17:41:24.992+0000] {dag.py:3823} INFO - Setting next_dagrun for dataset_consumes_1_and_2 to None, run_after=None
[2025-07-03T17:41:25.002+0000] {logging_mixin.py:188} INFO - [2025-07-03T17:41:25.002+0000] {dag.py:3823} INFO - Setting next_dagrun for dataset_consumes_1_never_scheduled to None, run_after=None
[2025-07-03T17:41:25.005+0000] {logging_mixin.py:188} INFO - [2025-07-03T17:41:25.004+0000] {dag.py:3823} INFO - Setting next_dagrun for dataset_consumes_unknown_never_scheduled to None, run_after=None
[2025-07-03T17:41:25.011+0000] {logging_mixin.py:188} INFO - [2025-07-03T17:41:25.010+0000] {dag.py:3823} INFO - Setting next_dagrun for dataset_produces_1 to 2025-07-02 00:00:00+00:00, run_after=2025-07-03 00:00:00+00:00
[2025-07-03T17:41:25.028+0000] {logging_mixin.py:188} INFO - [2025-07-03T17:41:25.027+0000] {dag.py:3823} INFO - Setting next_dagrun for dataset_produces_2 to None, run_after=None
[2025-07-03T17:41:25.112+0000] {processor.py:183} INFO - Processing /home/airflow/.local/lib/python3.8/site-packages/airflow/example_dags/example_datasets.py took 0.347 seconds
[2025-07-03T17:41:55.459+0000] {processor.py:161} INFO - Started process (PID=988) to work on /home/airflow/.local/lib/python3.8/site-packages/airflow/example_dags/example_datasets.py
[2025-07-03T17:41:55.469+0000] {processor.py:830} INFO - Processing file /home/airflow/.local/lib/python3.8/site-packages/airflow/example_dags/example_datasets.py for tasks to queue
[2025-07-03T17:41:55.472+0000] {logging_mixin.py:188} INFO - [2025-07-03T17:41:55.471+0000] {dagbag.py:538} INFO - Filling up the DagBag from /home/airflow/.local/lib/python3.8/site-packages/airflow/example_dags/example_datasets.py
[2025-07-03T17:41:55.500+0000] {processor.py:840} INFO - DAG(s) 'dataset_produces_2', 'dataset_consumes_1', 'dataset_consumes_1_and_2', 'dataset_consumes_1_never_scheduled', 'dataset_produces_1', 'dataset_consumes_unknown_never_scheduled' retrieved from /home/airflow/.local/lib/python3.8/site-packages/airflow/example_dags/example_datasets.py
[2025-07-03T17:41:55.614+0000] {logging_mixin.py:188} INFO - [2025-07-03T17:41:55.613+0000] {dag.py:3036} INFO - Sync 6 DAGs
[2025-07-03T17:41:55.705+0000] {logging_mixin.py:188} INFO - [2025-07-03T17:41:55.705+0000] {dag.py:3823} INFO - Setting next_dagrun for dataset_consumes_1 to None, run_after=None
[2025-07-03T17:41:55.714+0000] {logging_mixin.py:188} INFO - [2025-07-03T17:41:55.713+0000] {dag.py:3823} INFO - Setting next_dagrun for dataset_consumes_1_and_2 to None, run_after=None
[2025-07-03T17:41:55.718+0000] {logging_mixin.py:188} INFO - [2025-07-03T17:41:55.717+0000] {dag.py:3823} INFO - Setting next_dagrun for dataset_consumes_1_never_scheduled to None, run_after=None
[2025-07-03T17:41:55.742+0000] {logging_mixin.py:188} INFO - [2025-07-03T17:41:55.741+0000] {dag.py:3823} INFO - Setting next_dagrun for dataset_consumes_unknown_never_scheduled to None, run_after=None
[2025-07-03T17:41:55.761+0000] {logging_mixin.py:188} INFO - [2025-07-03T17:41:55.760+0000] {dag.py:3823} INFO - Setting next_dagrun for dataset_produces_1 to 2025-07-02 00:00:00+00:00, run_after=2025-07-03 00:00:00+00:00
[2025-07-03T17:41:55.770+0000] {logging_mixin.py:188} INFO - [2025-07-03T17:41:55.770+0000] {dag.py:3823} INFO - Setting next_dagrun for dataset_produces_2 to None, run_after=None
[2025-07-03T17:41:55.855+0000] {processor.py:183} INFO - Processing /home/airflow/.local/lib/python3.8/site-packages/airflow/example_dags/example_datasets.py took 0.400 seconds
[2025-07-03T17:42:25.915+0000] {processor.py:161} INFO - Started process (PID=1053) to work on /home/airflow/.local/lib/python3.8/site-packages/airflow/example_dags/example_datasets.py
[2025-07-03T17:42:25.917+0000] {processor.py:830} INFO - Processing file /home/airflow/.local/lib/python3.8/site-packages/airflow/example_dags/example_datasets.py for tasks to queue
[2025-07-03T17:42:25.919+0000] {logging_mixin.py:188} INFO - [2025-07-03T17:42:25.919+0000] {dagbag.py:538} INFO - Filling up the DagBag from /home/airflow/.local/lib/python3.8/site-packages/airflow/example_dags/example_datasets.py
[2025-07-03T17:42:25.939+0000] {processor.py:840} INFO - DAG(s) 'dataset_consumes_unknown_never_scheduled', 'dataset_produces_2', 'dataset_consumes_1_and_2', 'dataset_produces_1', 'dataset_consumes_1', 'dataset_consumes_1_never_scheduled' retrieved from /home/airflow/.local/lib/python3.8/site-packages/airflow/example_dags/example_datasets.py
[2025-07-03T17:42:26.003+0000] {logging_mixin.py:188} INFO - [2025-07-03T17:42:26.002+0000] {dag.py:3036} INFO - Sync 6 DAGs
[2025-07-03T17:42:26.044+0000] {logging_mixin.py:188} INFO - [2025-07-03T17:42:26.044+0000] {dag.py:3823} INFO - Setting next_dagrun for dataset_consumes_1 to None, run_after=None
[2025-07-03T17:42:26.051+0000] {logging_mixin.py:188} INFO - [2025-07-03T17:42:26.050+0000] {dag.py:3823} INFO - Setting next_dagrun for dataset_consumes_1_and_2 to None, run_after=None
[2025-07-03T17:42:26.054+0000] {logging_mixin.py:188} INFO - [2025-07-03T17:42:26.053+0000] {dag.py:3823} INFO - Setting next_dagrun for dataset_consumes_1_never_scheduled to None, run_after=None
[2025-07-03T17:42:26.056+0000] {logging_mixin.py:188} INFO - [2025-07-03T17:42:26.056+0000] {dag.py:3823} INFO - Setting next_dagrun for dataset_consumes_unknown_never_scheduled to None, run_after=None
[2025-07-03T17:42:26.062+0000] {logging_mixin.py:188} INFO - [2025-07-03T17:42:26.061+0000] {dag.py:3823} INFO - Setting next_dagrun for dataset_produces_1 to 2025-07-02 00:00:00+00:00, run_after=2025-07-03 00:00:00+00:00
[2025-07-03T17:42:26.064+0000] {logging_mixin.py:188} INFO - [2025-07-03T17:42:26.064+0000] {dag.py:3823} INFO - Setting next_dagrun for dataset_produces_2 to None, run_after=None
[2025-07-03T17:42:26.120+0000] {processor.py:183} INFO - Processing /home/airflow/.local/lib/python3.8/site-packages/airflow/example_dags/example_datasets.py took 0.210 seconds
[2025-07-03T17:42:57.009+0000] {processor.py:161} INFO - Started process (PID=1118) to work on /home/airflow/.local/lib/python3.8/site-packages/airflow/example_dags/example_datasets.py
[2025-07-03T17:42:57.010+0000] {processor.py:830} INFO - Processing file /home/airflow/.local/lib/python3.8/site-packages/airflow/example_dags/example_datasets.py for tasks to queue
[2025-07-03T17:42:57.022+0000] {logging_mixin.py:188} INFO - [2025-07-03T17:42:57.022+0000] {dagbag.py:538} INFO - Filling up the DagBag from /home/airflow/.local/lib/python3.8/site-packages/airflow/example_dags/example_datasets.py
[2025-07-03T17:42:57.040+0000] {processor.py:840} INFO - DAG(s) 'dataset_produces_1', 'dataset_consumes_1_and_2', 'dataset_consumes_1_never_scheduled', 'dataset_consumes_1', 'dataset_consumes_unknown_never_scheduled', 'dataset_produces_2' retrieved from /home/airflow/.local/lib/python3.8/site-packages/airflow/example_dags/example_datasets.py
[2025-07-03T17:42:57.173+0000] {logging_mixin.py:188} INFO - [2025-07-03T17:42:57.173+0000] {dag.py:3036} INFO - Sync 6 DAGs
[2025-07-03T17:42:57.257+0000] {logging_mixin.py:188} INFO - [2025-07-03T17:42:57.257+0000] {dag.py:3823} INFO - Setting next_dagrun for dataset_consumes_1 to None, run_after=None
[2025-07-03T17:42:57.264+0000] {logging_mixin.py:188} INFO - [2025-07-03T17:42:57.263+0000] {dag.py:3823} INFO - Setting next_dagrun for dataset_consumes_1_and_2 to None, run_after=None
[2025-07-03T17:42:57.266+0000] {logging_mixin.py:188} INFO - [2025-07-03T17:42:57.266+0000] {dag.py:3823} INFO - Setting next_dagrun for dataset_consumes_1_never_scheduled to None, run_after=None
[2025-07-03T17:42:57.268+0000] {logging_mixin.py:188} INFO - [2025-07-03T17:42:57.268+0000] {dag.py:3823} INFO - Setting next_dagrun for dataset_consumes_unknown_never_scheduled to None, run_after=None
[2025-07-03T17:42:57.274+0000] {logging_mixin.py:188} INFO - [2025-07-03T17:42:57.274+0000] {dag.py:3823} INFO - Setting next_dagrun for dataset_produces_1 to 2025-07-02 00:00:00+00:00, run_after=2025-07-03 00:00:00+00:00
[2025-07-03T17:42:57.277+0000] {logging_mixin.py:188} INFO - [2025-07-03T17:42:57.276+0000] {dag.py:3823} INFO - Setting next_dagrun for dataset_produces_2 to None, run_after=None
[2025-07-03T17:42:57.353+0000] {processor.py:183} INFO - Processing /home/airflow/.local/lib/python3.8/site-packages/airflow/example_dags/example_datasets.py took 0.348 seconds
[2025-07-03T17:43:27.778+0000] {processor.py:161} INFO - Started process (PID=1192) to work on /home/airflow/.local/lib/python3.8/site-packages/airflow/example_dags/example_datasets.py
[2025-07-03T17:43:27.783+0000] {processor.py:830} INFO - Processing file /home/airflow/.local/lib/python3.8/site-packages/airflow/example_dags/example_datasets.py for tasks to queue
[2025-07-03T17:43:27.792+0000] {logging_mixin.py:188} INFO - [2025-07-03T17:43:27.792+0000] {dagbag.py:538} INFO - Filling up the DagBag from /home/airflow/.local/lib/python3.8/site-packages/airflow/example_dags/example_datasets.py
[2025-07-03T17:43:27.826+0000] {processor.py:840} INFO - DAG(s) 'dataset_consumes_unknown_never_scheduled', 'dataset_consumes_1', 'dataset_consumes_1_never_scheduled', 'dataset_produces_1', 'dataset_consumes_1_and_2', 'dataset_produces_2' retrieved from /home/airflow/.local/lib/python3.8/site-packages/airflow/example_dags/example_datasets.py
[2025-07-03T17:43:27.902+0000] {logging_mixin.py:188} INFO - [2025-07-03T17:43:27.901+0000] {dag.py:3036} INFO - Sync 6 DAGs
[2025-07-03T17:43:27.944+0000] {logging_mixin.py:188} INFO - [2025-07-03T17:43:27.944+0000] {dag.py:3823} INFO - Setting next_dagrun for dataset_consumes_1 to None, run_after=None
[2025-07-03T17:43:27.952+0000] {logging_mixin.py:188} INFO - [2025-07-03T17:43:27.952+0000] {dag.py:3823} INFO - Setting next_dagrun for dataset_consumes_1_and_2 to None, run_after=None
[2025-07-03T17:43:27.965+0000] {logging_mixin.py:188} INFO - [2025-07-03T17:43:27.964+0000] {dag.py:3823} INFO - Setting next_dagrun for dataset_consumes_1_never_scheduled to None, run_after=None
[2025-07-03T17:43:27.967+0000] {logging_mixin.py:188} INFO - [2025-07-03T17:43:27.967+0000] {dag.py:3823} INFO - Setting next_dagrun for dataset_consumes_unknown_never_scheduled to None, run_after=None
[2025-07-03T17:43:27.981+0000] {logging_mixin.py:188} INFO - [2025-07-03T17:43:27.981+0000] {dag.py:3823} INFO - Setting next_dagrun for dataset_produces_1 to 2025-07-02 00:00:00+00:00, run_after=2025-07-03 00:00:00+00:00
[2025-07-03T17:43:27.986+0000] {logging_mixin.py:188} INFO - [2025-07-03T17:43:27.985+0000] {dag.py:3823} INFO - Setting next_dagrun for dataset_produces_2 to None, run_after=None
[2025-07-03T17:43:28.067+0000] {processor.py:183} INFO - Processing /home/airflow/.local/lib/python3.8/site-packages/airflow/example_dags/example_datasets.py took 0.299 seconds
[2025-07-03T17:43:58.646+0000] {processor.py:161} INFO - Started process (PID=1257) to work on /home/airflow/.local/lib/python3.8/site-packages/airflow/example_dags/example_datasets.py
[2025-07-03T17:43:58.647+0000] {processor.py:830} INFO - Processing file /home/airflow/.local/lib/python3.8/site-packages/airflow/example_dags/example_datasets.py for tasks to queue
[2025-07-03T17:43:58.650+0000] {logging_mixin.py:188} INFO - [2025-07-03T17:43:58.649+0000] {dagbag.py:538} INFO - Filling up the DagBag from /home/airflow/.local/lib/python3.8/site-packages/airflow/example_dags/example_datasets.py
[2025-07-03T17:43:58.674+0000] {processor.py:840} INFO - DAG(s) 'dataset_produces_1', 'dataset_consumes_1_never_scheduled', 'dataset_consumes_1', 'dataset_consumes_unknown_never_scheduled', 'dataset_produces_2', 'dataset_consumes_1_and_2' retrieved from /home/airflow/.local/lib/python3.8/site-packages/airflow/example_dags/example_datasets.py
[2025-07-03T17:43:58.921+0000] {logging_mixin.py:188} INFO - [2025-07-03T17:43:58.921+0000] {dag.py:3036} INFO - Sync 6 DAGs
[2025-07-03T17:43:59.020+0000] {logging_mixin.py:188} INFO - [2025-07-03T17:43:59.019+0000] {dag.py:3823} INFO - Setting next_dagrun for dataset_consumes_1 to None, run_after=None
[2025-07-03T17:43:59.033+0000] {logging_mixin.py:188} INFO - [2025-07-03T17:43:59.033+0000] {dag.py:3823} INFO - Setting next_dagrun for dataset_consumes_1_and_2 to None, run_after=None
[2025-07-03T17:43:59.041+0000] {logging_mixin.py:188} INFO - [2025-07-03T17:43:59.041+0000] {dag.py:3823} INFO - Setting next_dagrun for dataset_consumes_1_never_scheduled to None, run_after=None
[2025-07-03T17:43:59.051+0000] {logging_mixin.py:188} INFO - [2025-07-03T17:43:59.050+0000] {dag.py:3823} INFO - Setting next_dagrun for dataset_consumes_unknown_never_scheduled to None, run_after=None
[2025-07-03T17:43:59.068+0000] {logging_mixin.py:188} INFO - [2025-07-03T17:43:59.068+0000] {dag.py:3823} INFO - Setting next_dagrun for dataset_produces_1 to 2025-07-02 00:00:00+00:00, run_after=2025-07-03 00:00:00+00:00
[2025-07-03T17:43:59.071+0000] {logging_mixin.py:188} INFO - [2025-07-03T17:43:59.071+0000] {dag.py:3823} INFO - Setting next_dagrun for dataset_produces_2 to None, run_after=None
[2025-07-03T17:43:59.132+0000] {processor.py:183} INFO - Processing /home/airflow/.local/lib/python3.8/site-packages/airflow/example_dags/example_datasets.py took 0.499 seconds
[2025-07-03T17:44:29.754+0000] {processor.py:161} INFO - Started process (PID=1322) to work on /home/airflow/.local/lib/python3.8/site-packages/airflow/example_dags/example_datasets.py
[2025-07-03T17:44:29.758+0000] {processor.py:830} INFO - Processing file /home/airflow/.local/lib/python3.8/site-packages/airflow/example_dags/example_datasets.py for tasks to queue
[2025-07-03T17:44:29.761+0000] {logging_mixin.py:188} INFO - [2025-07-03T17:44:29.760+0000] {dagbag.py:538} INFO - Filling up the DagBag from /home/airflow/.local/lib/python3.8/site-packages/airflow/example_dags/example_datasets.py
[2025-07-03T17:44:29.798+0000] {processor.py:840} INFO - DAG(s) 'dataset_consumes_1_never_scheduled', 'dataset_consumes_unknown_never_scheduled', 'dataset_produces_1', 'dataset_produces_2', 'dataset_consumes_1_and_2', 'dataset_consumes_1' retrieved from /home/airflow/.local/lib/python3.8/site-packages/airflow/example_dags/example_datasets.py
[2025-07-03T17:44:30.142+0000] {logging_mixin.py:188} INFO - [2025-07-03T17:44:30.142+0000] {dag.py:3036} INFO - Sync 6 DAGs
[2025-07-03T17:44:30.314+0000] {logging_mixin.py:188} INFO - [2025-07-03T17:44:30.313+0000] {dag.py:3823} INFO - Setting next_dagrun for dataset_consumes_1 to None, run_after=None
[2025-07-03T17:44:30.334+0000] {logging_mixin.py:188} INFO - [2025-07-03T17:44:30.334+0000] {dag.py:3823} INFO - Setting next_dagrun for dataset_consumes_1_and_2 to None, run_after=None
[2025-07-03T17:44:30.354+0000] {logging_mixin.py:188} INFO - [2025-07-03T17:44:30.354+0000] {dag.py:3823} INFO - Setting next_dagrun for dataset_consumes_1_never_scheduled to None, run_after=None
[2025-07-03T17:44:30.375+0000] {logging_mixin.py:188} INFO - [2025-07-03T17:44:30.374+0000] {dag.py:3823} INFO - Setting next_dagrun for dataset_consumes_unknown_never_scheduled to None, run_after=None
[2025-07-03T17:44:30.384+0000] {logging_mixin.py:188} INFO - [2025-07-03T17:44:30.380+0000] {dag.py:3823} INFO - Setting next_dagrun for dataset_produces_1 to 2025-07-02 00:00:00+00:00, run_after=2025-07-03 00:00:00+00:00
[2025-07-03T17:44:30.394+0000] {logging_mixin.py:188} INFO - [2025-07-03T17:44:30.390+0000] {dag.py:3823} INFO - Setting next_dagrun for dataset_produces_2 to None, run_after=None
[2025-07-03T17:44:30.564+0000] {processor.py:183} INFO - Processing /home/airflow/.local/lib/python3.8/site-packages/airflow/example_dags/example_datasets.py took 0.815 seconds
[2025-07-03T17:45:00.990+0000] {processor.py:161} INFO - Started process (PID=1387) to work on /home/airflow/.local/lib/python3.8/site-packages/airflow/example_dags/example_datasets.py
[2025-07-03T17:45:01.002+0000] {processor.py:830} INFO - Processing file /home/airflow/.local/lib/python3.8/site-packages/airflow/example_dags/example_datasets.py for tasks to queue
[2025-07-03T17:45:01.006+0000] {logging_mixin.py:188} INFO - [2025-07-03T17:45:01.005+0000] {dagbag.py:538} INFO - Filling up the DagBag from /home/airflow/.local/lib/python3.8/site-packages/airflow/example_dags/example_datasets.py
[2025-07-03T17:45:01.117+0000] {processor.py:840} INFO - DAG(s) 'dataset_produces_1', 'dataset_produces_2', 'dataset_consumes_1', 'dataset_consumes_unknown_never_scheduled', 'dataset_consumes_1_never_scheduled', 'dataset_consumes_1_and_2' retrieved from /home/airflow/.local/lib/python3.8/site-packages/airflow/example_dags/example_datasets.py
[2025-07-03T17:45:01.437+0000] {logging_mixin.py:188} INFO - [2025-07-03T17:45:01.437+0000] {dag.py:3036} INFO - Sync 6 DAGs
[2025-07-03T17:45:01.642+0000] {logging_mixin.py:188} INFO - [2025-07-03T17:45:01.641+0000] {dag.py:3823} INFO - Setting next_dagrun for dataset_consumes_1 to None, run_after=None
[2025-07-03T17:45:01.658+0000] {logging_mixin.py:188} INFO - [2025-07-03T17:45:01.657+0000] {dag.py:3823} INFO - Setting next_dagrun for dataset_consumes_1_and_2 to None, run_after=None
[2025-07-03T17:45:01.669+0000] {logging_mixin.py:188} INFO - [2025-07-03T17:45:01.669+0000] {dag.py:3823} INFO - Setting next_dagrun for dataset_consumes_1_never_scheduled to None, run_after=None
[2025-07-03T17:45:01.675+0000] {logging_mixin.py:188} INFO - [2025-07-03T17:45:01.675+0000] {dag.py:3823} INFO - Setting next_dagrun for dataset_consumes_unknown_never_scheduled to None, run_after=None
[2025-07-03T17:45:01.702+0000] {logging_mixin.py:188} INFO - [2025-07-03T17:45:01.702+0000] {dag.py:3823} INFO - Setting next_dagrun for dataset_produces_1 to 2025-07-03 00:00:00+00:00, run_after=2025-07-04 00:00:00+00:00
[2025-07-03T17:45:01.717+0000] {logging_mixin.py:188} INFO - [2025-07-03T17:45:01.716+0000] {dag.py:3823} INFO - Setting next_dagrun for dataset_produces_2 to None, run_after=None
[2025-07-03T17:45:01.883+0000] {processor.py:183} INFO - Processing /home/airflow/.local/lib/python3.8/site-packages/airflow/example_dags/example_datasets.py took 0.914 seconds
[2025-07-03T17:45:32.494+0000] {processor.py:161} INFO - Started process (PID=1452) to work on /home/airflow/.local/lib/python3.8/site-packages/airflow/example_dags/example_datasets.py
[2025-07-03T17:45:32.501+0000] {processor.py:830} INFO - Processing file /home/airflow/.local/lib/python3.8/site-packages/airflow/example_dags/example_datasets.py for tasks to queue
[2025-07-03T17:45:32.503+0000] {logging_mixin.py:188} INFO - [2025-07-03T17:45:32.503+0000] {dagbag.py:538} INFO - Filling up the DagBag from /home/airflow/.local/lib/python3.8/site-packages/airflow/example_dags/example_datasets.py
[2025-07-03T17:45:32.570+0000] {processor.py:840} INFO - DAG(s) 'dataset_produces_2', 'dataset_produces_1', 'dataset_consumes_unknown_never_scheduled', 'dataset_consumes_1_never_scheduled', 'dataset_consumes_1_and_2', 'dataset_consumes_1' retrieved from /home/airflow/.local/lib/python3.8/site-packages/airflow/example_dags/example_datasets.py
[2025-07-03T17:45:32.749+0000] {logging_mixin.py:188} INFO - [2025-07-03T17:45:32.749+0000] {dag.py:3036} INFO - Sync 6 DAGs
[2025-07-03T17:45:32.946+0000] {logging_mixin.py:188} INFO - [2025-07-03T17:45:32.945+0000] {dag.py:3823} INFO - Setting next_dagrun for dataset_consumes_1 to None, run_after=None
[2025-07-03T17:45:32.977+0000] {logging_mixin.py:188} INFO - [2025-07-03T17:45:32.976+0000] {dag.py:3823} INFO - Setting next_dagrun for dataset_consumes_1_and_2 to None, run_after=None
[2025-07-03T17:45:32.986+0000] {logging_mixin.py:188} INFO - [2025-07-03T17:45:32.985+0000] {dag.py:3823} INFO - Setting next_dagrun for dataset_consumes_1_never_scheduled to None, run_after=None
[2025-07-03T17:45:32.996+0000] {logging_mixin.py:188} INFO - [2025-07-03T17:45:32.995+0000] {dag.py:3823} INFO - Setting next_dagrun for dataset_consumes_unknown_never_scheduled to None, run_after=None
[2025-07-03T17:45:33.037+0000] {logging_mixin.py:188} INFO - [2025-07-03T17:45:33.037+0000] {dag.py:3823} INFO - Setting next_dagrun for dataset_produces_1 to 2025-07-03 00:00:00+00:00, run_after=2025-07-04 00:00:00+00:00
[2025-07-03T17:45:33.050+0000] {logging_mixin.py:188} INFO - [2025-07-03T17:45:33.050+0000] {dag.py:3823} INFO - Setting next_dagrun for dataset_produces_2 to None, run_after=None
[2025-07-03T17:45:33.229+0000] {processor.py:183} INFO - Processing /home/airflow/.local/lib/python3.8/site-packages/airflow/example_dags/example_datasets.py took 0.759 seconds
[2025-07-03T17:46:03.521+0000] {processor.py:161} INFO - Started process (PID=1516) to work on /home/airflow/.local/lib/python3.8/site-packages/airflow/example_dags/example_datasets.py
[2025-07-03T17:46:03.524+0000] {processor.py:830} INFO - Processing file /home/airflow/.local/lib/python3.8/site-packages/airflow/example_dags/example_datasets.py for tasks to queue
[2025-07-03T17:46:03.542+0000] {logging_mixin.py:188} INFO - [2025-07-03T17:46:03.542+0000] {dagbag.py:538} INFO - Filling up the DagBag from /home/airflow/.local/lib/python3.8/site-packages/airflow/example_dags/example_datasets.py
[2025-07-03T17:46:03.655+0000] {processor.py:840} INFO - DAG(s) 'dataset_produces_2', 'dataset_consumes_1', 'dataset_produces_1', 'dataset_consumes_unknown_never_scheduled', 'dataset_consumes_1_never_scheduled', 'dataset_consumes_1_and_2' retrieved from /home/airflow/.local/lib/python3.8/site-packages/airflow/example_dags/example_datasets.py
[2025-07-03T17:46:03.825+0000] {logging_mixin.py:188} INFO - [2025-07-03T17:46:03.825+0000] {dag.py:3036} INFO - Sync 6 DAGs
[2025-07-03T17:46:03.955+0000] {logging_mixin.py:188} INFO - [2025-07-03T17:46:03.954+0000] {dag.py:3823} INFO - Setting next_dagrun for dataset_consumes_1 to None, run_after=None
[2025-07-03T17:46:03.979+0000] {logging_mixin.py:188} INFO - [2025-07-03T17:46:03.979+0000] {dag.py:3823} INFO - Setting next_dagrun for dataset_consumes_1_and_2 to None, run_after=None
[2025-07-03T17:46:03.996+0000] {logging_mixin.py:188} INFO - [2025-07-03T17:46:03.996+0000] {dag.py:3823} INFO - Setting next_dagrun for dataset_consumes_1_never_scheduled to None, run_after=None
[2025-07-03T17:46:04.009+0000] {logging_mixin.py:188} INFO - [2025-07-03T17:46:04.008+0000] {dag.py:3823} INFO - Setting next_dagrun for dataset_consumes_unknown_never_scheduled to None, run_after=None
[2025-07-03T17:46:04.023+0000] {logging_mixin.py:188} INFO - [2025-07-03T17:46:04.022+0000] {dag.py:3823} INFO - Setting next_dagrun for dataset_produces_1 to 2025-07-03 00:00:00+00:00, run_after=2025-07-04 00:00:00+00:00
[2025-07-03T17:46:04.035+0000] {logging_mixin.py:188} INFO - [2025-07-03T17:46:04.035+0000] {dag.py:3823} INFO - Setting next_dagrun for dataset_produces_2 to None, run_after=None
[2025-07-03T17:46:04.185+0000] {processor.py:183} INFO - Processing /home/airflow/.local/lib/python3.8/site-packages/airflow/example_dags/example_datasets.py took 0.685 seconds
[2025-07-03T17:46:34.833+0000] {processor.py:161} INFO - Started process (PID=1574) to work on /home/airflow/.local/lib/python3.8/site-packages/airflow/example_dags/example_datasets.py
[2025-07-03T17:46:34.837+0000] {processor.py:830} INFO - Processing file /home/airflow/.local/lib/python3.8/site-packages/airflow/example_dags/example_datasets.py for tasks to queue
[2025-07-03T17:46:34.840+0000] {logging_mixin.py:188} INFO - [2025-07-03T17:46:34.839+0000] {dagbag.py:538} INFO - Filling up the DagBag from /home/airflow/.local/lib/python3.8/site-packages/airflow/example_dags/example_datasets.py
[2025-07-03T17:46:34.867+0000] {processor.py:840} INFO - DAG(s) 'dataset_consumes_1', 'dataset_consumes_unknown_never_scheduled', 'dataset_consumes_1_and_2', 'dataset_produces_2', 'dataset_consumes_1_never_scheduled', 'dataset_produces_1' retrieved from /home/airflow/.local/lib/python3.8/site-packages/airflow/example_dags/example_datasets.py
[2025-07-03T17:46:34.973+0000] {logging_mixin.py:188} INFO - [2025-07-03T17:46:34.973+0000] {dag.py:3036} INFO - Sync 6 DAGs
[2025-07-03T17:46:35.058+0000] {logging_mixin.py:188} INFO - [2025-07-03T17:46:35.057+0000] {dag.py:3823} INFO - Setting next_dagrun for dataset_consumes_1 to None, run_after=None
[2025-07-03T17:46:35.064+0000] {logging_mixin.py:188} INFO - [2025-07-03T17:46:35.064+0000] {dag.py:3823} INFO - Setting next_dagrun for dataset_consumes_1_and_2 to None, run_after=None
[2025-07-03T17:46:35.073+0000] {logging_mixin.py:188} INFO - [2025-07-03T17:46:35.073+0000] {dag.py:3823} INFO - Setting next_dagrun for dataset_consumes_1_never_scheduled to None, run_after=None
[2025-07-03T17:46:35.080+0000] {logging_mixin.py:188} INFO - [2025-07-03T17:46:35.079+0000] {dag.py:3823} INFO - Setting next_dagrun for dataset_consumes_unknown_never_scheduled to None, run_after=None
[2025-07-03T17:46:35.093+0000] {logging_mixin.py:188} INFO - [2025-07-03T17:46:35.092+0000] {dag.py:3823} INFO - Setting next_dagrun for dataset_produces_1 to 2025-07-03 00:00:00+00:00, run_after=2025-07-04 00:00:00+00:00
[2025-07-03T17:46:35.103+0000] {logging_mixin.py:188} INFO - [2025-07-03T17:46:35.103+0000] {dag.py:3823} INFO - Setting next_dagrun for dataset_produces_2 to None, run_after=None
[2025-07-03T17:46:35.186+0000] {processor.py:183} INFO - Processing /home/airflow/.local/lib/python3.8/site-packages/airflow/example_dags/example_datasets.py took 0.366 seconds
[2025-07-03T17:47:05.312+0000] {processor.py:161} INFO - Started process (PID=1638) to work on /home/airflow/.local/lib/python3.8/site-packages/airflow/example_dags/example_datasets.py
[2025-07-03T17:47:05.315+0000] {processor.py:830} INFO - Processing file /home/airflow/.local/lib/python3.8/site-packages/airflow/example_dags/example_datasets.py for tasks to queue
[2025-07-03T17:47:05.318+0000] {logging_mixin.py:188} INFO - [2025-07-03T17:47:05.318+0000] {dagbag.py:538} INFO - Filling up the DagBag from /home/airflow/.local/lib/python3.8/site-packages/airflow/example_dags/example_datasets.py
[2025-07-03T17:47:05.341+0000] {processor.py:840} INFO - DAG(s) 'dataset_produces_2', 'dataset_consumes_1_never_scheduled', 'dataset_consumes_1_and_2', 'dataset_consumes_1', 'dataset_consumes_unknown_never_scheduled', 'dataset_produces_1' retrieved from /home/airflow/.local/lib/python3.8/site-packages/airflow/example_dags/example_datasets.py
[2025-07-03T17:47:05.503+0000] {logging_mixin.py:188} INFO - [2025-07-03T17:47:05.503+0000] {dag.py:3036} INFO - Sync 6 DAGs
[2025-07-03T17:47:05.587+0000] {logging_mixin.py:188} INFO - [2025-07-03T17:47:05.587+0000] {dag.py:3823} INFO - Setting next_dagrun for dataset_consumes_1 to None, run_after=None
[2025-07-03T17:47:05.594+0000] {logging_mixin.py:188} INFO - [2025-07-03T17:47:05.594+0000] {dag.py:3823} INFO - Setting next_dagrun for dataset_consumes_1_and_2 to None, run_after=None
[2025-07-03T17:47:05.602+0000] {logging_mixin.py:188} INFO - [2025-07-03T17:47:05.601+0000] {dag.py:3823} INFO - Setting next_dagrun for dataset_consumes_1_never_scheduled to None, run_after=None
[2025-07-03T17:47:05.605+0000] {logging_mixin.py:188} INFO - [2025-07-03T17:47:05.604+0000] {dag.py:3823} INFO - Setting next_dagrun for dataset_consumes_unknown_never_scheduled to None, run_after=None
[2025-07-03T17:47:05.613+0000] {logging_mixin.py:188} INFO - [2025-07-03T17:47:05.612+0000] {dag.py:3823} INFO - Setting next_dagrun for dataset_produces_1 to 2025-07-03 00:00:00+00:00, run_after=2025-07-04 00:00:00+00:00
[2025-07-03T17:47:05.615+0000] {logging_mixin.py:188} INFO - [2025-07-03T17:47:05.615+0000] {dag.py:3823} INFO - Setting next_dagrun for dataset_produces_2 to None, run_after=None
[2025-07-03T17:47:05.685+0000] {processor.py:183} INFO - Processing /home/airflow/.local/lib/python3.8/site-packages/airflow/example_dags/example_datasets.py took 0.378 seconds
[2025-07-03T17:47:35.747+0000] {processor.py:161} INFO - Started process (PID=1711) to work on /home/airflow/.local/lib/python3.8/site-packages/airflow/example_dags/example_datasets.py
[2025-07-03T17:47:35.757+0000] {processor.py:830} INFO - Processing file /home/airflow/.local/lib/python3.8/site-packages/airflow/example_dags/example_datasets.py for tasks to queue
[2025-07-03T17:47:35.761+0000] {logging_mixin.py:188} INFO - [2025-07-03T17:47:35.760+0000] {dagbag.py:538} INFO - Filling up the DagBag from /home/airflow/.local/lib/python3.8/site-packages/airflow/example_dags/example_datasets.py
[2025-07-03T17:47:35.803+0000] {processor.py:840} INFO - DAG(s) 'dataset_consumes_1_and_2', 'dataset_consumes_1_never_scheduled', 'dataset_produces_2', 'dataset_produces_1', 'dataset_consumes_1', 'dataset_consumes_unknown_never_scheduled' retrieved from /home/airflow/.local/lib/python3.8/site-packages/airflow/example_dags/example_datasets.py
[2025-07-03T17:47:35.957+0000] {logging_mixin.py:188} INFO - [2025-07-03T17:47:35.957+0000] {dag.py:3036} INFO - Sync 6 DAGs
[2025-07-03T17:47:36.009+0000] {logging_mixin.py:188} INFO - [2025-07-03T17:47:36.008+0000] {dag.py:3823} INFO - Setting next_dagrun for dataset_consumes_1 to None, run_after=None
[2025-07-03T17:47:36.015+0000] {logging_mixin.py:188} INFO - [2025-07-03T17:47:36.015+0000] {dag.py:3823} INFO - Setting next_dagrun for dataset_consumes_1_and_2 to None, run_after=None
[2025-07-03T17:47:36.018+0000] {logging_mixin.py:188} INFO - [2025-07-03T17:47:36.018+0000] {dag.py:3823} INFO - Setting next_dagrun for dataset_consumes_1_never_scheduled to None, run_after=None
[2025-07-03T17:47:36.021+0000] {logging_mixin.py:188} INFO - [2025-07-03T17:47:36.020+0000] {dag.py:3823} INFO - Setting next_dagrun for dataset_consumes_unknown_never_scheduled to None, run_after=None
[2025-07-03T17:47:36.027+0000] {logging_mixin.py:188} INFO - [2025-07-03T17:47:36.027+0000] {dag.py:3823} INFO - Setting next_dagrun for dataset_produces_1 to 2025-07-03 00:00:00+00:00, run_after=2025-07-04 00:00:00+00:00
[2025-07-03T17:47:36.030+0000] {logging_mixin.py:188} INFO - [2025-07-03T17:47:36.030+0000] {dag.py:3823} INFO - Setting next_dagrun for dataset_produces_2 to None, run_after=None
[2025-07-03T17:47:36.120+0000] {processor.py:183} INFO - Processing /home/airflow/.local/lib/python3.8/site-packages/airflow/example_dags/example_datasets.py took 0.378 seconds
[2025-07-03T17:48:06.202+0000] {processor.py:161} INFO - Started process (PID=1777) to work on /home/airflow/.local/lib/python3.8/site-packages/airflow/example_dags/example_datasets.py
[2025-07-03T17:48:06.212+0000] {processor.py:830} INFO - Processing file /home/airflow/.local/lib/python3.8/site-packages/airflow/example_dags/example_datasets.py for tasks to queue
[2025-07-03T17:48:06.214+0000] {logging_mixin.py:188} INFO - [2025-07-03T17:48:06.214+0000] {dagbag.py:538} INFO - Filling up the DagBag from /home/airflow/.local/lib/python3.8/site-packages/airflow/example_dags/example_datasets.py
[2025-07-03T17:48:06.252+0000] {processor.py:840} INFO - DAG(s) 'dataset_produces_2', 'dataset_produces_1', 'dataset_consumes_unknown_never_scheduled', 'dataset_consumes_1_never_scheduled', 'dataset_consumes_1', 'dataset_consumes_1_and_2' retrieved from /home/airflow/.local/lib/python3.8/site-packages/airflow/example_dags/example_datasets.py
[2025-07-03T17:48:06.334+0000] {logging_mixin.py:188} INFO - [2025-07-03T17:48:06.333+0000] {dag.py:3036} INFO - Sync 6 DAGs
[2025-07-03T17:48:06.424+0000] {logging_mixin.py:188} INFO - [2025-07-03T17:48:06.423+0000] {dag.py:3823} INFO - Setting next_dagrun for dataset_consumes_1 to None, run_after=None
[2025-07-03T17:48:06.441+0000] {logging_mixin.py:188} INFO - [2025-07-03T17:48:06.440+0000] {dag.py:3823} INFO - Setting next_dagrun for dataset_consumes_1_and_2 to None, run_after=None
[2025-07-03T17:48:06.447+0000] {logging_mixin.py:188} INFO - [2025-07-03T17:48:06.446+0000] {dag.py:3823} INFO - Setting next_dagrun for dataset_consumes_1_never_scheduled to None, run_after=None
[2025-07-03T17:48:06.465+0000] {logging_mixin.py:188} INFO - [2025-07-03T17:48:06.465+0000] {dag.py:3823} INFO - Setting next_dagrun for dataset_consumes_unknown_never_scheduled to None, run_after=None
[2025-07-03T17:48:06.483+0000] {logging_mixin.py:188} INFO - [2025-07-03T17:48:06.482+0000] {dag.py:3823} INFO - Setting next_dagrun for dataset_produces_1 to 2025-07-03 00:00:00+00:00, run_after=2025-07-04 00:00:00+00:00
[2025-07-03T17:48:06.487+0000] {logging_mixin.py:188} INFO - [2025-07-03T17:48:06.487+0000] {dag.py:3823} INFO - Setting next_dagrun for dataset_produces_2 to None, run_after=None
[2025-07-03T17:48:06.581+0000] {processor.py:183} INFO - Processing /home/airflow/.local/lib/python3.8/site-packages/airflow/example_dags/example_datasets.py took 0.384 seconds
[2025-07-03T17:48:36.645+0000] {processor.py:161} INFO - Started process (PID=1842) to work on /home/airflow/.local/lib/python3.8/site-packages/airflow/example_dags/example_datasets.py
[2025-07-03T17:48:36.647+0000] {processor.py:830} INFO - Processing file /home/airflow/.local/lib/python3.8/site-packages/airflow/example_dags/example_datasets.py for tasks to queue
[2025-07-03T17:48:36.650+0000] {logging_mixin.py:188} INFO - [2025-07-03T17:48:36.649+0000] {dagbag.py:538} INFO - Filling up the DagBag from /home/airflow/.local/lib/python3.8/site-packages/airflow/example_dags/example_datasets.py
[2025-07-03T17:48:36.681+0000] {processor.py:840} INFO - DAG(s) 'dataset_consumes_1', 'dataset_consumes_1_never_scheduled', 'dataset_consumes_1_and_2', 'dataset_produces_1', 'dataset_consumes_unknown_never_scheduled', 'dataset_produces_2' retrieved from /home/airflow/.local/lib/python3.8/site-packages/airflow/example_dags/example_datasets.py
[2025-07-03T17:48:36.747+0000] {logging_mixin.py:188} INFO - [2025-07-03T17:48:36.747+0000] {dag.py:3036} INFO - Sync 6 DAGs
[2025-07-03T17:48:36.795+0000] {logging_mixin.py:188} INFO - [2025-07-03T17:48:36.794+0000] {dag.py:3823} INFO - Setting next_dagrun for dataset_consumes_1 to None, run_after=None
[2025-07-03T17:48:36.802+0000] {logging_mixin.py:188} INFO - [2025-07-03T17:48:36.802+0000] {dag.py:3823} INFO - Setting next_dagrun for dataset_consumes_1_and_2 to None, run_after=None
[2025-07-03T17:48:36.806+0000] {logging_mixin.py:188} INFO - [2025-07-03T17:48:36.805+0000] {dag.py:3823} INFO - Setting next_dagrun for dataset_consumes_1_never_scheduled to None, run_after=None
[2025-07-03T17:48:36.809+0000] {logging_mixin.py:188} INFO - [2025-07-03T17:48:36.809+0000] {dag.py:3823} INFO - Setting next_dagrun for dataset_consumes_unknown_never_scheduled to None, run_after=None
[2025-07-03T17:48:36.817+0000] {logging_mixin.py:188} INFO - [2025-07-03T17:48:36.817+0000] {dag.py:3823} INFO - Setting next_dagrun for dataset_produces_1 to 2025-07-03 00:00:00+00:00, run_after=2025-07-04 00:00:00+00:00
[2025-07-03T17:48:36.820+0000] {logging_mixin.py:188} INFO - [2025-07-03T17:48:36.820+0000] {dag.py:3823} INFO - Setting next_dagrun for dataset_produces_2 to None, run_after=None
[2025-07-03T17:48:36.897+0000] {processor.py:183} INFO - Processing /home/airflow/.local/lib/python3.8/site-packages/airflow/example_dags/example_datasets.py took 0.264 seconds
[2025-07-03T17:49:07.058+0000] {processor.py:161} INFO - Started process (PID=1907) to work on /home/airflow/.local/lib/python3.8/site-packages/airflow/example_dags/example_datasets.py
[2025-07-03T17:49:07.059+0000] {processor.py:830} INFO - Processing file /home/airflow/.local/lib/python3.8/site-packages/airflow/example_dags/example_datasets.py for tasks to queue
[2025-07-03T17:49:07.062+0000] {logging_mixin.py:188} INFO - [2025-07-03T17:49:07.062+0000] {dagbag.py:538} INFO - Filling up the DagBag from /home/airflow/.local/lib/python3.8/site-packages/airflow/example_dags/example_datasets.py
[2025-07-03T17:49:07.096+0000] {processor.py:840} INFO - DAG(s) 'dataset_consumes_1_and_2', 'dataset_consumes_1_never_scheduled', 'dataset_consumes_unknown_never_scheduled', 'dataset_produces_1', 'dataset_produces_2', 'dataset_consumes_1' retrieved from /home/airflow/.local/lib/python3.8/site-packages/airflow/example_dags/example_datasets.py
[2025-07-03T17:49:07.261+0000] {logging_mixin.py:188} INFO - [2025-07-03T17:49:07.261+0000] {dag.py:3036} INFO - Sync 6 DAGs
[2025-07-03T17:49:07.346+0000] {logging_mixin.py:188} INFO - [2025-07-03T17:49:07.346+0000] {dag.py:3823} INFO - Setting next_dagrun for dataset_consumes_1 to None, run_after=None
[2025-07-03T17:49:07.353+0000] {logging_mixin.py:188} INFO - [2025-07-03T17:49:07.352+0000] {dag.py:3823} INFO - Setting next_dagrun for dataset_consumes_1_and_2 to None, run_after=None
[2025-07-03T17:49:07.358+0000] {logging_mixin.py:188} INFO - [2025-07-03T17:49:07.357+0000] {dag.py:3823} INFO - Setting next_dagrun for dataset_consumes_1_never_scheduled to None, run_after=None
[2025-07-03T17:49:07.361+0000] {logging_mixin.py:188} INFO - [2025-07-03T17:49:07.360+0000] {dag.py:3823} INFO - Setting next_dagrun for dataset_consumes_unknown_never_scheduled to None, run_after=None
[2025-07-03T17:49:07.370+0000] {logging_mixin.py:188} INFO - [2025-07-03T17:49:07.369+0000] {dag.py:3823} INFO - Setting next_dagrun for dataset_produces_1 to 2025-07-03 00:00:00+00:00, run_after=2025-07-04 00:00:00+00:00
[2025-07-03T17:49:07.372+0000] {logging_mixin.py:188} INFO - [2025-07-03T17:49:07.372+0000] {dag.py:3823} INFO - Setting next_dagrun for dataset_produces_2 to None, run_after=None
[2025-07-03T17:49:07.463+0000] {processor.py:183} INFO - Processing /home/airflow/.local/lib/python3.8/site-packages/airflow/example_dags/example_datasets.py took 0.410 seconds
[2025-07-03T17:49:38.012+0000] {processor.py:161} INFO - Started process (PID=1972) to work on /home/airflow/.local/lib/python3.8/site-packages/airflow/example_dags/example_datasets.py
[2025-07-03T17:49:38.013+0000] {processor.py:830} INFO - Processing file /home/airflow/.local/lib/python3.8/site-packages/airflow/example_dags/example_datasets.py for tasks to queue
[2025-07-03T17:49:38.020+0000] {logging_mixin.py:188} INFO - [2025-07-03T17:49:38.016+0000] {dagbag.py:538} INFO - Filling up the DagBag from /home/airflow/.local/lib/python3.8/site-packages/airflow/example_dags/example_datasets.py
[2025-07-03T17:49:38.039+0000] {processor.py:840} INFO - DAG(s) 'dataset_consumes_unknown_never_scheduled', 'dataset_produces_1', 'dataset_consumes_1', 'dataset_consumes_1_never_scheduled', 'dataset_produces_2', 'dataset_consumes_1_and_2' retrieved from /home/airflow/.local/lib/python3.8/site-packages/airflow/example_dags/example_datasets.py
[2025-07-03T17:49:38.126+0000] {logging_mixin.py:188} INFO - [2025-07-03T17:49:38.126+0000] {dag.py:3036} INFO - Sync 6 DAGs
[2025-07-03T17:49:38.183+0000] {logging_mixin.py:188} INFO - [2025-07-03T17:49:38.182+0000] {dag.py:3823} INFO - Setting next_dagrun for dataset_consumes_1 to None, run_after=None
[2025-07-03T17:49:38.190+0000] {logging_mixin.py:188} INFO - [2025-07-03T17:49:38.190+0000] {dag.py:3823} INFO - Setting next_dagrun for dataset_consumes_1_and_2 to None, run_after=None
[2025-07-03T17:49:38.193+0000] {logging_mixin.py:188} INFO - [2025-07-03T17:49:38.193+0000] {dag.py:3823} INFO - Setting next_dagrun for dataset_consumes_1_never_scheduled to None, run_after=None
[2025-07-03T17:49:38.196+0000] {logging_mixin.py:188} INFO - [2025-07-03T17:49:38.195+0000] {dag.py:3823} INFO - Setting next_dagrun for dataset_consumes_unknown_never_scheduled to None, run_after=None
[2025-07-03T17:49:38.203+0000] {logging_mixin.py:188} INFO - [2025-07-03T17:49:38.203+0000] {dag.py:3823} INFO - Setting next_dagrun for dataset_produces_1 to 2025-07-03 00:00:00+00:00, run_after=2025-07-04 00:00:00+00:00
[2025-07-03T17:49:38.206+0000] {logging_mixin.py:188} INFO - [2025-07-03T17:49:38.205+0000] {dag.py:3823} INFO - Setting next_dagrun for dataset_produces_2 to None, run_after=None
[2025-07-03T17:49:38.269+0000] {processor.py:183} INFO - Processing /home/airflow/.local/lib/python3.8/site-packages/airflow/example_dags/example_datasets.py took 0.265 seconds
[2025-07-03T17:50:08.324+0000] {processor.py:161} INFO - Started process (PID=2038) to work on /home/airflow/.local/lib/python3.8/site-packages/airflow/example_dags/example_datasets.py
[2025-07-03T17:50:08.326+0000] {processor.py:830} INFO - Processing file /home/airflow/.local/lib/python3.8/site-packages/airflow/example_dags/example_datasets.py for tasks to queue
[2025-07-03T17:50:08.328+0000] {logging_mixin.py:188} INFO - [2025-07-03T17:50:08.328+0000] {dagbag.py:538} INFO - Filling up the DagBag from /home/airflow/.local/lib/python3.8/site-packages/airflow/example_dags/example_datasets.py
[2025-07-03T17:50:08.345+0000] {processor.py:840} INFO - DAG(s) 'dataset_consumes_1_never_scheduled', 'dataset_produces_2', 'dataset_consumes_1', 'dataset_consumes_1_and_2', 'dataset_produces_1', 'dataset_consumes_unknown_never_scheduled' retrieved from /home/airflow/.local/lib/python3.8/site-packages/airflow/example_dags/example_datasets.py
[2025-07-03T17:50:08.413+0000] {logging_mixin.py:188} INFO - [2025-07-03T17:50:08.413+0000] {dag.py:3036} INFO - Sync 6 DAGs
[2025-07-03T17:50:08.458+0000] {logging_mixin.py:188} INFO - [2025-07-03T17:50:08.457+0000] {dag.py:3823} INFO - Setting next_dagrun for dataset_consumes_1 to None, run_after=None
[2025-07-03T17:50:08.465+0000] {logging_mixin.py:188} INFO - [2025-07-03T17:50:08.464+0000] {dag.py:3823} INFO - Setting next_dagrun for dataset_consumes_1_and_2 to None, run_after=None
[2025-07-03T17:50:08.468+0000] {logging_mixin.py:188} INFO - [2025-07-03T17:50:08.467+0000] {dag.py:3823} INFO - Setting next_dagrun for dataset_consumes_1_never_scheduled to None, run_after=None
[2025-07-03T17:50:08.470+0000] {logging_mixin.py:188} INFO - [2025-07-03T17:50:08.470+0000] {dag.py:3823} INFO - Setting next_dagrun for dataset_consumes_unknown_never_scheduled to None, run_after=None
[2025-07-03T17:50:08.485+0000] {logging_mixin.py:188} INFO - [2025-07-03T17:50:08.484+0000] {dag.py:3823} INFO - Setting next_dagrun for dataset_produces_1 to 2025-07-03 00:00:00+00:00, run_after=2025-07-04 00:00:00+00:00
[2025-07-03T17:50:08.487+0000] {logging_mixin.py:188} INFO - [2025-07-03T17:50:08.487+0000] {dag.py:3823} INFO - Setting next_dagrun for dataset_produces_2 to None, run_after=None
[2025-07-03T17:50:08.541+0000] {processor.py:183} INFO - Processing /home/airflow/.local/lib/python3.8/site-packages/airflow/example_dags/example_datasets.py took 0.222 seconds
[2025-07-03T17:50:38.973+0000] {processor.py:161} INFO - Started process (PID=2104) to work on /home/airflow/.local/lib/python3.8/site-packages/airflow/example_dags/example_datasets.py
[2025-07-03T17:50:38.975+0000] {processor.py:830} INFO - Processing file /home/airflow/.local/lib/python3.8/site-packages/airflow/example_dags/example_datasets.py for tasks to queue
[2025-07-03T17:50:38.978+0000] {logging_mixin.py:188} INFO - [2025-07-03T17:50:38.977+0000] {dagbag.py:538} INFO - Filling up the DagBag from /home/airflow/.local/lib/python3.8/site-packages/airflow/example_dags/example_datasets.py
[2025-07-03T17:50:39.016+0000] {processor.py:840} INFO - DAG(s) 'dataset_consumes_1_and_2', 'dataset_consumes_1', 'dataset_consumes_unknown_never_scheduled', 'dataset_produces_1', 'dataset_produces_2', 'dataset_consumes_1_never_scheduled' retrieved from /home/airflow/.local/lib/python3.8/site-packages/airflow/example_dags/example_datasets.py
[2025-07-03T17:50:39.141+0000] {logging_mixin.py:188} INFO - [2025-07-03T17:50:39.141+0000] {dag.py:3036} INFO - Sync 6 DAGs
[2025-07-03T17:50:39.223+0000] {logging_mixin.py:188} INFO - [2025-07-03T17:50:39.223+0000] {dag.py:3823} INFO - Setting next_dagrun for dataset_consumes_1 to None, run_after=None
[2025-07-03T17:50:39.238+0000] {logging_mixin.py:188} INFO - [2025-07-03T17:50:39.237+0000] {dag.py:3823} INFO - Setting next_dagrun for dataset_consumes_1_and_2 to None, run_after=None
[2025-07-03T17:50:39.245+0000] {logging_mixin.py:188} INFO - [2025-07-03T17:50:39.245+0000] {dag.py:3823} INFO - Setting next_dagrun for dataset_consumes_1_never_scheduled to None, run_after=None
[2025-07-03T17:50:39.251+0000] {logging_mixin.py:188} INFO - [2025-07-03T17:50:39.251+0000] {dag.py:3823} INFO - Setting next_dagrun for dataset_consumes_unknown_never_scheduled to None, run_after=None
[2025-07-03T17:50:39.263+0000] {logging_mixin.py:188} INFO - [2025-07-03T17:50:39.263+0000] {dag.py:3823} INFO - Setting next_dagrun for dataset_produces_1 to 2025-07-03 00:00:00+00:00, run_after=2025-07-04 00:00:00+00:00
[2025-07-03T17:50:39.274+0000] {logging_mixin.py:188} INFO - [2025-07-03T17:50:39.274+0000] {dag.py:3823} INFO - Setting next_dagrun for dataset_produces_2 to None, run_after=None
[2025-07-03T17:50:39.409+0000] {processor.py:183} INFO - Processing /home/airflow/.local/lib/python3.8/site-packages/airflow/example_dags/example_datasets.py took 0.448 seconds
[2025-07-03T17:51:09.622+0000] {processor.py:161} INFO - Started process (PID=2169) to work on /home/airflow/.local/lib/python3.8/site-packages/airflow/example_dags/example_datasets.py
[2025-07-03T17:51:09.623+0000] {processor.py:830} INFO - Processing file /home/airflow/.local/lib/python3.8/site-packages/airflow/example_dags/example_datasets.py for tasks to queue
[2025-07-03T17:51:09.630+0000] {logging_mixin.py:188} INFO - [2025-07-03T17:51:09.629+0000] {dagbag.py:538} INFO - Filling up the DagBag from /home/airflow/.local/lib/python3.8/site-packages/airflow/example_dags/example_datasets.py
[2025-07-03T17:51:09.666+0000] {processor.py:840} INFO - DAG(s) 'dataset_consumes_1', 'dataset_consumes_1_and_2', 'dataset_consumes_1_never_scheduled', 'dataset_produces_2', 'dataset_consumes_unknown_never_scheduled', 'dataset_produces_1' retrieved from /home/airflow/.local/lib/python3.8/site-packages/airflow/example_dags/example_datasets.py
[2025-07-03T17:51:09.835+0000] {logging_mixin.py:188} INFO - [2025-07-03T17:51:09.835+0000] {dag.py:3036} INFO - Sync 6 DAGs
[2025-07-03T17:51:09.899+0000] {logging_mixin.py:188} INFO - [2025-07-03T17:51:09.898+0000] {dag.py:3823} INFO - Setting next_dagrun for dataset_consumes_1 to None, run_after=None
[2025-07-03T17:51:09.906+0000] {logging_mixin.py:188} INFO - [2025-07-03T17:51:09.906+0000] {dag.py:3823} INFO - Setting next_dagrun for dataset_consumes_1_and_2 to None, run_after=None
[2025-07-03T17:51:09.910+0000] {logging_mixin.py:188} INFO - [2025-07-03T17:51:09.909+0000] {dag.py:3823} INFO - Setting next_dagrun for dataset_consumes_1_never_scheduled to None, run_after=None
[2025-07-03T17:51:09.913+0000] {logging_mixin.py:188} INFO - [2025-07-03T17:51:09.912+0000] {dag.py:3823} INFO - Setting next_dagrun for dataset_consumes_unknown_never_scheduled to None, run_after=None
[2025-07-03T17:51:09.921+0000] {logging_mixin.py:188} INFO - [2025-07-03T17:51:09.920+0000] {dag.py:3823} INFO - Setting next_dagrun for dataset_produces_1 to 2025-07-03 00:00:00+00:00, run_after=2025-07-04 00:00:00+00:00
[2025-07-03T17:51:09.924+0000] {logging_mixin.py:188} INFO - [2025-07-03T17:51:09.923+0000] {dag.py:3823} INFO - Setting next_dagrun for dataset_produces_2 to None, run_after=None
[2025-07-03T17:51:09.987+0000] {processor.py:183} INFO - Processing /home/airflow/.local/lib/python3.8/site-packages/airflow/example_dags/example_datasets.py took 0.378 seconds
[2025-07-03T17:51:40.180+0000] {processor.py:161} INFO - Started process (PID=2235) to work on /home/airflow/.local/lib/python3.8/site-packages/airflow/example_dags/example_datasets.py
[2025-07-03T17:51:40.182+0000] {processor.py:830} INFO - Processing file /home/airflow/.local/lib/python3.8/site-packages/airflow/example_dags/example_datasets.py for tasks to queue
[2025-07-03T17:51:40.184+0000] {logging_mixin.py:188} INFO - [2025-07-03T17:51:40.184+0000] {dagbag.py:538} INFO - Filling up the DagBag from /home/airflow/.local/lib/python3.8/site-packages/airflow/example_dags/example_datasets.py
[2025-07-03T17:51:40.201+0000] {processor.py:840} INFO - DAG(s) 'dataset_produces_1', 'dataset_consumes_1_never_scheduled', 'dataset_consumes_unknown_never_scheduled', 'dataset_consumes_1_and_2', 'dataset_produces_2', 'dataset_consumes_1' retrieved from /home/airflow/.local/lib/python3.8/site-packages/airflow/example_dags/example_datasets.py
[2025-07-03T17:51:40.257+0000] {logging_mixin.py:188} INFO - [2025-07-03T17:51:40.256+0000] {dag.py:3036} INFO - Sync 6 DAGs
[2025-07-03T17:51:40.290+0000] {logging_mixin.py:188} INFO - [2025-07-03T17:51:40.289+0000] {dag.py:3823} INFO - Setting next_dagrun for dataset_consumes_1 to None, run_after=None
[2025-07-03T17:51:40.295+0000] {logging_mixin.py:188} INFO - [2025-07-03T17:51:40.294+0000] {dag.py:3823} INFO - Setting next_dagrun for dataset_consumes_1_and_2 to None, run_after=None
[2025-07-03T17:51:40.297+0000] {logging_mixin.py:188} INFO - [2025-07-03T17:51:40.297+0000] {dag.py:3823} INFO - Setting next_dagrun for dataset_consumes_1_never_scheduled to None, run_after=None
[2025-07-03T17:51:40.300+0000] {logging_mixin.py:188} INFO - [2025-07-03T17:51:40.299+0000] {dag.py:3823} INFO - Setting next_dagrun for dataset_consumes_unknown_never_scheduled to None, run_after=None
[2025-07-03T17:51:40.305+0000] {logging_mixin.py:188} INFO - [2025-07-03T17:51:40.305+0000] {dag.py:3823} INFO - Setting next_dagrun for dataset_produces_1 to 2025-07-03 00:00:00+00:00, run_after=2025-07-04 00:00:00+00:00
[2025-07-03T17:51:40.308+0000] {logging_mixin.py:188} INFO - [2025-07-03T17:51:40.307+0000] {dag.py:3823} INFO - Setting next_dagrun for dataset_produces_2 to None, run_after=None
[2025-07-03T17:51:40.353+0000] {processor.py:183} INFO - Processing /home/airflow/.local/lib/python3.8/site-packages/airflow/example_dags/example_datasets.py took 0.177 seconds
[2025-07-03T17:52:10.748+0000] {processor.py:161} INFO - Started process (PID=2298) to work on /home/airflow/.local/lib/python3.8/site-packages/airflow/example_dags/example_datasets.py
[2025-07-03T17:52:10.750+0000] {processor.py:830} INFO - Processing file /home/airflow/.local/lib/python3.8/site-packages/airflow/example_dags/example_datasets.py for tasks to queue
[2025-07-03T17:52:10.753+0000] {logging_mixin.py:188} INFO - [2025-07-03T17:52:10.752+0000] {dagbag.py:538} INFO - Filling up the DagBag from /home/airflow/.local/lib/python3.8/site-packages/airflow/example_dags/example_datasets.py
[2025-07-03T17:52:10.770+0000] {processor.py:840} INFO - DAG(s) 'dataset_consumes_1_never_scheduled', 'dataset_produces_1', 'dataset_produces_2', 'dataset_consumes_unknown_never_scheduled', 'dataset_consumes_1', 'dataset_consumes_1_and_2' retrieved from /home/airflow/.local/lib/python3.8/site-packages/airflow/example_dags/example_datasets.py
[2025-07-03T17:52:10.842+0000] {logging_mixin.py:188} INFO - [2025-07-03T17:52:10.841+0000] {dag.py:3036} INFO - Sync 6 DAGs
[2025-07-03T17:52:10.884+0000] {logging_mixin.py:188} INFO - [2025-07-03T17:52:10.884+0000] {dag.py:3823} INFO - Setting next_dagrun for dataset_consumes_1 to None, run_after=None
[2025-07-03T17:52:10.891+0000] {logging_mixin.py:188} INFO - [2025-07-03T17:52:10.890+0000] {dag.py:3823} INFO - Setting next_dagrun for dataset_consumes_1_and_2 to None, run_after=None
[2025-07-03T17:52:10.893+0000] {logging_mixin.py:188} INFO - [2025-07-03T17:52:10.893+0000] {dag.py:3823} INFO - Setting next_dagrun for dataset_consumes_1_never_scheduled to None, run_after=None
[2025-07-03T17:52:10.896+0000] {logging_mixin.py:188} INFO - [2025-07-03T17:52:10.895+0000] {dag.py:3823} INFO - Setting next_dagrun for dataset_consumes_unknown_never_scheduled to None, run_after=None
[2025-07-03T17:52:10.903+0000] {logging_mixin.py:188} INFO - [2025-07-03T17:52:10.903+0000] {dag.py:3823} INFO - Setting next_dagrun for dataset_produces_1 to 2025-07-03 00:00:00+00:00, run_after=2025-07-04 00:00:00+00:00
[2025-07-03T17:52:10.906+0000] {logging_mixin.py:188} INFO - [2025-07-03T17:52:10.906+0000] {dag.py:3823} INFO - Setting next_dagrun for dataset_produces_2 to None, run_after=None
[2025-07-03T17:52:10.963+0000] {processor.py:183} INFO - Processing /home/airflow/.local/lib/python3.8/site-packages/airflow/example_dags/example_datasets.py took 0.220 seconds
[2025-07-03T17:52:41.467+0000] {processor.py:161} INFO - Started process (PID=2364) to work on /home/airflow/.local/lib/python3.8/site-packages/airflow/example_dags/example_datasets.py
[2025-07-03T17:52:41.469+0000] {processor.py:830} INFO - Processing file /home/airflow/.local/lib/python3.8/site-packages/airflow/example_dags/example_datasets.py for tasks to queue
[2025-07-03T17:52:41.472+0000] {logging_mixin.py:188} INFO - [2025-07-03T17:52:41.472+0000] {dagbag.py:538} INFO - Filling up the DagBag from /home/airflow/.local/lib/python3.8/site-packages/airflow/example_dags/example_datasets.py
[2025-07-03T17:52:41.489+0000] {processor.py:840} INFO - DAG(s) 'dataset_produces_2', 'dataset_consumes_1_never_scheduled', 'dataset_consumes_1', 'dataset_consumes_1_and_2', 'dataset_consumes_unknown_never_scheduled', 'dataset_produces_1' retrieved from /home/airflow/.local/lib/python3.8/site-packages/airflow/example_dags/example_datasets.py
[2025-07-03T17:52:41.556+0000] {logging_mixin.py:188} INFO - [2025-07-03T17:52:41.555+0000] {dag.py:3036} INFO - Sync 6 DAGs
[2025-07-03T17:52:41.603+0000] {logging_mixin.py:188} INFO - [2025-07-03T17:52:41.603+0000] {dag.py:3823} INFO - Setting next_dagrun for dataset_consumes_1 to None, run_after=None
[2025-07-03T17:52:41.611+0000] {logging_mixin.py:188} INFO - [2025-07-03T17:52:41.610+0000] {dag.py:3823} INFO - Setting next_dagrun for dataset_consumes_1_and_2 to None, run_after=None
[2025-07-03T17:52:41.614+0000] {logging_mixin.py:188} INFO - [2025-07-03T17:52:41.614+0000] {dag.py:3823} INFO - Setting next_dagrun for dataset_consumes_1_never_scheduled to None, run_after=None
[2025-07-03T17:52:41.618+0000] {logging_mixin.py:188} INFO - [2025-07-03T17:52:41.617+0000] {dag.py:3823} INFO - Setting next_dagrun for dataset_consumes_unknown_never_scheduled to None, run_after=None
[2025-07-03T17:52:41.626+0000] {logging_mixin.py:188} INFO - [2025-07-03T17:52:41.625+0000] {dag.py:3823} INFO - Setting next_dagrun for dataset_produces_1 to 2025-07-03 00:00:00+00:00, run_after=2025-07-04 00:00:00+00:00
[2025-07-03T17:52:41.628+0000] {logging_mixin.py:188} INFO - [2025-07-03T17:52:41.628+0000] {dag.py:3823} INFO - Setting next_dagrun for dataset_produces_2 to None, run_after=None
[2025-07-03T17:52:41.702+0000] {processor.py:183} INFO - Processing /home/airflow/.local/lib/python3.8/site-packages/airflow/example_dags/example_datasets.py took 0.240 seconds
[2025-07-03T17:53:11.794+0000] {processor.py:161} INFO - Started process (PID=2430) to work on /home/airflow/.local/lib/python3.8/site-packages/airflow/example_dags/example_datasets.py
[2025-07-03T17:53:11.796+0000] {processor.py:830} INFO - Processing file /home/airflow/.local/lib/python3.8/site-packages/airflow/example_dags/example_datasets.py for tasks to queue
[2025-07-03T17:53:11.799+0000] {logging_mixin.py:188} INFO - [2025-07-03T17:53:11.799+0000] {dagbag.py:538} INFO - Filling up the DagBag from /home/airflow/.local/lib/python3.8/site-packages/airflow/example_dags/example_datasets.py
[2025-07-03T17:53:11.818+0000] {processor.py:840} INFO - DAG(s) 'dataset_produces_1', 'dataset_consumes_1_never_scheduled', 'dataset_produces_2', 'dataset_consumes_unknown_never_scheduled', 'dataset_consumes_1', 'dataset_consumes_1_and_2' retrieved from /home/airflow/.local/lib/python3.8/site-packages/airflow/example_dags/example_datasets.py
[2025-07-03T17:53:11.887+0000] {logging_mixin.py:188} INFO - [2025-07-03T17:53:11.886+0000] {dag.py:3036} INFO - Sync 6 DAGs
[2025-07-03T17:53:11.930+0000] {logging_mixin.py:188} INFO - [2025-07-03T17:53:11.930+0000] {dag.py:3823} INFO - Setting next_dagrun for dataset_consumes_1 to None, run_after=None
[2025-07-03T17:53:11.943+0000] {logging_mixin.py:188} INFO - [2025-07-03T17:53:11.943+0000] {dag.py:3823} INFO - Setting next_dagrun for dataset_consumes_1_and_2 to None, run_after=None
[2025-07-03T17:53:11.950+0000] {logging_mixin.py:188} INFO - [2025-07-03T17:53:11.949+0000] {dag.py:3823} INFO - Setting next_dagrun for dataset_consumes_1_never_scheduled to None, run_after=None
[2025-07-03T17:53:11.956+0000] {logging_mixin.py:188} INFO - [2025-07-03T17:53:11.954+0000] {dag.py:3823} INFO - Setting next_dagrun for dataset_consumes_unknown_never_scheduled to None, run_after=None
[2025-07-03T17:53:11.966+0000] {logging_mixin.py:188} INFO - [2025-07-03T17:53:11.966+0000] {dag.py:3823} INFO - Setting next_dagrun for dataset_produces_1 to 2025-07-03 00:00:00+00:00, run_after=2025-07-04 00:00:00+00:00
[2025-07-03T17:53:11.978+0000] {logging_mixin.py:188} INFO - [2025-07-03T17:53:11.977+0000] {dag.py:3823} INFO - Setting next_dagrun for dataset_produces_2 to None, run_after=None
[2025-07-03T17:53:12.046+0000] {processor.py:183} INFO - Processing /home/airflow/.local/lib/python3.8/site-packages/airflow/example_dags/example_datasets.py took 0.257 seconds
[2025-07-03T17:53:42.236+0000] {processor.py:161} INFO - Started process (PID=2497) to work on /home/airflow/.local/lib/python3.8/site-packages/airflow/example_dags/example_datasets.py
[2025-07-03T17:53:42.245+0000] {processor.py:830} INFO - Processing file /home/airflow/.local/lib/python3.8/site-packages/airflow/example_dags/example_datasets.py for tasks to queue
[2025-07-03T17:53:42.252+0000] {logging_mixin.py:188} INFO - [2025-07-03T17:53:42.251+0000] {dagbag.py:538} INFO - Filling up the DagBag from /home/airflow/.local/lib/python3.8/site-packages/airflow/example_dags/example_datasets.py
[2025-07-03T17:53:42.281+0000] {processor.py:840} INFO - DAG(s) 'dataset_consumes_1_and_2', 'dataset_produces_2', 'dataset_consumes_1_never_scheduled', 'dataset_consumes_1', 'dataset_consumes_unknown_never_scheduled', 'dataset_produces_1' retrieved from /home/airflow/.local/lib/python3.8/site-packages/airflow/example_dags/example_datasets.py
[2025-07-03T17:53:42.368+0000] {logging_mixin.py:188} INFO - [2025-07-03T17:53:42.367+0000] {dag.py:3036} INFO - Sync 6 DAGs
[2025-07-03T17:53:42.448+0000] {logging_mixin.py:188} INFO - [2025-07-03T17:53:42.445+0000] {dag.py:3823} INFO - Setting next_dagrun for dataset_consumes_1 to None, run_after=None
[2025-07-03T17:53:42.462+0000] {logging_mixin.py:188} INFO - [2025-07-03T17:53:42.461+0000] {dag.py:3823} INFO - Setting next_dagrun for dataset_consumes_1_and_2 to None, run_after=None
[2025-07-03T17:53:42.467+0000] {logging_mixin.py:188} INFO - [2025-07-03T17:53:42.465+0000] {dag.py:3823} INFO - Setting next_dagrun for dataset_consumes_1_never_scheduled to None, run_after=None
[2025-07-03T17:53:42.471+0000] {logging_mixin.py:188} INFO - [2025-07-03T17:53:42.471+0000] {dag.py:3823} INFO - Setting next_dagrun for dataset_consumes_unknown_never_scheduled to None, run_after=None
[2025-07-03T17:53:42.485+0000] {logging_mixin.py:188} INFO - [2025-07-03T17:53:42.484+0000] {dag.py:3823} INFO - Setting next_dagrun for dataset_produces_1 to 2025-07-03 00:00:00+00:00, run_after=2025-07-04 00:00:00+00:00
[2025-07-03T17:53:42.488+0000] {logging_mixin.py:188} INFO - [2025-07-03T17:53:42.487+0000] {dag.py:3823} INFO - Setting next_dagrun for dataset_produces_2 to None, run_after=None
[2025-07-03T17:53:42.575+0000] {processor.py:183} INFO - Processing /home/airflow/.local/lib/python3.8/site-packages/airflow/example_dags/example_datasets.py took 0.344 seconds
[2025-07-03T17:54:12.676+0000] {processor.py:161} INFO - Started process (PID=2561) to work on /home/airflow/.local/lib/python3.8/site-packages/airflow/example_dags/example_datasets.py
[2025-07-03T17:54:12.743+0000] {processor.py:830} INFO - Processing file /home/airflow/.local/lib/python3.8/site-packages/airflow/example_dags/example_datasets.py for tasks to queue
[2025-07-03T17:54:12.747+0000] {logging_mixin.py:188} INFO - [2025-07-03T17:54:12.747+0000] {dagbag.py:538} INFO - Filling up the DagBag from /home/airflow/.local/lib/python3.8/site-packages/airflow/example_dags/example_datasets.py
[2025-07-03T17:54:12.768+0000] {processor.py:840} INFO - DAG(s) 'dataset_consumes_1_never_scheduled', 'dataset_consumes_1', 'dataset_consumes_unknown_never_scheduled', 'dataset_produces_1', 'dataset_consumes_1_and_2', 'dataset_produces_2' retrieved from /home/airflow/.local/lib/python3.8/site-packages/airflow/example_dags/example_datasets.py
[2025-07-03T17:54:12.838+0000] {logging_mixin.py:188} INFO - [2025-07-03T17:54:12.838+0000] {dag.py:3036} INFO - Sync 6 DAGs
[2025-07-03T17:54:12.887+0000] {logging_mixin.py:188} INFO - [2025-07-03T17:54:12.887+0000] {dag.py:3823} INFO - Setting next_dagrun for dataset_consumes_1 to None, run_after=None
[2025-07-03T17:54:12.902+0000] {logging_mixin.py:188} INFO - [2025-07-03T17:54:12.901+0000] {dag.py:3823} INFO - Setting next_dagrun for dataset_consumes_1_and_2 to None, run_after=None
[2025-07-03T17:54:12.909+0000] {logging_mixin.py:188} INFO - [2025-07-03T17:54:12.909+0000] {dag.py:3823} INFO - Setting next_dagrun for dataset_consumes_1_never_scheduled to None, run_after=None
[2025-07-03T17:54:12.918+0000] {logging_mixin.py:188} INFO - [2025-07-03T17:54:12.917+0000] {dag.py:3823} INFO - Setting next_dagrun for dataset_consumes_unknown_never_scheduled to None, run_after=None
[2025-07-03T17:54:12.928+0000] {logging_mixin.py:188} INFO - [2025-07-03T17:54:12.927+0000] {dag.py:3823} INFO - Setting next_dagrun for dataset_produces_1 to 2025-07-03 00:00:00+00:00, run_after=2025-07-04 00:00:00+00:00
[2025-07-03T17:54:12.934+0000] {logging_mixin.py:188} INFO - [2025-07-03T17:54:12.933+0000] {dag.py:3823} INFO - Setting next_dagrun for dataset_produces_2 to None, run_after=None
[2025-07-03T17:54:13.058+0000] {processor.py:183} INFO - Processing /home/airflow/.local/lib/python3.8/site-packages/airflow/example_dags/example_datasets.py took 0.387 seconds
[2025-07-03T17:54:43.498+0000] {processor.py:161} INFO - Started process (PID=2625) to work on /home/airflow/.local/lib/python3.8/site-packages/airflow/example_dags/example_datasets.py
[2025-07-03T17:54:43.499+0000] {processor.py:830} INFO - Processing file /home/airflow/.local/lib/python3.8/site-packages/airflow/example_dags/example_datasets.py for tasks to queue
[2025-07-03T17:54:43.501+0000] {logging_mixin.py:188} INFO - [2025-07-03T17:54:43.501+0000] {dagbag.py:538} INFO - Filling up the DagBag from /home/airflow/.local/lib/python3.8/site-packages/airflow/example_dags/example_datasets.py
[2025-07-03T17:54:43.536+0000] {processor.py:840} INFO - DAG(s) 'dataset_consumes_1', 'dataset_consumes_1_and_2', 'dataset_produces_2', 'dataset_consumes_1_never_scheduled', 'dataset_consumes_unknown_never_scheduled', 'dataset_produces_1' retrieved from /home/airflow/.local/lib/python3.8/site-packages/airflow/example_dags/example_datasets.py
[2025-07-03T17:54:43.609+0000] {logging_mixin.py:188} INFO - [2025-07-03T17:54:43.609+0000] {dag.py:3036} INFO - Sync 6 DAGs
[2025-07-03T17:54:43.660+0000] {logging_mixin.py:188} INFO - [2025-07-03T17:54:43.660+0000] {dag.py:3823} INFO - Setting next_dagrun for dataset_consumes_1 to None, run_after=None
[2025-07-03T17:54:43.667+0000] {logging_mixin.py:188} INFO - [2025-07-03T17:54:43.667+0000] {dag.py:3823} INFO - Setting next_dagrun for dataset_consumes_1_and_2 to None, run_after=None
[2025-07-03T17:54:43.670+0000] {logging_mixin.py:188} INFO - [2025-07-03T17:54:43.669+0000] {dag.py:3823} INFO - Setting next_dagrun for dataset_consumes_1_never_scheduled to None, run_after=None
[2025-07-03T17:54:43.672+0000] {logging_mixin.py:188} INFO - [2025-07-03T17:54:43.671+0000] {dag.py:3823} INFO - Setting next_dagrun for dataset_consumes_unknown_never_scheduled to None, run_after=None
[2025-07-03T17:54:43.678+0000] {logging_mixin.py:188} INFO - [2025-07-03T17:54:43.678+0000] {dag.py:3823} INFO - Setting next_dagrun for dataset_produces_1 to 2025-07-03 00:00:00+00:00, run_after=2025-07-04 00:00:00+00:00
[2025-07-03T17:54:43.681+0000] {logging_mixin.py:188} INFO - [2025-07-03T17:54:43.681+0000] {dag.py:3823} INFO - Setting next_dagrun for dataset_produces_2 to None, run_after=None
[2025-07-03T17:54:43.765+0000] {processor.py:183} INFO - Processing /home/airflow/.local/lib/python3.8/site-packages/airflow/example_dags/example_datasets.py took 0.280 seconds
[2025-07-03T17:55:13.823+0000] {processor.py:161} INFO - Started process (PID=2690) to work on /home/airflow/.local/lib/python3.8/site-packages/airflow/example_dags/example_datasets.py
[2025-07-03T17:55:13.825+0000] {processor.py:830} INFO - Processing file /home/airflow/.local/lib/python3.8/site-packages/airflow/example_dags/example_datasets.py for tasks to queue
[2025-07-03T17:55:13.828+0000] {logging_mixin.py:188} INFO - [2025-07-03T17:55:13.828+0000] {dagbag.py:538} INFO - Filling up the DagBag from /home/airflow/.local/lib/python3.8/site-packages/airflow/example_dags/example_datasets.py
[2025-07-03T17:55:13.848+0000] {processor.py:840} INFO - DAG(s) 'dataset_consumes_1', 'dataset_produces_1', 'dataset_consumes_1_never_scheduled', 'dataset_consumes_1_and_2', 'dataset_consumes_unknown_never_scheduled', 'dataset_produces_2' retrieved from /home/airflow/.local/lib/python3.8/site-packages/airflow/example_dags/example_datasets.py
[2025-07-03T17:55:13.925+0000] {logging_mixin.py:188} INFO - [2025-07-03T17:55:13.923+0000] {dag.py:3036} INFO - Sync 6 DAGs
[2025-07-03T17:55:13.991+0000] {logging_mixin.py:188} INFO - [2025-07-03T17:55:13.990+0000] {dag.py:3823} INFO - Setting next_dagrun for dataset_consumes_1 to None, run_after=None
[2025-07-03T17:55:13.997+0000] {logging_mixin.py:188} INFO - [2025-07-03T17:55:13.996+0000] {dag.py:3823} INFO - Setting next_dagrun for dataset_consumes_1_and_2 to None, run_after=None
[2025-07-03T17:55:13.999+0000] {logging_mixin.py:188} INFO - [2025-07-03T17:55:13.999+0000] {dag.py:3823} INFO - Setting next_dagrun for dataset_consumes_1_never_scheduled to None, run_after=None
[2025-07-03T17:55:14.001+0000] {logging_mixin.py:188} INFO - [2025-07-03T17:55:14.001+0000] {dag.py:3823} INFO - Setting next_dagrun for dataset_consumes_unknown_never_scheduled to None, run_after=None
[2025-07-03T17:55:14.008+0000] {logging_mixin.py:188} INFO - [2025-07-03T17:55:14.007+0000] {dag.py:3823} INFO - Setting next_dagrun for dataset_produces_1 to 2025-07-03 00:00:00+00:00, run_after=2025-07-04 00:00:00+00:00
[2025-07-03T17:55:14.010+0000] {logging_mixin.py:188} INFO - [2025-07-03T17:55:14.010+0000] {dag.py:3823} INFO - Setting next_dagrun for dataset_produces_2 to None, run_after=None
[2025-07-03T17:55:14.061+0000] {processor.py:183} INFO - Processing /home/airflow/.local/lib/python3.8/site-packages/airflow/example_dags/example_datasets.py took 0.243 seconds
[2025-07-03T17:55:44.179+0000] {processor.py:161} INFO - Started process (PID=2753) to work on /home/airflow/.local/lib/python3.8/site-packages/airflow/example_dags/example_datasets.py
[2025-07-03T17:55:44.181+0000] {processor.py:830} INFO - Processing file /home/airflow/.local/lib/python3.8/site-packages/airflow/example_dags/example_datasets.py for tasks to queue
[2025-07-03T17:55:44.183+0000] {logging_mixin.py:188} INFO - [2025-07-03T17:55:44.182+0000] {dagbag.py:538} INFO - Filling up the DagBag from /home/airflow/.local/lib/python3.8/site-packages/airflow/example_dags/example_datasets.py
[2025-07-03T17:55:44.195+0000] {processor.py:840} INFO - DAG(s) 'dataset_produces_2', 'dataset_consumes_1', 'dataset_consumes_1_and_2', 'dataset_produces_1', 'dataset_consumes_unknown_never_scheduled', 'dataset_consumes_1_never_scheduled' retrieved from /home/airflow/.local/lib/python3.8/site-packages/airflow/example_dags/example_datasets.py
[2025-07-03T17:55:44.243+0000] {logging_mixin.py:188} INFO - [2025-07-03T17:55:44.242+0000] {dag.py:3036} INFO - Sync 6 DAGs
[2025-07-03T17:55:44.276+0000] {logging_mixin.py:188} INFO - [2025-07-03T17:55:44.276+0000] {dag.py:3823} INFO - Setting next_dagrun for dataset_consumes_1 to None, run_after=None
[2025-07-03T17:55:44.281+0000] {logging_mixin.py:188} INFO - [2025-07-03T17:55:44.281+0000] {dag.py:3823} INFO - Setting next_dagrun for dataset_consumes_1_and_2 to None, run_after=None
[2025-07-03T17:55:44.283+0000] {logging_mixin.py:188} INFO - [2025-07-03T17:55:44.283+0000] {dag.py:3823} INFO - Setting next_dagrun for dataset_consumes_1_never_scheduled to None, run_after=None
[2025-07-03T17:55:44.285+0000] {logging_mixin.py:188} INFO - [2025-07-03T17:55:44.285+0000] {dag.py:3823} INFO - Setting next_dagrun for dataset_consumes_unknown_never_scheduled to None, run_after=None
[2025-07-03T17:55:44.295+0000] {logging_mixin.py:188} INFO - [2025-07-03T17:55:44.295+0000] {dag.py:3823} INFO - Setting next_dagrun for dataset_produces_1 to 2025-07-03 00:00:00+00:00, run_after=2025-07-04 00:00:00+00:00
[2025-07-03T17:55:44.298+0000] {logging_mixin.py:188} INFO - [2025-07-03T17:55:44.298+0000] {dag.py:3823} INFO - Setting next_dagrun for dataset_produces_2 to None, run_after=None
[2025-07-03T17:55:44.342+0000] {processor.py:183} INFO - Processing /home/airflow/.local/lib/python3.8/site-packages/airflow/example_dags/example_datasets.py took 0.167 seconds
[2025-07-03T17:56:14.487+0000] {processor.py:161} INFO - Started process (PID=2819) to work on /home/airflow/.local/lib/python3.8/site-packages/airflow/example_dags/example_datasets.py
[2025-07-03T17:56:14.490+0000] {processor.py:830} INFO - Processing file /home/airflow/.local/lib/python3.8/site-packages/airflow/example_dags/example_datasets.py for tasks to queue
[2025-07-03T17:56:14.492+0000] {logging_mixin.py:188} INFO - [2025-07-03T17:56:14.492+0000] {dagbag.py:538} INFO - Filling up the DagBag from /home/airflow/.local/lib/python3.8/site-packages/airflow/example_dags/example_datasets.py
[2025-07-03T17:56:14.506+0000] {processor.py:840} INFO - DAG(s) 'dataset_consumes_1_and_2', 'dataset_consumes_unknown_never_scheduled', 'dataset_produces_2', 'dataset_consumes_1', 'dataset_consumes_1_never_scheduled', 'dataset_produces_1' retrieved from /home/airflow/.local/lib/python3.8/site-packages/airflow/example_dags/example_datasets.py
[2025-07-03T17:56:14.563+0000] {logging_mixin.py:188} INFO - [2025-07-03T17:56:14.563+0000] {dag.py:3036} INFO - Sync 6 DAGs
[2025-07-03T17:56:14.599+0000] {logging_mixin.py:188} INFO - [2025-07-03T17:56:14.599+0000] {dag.py:3823} INFO - Setting next_dagrun for dataset_consumes_1 to None, run_after=None
[2025-07-03T17:56:14.605+0000] {logging_mixin.py:188} INFO - [2025-07-03T17:56:14.605+0000] {dag.py:3823} INFO - Setting next_dagrun for dataset_consumes_1_and_2 to None, run_after=None
[2025-07-03T17:56:14.608+0000] {logging_mixin.py:188} INFO - [2025-07-03T17:56:14.608+0000] {dag.py:3823} INFO - Setting next_dagrun for dataset_consumes_1_never_scheduled to None, run_after=None
[2025-07-03T17:56:14.610+0000] {logging_mixin.py:188} INFO - [2025-07-03T17:56:14.610+0000] {dag.py:3823} INFO - Setting next_dagrun for dataset_consumes_unknown_never_scheduled to None, run_after=None
[2025-07-03T17:56:14.616+0000] {logging_mixin.py:188} INFO - [2025-07-03T17:56:14.615+0000] {dag.py:3823} INFO - Setting next_dagrun for dataset_produces_1 to 2025-07-03 00:00:00+00:00, run_after=2025-07-04 00:00:00+00:00
[2025-07-03T17:56:14.618+0000] {logging_mixin.py:188} INFO - [2025-07-03T17:56:14.618+0000] {dag.py:3823} INFO - Setting next_dagrun for dataset_produces_2 to None, run_after=None
[2025-07-03T17:56:14.667+0000] {processor.py:183} INFO - Processing /home/airflow/.local/lib/python3.8/site-packages/airflow/example_dags/example_datasets.py took 0.185 seconds
[2025-07-03T17:56:44.895+0000] {processor.py:161} INFO - Started process (PID=2884) to work on /home/airflow/.local/lib/python3.8/site-packages/airflow/example_dags/example_datasets.py
[2025-07-03T17:56:44.901+0000] {processor.py:830} INFO - Processing file /home/airflow/.local/lib/python3.8/site-packages/airflow/example_dags/example_datasets.py for tasks to queue
[2025-07-03T17:56:44.904+0000] {logging_mixin.py:188} INFO - [2025-07-03T17:56:44.904+0000] {dagbag.py:538} INFO - Filling up the DagBag from /home/airflow/.local/lib/python3.8/site-packages/airflow/example_dags/example_datasets.py
[2025-07-03T17:56:44.972+0000] {processor.py:840} INFO - DAG(s) 'dataset_produces_2', 'dataset_consumes_1', 'dataset_consumes_1_never_scheduled', 'dataset_produces_1', 'dataset_consumes_1_and_2', 'dataset_consumes_unknown_never_scheduled' retrieved from /home/airflow/.local/lib/python3.8/site-packages/airflow/example_dags/example_datasets.py
[2025-07-03T17:56:45.217+0000] {logging_mixin.py:188} INFO - [2025-07-03T17:56:45.217+0000] {dag.py:3036} INFO - Sync 6 DAGs
[2025-07-03T17:56:45.322+0000] {logging_mixin.py:188} INFO - [2025-07-03T17:56:45.321+0000] {dag.py:3823} INFO - Setting next_dagrun for dataset_consumes_1 to None, run_after=None
[2025-07-03T17:56:45.330+0000] {logging_mixin.py:188} INFO - [2025-07-03T17:56:45.329+0000] {dag.py:3823} INFO - Setting next_dagrun for dataset_consumes_1_and_2 to None, run_after=None
[2025-07-03T17:56:45.340+0000] {logging_mixin.py:188} INFO - [2025-07-03T17:56:45.339+0000] {dag.py:3823} INFO - Setting next_dagrun for dataset_consumes_1_never_scheduled to None, run_after=None
[2025-07-03T17:56:45.346+0000] {logging_mixin.py:188} INFO - [2025-07-03T17:56:45.345+0000] {dag.py:3823} INFO - Setting next_dagrun for dataset_consumes_unknown_never_scheduled to None, run_after=None
[2025-07-03T17:56:45.358+0000] {logging_mixin.py:188} INFO - [2025-07-03T17:56:45.358+0000] {dag.py:3823} INFO - Setting next_dagrun for dataset_produces_1 to 2025-07-03 00:00:00+00:00, run_after=2025-07-04 00:00:00+00:00
[2025-07-03T17:56:45.367+0000] {logging_mixin.py:188} INFO - [2025-07-03T17:56:45.367+0000] {dag.py:3823} INFO - Setting next_dagrun for dataset_produces_2 to None, run_after=None
[2025-07-03T17:56:45.525+0000] {processor.py:183} INFO - Processing /home/airflow/.local/lib/python3.8/site-packages/airflow/example_dags/example_datasets.py took 0.653 seconds
[2025-07-03T17:57:15.677+0000] {processor.py:161} INFO - Started process (PID=2940) to work on /home/airflow/.local/lib/python3.8/site-packages/airflow/example_dags/example_datasets.py
[2025-07-03T17:57:15.694+0000] {processor.py:830} INFO - Processing file /home/airflow/.local/lib/python3.8/site-packages/airflow/example_dags/example_datasets.py for tasks to queue
[2025-07-03T17:57:15.698+0000] {logging_mixin.py:188} INFO - [2025-07-03T17:57:15.697+0000] {dagbag.py:538} INFO - Filling up the DagBag from /home/airflow/.local/lib/python3.8/site-packages/airflow/example_dags/example_datasets.py
[2025-07-03T17:57:15.752+0000] {processor.py:840} INFO - DAG(s) 'dataset_consumes_1_never_scheduled', 'dataset_produces_1', 'dataset_produces_2', 'dataset_consumes_unknown_never_scheduled', 'dataset_consumes_1', 'dataset_consumes_1_and_2' retrieved from /home/airflow/.local/lib/python3.8/site-packages/airflow/example_dags/example_datasets.py
[2025-07-03T17:57:15.836+0000] {logging_mixin.py:188} INFO - [2025-07-03T17:57:15.836+0000] {dag.py:3036} INFO - Sync 6 DAGs
[2025-07-03T17:57:15.886+0000] {logging_mixin.py:188} INFO - [2025-07-03T17:57:15.885+0000] {dag.py:3823} INFO - Setting next_dagrun for dataset_consumes_1 to None, run_after=None
[2025-07-03T17:57:15.893+0000] {logging_mixin.py:188} INFO - [2025-07-03T17:57:15.893+0000] {dag.py:3823} INFO - Setting next_dagrun for dataset_consumes_1_and_2 to None, run_after=None
[2025-07-03T17:57:15.897+0000] {logging_mixin.py:188} INFO - [2025-07-03T17:57:15.896+0000] {dag.py:3823} INFO - Setting next_dagrun for dataset_consumes_1_never_scheduled to None, run_after=None
[2025-07-03T17:57:15.900+0000] {logging_mixin.py:188} INFO - [2025-07-03T17:57:15.899+0000] {dag.py:3823} INFO - Setting next_dagrun for dataset_consumes_unknown_never_scheduled to None, run_after=None
[2025-07-03T17:57:15.908+0000] {logging_mixin.py:188} INFO - [2025-07-03T17:57:15.907+0000] {dag.py:3823} INFO - Setting next_dagrun for dataset_produces_1 to 2025-07-03 00:00:00+00:00, run_after=2025-07-04 00:00:00+00:00
[2025-07-03T17:57:15.911+0000] {logging_mixin.py:188} INFO - [2025-07-03T17:57:15.911+0000] {dag.py:3823} INFO - Setting next_dagrun for dataset_produces_2 to None, run_after=None
[2025-07-03T17:57:15.993+0000] {processor.py:183} INFO - Processing /home/airflow/.local/lib/python3.8/site-packages/airflow/example_dags/example_datasets.py took 0.329 seconds
[2025-07-03T17:57:46.357+0000] {processor.py:161} INFO - Started process (PID=3004) to work on /home/airflow/.local/lib/python3.8/site-packages/airflow/example_dags/example_datasets.py
[2025-07-03T17:57:46.377+0000] {processor.py:830} INFO - Processing file /home/airflow/.local/lib/python3.8/site-packages/airflow/example_dags/example_datasets.py for tasks to queue
[2025-07-03T17:57:46.380+0000] {logging_mixin.py:188} INFO - [2025-07-03T17:57:46.379+0000] {dagbag.py:538} INFO - Filling up the DagBag from /home/airflow/.local/lib/python3.8/site-packages/airflow/example_dags/example_datasets.py
[2025-07-03T17:57:46.432+0000] {processor.py:840} INFO - DAG(s) 'dataset_consumes_1_never_scheduled', 'dataset_produces_2', 'dataset_produces_1', 'dataset_consumes_unknown_never_scheduled', 'dataset_consumes_1', 'dataset_consumes_1_and_2' retrieved from /home/airflow/.local/lib/python3.8/site-packages/airflow/example_dags/example_datasets.py
[2025-07-03T17:57:46.675+0000] {logging_mixin.py:188} INFO - [2025-07-03T17:57:46.675+0000] {dag.py:3036} INFO - Sync 6 DAGs
[2025-07-03T17:57:46.790+0000] {logging_mixin.py:188} INFO - [2025-07-03T17:57:46.789+0000] {dag.py:3823} INFO - Setting next_dagrun for dataset_consumes_1 to None, run_after=None
[2025-07-03T17:57:46.800+0000] {logging_mixin.py:188} INFO - [2025-07-03T17:57:46.799+0000] {dag.py:3823} INFO - Setting next_dagrun for dataset_consumes_1_and_2 to None, run_after=None
[2025-07-03T17:57:46.807+0000] {logging_mixin.py:188} INFO - [2025-07-03T17:57:46.807+0000] {dag.py:3823} INFO - Setting next_dagrun for dataset_consumes_1_never_scheduled to None, run_after=None
[2025-07-03T17:57:46.827+0000] {logging_mixin.py:188} INFO - [2025-07-03T17:57:46.826+0000] {dag.py:3823} INFO - Setting next_dagrun for dataset_consumes_unknown_never_scheduled to None, run_after=None
[2025-07-03T17:57:46.856+0000] {logging_mixin.py:188} INFO - [2025-07-03T17:57:46.855+0000] {dag.py:3823} INFO - Setting next_dagrun for dataset_produces_1 to 2025-07-03 00:00:00+00:00, run_after=2025-07-04 00:00:00+00:00
[2025-07-03T17:57:46.880+0000] {logging_mixin.py:188} INFO - [2025-07-03T17:57:46.879+0000] {dag.py:3823} INFO - Setting next_dagrun for dataset_produces_2 to None, run_after=None
[2025-07-03T17:57:47.066+0000] {processor.py:183} INFO - Processing /home/airflow/.local/lib/python3.8/site-packages/airflow/example_dags/example_datasets.py took 0.714 seconds
[2025-07-03T17:58:17.277+0000] {processor.py:161} INFO - Started process (PID=3062) to work on /home/airflow/.local/lib/python3.8/site-packages/airflow/example_dags/example_datasets.py
[2025-07-03T17:58:17.348+0000] {processor.py:830} INFO - Processing file /home/airflow/.local/lib/python3.8/site-packages/airflow/example_dags/example_datasets.py for tasks to queue
[2025-07-03T17:58:17.351+0000] {logging_mixin.py:188} INFO - [2025-07-03T17:58:17.350+0000] {dagbag.py:538} INFO - Filling up the DagBag from /home/airflow/.local/lib/python3.8/site-packages/airflow/example_dags/example_datasets.py
[2025-07-03T17:58:17.363+0000] {processor.py:840} INFO - DAG(s) 'dataset_consumes_unknown_never_scheduled', 'dataset_produces_1', 'dataset_consumes_1', 'dataset_produces_2', 'dataset_consumes_1_never_scheduled', 'dataset_consumes_1_and_2' retrieved from /home/airflow/.local/lib/python3.8/site-packages/airflow/example_dags/example_datasets.py
[2025-07-03T17:58:17.413+0000] {logging_mixin.py:188} INFO - [2025-07-03T17:58:17.413+0000] {dag.py:3036} INFO - Sync 6 DAGs
[2025-07-03T17:58:17.456+0000] {logging_mixin.py:188} INFO - [2025-07-03T17:58:17.456+0000] {dag.py:3823} INFO - Setting next_dagrun for dataset_consumes_1 to None, run_after=None
[2025-07-03T17:58:17.462+0000] {logging_mixin.py:188} INFO - [2025-07-03T17:58:17.461+0000] {dag.py:3823} INFO - Setting next_dagrun for dataset_consumes_1_and_2 to None, run_after=None
[2025-07-03T17:58:17.464+0000] {logging_mixin.py:188} INFO - [2025-07-03T17:58:17.464+0000] {dag.py:3823} INFO - Setting next_dagrun for dataset_consumes_1_never_scheduled to None, run_after=None
[2025-07-03T17:58:17.466+0000] {logging_mixin.py:188} INFO - [2025-07-03T17:58:17.466+0000] {dag.py:3823} INFO - Setting next_dagrun for dataset_consumes_unknown_never_scheduled to None, run_after=None
[2025-07-03T17:58:17.472+0000] {logging_mixin.py:188} INFO - [2025-07-03T17:58:17.472+0000] {dag.py:3823} INFO - Setting next_dagrun for dataset_produces_1 to 2025-07-03 00:00:00+00:00, run_after=2025-07-04 00:00:00+00:00
[2025-07-03T17:58:17.475+0000] {logging_mixin.py:188} INFO - [2025-07-03T17:58:17.475+0000] {dag.py:3823} INFO - Setting next_dagrun for dataset_produces_2 to None, run_after=None
[2025-07-03T17:58:17.521+0000] {processor.py:183} INFO - Processing /home/airflow/.local/lib/python3.8/site-packages/airflow/example_dags/example_datasets.py took 0.248 seconds
[2025-07-03T17:58:47.796+0000] {processor.py:161} INFO - Started process (PID=3135) to work on /home/airflow/.local/lib/python3.8/site-packages/airflow/example_dags/example_datasets.py
[2025-07-03T17:58:47.798+0000] {processor.py:830} INFO - Processing file /home/airflow/.local/lib/python3.8/site-packages/airflow/example_dags/example_datasets.py for tasks to queue
[2025-07-03T17:58:47.800+0000] {logging_mixin.py:188} INFO - [2025-07-03T17:58:47.800+0000] {dagbag.py:538} INFO - Filling up the DagBag from /home/airflow/.local/lib/python3.8/site-packages/airflow/example_dags/example_datasets.py
[2025-07-03T17:58:47.816+0000] {processor.py:840} INFO - DAG(s) 'dataset_consumes_1_and_2', 'dataset_produces_1', 'dataset_consumes_unknown_never_scheduled', 'dataset_produces_2', 'dataset_consumes_1_never_scheduled', 'dataset_consumes_1' retrieved from /home/airflow/.local/lib/python3.8/site-packages/airflow/example_dags/example_datasets.py
[2025-07-03T17:58:47.881+0000] {logging_mixin.py:188} INFO - [2025-07-03T17:58:47.880+0000] {dag.py:3036} INFO - Sync 6 DAGs
[2025-07-03T17:58:47.924+0000] {logging_mixin.py:188} INFO - [2025-07-03T17:58:47.923+0000] {dag.py:3823} INFO - Setting next_dagrun for dataset_consumes_1 to None, run_after=None
[2025-07-03T17:58:47.930+0000] {logging_mixin.py:188} INFO - [2025-07-03T17:58:47.930+0000] {dag.py:3823} INFO - Setting next_dagrun for dataset_consumes_1_and_2 to None, run_after=None
[2025-07-03T17:58:47.934+0000] {logging_mixin.py:188} INFO - [2025-07-03T17:58:47.934+0000] {dag.py:3823} INFO - Setting next_dagrun for dataset_consumes_1_never_scheduled to None, run_after=None
[2025-07-03T17:58:47.937+0000] {logging_mixin.py:188} INFO - [2025-07-03T17:58:47.936+0000] {dag.py:3823} INFO - Setting next_dagrun for dataset_consumes_unknown_never_scheduled to None, run_after=None
[2025-07-03T17:58:47.943+0000] {logging_mixin.py:188} INFO - [2025-07-03T17:58:47.943+0000] {dag.py:3823} INFO - Setting next_dagrun for dataset_produces_1 to 2025-07-03 00:00:00+00:00, run_after=2025-07-04 00:00:00+00:00
[2025-07-03T17:58:47.946+0000] {logging_mixin.py:188} INFO - [2025-07-03T17:58:47.946+0000] {dag.py:3823} INFO - Setting next_dagrun for dataset_produces_2 to None, run_after=None
[2025-07-03T17:58:48.174+0000] {processor.py:183} INFO - Processing /home/airflow/.local/lib/python3.8/site-packages/airflow/example_dags/example_datasets.py took 0.382 seconds
[2025-07-03T17:59:18.716+0000] {processor.py:161} INFO - Started process (PID=3200) to work on /home/airflow/.local/lib/python3.8/site-packages/airflow/example_dags/example_datasets.py
[2025-07-03T17:59:18.718+0000] {processor.py:830} INFO - Processing file /home/airflow/.local/lib/python3.8/site-packages/airflow/example_dags/example_datasets.py for tasks to queue
[2025-07-03T17:59:18.721+0000] {logging_mixin.py:188} INFO - [2025-07-03T17:59:18.721+0000] {dagbag.py:538} INFO - Filling up the DagBag from /home/airflow/.local/lib/python3.8/site-packages/airflow/example_dags/example_datasets.py
[2025-07-03T17:59:18.741+0000] {processor.py:840} INFO - DAG(s) 'dataset_consumes_unknown_never_scheduled', 'dataset_consumes_1', 'dataset_produces_1', 'dataset_produces_2', 'dataset_consumes_1_and_2', 'dataset_consumes_1_never_scheduled' retrieved from /home/airflow/.local/lib/python3.8/site-packages/airflow/example_dags/example_datasets.py
[2025-07-03T17:59:18.807+0000] {logging_mixin.py:188} INFO - [2025-07-03T17:59:18.807+0000] {dag.py:3036} INFO - Sync 6 DAGs
[2025-07-03T17:59:18.865+0000] {logging_mixin.py:188} INFO - [2025-07-03T17:59:18.864+0000] {dag.py:3823} INFO - Setting next_dagrun for dataset_consumes_1 to None, run_after=None
[2025-07-03T17:59:18.872+0000] {logging_mixin.py:188} INFO - [2025-07-03T17:59:18.872+0000] {dag.py:3823} INFO - Setting next_dagrun for dataset_consumes_1_and_2 to None, run_after=None
[2025-07-03T17:59:18.875+0000] {logging_mixin.py:188} INFO - [2025-07-03T17:59:18.875+0000] {dag.py:3823} INFO - Setting next_dagrun for dataset_consumes_1_never_scheduled to None, run_after=None
[2025-07-03T17:59:18.878+0000] {logging_mixin.py:188} INFO - [2025-07-03T17:59:18.877+0000] {dag.py:3823} INFO - Setting next_dagrun for dataset_consumes_unknown_never_scheduled to None, run_after=None
[2025-07-03T17:59:18.885+0000] {logging_mixin.py:188} INFO - [2025-07-03T17:59:18.884+0000] {dag.py:3823} INFO - Setting next_dagrun for dataset_produces_1 to 2025-07-03 00:00:00+00:00, run_after=2025-07-04 00:00:00+00:00
[2025-07-03T17:59:18.887+0000] {logging_mixin.py:188} INFO - [2025-07-03T17:59:18.887+0000] {dag.py:3823} INFO - Setting next_dagrun for dataset_produces_2 to None, run_after=None
[2025-07-03T17:59:19.110+0000] {processor.py:183} INFO - Processing /home/airflow/.local/lib/python3.8/site-packages/airflow/example_dags/example_datasets.py took 0.403 seconds
[2025-07-03T17:59:49.156+0000] {processor.py:161} INFO - Started process (PID=3264) to work on /home/airflow/.local/lib/python3.8/site-packages/airflow/example_dags/example_datasets.py
[2025-07-03T17:59:49.158+0000] {processor.py:830} INFO - Processing file /home/airflow/.local/lib/python3.8/site-packages/airflow/example_dags/example_datasets.py for tasks to queue
[2025-07-03T17:59:49.160+0000] {logging_mixin.py:188} INFO - [2025-07-03T17:59:49.160+0000] {dagbag.py:538} INFO - Filling up the DagBag from /home/airflow/.local/lib/python3.8/site-packages/airflow/example_dags/example_datasets.py
[2025-07-03T17:59:49.176+0000] {processor.py:840} INFO - DAG(s) 'dataset_consumes_1_never_scheduled', 'dataset_consumes_1', 'dataset_produces_1', 'dataset_consumes_unknown_never_scheduled', 'dataset_consumes_1_and_2', 'dataset_produces_2' retrieved from /home/airflow/.local/lib/python3.8/site-packages/airflow/example_dags/example_datasets.py
[2025-07-03T17:59:49.238+0000] {logging_mixin.py:188} INFO - [2025-07-03T17:59:49.238+0000] {dag.py:3036} INFO - Sync 6 DAGs
[2025-07-03T17:59:49.280+0000] {logging_mixin.py:188} INFO - [2025-07-03T17:59:49.279+0000] {dag.py:3823} INFO - Setting next_dagrun for dataset_consumes_1 to None, run_after=None
[2025-07-03T17:59:49.286+0000] {logging_mixin.py:188} INFO - [2025-07-03T17:59:49.286+0000] {dag.py:3823} INFO - Setting next_dagrun for dataset_consumes_1_and_2 to None, run_after=None
[2025-07-03T17:59:49.290+0000] {logging_mixin.py:188} INFO - [2025-07-03T17:59:49.289+0000] {dag.py:3823} INFO - Setting next_dagrun for dataset_consumes_1_never_scheduled to None, run_after=None
[2025-07-03T17:59:49.292+0000] {logging_mixin.py:188} INFO - [2025-07-03T17:59:49.292+0000] {dag.py:3823} INFO - Setting next_dagrun for dataset_consumes_unknown_never_scheduled to None, run_after=None
[2025-07-03T17:59:49.304+0000] {logging_mixin.py:188} INFO - [2025-07-03T17:59:49.303+0000] {dag.py:3823} INFO - Setting next_dagrun for dataset_produces_1 to 2025-07-03 00:00:00+00:00, run_after=2025-07-04 00:00:00+00:00
[2025-07-03T17:59:49.307+0000] {logging_mixin.py:188} INFO - [2025-07-03T17:59:49.307+0000] {dag.py:3823} INFO - Setting next_dagrun for dataset_produces_2 to None, run_after=None
[2025-07-03T17:59:49.372+0000] {processor.py:183} INFO - Processing /home/airflow/.local/lib/python3.8/site-packages/airflow/example_dags/example_datasets.py took 0.220 seconds
[2025-07-03T18:00:19.542+0000] {processor.py:161} INFO - Started process (PID=3326) to work on /home/airflow/.local/lib/python3.8/site-packages/airflow/example_dags/example_datasets.py
[2025-07-03T18:00:19.544+0000] {processor.py:830} INFO - Processing file /home/airflow/.local/lib/python3.8/site-packages/airflow/example_dags/example_datasets.py for tasks to queue
[2025-07-03T18:00:19.550+0000] {logging_mixin.py:188} INFO - [2025-07-03T18:00:19.549+0000] {dagbag.py:538} INFO - Filling up the DagBag from /home/airflow/.local/lib/python3.8/site-packages/airflow/example_dags/example_datasets.py
[2025-07-03T18:00:19.582+0000] {processor.py:840} INFO - DAG(s) 'dataset_consumes_1', 'dataset_consumes_1_never_scheduled', 'dataset_produces_1', 'dataset_produces_2', 'dataset_consumes_unknown_never_scheduled', 'dataset_consumes_1_and_2' retrieved from /home/airflow/.local/lib/python3.8/site-packages/airflow/example_dags/example_datasets.py
[2025-07-03T18:00:19.698+0000] {logging_mixin.py:188} INFO - [2025-07-03T18:00:19.697+0000] {dag.py:3036} INFO - Sync 6 DAGs
[2025-07-03T18:00:19.762+0000] {logging_mixin.py:188} INFO - [2025-07-03T18:00:19.761+0000] {dag.py:3823} INFO - Setting next_dagrun for dataset_consumes_1 to None, run_after=None
[2025-07-03T18:00:19.778+0000] {logging_mixin.py:188} INFO - [2025-07-03T18:00:19.778+0000] {dag.py:3823} INFO - Setting next_dagrun for dataset_consumes_1_and_2 to None, run_after=None
[2025-07-03T18:00:19.781+0000] {logging_mixin.py:188} INFO - [2025-07-03T18:00:19.780+0000] {dag.py:3823} INFO - Setting next_dagrun for dataset_consumes_1_never_scheduled to None, run_after=None
[2025-07-03T18:00:19.783+0000] {logging_mixin.py:188} INFO - [2025-07-03T18:00:19.783+0000] {dag.py:3823} INFO - Setting next_dagrun for dataset_consumes_unknown_never_scheduled to None, run_after=None
[2025-07-03T18:00:19.794+0000] {logging_mixin.py:188} INFO - [2025-07-03T18:00:19.794+0000] {dag.py:3823} INFO - Setting next_dagrun for dataset_produces_1 to 2025-07-03 00:00:00+00:00, run_after=2025-07-04 00:00:00+00:00
[2025-07-03T18:00:19.799+0000] {logging_mixin.py:188} INFO - [2025-07-03T18:00:19.799+0000] {dag.py:3823} INFO - Setting next_dagrun for dataset_produces_2 to None, run_after=None
[2025-07-03T18:00:19.910+0000] {processor.py:183} INFO - Processing /home/airflow/.local/lib/python3.8/site-packages/airflow/example_dags/example_datasets.py took 0.385 seconds
[2025-07-03T18:00:50.756+0000] {processor.py:161} INFO - Started process (PID=3384) to work on /home/airflow/.local/lib/python3.8/site-packages/airflow/example_dags/example_datasets.py
[2025-07-03T18:00:50.757+0000] {processor.py:830} INFO - Processing file /home/airflow/.local/lib/python3.8/site-packages/airflow/example_dags/example_datasets.py for tasks to queue
[2025-07-03T18:00:50.760+0000] {logging_mixin.py:188} INFO - [2025-07-03T18:00:50.759+0000] {dagbag.py:538} INFO - Filling up the DagBag from /home/airflow/.local/lib/python3.8/site-packages/airflow/example_dags/example_datasets.py
[2025-07-03T18:00:50.775+0000] {processor.py:840} INFO - DAG(s) 'dataset_consumes_unknown_never_scheduled', 'dataset_consumes_1_never_scheduled', 'dataset_produces_1', 'dataset_consumes_1', 'dataset_consumes_1_and_2', 'dataset_produces_2' retrieved from /home/airflow/.local/lib/python3.8/site-packages/airflow/example_dags/example_datasets.py
[2025-07-03T18:00:50.838+0000] {logging_mixin.py:188} INFO - [2025-07-03T18:00:50.837+0000] {dag.py:3036} INFO - Sync 6 DAGs
[2025-07-03T18:00:50.876+0000] {logging_mixin.py:188} INFO - [2025-07-03T18:00:50.876+0000] {dag.py:3823} INFO - Setting next_dagrun for dataset_consumes_1 to None, run_after=None
[2025-07-03T18:00:50.883+0000] {logging_mixin.py:188} INFO - [2025-07-03T18:00:50.882+0000] {dag.py:3823} INFO - Setting next_dagrun for dataset_consumes_1_and_2 to None, run_after=None
[2025-07-03T18:00:50.885+0000] {logging_mixin.py:188} INFO - [2025-07-03T18:00:50.885+0000] {dag.py:3823} INFO - Setting next_dagrun for dataset_consumes_1_never_scheduled to None, run_after=None
[2025-07-03T18:00:50.887+0000] {logging_mixin.py:188} INFO - [2025-07-03T18:00:50.887+0000] {dag.py:3823} INFO - Setting next_dagrun for dataset_consumes_unknown_never_scheduled to None, run_after=None
[2025-07-03T18:00:50.894+0000] {logging_mixin.py:188} INFO - [2025-07-03T18:00:50.894+0000] {dag.py:3823} INFO - Setting next_dagrun for dataset_produces_1 to 2025-07-03 00:00:00+00:00, run_after=2025-07-04 00:00:00+00:00
[2025-07-03T18:00:50.897+0000] {logging_mixin.py:188} INFO - [2025-07-03T18:00:50.896+0000] {dag.py:3823} INFO - Setting next_dagrun for dataset_produces_2 to None, run_after=None
[2025-07-03T18:00:50.949+0000] {processor.py:183} INFO - Processing /home/airflow/.local/lib/python3.8/site-packages/airflow/example_dags/example_datasets.py took 0.197 seconds
[2025-07-03T18:01:21.069+0000] {processor.py:161} INFO - Started process (PID=3449) to work on /home/airflow/.local/lib/python3.8/site-packages/airflow/example_dags/example_datasets.py
[2025-07-03T18:01:21.077+0000] {processor.py:830} INFO - Processing file /home/airflow/.local/lib/python3.8/site-packages/airflow/example_dags/example_datasets.py for tasks to queue
[2025-07-03T18:01:21.079+0000] {logging_mixin.py:188} INFO - [2025-07-03T18:01:21.079+0000] {dagbag.py:538} INFO - Filling up the DagBag from /home/airflow/.local/lib/python3.8/site-packages/airflow/example_dags/example_datasets.py
[2025-07-03T18:01:21.115+0000] {processor.py:840} INFO - DAG(s) 'dataset_consumes_1', 'dataset_consumes_1_and_2', 'dataset_consumes_unknown_never_scheduled', 'dataset_produces_1', 'dataset_consumes_1_never_scheduled', 'dataset_produces_2' retrieved from /home/airflow/.local/lib/python3.8/site-packages/airflow/example_dags/example_datasets.py
[2025-07-03T18:01:21.432+0000] {logging_mixin.py:188} INFO - [2025-07-03T18:01:21.431+0000] {dag.py:3036} INFO - Sync 6 DAGs
[2025-07-03T18:01:22.143+0000] {logging_mixin.py:188} INFO - [2025-07-03T18:01:22.143+0000] {dag.py:3823} INFO - Setting next_dagrun for dataset_consumes_1 to None, run_after=None
[2025-07-03T18:01:22.158+0000] {logging_mixin.py:188} INFO - [2025-07-03T18:01:22.158+0000] {dag.py:3823} INFO - Setting next_dagrun for dataset_consumes_1_and_2 to None, run_after=None
[2025-07-03T18:01:22.161+0000] {logging_mixin.py:188} INFO - [2025-07-03T18:01:22.160+0000] {dag.py:3823} INFO - Setting next_dagrun for dataset_consumes_1_never_scheduled to None, run_after=None
[2025-07-03T18:01:22.174+0000] {logging_mixin.py:188} INFO - [2025-07-03T18:01:22.173+0000] {dag.py:3823} INFO - Setting next_dagrun for dataset_consumes_unknown_never_scheduled to None, run_after=None
[2025-07-03T18:01:22.181+0000] {logging_mixin.py:188} INFO - [2025-07-03T18:01:22.181+0000] {dag.py:3823} INFO - Setting next_dagrun for dataset_produces_1 to 2025-07-03 00:00:00+00:00, run_after=2025-07-04 00:00:00+00:00
[2025-07-03T18:01:22.190+0000] {logging_mixin.py:188} INFO - [2025-07-03T18:01:22.189+0000] {dag.py:3823} INFO - Setting next_dagrun for dataset_produces_2 to None, run_after=None
[2025-07-03T18:01:22.284+0000] {processor.py:183} INFO - Processing /home/airflow/.local/lib/python3.8/site-packages/airflow/example_dags/example_datasets.py took 1.238 seconds
[2025-07-03T18:01:52.557+0000] {processor.py:161} INFO - Started process (PID=3513) to work on /home/airflow/.local/lib/python3.8/site-packages/airflow/example_dags/example_datasets.py
[2025-07-03T18:01:52.558+0000] {processor.py:830} INFO - Processing file /home/airflow/.local/lib/python3.8/site-packages/airflow/example_dags/example_datasets.py for tasks to queue
[2025-07-03T18:01:52.561+0000] {logging_mixin.py:188} INFO - [2025-07-03T18:01:52.560+0000] {dagbag.py:538} INFO - Filling up the DagBag from /home/airflow/.local/lib/python3.8/site-packages/airflow/example_dags/example_datasets.py
[2025-07-03T18:01:52.577+0000] {processor.py:840} INFO - DAG(s) 'dataset_consumes_1', 'dataset_consumes_unknown_never_scheduled', 'dataset_produces_2', 'dataset_produces_1', 'dataset_consumes_1_never_scheduled', 'dataset_consumes_1_and_2' retrieved from /home/airflow/.local/lib/python3.8/site-packages/airflow/example_dags/example_datasets.py
[2025-07-03T18:01:52.640+0000] {logging_mixin.py:188} INFO - [2025-07-03T18:01:52.640+0000] {dag.py:3036} INFO - Sync 6 DAGs
[2025-07-03T18:01:52.687+0000] {logging_mixin.py:188} INFO - [2025-07-03T18:01:52.686+0000] {dag.py:3823} INFO - Setting next_dagrun for dataset_consumes_1 to None, run_after=None
[2025-07-03T18:01:52.694+0000] {logging_mixin.py:188} INFO - [2025-07-03T18:01:52.693+0000] {dag.py:3823} INFO - Setting next_dagrun for dataset_consumes_1_and_2 to None, run_after=None
[2025-07-03T18:01:52.698+0000] {logging_mixin.py:188} INFO - [2025-07-03T18:01:52.697+0000] {dag.py:3823} INFO - Setting next_dagrun for dataset_consumes_1_never_scheduled to None, run_after=None
[2025-07-03T18:01:52.700+0000] {logging_mixin.py:188} INFO - [2025-07-03T18:01:52.700+0000] {dag.py:3823} INFO - Setting next_dagrun for dataset_consumes_unknown_never_scheduled to None, run_after=None
[2025-07-03T18:01:52.707+0000] {logging_mixin.py:188} INFO - [2025-07-03T18:01:52.707+0000] {dag.py:3823} INFO - Setting next_dagrun for dataset_produces_1 to 2025-07-03 00:00:00+00:00, run_after=2025-07-04 00:00:00+00:00
[2025-07-03T18:01:52.710+0000] {logging_mixin.py:188} INFO - [2025-07-03T18:01:52.710+0000] {dag.py:3823} INFO - Setting next_dagrun for dataset_produces_2 to None, run_after=None
[2025-07-03T18:01:52.977+0000] {processor.py:183} INFO - Processing /home/airflow/.local/lib/python3.8/site-packages/airflow/example_dags/example_datasets.py took 0.426 seconds
[2025-07-03T18:02:23.026+0000] {processor.py:161} INFO - Started process (PID=3570) to work on /home/airflow/.local/lib/python3.8/site-packages/airflow/example_dags/example_datasets.py
[2025-07-03T18:02:23.027+0000] {processor.py:830} INFO - Processing file /home/airflow/.local/lib/python3.8/site-packages/airflow/example_dags/example_datasets.py for tasks to queue
[2025-07-03T18:02:23.029+0000] {logging_mixin.py:188} INFO - [2025-07-03T18:02:23.028+0000] {dagbag.py:538} INFO - Filling up the DagBag from /home/airflow/.local/lib/python3.8/site-packages/airflow/example_dags/example_datasets.py
[2025-07-03T18:02:23.041+0000] {processor.py:840} INFO - DAG(s) 'dataset_consumes_1', 'dataset_consumes_unknown_never_scheduled', 'dataset_produces_1', 'dataset_consumes_1_never_scheduled', 'dataset_consumes_1_and_2', 'dataset_produces_2' retrieved from /home/airflow/.local/lib/python3.8/site-packages/airflow/example_dags/example_datasets.py
[2025-07-03T18:02:23.089+0000] {logging_mixin.py:188} INFO - [2025-07-03T18:02:23.088+0000] {dag.py:3036} INFO - Sync 6 DAGs
[2025-07-03T18:02:23.121+0000] {logging_mixin.py:188} INFO - [2025-07-03T18:02:23.120+0000] {dag.py:3823} INFO - Setting next_dagrun for dataset_consumes_1 to None, run_after=None
[2025-07-03T18:02:23.126+0000] {logging_mixin.py:188} INFO - [2025-07-03T18:02:23.125+0000] {dag.py:3823} INFO - Setting next_dagrun for dataset_consumes_1_and_2 to None, run_after=None
[2025-07-03T18:02:23.128+0000] {logging_mixin.py:188} INFO - [2025-07-03T18:02:23.128+0000] {dag.py:3823} INFO - Setting next_dagrun for dataset_consumes_1_never_scheduled to None, run_after=None
[2025-07-03T18:02:23.130+0000] {logging_mixin.py:188} INFO - [2025-07-03T18:02:23.130+0000] {dag.py:3823} INFO - Setting next_dagrun for dataset_consumes_unknown_never_scheduled to None, run_after=None
[2025-07-03T18:02:23.135+0000] {logging_mixin.py:188} INFO - [2025-07-03T18:02:23.135+0000] {dag.py:3823} INFO - Setting next_dagrun for dataset_produces_1 to 2025-07-03 00:00:00+00:00, run_after=2025-07-04 00:00:00+00:00
[2025-07-03T18:02:23.137+0000] {logging_mixin.py:188} INFO - [2025-07-03T18:02:23.137+0000] {dag.py:3823} INFO - Setting next_dagrun for dataset_produces_2 to None, run_after=None
[2025-07-03T18:02:23.180+0000] {processor.py:183} INFO - Processing /home/airflow/.local/lib/python3.8/site-packages/airflow/example_dags/example_datasets.py took 0.158 seconds
[2025-07-03T18:02:54.261+0000] {processor.py:161} INFO - Started process (PID=3635) to work on /home/airflow/.local/lib/python3.8/site-packages/airflow/example_dags/example_datasets.py
[2025-07-03T18:02:54.263+0000] {processor.py:830} INFO - Processing file /home/airflow/.local/lib/python3.8/site-packages/airflow/example_dags/example_datasets.py for tasks to queue
[2025-07-03T18:02:54.266+0000] {logging_mixin.py:188} INFO - [2025-07-03T18:02:54.266+0000] {dagbag.py:538} INFO - Filling up the DagBag from /home/airflow/.local/lib/python3.8/site-packages/airflow/example_dags/example_datasets.py
[2025-07-03T18:02:54.367+0000] {processor.py:840} INFO - DAG(s) 'dataset_consumes_1', 'dataset_consumes_1_and_2', 'dataset_produces_2', 'dataset_consumes_1_never_scheduled', 'dataset_consumes_unknown_never_scheduled', 'dataset_produces_1' retrieved from /home/airflow/.local/lib/python3.8/site-packages/airflow/example_dags/example_datasets.py
[2025-07-03T18:02:55.330+0000] {logging_mixin.py:188} INFO - [2025-07-03T18:02:55.330+0000] {dag.py:3036} INFO - Sync 6 DAGs
[2025-07-03T18:02:55.399+0000] {logging_mixin.py:188} INFO - [2025-07-03T18:02:55.399+0000] {dag.py:3823} INFO - Setting next_dagrun for dataset_consumes_1 to None, run_after=None
[2025-07-03T18:02:55.418+0000] {logging_mixin.py:188} INFO - [2025-07-03T18:02:55.417+0000] {dag.py:3823} INFO - Setting next_dagrun for dataset_consumes_1_and_2 to None, run_after=None
[2025-07-03T18:02:55.420+0000] {logging_mixin.py:188} INFO - [2025-07-03T18:02:55.420+0000] {dag.py:3823} INFO - Setting next_dagrun for dataset_consumes_1_never_scheduled to None, run_after=None
[2025-07-03T18:02:55.431+0000] {logging_mixin.py:188} INFO - [2025-07-03T18:02:55.430+0000] {dag.py:3823} INFO - Setting next_dagrun for dataset_consumes_unknown_never_scheduled to None, run_after=None
[2025-07-03T18:02:55.449+0000] {logging_mixin.py:188} INFO - [2025-07-03T18:02:55.440+0000] {dag.py:3823} INFO - Setting next_dagrun for dataset_produces_1 to 2025-07-03 00:00:00+00:00, run_after=2025-07-04 00:00:00+00:00
[2025-07-03T18:02:55.467+0000] {logging_mixin.py:188} INFO - [2025-07-03T18:02:55.461+0000] {dag.py:3823} INFO - Setting next_dagrun for dataset_produces_2 to None, run_after=None
[2025-07-03T18:02:55.702+0000] {processor.py:183} INFO - Processing /home/airflow/.local/lib/python3.8/site-packages/airflow/example_dags/example_datasets.py took 1.474 seconds
[2025-07-03T18:03:40.169+0000] {processor.py:161} INFO - Started process (PID=3700) to work on /home/airflow/.local/lib/python3.8/site-packages/airflow/example_dags/example_datasets.py
[2025-07-03T18:03:40.185+0000] {processor.py:830} INFO - Processing file /home/airflow/.local/lib/python3.8/site-packages/airflow/example_dags/example_datasets.py for tasks to queue
[2025-07-03T18:03:40.221+0000] {logging_mixin.py:188} INFO - [2025-07-03T18:03:40.217+0000] {dagbag.py:538} INFO - Filling up the DagBag from /home/airflow/.local/lib/python3.8/site-packages/airflow/example_dags/example_datasets.py
[2025-07-03T18:03:40.454+0000] {processor.py:840} INFO - DAG(s) 'dataset_consumes_1_never_scheduled', 'dataset_produces_2', 'dataset_produces_1', 'dataset_consumes_unknown_never_scheduled', 'dataset_consumes_1_and_2', 'dataset_consumes_1' retrieved from /home/airflow/.local/lib/python3.8/site-packages/airflow/example_dags/example_datasets.py
[2025-07-03T18:03:41.337+0000] {logging_mixin.py:188} INFO - [2025-07-03T18:03:41.337+0000] {dag.py:3036} INFO - Sync 6 DAGs
[2025-07-03T18:03:44.550+0000] {logging_mixin.py:188} INFO - [2025-07-03T18:03:44.548+0000] {dag.py:3823} INFO - Setting next_dagrun for dataset_consumes_1 to None, run_after=None
[2025-07-03T18:03:44.584+0000] {logging_mixin.py:188} INFO - [2025-07-03T18:03:44.583+0000] {dag.py:3823} INFO - Setting next_dagrun for dataset_consumes_1_and_2 to None, run_after=None
[2025-07-03T18:03:44.594+0000] {logging_mixin.py:188} INFO - [2025-07-03T18:03:44.593+0000] {dag.py:3823} INFO - Setting next_dagrun for dataset_consumes_1_never_scheduled to None, run_after=None
[2025-07-03T18:03:44.608+0000] {logging_mixin.py:188} INFO - [2025-07-03T18:03:44.606+0000] {dag.py:3823} INFO - Setting next_dagrun for dataset_consumes_unknown_never_scheduled to None, run_after=None
[2025-07-03T18:03:44.652+0000] {logging_mixin.py:188} INFO - [2025-07-03T18:03:44.652+0000] {dag.py:3823} INFO - Setting next_dagrun for dataset_produces_1 to 2025-07-03 00:00:00+00:00, run_after=2025-07-04 00:00:00+00:00
[2025-07-03T18:03:44.697+0000] {logging_mixin.py:188} INFO - [2025-07-03T18:03:44.697+0000] {dag.py:3823} INFO - Setting next_dagrun for dataset_produces_2 to None, run_after=None
[2025-07-03T18:03:45.459+0000] {processor.py:183} INFO - Processing /home/airflow/.local/lib/python3.8/site-packages/airflow/example_dags/example_datasets.py took 5.341 seconds
[2025-07-03T18:05:27.595+0000] {processor.py:161} INFO - Started process (PID=3790) to work on /home/airflow/.local/lib/python3.8/site-packages/airflow/example_dags/example_datasets.py
[2025-07-03T18:05:27.759+0000] {processor.py:830} INFO - Processing file /home/airflow/.local/lib/python3.8/site-packages/airflow/example_dags/example_datasets.py for tasks to queue
[2025-07-03T18:05:27.762+0000] {logging_mixin.py:188} INFO - [2025-07-03T18:05:27.762+0000] {dagbag.py:538} INFO - Filling up the DagBag from /home/airflow/.local/lib/python3.8/site-packages/airflow/example_dags/example_datasets.py
[2025-07-03T18:05:28.323+0000] {processor.py:840} INFO - DAG(s) 'dataset_consumes_1_never_scheduled', 'dataset_consumes_1', 'dataset_produces_2', 'dataset_consumes_1_and_2', 'dataset_consumes_unknown_never_scheduled', 'dataset_produces_1' retrieved from /home/airflow/.local/lib/python3.8/site-packages/airflow/example_dags/example_datasets.py
[2025-07-03T18:05:30.003+0000] {logging_mixin.py:188} INFO - [2025-07-03T18:05:30.002+0000] {dag.py:3036} INFO - Sync 6 DAGs
[2025-07-03T18:05:31.102+0000] {logging_mixin.py:188} INFO - [2025-07-03T18:05:31.101+0000] {dag.py:3823} INFO - Setting next_dagrun for dataset_consumes_1 to None, run_after=None
[2025-07-03T18:05:31.246+0000] {logging_mixin.py:188} INFO - [2025-07-03T18:05:31.246+0000] {dag.py:3823} INFO - Setting next_dagrun for dataset_consumes_1_and_2 to None, run_after=None
[2025-07-03T18:05:31.322+0000] {logging_mixin.py:188} INFO - [2025-07-03T18:05:31.321+0000] {dag.py:3823} INFO - Setting next_dagrun for dataset_consumes_1_never_scheduled to None, run_after=None
[2025-07-03T18:05:31.390+0000] {logging_mixin.py:188} INFO - [2025-07-03T18:05:31.390+0000] {dag.py:3823} INFO - Setting next_dagrun for dataset_consumes_unknown_never_scheduled to None, run_after=None
[2025-07-03T18:05:31.723+0000] {logging_mixin.py:188} INFO - [2025-07-03T18:05:31.722+0000] {dag.py:3823} INFO - Setting next_dagrun for dataset_produces_1 to 2025-07-03 00:00:00+00:00, run_after=2025-07-04 00:00:00+00:00
[2025-07-03T18:05:31.926+0000] {logging_mixin.py:188} INFO - [2025-07-03T18:05:31.925+0000] {dag.py:3823} INFO - Setting next_dagrun for dataset_produces_2 to None, run_after=None
[2025-07-03T18:05:33.626+0000] {processor.py:183} INFO - Processing /home/airflow/.local/lib/python3.8/site-packages/airflow/example_dags/example_datasets.py took 6.159 seconds
[2025-07-03T18:08:42.264+0000] {processor.py:161} INFO - Started process (PID=3929) to work on /home/airflow/.local/lib/python3.8/site-packages/airflow/example_dags/example_datasets.py
[2025-07-03T18:08:42.430+0000] {processor.py:830} INFO - Processing file /home/airflow/.local/lib/python3.8/site-packages/airflow/example_dags/example_datasets.py for tasks to queue
[2025-07-03T18:08:42.698+0000] {logging_mixin.py:188} INFO - [2025-07-03T18:08:42.615+0000] {dagbag.py:538} INFO - Filling up the DagBag from /home/airflow/.local/lib/python3.8/site-packages/airflow/example_dags/example_datasets.py
[2025-07-03T18:08:43.886+0000] {processor.py:840} INFO - DAG(s) 'dataset_produces_1', 'dataset_produces_2', 'dataset_consumes_1', 'dataset_consumes_unknown_never_scheduled', 'dataset_consumes_1_and_2', 'dataset_consumes_1_never_scheduled' retrieved from /home/airflow/.local/lib/python3.8/site-packages/airflow/example_dags/example_datasets.py
[2025-07-03T18:08:48.765+0000] {logging_mixin.py:188} INFO - [2025-07-03T18:08:48.688+0000] {dag.py:3036} INFO - Sync 6 DAGs
[2025-07-03T18:15:13.896+0000] {logging_mixin.py:188} INFO - [2025-07-03T18:15:13.896+0000] {dag.py:3823} INFO - Setting next_dagrun for dataset_consumes_1 to None, run_after=None
[2025-07-03T18:15:15.348+0000] {logging_mixin.py:188} INFO - [2025-07-03T18:15:15.347+0000] {dag.py:3823} INFO - Setting next_dagrun for dataset_consumes_1_and_2 to None, run_after=None
[2025-07-03T18:15:15.560+0000] {logging_mixin.py:188} INFO - [2025-07-03T18:15:15.559+0000] {dag.py:3823} INFO - Setting next_dagrun for dataset_consumes_1_never_scheduled to None, run_after=None
[2025-07-03T18:15:16.237+0000] {logging_mixin.py:188} INFO - [2025-07-03T18:15:16.036+0000] {dag.py:3823} INFO - Setting next_dagrun for dataset_consumes_unknown_never_scheduled to None, run_after=None
[2025-07-03T18:15:17.044+0000] {logging_mixin.py:188} INFO - [2025-07-03T18:15:17.044+0000] {dag.py:3823} INFO - Setting next_dagrun for dataset_produces_1 to 2025-07-03 00:00:00+00:00, run_after=2025-07-04 00:00:00+00:00
[2025-07-03T18:15:18.208+0000] {logging_mixin.py:188} INFO - [2025-07-03T18:15:18.207+0000] {dag.py:3823} INFO - Setting next_dagrun for dataset_produces_2 to None, run_after=None
[2025-07-03T18:21:12.384+0000] {processor.py:161} INFO - Started process (PID=109) to work on /home/airflow/.local/lib/python3.8/site-packages/airflow/example_dags/example_datasets.py
[2025-07-03T18:21:12.386+0000] {processor.py:830} INFO - Processing file /home/airflow/.local/lib/python3.8/site-packages/airflow/example_dags/example_datasets.py for tasks to queue
[2025-07-03T18:21:12.389+0000] {logging_mixin.py:188} INFO - [2025-07-03T18:21:12.388+0000] {dagbag.py:538} INFO - Filling up the DagBag from /home/airflow/.local/lib/python3.8/site-packages/airflow/example_dags/example_datasets.py
[2025-07-03T18:21:12.407+0000] {processor.py:840} INFO - DAG(s) 'dataset_produces_2', 'dataset_consumes_1_never_scheduled', 'dataset_consumes_unknown_never_scheduled', 'dataset_consumes_1', 'dataset_produces_1', 'dataset_consumes_1_and_2' retrieved from /home/airflow/.local/lib/python3.8/site-packages/airflow/example_dags/example_datasets.py
[2025-07-03T18:21:12.474+0000] {logging_mixin.py:188} INFO - [2025-07-03T18:21:12.473+0000] {dag.py:3036} INFO - Sync 6 DAGs
[2025-07-03T18:21:12.517+0000] {logging_mixin.py:188} INFO - [2025-07-03T18:21:12.517+0000] {dag.py:3823} INFO - Setting next_dagrun for dataset_consumes_1 to None, run_after=None
[2025-07-03T18:21:12.524+0000] {logging_mixin.py:188} INFO - [2025-07-03T18:21:12.524+0000] {dag.py:3823} INFO - Setting next_dagrun for dataset_consumes_1_and_2 to None, run_after=None
[2025-07-03T18:21:12.527+0000] {logging_mixin.py:188} INFO - [2025-07-03T18:21:12.527+0000] {dag.py:3823} INFO - Setting next_dagrun for dataset_consumes_1_never_scheduled to None, run_after=None
[2025-07-03T18:21:12.530+0000] {logging_mixin.py:188} INFO - [2025-07-03T18:21:12.530+0000] {dag.py:3823} INFO - Setting next_dagrun for dataset_consumes_unknown_never_scheduled to None, run_after=None
[2025-07-03T18:21:12.539+0000] {logging_mixin.py:188} INFO - [2025-07-03T18:21:12.538+0000] {dag.py:3823} INFO - Setting next_dagrun for dataset_produces_1 to 2025-07-03 00:00:00+00:00, run_after=2025-07-04 00:00:00+00:00
[2025-07-03T18:21:12.542+0000] {logging_mixin.py:188} INFO - [2025-07-03T18:21:12.541+0000] {dag.py:3823} INFO - Setting next_dagrun for dataset_produces_2 to None, run_after=None
[2025-07-03T18:21:12.596+0000] {processor.py:183} INFO - Processing /home/airflow/.local/lib/python3.8/site-packages/airflow/example_dags/example_datasets.py took 0.217 seconds
[2025-07-03T18:21:43.458+0000] {processor.py:161} INFO - Started process (PID=174) to work on /home/airflow/.local/lib/python3.8/site-packages/airflow/example_dags/example_datasets.py
[2025-07-03T18:21:43.459+0000] {processor.py:830} INFO - Processing file /home/airflow/.local/lib/python3.8/site-packages/airflow/example_dags/example_datasets.py for tasks to queue
[2025-07-03T18:21:43.462+0000] {logging_mixin.py:188} INFO - [2025-07-03T18:21:43.461+0000] {dagbag.py:538} INFO - Filling up the DagBag from /home/airflow/.local/lib/python3.8/site-packages/airflow/example_dags/example_datasets.py
[2025-07-03T18:21:43.478+0000] {processor.py:840} INFO - DAG(s) 'dataset_produces_1', 'dataset_consumes_unknown_never_scheduled', 'dataset_consumes_1_never_scheduled', 'dataset_consumes_1_and_2', 'dataset_consumes_1', 'dataset_produces_2' retrieved from /home/airflow/.local/lib/python3.8/site-packages/airflow/example_dags/example_datasets.py
[2025-07-03T18:21:43.543+0000] {logging_mixin.py:188} INFO - [2025-07-03T18:21:43.543+0000] {dag.py:3036} INFO - Sync 6 DAGs
[2025-07-03T18:21:43.590+0000] {logging_mixin.py:188} INFO - [2025-07-03T18:21:43.590+0000] {dag.py:3823} INFO - Setting next_dagrun for dataset_consumes_1 to None, run_after=None
[2025-07-03T18:21:43.597+0000] {logging_mixin.py:188} INFO - [2025-07-03T18:21:43.597+0000] {dag.py:3823} INFO - Setting next_dagrun for dataset_consumes_1_and_2 to None, run_after=None
[2025-07-03T18:21:43.600+0000] {logging_mixin.py:188} INFO - [2025-07-03T18:21:43.600+0000] {dag.py:3823} INFO - Setting next_dagrun for dataset_consumes_1_never_scheduled to None, run_after=None
[2025-07-03T18:21:43.602+0000] {logging_mixin.py:188} INFO - [2025-07-03T18:21:43.602+0000] {dag.py:3823} INFO - Setting next_dagrun for dataset_consumes_unknown_never_scheduled to None, run_after=None
[2025-07-03T18:21:43.610+0000] {logging_mixin.py:188} INFO - [2025-07-03T18:21:43.610+0000] {dag.py:3823} INFO - Setting next_dagrun for dataset_produces_1 to 2025-07-03 00:00:00+00:00, run_after=2025-07-04 00:00:00+00:00
[2025-07-03T18:21:43.613+0000] {logging_mixin.py:188} INFO - [2025-07-03T18:21:43.613+0000] {dag.py:3823} INFO - Setting next_dagrun for dataset_produces_2 to None, run_after=None
[2025-07-03T18:21:43.669+0000] {processor.py:183} INFO - Processing /home/airflow/.local/lib/python3.8/site-packages/airflow/example_dags/example_datasets.py took 0.216 seconds
[2025-07-03T18:22:13.784+0000] {processor.py:161} INFO - Started process (PID=239) to work on /home/airflow/.local/lib/python3.8/site-packages/airflow/example_dags/example_datasets.py
[2025-07-03T18:22:13.786+0000] {processor.py:830} INFO - Processing file /home/airflow/.local/lib/python3.8/site-packages/airflow/example_dags/example_datasets.py for tasks to queue
[2025-07-03T18:22:13.790+0000] {logging_mixin.py:188} INFO - [2025-07-03T18:22:13.789+0000] {dagbag.py:538} INFO - Filling up the DagBag from /home/airflow/.local/lib/python3.8/site-packages/airflow/example_dags/example_datasets.py
[2025-07-03T18:22:13.805+0000] {processor.py:840} INFO - DAG(s) 'dataset_produces_2', 'dataset_consumes_1_and_2', 'dataset_consumes_unknown_never_scheduled', 'dataset_consumes_1', 'dataset_produces_1', 'dataset_consumes_1_never_scheduled' retrieved from /home/airflow/.local/lib/python3.8/site-packages/airflow/example_dags/example_datasets.py
[2025-07-03T18:22:13.870+0000] {logging_mixin.py:188} INFO - [2025-07-03T18:22:13.869+0000] {dag.py:3036} INFO - Sync 6 DAGs
[2025-07-03T18:22:13.914+0000] {logging_mixin.py:188} INFO - [2025-07-03T18:22:13.914+0000] {dag.py:3823} INFO - Setting next_dagrun for dataset_consumes_1 to None, run_after=None
[2025-07-03T18:22:13.921+0000] {logging_mixin.py:188} INFO - [2025-07-03T18:22:13.920+0000] {dag.py:3823} INFO - Setting next_dagrun for dataset_consumes_1_and_2 to None, run_after=None
[2025-07-03T18:22:13.923+0000] {logging_mixin.py:188} INFO - [2025-07-03T18:22:13.923+0000] {dag.py:3823} INFO - Setting next_dagrun for dataset_consumes_1_never_scheduled to None, run_after=None
[2025-07-03T18:22:13.926+0000] {logging_mixin.py:188} INFO - [2025-07-03T18:22:13.925+0000] {dag.py:3823} INFO - Setting next_dagrun for dataset_consumes_unknown_never_scheduled to None, run_after=None
[2025-07-03T18:22:13.933+0000] {logging_mixin.py:188} INFO - [2025-07-03T18:22:13.932+0000] {dag.py:3823} INFO - Setting next_dagrun for dataset_produces_1 to 2025-07-03 00:00:00+00:00, run_after=2025-07-04 00:00:00+00:00
[2025-07-03T18:22:13.935+0000] {logging_mixin.py:188} INFO - [2025-07-03T18:22:13.935+0000] {dag.py:3823} INFO - Setting next_dagrun for dataset_produces_2 to None, run_after=None
[2025-07-03T18:22:13.985+0000] {processor.py:183} INFO - Processing /home/airflow/.local/lib/python3.8/site-packages/airflow/example_dags/example_datasets.py took 0.206 seconds
[2025-07-03T18:22:44.380+0000] {processor.py:161} INFO - Started process (PID=306) to work on /home/airflow/.local/lib/python3.8/site-packages/airflow/example_dags/example_datasets.py
[2025-07-03T18:22:44.382+0000] {processor.py:830} INFO - Processing file /home/airflow/.local/lib/python3.8/site-packages/airflow/example_dags/example_datasets.py for tasks to queue
[2025-07-03T18:22:44.390+0000] {logging_mixin.py:188} INFO - [2025-07-03T18:22:44.386+0000] {dagbag.py:538} INFO - Filling up the DagBag from /home/airflow/.local/lib/python3.8/site-packages/airflow/example_dags/example_datasets.py
[2025-07-03T18:22:44.431+0000] {processor.py:840} INFO - DAG(s) 'dataset_consumes_1', 'dataset_consumes_1_never_scheduled', 'dataset_consumes_unknown_never_scheduled', 'dataset_consumes_1_and_2', 'dataset_produces_1', 'dataset_produces_2' retrieved from /home/airflow/.local/lib/python3.8/site-packages/airflow/example_dags/example_datasets.py
[2025-07-03T18:22:44.579+0000] {logging_mixin.py:188} INFO - [2025-07-03T18:22:44.578+0000] {dag.py:3036} INFO - Sync 6 DAGs
[2025-07-03T18:22:44.654+0000] {logging_mixin.py:188} INFO - [2025-07-03T18:22:44.653+0000] {dag.py:3823} INFO - Setting next_dagrun for dataset_consumes_1 to None, run_after=None
[2025-07-03T18:22:44.670+0000] {logging_mixin.py:188} INFO - [2025-07-03T18:22:44.669+0000] {dag.py:3823} INFO - Setting next_dagrun for dataset_consumes_1_and_2 to None, run_after=None
[2025-07-03T18:22:44.673+0000] {logging_mixin.py:188} INFO - [2025-07-03T18:22:44.672+0000] {dag.py:3823} INFO - Setting next_dagrun for dataset_consumes_1_never_scheduled to None, run_after=None
[2025-07-03T18:22:44.675+0000] {logging_mixin.py:188} INFO - [2025-07-03T18:22:44.675+0000] {dag.py:3823} INFO - Setting next_dagrun for dataset_consumes_unknown_never_scheduled to None, run_after=None
[2025-07-03T18:22:44.686+0000] {logging_mixin.py:188} INFO - [2025-07-03T18:22:44.686+0000] {dag.py:3823} INFO - Setting next_dagrun for dataset_produces_1 to 2025-07-03 00:00:00+00:00, run_after=2025-07-04 00:00:00+00:00
[2025-07-03T18:22:44.698+0000] {logging_mixin.py:188} INFO - [2025-07-03T18:22:44.698+0000] {dag.py:3823} INFO - Setting next_dagrun for dataset_produces_2 to None, run_after=None
[2025-07-03T18:22:44.818+0000] {processor.py:183} INFO - Processing /home/airflow/.local/lib/python3.8/site-packages/airflow/example_dags/example_datasets.py took 0.443 seconds
[2025-07-03T18:23:15.019+0000] {processor.py:161} INFO - Started process (PID=372) to work on /home/airflow/.local/lib/python3.8/site-packages/airflow/example_dags/example_datasets.py
[2025-07-03T18:23:15.021+0000] {processor.py:830} INFO - Processing file /home/airflow/.local/lib/python3.8/site-packages/airflow/example_dags/example_datasets.py for tasks to queue
[2025-07-03T18:23:15.024+0000] {logging_mixin.py:188} INFO - [2025-07-03T18:23:15.024+0000] {dagbag.py:538} INFO - Filling up the DagBag from /home/airflow/.local/lib/python3.8/site-packages/airflow/example_dags/example_datasets.py
[2025-07-03T18:23:15.057+0000] {processor.py:840} INFO - DAG(s) 'dataset_produces_2', 'dataset_produces_1', 'dataset_consumes_1_and_2', 'dataset_consumes_unknown_never_scheduled', 'dataset_consumes_1', 'dataset_consumes_1_never_scheduled' retrieved from /home/airflow/.local/lib/python3.8/site-packages/airflow/example_dags/example_datasets.py
[2025-07-03T18:23:15.142+0000] {logging_mixin.py:188} INFO - [2025-07-03T18:23:15.141+0000] {dag.py:3036} INFO - Sync 6 DAGs
[2025-07-03T18:23:15.193+0000] {logging_mixin.py:188} INFO - [2025-07-03T18:23:15.192+0000] {dag.py:3823} INFO - Setting next_dagrun for dataset_consumes_1 to None, run_after=None
[2025-07-03T18:23:15.200+0000] {logging_mixin.py:188} INFO - [2025-07-03T18:23:15.200+0000] {dag.py:3823} INFO - Setting next_dagrun for dataset_consumes_1_and_2 to None, run_after=None
[2025-07-03T18:23:15.203+0000] {logging_mixin.py:188} INFO - [2025-07-03T18:23:15.203+0000] {dag.py:3823} INFO - Setting next_dagrun for dataset_consumes_1_never_scheduled to None, run_after=None
[2025-07-03T18:23:15.206+0000] {logging_mixin.py:188} INFO - [2025-07-03T18:23:15.206+0000] {dag.py:3823} INFO - Setting next_dagrun for dataset_consumes_unknown_never_scheduled to None, run_after=None
[2025-07-03T18:23:15.215+0000] {logging_mixin.py:188} INFO - [2025-07-03T18:23:15.214+0000] {dag.py:3823} INFO - Setting next_dagrun for dataset_produces_1 to 2025-07-03 00:00:00+00:00, run_after=2025-07-04 00:00:00+00:00
[2025-07-03T18:23:15.218+0000] {logging_mixin.py:188} INFO - [2025-07-03T18:23:15.217+0000] {dag.py:3823} INFO - Setting next_dagrun for dataset_produces_2 to None, run_after=None
[2025-07-03T18:23:15.344+0000] {processor.py:183} INFO - Processing /home/airflow/.local/lib/python3.8/site-packages/airflow/example_dags/example_datasets.py took 0.346 seconds
[2025-07-03T18:23:45.418+0000] {processor.py:161} INFO - Started process (PID=437) to work on /home/airflow/.local/lib/python3.8/site-packages/airflow/example_dags/example_datasets.py
[2025-07-03T18:23:45.429+0000] {processor.py:830} INFO - Processing file /home/airflow/.local/lib/python3.8/site-packages/airflow/example_dags/example_datasets.py for tasks to queue
[2025-07-03T18:23:45.432+0000] {logging_mixin.py:188} INFO - [2025-07-03T18:23:45.431+0000] {dagbag.py:538} INFO - Filling up the DagBag from /home/airflow/.local/lib/python3.8/site-packages/airflow/example_dags/example_datasets.py
[2025-07-03T18:23:45.466+0000] {processor.py:840} INFO - DAG(s) 'dataset_consumes_1', 'dataset_consumes_1_never_scheduled', 'dataset_produces_2', 'dataset_produces_1', 'dataset_consumes_1_and_2', 'dataset_consumes_unknown_never_scheduled' retrieved from /home/airflow/.local/lib/python3.8/site-packages/airflow/example_dags/example_datasets.py
[2025-07-03T18:23:45.558+0000] {logging_mixin.py:188} INFO - [2025-07-03T18:23:45.558+0000] {dag.py:3036} INFO - Sync 6 DAGs
[2025-07-03T18:23:45.626+0000] {logging_mixin.py:188} INFO - [2025-07-03T18:23:45.625+0000] {dag.py:3823} INFO - Setting next_dagrun for dataset_consumes_1 to None, run_after=None
[2025-07-03T18:23:45.643+0000] {logging_mixin.py:188} INFO - [2025-07-03T18:23:45.642+0000] {dag.py:3823} INFO - Setting next_dagrun for dataset_consumes_1_and_2 to None, run_after=None
[2025-07-03T18:23:45.645+0000] {logging_mixin.py:188} INFO - [2025-07-03T18:23:45.645+0000] {dag.py:3823} INFO - Setting next_dagrun for dataset_consumes_1_never_scheduled to None, run_after=None
[2025-07-03T18:23:45.648+0000] {logging_mixin.py:188} INFO - [2025-07-03T18:23:45.647+0000] {dag.py:3823} INFO - Setting next_dagrun for dataset_consumes_unknown_never_scheduled to None, run_after=None
[2025-07-03T18:23:45.656+0000] {logging_mixin.py:188} INFO - [2025-07-03T18:23:45.655+0000] {dag.py:3823} INFO - Setting next_dagrun for dataset_produces_1 to 2025-07-03 00:00:00+00:00, run_after=2025-07-04 00:00:00+00:00
[2025-07-03T18:23:45.658+0000] {logging_mixin.py:188} INFO - [2025-07-03T18:23:45.658+0000] {dag.py:3823} INFO - Setting next_dagrun for dataset_produces_2 to None, run_after=None
[2025-07-03T18:23:45.758+0000] {processor.py:183} INFO - Processing /home/airflow/.local/lib/python3.8/site-packages/airflow/example_dags/example_datasets.py took 0.345 seconds
[2025-07-03T18:24:16.169+0000] {processor.py:161} INFO - Started process (PID=503) to work on /home/airflow/.local/lib/python3.8/site-packages/airflow/example_dags/example_datasets.py
[2025-07-03T18:24:16.171+0000] {processor.py:830} INFO - Processing file /home/airflow/.local/lib/python3.8/site-packages/airflow/example_dags/example_datasets.py for tasks to queue
[2025-07-03T18:24:16.173+0000] {logging_mixin.py:188} INFO - [2025-07-03T18:24:16.173+0000] {dagbag.py:538} INFO - Filling up the DagBag from /home/airflow/.local/lib/python3.8/site-packages/airflow/example_dags/example_datasets.py
[2025-07-03T18:24:16.208+0000] {processor.py:840} INFO - DAG(s) 'dataset_consumes_unknown_never_scheduled', 'dataset_consumes_1_and_2', 'dataset_produces_2', 'dataset_consumes_1_never_scheduled', 'dataset_consumes_1', 'dataset_produces_1' retrieved from /home/airflow/.local/lib/python3.8/site-packages/airflow/example_dags/example_datasets.py
[2025-07-03T18:24:16.284+0000] {logging_mixin.py:188} INFO - [2025-07-03T18:24:16.284+0000] {dag.py:3036} INFO - Sync 6 DAGs
[2025-07-03T18:24:16.372+0000] {logging_mixin.py:188} INFO - [2025-07-03T18:24:16.372+0000] {dag.py:3823} INFO - Setting next_dagrun for dataset_consumes_1 to None, run_after=None
[2025-07-03T18:24:16.389+0000] {logging_mixin.py:188} INFO - [2025-07-03T18:24:16.388+0000] {dag.py:3823} INFO - Setting next_dagrun for dataset_consumes_1_and_2 to None, run_after=None
[2025-07-03T18:24:16.393+0000] {logging_mixin.py:188} INFO - [2025-07-03T18:24:16.392+0000] {dag.py:3823} INFO - Setting next_dagrun for dataset_consumes_1_never_scheduled to None, run_after=None
[2025-07-03T18:24:16.396+0000] {logging_mixin.py:188} INFO - [2025-07-03T18:24:16.395+0000] {dag.py:3823} INFO - Setting next_dagrun for dataset_consumes_unknown_never_scheduled to None, run_after=None
[2025-07-03T18:24:16.406+0000] {logging_mixin.py:188} INFO - [2025-07-03T18:24:16.404+0000] {dag.py:3823} INFO - Setting next_dagrun for dataset_produces_1 to 2025-07-03 00:00:00+00:00, run_after=2025-07-04 00:00:00+00:00
[2025-07-03T18:24:16.408+0000] {logging_mixin.py:188} INFO - [2025-07-03T18:24:16.408+0000] {dag.py:3823} INFO - Setting next_dagrun for dataset_produces_2 to None, run_after=None
[2025-07-03T18:24:16.475+0000] {processor.py:183} INFO - Processing /home/airflow/.local/lib/python3.8/site-packages/airflow/example_dags/example_datasets.py took 0.327 seconds
