[2025-07-03T17:35:35.283+0000] {processor.py:161} INFO - Started process (PID=227) to work on /home/airflow/.local/lib/python3.8/site-packages/airflow/example_dags/example_subdag_operator.py
[2025-07-03T17:35:35.305+0000] {processor.py:830} INFO - Processing file /home/airflow/.local/lib/python3.8/site-packages/airflow/example_dags/example_subdag_operator.py for tasks to queue
[2025-07-03T17:35:35.308+0000] {logging_mixin.py:188} INFO - [2025-07-03T17:35:35.307+0000] {dagbag.py:538} INFO - Filling up the DagBag from /home/airflow/.local/lib/python3.8/site-packages/airflow/example_dags/example_subdag_operator.py
[2025-07-03T17:35:35.399+0000] {processor.py:840} INFO - DAG(s) 'example_subdag_operator.section-1', 'example_subdag_operator.section-2', 'example_subdag_operator' retrieved from /home/airflow/.local/lib/python3.8/site-packages/airflow/example_dags/example_subdag_operator.py
[2025-07-03T17:35:36.033+0000] {logging_mixin.py:188} INFO - [2025-07-03T17:35:36.033+0000] {dag.py:3036} INFO - Sync 3 DAGs
[2025-07-03T17:35:36.131+0000] {logging_mixin.py:188} INFO - [2025-07-03T17:35:36.130+0000] {dag.py:3823} INFO - Setting next_dagrun for example_subdag_operator to 2022-01-01 00:00:00+00:00, run_after=2022-01-01 00:00:00+00:00
[2025-07-03T17:35:36.150+0000] {logging_mixin.py:188} INFO - [2025-07-03T17:35:36.149+0000] {dag.py:3823} INFO - Setting next_dagrun for example_subdag_operator.section-1 to None, run_after=None
[2025-07-03T17:35:36.158+0000] {logging_mixin.py:188} INFO - [2025-07-03T17:35:36.157+0000] {dag.py:3823} INFO - Setting next_dagrun for example_subdag_operator.section-2 to None, run_after=None
[2025-07-03T17:35:36.222+0000] {logging_mixin.py:188} INFO - [2025-07-03T17:35:36.222+0000] {dag.py:3036} INFO - Sync 2 DAGs
[2025-07-03T17:35:36.246+0000] {logging_mixin.py:188} INFO - [2025-07-03T17:35:36.246+0000] {dag.py:3823} INFO - Setting next_dagrun for example_subdag_operator.section-1 to None, run_after=None
[2025-07-03T17:35:36.247+0000] {logging_mixin.py:188} INFO - [2025-07-03T17:35:36.246+0000] {dag.py:3823} INFO - Setting next_dagrun for example_subdag_operator.section-2 to None, run_after=None
[2025-07-03T17:35:36.309+0000] {processor.py:183} INFO - Processing /home/airflow/.local/lib/python3.8/site-packages/airflow/example_dags/example_subdag_operator.py took 1.032 seconds
[2025-07-03T17:36:07.756+0000] {processor.py:161} INFO - Started process (PID=291) to work on /home/airflow/.local/lib/python3.8/site-packages/airflow/example_dags/example_subdag_operator.py
[2025-07-03T17:36:07.788+0000] {processor.py:830} INFO - Processing file /home/airflow/.local/lib/python3.8/site-packages/airflow/example_dags/example_subdag_operator.py for tasks to queue
[2025-07-03T17:36:07.815+0000] {logging_mixin.py:188} INFO - [2025-07-03T17:36:07.815+0000] {dagbag.py:538} INFO - Filling up the DagBag from /home/airflow/.local/lib/python3.8/site-packages/airflow/example_dags/example_subdag_operator.py
[2025-07-03T17:36:08.083+0000] {processor.py:840} INFO - DAG(s) 'example_subdag_operator.section-1', 'example_subdag_operator.section-2', 'example_subdag_operator' retrieved from /home/airflow/.local/lib/python3.8/site-packages/airflow/example_dags/example_subdag_operator.py
[2025-07-03T17:36:08.318+0000] {logging_mixin.py:188} INFO - [2025-07-03T17:36:08.318+0000] {dag.py:3036} INFO - Sync 3 DAGs
[2025-07-03T17:36:08.545+0000] {logging_mixin.py:188} INFO - [2025-07-03T17:36:08.536+0000] {dag.py:3823} INFO - Setting next_dagrun for example_subdag_operator to 2022-01-01 00:00:00+00:00, run_after=2022-01-01 00:00:00+00:00
[2025-07-03T17:36:08.582+0000] {logging_mixin.py:188} INFO - [2025-07-03T17:36:08.582+0000] {dag.py:3823} INFO - Setting next_dagrun for example_subdag_operator.section-1 to None, run_after=None
[2025-07-03T17:36:08.598+0000] {logging_mixin.py:188} INFO - [2025-07-03T17:36:08.597+0000] {dag.py:3823} INFO - Setting next_dagrun for example_subdag_operator.section-2 to None, run_after=None
[2025-07-03T17:36:08.651+0000] {logging_mixin.py:188} INFO - [2025-07-03T17:36:08.650+0000] {dag.py:3036} INFO - Sync 2 DAGs
[2025-07-03T17:36:08.782+0000] {logging_mixin.py:188} INFO - [2025-07-03T17:36:08.780+0000] {dag.py:3823} INFO - Setting next_dagrun for example_subdag_operator.section-1 to None, run_after=None
[2025-07-03T17:36:08.783+0000] {logging_mixin.py:188} INFO - [2025-07-03T17:36:08.783+0000] {dag.py:3823} INFO - Setting next_dagrun for example_subdag_operator.section-2 to None, run_after=None
[2025-07-03T17:36:08.941+0000] {processor.py:183} INFO - Processing /home/airflow/.local/lib/python3.8/site-packages/airflow/example_dags/example_subdag_operator.py took 1.217 seconds
[2025-07-03T17:36:39.150+0000] {processor.py:161} INFO - Started process (PID=349) to work on /home/airflow/.local/lib/python3.8/site-packages/airflow/example_dags/example_subdag_operator.py
[2025-07-03T17:36:39.151+0000] {processor.py:830} INFO - Processing file /home/airflow/.local/lib/python3.8/site-packages/airflow/example_dags/example_subdag_operator.py for tasks to queue
[2025-07-03T17:36:39.153+0000] {logging_mixin.py:188} INFO - [2025-07-03T17:36:39.153+0000] {dagbag.py:538} INFO - Filling up the DagBag from /home/airflow/.local/lib/python3.8/site-packages/airflow/example_dags/example_subdag_operator.py
[2025-07-03T17:36:39.258+0000] {processor.py:840} INFO - DAG(s) 'example_subdag_operator.section-1', 'example_subdag_operator.section-2', 'example_subdag_operator' retrieved from /home/airflow/.local/lib/python3.8/site-packages/airflow/example_dags/example_subdag_operator.py
[2025-07-03T17:36:39.324+0000] {logging_mixin.py:188} INFO - [2025-07-03T17:36:39.323+0000] {dag.py:3036} INFO - Sync 3 DAGs
[2025-07-03T17:36:39.426+0000] {logging_mixin.py:188} INFO - [2025-07-03T17:36:39.426+0000] {dag.py:3823} INFO - Setting next_dagrun for example_subdag_operator to 2022-01-01 00:00:00+00:00, run_after=2022-01-01 00:00:00+00:00
[2025-07-03T17:36:39.434+0000] {logging_mixin.py:188} INFO - [2025-07-03T17:36:39.433+0000] {dag.py:3823} INFO - Setting next_dagrun for example_subdag_operator.section-1 to None, run_after=None
[2025-07-03T17:36:39.441+0000] {logging_mixin.py:188} INFO - [2025-07-03T17:36:39.439+0000] {dag.py:3823} INFO - Setting next_dagrun for example_subdag_operator.section-2 to None, run_after=None
[2025-07-03T17:36:39.495+0000] {logging_mixin.py:188} INFO - [2025-07-03T17:36:39.495+0000] {dag.py:3036} INFO - Sync 2 DAGs
[2025-07-03T17:36:39.515+0000] {logging_mixin.py:188} INFO - [2025-07-03T17:36:39.514+0000] {dag.py:3823} INFO - Setting next_dagrun for example_subdag_operator.section-1 to None, run_after=None
[2025-07-03T17:36:39.518+0000] {logging_mixin.py:188} INFO - [2025-07-03T17:36:39.517+0000] {dag.py:3823} INFO - Setting next_dagrun for example_subdag_operator.section-2 to None, run_after=None
[2025-07-03T17:36:39.571+0000] {processor.py:183} INFO - Processing /home/airflow/.local/lib/python3.8/site-packages/airflow/example_dags/example_subdag_operator.py took 0.442 seconds
[2025-07-03T17:37:10.940+0000] {processor.py:161} INFO - Started process (PID=412) to work on /home/airflow/.local/lib/python3.8/site-packages/airflow/example_dags/example_subdag_operator.py
[2025-07-03T17:37:10.961+0000] {processor.py:830} INFO - Processing file /home/airflow/.local/lib/python3.8/site-packages/airflow/example_dags/example_subdag_operator.py for tasks to queue
[2025-07-03T17:37:10.978+0000] {logging_mixin.py:188} INFO - [2025-07-03T17:37:10.977+0000] {dagbag.py:538} INFO - Filling up the DagBag from /home/airflow/.local/lib/python3.8/site-packages/airflow/example_dags/example_subdag_operator.py
[2025-07-03T17:37:11.218+0000] {processor.py:840} INFO - DAG(s) 'example_subdag_operator.section-1', 'example_subdag_operator.section-2', 'example_subdag_operator' retrieved from /home/airflow/.local/lib/python3.8/site-packages/airflow/example_dags/example_subdag_operator.py
[2025-07-03T17:37:11.490+0000] {logging_mixin.py:188} INFO - [2025-07-03T17:37:11.489+0000] {dag.py:3036} INFO - Sync 3 DAGs
[2025-07-03T17:37:11.718+0000] {logging_mixin.py:188} INFO - [2025-07-03T17:37:11.717+0000] {dag.py:3823} INFO - Setting next_dagrun for example_subdag_operator to 2022-01-01 00:00:00+00:00, run_after=2022-01-01 00:00:00+00:00
[2025-07-03T17:37:11.766+0000] {logging_mixin.py:188} INFO - [2025-07-03T17:37:11.766+0000] {dag.py:3823} INFO - Setting next_dagrun for example_subdag_operator.section-1 to None, run_after=None
[2025-07-03T17:37:11.798+0000] {logging_mixin.py:188} INFO - [2025-07-03T17:37:11.797+0000] {dag.py:3823} INFO - Setting next_dagrun for example_subdag_operator.section-2 to None, run_after=None
[2025-07-03T17:37:11.853+0000] {logging_mixin.py:188} INFO - [2025-07-03T17:37:11.853+0000] {dag.py:3036} INFO - Sync 2 DAGs
[2025-07-03T17:37:11.905+0000] {logging_mixin.py:188} INFO - [2025-07-03T17:37:11.904+0000] {dag.py:3823} INFO - Setting next_dagrun for example_subdag_operator.section-1 to None, run_after=None
[2025-07-03T17:37:11.915+0000] {logging_mixin.py:188} INFO - [2025-07-03T17:37:11.914+0000] {dag.py:3823} INFO - Setting next_dagrun for example_subdag_operator.section-2 to None, run_after=None
[2025-07-03T17:37:12.031+0000] {processor.py:183} INFO - Processing /home/airflow/.local/lib/python3.8/site-packages/airflow/example_dags/example_subdag_operator.py took 1.098 seconds
[2025-07-03T17:37:42.478+0000] {processor.py:161} INFO - Started process (PID=467) to work on /home/airflow/.local/lib/python3.8/site-packages/airflow/example_dags/example_subdag_operator.py
[2025-07-03T17:37:42.480+0000] {processor.py:830} INFO - Processing file /home/airflow/.local/lib/python3.8/site-packages/airflow/example_dags/example_subdag_operator.py for tasks to queue
[2025-07-03T17:37:42.483+0000] {logging_mixin.py:188} INFO - [2025-07-03T17:37:42.482+0000] {dagbag.py:538} INFO - Filling up the DagBag from /home/airflow/.local/lib/python3.8/site-packages/airflow/example_dags/example_subdag_operator.py
[2025-07-03T17:37:42.524+0000] {processor.py:840} INFO - DAG(s) 'example_subdag_operator.section-1', 'example_subdag_operator.section-2', 'example_subdag_operator' retrieved from /home/airflow/.local/lib/python3.8/site-packages/airflow/example_dags/example_subdag_operator.py
[2025-07-03T17:37:42.556+0000] {logging_mixin.py:188} INFO - [2025-07-03T17:37:42.555+0000] {dag.py:3036} INFO - Sync 3 DAGs
[2025-07-03T17:37:42.599+0000] {logging_mixin.py:188} INFO - [2025-07-03T17:37:42.599+0000] {dag.py:3823} INFO - Setting next_dagrun for example_subdag_operator to 2022-01-01 00:00:00+00:00, run_after=2022-01-01 00:00:00+00:00
[2025-07-03T17:37:42.607+0000] {logging_mixin.py:188} INFO - [2025-07-03T17:37:42.606+0000] {dag.py:3823} INFO - Setting next_dagrun for example_subdag_operator.section-1 to None, run_after=None
[2025-07-03T17:37:42.610+0000] {logging_mixin.py:188} INFO - [2025-07-03T17:37:42.609+0000] {dag.py:3823} INFO - Setting next_dagrun for example_subdag_operator.section-2 to None, run_after=None
[2025-07-03T17:37:42.623+0000] {logging_mixin.py:188} INFO - [2025-07-03T17:37:42.623+0000] {dag.py:3036} INFO - Sync 2 DAGs
[2025-07-03T17:37:42.634+0000] {logging_mixin.py:188} INFO - [2025-07-03T17:37:42.634+0000] {dag.py:3823} INFO - Setting next_dagrun for example_subdag_operator.section-1 to None, run_after=None
[2025-07-03T17:37:42.635+0000] {logging_mixin.py:188} INFO - [2025-07-03T17:37:42.635+0000] {dag.py:3823} INFO - Setting next_dagrun for example_subdag_operator.section-2 to None, run_after=None
[2025-07-03T17:37:42.657+0000] {processor.py:183} INFO - Processing /home/airflow/.local/lib/python3.8/site-packages/airflow/example_dags/example_subdag_operator.py took 0.184 seconds
[2025-07-03T17:38:12.782+0000] {processor.py:161} INFO - Started process (PID=532) to work on /home/airflow/.local/lib/python3.8/site-packages/airflow/example_dags/example_subdag_operator.py
[2025-07-03T17:38:12.783+0000] {processor.py:830} INFO - Processing file /home/airflow/.local/lib/python3.8/site-packages/airflow/example_dags/example_subdag_operator.py for tasks to queue
[2025-07-03T17:38:12.786+0000] {logging_mixin.py:188} INFO - [2025-07-03T17:38:12.785+0000] {dagbag.py:538} INFO - Filling up the DagBag from /home/airflow/.local/lib/python3.8/site-packages/airflow/example_dags/example_subdag_operator.py
[2025-07-03T17:38:12.892+0000] {processor.py:840} INFO - DAG(s) 'example_subdag_operator.section-1', 'example_subdag_operator.section-2', 'example_subdag_operator' retrieved from /home/airflow/.local/lib/python3.8/site-packages/airflow/example_dags/example_subdag_operator.py
[2025-07-03T17:38:12.986+0000] {logging_mixin.py:188} INFO - [2025-07-03T17:38:12.985+0000] {dag.py:3036} INFO - Sync 3 DAGs
[2025-07-03T17:38:13.070+0000] {logging_mixin.py:188} INFO - [2025-07-03T17:38:13.069+0000] {dag.py:3823} INFO - Setting next_dagrun for example_subdag_operator to 2022-01-01 00:00:00+00:00, run_after=2022-01-01 00:00:00+00:00
[2025-07-03T17:38:13.078+0000] {logging_mixin.py:188} INFO - [2025-07-03T17:38:13.077+0000] {dag.py:3823} INFO - Setting next_dagrun for example_subdag_operator.section-1 to None, run_after=None
[2025-07-03T17:38:13.094+0000] {logging_mixin.py:188} INFO - [2025-07-03T17:38:13.093+0000] {dag.py:3823} INFO - Setting next_dagrun for example_subdag_operator.section-2 to None, run_after=None
[2025-07-03T17:38:13.121+0000] {logging_mixin.py:188} INFO - [2025-07-03T17:38:13.120+0000] {dag.py:3036} INFO - Sync 2 DAGs
[2025-07-03T17:38:13.140+0000] {logging_mixin.py:188} INFO - [2025-07-03T17:38:13.140+0000] {dag.py:3823} INFO - Setting next_dagrun for example_subdag_operator.section-1 to None, run_after=None
[2025-07-03T17:38:13.141+0000] {logging_mixin.py:188} INFO - [2025-07-03T17:38:13.141+0000] {dag.py:3823} INFO - Setting next_dagrun for example_subdag_operator.section-2 to None, run_after=None
[2025-07-03T17:38:13.176+0000] {processor.py:183} INFO - Processing /home/airflow/.local/lib/python3.8/site-packages/airflow/example_dags/example_subdag_operator.py took 0.411 seconds
[2025-07-03T17:38:43.499+0000] {processor.py:161} INFO - Started process (PID=589) to work on /home/airflow/.local/lib/python3.8/site-packages/airflow/example_dags/example_subdag_operator.py
[2025-07-03T17:38:43.505+0000] {processor.py:830} INFO - Processing file /home/airflow/.local/lib/python3.8/site-packages/airflow/example_dags/example_subdag_operator.py for tasks to queue
[2025-07-03T17:38:43.508+0000] {logging_mixin.py:188} INFO - [2025-07-03T17:38:43.507+0000] {dagbag.py:538} INFO - Filling up the DagBag from /home/airflow/.local/lib/python3.8/site-packages/airflow/example_dags/example_subdag_operator.py
[2025-07-03T17:38:43.570+0000] {processor.py:840} INFO - DAG(s) 'example_subdag_operator.section-1', 'example_subdag_operator.section-2', 'example_subdag_operator' retrieved from /home/airflow/.local/lib/python3.8/site-packages/airflow/example_dags/example_subdag_operator.py
[2025-07-03T17:38:43.614+0000] {logging_mixin.py:188} INFO - [2025-07-03T17:38:43.614+0000] {dag.py:3036} INFO - Sync 3 DAGs
[2025-07-03T17:38:43.718+0000] {logging_mixin.py:188} INFO - [2025-07-03T17:38:43.718+0000] {dag.py:3823} INFO - Setting next_dagrun for example_subdag_operator to 2022-01-01 00:00:00+00:00, run_after=2022-01-01 00:00:00+00:00
[2025-07-03T17:38:43.734+0000] {logging_mixin.py:188} INFO - [2025-07-03T17:38:43.733+0000] {dag.py:3823} INFO - Setting next_dagrun for example_subdag_operator.section-1 to None, run_after=None
[2025-07-03T17:38:43.737+0000] {logging_mixin.py:188} INFO - [2025-07-03T17:38:43.736+0000] {dag.py:3823} INFO - Setting next_dagrun for example_subdag_operator.section-2 to None, run_after=None
[2025-07-03T17:38:43.763+0000] {logging_mixin.py:188} INFO - [2025-07-03T17:38:43.762+0000] {dag.py:3036} INFO - Sync 2 DAGs
[2025-07-03T17:38:43.775+0000] {logging_mixin.py:188} INFO - [2025-07-03T17:38:43.775+0000] {dag.py:3823} INFO - Setting next_dagrun for example_subdag_operator.section-1 to None, run_after=None
[2025-07-03T17:38:43.777+0000] {logging_mixin.py:188} INFO - [2025-07-03T17:38:43.776+0000] {dag.py:3823} INFO - Setting next_dagrun for example_subdag_operator.section-2 to None, run_after=None
[2025-07-03T17:38:43.862+0000] {processor.py:183} INFO - Processing /home/airflow/.local/lib/python3.8/site-packages/airflow/example_dags/example_subdag_operator.py took 0.368 seconds
[2025-07-03T17:39:14.109+0000] {processor.py:161} INFO - Started process (PID=653) to work on /home/airflow/.local/lib/python3.8/site-packages/airflow/example_dags/example_subdag_operator.py
[2025-07-03T17:39:14.111+0000] {processor.py:830} INFO - Processing file /home/airflow/.local/lib/python3.8/site-packages/airflow/example_dags/example_subdag_operator.py for tasks to queue
[2025-07-03T17:39:14.113+0000] {logging_mixin.py:188} INFO - [2025-07-03T17:39:14.113+0000] {dagbag.py:538} INFO - Filling up the DagBag from /home/airflow/.local/lib/python3.8/site-packages/airflow/example_dags/example_subdag_operator.py
[2025-07-03T17:39:14.153+0000] {processor.py:840} INFO - DAG(s) 'example_subdag_operator.section-1', 'example_subdag_operator.section-2', 'example_subdag_operator' retrieved from /home/airflow/.local/lib/python3.8/site-packages/airflow/example_dags/example_subdag_operator.py
[2025-07-03T17:39:14.185+0000] {logging_mixin.py:188} INFO - [2025-07-03T17:39:14.185+0000] {dag.py:3036} INFO - Sync 3 DAGs
[2025-07-03T17:39:14.228+0000] {logging_mixin.py:188} INFO - [2025-07-03T17:39:14.227+0000] {dag.py:3823} INFO - Setting next_dagrun for example_subdag_operator to 2022-01-01 00:00:00+00:00, run_after=2022-01-01 00:00:00+00:00
[2025-07-03T17:39:14.235+0000] {logging_mixin.py:188} INFO - [2025-07-03T17:39:14.235+0000] {dag.py:3823} INFO - Setting next_dagrun for example_subdag_operator.section-1 to None, run_after=None
[2025-07-03T17:39:14.238+0000] {logging_mixin.py:188} INFO - [2025-07-03T17:39:14.238+0000] {dag.py:3823} INFO - Setting next_dagrun for example_subdag_operator.section-2 to None, run_after=None
[2025-07-03T17:39:14.252+0000] {logging_mixin.py:188} INFO - [2025-07-03T17:39:14.251+0000] {dag.py:3036} INFO - Sync 2 DAGs
[2025-07-03T17:39:14.263+0000] {logging_mixin.py:188} INFO - [2025-07-03T17:39:14.262+0000] {dag.py:3823} INFO - Setting next_dagrun for example_subdag_operator.section-1 to None, run_after=None
[2025-07-03T17:39:14.264+0000] {logging_mixin.py:188} INFO - [2025-07-03T17:39:14.264+0000] {dag.py:3823} INFO - Setting next_dagrun for example_subdag_operator.section-2 to None, run_after=None
[2025-07-03T17:39:14.298+0000] {processor.py:183} INFO - Processing /home/airflow/.local/lib/python3.8/site-packages/airflow/example_dags/example_subdag_operator.py took 0.194 seconds
[2025-07-03T17:39:44.645+0000] {processor.py:161} INFO - Started process (PID=719) to work on /home/airflow/.local/lib/python3.8/site-packages/airflow/example_dags/example_subdag_operator.py
[2025-07-03T17:39:44.647+0000] {processor.py:830} INFO - Processing file /home/airflow/.local/lib/python3.8/site-packages/airflow/example_dags/example_subdag_operator.py for tasks to queue
[2025-07-03T17:39:44.650+0000] {logging_mixin.py:188} INFO - [2025-07-03T17:39:44.649+0000] {dagbag.py:538} INFO - Filling up the DagBag from /home/airflow/.local/lib/python3.8/site-packages/airflow/example_dags/example_subdag_operator.py
[2025-07-03T17:39:44.692+0000] {processor.py:840} INFO - DAG(s) 'example_subdag_operator.section-1', 'example_subdag_operator.section-2', 'example_subdag_operator' retrieved from /home/airflow/.local/lib/python3.8/site-packages/airflow/example_dags/example_subdag_operator.py
[2025-07-03T17:39:44.722+0000] {logging_mixin.py:188} INFO - [2025-07-03T17:39:44.722+0000] {dag.py:3036} INFO - Sync 3 DAGs
[2025-07-03T17:39:44.764+0000] {logging_mixin.py:188} INFO - [2025-07-03T17:39:44.764+0000] {dag.py:3823} INFO - Setting next_dagrun for example_subdag_operator to 2022-01-01 00:00:00+00:00, run_after=2022-01-01 00:00:00+00:00
[2025-07-03T17:39:44.771+0000] {logging_mixin.py:188} INFO - [2025-07-03T17:39:44.770+0000] {dag.py:3823} INFO - Setting next_dagrun for example_subdag_operator.section-1 to None, run_after=None
[2025-07-03T17:39:44.773+0000] {logging_mixin.py:188} INFO - [2025-07-03T17:39:44.773+0000] {dag.py:3823} INFO - Setting next_dagrun for example_subdag_operator.section-2 to None, run_after=None
[2025-07-03T17:39:44.786+0000] {logging_mixin.py:188} INFO - [2025-07-03T17:39:44.785+0000] {dag.py:3036} INFO - Sync 2 DAGs
[2025-07-03T17:39:44.795+0000] {logging_mixin.py:188} INFO - [2025-07-03T17:39:44.795+0000] {dag.py:3823} INFO - Setting next_dagrun for example_subdag_operator.section-1 to None, run_after=None
[2025-07-03T17:39:44.796+0000] {logging_mixin.py:188} INFO - [2025-07-03T17:39:44.796+0000] {dag.py:3823} INFO - Setting next_dagrun for example_subdag_operator.section-2 to None, run_after=None
[2025-07-03T17:39:44.814+0000] {processor.py:183} INFO - Processing /home/airflow/.local/lib/python3.8/site-packages/airflow/example_dags/example_subdag_operator.py took 0.173 seconds
[2025-07-03T17:40:15.102+0000] {processor.py:161} INFO - Started process (PID=785) to work on /home/airflow/.local/lib/python3.8/site-packages/airflow/example_dags/example_subdag_operator.py
[2025-07-03T17:40:15.109+0000] {processor.py:830} INFO - Processing file /home/airflow/.local/lib/python3.8/site-packages/airflow/example_dags/example_subdag_operator.py for tasks to queue
[2025-07-03T17:40:15.112+0000] {logging_mixin.py:188} INFO - [2025-07-03T17:40:15.111+0000] {dagbag.py:538} INFO - Filling up the DagBag from /home/airflow/.local/lib/python3.8/site-packages/airflow/example_dags/example_subdag_operator.py
[2025-07-03T17:40:15.203+0000] {processor.py:840} INFO - DAG(s) 'example_subdag_operator.section-1', 'example_subdag_operator.section-2', 'example_subdag_operator' retrieved from /home/airflow/.local/lib/python3.8/site-packages/airflow/example_dags/example_subdag_operator.py
[2025-07-03T17:40:15.346+0000] {logging_mixin.py:188} INFO - [2025-07-03T17:40:15.345+0000] {dag.py:3036} INFO - Sync 3 DAGs
[2025-07-03T17:40:15.642+0000] {logging_mixin.py:188} INFO - [2025-07-03T17:40:15.642+0000] {dag.py:3823} INFO - Setting next_dagrun for example_subdag_operator to 2022-01-01 00:00:00+00:00, run_after=2022-01-01 00:00:00+00:00
[2025-07-03T17:40:15.682+0000] {logging_mixin.py:188} INFO - [2025-07-03T17:40:15.681+0000] {dag.py:3823} INFO - Setting next_dagrun for example_subdag_operator.section-1 to None, run_after=None
[2025-07-03T17:40:15.690+0000] {logging_mixin.py:188} INFO - [2025-07-03T17:40:15.689+0000] {dag.py:3823} INFO - Setting next_dagrun for example_subdag_operator.section-2 to None, run_after=None
[2025-07-03T17:40:15.731+0000] {logging_mixin.py:188} INFO - [2025-07-03T17:40:15.731+0000] {dag.py:3036} INFO - Sync 2 DAGs
[2025-07-03T17:40:15.779+0000] {logging_mixin.py:188} INFO - [2025-07-03T17:40:15.779+0000] {dag.py:3823} INFO - Setting next_dagrun for example_subdag_operator.section-1 to None, run_after=None
[2025-07-03T17:40:15.785+0000] {logging_mixin.py:188} INFO - [2025-07-03T17:40:15.785+0000] {dag.py:3823} INFO - Setting next_dagrun for example_subdag_operator.section-2 to None, run_after=None
[2025-07-03T17:40:15.846+0000] {processor.py:183} INFO - Processing /home/airflow/.local/lib/python3.8/site-packages/airflow/example_dags/example_subdag_operator.py took 0.749 seconds
[2025-07-03T17:40:46.208+0000] {processor.py:161} INFO - Started process (PID=850) to work on /home/airflow/.local/lib/python3.8/site-packages/airflow/example_dags/example_subdag_operator.py
[2025-07-03T17:40:46.217+0000] {processor.py:830} INFO - Processing file /home/airflow/.local/lib/python3.8/site-packages/airflow/example_dags/example_subdag_operator.py for tasks to queue
[2025-07-03T17:40:46.219+0000] {logging_mixin.py:188} INFO - [2025-07-03T17:40:46.219+0000] {dagbag.py:538} INFO - Filling up the DagBag from /home/airflow/.local/lib/python3.8/site-packages/airflow/example_dags/example_subdag_operator.py
[2025-07-03T17:40:46.274+0000] {processor.py:840} INFO - DAG(s) 'example_subdag_operator.section-1', 'example_subdag_operator.section-2', 'example_subdag_operator' retrieved from /home/airflow/.local/lib/python3.8/site-packages/airflow/example_dags/example_subdag_operator.py
[2025-07-03T17:40:46.304+0000] {logging_mixin.py:188} INFO - [2025-07-03T17:40:46.304+0000] {dag.py:3036} INFO - Sync 3 DAGs
[2025-07-03T17:40:46.361+0000] {logging_mixin.py:188} INFO - [2025-07-03T17:40:46.361+0000] {dag.py:3823} INFO - Setting next_dagrun for example_subdag_operator to 2022-01-01 00:00:00+00:00, run_after=2022-01-01 00:00:00+00:00
[2025-07-03T17:40:46.374+0000] {logging_mixin.py:188} INFO - [2025-07-03T17:40:46.373+0000] {dag.py:3823} INFO - Setting next_dagrun for example_subdag_operator.section-1 to None, run_after=None
[2025-07-03T17:40:46.376+0000] {logging_mixin.py:188} INFO - [2025-07-03T17:40:46.376+0000] {dag.py:3823} INFO - Setting next_dagrun for example_subdag_operator.section-2 to None, run_after=None
[2025-07-03T17:40:46.407+0000] {logging_mixin.py:188} INFO - [2025-07-03T17:40:46.406+0000] {dag.py:3036} INFO - Sync 2 DAGs
[2025-07-03T17:40:46.417+0000] {logging_mixin.py:188} INFO - [2025-07-03T17:40:46.416+0000] {dag.py:3823} INFO - Setting next_dagrun for example_subdag_operator.section-1 to None, run_after=None
[2025-07-03T17:40:46.418+0000] {logging_mixin.py:188} INFO - [2025-07-03T17:40:46.418+0000] {dag.py:3823} INFO - Setting next_dagrun for example_subdag_operator.section-2 to None, run_after=None
[2025-07-03T17:40:46.436+0000] {processor.py:183} INFO - Processing /home/airflow/.local/lib/python3.8/site-packages/airflow/example_dags/example_subdag_operator.py took 0.246 seconds
[2025-07-03T17:41:16.856+0000] {processor.py:161} INFO - Started process (PID=914) to work on /home/airflow/.local/lib/python3.8/site-packages/airflow/example_dags/example_subdag_operator.py
[2025-07-03T17:41:16.857+0000] {processor.py:830} INFO - Processing file /home/airflow/.local/lib/python3.8/site-packages/airflow/example_dags/example_subdag_operator.py for tasks to queue
[2025-07-03T17:41:16.866+0000] {logging_mixin.py:188} INFO - [2025-07-03T17:41:16.866+0000] {dagbag.py:538} INFO - Filling up the DagBag from /home/airflow/.local/lib/python3.8/site-packages/airflow/example_dags/example_subdag_operator.py
[2025-07-03T17:41:16.924+0000] {processor.py:840} INFO - DAG(s) 'example_subdag_operator.section-1', 'example_subdag_operator.section-2', 'example_subdag_operator' retrieved from /home/airflow/.local/lib/python3.8/site-packages/airflow/example_dags/example_subdag_operator.py
[2025-07-03T17:41:16.960+0000] {logging_mixin.py:188} INFO - [2025-07-03T17:41:16.960+0000] {dag.py:3036} INFO - Sync 3 DAGs
[2025-07-03T17:41:17.006+0000] {logging_mixin.py:188} INFO - [2025-07-03T17:41:17.005+0000] {dag.py:3823} INFO - Setting next_dagrun for example_subdag_operator to 2022-01-01 00:00:00+00:00, run_after=2022-01-01 00:00:00+00:00
[2025-07-03T17:41:17.012+0000] {logging_mixin.py:188} INFO - [2025-07-03T17:41:17.012+0000] {dag.py:3823} INFO - Setting next_dagrun for example_subdag_operator.section-1 to None, run_after=None
[2025-07-03T17:41:17.015+0000] {logging_mixin.py:188} INFO - [2025-07-03T17:41:17.015+0000] {dag.py:3823} INFO - Setting next_dagrun for example_subdag_operator.section-2 to None, run_after=None
[2025-07-03T17:41:17.028+0000] {logging_mixin.py:188} INFO - [2025-07-03T17:41:17.028+0000] {dag.py:3036} INFO - Sync 2 DAGs
[2025-07-03T17:41:17.046+0000] {logging_mixin.py:188} INFO - [2025-07-03T17:41:17.045+0000] {dag.py:3823} INFO - Setting next_dagrun for example_subdag_operator.section-1 to None, run_after=None
[2025-07-03T17:41:17.047+0000] {logging_mixin.py:188} INFO - [2025-07-03T17:41:17.046+0000] {dag.py:3823} INFO - Setting next_dagrun for example_subdag_operator.section-2 to None, run_after=None
[2025-07-03T17:41:17.087+0000] {processor.py:183} INFO - Processing /home/airflow/.local/lib/python3.8/site-packages/airflow/example_dags/example_subdag_operator.py took 0.235 seconds
[2025-07-03T17:41:47.556+0000] {processor.py:161} INFO - Started process (PID=980) to work on /home/airflow/.local/lib/python3.8/site-packages/airflow/example_dags/example_subdag_operator.py
[2025-07-03T17:41:47.566+0000] {processor.py:830} INFO - Processing file /home/airflow/.local/lib/python3.8/site-packages/airflow/example_dags/example_subdag_operator.py for tasks to queue
[2025-07-03T17:41:47.568+0000] {logging_mixin.py:188} INFO - [2025-07-03T17:41:47.568+0000] {dagbag.py:538} INFO - Filling up the DagBag from /home/airflow/.local/lib/python3.8/site-packages/airflow/example_dags/example_subdag_operator.py
[2025-07-03T17:41:47.669+0000] {processor.py:840} INFO - DAG(s) 'example_subdag_operator.section-1', 'example_subdag_operator.section-2', 'example_subdag_operator' retrieved from /home/airflow/.local/lib/python3.8/site-packages/airflow/example_dags/example_subdag_operator.py
[2025-07-03T17:41:47.738+0000] {logging_mixin.py:188} INFO - [2025-07-03T17:41:47.737+0000] {dag.py:3036} INFO - Sync 3 DAGs
[2025-07-03T17:41:47.848+0000] {logging_mixin.py:188} INFO - [2025-07-03T17:41:47.847+0000] {dag.py:3823} INFO - Setting next_dagrun for example_subdag_operator to 2022-01-01 00:00:00+00:00, run_after=2022-01-01 00:00:00+00:00
[2025-07-03T17:41:47.882+0000] {logging_mixin.py:188} INFO - [2025-07-03T17:41:47.882+0000] {dag.py:3823} INFO - Setting next_dagrun for example_subdag_operator.section-1 to None, run_after=None
[2025-07-03T17:41:47.891+0000] {logging_mixin.py:188} INFO - [2025-07-03T17:41:47.891+0000] {dag.py:3823} INFO - Setting next_dagrun for example_subdag_operator.section-2 to None, run_after=None
[2025-07-03T17:41:47.931+0000] {logging_mixin.py:188} INFO - [2025-07-03T17:41:47.913+0000] {dag.py:3036} INFO - Sync 2 DAGs
[2025-07-03T17:41:47.962+0000] {logging_mixin.py:188} INFO - [2025-07-03T17:41:47.961+0000] {dag.py:3823} INFO - Setting next_dagrun for example_subdag_operator.section-1 to None, run_after=None
[2025-07-03T17:41:47.963+0000] {logging_mixin.py:188} INFO - [2025-07-03T17:41:47.962+0000] {dag.py:3823} INFO - Setting next_dagrun for example_subdag_operator.section-2 to None, run_after=None
[2025-07-03T17:41:47.997+0000] {processor.py:183} INFO - Processing /home/airflow/.local/lib/python3.8/site-packages/airflow/example_dags/example_subdag_operator.py took 0.445 seconds
[2025-07-03T17:42:18.716+0000] {processor.py:161} INFO - Started process (PID=1045) to work on /home/airflow/.local/lib/python3.8/site-packages/airflow/example_dags/example_subdag_operator.py
[2025-07-03T17:42:18.718+0000] {processor.py:830} INFO - Processing file /home/airflow/.local/lib/python3.8/site-packages/airflow/example_dags/example_subdag_operator.py for tasks to queue
[2025-07-03T17:42:18.720+0000] {logging_mixin.py:188} INFO - [2025-07-03T17:42:18.720+0000] {dagbag.py:538} INFO - Filling up the DagBag from /home/airflow/.local/lib/python3.8/site-packages/airflow/example_dags/example_subdag_operator.py
[2025-07-03T17:42:18.759+0000] {processor.py:840} INFO - DAG(s) 'example_subdag_operator.section-1', 'example_subdag_operator.section-2', 'example_subdag_operator' retrieved from /home/airflow/.local/lib/python3.8/site-packages/airflow/example_dags/example_subdag_operator.py
[2025-07-03T17:42:18.789+0000] {logging_mixin.py:188} INFO - [2025-07-03T17:42:18.789+0000] {dag.py:3036} INFO - Sync 3 DAGs
[2025-07-03T17:42:18.830+0000] {logging_mixin.py:188} INFO - [2025-07-03T17:42:18.830+0000] {dag.py:3823} INFO - Setting next_dagrun for example_subdag_operator to 2022-01-01 00:00:00+00:00, run_after=2022-01-01 00:00:00+00:00
[2025-07-03T17:42:18.837+0000] {logging_mixin.py:188} INFO - [2025-07-03T17:42:18.836+0000] {dag.py:3823} INFO - Setting next_dagrun for example_subdag_operator.section-1 to None, run_after=None
[2025-07-03T17:42:18.839+0000] {logging_mixin.py:188} INFO - [2025-07-03T17:42:18.839+0000] {dag.py:3823} INFO - Setting next_dagrun for example_subdag_operator.section-2 to None, run_after=None
[2025-07-03T17:42:18.852+0000] {logging_mixin.py:188} INFO - [2025-07-03T17:42:18.852+0000] {dag.py:3036} INFO - Sync 2 DAGs
[2025-07-03T17:42:18.861+0000] {logging_mixin.py:188} INFO - [2025-07-03T17:42:18.861+0000] {dag.py:3823} INFO - Setting next_dagrun for example_subdag_operator.section-1 to None, run_after=None
[2025-07-03T17:42:18.862+0000] {logging_mixin.py:188} INFO - [2025-07-03T17:42:18.862+0000] {dag.py:3823} INFO - Setting next_dagrun for example_subdag_operator.section-2 to None, run_after=None
[2025-07-03T17:42:18.880+0000] {processor.py:183} INFO - Processing /home/airflow/.local/lib/python3.8/site-packages/airflow/example_dags/example_subdag_operator.py took 0.168 seconds
[2025-07-03T17:42:49.058+0000] {processor.py:161} INFO - Started process (PID=1110) to work on /home/airflow/.local/lib/python3.8/site-packages/airflow/example_dags/example_subdag_operator.py
[2025-07-03T17:42:49.059+0000] {processor.py:830} INFO - Processing file /home/airflow/.local/lib/python3.8/site-packages/airflow/example_dags/example_subdag_operator.py for tasks to queue
[2025-07-03T17:42:49.062+0000] {logging_mixin.py:188} INFO - [2025-07-03T17:42:49.061+0000] {dagbag.py:538} INFO - Filling up the DagBag from /home/airflow/.local/lib/python3.8/site-packages/airflow/example_dags/example_subdag_operator.py
[2025-07-03T17:42:49.100+0000] {processor.py:840} INFO - DAG(s) 'example_subdag_operator.section-1', 'example_subdag_operator.section-2', 'example_subdag_operator' retrieved from /home/airflow/.local/lib/python3.8/site-packages/airflow/example_dags/example_subdag_operator.py
[2025-07-03T17:42:49.131+0000] {logging_mixin.py:188} INFO - [2025-07-03T17:42:49.131+0000] {dag.py:3036} INFO - Sync 3 DAGs
[2025-07-03T17:42:49.173+0000] {logging_mixin.py:188} INFO - [2025-07-03T17:42:49.172+0000] {dag.py:3823} INFO - Setting next_dagrun for example_subdag_operator to 2022-01-01 00:00:00+00:00, run_after=2022-01-01 00:00:00+00:00
[2025-07-03T17:42:49.179+0000] {logging_mixin.py:188} INFO - [2025-07-03T17:42:49.179+0000] {dag.py:3823} INFO - Setting next_dagrun for example_subdag_operator.section-1 to None, run_after=None
[2025-07-03T17:42:49.182+0000] {logging_mixin.py:188} INFO - [2025-07-03T17:42:49.182+0000] {dag.py:3823} INFO - Setting next_dagrun for example_subdag_operator.section-2 to None, run_after=None
[2025-07-03T17:42:49.194+0000] {logging_mixin.py:188} INFO - [2025-07-03T17:42:49.194+0000] {dag.py:3036} INFO - Sync 2 DAGs
[2025-07-03T17:42:49.205+0000] {logging_mixin.py:188} INFO - [2025-07-03T17:42:49.204+0000] {dag.py:3823} INFO - Setting next_dagrun for example_subdag_operator.section-1 to None, run_after=None
[2025-07-03T17:42:49.206+0000] {logging_mixin.py:188} INFO - [2025-07-03T17:42:49.206+0000] {dag.py:3823} INFO - Setting next_dagrun for example_subdag_operator.section-2 to None, run_after=None
[2025-07-03T17:42:49.226+0000] {processor.py:183} INFO - Processing /home/airflow/.local/lib/python3.8/site-packages/airflow/example_dags/example_subdag_operator.py took 0.173 seconds
[2025-07-03T17:43:19.269+0000] {processor.py:161} INFO - Started process (PID=1174) to work on /home/airflow/.local/lib/python3.8/site-packages/airflow/example_dags/example_subdag_operator.py
[2025-07-03T17:43:19.270+0000] {processor.py:830} INFO - Processing file /home/airflow/.local/lib/python3.8/site-packages/airflow/example_dags/example_subdag_operator.py for tasks to queue
[2025-07-03T17:43:19.274+0000] {logging_mixin.py:188} INFO - [2025-07-03T17:43:19.273+0000] {dagbag.py:538} INFO - Filling up the DagBag from /home/airflow/.local/lib/python3.8/site-packages/airflow/example_dags/example_subdag_operator.py
[2025-07-03T17:43:19.336+0000] {processor.py:840} INFO - DAG(s) 'example_subdag_operator.section-1', 'example_subdag_operator.section-2', 'example_subdag_operator' retrieved from /home/airflow/.local/lib/python3.8/site-packages/airflow/example_dags/example_subdag_operator.py
[2025-07-03T17:43:19.422+0000] {logging_mixin.py:188} INFO - [2025-07-03T17:43:19.422+0000] {dag.py:3036} INFO - Sync 3 DAGs
[2025-07-03T17:43:19.547+0000] {logging_mixin.py:188} INFO - [2025-07-03T17:43:19.547+0000] {dag.py:3823} INFO - Setting next_dagrun for example_subdag_operator to 2022-01-01 00:00:00+00:00, run_after=2022-01-01 00:00:00+00:00
[2025-07-03T17:43:19.556+0000] {logging_mixin.py:188} INFO - [2025-07-03T17:43:19.556+0000] {dag.py:3823} INFO - Setting next_dagrun for example_subdag_operator.section-1 to None, run_after=None
[2025-07-03T17:43:19.559+0000] {logging_mixin.py:188} INFO - [2025-07-03T17:43:19.558+0000] {dag.py:3823} INFO - Setting next_dagrun for example_subdag_operator.section-2 to None, run_after=None
[2025-07-03T17:43:19.576+0000] {logging_mixin.py:188} INFO - [2025-07-03T17:43:19.575+0000] {dag.py:3036} INFO - Sync 2 DAGs
[2025-07-03T17:43:19.602+0000] {logging_mixin.py:188} INFO - [2025-07-03T17:43:19.602+0000] {dag.py:3823} INFO - Setting next_dagrun for example_subdag_operator.section-1 to None, run_after=None
[2025-07-03T17:43:19.603+0000] {logging_mixin.py:188} INFO - [2025-07-03T17:43:19.603+0000] {dag.py:3823} INFO - Setting next_dagrun for example_subdag_operator.section-2 to None, run_after=None
[2025-07-03T17:43:19.641+0000] {processor.py:183} INFO - Processing /home/airflow/.local/lib/python3.8/site-packages/airflow/example_dags/example_subdag_operator.py took 0.378 seconds
[2025-07-03T17:43:49.708+0000] {processor.py:161} INFO - Started process (PID=1240) to work on /home/airflow/.local/lib/python3.8/site-packages/airflow/example_dags/example_subdag_operator.py
[2025-07-03T17:43:49.710+0000] {processor.py:830} INFO - Processing file /home/airflow/.local/lib/python3.8/site-packages/airflow/example_dags/example_subdag_operator.py for tasks to queue
[2025-07-03T17:43:49.714+0000] {logging_mixin.py:188} INFO - [2025-07-03T17:43:49.713+0000] {dagbag.py:538} INFO - Filling up the DagBag from /home/airflow/.local/lib/python3.8/site-packages/airflow/example_dags/example_subdag_operator.py
[2025-07-03T17:43:49.752+0000] {processor.py:840} INFO - DAG(s) 'example_subdag_operator.section-1', 'example_subdag_operator.section-2', 'example_subdag_operator' retrieved from /home/airflow/.local/lib/python3.8/site-packages/airflow/example_dags/example_subdag_operator.py
[2025-07-03T17:43:49.783+0000] {logging_mixin.py:188} INFO - [2025-07-03T17:43:49.782+0000] {dag.py:3036} INFO - Sync 3 DAGs
[2025-07-03T17:43:49.850+0000] {logging_mixin.py:188} INFO - [2025-07-03T17:43:49.850+0000] {dag.py:3823} INFO - Setting next_dagrun for example_subdag_operator to 2022-01-01 00:00:00+00:00, run_after=2022-01-01 00:00:00+00:00
[2025-07-03T17:43:49.866+0000] {logging_mixin.py:188} INFO - [2025-07-03T17:43:49.866+0000] {dag.py:3823} INFO - Setting next_dagrun for example_subdag_operator.section-1 to None, run_after=None
[2025-07-03T17:43:49.883+0000] {logging_mixin.py:188} INFO - [2025-07-03T17:43:49.883+0000] {dag.py:3823} INFO - Setting next_dagrun for example_subdag_operator.section-2 to None, run_after=None
[2025-07-03T17:43:49.912+0000] {logging_mixin.py:188} INFO - [2025-07-03T17:43:49.912+0000] {dag.py:3036} INFO - Sync 2 DAGs
[2025-07-03T17:43:49.924+0000] {logging_mixin.py:188} INFO - [2025-07-03T17:43:49.923+0000] {dag.py:3823} INFO - Setting next_dagrun for example_subdag_operator.section-1 to None, run_after=None
[2025-07-03T17:43:49.925+0000] {logging_mixin.py:188} INFO - [2025-07-03T17:43:49.924+0000] {dag.py:3823} INFO - Setting next_dagrun for example_subdag_operator.section-2 to None, run_after=None
[2025-07-03T17:43:49.974+0000] {processor.py:183} INFO - Processing /home/airflow/.local/lib/python3.8/site-packages/airflow/example_dags/example_subdag_operator.py took 0.270 seconds
[2025-07-03T17:44:20.489+0000] {processor.py:161} INFO - Started process (PID=1305) to work on /home/airflow/.local/lib/python3.8/site-packages/airflow/example_dags/example_subdag_operator.py
[2025-07-03T17:44:20.492+0000] {processor.py:830} INFO - Processing file /home/airflow/.local/lib/python3.8/site-packages/airflow/example_dags/example_subdag_operator.py for tasks to queue
[2025-07-03T17:44:20.495+0000] {logging_mixin.py:188} INFO - [2025-07-03T17:44:20.495+0000] {dagbag.py:538} INFO - Filling up the DagBag from /home/airflow/.local/lib/python3.8/site-packages/airflow/example_dags/example_subdag_operator.py
[2025-07-03T17:44:20.526+0000] {processor.py:840} INFO - DAG(s) 'example_subdag_operator.section-1', 'example_subdag_operator.section-2', 'example_subdag_operator' retrieved from /home/airflow/.local/lib/python3.8/site-packages/airflow/example_dags/example_subdag_operator.py
[2025-07-03T17:44:20.549+0000] {logging_mixin.py:188} INFO - [2025-07-03T17:44:20.549+0000] {dag.py:3036} INFO - Sync 3 DAGs
[2025-07-03T17:44:20.590+0000] {logging_mixin.py:188} INFO - [2025-07-03T17:44:20.590+0000] {dag.py:3823} INFO - Setting next_dagrun for example_subdag_operator to 2022-01-01 00:00:00+00:00, run_after=2022-01-01 00:00:00+00:00
[2025-07-03T17:44:20.596+0000] {logging_mixin.py:188} INFO - [2025-07-03T17:44:20.595+0000] {dag.py:3823} INFO - Setting next_dagrun for example_subdag_operator.section-1 to None, run_after=None
[2025-07-03T17:44:20.597+0000] {logging_mixin.py:188} INFO - [2025-07-03T17:44:20.597+0000] {dag.py:3823} INFO - Setting next_dagrun for example_subdag_operator.section-2 to None, run_after=None
[2025-07-03T17:44:20.607+0000] {logging_mixin.py:188} INFO - [2025-07-03T17:44:20.606+0000] {dag.py:3036} INFO - Sync 2 DAGs
[2025-07-03T17:44:20.614+0000] {logging_mixin.py:188} INFO - [2025-07-03T17:44:20.614+0000] {dag.py:3823} INFO - Setting next_dagrun for example_subdag_operator.section-1 to None, run_after=None
[2025-07-03T17:44:20.615+0000] {logging_mixin.py:188} INFO - [2025-07-03T17:44:20.614+0000] {dag.py:3823} INFO - Setting next_dagrun for example_subdag_operator.section-2 to None, run_after=None
[2025-07-03T17:44:20.629+0000] {processor.py:183} INFO - Processing /home/airflow/.local/lib/python3.8/site-packages/airflow/example_dags/example_subdag_operator.py took 0.146 seconds
[2025-07-03T17:44:51.094+0000] {processor.py:161} INFO - Started process (PID=1370) to work on /home/airflow/.local/lib/python3.8/site-packages/airflow/example_dags/example_subdag_operator.py
[2025-07-03T17:44:51.095+0000] {processor.py:830} INFO - Processing file /home/airflow/.local/lib/python3.8/site-packages/airflow/example_dags/example_subdag_operator.py for tasks to queue
[2025-07-03T17:44:51.098+0000] {logging_mixin.py:188} INFO - [2025-07-03T17:44:51.098+0000] {dagbag.py:538} INFO - Filling up the DagBag from /home/airflow/.local/lib/python3.8/site-packages/airflow/example_dags/example_subdag_operator.py
[2025-07-03T17:44:51.134+0000] {processor.py:840} INFO - DAG(s) 'example_subdag_operator.section-1', 'example_subdag_operator.section-2', 'example_subdag_operator' retrieved from /home/airflow/.local/lib/python3.8/site-packages/airflow/example_dags/example_subdag_operator.py
[2025-07-03T17:44:51.162+0000] {logging_mixin.py:188} INFO - [2025-07-03T17:44:51.162+0000] {dag.py:3036} INFO - Sync 3 DAGs
[2025-07-03T17:44:51.202+0000] {logging_mixin.py:188} INFO - [2025-07-03T17:44:51.200+0000] {dag.py:3823} INFO - Setting next_dagrun for example_subdag_operator to 2022-01-01 00:00:00+00:00, run_after=2022-01-01 00:00:00+00:00
[2025-07-03T17:44:51.209+0000] {logging_mixin.py:188} INFO - [2025-07-03T17:44:51.209+0000] {dag.py:3823} INFO - Setting next_dagrun for example_subdag_operator.section-1 to None, run_after=None
[2025-07-03T17:44:51.212+0000] {logging_mixin.py:188} INFO - [2025-07-03T17:44:51.211+0000] {dag.py:3823} INFO - Setting next_dagrun for example_subdag_operator.section-2 to None, run_after=None
[2025-07-03T17:44:51.223+0000] {logging_mixin.py:188} INFO - [2025-07-03T17:44:51.222+0000] {dag.py:3036} INFO - Sync 2 DAGs
[2025-07-03T17:44:51.231+0000] {logging_mixin.py:188} INFO - [2025-07-03T17:44:51.231+0000] {dag.py:3823} INFO - Setting next_dagrun for example_subdag_operator.section-1 to None, run_after=None
[2025-07-03T17:44:51.232+0000] {logging_mixin.py:188} INFO - [2025-07-03T17:44:51.231+0000] {dag.py:3823} INFO - Setting next_dagrun for example_subdag_operator.section-2 to None, run_after=None
[2025-07-03T17:44:51.246+0000] {processor.py:183} INFO - Processing /home/airflow/.local/lib/python3.8/site-packages/airflow/example_dags/example_subdag_operator.py took 0.158 seconds
[2025-07-03T17:45:21.629+0000] {processor.py:161} INFO - Started process (PID=1435) to work on /home/airflow/.local/lib/python3.8/site-packages/airflow/example_dags/example_subdag_operator.py
[2025-07-03T17:45:21.631+0000] {processor.py:830} INFO - Processing file /home/airflow/.local/lib/python3.8/site-packages/airflow/example_dags/example_subdag_operator.py for tasks to queue
[2025-07-03T17:45:21.634+0000] {logging_mixin.py:188} INFO - [2025-07-03T17:45:21.634+0000] {dagbag.py:538} INFO - Filling up the DagBag from /home/airflow/.local/lib/python3.8/site-packages/airflow/example_dags/example_subdag_operator.py
[2025-07-03T17:45:21.673+0000] {processor.py:840} INFO - DAG(s) 'example_subdag_operator.section-1', 'example_subdag_operator.section-2', 'example_subdag_operator' retrieved from /home/airflow/.local/lib/python3.8/site-packages/airflow/example_dags/example_subdag_operator.py
[2025-07-03T17:45:21.703+0000] {logging_mixin.py:188} INFO - [2025-07-03T17:45:21.702+0000] {dag.py:3036} INFO - Sync 3 DAGs
[2025-07-03T17:45:21.732+0000] {logging_mixin.py:188} INFO - [2025-07-03T17:45:21.732+0000] {dag.py:3823} INFO - Setting next_dagrun for example_subdag_operator to 2022-01-01 00:00:00+00:00, run_after=2022-01-01 00:00:00+00:00
[2025-07-03T17:45:21.737+0000] {logging_mixin.py:188} INFO - [2025-07-03T17:45:21.737+0000] {dag.py:3823} INFO - Setting next_dagrun for example_subdag_operator.section-1 to None, run_after=None
[2025-07-03T17:45:21.739+0000] {logging_mixin.py:188} INFO - [2025-07-03T17:45:21.739+0000] {dag.py:3823} INFO - Setting next_dagrun for example_subdag_operator.section-2 to None, run_after=None
[2025-07-03T17:45:21.750+0000] {logging_mixin.py:188} INFO - [2025-07-03T17:45:21.749+0000] {dag.py:3036} INFO - Sync 2 DAGs
[2025-07-03T17:45:21.757+0000] {logging_mixin.py:188} INFO - [2025-07-03T17:45:21.757+0000] {dag.py:3823} INFO - Setting next_dagrun for example_subdag_operator.section-1 to None, run_after=None
[2025-07-03T17:45:21.758+0000] {logging_mixin.py:188} INFO - [2025-07-03T17:45:21.757+0000] {dag.py:3823} INFO - Setting next_dagrun for example_subdag_operator.section-2 to None, run_after=None
[2025-07-03T17:45:21.772+0000] {processor.py:183} INFO - Processing /home/airflow/.local/lib/python3.8/site-packages/airflow/example_dags/example_subdag_operator.py took 0.151 seconds
[2025-07-03T17:45:52.604+0000] {processor.py:161} INFO - Started process (PID=1500) to work on /home/airflow/.local/lib/python3.8/site-packages/airflow/example_dags/example_subdag_operator.py
[2025-07-03T17:45:52.618+0000] {processor.py:830} INFO - Processing file /home/airflow/.local/lib/python3.8/site-packages/airflow/example_dags/example_subdag_operator.py for tasks to queue
[2025-07-03T17:45:52.621+0000] {logging_mixin.py:188} INFO - [2025-07-03T17:45:52.621+0000] {dagbag.py:538} INFO - Filling up the DagBag from /home/airflow/.local/lib/python3.8/site-packages/airflow/example_dags/example_subdag_operator.py
[2025-07-03T17:45:52.691+0000] {processor.py:840} INFO - DAG(s) 'example_subdag_operator.section-1', 'example_subdag_operator.section-2', 'example_subdag_operator' retrieved from /home/airflow/.local/lib/python3.8/site-packages/airflow/example_dags/example_subdag_operator.py
[2025-07-03T17:45:52.722+0000] {logging_mixin.py:188} INFO - [2025-07-03T17:45:52.721+0000] {dag.py:3036} INFO - Sync 3 DAGs
[2025-07-03T17:45:52.763+0000] {logging_mixin.py:188} INFO - [2025-07-03T17:45:52.763+0000] {dag.py:3823} INFO - Setting next_dagrun for example_subdag_operator to 2022-01-01 00:00:00+00:00, run_after=2022-01-01 00:00:00+00:00
[2025-07-03T17:45:52.770+0000] {logging_mixin.py:188} INFO - [2025-07-03T17:45:52.770+0000] {dag.py:3823} INFO - Setting next_dagrun for example_subdag_operator.section-1 to None, run_after=None
[2025-07-03T17:45:52.773+0000] {logging_mixin.py:188} INFO - [2025-07-03T17:45:52.773+0000] {dag.py:3823} INFO - Setting next_dagrun for example_subdag_operator.section-2 to None, run_after=None
[2025-07-03T17:45:52.786+0000] {logging_mixin.py:188} INFO - [2025-07-03T17:45:52.785+0000] {dag.py:3036} INFO - Sync 2 DAGs
[2025-07-03T17:45:52.797+0000] {logging_mixin.py:188} INFO - [2025-07-03T17:45:52.797+0000] {dag.py:3823} INFO - Setting next_dagrun for example_subdag_operator.section-1 to None, run_after=None
[2025-07-03T17:45:52.798+0000] {logging_mixin.py:188} INFO - [2025-07-03T17:45:52.798+0000] {dag.py:3823} INFO - Setting next_dagrun for example_subdag_operator.section-2 to None, run_after=None
[2025-07-03T17:45:52.821+0000] {processor.py:183} INFO - Processing /home/airflow/.local/lib/python3.8/site-packages/airflow/example_dags/example_subdag_operator.py took 0.236 seconds
[2025-07-03T17:46:23.006+0000] {processor.py:161} INFO - Started process (PID=1565) to work on /home/airflow/.local/lib/python3.8/site-packages/airflow/example_dags/example_subdag_operator.py
[2025-07-03T17:46:23.008+0000] {processor.py:830} INFO - Processing file /home/airflow/.local/lib/python3.8/site-packages/airflow/example_dags/example_subdag_operator.py for tasks to queue
[2025-07-03T17:46:23.011+0000] {logging_mixin.py:188} INFO - [2025-07-03T17:46:23.011+0000] {dagbag.py:538} INFO - Filling up the DagBag from /home/airflow/.local/lib/python3.8/site-packages/airflow/example_dags/example_subdag_operator.py
[2025-07-03T17:46:23.061+0000] {processor.py:840} INFO - DAG(s) 'example_subdag_operator.section-1', 'example_subdag_operator.section-2', 'example_subdag_operator' retrieved from /home/airflow/.local/lib/python3.8/site-packages/airflow/example_dags/example_subdag_operator.py
[2025-07-03T17:46:23.092+0000] {logging_mixin.py:188} INFO - [2025-07-03T17:46:23.091+0000] {dag.py:3036} INFO - Sync 3 DAGs
[2025-07-03T17:46:23.133+0000] {logging_mixin.py:188} INFO - [2025-07-03T17:46:23.132+0000] {dag.py:3823} INFO - Setting next_dagrun for example_subdag_operator to 2022-01-01 00:00:00+00:00, run_after=2022-01-01 00:00:00+00:00
[2025-07-03T17:46:23.140+0000] {logging_mixin.py:188} INFO - [2025-07-03T17:46:23.140+0000] {dag.py:3823} INFO - Setting next_dagrun for example_subdag_operator.section-1 to None, run_after=None
[2025-07-03T17:46:23.143+0000] {logging_mixin.py:188} INFO - [2025-07-03T17:46:23.142+0000] {dag.py:3823} INFO - Setting next_dagrun for example_subdag_operator.section-2 to None, run_after=None
[2025-07-03T17:46:23.155+0000] {logging_mixin.py:188} INFO - [2025-07-03T17:46:23.155+0000] {dag.py:3036} INFO - Sync 2 DAGs
[2025-07-03T17:46:23.165+0000] {logging_mixin.py:188} INFO - [2025-07-03T17:46:23.165+0000] {dag.py:3823} INFO - Setting next_dagrun for example_subdag_operator.section-1 to None, run_after=None
[2025-07-03T17:46:23.166+0000] {logging_mixin.py:188} INFO - [2025-07-03T17:46:23.166+0000] {dag.py:3823} INFO - Setting next_dagrun for example_subdag_operator.section-2 to None, run_after=None
[2025-07-03T17:46:23.183+0000] {processor.py:183} INFO - Processing /home/airflow/.local/lib/python3.8/site-packages/airflow/example_dags/example_subdag_operator.py took 0.183 seconds
[2025-07-03T17:46:53.329+0000] {processor.py:161} INFO - Started process (PID=1629) to work on /home/airflow/.local/lib/python3.8/site-packages/airflow/example_dags/example_subdag_operator.py
[2025-07-03T17:46:53.330+0000] {processor.py:830} INFO - Processing file /home/airflow/.local/lib/python3.8/site-packages/airflow/example_dags/example_subdag_operator.py for tasks to queue
[2025-07-03T17:46:53.333+0000] {logging_mixin.py:188} INFO - [2025-07-03T17:46:53.333+0000] {dagbag.py:538} INFO - Filling up the DagBag from /home/airflow/.local/lib/python3.8/site-packages/airflow/example_dags/example_subdag_operator.py
[2025-07-03T17:46:53.371+0000] {processor.py:840} INFO - DAG(s) 'example_subdag_operator.section-1', 'example_subdag_operator.section-2', 'example_subdag_operator' retrieved from /home/airflow/.local/lib/python3.8/site-packages/airflow/example_dags/example_subdag_operator.py
[2025-07-03T17:46:53.403+0000] {logging_mixin.py:188} INFO - [2025-07-03T17:46:53.402+0000] {dag.py:3036} INFO - Sync 3 DAGs
[2025-07-03T17:46:53.447+0000] {logging_mixin.py:188} INFO - [2025-07-03T17:46:53.447+0000] {dag.py:3823} INFO - Setting next_dagrun for example_subdag_operator to 2022-01-01 00:00:00+00:00, run_after=2022-01-01 00:00:00+00:00
[2025-07-03T17:46:53.454+0000] {logging_mixin.py:188} INFO - [2025-07-03T17:46:53.453+0000] {dag.py:3823} INFO - Setting next_dagrun for example_subdag_operator.section-1 to None, run_after=None
[2025-07-03T17:46:53.456+0000] {logging_mixin.py:188} INFO - [2025-07-03T17:46:53.456+0000] {dag.py:3823} INFO - Setting next_dagrun for example_subdag_operator.section-2 to None, run_after=None
[2025-07-03T17:46:53.469+0000] {logging_mixin.py:188} INFO - [2025-07-03T17:46:53.468+0000] {dag.py:3036} INFO - Sync 2 DAGs
[2025-07-03T17:46:53.484+0000] {logging_mixin.py:188} INFO - [2025-07-03T17:46:53.484+0000] {dag.py:3823} INFO - Setting next_dagrun for example_subdag_operator.section-1 to None, run_after=None
[2025-07-03T17:46:53.485+0000] {logging_mixin.py:188} INFO - [2025-07-03T17:46:53.485+0000] {dag.py:3823} INFO - Setting next_dagrun for example_subdag_operator.section-2 to None, run_after=None
[2025-07-03T17:46:53.504+0000] {processor.py:183} INFO - Processing /home/airflow/.local/lib/python3.8/site-packages/airflow/example_dags/example_subdag_operator.py took 0.180 seconds
[2025-07-03T17:47:23.815+0000] {processor.py:161} INFO - Started process (PID=1694) to work on /home/airflow/.local/lib/python3.8/site-packages/airflow/example_dags/example_subdag_operator.py
[2025-07-03T17:47:23.817+0000] {processor.py:830} INFO - Processing file /home/airflow/.local/lib/python3.8/site-packages/airflow/example_dags/example_subdag_operator.py for tasks to queue
[2025-07-03T17:47:23.820+0000] {logging_mixin.py:188} INFO - [2025-07-03T17:47:23.819+0000] {dagbag.py:538} INFO - Filling up the DagBag from /home/airflow/.local/lib/python3.8/site-packages/airflow/example_dags/example_subdag_operator.py
[2025-07-03T17:47:23.859+0000] {processor.py:840} INFO - DAG(s) 'example_subdag_operator.section-1', 'example_subdag_operator.section-2', 'example_subdag_operator' retrieved from /home/airflow/.local/lib/python3.8/site-packages/airflow/example_dags/example_subdag_operator.py
[2025-07-03T17:47:23.890+0000] {logging_mixin.py:188} INFO - [2025-07-03T17:47:23.889+0000] {dag.py:3036} INFO - Sync 3 DAGs
[2025-07-03T17:47:23.931+0000] {logging_mixin.py:188} INFO - [2025-07-03T17:47:23.931+0000] {dag.py:3823} INFO - Setting next_dagrun for example_subdag_operator to 2022-01-01 00:00:00+00:00, run_after=2022-01-01 00:00:00+00:00
[2025-07-03T17:47:23.938+0000] {logging_mixin.py:188} INFO - [2025-07-03T17:47:23.937+0000] {dag.py:3823} INFO - Setting next_dagrun for example_subdag_operator.section-1 to None, run_after=None
[2025-07-03T17:47:23.940+0000] {logging_mixin.py:188} INFO - [2025-07-03T17:47:23.940+0000] {dag.py:3823} INFO - Setting next_dagrun for example_subdag_operator.section-2 to None, run_after=None
[2025-07-03T17:47:23.952+0000] {logging_mixin.py:188} INFO - [2025-07-03T17:47:23.952+0000] {dag.py:3036} INFO - Sync 2 DAGs
[2025-07-03T17:47:23.963+0000] {logging_mixin.py:188} INFO - [2025-07-03T17:47:23.963+0000] {dag.py:3823} INFO - Setting next_dagrun for example_subdag_operator.section-1 to None, run_after=None
[2025-07-03T17:47:23.964+0000] {logging_mixin.py:188} INFO - [2025-07-03T17:47:23.964+0000] {dag.py:3823} INFO - Setting next_dagrun for example_subdag_operator.section-2 to None, run_after=None
[2025-07-03T17:47:23.981+0000] {processor.py:183} INFO - Processing /home/airflow/.local/lib/python3.8/site-packages/airflow/example_dags/example_subdag_operator.py took 0.171 seconds
[2025-07-03T17:47:54.024+0000] {processor.py:161} INFO - Started process (PID=1759) to work on /home/airflow/.local/lib/python3.8/site-packages/airflow/example_dags/example_subdag_operator.py
[2025-07-03T17:47:54.025+0000] {processor.py:830} INFO - Processing file /home/airflow/.local/lib/python3.8/site-packages/airflow/example_dags/example_subdag_operator.py for tasks to queue
[2025-07-03T17:47:54.028+0000] {logging_mixin.py:188} INFO - [2025-07-03T17:47:54.027+0000] {dagbag.py:538} INFO - Filling up the DagBag from /home/airflow/.local/lib/python3.8/site-packages/airflow/example_dags/example_subdag_operator.py
[2025-07-03T17:47:54.059+0000] {processor.py:840} INFO - DAG(s) 'example_subdag_operator.section-1', 'example_subdag_operator.section-2', 'example_subdag_operator' retrieved from /home/airflow/.local/lib/python3.8/site-packages/airflow/example_dags/example_subdag_operator.py
[2025-07-03T17:47:54.083+0000] {logging_mixin.py:188} INFO - [2025-07-03T17:47:54.082+0000] {dag.py:3036} INFO - Sync 3 DAGs
[2025-07-03T17:47:54.114+0000] {logging_mixin.py:188} INFO - [2025-07-03T17:47:54.113+0000] {dag.py:3823} INFO - Setting next_dagrun for example_subdag_operator to 2022-01-01 00:00:00+00:00, run_after=2022-01-01 00:00:00+00:00
[2025-07-03T17:47:54.119+0000] {logging_mixin.py:188} INFO - [2025-07-03T17:47:54.118+0000] {dag.py:3823} INFO - Setting next_dagrun for example_subdag_operator.section-1 to None, run_after=None
[2025-07-03T17:47:54.121+0000] {logging_mixin.py:188} INFO - [2025-07-03T17:47:54.120+0000] {dag.py:3823} INFO - Setting next_dagrun for example_subdag_operator.section-2 to None, run_after=None
[2025-07-03T17:47:54.130+0000] {logging_mixin.py:188} INFO - [2025-07-03T17:47:54.130+0000] {dag.py:3036} INFO - Sync 2 DAGs
[2025-07-03T17:47:54.138+0000] {logging_mixin.py:188} INFO - [2025-07-03T17:47:54.137+0000] {dag.py:3823} INFO - Setting next_dagrun for example_subdag_operator.section-1 to None, run_after=None
[2025-07-03T17:47:54.138+0000] {logging_mixin.py:188} INFO - [2025-07-03T17:47:54.138+0000] {dag.py:3823} INFO - Setting next_dagrun for example_subdag_operator.section-2 to None, run_after=None
[2025-07-03T17:47:54.156+0000] {processor.py:183} INFO - Processing /home/airflow/.local/lib/python3.8/site-packages/airflow/example_dags/example_subdag_operator.py took 0.136 seconds
[2025-07-03T17:48:24.502+0000] {processor.py:161} INFO - Started process (PID=1824) to work on /home/airflow/.local/lib/python3.8/site-packages/airflow/example_dags/example_subdag_operator.py
[2025-07-03T17:48:24.504+0000] {processor.py:830} INFO - Processing file /home/airflow/.local/lib/python3.8/site-packages/airflow/example_dags/example_subdag_operator.py for tasks to queue
[2025-07-03T17:48:24.507+0000] {logging_mixin.py:188} INFO - [2025-07-03T17:48:24.506+0000] {dagbag.py:538} INFO - Filling up the DagBag from /home/airflow/.local/lib/python3.8/site-packages/airflow/example_dags/example_subdag_operator.py
[2025-07-03T17:48:24.543+0000] {processor.py:840} INFO - DAG(s) 'example_subdag_operator.section-1', 'example_subdag_operator.section-2', 'example_subdag_operator' retrieved from /home/airflow/.local/lib/python3.8/site-packages/airflow/example_dags/example_subdag_operator.py
[2025-07-03T17:48:24.572+0000] {logging_mixin.py:188} INFO - [2025-07-03T17:48:24.572+0000] {dag.py:3036} INFO - Sync 3 DAGs
[2025-07-03T17:48:24.607+0000] {logging_mixin.py:188} INFO - [2025-07-03T17:48:24.607+0000] {dag.py:3823} INFO - Setting next_dagrun for example_subdag_operator to 2022-01-01 00:00:00+00:00, run_after=2022-01-01 00:00:00+00:00
[2025-07-03T17:48:24.618+0000] {logging_mixin.py:188} INFO - [2025-07-03T17:48:24.617+0000] {dag.py:3823} INFO - Setting next_dagrun for example_subdag_operator.section-1 to None, run_after=None
[2025-07-03T17:48:24.621+0000] {logging_mixin.py:188} INFO - [2025-07-03T17:48:24.620+0000] {dag.py:3823} INFO - Setting next_dagrun for example_subdag_operator.section-2 to None, run_after=None
[2025-07-03T17:48:24.634+0000] {logging_mixin.py:188} INFO - [2025-07-03T17:48:24.634+0000] {dag.py:3036} INFO - Sync 2 DAGs
[2025-07-03T17:48:24.643+0000] {logging_mixin.py:188} INFO - [2025-07-03T17:48:24.643+0000] {dag.py:3823} INFO - Setting next_dagrun for example_subdag_operator.section-1 to None, run_after=None
[2025-07-03T17:48:24.644+0000] {logging_mixin.py:188} INFO - [2025-07-03T17:48:24.644+0000] {dag.py:3823} INFO - Setting next_dagrun for example_subdag_operator.section-2 to None, run_after=None
[2025-07-03T17:48:24.660+0000] {processor.py:183} INFO - Processing /home/airflow/.local/lib/python3.8/site-packages/airflow/example_dags/example_subdag_operator.py took 0.163 seconds
[2025-07-03T17:48:55.054+0000] {processor.py:161} INFO - Started process (PID=1890) to work on /home/airflow/.local/lib/python3.8/site-packages/airflow/example_dags/example_subdag_operator.py
[2025-07-03T17:48:55.056+0000] {processor.py:830} INFO - Processing file /home/airflow/.local/lib/python3.8/site-packages/airflow/example_dags/example_subdag_operator.py for tasks to queue
[2025-07-03T17:48:55.059+0000] {logging_mixin.py:188} INFO - [2025-07-03T17:48:55.058+0000] {dagbag.py:538} INFO - Filling up the DagBag from /home/airflow/.local/lib/python3.8/site-packages/airflow/example_dags/example_subdag_operator.py
[2025-07-03T17:48:55.102+0000] {processor.py:840} INFO - DAG(s) 'example_subdag_operator.section-1', 'example_subdag_operator.section-2', 'example_subdag_operator' retrieved from /home/airflow/.local/lib/python3.8/site-packages/airflow/example_dags/example_subdag_operator.py
[2025-07-03T17:48:55.130+0000] {logging_mixin.py:188} INFO - [2025-07-03T17:48:55.129+0000] {dag.py:3036} INFO - Sync 3 DAGs
[2025-07-03T17:48:55.171+0000] {logging_mixin.py:188} INFO - [2025-07-03T17:48:55.171+0000] {dag.py:3823} INFO - Setting next_dagrun for example_subdag_operator to 2022-01-01 00:00:00+00:00, run_after=2022-01-01 00:00:00+00:00
[2025-07-03T17:48:55.176+0000] {logging_mixin.py:188} INFO - [2025-07-03T17:48:55.176+0000] {dag.py:3823} INFO - Setting next_dagrun for example_subdag_operator.section-1 to None, run_after=None
[2025-07-03T17:48:55.178+0000] {logging_mixin.py:188} INFO - [2025-07-03T17:48:55.178+0000] {dag.py:3823} INFO - Setting next_dagrun for example_subdag_operator.section-2 to None, run_after=None
[2025-07-03T17:48:55.189+0000] {logging_mixin.py:188} INFO - [2025-07-03T17:48:55.189+0000] {dag.py:3036} INFO - Sync 2 DAGs
[2025-07-03T17:48:55.199+0000] {logging_mixin.py:188} INFO - [2025-07-03T17:48:55.198+0000] {dag.py:3823} INFO - Setting next_dagrun for example_subdag_operator.section-1 to None, run_after=None
[2025-07-03T17:48:55.199+0000] {logging_mixin.py:188} INFO - [2025-07-03T17:48:55.199+0000] {dag.py:3823} INFO - Setting next_dagrun for example_subdag_operator.section-2 to None, run_after=None
[2025-07-03T17:48:55.222+0000] {processor.py:183} INFO - Processing /home/airflow/.local/lib/python3.8/site-packages/airflow/example_dags/example_subdag_operator.py took 0.177 seconds
[2025-07-03T17:49:25.936+0000] {processor.py:161} INFO - Started process (PID=1953) to work on /home/airflow/.local/lib/python3.8/site-packages/airflow/example_dags/example_subdag_operator.py
[2025-07-03T17:49:25.945+0000] {processor.py:830} INFO - Processing file /home/airflow/.local/lib/python3.8/site-packages/airflow/example_dags/example_subdag_operator.py for tasks to queue
[2025-07-03T17:49:25.960+0000] {logging_mixin.py:188} INFO - [2025-07-03T17:49:25.959+0000] {dagbag.py:538} INFO - Filling up the DagBag from /home/airflow/.local/lib/python3.8/site-packages/airflow/example_dags/example_subdag_operator.py
[2025-07-03T17:49:26.049+0000] {processor.py:840} INFO - DAG(s) 'example_subdag_operator.section-1', 'example_subdag_operator.section-2', 'example_subdag_operator' retrieved from /home/airflow/.local/lib/python3.8/site-packages/airflow/example_dags/example_subdag_operator.py
[2025-07-03T17:49:26.110+0000] {logging_mixin.py:188} INFO - [2025-07-03T17:49:26.109+0000] {dag.py:3036} INFO - Sync 3 DAGs
[2025-07-03T17:49:26.190+0000] {logging_mixin.py:188} INFO - [2025-07-03T17:49:26.189+0000] {dag.py:3823} INFO - Setting next_dagrun for example_subdag_operator to 2022-01-01 00:00:00+00:00, run_after=2022-01-01 00:00:00+00:00
[2025-07-03T17:49:26.206+0000] {logging_mixin.py:188} INFO - [2025-07-03T17:49:26.206+0000] {dag.py:3823} INFO - Setting next_dagrun for example_subdag_operator.section-1 to None, run_after=None
[2025-07-03T17:49:26.209+0000] {logging_mixin.py:188} INFO - [2025-07-03T17:49:26.209+0000] {dag.py:3823} INFO - Setting next_dagrun for example_subdag_operator.section-2 to None, run_after=None
[2025-07-03T17:49:26.231+0000] {logging_mixin.py:188} INFO - [2025-07-03T17:49:26.230+0000] {dag.py:3036} INFO - Sync 2 DAGs
[2025-07-03T17:49:26.249+0000] {logging_mixin.py:188} INFO - [2025-07-03T17:49:26.249+0000] {dag.py:3823} INFO - Setting next_dagrun for example_subdag_operator.section-1 to None, run_after=None
[2025-07-03T17:49:26.251+0000] {logging_mixin.py:188} INFO - [2025-07-03T17:49:26.250+0000] {dag.py:3823} INFO - Setting next_dagrun for example_subdag_operator.section-2 to None, run_after=None
[2025-07-03T17:49:26.293+0000] {processor.py:183} INFO - Processing /home/airflow/.local/lib/python3.8/site-packages/airflow/example_dags/example_subdag_operator.py took 0.383 seconds
[2025-07-03T17:49:56.523+0000] {processor.py:161} INFO - Started process (PID=2019) to work on /home/airflow/.local/lib/python3.8/site-packages/airflow/example_dags/example_subdag_operator.py
[2025-07-03T17:49:56.525+0000] {processor.py:830} INFO - Processing file /home/airflow/.local/lib/python3.8/site-packages/airflow/example_dags/example_subdag_operator.py for tasks to queue
[2025-07-03T17:49:56.527+0000] {logging_mixin.py:188} INFO - [2025-07-03T17:49:56.527+0000] {dagbag.py:538} INFO - Filling up the DagBag from /home/airflow/.local/lib/python3.8/site-packages/airflow/example_dags/example_subdag_operator.py
[2025-07-03T17:49:56.566+0000] {processor.py:840} INFO - DAG(s) 'example_subdag_operator.section-1', 'example_subdag_operator.section-2', 'example_subdag_operator' retrieved from /home/airflow/.local/lib/python3.8/site-packages/airflow/example_dags/example_subdag_operator.py
[2025-07-03T17:49:56.602+0000] {logging_mixin.py:188} INFO - [2025-07-03T17:49:56.601+0000] {dag.py:3036} INFO - Sync 3 DAGs
[2025-07-03T17:49:56.643+0000] {logging_mixin.py:188} INFO - [2025-07-03T17:49:56.642+0000] {dag.py:3823} INFO - Setting next_dagrun for example_subdag_operator to 2022-01-01 00:00:00+00:00, run_after=2022-01-01 00:00:00+00:00
[2025-07-03T17:49:56.649+0000] {logging_mixin.py:188} INFO - [2025-07-03T17:49:56.649+0000] {dag.py:3823} INFO - Setting next_dagrun for example_subdag_operator.section-1 to None, run_after=None
[2025-07-03T17:49:56.652+0000] {logging_mixin.py:188} INFO - [2025-07-03T17:49:56.652+0000] {dag.py:3823} INFO - Setting next_dagrun for example_subdag_operator.section-2 to None, run_after=None
[2025-07-03T17:49:56.665+0000] {logging_mixin.py:188} INFO - [2025-07-03T17:49:56.665+0000] {dag.py:3036} INFO - Sync 2 DAGs
[2025-07-03T17:49:56.675+0000] {logging_mixin.py:188} INFO - [2025-07-03T17:49:56.675+0000] {dag.py:3823} INFO - Setting next_dagrun for example_subdag_operator.section-1 to None, run_after=None
[2025-07-03T17:49:56.676+0000] {logging_mixin.py:188} INFO - [2025-07-03T17:49:56.676+0000] {dag.py:3823} INFO - Setting next_dagrun for example_subdag_operator.section-2 to None, run_after=None
[2025-07-03T17:49:56.695+0000] {processor.py:183} INFO - Processing /home/airflow/.local/lib/python3.8/site-packages/airflow/example_dags/example_subdag_operator.py took 0.185 seconds
[2025-07-03T17:50:27.277+0000] {processor.py:161} INFO - Started process (PID=2085) to work on /home/airflow/.local/lib/python3.8/site-packages/airflow/example_dags/example_subdag_operator.py
[2025-07-03T17:50:27.279+0000] {processor.py:830} INFO - Processing file /home/airflow/.local/lib/python3.8/site-packages/airflow/example_dags/example_subdag_operator.py for tasks to queue
[2025-07-03T17:50:27.282+0000] {logging_mixin.py:188} INFO - [2025-07-03T17:50:27.281+0000] {dagbag.py:538} INFO - Filling up the DagBag from /home/airflow/.local/lib/python3.8/site-packages/airflow/example_dags/example_subdag_operator.py
[2025-07-03T17:50:27.344+0000] {processor.py:840} INFO - DAG(s) 'example_subdag_operator.section-1', 'example_subdag_operator.section-2', 'example_subdag_operator' retrieved from /home/airflow/.local/lib/python3.8/site-packages/airflow/example_dags/example_subdag_operator.py
[2025-07-03T17:50:27.385+0000] {logging_mixin.py:188} INFO - [2025-07-03T17:50:27.384+0000] {dag.py:3036} INFO - Sync 3 DAGs
[2025-07-03T17:50:27.447+0000] {logging_mixin.py:188} INFO - [2025-07-03T17:50:27.447+0000] {dag.py:3823} INFO - Setting next_dagrun for example_subdag_operator to 2022-01-01 00:00:00+00:00, run_after=2022-01-01 00:00:00+00:00
[2025-07-03T17:50:27.454+0000] {logging_mixin.py:188} INFO - [2025-07-03T17:50:27.454+0000] {dag.py:3823} INFO - Setting next_dagrun for example_subdag_operator.section-1 to None, run_after=None
[2025-07-03T17:50:27.458+0000] {logging_mixin.py:188} INFO - [2025-07-03T17:50:27.457+0000] {dag.py:3823} INFO - Setting next_dagrun for example_subdag_operator.section-2 to None, run_after=None
[2025-07-03T17:50:27.471+0000] {logging_mixin.py:188} INFO - [2025-07-03T17:50:27.470+0000] {dag.py:3036} INFO - Sync 2 DAGs
[2025-07-03T17:50:27.480+0000] {logging_mixin.py:188} INFO - [2025-07-03T17:50:27.480+0000] {dag.py:3823} INFO - Setting next_dagrun for example_subdag_operator.section-1 to None, run_after=None
[2025-07-03T17:50:27.481+0000] {logging_mixin.py:188} INFO - [2025-07-03T17:50:27.481+0000] {dag.py:3823} INFO - Setting next_dagrun for example_subdag_operator.section-2 to None, run_after=None
[2025-07-03T17:50:27.500+0000] {processor.py:183} INFO - Processing /home/airflow/.local/lib/python3.8/site-packages/airflow/example_dags/example_subdag_operator.py took 0.227 seconds
[2025-07-03T17:50:57.682+0000] {processor.py:161} INFO - Started process (PID=2149) to work on /home/airflow/.local/lib/python3.8/site-packages/airflow/example_dags/example_subdag_operator.py
[2025-07-03T17:50:57.683+0000] {processor.py:830} INFO - Processing file /home/airflow/.local/lib/python3.8/site-packages/airflow/example_dags/example_subdag_operator.py for tasks to queue
[2025-07-03T17:50:57.685+0000] {logging_mixin.py:188} INFO - [2025-07-03T17:50:57.685+0000] {dagbag.py:538} INFO - Filling up the DagBag from /home/airflow/.local/lib/python3.8/site-packages/airflow/example_dags/example_subdag_operator.py
[2025-07-03T17:50:57.717+0000] {processor.py:840} INFO - DAG(s) 'example_subdag_operator.section-1', 'example_subdag_operator.section-2', 'example_subdag_operator' retrieved from /home/airflow/.local/lib/python3.8/site-packages/airflow/example_dags/example_subdag_operator.py
[2025-07-03T17:50:57.739+0000] {logging_mixin.py:188} INFO - [2025-07-03T17:50:57.739+0000] {dag.py:3036} INFO - Sync 3 DAGs
[2025-07-03T17:50:57.769+0000] {logging_mixin.py:188} INFO - [2025-07-03T17:50:57.769+0000] {dag.py:3823} INFO - Setting next_dagrun for example_subdag_operator to 2022-01-01 00:00:00+00:00, run_after=2022-01-01 00:00:00+00:00
[2025-07-03T17:50:57.774+0000] {logging_mixin.py:188} INFO - [2025-07-03T17:50:57.774+0000] {dag.py:3823} INFO - Setting next_dagrun for example_subdag_operator.section-1 to None, run_after=None
[2025-07-03T17:50:57.776+0000] {logging_mixin.py:188} INFO - [2025-07-03T17:50:57.776+0000] {dag.py:3823} INFO - Setting next_dagrun for example_subdag_operator.section-2 to None, run_after=None
[2025-07-03T17:50:57.785+0000] {logging_mixin.py:188} INFO - [2025-07-03T17:50:57.785+0000] {dag.py:3036} INFO - Sync 2 DAGs
[2025-07-03T17:50:57.793+0000] {logging_mixin.py:188} INFO - [2025-07-03T17:50:57.793+0000] {dag.py:3823} INFO - Setting next_dagrun for example_subdag_operator.section-1 to None, run_after=None
[2025-07-03T17:50:57.794+0000] {logging_mixin.py:188} INFO - [2025-07-03T17:50:57.794+0000] {dag.py:3823} INFO - Setting next_dagrun for example_subdag_operator.section-2 to None, run_after=None
[2025-07-03T17:50:57.811+0000] {processor.py:183} INFO - Processing /home/airflow/.local/lib/python3.8/site-packages/airflow/example_dags/example_subdag_operator.py took 0.132 seconds
[2025-07-03T17:51:28.184+0000] {processor.py:161} INFO - Started process (PID=2214) to work on /home/airflow/.local/lib/python3.8/site-packages/airflow/example_dags/example_subdag_operator.py
[2025-07-03T17:51:28.242+0000] {processor.py:830} INFO - Processing file /home/airflow/.local/lib/python3.8/site-packages/airflow/example_dags/example_subdag_operator.py for tasks to queue
[2025-07-03T17:51:28.244+0000] {logging_mixin.py:188} INFO - [2025-07-03T17:51:28.244+0000] {dagbag.py:538} INFO - Filling up the DagBag from /home/airflow/.local/lib/python3.8/site-packages/airflow/example_dags/example_subdag_operator.py
[2025-07-03T17:51:28.275+0000] {processor.py:840} INFO - DAG(s) 'example_subdag_operator.section-1', 'example_subdag_operator.section-2', 'example_subdag_operator' retrieved from /home/airflow/.local/lib/python3.8/site-packages/airflow/example_dags/example_subdag_operator.py
[2025-07-03T17:51:28.299+0000] {logging_mixin.py:188} INFO - [2025-07-03T17:51:28.298+0000] {dag.py:3036} INFO - Sync 3 DAGs
[2025-07-03T17:51:28.330+0000] {logging_mixin.py:188} INFO - [2025-07-03T17:51:28.329+0000] {dag.py:3823} INFO - Setting next_dagrun for example_subdag_operator to 2022-01-01 00:00:00+00:00, run_after=2022-01-01 00:00:00+00:00
[2025-07-03T17:51:28.335+0000] {logging_mixin.py:188} INFO - [2025-07-03T17:51:28.334+0000] {dag.py:3823} INFO - Setting next_dagrun for example_subdag_operator.section-1 to None, run_after=None
[2025-07-03T17:51:28.337+0000] {logging_mixin.py:188} INFO - [2025-07-03T17:51:28.336+0000] {dag.py:3823} INFO - Setting next_dagrun for example_subdag_operator.section-2 to None, run_after=None
[2025-07-03T17:51:28.347+0000] {logging_mixin.py:188} INFO - [2025-07-03T17:51:28.346+0000] {dag.py:3036} INFO - Sync 2 DAGs
[2025-07-03T17:51:28.354+0000] {logging_mixin.py:188} INFO - [2025-07-03T17:51:28.354+0000] {dag.py:3823} INFO - Setting next_dagrun for example_subdag_operator.section-1 to None, run_after=None
[2025-07-03T17:51:28.355+0000] {logging_mixin.py:188} INFO - [2025-07-03T17:51:28.355+0000] {dag.py:3823} INFO - Setting next_dagrun for example_subdag_operator.section-2 to None, run_after=None
[2025-07-03T17:51:28.371+0000] {processor.py:183} INFO - Processing /home/airflow/.local/lib/python3.8/site-packages/airflow/example_dags/example_subdag_operator.py took 0.191 seconds
[2025-07-03T17:51:58.692+0000] {processor.py:161} INFO - Started process (PID=2279) to work on /home/airflow/.local/lib/python3.8/site-packages/airflow/example_dags/example_subdag_operator.py
[2025-07-03T17:51:58.693+0000] {processor.py:830} INFO - Processing file /home/airflow/.local/lib/python3.8/site-packages/airflow/example_dags/example_subdag_operator.py for tasks to queue
[2025-07-03T17:51:58.695+0000] {logging_mixin.py:188} INFO - [2025-07-03T17:51:58.695+0000] {dagbag.py:538} INFO - Filling up the DagBag from /home/airflow/.local/lib/python3.8/site-packages/airflow/example_dags/example_subdag_operator.py
[2025-07-03T17:51:58.727+0000] {processor.py:840} INFO - DAG(s) 'example_subdag_operator.section-1', 'example_subdag_operator.section-2', 'example_subdag_operator' retrieved from /home/airflow/.local/lib/python3.8/site-packages/airflow/example_dags/example_subdag_operator.py
[2025-07-03T17:51:58.780+0000] {logging_mixin.py:188} INFO - [2025-07-03T17:51:58.779+0000] {dag.py:3036} INFO - Sync 3 DAGs
[2025-07-03T17:51:58.846+0000] {logging_mixin.py:188} INFO - [2025-07-03T17:51:58.846+0000] {dag.py:3823} INFO - Setting next_dagrun for example_subdag_operator to 2022-01-01 00:00:00+00:00, run_after=2022-01-01 00:00:00+00:00
[2025-07-03T17:51:58.855+0000] {logging_mixin.py:188} INFO - [2025-07-03T17:51:58.854+0000] {dag.py:3823} INFO - Setting next_dagrun for example_subdag_operator.section-1 to None, run_after=None
[2025-07-03T17:51:58.858+0000] {logging_mixin.py:188} INFO - [2025-07-03T17:51:58.858+0000] {dag.py:3823} INFO - Setting next_dagrun for example_subdag_operator.section-2 to None, run_after=None
[2025-07-03T17:51:58.872+0000] {logging_mixin.py:188} INFO - [2025-07-03T17:51:58.871+0000] {dag.py:3036} INFO - Sync 2 DAGs
[2025-07-03T17:51:58.882+0000] {logging_mixin.py:188} INFO - [2025-07-03T17:51:58.882+0000] {dag.py:3823} INFO - Setting next_dagrun for example_subdag_operator.section-1 to None, run_after=None
[2025-07-03T17:51:58.883+0000] {logging_mixin.py:188} INFO - [2025-07-03T17:51:58.883+0000] {dag.py:3823} INFO - Setting next_dagrun for example_subdag_operator.section-2 to None, run_after=None
[2025-07-03T17:51:58.917+0000] {processor.py:183} INFO - Processing /home/airflow/.local/lib/python3.8/site-packages/airflow/example_dags/example_subdag_operator.py took 0.228 seconds
[2025-07-03T17:52:29.092+0000] {processor.py:161} INFO - Started process (PID=2345) to work on /home/airflow/.local/lib/python3.8/site-packages/airflow/example_dags/example_subdag_operator.py
[2025-07-03T17:52:29.093+0000] {processor.py:830} INFO - Processing file /home/airflow/.local/lib/python3.8/site-packages/airflow/example_dags/example_subdag_operator.py for tasks to queue
[2025-07-03T17:52:29.095+0000] {logging_mixin.py:188} INFO - [2025-07-03T17:52:29.095+0000] {dagbag.py:538} INFO - Filling up the DagBag from /home/airflow/.local/lib/python3.8/site-packages/airflow/example_dags/example_subdag_operator.py
[2025-07-03T17:52:29.126+0000] {processor.py:840} INFO - DAG(s) 'example_subdag_operator.section-1', 'example_subdag_operator.section-2', 'example_subdag_operator' retrieved from /home/airflow/.local/lib/python3.8/site-packages/airflow/example_dags/example_subdag_operator.py
[2025-07-03T17:52:29.150+0000] {logging_mixin.py:188} INFO - [2025-07-03T17:52:29.150+0000] {dag.py:3036} INFO - Sync 3 DAGs
[2025-07-03T17:52:29.185+0000] {logging_mixin.py:188} INFO - [2025-07-03T17:52:29.185+0000] {dag.py:3823} INFO - Setting next_dagrun for example_subdag_operator to 2022-01-01 00:00:00+00:00, run_after=2022-01-01 00:00:00+00:00
[2025-07-03T17:52:29.192+0000] {logging_mixin.py:188} INFO - [2025-07-03T17:52:29.192+0000] {dag.py:3823} INFO - Setting next_dagrun for example_subdag_operator.section-1 to None, run_after=None
[2025-07-03T17:52:29.195+0000] {logging_mixin.py:188} INFO - [2025-07-03T17:52:29.195+0000] {dag.py:3823} INFO - Setting next_dagrun for example_subdag_operator.section-2 to None, run_after=None
[2025-07-03T17:52:29.209+0000] {logging_mixin.py:188} INFO - [2025-07-03T17:52:29.208+0000] {dag.py:3036} INFO - Sync 2 DAGs
[2025-07-03T17:52:29.219+0000] {logging_mixin.py:188} INFO - [2025-07-03T17:52:29.219+0000] {dag.py:3823} INFO - Setting next_dagrun for example_subdag_operator.section-1 to None, run_after=None
[2025-07-03T17:52:29.220+0000] {logging_mixin.py:188} INFO - [2025-07-03T17:52:29.220+0000] {dag.py:3823} INFO - Setting next_dagrun for example_subdag_operator.section-2 to None, run_after=None
[2025-07-03T17:52:29.235+0000] {processor.py:183} INFO - Processing /home/airflow/.local/lib/python3.8/site-packages/airflow/example_dags/example_subdag_operator.py took 0.147 seconds
[2025-07-03T17:52:59.570+0000] {processor.py:161} INFO - Started process (PID=2410) to work on /home/airflow/.local/lib/python3.8/site-packages/airflow/example_dags/example_subdag_operator.py
[2025-07-03T17:52:59.571+0000] {processor.py:830} INFO - Processing file /home/airflow/.local/lib/python3.8/site-packages/airflow/example_dags/example_subdag_operator.py for tasks to queue
[2025-07-03T17:52:59.574+0000] {logging_mixin.py:188} INFO - [2025-07-03T17:52:59.574+0000] {dagbag.py:538} INFO - Filling up the DagBag from /home/airflow/.local/lib/python3.8/site-packages/airflow/example_dags/example_subdag_operator.py
[2025-07-03T17:52:59.620+0000] {processor.py:840} INFO - DAG(s) 'example_subdag_operator.section-1', 'example_subdag_operator.section-2', 'example_subdag_operator' retrieved from /home/airflow/.local/lib/python3.8/site-packages/airflow/example_dags/example_subdag_operator.py
[2025-07-03T17:52:59.653+0000] {logging_mixin.py:188} INFO - [2025-07-03T17:52:59.653+0000] {dag.py:3036} INFO - Sync 3 DAGs
[2025-07-03T17:52:59.694+0000] {logging_mixin.py:188} INFO - [2025-07-03T17:52:59.694+0000] {dag.py:3823} INFO - Setting next_dagrun for example_subdag_operator to 2022-01-01 00:00:00+00:00, run_after=2022-01-01 00:00:00+00:00
[2025-07-03T17:52:59.702+0000] {logging_mixin.py:188} INFO - [2025-07-03T17:52:59.701+0000] {dag.py:3823} INFO - Setting next_dagrun for example_subdag_operator.section-1 to None, run_after=None
[2025-07-03T17:52:59.705+0000] {logging_mixin.py:188} INFO - [2025-07-03T17:52:59.705+0000] {dag.py:3823} INFO - Setting next_dagrun for example_subdag_operator.section-2 to None, run_after=None
[2025-07-03T17:52:59.719+0000] {logging_mixin.py:188} INFO - [2025-07-03T17:52:59.719+0000] {dag.py:3036} INFO - Sync 2 DAGs
[2025-07-03T17:52:59.731+0000] {logging_mixin.py:188} INFO - [2025-07-03T17:52:59.730+0000] {dag.py:3823} INFO - Setting next_dagrun for example_subdag_operator.section-1 to None, run_after=None
[2025-07-03T17:52:59.732+0000] {logging_mixin.py:188} INFO - [2025-07-03T17:52:59.732+0000] {dag.py:3823} INFO - Setting next_dagrun for example_subdag_operator.section-2 to None, run_after=None
[2025-07-03T17:52:59.754+0000] {processor.py:183} INFO - Processing /home/airflow/.local/lib/python3.8/site-packages/airflow/example_dags/example_subdag_operator.py took 0.189 seconds
[2025-07-03T17:53:30.690+0000] {processor.py:161} INFO - Started process (PID=2476) to work on /home/airflow/.local/lib/python3.8/site-packages/airflow/example_dags/example_subdag_operator.py
[2025-07-03T17:53:30.692+0000] {processor.py:830} INFO - Processing file /home/airflow/.local/lib/python3.8/site-packages/airflow/example_dags/example_subdag_operator.py for tasks to queue
[2025-07-03T17:53:30.695+0000] {logging_mixin.py:188} INFO - [2025-07-03T17:53:30.694+0000] {dagbag.py:538} INFO - Filling up the DagBag from /home/airflow/.local/lib/python3.8/site-packages/airflow/example_dags/example_subdag_operator.py
[2025-07-03T17:53:30.737+0000] {processor.py:840} INFO - DAG(s) 'example_subdag_operator.section-1', 'example_subdag_operator.section-2', 'example_subdag_operator' retrieved from /home/airflow/.local/lib/python3.8/site-packages/airflow/example_dags/example_subdag_operator.py
[2025-07-03T17:53:30.768+0000] {logging_mixin.py:188} INFO - [2025-07-03T17:53:30.768+0000] {dag.py:3036} INFO - Sync 3 DAGs
[2025-07-03T17:53:30.806+0000] {logging_mixin.py:188} INFO - [2025-07-03T17:53:30.806+0000] {dag.py:3823} INFO - Setting next_dagrun for example_subdag_operator to 2022-01-01 00:00:00+00:00, run_after=2022-01-01 00:00:00+00:00
[2025-07-03T17:53:30.813+0000] {logging_mixin.py:188} INFO - [2025-07-03T17:53:30.812+0000] {dag.py:3823} INFO - Setting next_dagrun for example_subdag_operator.section-1 to None, run_after=None
[2025-07-03T17:53:30.815+0000] {logging_mixin.py:188} INFO - [2025-07-03T17:53:30.815+0000] {dag.py:3823} INFO - Setting next_dagrun for example_subdag_operator.section-2 to None, run_after=None
[2025-07-03T17:53:30.828+0000] {logging_mixin.py:188} INFO - [2025-07-03T17:53:30.828+0000] {dag.py:3036} INFO - Sync 2 DAGs
[2025-07-03T17:53:30.839+0000] {logging_mixin.py:188} INFO - [2025-07-03T17:53:30.838+0000] {dag.py:3823} INFO - Setting next_dagrun for example_subdag_operator.section-1 to None, run_after=None
[2025-07-03T17:53:30.840+0000] {logging_mixin.py:188} INFO - [2025-07-03T17:53:30.839+0000] {dag.py:3823} INFO - Setting next_dagrun for example_subdag_operator.section-2 to None, run_after=None
[2025-07-03T17:53:30.860+0000] {processor.py:183} INFO - Processing /home/airflow/.local/lib/python3.8/site-packages/airflow/example_dags/example_subdag_operator.py took 0.174 seconds
[2025-07-03T17:54:01.248+0000] {processor.py:161} INFO - Started process (PID=2542) to work on /home/airflow/.local/lib/python3.8/site-packages/airflow/example_dags/example_subdag_operator.py
[2025-07-03T17:54:01.249+0000] {processor.py:830} INFO - Processing file /home/airflow/.local/lib/python3.8/site-packages/airflow/example_dags/example_subdag_operator.py for tasks to queue
[2025-07-03T17:54:01.251+0000] {logging_mixin.py:188} INFO - [2025-07-03T17:54:01.251+0000] {dagbag.py:538} INFO - Filling up the DagBag from /home/airflow/.local/lib/python3.8/site-packages/airflow/example_dags/example_subdag_operator.py
[2025-07-03T17:54:01.286+0000] {processor.py:840} INFO - DAG(s) 'example_subdag_operator.section-1', 'example_subdag_operator.section-2', 'example_subdag_operator' retrieved from /home/airflow/.local/lib/python3.8/site-packages/airflow/example_dags/example_subdag_operator.py
[2025-07-03T17:54:01.312+0000] {logging_mixin.py:188} INFO - [2025-07-03T17:54:01.311+0000] {dag.py:3036} INFO - Sync 3 DAGs
[2025-07-03T17:54:01.346+0000] {logging_mixin.py:188} INFO - [2025-07-03T17:54:01.345+0000] {dag.py:3823} INFO - Setting next_dagrun for example_subdag_operator to 2022-01-01 00:00:00+00:00, run_after=2022-01-01 00:00:00+00:00
[2025-07-03T17:54:01.353+0000] {logging_mixin.py:188} INFO - [2025-07-03T17:54:01.353+0000] {dag.py:3823} INFO - Setting next_dagrun for example_subdag_operator.section-1 to None, run_after=None
[2025-07-03T17:54:01.356+0000] {logging_mixin.py:188} INFO - [2025-07-03T17:54:01.356+0000] {dag.py:3823} INFO - Setting next_dagrun for example_subdag_operator.section-2 to None, run_after=None
[2025-07-03T17:54:01.370+0000] {logging_mixin.py:188} INFO - [2025-07-03T17:54:01.370+0000] {dag.py:3036} INFO - Sync 2 DAGs
[2025-07-03T17:54:01.382+0000] {logging_mixin.py:188} INFO - [2025-07-03T17:54:01.382+0000] {dag.py:3823} INFO - Setting next_dagrun for example_subdag_operator.section-1 to None, run_after=None
[2025-07-03T17:54:01.383+0000] {logging_mixin.py:188} INFO - [2025-07-03T17:54:01.383+0000] {dag.py:3823} INFO - Setting next_dagrun for example_subdag_operator.section-2 to None, run_after=None
[2025-07-03T17:54:01.403+0000] {processor.py:183} INFO - Processing /home/airflow/.local/lib/python3.8/site-packages/airflow/example_dags/example_subdag_operator.py took 0.159 seconds
[2025-07-03T17:54:31.530+0000] {processor.py:161} INFO - Started process (PID=2606) to work on /home/airflow/.local/lib/python3.8/site-packages/airflow/example_dags/example_subdag_operator.py
[2025-07-03T17:54:31.531+0000] {processor.py:830} INFO - Processing file /home/airflow/.local/lib/python3.8/site-packages/airflow/example_dags/example_subdag_operator.py for tasks to queue
[2025-07-03T17:54:31.533+0000] {logging_mixin.py:188} INFO - [2025-07-03T17:54:31.533+0000] {dagbag.py:538} INFO - Filling up the DagBag from /home/airflow/.local/lib/python3.8/site-packages/airflow/example_dags/example_subdag_operator.py
[2025-07-03T17:54:31.563+0000] {processor.py:840} INFO - DAG(s) 'example_subdag_operator.section-1', 'example_subdag_operator.section-2', 'example_subdag_operator' retrieved from /home/airflow/.local/lib/python3.8/site-packages/airflow/example_dags/example_subdag_operator.py
[2025-07-03T17:54:31.587+0000] {logging_mixin.py:188} INFO - [2025-07-03T17:54:31.587+0000] {dag.py:3036} INFO - Sync 3 DAGs
[2025-07-03T17:54:31.619+0000] {logging_mixin.py:188} INFO - [2025-07-03T17:54:31.619+0000] {dag.py:3823} INFO - Setting next_dagrun for example_subdag_operator to 2022-01-01 00:00:00+00:00, run_after=2022-01-01 00:00:00+00:00
[2025-07-03T17:54:31.624+0000] {logging_mixin.py:188} INFO - [2025-07-03T17:54:31.624+0000] {dag.py:3823} INFO - Setting next_dagrun for example_subdag_operator.section-1 to None, run_after=None
[2025-07-03T17:54:31.626+0000] {logging_mixin.py:188} INFO - [2025-07-03T17:54:31.626+0000] {dag.py:3823} INFO - Setting next_dagrun for example_subdag_operator.section-2 to None, run_after=None
[2025-07-03T17:54:31.636+0000] {logging_mixin.py:188} INFO - [2025-07-03T17:54:31.635+0000] {dag.py:3036} INFO - Sync 2 DAGs
[2025-07-03T17:54:31.643+0000] {logging_mixin.py:188} INFO - [2025-07-03T17:54:31.643+0000] {dag.py:3823} INFO - Setting next_dagrun for example_subdag_operator.section-1 to None, run_after=None
[2025-07-03T17:54:31.644+0000] {logging_mixin.py:188} INFO - [2025-07-03T17:54:31.644+0000] {dag.py:3823} INFO - Setting next_dagrun for example_subdag_operator.section-2 to None, run_after=None
[2025-07-03T17:54:31.660+0000] {processor.py:183} INFO - Processing /home/airflow/.local/lib/python3.8/site-packages/airflow/example_dags/example_subdag_operator.py took 0.135 seconds
[2025-07-03T17:55:02.592+0000] {processor.py:161} INFO - Started process (PID=2670) to work on /home/airflow/.local/lib/python3.8/site-packages/airflow/example_dags/example_subdag_operator.py
[2025-07-03T17:55:02.592+0000] {processor.py:830} INFO - Processing file /home/airflow/.local/lib/python3.8/site-packages/airflow/example_dags/example_subdag_operator.py for tasks to queue
[2025-07-03T17:55:02.594+0000] {logging_mixin.py:188} INFO - [2025-07-03T17:55:02.594+0000] {dagbag.py:538} INFO - Filling up the DagBag from /home/airflow/.local/lib/python3.8/site-packages/airflow/example_dags/example_subdag_operator.py
[2025-07-03T17:55:02.625+0000] {processor.py:840} INFO - DAG(s) 'example_subdag_operator.section-1', 'example_subdag_operator.section-2', 'example_subdag_operator' retrieved from /home/airflow/.local/lib/python3.8/site-packages/airflow/example_dags/example_subdag_operator.py
[2025-07-03T17:55:02.650+0000] {logging_mixin.py:188} INFO - [2025-07-03T17:55:02.650+0000] {dag.py:3036} INFO - Sync 3 DAGs
[2025-07-03T17:55:02.683+0000] {logging_mixin.py:188} INFO - [2025-07-03T17:55:02.682+0000] {dag.py:3823} INFO - Setting next_dagrun for example_subdag_operator to 2022-01-01 00:00:00+00:00, run_after=2022-01-01 00:00:00+00:00
[2025-07-03T17:55:02.689+0000] {logging_mixin.py:188} INFO - [2025-07-03T17:55:02.688+0000] {dag.py:3823} INFO - Setting next_dagrun for example_subdag_operator.section-1 to None, run_after=None
[2025-07-03T17:55:02.692+0000] {logging_mixin.py:188} INFO - [2025-07-03T17:55:02.691+0000] {dag.py:3823} INFO - Setting next_dagrun for example_subdag_operator.section-2 to None, run_after=None
[2025-07-03T17:55:02.705+0000] {logging_mixin.py:188} INFO - [2025-07-03T17:55:02.705+0000] {dag.py:3036} INFO - Sync 2 DAGs
[2025-07-03T17:55:02.715+0000] {logging_mixin.py:188} INFO - [2025-07-03T17:55:02.714+0000] {dag.py:3823} INFO - Setting next_dagrun for example_subdag_operator.section-1 to None, run_after=None
[2025-07-03T17:55:02.715+0000] {logging_mixin.py:188} INFO - [2025-07-03T17:55:02.715+0000] {dag.py:3823} INFO - Setting next_dagrun for example_subdag_operator.section-2 to None, run_after=None
[2025-07-03T17:55:02.736+0000] {processor.py:183} INFO - Processing /home/airflow/.local/lib/python3.8/site-packages/airflow/example_dags/example_subdag_operator.py took 0.148 seconds
[2025-07-03T17:55:32.896+0000] {processor.py:161} INFO - Started process (PID=2735) to work on /home/airflow/.local/lib/python3.8/site-packages/airflow/example_dags/example_subdag_operator.py
[2025-07-03T17:55:32.905+0000] {processor.py:830} INFO - Processing file /home/airflow/.local/lib/python3.8/site-packages/airflow/example_dags/example_subdag_operator.py for tasks to queue
[2025-07-03T17:55:32.908+0000] {logging_mixin.py:188} INFO - [2025-07-03T17:55:32.907+0000] {dagbag.py:538} INFO - Filling up the DagBag from /home/airflow/.local/lib/python3.8/site-packages/airflow/example_dags/example_subdag_operator.py
[2025-07-03T17:55:32.985+0000] {processor.py:840} INFO - DAG(s) 'example_subdag_operator.section-1', 'example_subdag_operator.section-2', 'example_subdag_operator' retrieved from /home/airflow/.local/lib/python3.8/site-packages/airflow/example_dags/example_subdag_operator.py
[2025-07-03T17:55:33.045+0000] {logging_mixin.py:188} INFO - [2025-07-03T17:55:33.045+0000] {dag.py:3036} INFO - Sync 3 DAGs
[2025-07-03T17:55:33.130+0000] {logging_mixin.py:188} INFO - [2025-07-03T17:55:33.127+0000] {dag.py:3823} INFO - Setting next_dagrun for example_subdag_operator to 2022-01-01 00:00:00+00:00, run_after=2022-01-01 00:00:00+00:00
[2025-07-03T17:55:33.163+0000] {logging_mixin.py:188} INFO - [2025-07-03T17:55:33.162+0000] {dag.py:3823} INFO - Setting next_dagrun for example_subdag_operator.section-1 to None, run_after=None
[2025-07-03T17:55:33.171+0000] {logging_mixin.py:188} INFO - [2025-07-03T17:55:33.170+0000] {dag.py:3823} INFO - Setting next_dagrun for example_subdag_operator.section-2 to None, run_after=None
[2025-07-03T17:55:33.220+0000] {logging_mixin.py:188} INFO - [2025-07-03T17:55:33.219+0000] {dag.py:3036} INFO - Sync 2 DAGs
[2025-07-03T17:55:33.234+0000] {logging_mixin.py:188} INFO - [2025-07-03T17:55:33.234+0000] {dag.py:3823} INFO - Setting next_dagrun for example_subdag_operator.section-1 to None, run_after=None
[2025-07-03T17:55:33.235+0000] {logging_mixin.py:188} INFO - [2025-07-03T17:55:33.234+0000] {dag.py:3823} INFO - Setting next_dagrun for example_subdag_operator.section-2 to None, run_after=None
[2025-07-03T17:55:33.273+0000] {processor.py:183} INFO - Processing /home/airflow/.local/lib/python3.8/site-packages/airflow/example_dags/example_subdag_operator.py took 0.385 seconds
[2025-07-03T17:56:03.520+0000] {processor.py:161} INFO - Started process (PID=2800) to work on /home/airflow/.local/lib/python3.8/site-packages/airflow/example_dags/example_subdag_operator.py
[2025-07-03T17:56:03.521+0000] {processor.py:830} INFO - Processing file /home/airflow/.local/lib/python3.8/site-packages/airflow/example_dags/example_subdag_operator.py for tasks to queue
[2025-07-03T17:56:03.524+0000] {logging_mixin.py:188} INFO - [2025-07-03T17:56:03.523+0000] {dagbag.py:538} INFO - Filling up the DagBag from /home/airflow/.local/lib/python3.8/site-packages/airflow/example_dags/example_subdag_operator.py
[2025-07-03T17:56:03.570+0000] {processor.py:840} INFO - DAG(s) 'example_subdag_operator.section-1', 'example_subdag_operator.section-2', 'example_subdag_operator' retrieved from /home/airflow/.local/lib/python3.8/site-packages/airflow/example_dags/example_subdag_operator.py
[2025-07-03T17:56:03.604+0000] {logging_mixin.py:188} INFO - [2025-07-03T17:56:03.603+0000] {dag.py:3036} INFO - Sync 3 DAGs
[2025-07-03T17:56:03.662+0000] {logging_mixin.py:188} INFO - [2025-07-03T17:56:03.661+0000] {dag.py:3823} INFO - Setting next_dagrun for example_subdag_operator to 2022-01-01 00:00:00+00:00, run_after=2022-01-01 00:00:00+00:00
[2025-07-03T17:56:03.674+0000] {logging_mixin.py:188} INFO - [2025-07-03T17:56:03.673+0000] {dag.py:3823} INFO - Setting next_dagrun for example_subdag_operator.section-1 to None, run_after=None
[2025-07-03T17:56:03.683+0000] {logging_mixin.py:188} INFO - [2025-07-03T17:56:03.682+0000] {dag.py:3823} INFO - Setting next_dagrun for example_subdag_operator.section-2 to None, run_after=None
[2025-07-03T17:56:03.707+0000] {logging_mixin.py:188} INFO - [2025-07-03T17:56:03.706+0000] {dag.py:3036} INFO - Sync 2 DAGs
[2025-07-03T17:56:03.725+0000] {logging_mixin.py:188} INFO - [2025-07-03T17:56:03.725+0000] {dag.py:3823} INFO - Setting next_dagrun for example_subdag_operator.section-1 to None, run_after=None
[2025-07-03T17:56:03.726+0000] {logging_mixin.py:188} INFO - [2025-07-03T17:56:03.726+0000] {dag.py:3823} INFO - Setting next_dagrun for example_subdag_operator.section-2 to None, run_after=None
[2025-07-03T17:56:03.761+0000] {processor.py:183} INFO - Processing /home/airflow/.local/lib/python3.8/site-packages/airflow/example_dags/example_subdag_operator.py took 0.249 seconds
[2025-07-03T17:56:34.340+0000] {processor.py:161} INFO - Started process (PID=2867) to work on /home/airflow/.local/lib/python3.8/site-packages/airflow/example_dags/example_subdag_operator.py
[2025-07-03T17:56:34.353+0000] {processor.py:830} INFO - Processing file /home/airflow/.local/lib/python3.8/site-packages/airflow/example_dags/example_subdag_operator.py for tasks to queue
[2025-07-03T17:56:34.356+0000] {logging_mixin.py:188} INFO - [2025-07-03T17:56:34.356+0000] {dagbag.py:538} INFO - Filling up the DagBag from /home/airflow/.local/lib/python3.8/site-packages/airflow/example_dags/example_subdag_operator.py
[2025-07-03T17:56:34.558+0000] {processor.py:840} INFO - DAG(s) 'example_subdag_operator.section-1', 'example_subdag_operator.section-2', 'example_subdag_operator' retrieved from /home/airflow/.local/lib/python3.8/site-packages/airflow/example_dags/example_subdag_operator.py
[2025-07-03T17:56:34.635+0000] {logging_mixin.py:188} INFO - [2025-07-03T17:56:34.634+0000] {dag.py:3036} INFO - Sync 3 DAGs
[2025-07-03T17:56:34.751+0000] {logging_mixin.py:188} INFO - [2025-07-03T17:56:34.750+0000] {dag.py:3823} INFO - Setting next_dagrun for example_subdag_operator to 2022-01-01 00:00:00+00:00, run_after=2022-01-01 00:00:00+00:00
[2025-07-03T17:56:34.778+0000] {logging_mixin.py:188} INFO - [2025-07-03T17:56:34.777+0000] {dag.py:3823} INFO - Setting next_dagrun for example_subdag_operator.section-1 to None, run_after=None
[2025-07-03T17:56:34.781+0000] {logging_mixin.py:188} INFO - [2025-07-03T17:56:34.780+0000] {dag.py:3823} INFO - Setting next_dagrun for example_subdag_operator.section-2 to None, run_after=None
[2025-07-03T17:56:34.846+0000] {logging_mixin.py:188} INFO - [2025-07-03T17:56:34.845+0000] {dag.py:3036} INFO - Sync 2 DAGs
[2025-07-03T17:56:34.878+0000] {logging_mixin.py:188} INFO - [2025-07-03T17:56:34.877+0000] {dag.py:3823} INFO - Setting next_dagrun for example_subdag_operator.section-1 to None, run_after=None
[2025-07-03T17:56:34.879+0000] {logging_mixin.py:188} INFO - [2025-07-03T17:56:34.878+0000] {dag.py:3823} INFO - Setting next_dagrun for example_subdag_operator.section-2 to None, run_after=None
[2025-07-03T17:56:34.949+0000] {processor.py:183} INFO - Processing /home/airflow/.local/lib/python3.8/site-packages/airflow/example_dags/example_subdag_operator.py took 0.637 seconds
[2025-07-03T17:57:05.358+0000] {processor.py:161} INFO - Started process (PID=2931) to work on /home/airflow/.local/lib/python3.8/site-packages/airflow/example_dags/example_subdag_operator.py
[2025-07-03T17:57:05.372+0000] {processor.py:830} INFO - Processing file /home/airflow/.local/lib/python3.8/site-packages/airflow/example_dags/example_subdag_operator.py for tasks to queue
[2025-07-03T17:57:05.378+0000] {logging_mixin.py:188} INFO - [2025-07-03T17:57:05.377+0000] {dagbag.py:538} INFO - Filling up the DagBag from /home/airflow/.local/lib/python3.8/site-packages/airflow/example_dags/example_subdag_operator.py
[2025-07-03T17:57:05.548+0000] {processor.py:840} INFO - DAG(s) 'example_subdag_operator.section-1', 'example_subdag_operator.section-2', 'example_subdag_operator' retrieved from /home/airflow/.local/lib/python3.8/site-packages/airflow/example_dags/example_subdag_operator.py
[2025-07-03T17:57:05.674+0000] {logging_mixin.py:188} INFO - [2025-07-03T17:57:05.673+0000] {dag.py:3036} INFO - Sync 3 DAGs
[2025-07-03T17:57:05.782+0000] {logging_mixin.py:188} INFO - [2025-07-03T17:57:05.781+0000] {dag.py:3823} INFO - Setting next_dagrun for example_subdag_operator to 2022-01-01 00:00:00+00:00, run_after=2022-01-01 00:00:00+00:00
[2025-07-03T17:57:05.798+0000] {logging_mixin.py:188} INFO - [2025-07-03T17:57:05.797+0000] {dag.py:3823} INFO - Setting next_dagrun for example_subdag_operator.section-1 to None, run_after=None
[2025-07-03T17:57:05.806+0000] {logging_mixin.py:188} INFO - [2025-07-03T17:57:05.805+0000] {dag.py:3823} INFO - Setting next_dagrun for example_subdag_operator.section-2 to None, run_after=None
[2025-07-03T17:57:05.843+0000] {logging_mixin.py:188} INFO - [2025-07-03T17:57:05.842+0000] {dag.py:3036} INFO - Sync 2 DAGs
[2025-07-03T17:57:05.871+0000] {logging_mixin.py:188} INFO - [2025-07-03T17:57:05.870+0000] {dag.py:3823} INFO - Setting next_dagrun for example_subdag_operator.section-1 to None, run_after=None
[2025-07-03T17:57:05.877+0000] {logging_mixin.py:188} INFO - [2025-07-03T17:57:05.876+0000] {dag.py:3823} INFO - Setting next_dagrun for example_subdag_operator.section-2 to None, run_after=None
[2025-07-03T17:57:05.933+0000] {processor.py:183} INFO - Processing /home/airflow/.local/lib/python3.8/site-packages/airflow/example_dags/example_subdag_operator.py took 0.617 seconds
[2025-07-03T17:57:36.054+0000] {processor.py:161} INFO - Started process (PID=2986) to work on /home/airflow/.local/lib/python3.8/site-packages/airflow/example_dags/example_subdag_operator.py
[2025-07-03T17:57:36.055+0000] {processor.py:830} INFO - Processing file /home/airflow/.local/lib/python3.8/site-packages/airflow/example_dags/example_subdag_operator.py for tasks to queue
[2025-07-03T17:57:36.058+0000] {logging_mixin.py:188} INFO - [2025-07-03T17:57:36.057+0000] {dagbag.py:538} INFO - Filling up the DagBag from /home/airflow/.local/lib/python3.8/site-packages/airflow/example_dags/example_subdag_operator.py
[2025-07-03T17:57:36.141+0000] {processor.py:840} INFO - DAG(s) 'example_subdag_operator.section-1', 'example_subdag_operator.section-2', 'example_subdag_operator' retrieved from /home/airflow/.local/lib/python3.8/site-packages/airflow/example_dags/example_subdag_operator.py
[2025-07-03T17:57:36.193+0000] {logging_mixin.py:188} INFO - [2025-07-03T17:57:36.193+0000] {dag.py:3036} INFO - Sync 3 DAGs
[2025-07-03T17:57:36.269+0000] {logging_mixin.py:188} INFO - [2025-07-03T17:57:36.268+0000] {dag.py:3823} INFO - Setting next_dagrun for example_subdag_operator to 2022-01-01 00:00:00+00:00, run_after=2022-01-01 00:00:00+00:00
[2025-07-03T17:57:36.296+0000] {logging_mixin.py:188} INFO - [2025-07-03T17:57:36.296+0000] {dag.py:3823} INFO - Setting next_dagrun for example_subdag_operator.section-1 to None, run_after=None
[2025-07-03T17:57:36.313+0000] {logging_mixin.py:188} INFO - [2025-07-03T17:57:36.313+0000] {dag.py:3823} INFO - Setting next_dagrun for example_subdag_operator.section-2 to None, run_after=None
[2025-07-03T17:57:36.343+0000] {logging_mixin.py:188} INFO - [2025-07-03T17:57:36.343+0000] {dag.py:3036} INFO - Sync 2 DAGs
[2025-07-03T17:57:36.364+0000] {logging_mixin.py:188} INFO - [2025-07-03T17:57:36.363+0000] {dag.py:3823} INFO - Setting next_dagrun for example_subdag_operator.section-1 to None, run_after=None
[2025-07-03T17:57:36.365+0000] {logging_mixin.py:188} INFO - [2025-07-03T17:57:36.365+0000] {dag.py:3823} INFO - Setting next_dagrun for example_subdag_operator.section-2 to None, run_after=None
[2025-07-03T17:57:36.413+0000] {processor.py:183} INFO - Processing /home/airflow/.local/lib/python3.8/site-packages/airflow/example_dags/example_subdag_operator.py took 0.375 seconds
[2025-07-03T17:58:06.802+0000] {processor.py:161} INFO - Started process (PID=3052) to work on /home/airflow/.local/lib/python3.8/site-packages/airflow/example_dags/example_subdag_operator.py
[2025-07-03T17:58:06.867+0000] {processor.py:830} INFO - Processing file /home/airflow/.local/lib/python3.8/site-packages/airflow/example_dags/example_subdag_operator.py for tasks to queue
[2025-07-03T17:58:06.870+0000] {logging_mixin.py:188} INFO - [2025-07-03T17:58:06.869+0000] {dagbag.py:538} INFO - Filling up the DagBag from /home/airflow/.local/lib/python3.8/site-packages/airflow/example_dags/example_subdag_operator.py
[2025-07-03T17:58:07.019+0000] {processor.py:840} INFO - DAG(s) 'example_subdag_operator.section-1', 'example_subdag_operator.section-2', 'example_subdag_operator' retrieved from /home/airflow/.local/lib/python3.8/site-packages/airflow/example_dags/example_subdag_operator.py
[2025-07-03T17:58:07.146+0000] {logging_mixin.py:188} INFO - [2025-07-03T17:58:07.145+0000] {dag.py:3036} INFO - Sync 3 DAGs
[2025-07-03T17:58:07.470+0000] {logging_mixin.py:188} INFO - [2025-07-03T17:58:07.469+0000] {dag.py:3823} INFO - Setting next_dagrun for example_subdag_operator to 2022-01-01 00:00:00+00:00, run_after=2022-01-01 00:00:00+00:00
[2025-07-03T17:58:07.643+0000] {logging_mixin.py:188} INFO - [2025-07-03T17:58:07.642+0000] {dag.py:3823} INFO - Setting next_dagrun for example_subdag_operator.section-1 to None, run_after=None
[2025-07-03T17:58:07.703+0000] {logging_mixin.py:188} INFO - [2025-07-03T17:58:07.703+0000] {dag.py:3823} INFO - Setting next_dagrun for example_subdag_operator.section-2 to None, run_after=None
[2025-07-03T17:58:07.803+0000] {logging_mixin.py:188} INFO - [2025-07-03T17:58:07.802+0000] {dag.py:3036} INFO - Sync 2 DAGs
[2025-07-03T17:58:07.878+0000] {logging_mixin.py:188} INFO - [2025-07-03T17:58:07.877+0000] {dag.py:3823} INFO - Setting next_dagrun for example_subdag_operator.section-1 to None, run_after=None
[2025-07-03T17:58:07.885+0000] {logging_mixin.py:188} INFO - [2025-07-03T17:58:07.885+0000] {dag.py:3823} INFO - Setting next_dagrun for example_subdag_operator.section-2 to None, run_after=None
[2025-07-03T17:58:08.005+0000] {processor.py:183} INFO - Processing /home/airflow/.local/lib/python3.8/site-packages/airflow/example_dags/example_subdag_operator.py took 1.216 seconds
[2025-07-03T17:58:38.932+0000] {processor.py:161} INFO - Started process (PID=3118) to work on /home/airflow/.local/lib/python3.8/site-packages/airflow/example_dags/example_subdag_operator.py
[2025-07-03T17:58:38.950+0000] {processor.py:830} INFO - Processing file /home/airflow/.local/lib/python3.8/site-packages/airflow/example_dags/example_subdag_operator.py for tasks to queue
[2025-07-03T17:58:38.952+0000] {logging_mixin.py:188} INFO - [2025-07-03T17:58:38.952+0000] {dagbag.py:538} INFO - Filling up the DagBag from /home/airflow/.local/lib/python3.8/site-packages/airflow/example_dags/example_subdag_operator.py
[2025-07-03T17:58:39.024+0000] {processor.py:840} INFO - DAG(s) 'example_subdag_operator.section-1', 'example_subdag_operator.section-2', 'example_subdag_operator' retrieved from /home/airflow/.local/lib/python3.8/site-packages/airflow/example_dags/example_subdag_operator.py
[2025-07-03T17:58:39.077+0000] {logging_mixin.py:188} INFO - [2025-07-03T17:58:39.077+0000] {dag.py:3036} INFO - Sync 3 DAGs
[2025-07-03T17:58:39.206+0000] {logging_mixin.py:188} INFO - [2025-07-03T17:58:39.205+0000] {dag.py:3823} INFO - Setting next_dagrun for example_subdag_operator to 2022-01-01 00:00:00+00:00, run_after=2022-01-01 00:00:00+00:00
[2025-07-03T17:58:39.240+0000] {logging_mixin.py:188} INFO - [2025-07-03T17:58:39.239+0000] {dag.py:3823} INFO - Setting next_dagrun for example_subdag_operator.section-1 to None, run_after=None
[2025-07-03T17:58:39.248+0000] {logging_mixin.py:188} INFO - [2025-07-03T17:58:39.248+0000] {dag.py:3823} INFO - Setting next_dagrun for example_subdag_operator.section-2 to None, run_after=None
[2025-07-03T17:58:39.294+0000] {logging_mixin.py:188} INFO - [2025-07-03T17:58:39.294+0000] {dag.py:3036} INFO - Sync 2 DAGs
[2025-07-03T17:58:39.315+0000] {logging_mixin.py:188} INFO - [2025-07-03T17:58:39.315+0000] {dag.py:3823} INFO - Setting next_dagrun for example_subdag_operator.section-1 to None, run_after=None
[2025-07-03T17:58:39.317+0000] {logging_mixin.py:188} INFO - [2025-07-03T17:58:39.317+0000] {dag.py:3823} INFO - Setting next_dagrun for example_subdag_operator.section-2 to None, run_after=None
[2025-07-03T17:58:39.366+0000] {processor.py:183} INFO - Processing /home/airflow/.local/lib/python3.8/site-packages/airflow/example_dags/example_subdag_operator.py took 0.439 seconds
[2025-07-03T17:59:09.916+0000] {processor.py:161} INFO - Started process (PID=3183) to work on /home/airflow/.local/lib/python3.8/site-packages/airflow/example_dags/example_subdag_operator.py
[2025-07-03T17:59:09.917+0000] {processor.py:830} INFO - Processing file /home/airflow/.local/lib/python3.8/site-packages/airflow/example_dags/example_subdag_operator.py for tasks to queue
[2025-07-03T17:59:09.920+0000] {logging_mixin.py:188} INFO - [2025-07-03T17:59:09.919+0000] {dagbag.py:538} INFO - Filling up the DagBag from /home/airflow/.local/lib/python3.8/site-packages/airflow/example_dags/example_subdag_operator.py
[2025-07-03T17:59:09.958+0000] {processor.py:840} INFO - DAG(s) 'example_subdag_operator.section-1', 'example_subdag_operator.section-2', 'example_subdag_operator' retrieved from /home/airflow/.local/lib/python3.8/site-packages/airflow/example_dags/example_subdag_operator.py
[2025-07-03T17:59:09.989+0000] {logging_mixin.py:188} INFO - [2025-07-03T17:59:09.989+0000] {dag.py:3036} INFO - Sync 3 DAGs
[2025-07-03T17:59:10.036+0000] {logging_mixin.py:188} INFO - [2025-07-03T17:59:10.036+0000] {dag.py:3823} INFO - Setting next_dagrun for example_subdag_operator to 2022-01-01 00:00:00+00:00, run_after=2022-01-01 00:00:00+00:00
[2025-07-03T17:59:10.043+0000] {logging_mixin.py:188} INFO - [2025-07-03T17:59:10.042+0000] {dag.py:3823} INFO - Setting next_dagrun for example_subdag_operator.section-1 to None, run_after=None
[2025-07-03T17:59:10.045+0000] {logging_mixin.py:188} INFO - [2025-07-03T17:59:10.045+0000] {dag.py:3823} INFO - Setting next_dagrun for example_subdag_operator.section-2 to None, run_after=None
[2025-07-03T17:59:10.058+0000] {logging_mixin.py:188} INFO - [2025-07-03T17:59:10.057+0000] {dag.py:3036} INFO - Sync 2 DAGs
[2025-07-03T17:59:10.067+0000] {logging_mixin.py:188} INFO - [2025-07-03T17:59:10.066+0000] {dag.py:3823} INFO - Setting next_dagrun for example_subdag_operator.section-1 to None, run_after=None
[2025-07-03T17:59:10.068+0000] {logging_mixin.py:188} INFO - [2025-07-03T17:59:10.067+0000] {dag.py:3823} INFO - Setting next_dagrun for example_subdag_operator.section-2 to None, run_after=None
[2025-07-03T17:59:10.085+0000] {processor.py:183} INFO - Processing /home/airflow/.local/lib/python3.8/site-packages/airflow/example_dags/example_subdag_operator.py took 0.174 seconds
[2025-07-03T17:59:40.447+0000] {processor.py:161} INFO - Started process (PID=3248) to work on /home/airflow/.local/lib/python3.8/site-packages/airflow/example_dags/example_subdag_operator.py
[2025-07-03T17:59:40.457+0000] {processor.py:830} INFO - Processing file /home/airflow/.local/lib/python3.8/site-packages/airflow/example_dags/example_subdag_operator.py for tasks to queue
[2025-07-03T17:59:40.460+0000] {logging_mixin.py:188} INFO - [2025-07-03T17:59:40.459+0000] {dagbag.py:538} INFO - Filling up the DagBag from /home/airflow/.local/lib/python3.8/site-packages/airflow/example_dags/example_subdag_operator.py
[2025-07-03T17:59:40.520+0000] {processor.py:840} INFO - DAG(s) 'example_subdag_operator.section-1', 'example_subdag_operator.section-2', 'example_subdag_operator' retrieved from /home/airflow/.local/lib/python3.8/site-packages/airflow/example_dags/example_subdag_operator.py
[2025-07-03T17:59:40.585+0000] {logging_mixin.py:188} INFO - [2025-07-03T17:59:40.585+0000] {dag.py:3036} INFO - Sync 3 DAGs
[2025-07-03T17:59:40.656+0000] {logging_mixin.py:188} INFO - [2025-07-03T17:59:40.655+0000] {dag.py:3823} INFO - Setting next_dagrun for example_subdag_operator to 2022-01-01 00:00:00+00:00, run_after=2022-01-01 00:00:00+00:00
[2025-07-03T17:59:40.674+0000] {logging_mixin.py:188} INFO - [2025-07-03T17:59:40.673+0000] {dag.py:3823} INFO - Setting next_dagrun for example_subdag_operator.section-1 to None, run_after=None
[2025-07-03T17:59:40.676+0000] {logging_mixin.py:188} INFO - [2025-07-03T17:59:40.676+0000] {dag.py:3823} INFO - Setting next_dagrun for example_subdag_operator.section-2 to None, run_after=None
[2025-07-03T17:59:40.697+0000] {logging_mixin.py:188} INFO - [2025-07-03T17:59:40.697+0000] {dag.py:3036} INFO - Sync 2 DAGs
[2025-07-03T17:59:40.715+0000] {logging_mixin.py:188} INFO - [2025-07-03T17:59:40.715+0000] {dag.py:3823} INFO - Setting next_dagrun for example_subdag_operator.section-1 to None, run_after=None
[2025-07-03T17:59:40.716+0000] {logging_mixin.py:188} INFO - [2025-07-03T17:59:40.716+0000] {dag.py:3823} INFO - Setting next_dagrun for example_subdag_operator.section-2 to None, run_after=None
[2025-07-03T17:59:40.750+0000] {processor.py:183} INFO - Processing /home/airflow/.local/lib/python3.8/site-packages/airflow/example_dags/example_subdag_operator.py took 0.319 seconds
[2025-07-03T18:00:11.180+0000] {processor.py:161} INFO - Started process (PID=3311) to work on /home/airflow/.local/lib/python3.8/site-packages/airflow/example_dags/example_subdag_operator.py
[2025-07-03T18:00:11.190+0000] {processor.py:830} INFO - Processing file /home/airflow/.local/lib/python3.8/site-packages/airflow/example_dags/example_subdag_operator.py for tasks to queue
[2025-07-03T18:00:11.193+0000] {logging_mixin.py:188} INFO - [2025-07-03T18:00:11.192+0000] {dagbag.py:538} INFO - Filling up the DagBag from /home/airflow/.local/lib/python3.8/site-packages/airflow/example_dags/example_subdag_operator.py
[2025-07-03T18:00:11.250+0000] {processor.py:840} INFO - DAG(s) 'example_subdag_operator.section-1', 'example_subdag_operator.section-2', 'example_subdag_operator' retrieved from /home/airflow/.local/lib/python3.8/site-packages/airflow/example_dags/example_subdag_operator.py
[2025-07-03T18:00:11.310+0000] {logging_mixin.py:188} INFO - [2025-07-03T18:00:11.309+0000] {dag.py:3036} INFO - Sync 3 DAGs
[2025-07-03T18:00:11.387+0000] {logging_mixin.py:188} INFO - [2025-07-03T18:00:11.387+0000] {dag.py:3823} INFO - Setting next_dagrun for example_subdag_operator to 2022-01-01 00:00:00+00:00, run_after=2022-01-01 00:00:00+00:00
[2025-07-03T18:00:11.402+0000] {logging_mixin.py:188} INFO - [2025-07-03T18:00:11.401+0000] {dag.py:3823} INFO - Setting next_dagrun for example_subdag_operator.section-1 to None, run_after=None
[2025-07-03T18:00:11.404+0000] {logging_mixin.py:188} INFO - [2025-07-03T18:00:11.404+0000] {dag.py:3823} INFO - Setting next_dagrun for example_subdag_operator.section-2 to None, run_after=None
[2025-07-03T18:00:11.427+0000] {logging_mixin.py:188} INFO - [2025-07-03T18:00:11.426+0000] {dag.py:3036} INFO - Sync 2 DAGs
[2025-07-03T18:00:11.446+0000] {logging_mixin.py:188} INFO - [2025-07-03T18:00:11.445+0000] {dag.py:3823} INFO - Setting next_dagrun for example_subdag_operator.section-1 to None, run_after=None
[2025-07-03T18:00:11.447+0000] {logging_mixin.py:188} INFO - [2025-07-03T18:00:11.447+0000] {dag.py:3823} INFO - Setting next_dagrun for example_subdag_operator.section-2 to None, run_after=None
[2025-07-03T18:00:11.478+0000] {processor.py:183} INFO - Processing /home/airflow/.local/lib/python3.8/site-packages/airflow/example_dags/example_subdag_operator.py took 0.311 seconds
[2025-07-03T18:00:41.926+0000] {processor.py:161} INFO - Started process (PID=3376) to work on /home/airflow/.local/lib/python3.8/site-packages/airflow/example_dags/example_subdag_operator.py
[2025-07-03T18:00:41.933+0000] {processor.py:830} INFO - Processing file /home/airflow/.local/lib/python3.8/site-packages/airflow/example_dags/example_subdag_operator.py for tasks to queue
[2025-07-03T18:00:41.971+0000] {logging_mixin.py:188} INFO - [2025-07-03T18:00:41.970+0000] {dagbag.py:538} INFO - Filling up the DagBag from /home/airflow/.local/lib/python3.8/site-packages/airflow/example_dags/example_subdag_operator.py
[2025-07-03T18:00:42.300+0000] {processor.py:840} INFO - DAG(s) 'example_subdag_operator.section-1', 'example_subdag_operator.section-2', 'example_subdag_operator' retrieved from /home/airflow/.local/lib/python3.8/site-packages/airflow/example_dags/example_subdag_operator.py
[2025-07-03T18:00:42.466+0000] {logging_mixin.py:188} INFO - [2025-07-03T18:00:42.465+0000] {dag.py:3036} INFO - Sync 3 DAGs
[2025-07-03T18:00:43.632+0000] {logging_mixin.py:188} INFO - [2025-07-03T18:00:43.631+0000] {dag.py:3823} INFO - Setting next_dagrun for example_subdag_operator to 2022-01-01 00:00:00+00:00, run_after=2022-01-01 00:00:00+00:00
[2025-07-03T18:00:43.675+0000] {logging_mixin.py:188} INFO - [2025-07-03T18:00:43.675+0000] {dag.py:3823} INFO - Setting next_dagrun for example_subdag_operator.section-1 to None, run_after=None
[2025-07-03T18:00:43.690+0000] {logging_mixin.py:188} INFO - [2025-07-03T18:00:43.689+0000] {dag.py:3823} INFO - Setting next_dagrun for example_subdag_operator.section-2 to None, run_after=None
[2025-07-03T18:00:43.731+0000] {logging_mixin.py:188} INFO - [2025-07-03T18:00:43.730+0000] {dag.py:3036} INFO - Sync 2 DAGs
[2025-07-03T18:00:43.786+0000] {logging_mixin.py:188} INFO - [2025-07-03T18:00:43.785+0000] {dag.py:3823} INFO - Setting next_dagrun for example_subdag_operator.section-1 to None, run_after=None
[2025-07-03T18:00:43.786+0000] {logging_mixin.py:188} INFO - [2025-07-03T18:00:43.786+0000] {dag.py:3823} INFO - Setting next_dagrun for example_subdag_operator.section-2 to None, run_after=None
[2025-07-03T18:00:43.874+0000] {processor.py:183} INFO - Processing /home/airflow/.local/lib/python3.8/site-packages/airflow/example_dags/example_subdag_operator.py took 1.977 seconds
[2025-07-03T18:01:14.677+0000] {processor.py:161} INFO - Started process (PID=3441) to work on /home/airflow/.local/lib/python3.8/site-packages/airflow/example_dags/example_subdag_operator.py
[2025-07-03T18:01:14.681+0000] {processor.py:830} INFO - Processing file /home/airflow/.local/lib/python3.8/site-packages/airflow/example_dags/example_subdag_operator.py for tasks to queue
[2025-07-03T18:01:14.694+0000] {logging_mixin.py:188} INFO - [2025-07-03T18:01:14.693+0000] {dagbag.py:538} INFO - Filling up the DagBag from /home/airflow/.local/lib/python3.8/site-packages/airflow/example_dags/example_subdag_operator.py
[2025-07-03T18:01:14.946+0000] {processor.py:840} INFO - DAG(s) 'example_subdag_operator.section-1', 'example_subdag_operator.section-2', 'example_subdag_operator' retrieved from /home/airflow/.local/lib/python3.8/site-packages/airflow/example_dags/example_subdag_operator.py
[2025-07-03T18:01:15.267+0000] {logging_mixin.py:188} INFO - [2025-07-03T18:01:15.266+0000] {dag.py:3036} INFO - Sync 3 DAGs
[2025-07-03T18:01:15.430+0000] {logging_mixin.py:188} INFO - [2025-07-03T18:01:15.429+0000] {dag.py:3823} INFO - Setting next_dagrun for example_subdag_operator to 2022-01-01 00:00:00+00:00, run_after=2022-01-01 00:00:00+00:00
[2025-07-03T18:01:15.452+0000] {logging_mixin.py:188} INFO - [2025-07-03T18:01:15.452+0000] {dag.py:3823} INFO - Setting next_dagrun for example_subdag_operator.section-1 to None, run_after=None
[2025-07-03T18:01:15.458+0000] {logging_mixin.py:188} INFO - [2025-07-03T18:01:15.457+0000] {dag.py:3823} INFO - Setting next_dagrun for example_subdag_operator.section-2 to None, run_after=None
[2025-07-03T18:01:16.397+0000] {logging_mixin.py:188} INFO - [2025-07-03T18:01:16.397+0000] {dag.py:3036} INFO - Sync 2 DAGs
[2025-07-03T18:01:16.462+0000] {logging_mixin.py:188} INFO - [2025-07-03T18:01:16.461+0000] {dag.py:3823} INFO - Setting next_dagrun for example_subdag_operator.section-1 to None, run_after=None
[2025-07-03T18:01:16.469+0000] {logging_mixin.py:188} INFO - [2025-07-03T18:01:16.469+0000] {dag.py:3823} INFO - Setting next_dagrun for example_subdag_operator.section-2 to None, run_after=None
[2025-07-03T18:01:16.623+0000] {processor.py:183} INFO - Processing /home/airflow/.local/lib/python3.8/site-packages/airflow/example_dags/example_subdag_operator.py took 1.990 seconds
[2025-07-03T18:01:47.459+0000] {processor.py:161} INFO - Started process (PID=3497) to work on /home/airflow/.local/lib/python3.8/site-packages/airflow/example_dags/example_subdag_operator.py
[2025-07-03T18:01:47.528+0000] {processor.py:830} INFO - Processing file /home/airflow/.local/lib/python3.8/site-packages/airflow/example_dags/example_subdag_operator.py for tasks to queue
[2025-07-03T18:01:47.530+0000] {logging_mixin.py:188} INFO - [2025-07-03T18:01:47.530+0000] {dagbag.py:538} INFO - Filling up the DagBag from /home/airflow/.local/lib/python3.8/site-packages/airflow/example_dags/example_subdag_operator.py
[2025-07-03T18:01:47.572+0000] {processor.py:840} INFO - DAG(s) 'example_subdag_operator.section-1', 'example_subdag_operator.section-2', 'example_subdag_operator' retrieved from /home/airflow/.local/lib/python3.8/site-packages/airflow/example_dags/example_subdag_operator.py
[2025-07-03T18:01:47.603+0000] {logging_mixin.py:188} INFO - [2025-07-03T18:01:47.603+0000] {dag.py:3036} INFO - Sync 3 DAGs
[2025-07-03T18:01:47.654+0000] {logging_mixin.py:188} INFO - [2025-07-03T18:01:47.653+0000] {dag.py:3823} INFO - Setting next_dagrun for example_subdag_operator to 2022-01-01 00:00:00+00:00, run_after=2022-01-01 00:00:00+00:00
[2025-07-03T18:01:47.660+0000] {logging_mixin.py:188} INFO - [2025-07-03T18:01:47.660+0000] {dag.py:3823} INFO - Setting next_dagrun for example_subdag_operator.section-1 to None, run_after=None
[2025-07-03T18:01:47.662+0000] {logging_mixin.py:188} INFO - [2025-07-03T18:01:47.662+0000] {dag.py:3823} INFO - Setting next_dagrun for example_subdag_operator.section-2 to None, run_after=None
[2025-07-03T18:01:47.674+0000] {logging_mixin.py:188} INFO - [2025-07-03T18:01:47.674+0000] {dag.py:3036} INFO - Sync 2 DAGs
[2025-07-03T18:01:47.683+0000] {logging_mixin.py:188} INFO - [2025-07-03T18:01:47.683+0000] {dag.py:3823} INFO - Setting next_dagrun for example_subdag_operator.section-1 to None, run_after=None
[2025-07-03T18:01:47.684+0000] {logging_mixin.py:188} INFO - [2025-07-03T18:01:47.684+0000] {dag.py:3823} INFO - Setting next_dagrun for example_subdag_operator.section-2 to None, run_after=None
[2025-07-03T18:01:47.701+0000] {processor.py:183} INFO - Processing /home/airflow/.local/lib/python3.8/site-packages/airflow/example_dags/example_subdag_operator.py took 0.247 seconds
[2025-07-03T18:02:17.893+0000] {processor.py:161} INFO - Started process (PID=3562) to work on /home/airflow/.local/lib/python3.8/site-packages/airflow/example_dags/example_subdag_operator.py
[2025-07-03T18:02:17.895+0000] {processor.py:830} INFO - Processing file /home/airflow/.local/lib/python3.8/site-packages/airflow/example_dags/example_subdag_operator.py for tasks to queue
[2025-07-03T18:02:17.897+0000] {logging_mixin.py:188} INFO - [2025-07-03T18:02:17.897+0000] {dagbag.py:538} INFO - Filling up the DagBag from /home/airflow/.local/lib/python3.8/site-packages/airflow/example_dags/example_subdag_operator.py
[2025-07-03T18:02:17.969+0000] {processor.py:840} INFO - DAG(s) 'example_subdag_operator.section-1', 'example_subdag_operator.section-2', 'example_subdag_operator' retrieved from /home/airflow/.local/lib/python3.8/site-packages/airflow/example_dags/example_subdag_operator.py
[2025-07-03T18:02:18.034+0000] {logging_mixin.py:188} INFO - [2025-07-03T18:02:18.033+0000] {dag.py:3036} INFO - Sync 3 DAGs
[2025-07-03T18:02:18.120+0000] {logging_mixin.py:188} INFO - [2025-07-03T18:02:18.120+0000] {dag.py:3823} INFO - Setting next_dagrun for example_subdag_operator to 2022-01-01 00:00:00+00:00, run_after=2022-01-01 00:00:00+00:00
[2025-07-03T18:02:18.135+0000] {logging_mixin.py:188} INFO - [2025-07-03T18:02:18.134+0000] {dag.py:3823} INFO - Setting next_dagrun for example_subdag_operator.section-1 to None, run_after=None
[2025-07-03T18:02:18.140+0000] {logging_mixin.py:188} INFO - [2025-07-03T18:02:18.139+0000] {dag.py:3823} INFO - Setting next_dagrun for example_subdag_operator.section-2 to None, run_after=None
[2025-07-03T18:02:18.153+0000] {logging_mixin.py:188} INFO - [2025-07-03T18:02:18.153+0000] {dag.py:3036} INFO - Sync 2 DAGs
[2025-07-03T18:02:18.163+0000] {logging_mixin.py:188} INFO - [2025-07-03T18:02:18.163+0000] {dag.py:3823} INFO - Setting next_dagrun for example_subdag_operator.section-1 to None, run_after=None
[2025-07-03T18:02:18.164+0000] {logging_mixin.py:188} INFO - [2025-07-03T18:02:18.164+0000] {dag.py:3823} INFO - Setting next_dagrun for example_subdag_operator.section-2 to None, run_after=None
[2025-07-03T18:02:18.182+0000] {processor.py:183} INFO - Processing /home/airflow/.local/lib/python3.8/site-packages/airflow/example_dags/example_subdag_operator.py took 0.293 seconds
[2025-07-03T18:02:49.220+0000] {processor.py:161} INFO - Started process (PID=3627) to work on /home/airflow/.local/lib/python3.8/site-packages/airflow/example_dags/example_subdag_operator.py
[2025-07-03T18:02:49.233+0000] {processor.py:830} INFO - Processing file /home/airflow/.local/lib/python3.8/site-packages/airflow/example_dags/example_subdag_operator.py for tasks to queue
[2025-07-03T18:02:49.235+0000] {logging_mixin.py:188} INFO - [2025-07-03T18:02:49.235+0000] {dagbag.py:538} INFO - Filling up the DagBag from /home/airflow/.local/lib/python3.8/site-packages/airflow/example_dags/example_subdag_operator.py
[2025-07-03T18:02:49.333+0000] {processor.py:840} INFO - DAG(s) 'example_subdag_operator.section-1', 'example_subdag_operator.section-2', 'example_subdag_operator' retrieved from /home/airflow/.local/lib/python3.8/site-packages/airflow/example_dags/example_subdag_operator.py
[2025-07-03T18:02:49.430+0000] {logging_mixin.py:188} INFO - [2025-07-03T18:02:49.429+0000] {dag.py:3036} INFO - Sync 3 DAGs
[2025-07-03T18:02:50.198+0000] {logging_mixin.py:188} INFO - [2025-07-03T18:02:50.197+0000] {dag.py:3823} INFO - Setting next_dagrun for example_subdag_operator to 2022-01-01 00:00:00+00:00, run_after=2022-01-01 00:00:00+00:00
[2025-07-03T18:02:50.230+0000] {logging_mixin.py:188} INFO - [2025-07-03T18:02:50.229+0000] {dag.py:3823} INFO - Setting next_dagrun for example_subdag_operator.section-1 to None, run_after=None
[2025-07-03T18:02:50.232+0000] {logging_mixin.py:188} INFO - [2025-07-03T18:02:50.232+0000] {dag.py:3823} INFO - Setting next_dagrun for example_subdag_operator.section-2 to None, run_after=None
[2025-07-03T18:02:50.295+0000] {logging_mixin.py:188} INFO - [2025-07-03T18:02:50.294+0000] {dag.py:3036} INFO - Sync 2 DAGs
[2025-07-03T18:02:50.349+0000] {logging_mixin.py:188} INFO - [2025-07-03T18:02:50.349+0000] {dag.py:3823} INFO - Setting next_dagrun for example_subdag_operator.section-1 to None, run_after=None
[2025-07-03T18:02:50.357+0000] {logging_mixin.py:188} INFO - [2025-07-03T18:02:50.357+0000] {dag.py:3823} INFO - Setting next_dagrun for example_subdag_operator.section-2 to None, run_after=None
[2025-07-03T18:02:50.465+0000] {processor.py:183} INFO - Processing /home/airflow/.local/lib/python3.8/site-packages/airflow/example_dags/example_subdag_operator.py took 1.270 seconds
[2025-07-03T18:03:23.541+0000] {processor.py:161} INFO - Started process (PID=3684) to work on /home/airflow/.local/lib/python3.8/site-packages/airflow/example_dags/example_subdag_operator.py
[2025-07-03T18:03:23.557+0000] {processor.py:830} INFO - Processing file /home/airflow/.local/lib/python3.8/site-packages/airflow/example_dags/example_subdag_operator.py for tasks to queue
[2025-07-03T18:03:23.578+0000] {logging_mixin.py:188} INFO - [2025-07-03T18:03:23.577+0000] {dagbag.py:538} INFO - Filling up the DagBag from /home/airflow/.local/lib/python3.8/site-packages/airflow/example_dags/example_subdag_operator.py
[2025-07-03T18:03:23.795+0000] {processor.py:840} INFO - DAG(s) 'example_subdag_operator.section-1', 'example_subdag_operator.section-2', 'example_subdag_operator' retrieved from /home/airflow/.local/lib/python3.8/site-packages/airflow/example_dags/example_subdag_operator.py
[2025-07-03T18:03:24.024+0000] {logging_mixin.py:188} INFO - [2025-07-03T18:03:24.024+0000] {dag.py:3036} INFO - Sync 3 DAGs
[2025-07-03T18:03:24.382+0000] {logging_mixin.py:188} INFO - [2025-07-03T18:03:24.381+0000] {dag.py:3823} INFO - Setting next_dagrun for example_subdag_operator to 2022-01-01 00:00:00+00:00, run_after=2022-01-01 00:00:00+00:00
[2025-07-03T18:03:24.450+0000] {logging_mixin.py:188} INFO - [2025-07-03T18:03:24.450+0000] {dag.py:3823} INFO - Setting next_dagrun for example_subdag_operator.section-1 to None, run_after=None
[2025-07-03T18:03:24.472+0000] {logging_mixin.py:188} INFO - [2025-07-03T18:03:24.471+0000] {dag.py:3823} INFO - Setting next_dagrun for example_subdag_operator.section-2 to None, run_after=None
[2025-07-03T18:03:27.342+0000] {logging_mixin.py:188} INFO - [2025-07-03T18:03:27.342+0000] {dag.py:3036} INFO - Sync 2 DAGs
[2025-07-03T18:03:27.406+0000] {logging_mixin.py:188} INFO - [2025-07-03T18:03:27.405+0000] {dag.py:3823} INFO - Setting next_dagrun for example_subdag_operator.section-1 to None, run_after=None
[2025-07-03T18:03:27.438+0000] {logging_mixin.py:188} INFO - [2025-07-03T18:03:27.438+0000] {dag.py:3823} INFO - Setting next_dagrun for example_subdag_operator.section-2 to None, run_after=None
[2025-07-03T18:03:27.827+0000] {processor.py:183} INFO - Processing /home/airflow/.local/lib/python3.8/site-packages/airflow/example_dags/example_subdag_operator.py took 4.306 seconds
[2025-07-03T18:05:11.037+0000] {processor.py:161} INFO - Started process (PID=3782) to work on /home/airflow/.local/lib/python3.8/site-packages/airflow/example_dags/example_subdag_operator.py
[2025-07-03T18:05:11.074+0000] {processor.py:830} INFO - Processing file /home/airflow/.local/lib/python3.8/site-packages/airflow/example_dags/example_subdag_operator.py for tasks to queue
[2025-07-03T18:05:11.229+0000] {logging_mixin.py:188} INFO - [2025-07-03T18:05:11.228+0000] {dagbag.py:538} INFO - Filling up the DagBag from /home/airflow/.local/lib/python3.8/site-packages/airflow/example_dags/example_subdag_operator.py
[2025-07-03T18:05:12.114+0000] {processor.py:840} INFO - DAG(s) 'example_subdag_operator.section-1', 'example_subdag_operator.section-2', 'example_subdag_operator' retrieved from /home/airflow/.local/lib/python3.8/site-packages/airflow/example_dags/example_subdag_operator.py
[2025-07-03T18:05:12.965+0000] {logging_mixin.py:188} INFO - [2025-07-03T18:05:12.965+0000] {dag.py:3036} INFO - Sync 3 DAGs
[2025-07-03T18:05:13.894+0000] {logging_mixin.py:188} INFO - [2025-07-03T18:05:13.893+0000] {dag.py:3823} INFO - Setting next_dagrun for example_subdag_operator to 2022-01-01 00:00:00+00:00, run_after=2022-01-01 00:00:00+00:00
[2025-07-03T18:05:14.030+0000] {logging_mixin.py:188} INFO - [2025-07-03T18:05:14.030+0000] {dag.py:3823} INFO - Setting next_dagrun for example_subdag_operator.section-1 to None, run_after=None
[2025-07-03T18:05:14.130+0000] {logging_mixin.py:188} INFO - [2025-07-03T18:05:14.129+0000] {dag.py:3823} INFO - Setting next_dagrun for example_subdag_operator.section-2 to None, run_after=None
[2025-07-03T18:05:14.427+0000] {logging_mixin.py:188} INFO - [2025-07-03T18:05:14.426+0000] {dag.py:3036} INFO - Sync 2 DAGs
[2025-07-03T18:05:14.738+0000] {logging_mixin.py:188} INFO - [2025-07-03T18:05:14.737+0000] {dag.py:3823} INFO - Setting next_dagrun for example_subdag_operator.section-1 to None, run_after=None
[2025-07-03T18:05:14.758+0000] {logging_mixin.py:188} INFO - [2025-07-03T18:05:14.757+0000] {dag.py:3823} INFO - Setting next_dagrun for example_subdag_operator.section-2 to None, run_after=None
[2025-07-03T18:05:15.273+0000] {processor.py:183} INFO - Processing /home/airflow/.local/lib/python3.8/site-packages/airflow/example_dags/example_subdag_operator.py took 4.477 seconds
[2025-07-03T18:07:59.277+0000] {processor.py:161} INFO - Started process (PID=3907) to work on /home/airflow/.local/lib/python3.8/site-packages/airflow/example_dags/example_subdag_operator.py
[2025-07-03T18:07:59.327+0000] {processor.py:830} INFO - Processing file /home/airflow/.local/lib/python3.8/site-packages/airflow/example_dags/example_subdag_operator.py for tasks to queue
[2025-07-03T18:07:59.452+0000] {logging_mixin.py:188} INFO - [2025-07-03T18:07:59.368+0000] {dagbag.py:538} INFO - Filling up the DagBag from /home/airflow/.local/lib/python3.8/site-packages/airflow/example_dags/example_subdag_operator.py
[2025-07-03T18:08:00.703+0000] {processor.py:840} INFO - DAG(s) 'example_subdag_operator.section-1', 'example_subdag_operator.section-2', 'example_subdag_operator' retrieved from /home/airflow/.local/lib/python3.8/site-packages/airflow/example_dags/example_subdag_operator.py
[2025-07-03T18:08:02.440+0000] {logging_mixin.py:188} INFO - [2025-07-03T18:08:02.440+0000] {dag.py:3036} INFO - Sync 3 DAGs
[2025-07-03T18:08:04.671+0000] {logging_mixin.py:188} INFO - [2025-07-03T18:08:04.670+0000] {dag.py:3823} INFO - Setting next_dagrun for example_subdag_operator to 2022-01-01 00:00:00+00:00, run_after=2022-01-01 00:00:00+00:00
[2025-07-03T18:08:05.136+0000] {logging_mixin.py:188} INFO - [2025-07-03T18:08:05.135+0000] {dag.py:3823} INFO - Setting next_dagrun for example_subdag_operator.section-1 to None, run_after=None
[2025-07-03T18:08:05.260+0000] {logging_mixin.py:188} INFO - [2025-07-03T18:08:05.255+0000] {dag.py:3823} INFO - Setting next_dagrun for example_subdag_operator.section-2 to None, run_after=None
[2025-07-03T18:08:05.627+0000] {logging_mixin.py:188} INFO - [2025-07-03T18:08:05.627+0000] {dag.py:3036} INFO - Sync 2 DAGs
[2025-07-03T18:08:05.944+0000] {logging_mixin.py:188} INFO - [2025-07-03T18:08:05.944+0000] {dag.py:3823} INFO - Setting next_dagrun for example_subdag_operator.section-1 to None, run_after=None
[2025-07-03T18:08:05.972+0000] {logging_mixin.py:188} INFO - [2025-07-03T18:08:05.972+0000] {dag.py:3823} INFO - Setting next_dagrun for example_subdag_operator.section-2 to None, run_after=None
[2025-07-03T18:08:06.682+0000] {processor.py:183} INFO - Processing /home/airflow/.local/lib/python3.8/site-packages/airflow/example_dags/example_subdag_operator.py took 7.667 seconds
[2025-07-03T18:21:11.213+0000] {processor.py:161} INFO - Started process (PID=101) to work on /home/airflow/.local/lib/python3.8/site-packages/airflow/example_dags/example_subdag_operator.py
[2025-07-03T18:21:11.227+0000] {processor.py:830} INFO - Processing file /home/airflow/.local/lib/python3.8/site-packages/airflow/example_dags/example_subdag_operator.py for tasks to queue
[2025-07-03T18:21:11.230+0000] {logging_mixin.py:188} INFO - [2025-07-03T18:21:11.229+0000] {dagbag.py:538} INFO - Filling up the DagBag from /home/airflow/.local/lib/python3.8/site-packages/airflow/example_dags/example_subdag_operator.py
[2025-07-03T18:21:11.301+0000] {processor.py:840} INFO - DAG(s) 'example_subdag_operator.section-1', 'example_subdag_operator.section-2', 'example_subdag_operator' retrieved from /home/airflow/.local/lib/python3.8/site-packages/airflow/example_dags/example_subdag_operator.py
[2025-07-03T18:21:11.405+0000] {logging_mixin.py:188} INFO - [2025-07-03T18:21:11.404+0000] {dag.py:3036} INFO - Sync 3 DAGs
[2025-07-03T18:21:11.486+0000] {logging_mixin.py:188} INFO - [2025-07-03T18:21:11.485+0000] {dag.py:3823} INFO - Setting next_dagrun for example_subdag_operator to 2022-01-01 00:00:00+00:00, run_after=2022-01-01 00:00:00+00:00
[2025-07-03T18:21:11.498+0000] {logging_mixin.py:188} INFO - [2025-07-03T18:21:11.498+0000] {dag.py:3823} INFO - Setting next_dagrun for example_subdag_operator.section-1 to None, run_after=None
[2025-07-03T18:21:11.503+0000] {logging_mixin.py:188} INFO - [2025-07-03T18:21:11.502+0000] {dag.py:3823} INFO - Setting next_dagrun for example_subdag_operator.section-2 to None, run_after=None
[2025-07-03T18:21:11.550+0000] {logging_mixin.py:188} INFO - [2025-07-03T18:21:11.549+0000] {dag.py:3036} INFO - Sync 2 DAGs
[2025-07-03T18:21:11.572+0000] {logging_mixin.py:188} INFO - [2025-07-03T18:21:11.572+0000] {dag.py:3823} INFO - Setting next_dagrun for example_subdag_operator.section-1 to None, run_after=None
[2025-07-03T18:21:11.573+0000] {logging_mixin.py:188} INFO - [2025-07-03T18:21:11.573+0000] {dag.py:3823} INFO - Setting next_dagrun for example_subdag_operator.section-2 to None, run_after=None
[2025-07-03T18:21:11.606+0000] {processor.py:183} INFO - Processing /home/airflow/.local/lib/python3.8/site-packages/airflow/example_dags/example_subdag_operator.py took 0.398 seconds
[2025-07-03T18:21:41.669+0000] {processor.py:161} INFO - Started process (PID=166) to work on /home/airflow/.local/lib/python3.8/site-packages/airflow/example_dags/example_subdag_operator.py
[2025-07-03T18:21:41.670+0000] {processor.py:830} INFO - Processing file /home/airflow/.local/lib/python3.8/site-packages/airflow/example_dags/example_subdag_operator.py for tasks to queue
[2025-07-03T18:21:41.673+0000] {logging_mixin.py:188} INFO - [2025-07-03T18:21:41.672+0000] {dagbag.py:538} INFO - Filling up the DagBag from /home/airflow/.local/lib/python3.8/site-packages/airflow/example_dags/example_subdag_operator.py
[2025-07-03T18:21:41.710+0000] {processor.py:840} INFO - DAG(s) 'example_subdag_operator.section-1', 'example_subdag_operator.section-2', 'example_subdag_operator' retrieved from /home/airflow/.local/lib/python3.8/site-packages/airflow/example_dags/example_subdag_operator.py
[2025-07-03T18:21:41.739+0000] {logging_mixin.py:188} INFO - [2025-07-03T18:21:41.739+0000] {dag.py:3036} INFO - Sync 3 DAGs
[2025-07-03T18:21:41.780+0000] {logging_mixin.py:188} INFO - [2025-07-03T18:21:41.780+0000] {dag.py:3823} INFO - Setting next_dagrun for example_subdag_operator to 2022-01-01 00:00:00+00:00, run_after=2022-01-01 00:00:00+00:00
[2025-07-03T18:21:41.786+0000] {logging_mixin.py:188} INFO - [2025-07-03T18:21:41.786+0000] {dag.py:3823} INFO - Setting next_dagrun for example_subdag_operator.section-1 to None, run_after=None
[2025-07-03T18:21:41.789+0000] {logging_mixin.py:188} INFO - [2025-07-03T18:21:41.788+0000] {dag.py:3823} INFO - Setting next_dagrun for example_subdag_operator.section-2 to None, run_after=None
[2025-07-03T18:21:41.800+0000] {logging_mixin.py:188} INFO - [2025-07-03T18:21:41.800+0000] {dag.py:3036} INFO - Sync 2 DAGs
[2025-07-03T18:21:41.809+0000] {logging_mixin.py:188} INFO - [2025-07-03T18:21:41.809+0000] {dag.py:3823} INFO - Setting next_dagrun for example_subdag_operator.section-1 to None, run_after=None
[2025-07-03T18:21:41.810+0000] {logging_mixin.py:188} INFO - [2025-07-03T18:21:41.810+0000] {dag.py:3823} INFO - Setting next_dagrun for example_subdag_operator.section-2 to None, run_after=None
[2025-07-03T18:21:41.842+0000] {processor.py:183} INFO - Processing /home/airflow/.local/lib/python3.8/site-packages/airflow/example_dags/example_subdag_operator.py took 0.177 seconds
[2025-07-03T18:22:12.017+0000] {processor.py:161} INFO - Started process (PID=231) to work on /home/airflow/.local/lib/python3.8/site-packages/airflow/example_dags/example_subdag_operator.py
[2025-07-03T18:22:12.019+0000] {processor.py:830} INFO - Processing file /home/airflow/.local/lib/python3.8/site-packages/airflow/example_dags/example_subdag_operator.py for tasks to queue
[2025-07-03T18:22:12.022+0000] {logging_mixin.py:188} INFO - [2025-07-03T18:22:12.021+0000] {dagbag.py:538} INFO - Filling up the DagBag from /home/airflow/.local/lib/python3.8/site-packages/airflow/example_dags/example_subdag_operator.py
[2025-07-03T18:22:12.059+0000] {processor.py:840} INFO - DAG(s) 'example_subdag_operator.section-1', 'example_subdag_operator.section-2', 'example_subdag_operator' retrieved from /home/airflow/.local/lib/python3.8/site-packages/airflow/example_dags/example_subdag_operator.py
[2025-07-03T18:22:12.090+0000] {logging_mixin.py:188} INFO - [2025-07-03T18:22:12.090+0000] {dag.py:3036} INFO - Sync 3 DAGs
[2025-07-03T18:22:12.133+0000] {logging_mixin.py:188} INFO - [2025-07-03T18:22:12.132+0000] {dag.py:3823} INFO - Setting next_dagrun for example_subdag_operator to 2022-01-01 00:00:00+00:00, run_after=2022-01-01 00:00:00+00:00
[2025-07-03T18:22:12.140+0000] {logging_mixin.py:188} INFO - [2025-07-03T18:22:12.139+0000] {dag.py:3823} INFO - Setting next_dagrun for example_subdag_operator.section-1 to None, run_after=None
[2025-07-03T18:22:12.143+0000] {logging_mixin.py:188} INFO - [2025-07-03T18:22:12.142+0000] {dag.py:3823} INFO - Setting next_dagrun for example_subdag_operator.section-2 to None, run_after=None
[2025-07-03T18:22:12.157+0000] {logging_mixin.py:188} INFO - [2025-07-03T18:22:12.157+0000] {dag.py:3036} INFO - Sync 2 DAGs
[2025-07-03T18:22:12.168+0000] {logging_mixin.py:188} INFO - [2025-07-03T18:22:12.168+0000] {dag.py:3823} INFO - Setting next_dagrun for example_subdag_operator.section-1 to None, run_after=None
[2025-07-03T18:22:12.169+0000] {logging_mixin.py:188} INFO - [2025-07-03T18:22:12.169+0000] {dag.py:3823} INFO - Setting next_dagrun for example_subdag_operator.section-2 to None, run_after=None
[2025-07-03T18:22:12.189+0000] {processor.py:183} INFO - Processing /home/airflow/.local/lib/python3.8/site-packages/airflow/example_dags/example_subdag_operator.py took 0.176 seconds
[2025-07-03T18:22:42.572+0000] {processor.py:161} INFO - Started process (PID=297) to work on /home/airflow/.local/lib/python3.8/site-packages/airflow/example_dags/example_subdag_operator.py
[2025-07-03T18:22:42.573+0000] {processor.py:830} INFO - Processing file /home/airflow/.local/lib/python3.8/site-packages/airflow/example_dags/example_subdag_operator.py for tasks to queue
[2025-07-03T18:22:42.575+0000] {logging_mixin.py:188} INFO - [2025-07-03T18:22:42.574+0000] {dagbag.py:538} INFO - Filling up the DagBag from /home/airflow/.local/lib/python3.8/site-packages/airflow/example_dags/example_subdag_operator.py
[2025-07-03T18:22:42.606+0000] {processor.py:840} INFO - DAG(s) 'example_subdag_operator.section-1', 'example_subdag_operator.section-2', 'example_subdag_operator' retrieved from /home/airflow/.local/lib/python3.8/site-packages/airflow/example_dags/example_subdag_operator.py
[2025-07-03T18:22:42.629+0000] {logging_mixin.py:188} INFO - [2025-07-03T18:22:42.628+0000] {dag.py:3036} INFO - Sync 3 DAGs
[2025-07-03T18:22:42.659+0000] {logging_mixin.py:188} INFO - [2025-07-03T18:22:42.659+0000] {dag.py:3823} INFO - Setting next_dagrun for example_subdag_operator to 2022-01-01 00:00:00+00:00, run_after=2022-01-01 00:00:00+00:00
[2025-07-03T18:22:42.665+0000] {logging_mixin.py:188} INFO - [2025-07-03T18:22:42.664+0000] {dag.py:3823} INFO - Setting next_dagrun for example_subdag_operator.section-1 to None, run_after=None
[2025-07-03T18:22:42.666+0000] {logging_mixin.py:188} INFO - [2025-07-03T18:22:42.666+0000] {dag.py:3823} INFO - Setting next_dagrun for example_subdag_operator.section-2 to None, run_after=None
[2025-07-03T18:22:42.676+0000] {logging_mixin.py:188} INFO - [2025-07-03T18:22:42.675+0000] {dag.py:3036} INFO - Sync 2 DAGs
[2025-07-03T18:22:42.683+0000] {logging_mixin.py:188} INFO - [2025-07-03T18:22:42.683+0000] {dag.py:3823} INFO - Setting next_dagrun for example_subdag_operator.section-1 to None, run_after=None
[2025-07-03T18:22:42.684+0000] {logging_mixin.py:188} INFO - [2025-07-03T18:22:42.683+0000] {dag.py:3823} INFO - Setting next_dagrun for example_subdag_operator.section-2 to None, run_after=None
[2025-07-03T18:22:42.698+0000] {processor.py:183} INFO - Processing /home/airflow/.local/lib/python3.8/site-packages/airflow/example_dags/example_subdag_operator.py took 0.130 seconds
[2025-07-03T18:23:12.927+0000] {processor.py:161} INFO - Started process (PID=363) to work on /home/airflow/.local/lib/python3.8/site-packages/airflow/example_dags/example_subdag_operator.py
[2025-07-03T18:23:12.929+0000] {processor.py:830} INFO - Processing file /home/airflow/.local/lib/python3.8/site-packages/airflow/example_dags/example_subdag_operator.py for tasks to queue
[2025-07-03T18:23:12.931+0000] {logging_mixin.py:188} INFO - [2025-07-03T18:23:12.931+0000] {dagbag.py:538} INFO - Filling up the DagBag from /home/airflow/.local/lib/python3.8/site-packages/airflow/example_dags/example_subdag_operator.py
[2025-07-03T18:23:12.970+0000] {processor.py:840} INFO - DAG(s) 'example_subdag_operator.section-1', 'example_subdag_operator.section-2', 'example_subdag_operator' retrieved from /home/airflow/.local/lib/python3.8/site-packages/airflow/example_dags/example_subdag_operator.py
[2025-07-03T18:23:13.001+0000] {logging_mixin.py:188} INFO - [2025-07-03T18:23:13.000+0000] {dag.py:3036} INFO - Sync 3 DAGs
[2025-07-03T18:23:13.039+0000] {logging_mixin.py:188} INFO - [2025-07-03T18:23:13.038+0000] {dag.py:3823} INFO - Setting next_dagrun for example_subdag_operator to 2022-01-01 00:00:00+00:00, run_after=2022-01-01 00:00:00+00:00
[2025-07-03T18:23:13.045+0000] {logging_mixin.py:188} INFO - [2025-07-03T18:23:13.044+0000] {dag.py:3823} INFO - Setting next_dagrun for example_subdag_operator.section-1 to None, run_after=None
[2025-07-03T18:23:13.047+0000] {logging_mixin.py:188} INFO - [2025-07-03T18:23:13.047+0000] {dag.py:3823} INFO - Setting next_dagrun for example_subdag_operator.section-2 to None, run_after=None
[2025-07-03T18:23:13.059+0000] {logging_mixin.py:188} INFO - [2025-07-03T18:23:13.059+0000] {dag.py:3036} INFO - Sync 2 DAGs
[2025-07-03T18:23:13.070+0000] {logging_mixin.py:188} INFO - [2025-07-03T18:23:13.070+0000] {dag.py:3823} INFO - Setting next_dagrun for example_subdag_operator.section-1 to None, run_after=None
[2025-07-03T18:23:13.072+0000] {logging_mixin.py:188} INFO - [2025-07-03T18:23:13.071+0000] {dag.py:3823} INFO - Setting next_dagrun for example_subdag_operator.section-2 to None, run_after=None
[2025-07-03T18:23:13.090+0000] {processor.py:183} INFO - Processing /home/airflow/.local/lib/python3.8/site-packages/airflow/example_dags/example_subdag_operator.py took 0.167 seconds
[2025-07-03T18:23:43.298+0000] {processor.py:161} INFO - Started process (PID=428) to work on /home/airflow/.local/lib/python3.8/site-packages/airflow/example_dags/example_subdag_operator.py
[2025-07-03T18:23:43.300+0000] {processor.py:830} INFO - Processing file /home/airflow/.local/lib/python3.8/site-packages/airflow/example_dags/example_subdag_operator.py for tasks to queue
[2025-07-03T18:23:43.302+0000] {logging_mixin.py:188} INFO - [2025-07-03T18:23:43.302+0000] {dagbag.py:538} INFO - Filling up the DagBag from /home/airflow/.local/lib/python3.8/site-packages/airflow/example_dags/example_subdag_operator.py
[2025-07-03T18:23:43.342+0000] {processor.py:840} INFO - DAG(s) 'example_subdag_operator.section-1', 'example_subdag_operator.section-2', 'example_subdag_operator' retrieved from /home/airflow/.local/lib/python3.8/site-packages/airflow/example_dags/example_subdag_operator.py
[2025-07-03T18:23:43.373+0000] {logging_mixin.py:188} INFO - [2025-07-03T18:23:43.372+0000] {dag.py:3036} INFO - Sync 3 DAGs
[2025-07-03T18:23:43.413+0000] {logging_mixin.py:188} INFO - [2025-07-03T18:23:43.413+0000] {dag.py:3823} INFO - Setting next_dagrun for example_subdag_operator to 2022-01-01 00:00:00+00:00, run_after=2022-01-01 00:00:00+00:00
[2025-07-03T18:23:43.420+0000] {logging_mixin.py:188} INFO - [2025-07-03T18:23:43.419+0000] {dag.py:3823} INFO - Setting next_dagrun for example_subdag_operator.section-1 to None, run_after=None
[2025-07-03T18:23:43.422+0000] {logging_mixin.py:188} INFO - [2025-07-03T18:23:43.422+0000] {dag.py:3823} INFO - Setting next_dagrun for example_subdag_operator.section-2 to None, run_after=None
[2025-07-03T18:23:43.436+0000] {logging_mixin.py:188} INFO - [2025-07-03T18:23:43.435+0000] {dag.py:3036} INFO - Sync 2 DAGs
[2025-07-03T18:23:43.447+0000] {logging_mixin.py:188} INFO - [2025-07-03T18:23:43.446+0000] {dag.py:3823} INFO - Setting next_dagrun for example_subdag_operator.section-1 to None, run_after=None
[2025-07-03T18:23:43.447+0000] {logging_mixin.py:188} INFO - [2025-07-03T18:23:43.447+0000] {dag.py:3823} INFO - Setting next_dagrun for example_subdag_operator.section-2 to None, run_after=None
[2025-07-03T18:23:43.465+0000] {processor.py:183} INFO - Processing /home/airflow/.local/lib/python3.8/site-packages/airflow/example_dags/example_subdag_operator.py took 0.171 seconds
[2025-07-03T18:24:13.624+0000] {processor.py:161} INFO - Started process (PID=494) to work on /home/airflow/.local/lib/python3.8/site-packages/airflow/example_dags/example_subdag_operator.py
[2025-07-03T18:24:13.627+0000] {processor.py:830} INFO - Processing file /home/airflow/.local/lib/python3.8/site-packages/airflow/example_dags/example_subdag_operator.py for tasks to queue
[2025-07-03T18:24:13.629+0000] {logging_mixin.py:188} INFO - [2025-07-03T18:24:13.629+0000] {dagbag.py:538} INFO - Filling up the DagBag from /home/airflow/.local/lib/python3.8/site-packages/airflow/example_dags/example_subdag_operator.py
[2025-07-03T18:24:13.691+0000] {processor.py:840} INFO - DAG(s) 'example_subdag_operator.section-1', 'example_subdag_operator.section-2', 'example_subdag_operator' retrieved from /home/airflow/.local/lib/python3.8/site-packages/airflow/example_dags/example_subdag_operator.py
[2025-07-03T18:24:13.748+0000] {logging_mixin.py:188} INFO - [2025-07-03T18:24:13.747+0000] {dag.py:3036} INFO - Sync 3 DAGs
[2025-07-03T18:24:13.815+0000] {logging_mixin.py:188} INFO - [2025-07-03T18:24:13.815+0000] {dag.py:3823} INFO - Setting next_dagrun for example_subdag_operator to 2022-01-01 00:00:00+00:00, run_after=2022-01-01 00:00:00+00:00
[2025-07-03T18:24:13.822+0000] {logging_mixin.py:188} INFO - [2025-07-03T18:24:13.821+0000] {dag.py:3823} INFO - Setting next_dagrun for example_subdag_operator.section-1 to None, run_after=None
[2025-07-03T18:24:13.824+0000] {logging_mixin.py:188} INFO - [2025-07-03T18:24:13.824+0000] {dag.py:3823} INFO - Setting next_dagrun for example_subdag_operator.section-2 to None, run_after=None
[2025-07-03T18:24:13.839+0000] {logging_mixin.py:188} INFO - [2025-07-03T18:24:13.838+0000] {dag.py:3036} INFO - Sync 2 DAGs
[2025-07-03T18:24:13.855+0000] {logging_mixin.py:188} INFO - [2025-07-03T18:24:13.855+0000] {dag.py:3823} INFO - Setting next_dagrun for example_subdag_operator.section-1 to None, run_after=None
[2025-07-03T18:24:13.864+0000] {logging_mixin.py:188} INFO - [2025-07-03T18:24:13.863+0000] {dag.py:3823} INFO - Setting next_dagrun for example_subdag_operator.section-2 to None, run_after=None
[2025-07-03T18:24:13.896+0000] {processor.py:183} INFO - Processing /home/airflow/.local/lib/python3.8/site-packages/airflow/example_dags/example_subdag_operator.py took 0.287 seconds
